flow_id,true_label,sigma_fraction,shap_jaccard5,lime_jaccard5,pred_changed
172,DoS attacks-SlowHTTPTest,0.01,0.42857142857142855,0.0,True
731,SSH-Bruteforce,0.01,0.42857142857142855,0.0,True
787,DoS attacks-SlowHTTPTest,0.01,0.6666666666666666,0.42857142857142855,True
1256,Infilteration,0.01,0.1111111111111111,0.25,True
1582,Brute Force -Web,0.01,0.42857142857142855,0.1111111111111111,True
3338,DoS attacks-Hulk,0.01,0.42857142857142855,0.1111111111111111,True
3495,DoS attacks-Hulk,0.01,0.42857142857142855,0.1111111111111111,True
3770,DDoS attacks-LOIC-HTTP,0.01,0.25,0.1111111111111111,True
3784,DDoS attacks-LOIC-HTTP,0.01,0.25,0.0,True
4054,Brute Force -Web,0.01,1.0,0.0,True
4327,DoS attacks-Slowloris,0.01,0.6666666666666666,0.6666666666666666,False
4463,DDOS attack-HOIC,0.01,1.0,0.25,True
4725,Brute Force -XSS,0.01,0.6666666666666666,1.0,True
5100,SSH-Bruteforce,0.01,0.42857142857142855,0.6666666666666666,True
5906,DoS attacks-Hulk,0.01,0.42857142857142855,0.1111111111111111,True
6234,FTP-BruteForce,0.01,0.6666666666666666,0.6666666666666666,False
8793,DDoS attacks-LOIC-HTTP,0.01,0.42857142857142855,0.6666666666666666,True
8844,DoS attacks-GoldenEye,0.01,0.6666666666666666,0.25,False
9514,DDOS attack-HOIC,0.01,1.0,0.42857142857142855,False
10459,DDoS attacks-LOIC-HTTP,0.01,0.25,0.0,True
11309,Brute Force -Web,0.01,0.6666666666666666,1.0,True
11329,DDoS attacks-LOIC-HTTP,0.01,0.25,0.0,True
11840,DoS attacks-Slowloris,0.01,0.6666666666666666,0.6666666666666666,False
11950,DDOS attack-HOIC,0.01,0.6666666666666666,0.25,True
12033,DDOS attack-HOIC,0.01,0.6666666666666666,0.1111111111111111,True
12163,DoS attacks-GoldenEye,0.01,0.6666666666666666,0.1111111111111111,False
12365,Brute Force -Web,0.01,0.6666666666666666,0.6666666666666666,True
13242,Infilteration,0.01,0.25,0.25,True
13566,DoS attacks-Slowloris,0.01,0.42857142857142855,1.0,False
13946,DoS attacks-SlowHTTPTest,0.01,0.42857142857142855,0.1111111111111111,True
14215,Bot,0.01,0.25,0.1111111111111111,True
15658,Brute Force -XSS,0.01,1.0,1.0,True
15924,SSH-Bruteforce,0.01,0.25,0.6666666666666666,True
16366,Bot,0.01,0.1111111111111111,0.0,True
17100,DDOS attack-HOIC,0.01,0.6666666666666666,0.25,True
17227,DoS attacks-Slowloris,0.01,0.6666666666666666,0.0,True
17228,DDOS attack-HOIC,0.01,0.6666666666666666,0.42857142857142855,True
17231,DDoS attacks-LOIC-HTTP,0.01,0.42857142857142855,0.0,True
17866,DDOS attack-LOIC-UDP,0.01,0.42857142857142855,1.0,True
18255,SSH-Bruteforce,0.01,0.42857142857142855,0.0,True
18302,DoS attacks-SlowHTTPTest,0.01,0.6666666666666666,0.0,True
19068,Brute Force -XSS,0.01,1.0,1.0,True
20056,Brute Force -XSS,0.01,1.0,1.0,True
20734,DDoS attacks-LOIC-HTTP,0.01,0.6666666666666666,0.25,False
20903,DoS attacks-SlowHTTPTest,0.01,0.6666666666666666,0.25,True
20922,Brute Force -Web,0.01,0.42857142857142855,0.25,True
22508,SSH-Bruteforce,0.01,0.42857142857142855,0.42857142857142855,False
22780,FTP-BruteForce,0.01,0.42857142857142855,0.1111111111111111,True
24518,DoS attacks-Slowloris,0.01,0.42857142857142855,0.1111111111111111,True
25577,DDoS attacks-LOIC-HTTP,0.01,0.42857142857142855,0.42857142857142855,False
26103,DoS attacks-Hulk,0.01,0.42857142857142855,0.1111111111111111,True
26400,Infilteration,0.01,0.1111111111111111,0.42857142857142855,True
26662,Brute Force -Web,0.01,0.6666666666666666,0.25,True
27402,SSH-Bruteforce,0.01,0.42857142857142855,0.1111111111111111,True
27421,Brute Force -XSS,0.01,0.6666666666666666,1.0,True
27685,DoS attacks-SlowHTTPTest,0.01,0.6666666666666666,0.1111111111111111,True
28493,DDoS attacks-LOIC-HTTP,0.01,0.42857142857142855,0.1111111111111111,True
28878,DoS attacks-Hulk,0.01,0.42857142857142855,0.1111111111111111,True
29535,Brute Force -Web,0.01,0.6666666666666666,1.0,True
30186,DoS attacks-Slowloris,0.01,0.42857142857142855,0.6666666666666666,False
30316,DDoS attacks-LOIC-HTTP,0.01,0.42857142857142855,0.1111111111111111,True
30494,Benign,0.01,0.42857142857142855,0.0,False
30548,Bot,0.01,0.25,0.1111111111111111,True
30861,DDoS attacks-LOIC-HTTP,0.01,0.25,0.0,True
31235,DoS attacks-Slowloris,0.01,0.6666666666666666,0.42857142857142855,False
31263,FTP-BruteForce,0.01,0.42857142857142855,1.0,True
32293,FTP-BruteForce,0.01,0.6666666666666666,0.6666666666666666,False
33069,DoS attacks-GoldenEye,0.01,0.25,0.25,True
33734,DoS attacks-SlowHTTPTest,0.01,0.6666666666666666,0.0,True
34218,DoS attacks-Hulk,0.01,0.42857142857142855,0.1111111111111111,True
34372,DoS attacks-Hulk,0.01,0.42857142857142855,0.1111111111111111,True
35169,DoS attacks-SlowHTTPTest,0.01,0.42857142857142855,0.0,True
35834,DDoS attacks-LOIC-HTTP,0.01,0.42857142857142855,0.0,True
35910,SSH-Bruteforce,0.01,0.42857142857142855,0.0,True
36718,DDoS attacks-LOIC-HTTP,0.01,0.25,0.0,True
36840,DoS attacks-Slowloris,0.01,0.42857142857142855,1.0,False
37957,DoS attacks-SlowHTTPTest,0.01,0.6666666666666666,0.1111111111111111,True
38600,DoS attacks-Hulk,0.01,0.42857142857142855,0.1111111111111111,True
39107,FTP-BruteForce,0.01,0.25,0.25,True
39719,DDoS attacks-LOIC-HTTP,0.01,0.42857142857142855,0.0,True
40324,Brute Force -XSS,0.01,1.0,1.0,True
40556,DoS attacks-SlowHTTPTest,0.01,0.6666666666666666,0.0,True
40715,DDOS attack-LOIC-UDP,0.01,0.42857142857142855,1.0,False
40737,DoS attacks-SlowHTTPTest,0.01,0.6666666666666666,0.0,True
42573,Brute Force -Web,0.01,0.42857142857142855,0.0,True
43708,Infilteration,0.01,0.42857142857142855,0.6666666666666666,True
43950,DoS attacks-GoldenEye,0.01,1.0,0.1111111111111111,True
43974,DoS attacks-GoldenEye,0.01,0.6666666666666666,0.25,False
44610,Benign,0.01,0.42857142857142855,1.0,False
45214,FTP-BruteForce,0.01,0.25,0.6666666666666666,True
46168,SQL Injection,0.01,0.6666666666666666,0.25,True
46299,Bot,0.01,0.25,0.1111111111111111,True
47530,Benign,0.01,0.6666666666666666,0.6666666666666666,False
47891,SSH-Bruteforce,0.01,0.42857142857142855,0.25,True
49274,DoS attacks-GoldenEye,0.01,0.25,0.42857142857142855,True
49460,DDOS attack-LOIC-UDP,0.01,0.42857142857142855,1.0,False
49728,Brute Force -Web,0.01,0.6666666666666666,1.0,True
51095,Infilteration,0.01,0.25,0.25,True
51763,DoS attacks-Hulk,0.01,0.42857142857142855,0.25,True
51801,DoS attacks-Hulk,0.01,0.42857142857142855,0.1111111111111111,True
52018,FTP-BruteForce,0.01,0.42857142857142855,0.0,True
52279,DoS attacks-GoldenEye,0.01,0.25,0.1111111111111111,True
53520,Benign,0.01,0.6666666666666666,0.25,False
53684,DoS attacks-Slowloris,0.01,0.6666666666666666,1.0,False
54695,DoS attacks-SlowHTTPTest,0.01,0.42857142857142855,0.1111111111111111,True
55668,DoS attacks-GoldenEye,0.01,0.42857142857142855,0.25,False
55705,DoS attacks-GoldenEye,0.01,0.6666666666666666,0.1111111111111111,True
56007,DDOS attack-HOIC,0.01,0.6666666666666666,0.0,True
56226,Bot,0.01,0.25,0.1111111111111111,True
57617,DoS attacks-SlowHTTPTest,0.01,0.6666666666666666,0.1111111111111111,True
58379,DDOS attack-LOIC-UDP,0.01,0.42857142857142855,1.0,False
58667,DDOS attack-HOIC,0.01,0.6666666666666666,0.0,True
59083,DDoS attacks-LOIC-HTTP,0.01,0.25,0.0,True
59199,Bot,0.01,0.25,0.0,True
59482,DoS attacks-Hulk,0.01,0.25,0.1111111111111111,True
60176,Benign,0.01,0.6666666666666666,0.42857142857142855,False
60182,Bot,0.01,0.25,0.1111111111111111,True
60281,Infilteration,0.01,0.1111111111111111,0.25,True
60571,FTP-BruteForce,0.01,0.42857142857142855,0.42857142857142855,False
61813,Infilteration,0.01,0.25,0.25,True
61835,DoS attacks-SlowHTTPTest,0.01,0.6666666666666666,0.1111111111111111,True
61906,DDoS attacks-LOIC-HTTP,0.01,0.42857142857142855,0.0,True
62489,DoS attacks-Slowloris,0.01,0.6666666666666666,0.1111111111111111,True
62513,Benign,0.01,0.6666666666666666,0.6666666666666666,False
63228,Brute Force -Web,0.01,0.6666666666666666,0.1111111111111111,True
63272,DoS attacks-SlowHTTPTest,0.01,0.6666666666666666,0.0,True
64517,Benign,0.01,0.6666666666666666,0.6666666666666666,False
65838,SSH-Bruteforce,0.01,0.42857142857142855,0.0,True
65934,Benign,0.01,0.42857142857142855,0.42857142857142855,False
65936,FTP-BruteForce,0.01,0.6666666666666666,0.1111111111111111,True
66016,DDOS attack-LOIC-UDP,0.01,0.25,1.0,False
67293,Bot,0.01,0.25,0.42857142857142855,False
68038,Benign,0.01,0.42857142857142855,0.6666666666666666,False
68427,Brute Force -Web,0.01,0.6666666666666666,0.0,True
68687,Bot,0.01,0.42857142857142855,0.25,False
68799,SQL Injection,0.01,0.6666666666666666,0.42857142857142855,True
68943,DDoS attacks-LOIC-HTTP,0.01,0.25,0.0,True
71814,DoS attacks-Hulk,0.01,0.42857142857142855,0.42857142857142855,True
71892,DoS attacks-Slowloris,0.01,0.6666666666666666,1.0,True
71950,FTP-BruteForce,0.01,0.6666666666666666,0.25,True
72271,DoS attacks-Slowloris,0.01,0.6666666666666666,0.6666666666666666,False
73232,SSH-Bruteforce,0.01,0.42857142857142855,0.0,True
73472,DDoS attacks-LOIC-HTTP,0.01,0.42857142857142855,0.0,True
73683,Bot,0.01,0.25,0.0,True
73788,DDOS attack-HOIC,0.01,1.0,0.0,True
73809,DoS attacks-Slowloris,0.01,0.6666666666666666,1.0,False
74167,DDOS attack-LOIC-UDP,0.01,0.42857142857142855,1.0,True
75338,DoS attacks-SlowHTTPTest,0.01,0.6666666666666666,0.0,True
75549,DoS attacks-Hulk,0.01,0.42857142857142855,0.1111111111111111,True
75572,FTP-BruteForce,0.01,0.6666666666666666,0.1111111111111111,True
76102,DDOS attack-HOIC,0.01,0.6666666666666666,0.1111111111111111,True
76339,SSH-Bruteforce,0.01,0.25,0.1111111111111111,True
76413,DoS attacks-Slowloris,0.01,0.6666666666666666,1.0,False
76824,DDoS attacks-LOIC-HTTP,0.01,0.25,0.0,True
76830,DDOS attack-LOIC-UDP,0.01,0.42857142857142855,1.0,False
76953,DoS attacks-Hulk,0.01,0.6666666666666666,0.25,True
77078,FTP-BruteForce,0.01,0.6666666666666666,0.6666666666666666,False
78286,SSH-Bruteforce,0.01,0.42857142857142855,0.0,True
78437,DoS attacks-SlowHTTPTest,0.01,0.6666666666666666,0.0,True
78606,FTP-BruteForce,0.01,0.6666666666666666,0.42857142857142855,True
78836,SSH-Bruteforce,0.01,0.6666666666666666,0.1111111111111111,True
79267,DDoS attacks-LOIC-HTTP,0.01,0.25,0.0,True
79772,FTP-BruteForce,0.01,0.6666666666666666,0.6666666666666666,False
79875,DoS attacks-Hulk,0.01,0.42857142857142855,0.25,True
80453,DoS attacks-Slowloris,0.01,0.6666666666666666,0.6666666666666666,True
80517,DoS attacks-GoldenEye,0.01,1.0,0.1111111111111111,True
80796,FTP-BruteForce,0.01,0.25,1.0,True
80989,SSH-Bruteforce,0.01,0.42857142857142855,0.25,True
82741,DDOS attack-HOIC,0.01,0.6666666666666666,0.1111111111111111,True
83758,DDoS attacks-LOIC-HTTP,0.01,0.42857142857142855,0.0,True
84004,DoS attacks-GoldenEye,0.01,1.0,0.1111111111111111,True
84451,DDOS attack-HOIC,0.01,0.6666666666666666,0.0,True
84596,Infilteration,0.01,0.6666666666666666,0.25,True
85099,Infilteration,0.01,0.6666666666666666,0.25,True
85863,DoS attacks-Slowloris,0.01,0.6666666666666666,1.0,False
85907,DDOS attack-HOIC,0.01,0.6666666666666666,0.0,True
86164,Brute Force -Web,0.01,0.6666666666666666,0.1111111111111111,True
86714,DoS attacks-Hulk,0.01,0.6666666666666666,0.1111111111111111,True
87301,DDoS attacks-LOIC-HTTP,0.01,0.42857142857142855,0.0,True
87407,FTP-BruteForce,0.01,0.25,0.0,True
88694,DoS attacks-SlowHTTPTest,0.01,0.42857142857142855,0.42857142857142855,True
88816,Brute Force -Web,0.01,0.6666666666666666,1.0,False
89606,Benign,0.01,0.42857142857142855,0.25,False
89689,DoS attacks-Slowloris,0.01,1.0,1.0,False
89871,DoS attacks-GoldenEye,0.01,0.42857142857142855,0.42857142857142855,False
90062,DDOS attack-LOIC-UDP,0.01,0.42857142857142855,1.0,False
90422,FTP-BruteForce,0.01,0.42857142857142855,0.42857142857142855,True
90591,Infilteration,0.01,0.1111111111111111,0.25,False
90799,DDOS attack-HOIC,0.01,0.6666666666666666,0.0,True
90855,Benign,0.01,0.42857142857142855,0.6666666666666666,False
90935,SSH-Bruteforce,0.01,0.6666666666666666,0.42857142857142855,False
91287,DDOS attack-HOIC,0.01,1.0,0.1111111111111111,True
91415,Bot,0.01,0.25,0.25,True
91509,DDOS attack-HOIC,0.01,0.42857142857142855,0.42857142857142855,True
92264,Brute Force -Web,0.01,0.6666666666666666,0.0,True
92992,DoS attacks-SlowHTTPTest,0.01,0.42857142857142855,0.42857142857142855,True
92995,DoS attacks-SlowHTTPTest,0.01,0.42857142857142855,0.42857142857142855,True
93768,SSH-Bruteforce,0.01,0.42857142857142855,0.25,True
93921,DDOS attack-LOIC-UDP,0.01,0.42857142857142855,1.0,False
95197,DDOS attack-LOIC-UDP,0.01,0.6666666666666666,1.0,False
95302,DDoS attacks-LOIC-HTTP,0.01,0.25,0.0,True
95359,DoS attacks-SlowHTTPTest,0.01,0.6666666666666666,0.1111111111111111,True
97056,FTP-BruteForce,0.01,0.6666666666666666,0.6666666666666666,True
97201,DDOS attack-HOIC,0.01,1.0,0.1111111111111111,True
97722,Benign,0.01,0.6666666666666666,0.6666666666666666,False
97857,DoS attacks-Slowloris,0.01,0.42857142857142855,0.1111111111111111,True
99470,DoS attacks-Slowloris,0.01,0.42857142857142855,0.25,True
99536,DoS attacks-SlowHTTPTest,0.01,0.42857142857142855,0.42857142857142855,True
99758,Bot,0.01,0.42857142857142855,0.0,True
99906,DDOS attack-HOIC,0.01,0.6666666666666666,0.0,True
100125,DDoS attacks-LOIC-HTTP,0.01,0.25,0.1111111111111111,True
100178,FTP-BruteForce,0.01,0.6666666666666666,0.1111111111111111,True
100769,Brute Force -Web,0.01,0.6666666666666666,0.1111111111111111,True
101190,DoS attacks-GoldenEye,0.01,0.6666666666666666,0.25,True
101923,DoS attacks-GoldenEye,0.01,0.42857142857142855,0.1111111111111111,True
102683,Bot,0.01,0.42857142857142855,0.1111111111111111,True
102716,DoS attacks-Slowloris,0.01,1.0,1.0,False
103226,DDOS attack-HOIC,0.01,0.6666666666666666,0.25,True
103531,SSH-Bruteforce,0.01,0.25,0.0,True
103742,Brute Force -Web,0.01,0.6666666666666666,1.0,True
104432,Infilteration,0.01,0.42857142857142855,0.0,True
104560,DoS attacks-Slowloris,0.01,0.6666666666666666,0.1111111111111111,True
104902,Infilteration,0.01,0.25,0.25,True
105028,SSH-Bruteforce,0.01,0.25,0.0,True
107048,DDOS attack-LOIC-UDP,0.01,0.6666666666666666,1.0,False
107435,Bot,0.01,0.25,0.1111111111111111,True
107842,Benign,0.01,0.6666666666666666,0.0,False
108152,DoS attacks-GoldenEye,0.01,0.25,0.1111111111111111,True
108384,DoS attacks-Hulk,0.01,0.42857142857142855,0.1111111111111111,True
108720,Brute Force -XSS,0.01,0.6666666666666666,0.1111111111111111,True
108966,DDoS attacks-LOIC-HTTP,0.01,0.42857142857142855,0.1111111111111111,True
109587,DDoS attacks-LOIC-HTTP,0.01,0.42857142857142855,0.1111111111111111,True
111646,SSH-Bruteforce,0.01,0.42857142857142855,0.1111111111111111,True
112373,Benign,0.01,0.42857142857142855,1.0,False
112569,DoS attacks-Slowloris,0.01,0.42857142857142855,0.6666666666666666,False
113993,Bot,0.01,0.25,0.0,True
114902,DoS attacks-GoldenEye,0.01,0.42857142857142855,0.6666666666666666,True
115506,Benign,0.01,0.6666666666666666,0.6666666666666666,False
115924,DDOS attack-HOIC,0.01,0.6666666666666666,0.0,True
116628,DoS attacks-GoldenEye,0.01,0.42857142857142855,0.25,False
117969,SSH-Bruteforce,0.01,0.42857142857142855,0.1111111111111111,True
118320,DDOS attack-LOIC-UDP,0.01,0.42857142857142855,1.0,False
118636,FTP-BruteForce,0.01,0.42857142857142855,0.25,True
118743,DoS attacks-SlowHTTPTest,0.01,0.6666666666666666,0.0,True
119061,SSH-Bruteforce,0.01,0.6666666666666666,0.42857142857142855,False
119106,DoS attacks-GoldenEye,0.01,0.6666666666666666,0.42857142857142855,False
119747,Bot,0.01,0.42857142857142855,0.1111111111111111,True
119755,DoS attacks-Slowloris,0.01,0.6666666666666666,0.6666666666666666,False
120795,Infilteration,0.01,0.25,0.42857142857142855,True
120899,DoS attacks-Slowloris,0.01,0.42857142857142855,0.6666666666666666,False
121133,FTP-BruteForce,0.01,0.6666666666666666,0.0,True
121969,DDOS attack-HOIC,0.01,0.6666666666666666,0.1111111111111111,True
122839,Infilteration,0.01,0.42857142857142855,0.6666666666666666,False
122949,Bot,0.01,0.42857142857142855,0.1111111111111111,True
123798,DDOS attack-LOIC-UDP,0.01,0.42857142857142855,1.0,False
123816,Bot,0.01,0.25,0.42857142857142855,False
126309,Bot,0.01,0.25,0.1111111111111111,True
126974,DDOS attack-HOIC,0.01,0.6666666666666666,0.1111111111111111,True
127729,Benign,0.01,0.42857142857142855,0.0,False
129405,SSH-Bruteforce,0.01,0.6666666666666666,0.42857142857142855,False
129571,DDOS attack-LOIC-UDP,0.01,0.42857142857142855,1.0,False
131380,DDOS attack-LOIC-UDP,0.01,0.42857142857142855,1.0,False
131385,FTP-BruteForce,0.01,0.6666666666666666,0.25,False
131703,Brute Force -XSS,0.01,0.42857142857142855,0.0,True
132105,DoS attacks-SlowHTTPTest,0.01,0.42857142857142855,0.0,True
132210,Bot,0.01,0.42857142857142855,0.1111111111111111,True
132426,Infilteration,0.01,0.42857142857142855,0.6666666666666666,True
132588,Benign,0.01,0.42857142857142855,0.6666666666666666,False
133267,FTP-BruteForce,0.01,0.42857142857142855,0.6666666666666666,True
133827,FTP-BruteForce,0.01,0.6666666666666666,0.1111111111111111,True
134961,DDoS attacks-LOIC-HTTP,0.01,0.6666666666666666,0.0,True
136157,Benign,0.01,0.42857142857142855,0.0,False
136921,DDOS attack-LOIC-UDP,0.01,0.6666666666666666,1.0,False
137142,DoS attacks-GoldenEye,0.01,0.6666666666666666,0.1111111111111111,True
138072,DDoS attacks-LOIC-HTTP,0.01,0.6666666666666666,0.25,True
138212,FTP-BruteForce,0.01,0.6666666666666666,0.42857142857142855,True
138222,DDOS attack-LOIC-UDP,0.01,0.6666666666666666,1.0,False
139936,DDOS attack-HOIC,0.01,0.6666666666666666,0.1111111111111111,True
139948,DoS attacks-SlowHTTPTest,0.01,0.6666666666666666,0.0,True
140635,DDoS attacks-LOIC-HTTP,0.01,0.25,0.0,True
141029,Benign,0.01,0.42857142857142855,1.0,False
141904,Bot,0.01,0.25,0.1111111111111111,True
143100,SSH-Bruteforce,0.01,0.42857142857142855,0.42857142857142855,True
143155,DoS attacks-GoldenEye,0.01,0.25,0.1111111111111111,True
144595,DDOS attack-LOIC-UDP,0.01,0.25,1.0,True
145596,FTP-BruteForce,0.01,0.42857142857142855,0.42857142857142855,True
145690,DoS attacks-Slowloris,0.01,0.25,0.0,True
147870,Brute Force -Web,0.01,0.6666666666666666,1.0,True
148625,SSH-Bruteforce,0.01,0.25,0.6666666666666666,True
148650,DoS attacks-Slowloris,0.01,0.6666666666666666,0.25,True
149080,Brute Force -Web,0.01,0.6666666666666666,0.1111111111111111,True
149794,Brute Force -Web,0.01,0.6666666666666666,1.0,True
151941,SSH-Bruteforce,0.01,0.25,0.0,True
152234,FTP-BruteForce,0.01,0.6666666666666666,0.1111111111111111,True
155760,DoS attacks-Hulk,0.01,0.42857142857142855,0.1111111111111111,True
155941,SQL Injection,0.01,0.6666666666666666,0.6666666666666666,True
156019,DoS attacks-SlowHTTPTest,0.01,0.42857142857142855,0.1111111111111111,True
156210,DDOS attack-LOIC-UDP,0.01,0.6666666666666666,1.0,True
157284,Brute Force -XSS,0.01,0.6666666666666666,1.0,False
158232,SSH-Bruteforce,0.01,0.6666666666666666,0.6666666666666666,False
158617,FTP-BruteForce,0.01,0.6666666666666666,0.25,False
158743,Benign,0.01,0.25,0.0,False
158951,Benign,0.01,0.42857142857142855,0.42857142857142855,False
161019,DDOS attack-HOIC,0.01,1.0,0.25,True
161881,DoS attacks-SlowHTTPTest,0.01,0.42857142857142855,0.1111111111111111,True
162056,DoS attacks-Slowloris,0.01,0.6666666666666666,0.6666666666666666,True
163400,DDOS attack-HOIC,0.01,0.6666666666666666,0.1111111111111111,True
163756,DoS attacks-SlowHTTPTest,0.01,0.42857142857142855,0.25,True
163861,DoS attacks-GoldenEye,0.01,0.42857142857142855,0.0,True
164018,DoS attacks-Hulk,0.01,0.6666666666666666,0.25,True
164709,DoS attacks-Hulk,0.01,0.42857142857142855,0.25,True
165405,DDOS attack-LOIC-UDP,0.01,0.25,1.0,False
165500,DoS attacks-SlowHTTPTest,0.01,0.42857142857142855,0.25,True
165540,SSH-Bruteforce,0.01,0.6666666666666666,0.0,True
166311,SQL Injection,0.01,0.6666666666666666,0.0,True
166844,DDoS attacks-LOIC-HTTP,0.01,0.6666666666666666,0.0,True
167443,FTP-BruteForce,0.01,0.42857142857142855,0.1111111111111111,True
167488,Benign,0.01,0.42857142857142855,0.6666666666666666,False
167637,DoS attacks-Hulk,0.01,0.6666666666666666,0.25,True
168257,DDoS attacks-LOIC-HTTP,0.01,0.42857142857142855,0.1111111111111111,True
168789,DoS attacks-GoldenEye,0.01,0.6666666666666666,0.25,True
169468,FTP-BruteForce,0.01,0.42857142857142855,0.25,True
169550,DoS attacks-SlowHTTPTest,0.01,0.6666666666666666,0.42857142857142855,True
169732,SSH-Bruteforce,0.01,0.42857142857142855,0.25,True
169831,DoS attacks-Hulk,0.01,0.6666666666666666,0.1111111111111111,True
170336,DoS attacks-Slowloris,0.01,0.6666666666666666,1.0,False
170901,DoS attacks-SlowHTTPTest,0.01,0.42857142857142855,0.1111111111111111,True
171147,DDoS attacks-LOIC-HTTP,0.01,0.42857142857142855,0.0,True
171584,DDOS attack-LOIC-UDP,0.01,0.42857142857142855,1.0,True
171621,DDOS attack-LOIC-UDP,0.01,0.42857142857142855,1.0,False
171743,DDoS attacks-LOIC-HTTP,0.01,0.25,0.0,True
172308,DoS attacks-Slowloris,0.01,0.42857142857142855,0.1111111111111111,True
173817,FTP-BruteForce,0.01,0.6666666666666666,0.42857142857142855,True
174953,DoS attacks-SlowHTTPTest,0.01,0.42857142857142855,0.0,True
175955,DDOS attack-HOIC,0.01,0.6666666666666666,0.1111111111111111,True
176759,DoS attacks-Slowloris,0.01,0.6666666666666666,0.6666666666666666,False
178197,DDOS attack-LOIC-UDP,0.01,0.42857142857142855,1.0,True
179253,FTP-BruteForce,0.01,0.42857142857142855,0.25,False
180812,DDOS attack-LOIC-UDP,0.01,0.42857142857142855,1.0,True
181269,Infilteration,0.01,0.42857142857142855,0.42857142857142855,True
181436,DoS attacks-SlowHTTPTest,0.01,0.42857142857142855,0.25,True
181968,FTP-BruteForce,0.01,0.25,0.1111111111111111,True
182006,DoS attacks-SlowHTTPTest,0.01,0.6666666666666666,0.25,True
182417,Brute Force -Web,0.01,0.42857142857142855,0.0,True
183491,Bot,0.01,0.42857142857142855,0.1111111111111111,True
183651,FTP-BruteForce,0.01,0.6666666666666666,0.42857142857142855,False
183932,Brute Force -XSS,0.01,0.6666666666666666,1.0,True
185358,Bot,0.01,0.25,0.0,True
185409,DoS attacks-GoldenEye,0.01,0.25,0.25,True
185839,SSH-Bruteforce,0.01,0.42857142857142855,0.0,True
186477,DoS attacks-Hulk,0.01,0.6666666666666666,0.25,True
186594,DoS attacks-Slowloris,0.01,0.6666666666666666,0.6666666666666666,False
186910,Infilteration,0.01,1.0,0.6666666666666666,False
187551,DDOS attack-LOIC-UDP,0.01,0.42857142857142855,1.0,True
187553,Bot,0.01,0.25,0.0,True
187700,Infilteration,0.01,0.25,0.25,True
188726,Bot,0.01,1.0,0.1111111111111111,True
189660,DDoS attacks-LOIC-HTTP,0.01,0.42857142857142855,0.42857142857142855,True
189761,Infilteration,0.01,0.0,0.25,True
190683,FTP-BruteForce,0.01,0.42857142857142855,0.25,True
191525,Infilteration,0.01,0.25,0.1111111111111111,True
191740,Bot,0.01,0.6666666666666666,0.1111111111111111,True
193450,Benign,0.01,0.25,1.0,False
194251,FTP-BruteForce,0.01,0.6666666666666666,0.42857142857142855,False
194338,Bot,0.01,0.42857142857142855,0.0,True
195169,DoS attacks-GoldenEye,0.01,0.6666666666666666,0.1111111111111111,True
195619,SSH-Bruteforce,0.01,0.6666666666666666,0.6666666666666666,True
195646,Infilteration,0.01,0.25,0.1111111111111111,True
195657,DDOS attack-HOIC,0.01,0.6666666666666666,0.1111111111111111,True
196247,SSH-Bruteforce,0.01,0.42857142857142855,0.25,True
196504,DDOS attack-HOIC,0.01,0.6666666666666666,0.42857142857142855,True
197064,DDOS attack-LOIC-UDP,0.01,0.6666666666666666,1.0,False
197092,DoS attacks-Slowloris,0.01,0.6666666666666666,1.0,False
198082,DoS attacks-SlowHTTPTest,0.01,0.6666666666666666,0.0,True
198263,DoS attacks-SlowHTTPTest,0.01,0.42857142857142855,0.0,True
198286,SSH-Bruteforce,0.01,0.42857142857142855,0.0,True
198290,DDOS attack-LOIC-UDP,0.01,0.25,1.0,True
198404,SSH-Bruteforce,0.01,0.25,0.0,True
198423,DDoS attacks-LOIC-HTTP,0.01,0.6666666666666666,0.42857142857142855,False
199021,DoS attacks-Hulk,0.01,0.6666666666666666,0.1111111111111111,True
199216,DoS attacks-SlowHTTPTest,0.01,0.42857142857142855,0.1111111111111111,True
200342,Bot,0.01,0.25,0.0,True
200563,DDOS attack-HOIC,0.01,1.0,0.1111111111111111,True
201487,DDoS attacks-LOIC-HTTP,0.01,0.25,0.0,True
201676,DDOS attack-HOIC,0.01,0.6666666666666666,0.0,True
201682,DoS attacks-Hulk,0.01,0.42857142857142855,0.1111111111111111,True
201691,Benign,0.01,1.0,0.6666666666666666,False
201841,Brute Force -Web,0.01,1.0,0.25,True
202269,Infilteration,0.01,0.1111111111111111,0.1111111111111111,True
202275,DDoS attacks-LOIC-HTTP,0.01,0.6666666666666666,0.0,True
202603,SSH-Bruteforce,0.01,0.42857142857142855,0.25,True
203170,DDOS attack-HOIC,0.01,0.6666666666666666,0.25,True
203858,Infilteration,0.01,0.42857142857142855,0.42857142857142855,True
203979,SSH-Bruteforce,0.01,0.42857142857142855,0.6666666666666666,True
204165,Brute Force -XSS,0.01,0.42857142857142855,0.0,True
204303,DoS attacks-SlowHTTPTest,0.01,0.6666666666666666,0.0,True
204508,DDOS attack-LOIC-UDP,0.01,0.42857142857142855,1.0,True
205256,FTP-BruteForce,0.01,0.6666666666666666,0.6666666666666666,False
207419,Bot,0.01,0.25,0.0,True
207651,DDOS attack-HOIC,0.01,0.42857142857142855,0.6666666666666666,True
208160,FTP-BruteForce,0.01,0.42857142857142855,0.6666666666666666,True
208194,Infilteration,0.01,0.42857142857142855,0.25,True
208244,DoS attacks-Hulk,0.01,0.42857142857142855,0.25,True
209641,DoS attacks-SlowHTTPTest,0.01,0.42857142857142855,0.25,True
209645,DoS attacks-SlowHTTPTest,0.01,0.42857142857142855,0.1111111111111111,True
210341,FTP-BruteForce,0.01,0.42857142857142855,0.6666666666666666,True
210828,DDOS attack-HOIC,0.01,0.6666666666666666,0.0,True
211085,DDoS attacks-LOIC-HTTP,0.01,0.1111111111111111,0.1111111111111111,True
211126,Bot,0.01,0.42857142857142855,0.1111111111111111,True
211143,DoS attacks-SlowHTTPTest,0.01,0.6666666666666666,0.1111111111111111,True
211580,DoS attacks-SlowHTTPTest,0.01,0.42857142857142855,0.1111111111111111,True
211898,Brute Force -Web,0.01,0.6666666666666666,0.1111111111111111,True
212280,Infilteration,0.01,0.1111111111111111,0.25,True
213106,FTP-BruteForce,0.01,0.6666666666666666,0.6666666666666666,True
214305,DoS attacks-SlowHTTPTest,0.01,0.42857142857142855,0.6666666666666666,True
214884,Bot,0.01,0.25,0.0,True
214964,Brute Force -XSS,0.01,0.6666666666666666,0.0,True
216718,Bot,0.01,0.42857142857142855,0.0,True
217333,DDOS attack-HOIC,0.01,0.6666666666666666,0.1111111111111111,True
218526,Benign,0.01,0.42857142857142855,0.0,False
218688,DoS attacks-GoldenEye,0.01,1.0,0.1111111111111111,True
219324,DoS attacks-GoldenEye,0.01,1.0,0.1111111111111111,True
219522,SSH-Bruteforce,0.01,0.42857142857142855,0.6666666666666666,True
219640,DoS attacks-GoldenEye,0.01,0.6666666666666666,0.1111111111111111,False
219904,DDOS attack-HOIC,0.01,0.6666666666666666,0.0,True
220024,FTP-BruteForce,0.01,0.42857142857142855,0.25,True
220146,Brute Force -XSS,0.01,0.6666666666666666,1.0,False
220347,DDOS attack-LOIC-UDP,0.01,0.6666666666666666,1.0,False
220435,DDoS attacks-LOIC-HTTP,0.01,0.42857142857142855,0.1111111111111111,True
220454,DoS attacks-Slowloris,0.01,1.0,1.0,True
220526,SSH-Bruteforce,0.01,0.25,0.0,True
222932,SSH-Bruteforce,0.01,0.6666666666666666,0.0,True
223359,DDOS attack-LOIC-UDP,0.01,0.25,1.0,False
224113,Infilteration,0.01,0.25,0.42857142857142855,False
224475,DDOS attack-HOIC,0.01,0.6666666666666666,0.0,True
225548,Brute Force -XSS,0.01,0.42857142857142855,0.0,True
226389,Infilteration,0.01,0.42857142857142855,0.1111111111111111,True
226506,DoS attacks-Hulk,0.01,0.42857142857142855,0.25,True
227301,DoS attacks-Slowloris,0.01,0.6666666666666666,1.0,False
227974,Benign,0.01,0.42857142857142855,1.0,False
228216,DDOS attack-LOIC-UDP,0.01,0.42857142857142855,1.0,True
230078,SSH-Bruteforce,0.01,0.6666666666666666,0.42857142857142855,True
231078,Benign,0.01,0.6666666666666666,0.25,False
231252,DoS attacks-GoldenEye,0.01,0.42857142857142855,0.42857142857142855,False
231326,DoS attacks-GoldenEye,0.01,0.6666666666666666,0.25,True
231364,DDOS attack-LOIC-UDP,0.01,0.42857142857142855,1.0,False
231380,Infilteration,0.01,0.42857142857142855,0.25,True
231677,Bot,0.01,0.1111111111111111,0.0,True
232102,Brute Force -Web,0.01,0.6666666666666666,0.1111111111111111,True
233659,Bot,0.01,0.1111111111111111,0.0,True
233807,DoS attacks-GoldenEye,0.01,0.6666666666666666,0.25,True
234611,DDOS attack-HOIC,0.01,0.6666666666666666,0.1111111111111111,True
236167,Infilteration,0.01,0.25,0.42857142857142855,True
240251,DoS attacks-Hulk,0.01,0.42857142857142855,0.1111111111111111,True
241153,Brute Force -XSS,0.01,0.6666666666666666,0.0,True
241432,DoS attacks-Slowloris,0.01,0.42857142857142855,0.6666666666666666,False
242833,SSH-Bruteforce,0.01,0.42857142857142855,0.1111111111111111,True
243113,FTP-BruteForce,0.01,0.6666666666666666,0.42857142857142855,False
243512,Brute Force -Web,0.01,0.6666666666666666,1.0,True
243596,Bot,0.01,0.42857142857142855,0.25,True
244530,DoS attacks-Slowloris,0.01,0.6666666666666666,1.0,False
244749,Brute Force -Web,0.01,1.0,0.6666666666666666,True
246629,Brute Force -Web,0.01,0.6666666666666666,0.1111111111111111,True
247145,SSH-Bruteforce,0.01,0.42857142857142855,0.6666666666666666,True
247300,Infilteration,0.01,0.42857142857142855,0.25,True
247717,Brute Force -Web,0.01,0.42857142857142855,1.0,False
247766,DoS attacks-SlowHTTPTest,0.01,0.42857142857142855,0.0,True
247922,DoS attacks-GoldenEye,0.01,0.42857142857142855,0.1111111111111111,True
248218,Benign,0.01,0.6666666666666666,0.6666666666666666,False
249823,SSH-Bruteforce,0.01,0.6666666666666666,0.1111111111111111,True
250642,Brute Force -Web,0.01,0.6666666666666666,0.6666666666666666,True
250894,Infilteration,0.01,0.42857142857142855,0.1111111111111111,True
252079,DDOS attack-LOIC-UDP,0.01,1.0,1.0,False
252600,Brute Force -XSS,0.01,0.6666666666666666,1.0,True
252615,DDOS attack-LOIC-UDP,0.01,0.6666666666666666,1.0,True
252676,Brute Force -Web,0.01,0.42857142857142855,0.1111111111111111,True
253046,Brute Force -Web,0.01,0.6666666666666666,1.0,False
253220,FTP-BruteForce,0.01,0.42857142857142855,0.6666666666666666,True
253739,SSH-Bruteforce,0.01,0.42857142857142855,0.0,True
254715,Brute Force -Web,0.01,1.0,0.0,True
254773,Benign,0.01,0.6666666666666666,0.1111111111111111,False
255062,DoS attacks-GoldenEye,0.01,0.42857142857142855,0.1111111111111111,True
255750,DoS attacks-Hulk,0.01,0.42857142857142855,0.1111111111111111,True
256591,Bot,0.01,0.25,0.25,True
256733,Benign,0.01,0.6666666666666666,0.6666666666666666,False
258263,DoS attacks-SlowHTTPTest,0.01,0.42857142857142855,0.1111111111111111,True
258480,DoS attacks-Hulk,0.01,0.42857142857142855,0.1111111111111111,True
258714,DoS attacks-SlowHTTPTest,0.01,0.42857142857142855,0.42857142857142855,True
259033,DoS attacks-SlowHTTPTest,0.01,0.42857142857142855,0.0,True
259395,Benign,0.01,0.6666666666666666,0.25,False
259577,DoS attacks-GoldenEye,0.01,0.25,0.1111111111111111,True
259608,Benign,0.01,0.42857142857142855,0.42857142857142855,False
260861,DDOS attack-LOIC-UDP,0.01,0.6666666666666666,1.0,True
261666,DDOS attack-LOIC-UDP,0.01,0.6666666666666666,1.0,True
262645,DDOS attack-HOIC,0.01,0.42857142857142855,0.25,True
262879,DDOS attack-LOIC-UDP,0.01,0.42857142857142855,1.0,True
262898,Brute Force -Web,0.01,0.6666666666666666,1.0,True
264156,DoS attacks-SlowHTTPTest,0.01,0.42857142857142855,0.1111111111111111,True
265066,DoS attacks-Hulk,0.01,0.42857142857142855,0.25,True
265532,DoS attacks-GoldenEye,0.01,1.0,0.25,True
265617,FTP-BruteForce,0.01,0.42857142857142855,1.0,True
266296,Infilteration,0.01,0.1111111111111111,0.42857142857142855,True
266960,DoS attacks-SlowHTTPTest,0.01,0.42857142857142855,0.1111111111111111,True
267389,SSH-Bruteforce,0.01,0.42857142857142855,0.0,True
267659,DoS attacks-SlowHTTPTest,0.01,0.42857142857142855,0.25,True
268530,FTP-BruteForce,0.01,0.6666666666666666,0.1111111111111111,True
268682,Infilteration,0.01,0.25,0.1111111111111111,True
270110,DoS attacks-Slowloris,0.01,0.6666666666666666,0.6666666666666666,False
270762,DoS attacks-Slowloris,0.01,0.6666666666666666,1.0,False
271314,Benign,0.01,0.42857142857142855,0.25,False
271918,DoS attacks-GoldenEye,0.01,0.25,0.1111111111111111,True
272154,DDOS attack-LOIC-UDP,0.01,0.42857142857142855,1.0,False
272744,DoS attacks-Hulk,0.01,0.42857142857142855,0.1111111111111111,True
273296,DDoS attacks-LOIC-HTTP,0.01,0.42857142857142855,0.1111111111111111,True
274143,Infilteration,0.01,0.25,0.0,True
274707,DDOS attack-LOIC-UDP,0.01,0.25,1.0,True
274973,DoS attacks-SlowHTTPTest,0.01,0.42857142857142855,0.0,True
275823,SSH-Bruteforce,0.01,0.6666666666666666,0.1111111111111111,True
276244,DoS attacks-GoldenEye,0.01,0.25,0.1111111111111111,True
276433,DoS attacks-SlowHTTPTest,0.01,0.6666666666666666,0.25,True
277077,FTP-BruteForce,0.01,1.0,0.6666666666666666,False
278182,Brute Force -Web,0.01,0.6666666666666666,0.1111111111111111,True
278554,DoS attacks-Slowloris,0.01,0.6666666666666666,1.0,False
278566,DoS attacks-SlowHTTPTest,0.01,0.6666666666666666,0.25,True
278815,DDOS attack-HOIC,0.01,0.42857142857142855,0.1111111111111111,True
280406,Infilteration,0.01,0.25,0.0,True
281266,SSH-Bruteforce,0.01,0.6666666666666666,0.42857142857142855,True
281657,Benign,0.01,0.25,0.42857142857142855,False
282156,Infilteration,0.01,0.25,0.25,True
282433,Infilteration,0.01,0.25,0.25,True
283848,Brute Force -Web,0.01,0.42857142857142855,0.1111111111111111,True
284807,DoS attacks-SlowHTTPTest,0.01,0.6666666666666666,0.1111111111111111,True
285723,DoS attacks-Slowloris,0.01,0.42857142857142855,0.0,True
285727,DoS attacks-Hulk,0.01,0.42857142857142855,0.1111111111111111,True
286276,DoS attacks-GoldenEye,0.01,0.6666666666666666,0.1111111111111111,True
286975,Brute Force -XSS,0.01,0.42857142857142855,0.0,True
287023,FTP-BruteForce,0.01,0.6666666666666666,0.1111111111111111,True
287097,Infilteration,0.01,0.25,0.1111111111111111,True
287602,Benign,0.01,0.42857142857142855,0.25,False
287792,DDOS attack-LOIC-UDP,0.01,0.42857142857142855,1.0,False
288753,Brute Force -XSS,0.01,0.25,0.0,True
289173,DoS attacks-Hulk,0.01,0.42857142857142855,0.1111111111111111,True
289705,DDOS attack-HOIC,0.01,0.6666666666666666,0.1111111111111111,True
290027,FTP-BruteForce,0.01,0.42857142857142855,0.42857142857142855,True
291049,SSH-Bruteforce,0.01,0.6666666666666666,0.1111111111111111,True
291380,Bot,0.01,0.25,0.1111111111111111,True
291382,FTP-BruteForce,0.01,0.6666666666666666,0.25,True
291515,DoS attacks-GoldenEye,0.01,0.6666666666666666,0.25,True
292378,SSH-Bruteforce,0.01,0.6666666666666666,0.6666666666666666,True
292477,DDOS attack-HOIC,0.01,0.6666666666666666,0.1111111111111111,True
292866,DoS attacks-Slowloris,0.01,0.6666666666666666,0.6666666666666666,False
293431,Bot,0.01,0.25,0.25,True
294020,FTP-BruteForce,0.01,0.42857142857142855,0.1111111111111111,True
294209,DDOS attack-HOIC,0.01,0.6666666666666666,0.1111111111111111,True
294216,Infilteration,0.01,0.42857142857142855,0.25,True
294377,SSH-Bruteforce,0.01,0.42857142857142855,0.0,True
294434,SQL Injection,0.01,0.6666666666666666,0.6666666666666666,True
294469,DoS attacks-Slowloris,0.01,0.42857142857142855,1.0,False
295007,DoS attacks-GoldenEye,0.01,0.42857142857142855,0.1111111111111111,True
295122,DDOS attack-LOIC-UDP,0.01,0.42857142857142855,1.0,False
296407,Infilteration,0.01,0.42857142857142855,0.1111111111111111,True
296944,Infilteration,0.01,0.25,0.1111111111111111,True
297866,Brute Force -Web,0.01,0.6666666666666666,0.42857142857142855,True
299658,FTP-BruteForce,0.01,0.42857142857142855,0.6666666666666666,True
300675,DoS attacks-GoldenEye,0.01,0.42857142857142855,0.25,True
300727,DDOS attack-LOIC-UDP,0.01,0.42857142857142855,1.0,True
302253,Bot,0.01,0.42857142857142855,0.0,True
302291,Brute Force -Web,0.01,0.6666666666666666,0.1111111111111111,True
302715,DDOS attack-LOIC-UDP,0.01,0.42857142857142855,1.0,True
302973,DDOS attack-HOIC,0.01,1.0,0.1111111111111111,True
303174,Benign,0.01,0.42857142857142855,0.25,False
303763,DDOS attack-HOIC,0.01,1.0,0.1111111111111111,True
303913,FTP-BruteForce,0.01,0.42857142857142855,0.25,True
303943,DDOS attack-HOIC,0.01,1.0,0.0,True
304628,DoS attacks-Hulk,0.01,0.42857142857142855,0.1111111111111111,True
304762,Benign,0.01,0.42857142857142855,1.0,False
306105,Benign,0.01,0.6666666666666666,0.6666666666666666,False
307260,Benign,0.01,0.42857142857142855,1.0,False
307519,Bot,0.01,0.25,0.0,True
307846,DoS attacks-Hulk,0.01,0.42857142857142855,0.25,True
307982,Brute Force -Web,0.01,0.6666666666666666,0.6666666666666666,True
308045,DoS attacks-Hulk,0.01,0.42857142857142855,0.1111111111111111,True
308926,Infilteration,0.01,0.42857142857142855,0.0,True
309132,Bot,0.01,0.42857142857142855,0.1111111111111111,True
309397,DDoS attacks-LOIC-HTTP,0.01,0.42857142857142855,0.0,True
310305,DoS attacks-GoldenEye,0.01,0.42857142857142855,0.1111111111111111,True
310345,Infilteration,0.01,0.1111111111111111,0.25,True
310445,Benign,0.01,0.42857142857142855,0.0,False
310753,SSH-Bruteforce,0.01,0.6666666666666666,0.1111111111111111,True
310995,Infilteration,0.01,0.25,0.42857142857142855,True
312028,DoS attacks-GoldenEye,0.01,0.6666666666666666,0.6666666666666666,False
312043,Benign,0.01,0.6666666666666666,0.1111111111111111,False
312250,Bot,0.01,0.25,0.25,False
312371,Infilteration,0.01,0.42857142857142855,0.6666666666666666,True
312669,SSH-Bruteforce,0.01,0.42857142857142855,0.1111111111111111,True
312699,Bot,0.01,0.25,0.0,True
312850,SSH-Bruteforce,0.01,0.42857142857142855,0.0,True
313225,DDoS attacks-LOIC-HTTP,0.01,0.42857142857142855,0.1111111111111111,True
313432,Infilteration,0.01,0.1111111111111111,0.25,True
313529,Brute Force -XSS,0.01,0.25,0.1111111111111111,True
313667,DDOS attack-LOIC-UDP,0.01,0.42857142857142855,1.0,True
313806,Bot,0.01,0.25,0.1111111111111111,True
314183,Brute Force -XSS,0.01,0.6666666666666666,1.0,False
314606,DDoS attacks-LOIC-HTTP,0.01,0.25,0.0,True
315063,Brute Force -Web,0.01,0.42857142857142855,1.0,True
315332,Benign,0.01,0.25,0.0,False
315394,Benign,0.01,0.42857142857142855,1.0,False
315426,DDOS attack-LOIC-UDP,0.01,0.6666666666666666,1.0,True
317120,Brute Force -XSS,0.01,0.42857142857142855,0.25,True
317474,DDoS attacks-LOIC-HTTP,0.01,0.25,0.0,True
317767,Bot,0.01,0.25,0.1111111111111111,True
318492,Brute Force -Web,0.01,0.6666666666666666,1.0,True
318493,DoS attacks-SlowHTTPTest,0.01,0.42857142857142855,0.0,True
318844,DoS attacks-Hulk,0.01,0.42857142857142855,0.1111111111111111,True
318858,FTP-BruteForce,0.01,0.42857142857142855,0.1111111111111111,True
319005,Bot,0.01,0.25,0.1111111111111111,True
319697,DDoS attacks-LOIC-HTTP,0.01,0.42857142857142855,0.6666666666666666,False
320533,DDoS attacks-LOIC-HTTP,0.01,0.25,0.0,True
320545,SSH-Bruteforce,0.01,0.6666666666666666,0.6666666666666666,True
320952,Brute Force -XSS,0.01,0.6666666666666666,1.0,True
321860,FTP-BruteForce,0.01,0.6666666666666666,0.42857142857142855,False
322022,DoS attacks-Hulk,0.01,0.42857142857142855,0.25,True
322118,FTP-BruteForce,0.01,0.42857142857142855,0.1111111111111111,True
322507,DoS attacks-SlowHTTPTest,0.01,0.42857142857142855,0.1111111111111111,True
323354,DoS attacks-GoldenEye,0.01,0.25,0.1111111111111111,True
323475,Bot,0.01,0.25,0.1111111111111111,True
324075,DDOS attack-HOIC,0.01,0.6666666666666666,0.1111111111111111,True
324210,Benign,0.01,0.6666666666666666,1.0,False
325549,Infilteration,0.01,0.42857142857142855,0.42857142857142855,True
326200,FTP-BruteForce,0.01,0.42857142857142855,0.6666666666666666,True
326495,Infilteration,0.01,0.25,0.25,True
326555,Bot,0.01,0.42857142857142855,0.1111111111111111,True
326858,Benign,0.01,1.0,0.6666666666666666,False
327099,DDOS attack-HOIC,0.01,0.6666666666666666,0.25,True
327975,DDOS attack-LOIC-UDP,0.01,0.42857142857142855,1.0,False
328840,Benign,0.01,0.6666666666666666,0.25,False
330518,FTP-BruteForce,0.01,0.6666666666666666,0.6666666666666666,False
330643,SSH-Bruteforce,0.01,0.6666666666666666,0.25,True
330832,DoS attacks-Hulk,0.01,0.42857142857142855,0.1111111111111111,True
330903,Bot,0.01,0.25,0.1111111111111111,True
331276,FTP-BruteForce,0.01,0.42857142857142855,0.1111111111111111,True
332442,FTP-BruteForce,0.01,0.42857142857142855,0.42857142857142855,True
333222,Benign,0.01,0.6666666666666666,0.6666666666666666,False
333345,DoS attacks-SlowHTTPTest,0.01,0.42857142857142855,0.0,True
334283,DoS attacks-GoldenEye,0.01,0.6666666666666666,0.1111111111111111,True
334913,DoS attacks-SlowHTTPTest,0.01,0.42857142857142855,0.0,True
336026,DoS attacks-Slowloris,0.01,0.6666666666666666,0.6666666666666666,False
336997,Bot,0.01,0.25,0.42857142857142855,True
337311,DoS attacks-GoldenEye,0.01,1.0,0.1111111111111111,True
337434,Infilteration,0.01,0.42857142857142855,0.1111111111111111,True
338422,DDOS attack-LOIC-UDP,0.01,0.42857142857142855,1.0,False
338824,Brute Force -XSS,0.01,0.42857142857142855,0.0,True
339605,DoS attacks-Hulk,0.01,0.42857142857142855,0.1111111111111111,True
339667,Brute Force -Web,0.01,0.42857142857142855,0.0,True
340208,Bot,0.01,0.25,0.0,True
340791,DoS attacks-SlowHTTPTest,0.01,0.6666666666666666,0.1111111111111111,True
340909,DoS attacks-GoldenEye,0.01,0.6666666666666666,0.1111111111111111,True
341796,DDOS attack-HOIC,0.01,1.0,0.0,True
342884,DoS attacks-SlowHTTPTest,0.01,0.42857142857142855,0.1111111111111111,True
343094,Bot,0.01,0.25,0.0,True
343134,FTP-BruteForce,0.01,0.6666666666666666,0.42857142857142855,False
343470,DoS attacks-GoldenEye,0.01,0.25,0.42857142857142855,False
343492,DoS attacks-SlowHTTPTest,0.01,0.42857142857142855,0.25,True
344132,Bot,0.01,0.25,0.25,True
345045,Bot,0.01,0.25,0.1111111111111111,True
345049,Bot,0.01,0.25,0.0,True
345958,DoS attacks-GoldenEye,0.01,0.25,0.1111111111111111,True
346512,Brute Force -XSS,0.01,0.6666666666666666,0.1111111111111111,False
347692,DoS attacks-GoldenEye,0.01,0.6666666666666666,0.1111111111111111,True
348721,Benign,0.01,0.42857142857142855,0.42857142857142855,False
349133,DDOS attack-HOIC,0.01,0.6666666666666666,0.1111111111111111,True
349327,DDOS attack-HOIC,0.01,0.6666666666666666,0.1111111111111111,True
349529,DoS attacks-SlowHTTPTest,0.01,0.42857142857142855,0.1111111111111111,True
349906,Brute Force -Web,0.01,0.6666666666666666,1.0,False
349978,SSH-Bruteforce,0.01,0.25,0.0,True
350224,DDOS attack-HOIC,0.01,0.42857142857142855,0.0,True
350502,Benign,0.01,0.6666666666666666,0.6666666666666666,False
351416,DoS attacks-GoldenEye,0.01,1.0,0.1111111111111111,True
351520,DoS attacks-Hulk,0.01,0.42857142857142855,0.1111111111111111,True
351567,DoS attacks-GoldenEye,0.01,1.0,0.0,True
352016,DDoS attacks-LOIC-HTTP,0.01,0.42857142857142855,0.25,True
352456,DoS attacks-Hulk,0.01,0.42857142857142855,0.25,True
353452,SSH-Bruteforce,0.01,0.6666666666666666,0.6666666666666666,True
354101,DDOS attack-HOIC,0.01,1.0,0.0,True
355308,DoS attacks-SlowHTTPTest,0.01,0.6666666666666666,0.0,True
355618,DDOS attack-HOIC,0.01,0.6666666666666666,0.0,True
355723,DoS attacks-GoldenEye,0.01,0.25,0.1111111111111111,True
356751,Brute Force -Web,0.01,0.6666666666666666,0.25,True
357297,DoS attacks-Hulk,0.01,0.6666666666666666,0.25,True
357531,DoS attacks-SlowHTTPTest,0.01,0.25,0.25,True
358097,SQL Injection,0.01,0.42857142857142855,0.0,True
358890,Infilteration,0.01,0.42857142857142855,0.42857142857142855,True
359048,DDoS attacks-LOIC-HTTP,0.01,0.42857142857142855,0.0,True
359537,Benign,0.01,0.6666666666666666,0.6666666666666666,False
359554,FTP-BruteForce,0.01,0.6666666666666666,0.6666666666666666,True
359579,DoS attacks-Slowloris,0.01,0.6666666666666666,1.0,False
360387,DoS attacks-Slowloris,0.01,0.6666666666666666,1.0,False
360939,DoS attacks-Slowloris,0.01,0.6666666666666666,0.0,True
361519,DDOS attack-LOIC-UDP,0.01,0.25,1.0,True
361790,SSH-Bruteforce,0.01,0.42857142857142855,0.42857142857142855,True
361814,DoS attacks-Slowloris,0.01,1.0,0.6666666666666666,False
362368,DoS attacks-GoldenEye,0.01,1.0,0.25,True
363023,Infilteration,0.01,0.1111111111111111,0.25,True
363090,Bot,0.01,0.1111111111111111,0.0,True
363223,DDOS attack-LOIC-UDP,0.01,0.42857142857142855,1.0,False
363736,DoS attacks-Slowloris,0.01,0.42857142857142855,0.6666666666666666,False
363745,DoS attacks-SlowHTTPTest,0.01,0.42857142857142855,0.1111111111111111,True
364149,DDOS attack-LOIC-UDP,0.01,0.25,1.0,True
364474,DoS attacks-Slowloris,0.01,0.42857142857142855,1.0,False
364494,DDOS attack-HOIC,0.01,1.0,0.0,True
364710,DoS attacks-Hulk,0.01,0.6666666666666666,0.1111111111111111,True
364833,DDoS attacks-LOIC-HTTP,0.01,0.1111111111111111,0.1111111111111111,True
365136,Infilteration,0.01,0.42857142857142855,0.42857142857142855,True
365607,FTP-BruteForce,0.01,0.6666666666666666,0.0,True
365833,Brute Force -Web,0.01,1.0,0.0,True
366290,Brute Force -Web,0.01,0.6666666666666666,0.0,True
367369,FTP-BruteForce,0.01,0.6666666666666666,0.25,True
368802,Benign,0.01,0.42857142857142855,0.1111111111111111,False
371681,DDOS attack-HOIC,0.01,0.6666666666666666,0.1111111111111111,True
372582,Infilteration,0.01,0.6666666666666666,0.25,True
374398,Brute Force -XSS,0.01,0.42857142857142855,0.0,True
375921,DoS attacks-Hulk,0.01,0.42857142857142855,0.6666666666666666,True
376460,DoS attacks-GoldenEye,0.01,0.42857142857142855,0.1111111111111111,True
377181,Bot,0.01,0.42857142857142855,0.0,True
377200,DDoS attacks-LOIC-HTTP,0.01,0.42857142857142855,0.0,True
377720,FTP-BruteForce,0.01,0.42857142857142855,0.1111111111111111,True
378460,DoS attacks-SlowHTTPTest,0.01,0.6666666666666666,0.1111111111111111,True
378630,Infilteration,0.01,0.25,0.25,True
378868,DDOS attack-LOIC-UDP,0.01,0.25,1.0,False
378904,DoS attacks-SlowHTTPTest,0.01,0.6666666666666666,0.0,True
379042,DoS attacks-Slowloris,0.01,1.0,1.0,False
379049,Bot,0.01,0.25,0.25,False
379113,DoS attacks-Slowloris,0.01,1.0,0.6666666666666666,False
379409,Bot,0.01,0.25,0.25,True
379791,SQL Injection,0.01,1.0,0.0,True
380316,DDoS attacks-LOIC-HTTP,0.01,1.0,0.42857142857142855,False
380676,DoS attacks-Slowloris,0.01,1.0,0.42857142857142855,True
382053,Benign,0.01,0.6666666666666666,0.6666666666666666,False
382878,Benign,0.01,0.25,0.42857142857142855,False
383181,FTP-BruteForce,0.01,0.42857142857142855,0.25,True
383315,DoS attacks-Slowloris,0.01,0.42857142857142855,0.42857142857142855,True
383354,DDoS attacks-LOIC-HTTP,0.01,0.42857142857142855,0.1111111111111111,True
383426,DoS attacks-GoldenEye,0.01,0.42857142857142855,0.1111111111111111,True
383599,Brute Force -Web,0.01,0.6666666666666666,1.0,False
383954,DoS attacks-GoldenEye,0.01,0.42857142857142855,0.42857142857142855,True
384456,DoS attacks-Hulk,0.01,0.6666666666666666,0.1111111111111111,True
385336,Brute Force -Web,0.01,0.6666666666666666,1.0,True
386217,DDOS attack-LOIC-UDP,0.01,0.42857142857142855,1.0,True
386430,DoS attacks-Hulk,0.01,0.6666666666666666,0.1111111111111111,True
386696,Infilteration,0.01,0.25,0.42857142857142855,True
386793,SSH-Bruteforce,0.01,0.42857142857142855,0.0,True
387556,Brute Force -Web,0.01,0.25,0.25,True
388408,Benign,0.01,0.42857142857142855,0.25,False
388482,DDOS attack-HOIC,0.01,0.6666666666666666,0.25,True
390292,Brute Force -XSS,0.01,0.6666666666666666,1.0,True
390395,DoS attacks-Slowloris,0.01,0.6666666666666666,0.42857142857142855,False
392548,Brute Force -Web,0.01,0.6666666666666666,0.0,True
393620,DDOS attack-LOIC-UDP,0.01,0.42857142857142855,1.0,False
395416,Benign,0.01,0.6666666666666666,0.6666666666666666,False
396344,DDOS attack-LOIC-UDP,0.01,0.6666666666666666,1.0,False
396893,DDOS attack-HOIC,0.01,1.0,0.25,True
397329,Infilteration,0.01,0.42857142857142855,0.42857142857142855,True
397403,DoS attacks-Slowloris,0.01,1.0,1.0,False
397478,SSH-Bruteforce,0.01,0.6666666666666666,0.6666666666666666,True
397490,Bot,0.01,0.42857142857142855,0.0,True
398799,DDOS attack-LOIC-UDP,0.01,0.6666666666666666,1.0,False
400457,DDOS attack-LOIC-UDP,0.01,0.25,1.0,True
401886,DoS attacks-Slowloris,0.01,0.42857142857142855,0.1111111111111111,True
402004,SSH-Bruteforce,0.01,1.0,0.1111111111111111,True
402197,Bot,0.01,0.25,0.1111111111111111,True
402380,DDOS attack-LOIC-UDP,0.01,0.42857142857142855,1.0,False
402677,DDOS attack-LOIC-UDP,0.01,0.42857142857142855,1.0,True
404377,Bot,0.01,0.25,0.1111111111111111,True
405784,Infilteration,0.01,0.42857142857142855,0.42857142857142855,False
406035,Bot,0.01,0.25,0.0,True
406095,DDOS attack-HOIC,0.01,0.6666666666666666,0.25,True
406393,DDOS attack-LOIC-UDP,0.01,0.25,1.0,True
407392,SSH-Bruteforce,0.01,0.42857142857142855,0.0,True
407681,FTP-BruteForce,0.01,0.6666666666666666,0.25,False
408152,FTP-BruteForce,0.01,0.42857142857142855,0.1111111111111111,True
408593,Bot,0.01,0.25,0.0,True
409353,DoS attacks-SlowHTTPTest,0.01,1.0,0.1111111111111111,True
409474,DDOS attack-LOIC-UDP,0.01,0.25,1.0,True
410021,DoS attacks-SlowHTTPTest,0.01,0.6666666666666666,0.0,True
410112,DoS attacks-SlowHTTPTest,0.01,0.42857142857142855,0.1111111111111111,True
410254,DDOS attack-LOIC-UDP,0.01,0.25,1.0,True
410740,SSH-Bruteforce,0.01,0.6666666666666666,0.6666666666666666,True
410845,Bot,0.01,0.25,0.1111111111111111,True
412248,DoS attacks-SlowHTTPTest,0.01,0.6666666666666666,0.0,True
414454,DoS attacks-GoldenEye,0.01,0.6666666666666666,0.1111111111111111,True
414918,DDOS attack-LOIC-UDP,0.01,0.25,1.0,False
415165,DDOS attack-LOIC-UDP,0.01,0.42857142857142855,1.0,True
415297,SQL Injection,0.01,0.6666666666666666,0.6666666666666666,True
415964,DDOS attack-LOIC-UDP,0.01,0.42857142857142855,1.0,True
416934,DDOS attack-HOIC,0.01,0.6666666666666666,0.0,True
416984,Infilteration,0.01,0.0,0.0,True
417478,DDOS attack-HOIC,0.01,0.6666666666666666,0.1111111111111111,True
417634,Brute Force -Web,0.01,0.6666666666666666,0.6666666666666666,True
417696,Infilteration,0.01,0.42857142857142855,0.25,True
418003,DoS attacks-Slowloris,0.01,0.6666666666666666,1.0,False
420193,DoS attacks-Slowloris,0.01,0.6666666666666666,1.0,False
421149,DoS attacks-Slowloris,0.01,0.6666666666666666,0.6666666666666666,False
421817,Brute Force -Web,0.01,0.6666666666666666,0.25,True
422128,DDOS attack-HOIC,0.01,0.6666666666666666,0.42857142857142855,True
422518,SSH-Bruteforce,0.01,0.6666666666666666,0.25,True
423486,Brute Force -XSS,0.01,0.6666666666666666,0.0,True
423710,FTP-BruteForce,0.01,0.42857142857142855,0.25,True
423824,DDoS attacks-LOIC-HTTP,0.01,0.42857142857142855,0.6666666666666666,False
424076,DDOS attack-HOIC,0.01,0.6666666666666666,0.0,True
424233,DDOS attack-LOIC-UDP,0.01,0.42857142857142855,1.0,True
424607,Bot,0.01,0.42857142857142855,0.25,True
425306,DoS attacks-Slowloris,0.01,0.6666666666666666,0.6666666666666666,True
426361,DoS attacks-GoldenEye,0.01,0.6666666666666666,0.1111111111111111,True
426496,FTP-BruteForce,0.01,0.42857142857142855,0.25,True
427567,Infilteration,0.01,0.42857142857142855,0.42857142857142855,True
428076,DDoS attacks-LOIC-HTTP,0.01,0.25,0.0,True
428942,DoS attacks-SlowHTTPTest,0.01,0.6666666666666666,0.0,True
430855,Brute Force -Web,0.01,0.42857142857142855,0.1111111111111111,True
430879,FTP-BruteForce,0.01,0.6666666666666666,0.1111111111111111,True
431138,DoS attacks-Hulk,0.01,0.42857142857142855,0.1111111111111111,True
433136,DoS attacks-Hulk,0.01,0.42857142857142855,0.1111111111111111,True
433298,DoS attacks-Hulk,0.01,0.25,0.1111111111111111,True
434271,Brute Force -XSS,0.01,0.42857142857142855,0.0,True
435047,Brute Force -Web,0.01,0.6666666666666666,1.0,False
435082,Brute Force -Web,0.01,0.6666666666666666,0.1111111111111111,True
435265,SSH-Bruteforce,0.01,0.42857142857142855,0.0,True
435398,Bot,0.01,0.25,0.0,True
435516,DDoS attacks-LOIC-HTTP,0.01,0.42857142857142855,0.0,True
435999,DDOS attack-LOIC-UDP,0.01,0.42857142857142855,1.0,False
436016,Infilteration,0.01,0.42857142857142855,0.6666666666666666,True
436253,Bot,0.01,0.42857142857142855,0.0,True
437217,FTP-BruteForce,0.01,0.42857142857142855,0.6666666666666666,True
437515,DoS attacks-Slowloris,0.01,0.6666666666666666,1.0,False
437810,Infilteration,0.01,0.42857142857142855,0.1111111111111111,True
438174,Brute Force -Web,0.01,0.6666666666666666,1.0,True
439451,DDOS attack-LOIC-UDP,0.01,0.6666666666666666,1.0,False
440734,DDoS attacks-LOIC-HTTP,0.01,0.42857142857142855,0.0,True
440950,DoS attacks-Hulk,0.01,0.6666666666666666,0.25,True
440968,Benign,0.01,0.42857142857142855,0.25,False
442254,Benign,0.01,0.6666666666666666,0.1111111111111111,False
443482,DDOS attack-HOIC,0.01,0.6666666666666666,0.1111111111111111,True
443627,DoS attacks-Hulk,0.01,0.42857142857142855,0.42857142857142855,True
443890,DDOS attack-HOIC,0.01,0.6666666666666666,0.1111111111111111,True
444547,DoS attacks-Slowloris,0.01,0.42857142857142855,0.6666666666666666,True
444581,SSH-Bruteforce,0.01,0.42857142857142855,0.42857142857142855,False
445619,Brute Force -Web,0.01,0.6666666666666666,0.1111111111111111,True
445828,Benign,0.01,0.42857142857142855,1.0,False
446683,DoS attacks-GoldenEye,0.01,1.0,0.1111111111111111,True
448174,Infilteration,0.01,0.42857142857142855,0.1111111111111111,True
450197,DoS attacks-Slowloris,0.01,0.6666666666666666,1.0,False
450421,FTP-BruteForce,0.01,0.6666666666666666,0.0,True
450725,Benign,0.01,1.0,0.0,False
450779,Bot,0.01,0.25,0.1111111111111111,True
451779,DoS attacks-Slowloris,0.01,0.6666666666666666,0.6666666666666666,False
452015,DoS attacks-Slowloris,0.01,0.6666666666666666,1.0,False
452263,DoS attacks-Hulk,0.01,0.42857142857142855,0.1111111111111111,True
452893,DoS attacks-Hulk,0.01,0.25,0.1111111111111111,True
453106,DoS attacks-Hulk,0.01,0.42857142857142855,0.25,True
454267,DDoS attacks-LOIC-HTTP,0.01,0.42857142857142855,0.0,True
454565,Infilteration,0.01,0.6666666666666666,0.25,True
455558,DoS attacks-Hulk,0.01,0.42857142857142855,0.25,True
456521,Infilteration,0.01,0.42857142857142855,0.42857142857142855,True
457110,Infilteration,0.01,0.42857142857142855,0.25,True
457772,DDOS attack-LOIC-UDP,0.01,0.42857142857142855,1.0,False
458156,Benign,0.01,0.42857142857142855,1.0,False
458210,Bot,0.01,0.42857142857142855,0.1111111111111111,True
458435,DoS attacks-Hulk,0.01,0.42857142857142855,0.25,True
458576,DDoS attacks-LOIC-HTTP,0.01,0.6666666666666666,0.6666666666666666,False
459088,DoS attacks-GoldenEye,0.01,0.25,0.25,True
459692,SSH-Bruteforce,0.01,0.6666666666666666,0.6666666666666666,True
459739,Bot,0.01,0.1111111111111111,0.25,True
460189,FTP-BruteForce,0.01,0.6666666666666666,0.6666666666666666,False
460214,DoS attacks-SlowHTTPTest,0.01,0.25,0.1111111111111111,True
460217,SSH-Bruteforce,0.01,0.1111111111111111,0.0,True
460443,Brute Force -XSS,0.01,0.6666666666666666,1.0,True
461083,Infilteration,0.01,0.25,0.25,True
462813,Brute Force -Web,0.01,1.0,0.1111111111111111,True
463354,DoS attacks-GoldenEye,0.01,0.6666666666666666,0.1111111111111111,True
463389,DDOS attack-LOIC-UDP,0.01,0.6666666666666666,1.0,False
464264,DDOS attack-HOIC,0.01,0.6666666666666666,0.1111111111111111,True
464916,DDOS attack-HOIC,0.01,1.0,0.1111111111111111,True
465013,DDoS attacks-LOIC-HTTP,0.01,0.25,0.0,True
465025,DDoS attacks-LOIC-HTTP,0.01,0.42857142857142855,0.0,True
465061,Brute Force -Web,0.01,0.6666666666666666,0.0,True
465189,DoS attacks-Slowloris,0.01,0.6666666666666666,1.0,False
465399,FTP-BruteForce,0.01,0.42857142857142855,0.1111111111111111,True
465523,Infilteration,0.01,0.42857142857142855,0.25,False
466524,Bot,0.01,0.42857142857142855,0.0,True
466908,SSH-Bruteforce,0.01,0.6666666666666666,0.6666666666666666,True
467947,DDoS attacks-LOIC-HTTP,0.01,0.6666666666666666,0.42857142857142855,False
468844,Benign,0.01,0.42857142857142855,1.0,False
468943,DDOS attack-LOIC-UDP,0.01,0.42857142857142855,1.0,False
469503,DoS attacks-GoldenEye,0.01,1.0,0.1111111111111111,True
470208,Infilteration,0.01,0.25,0.6666666666666666,False
470293,Bot,0.01,0.1111111111111111,0.6666666666666666,True
470325,Brute Force -Web,0.01,0.6666666666666666,0.0,True
470562,DoS attacks-Hulk,0.01,0.42857142857142855,0.1111111111111111,True
471104,Infilteration,0.01,0.42857142857142855,0.42857142857142855,True
471531,DoS attacks-Slowloris,0.01,0.6666666666666666,0.1111111111111111,True
472333,DoS attacks-SlowHTTPTest,0.01,0.6666666666666666,0.1111111111111111,True
472733,Infilteration,0.01,0.25,0.1111111111111111,True
473231,DoS attacks-SlowHTTPTest,0.01,0.42857142857142855,0.1111111111111111,True
473975,SSH-Bruteforce,0.01,1.0,0.1111111111111111,True
474070,DoS attacks-Slowloris,0.01,0.6666666666666666,0.6666666666666666,False
474577,Benign,0.01,0.6666666666666666,0.42857142857142855,False
474715,DDOS attack-HOIC,0.01,0.6666666666666666,0.1111111111111111,True
475209,DDoS attacks-LOIC-HTTP,0.01,0.42857142857142855,0.0,True
476206,Brute Force -XSS,0.01,1.0,1.0,True
476336,Brute Force -XSS,0.01,0.6666666666666666,1.0,True
476676,DoS attacks-SlowHTTPTest,0.01,0.6666666666666666,0.1111111111111111,True
476835,DDOS attack-LOIC-UDP,0.01,0.6666666666666666,1.0,False
477610,DoS attacks-GoldenEye,0.01,1.0,0.25,True
477734,DDoS attacks-LOIC-HTTP,0.01,0.25,0.0,True
477804,Benign,0.01,0.25,1.0,False
478158,Benign,0.01,0.25,1.0,False
478730,DDOS attack-LOIC-UDP,0.01,0.42857142857142855,1.0,False
480588,Benign,0.01,0.42857142857142855,1.0,False
481014,SSH-Bruteforce,0.01,0.25,0.42857142857142855,True
481737,SSH-Bruteforce,0.01,0.1111111111111111,0.0,True
482959,SSH-Bruteforce,0.01,0.25,0.6666666666666666,True
483707,Brute Force -Web,0.01,0.6666666666666666,0.25,True
484737,Bot,0.01,0.25,0.1111111111111111,True
485929,DoS attacks-Slowloris,0.01,0.6666666666666666,1.0,False
486892,DDOS attack-HOIC,0.01,0.6666666666666666,0.1111111111111111,True
486934,DDoS attacks-LOIC-HTTP,0.01,0.42857142857142855,0.0,True
487209,DoS attacks-GoldenEye,0.01,0.42857142857142855,0.1111111111111111,True
487263,DDOS attack-LOIC-UDP,0.01,0.42857142857142855,1.0,True
487387,DDoS attacks-LOIC-HTTP,0.01,0.42857142857142855,0.0,True
488135,Benign,0.01,0.42857142857142855,1.0,False
488231,Bot,0.01,0.1111111111111111,0.0,True
488992,DoS attacks-GoldenEye,0.01,0.6666666666666666,0.25,False
489470,DoS attacks-GoldenEye,0.01,0.42857142857142855,0.1111111111111111,True
489800,SSH-Bruteforce,0.01,0.6666666666666666,0.42857142857142855,False
490284,Benign,0.01,0.6666666666666666,0.1111111111111111,False
490420,Benign,0.01,0.42857142857142855,0.6666666666666666,False
491715,DoS attacks-SlowHTTPTest,0.01,0.25,0.42857142857142855,True
491728,DDOS attack-LOIC-UDP,0.01,0.6666666666666666,1.0,True
492002,DoS attacks-SlowHTTPTest,0.01,0.42857142857142855,0.42857142857142855,True
492969,DDOS attack-LOIC-UDP,0.01,0.42857142857142855,1.0,False
493521,DDOS attack-LOIC-UDP,0.01,0.42857142857142855,1.0,False
494286,DoS attacks-GoldenEye,0.01,0.42857142857142855,0.42857142857142855,True
494413,Infilteration,0.01,0.25,0.25,True
495591,DDoS attacks-LOIC-HTTP,0.01,0.6666666666666666,0.0,True
496053,DoS attacks-Hulk,0.01,0.6666666666666666,0.25,True
496791,Bot,0.01,0.25,0.25,True
496970,DoS attacks-Hulk,0.01,0.42857142857142855,0.1111111111111111,True
497795,DDOS attack-LOIC-UDP,0.01,0.6666666666666666,1.0,False
498379,Brute Force -Web,0.01,0.6666666666666666,1.0,True
498583,Infilteration,0.01,0.25,0.1111111111111111,True
498647,Brute Force -Web,0.01,0.42857142857142855,0.1111111111111111,True
498915,DoS attacks-Slowloris,0.01,0.6666666666666666,0.6666666666666666,False
499022,Bot,0.01,0.42857142857142855,0.1111111111111111,True
499151,SSH-Bruteforce,0.01,0.42857142857142855,0.0,True
499280,DoS attacks-GoldenEye,0.01,0.42857142857142855,0.42857142857142855,False
499490,DoS attacks-Slowloris,0.01,1.0,0.6666666666666666,False
500197,Bot,0.01,0.25,0.1111111111111111,True
500247,DoS attacks-Slowloris,0.01,0.6666666666666666,0.6666666666666666,False
500277,DoS attacks-GoldenEye,0.01,0.42857142857142855,0.1111111111111111,True
500639,DoS attacks-GoldenEye,0.01,0.6666666666666666,0.42857142857142855,False
501343,DoS attacks-SlowHTTPTest,0.01,0.42857142857142855,0.0,True
501715,DoS attacks-Hulk,0.01,0.42857142857142855,0.1111111111111111,True
501916,DDOS attack-HOIC,0.01,0.6666666666666666,0.0,True
502356,Benign,0.01,0.42857142857142855,0.6666666666666666,False
502711,Infilteration,0.01,0.25,0.6666666666666666,True
503052,Brute Force -XSS,0.01,0.6666666666666666,1.0,True
504769,DoS attacks-SlowHTTPTest,0.01,0.42857142857142855,0.1111111111111111,True
507562,DDOS attack-HOIC,0.01,0.6666666666666666,0.1111111111111111,True
507576,FTP-BruteForce,0.01,0.6666666666666666,0.1111111111111111,True
509162,Infilteration,0.01,0.6666666666666666,1.0,False
509759,DoS attacks-GoldenEye,0.01,0.25,0.1111111111111111,True
509950,DoS attacks-Hulk,0.01,0.42857142857142855,0.25,True
510614,Bot,0.01,0.1111111111111111,0.0,True
510672,FTP-BruteForce,0.01,0.42857142857142855,0.0,True
511057,DoS attacks-Hulk,0.01,0.6666666666666666,0.1111111111111111,True
511838,SSH-Bruteforce,0.01,0.42857142857142855,1.0,True
512234,DDoS attacks-LOIC-HTTP,0.01,0.6666666666666666,0.0,True
512406,Infilteration,0.01,0.25,0.1111111111111111,True
513915,DDoS attacks-LOIC-HTTP,0.01,0.25,0.0,True
513948,FTP-BruteForce,0.01,0.6666666666666666,0.42857142857142855,False
514169,FTP-BruteForce,0.01,0.6666666666666666,0.6666666666666666,False
514378,Brute Force -Web,0.01,0.6666666666666666,0.0,True
514487,Infilteration,0.01,0.25,0.1111111111111111,True
515246,Benign,0.01,0.6666666666666666,0.6666666666666666,False
515335,Infilteration,0.01,0.42857142857142855,0.1111111111111111,True
515574,DoS attacks-Hulk,0.01,0.42857142857142855,0.1111111111111111,True
515837,DoS attacks-Hulk,0.01,0.42857142857142855,0.25,True
516812,DoS attacks-Slowloris,0.01,0.42857142857142855,0.1111111111111111,True
517291,Brute Force -Web,0.01,0.6666666666666666,0.25,True
517324,DoS attacks-Slowloris,0.01,0.42857142857142855,0.25,True
517438,DoS attacks-SlowHTTPTest,0.01,0.42857142857142855,0.42857142857142855,True
517938,DDOS attack-HOIC,0.01,0.6666666666666666,0.0,True
518001,Infilteration,0.01,0.6666666666666666,0.6666666666666666,False
518108,DDOS attack-HOIC,0.01,0.6666666666666666,0.0,True
518911,Infilteration,0.01,0.25,0.1111111111111111,True
519101,DoS attacks-SlowHTTPTest,0.01,0.6666666666666666,0.0,True
519731,DDoS attacks-LOIC-HTTP,0.01,0.25,0.0,True
519793,Infilteration,0.01,0.25,0.25,True
519990,Brute Force -Web,0.01,0.6666666666666666,1.0,True
520651,Benign,0.01,0.6666666666666666,0.6666666666666666,False
520811,Brute Force -Web,0.01,0.6666666666666666,1.0,True
521292,DoS attacks-Slowloris,0.01,1.0,0.6666666666666666,False
521385,DoS attacks-GoldenEye,0.01,0.6666666666666666,0.42857142857142855,True
521409,Infilteration,0.01,0.25,0.42857142857142855,True
521524,DoS attacks-Slowloris,0.01,1.0,1.0,False
521606,Benign,0.01,0.42857142857142855,0.25,False
521700,Brute Force -XSS,0.01,0.42857142857142855,0.0,True
521833,DoS attacks-Slowloris,0.01,0.6666666666666666,0.25,True
522204,Brute Force -XSS,0.01,0.25,0.1111111111111111,True
522450,DoS attacks-Hulk,0.01,0.6666666666666666,0.1111111111111111,True
522606,Infilteration,0.01,0.25,0.6666666666666666,True
522632,DDoS attacks-LOIC-HTTP,0.01,0.42857142857142855,0.0,True
524341,Brute Force -Web,0.01,0.6666666666666666,0.1111111111111111,True
524431,DoS attacks-SlowHTTPTest,0.01,0.25,0.1111111111111111,True
524740,Bot,0.01,0.25,0.25,False
524824,FTP-BruteForce,0.01,0.6666666666666666,0.6666666666666666,True
525152,DoS attacks-Slowloris,0.01,0.42857142857142855,1.0,False
525166,DoS attacks-GoldenEye,0.01,0.42857142857142855,0.42857142857142855,True
525261,Bot,0.01,0.25,0.0,True
525466,DDOS attack-HOIC,0.01,0.6666666666666666,0.1111111111111111,True
527604,Brute Force -Web,0.01,0.42857142857142855,0.1111111111111111,True
527622,DoS attacks-SlowHTTPTest,0.01,0.42857142857142855,0.25,True
528023,DDOS attack-LOIC-UDP,0.01,0.25,1.0,False
528258,Bot,0.01,0.25,0.1111111111111111,True
528901,DDOS attack-HOIC,0.01,0.6666666666666666,0.1111111111111111,True
529044,DDOS attack-LOIC-UDP,0.01,0.6666666666666666,1.0,False
529520,FTP-BruteForce,0.01,0.42857142857142855,1.0,True
529556,DoS attacks-Hulk,0.01,0.42857142857142855,0.1111111111111111,True
530909,Benign,0.01,0.25,0.0,False
531225,Brute Force -Web,0.01,0.42857142857142855,0.1111111111111111,True
531607,FTP-BruteForce,0.01,0.6666666666666666,0.6666666666666666,True
531733,DoS attacks-Hulk,0.01,0.6666666666666666,0.1111111111111111,True
532195,Benign,0.01,0.6666666666666666,0.42857142857142855,False
532287,DoS attacks-GoldenEye,0.01,0.42857142857142855,0.1111111111111111,True
532375,DoS attacks-GoldenEye,0.01,0.6666666666666666,0.1111111111111111,True
533025,Benign,0.01,1.0,0.25,False
533710,DDOS attack-LOIC-UDP,0.01,0.25,1.0,False
534876,DoS attacks-Slowloris,0.01,0.6666666666666666,0.6666666666666666,False
535830,DDOS attack-LOIC-UDP,0.01,0.42857142857142855,1.0,False
535970,DDOS attack-LOIC-UDP,0.01,0.42857142857142855,1.0,True
537128,DDOS attack-HOIC,0.01,0.6666666666666666,0.1111111111111111,True
537276,DDOS attack-HOIC,0.01,0.6666666666666666,0.1111111111111111,True
537705,Benign,0.01,0.6666666666666666,1.0,False
537964,SSH-Bruteforce,0.01,0.42857142857142855,0.42857142857142855,True
537993,Infilteration,0.01,0.6666666666666666,0.1111111111111111,True
538093,Bot,0.01,0.25,0.1111111111111111,True
538599,DDoS attacks-LOIC-HTTP,0.01,0.42857142857142855,0.0,True
539630,DoS attacks-Hulk,0.01,0.42857142857142855,0.25,True
540528,FTP-BruteForce,0.01,0.6666666666666666,0.6666666666666666,True
541526,DDoS attacks-LOIC-HTTP,0.01,0.42857142857142855,0.1111111111111111,True
541726,DoS attacks-Hulk,0.01,0.6666666666666666,0.0,True
541907,Benign,0.01,0.6666666666666666,1.0,False
542057,DDoS attacks-LOIC-HTTP,0.01,0.42857142857142855,0.0,True
542466,Infilteration,0.01,0.25,0.25,True
542478,SSH-Bruteforce,0.01,0.42857142857142855,0.25,True
542508,Bot,0.01,0.42857142857142855,0.0,True
542957,DoS attacks-GoldenEye,0.01,0.6666666666666666,0.25,True
544187,DDoS attacks-LOIC-HTTP,0.01,0.42857142857142855,0.0,True
544602,DDOS attack-HOIC,0.01,0.42857142857142855,0.0,True
544810,Bot,0.01,0.25,0.0,True
544974,DoS attacks-Hulk,0.01,0.42857142857142855,0.1111111111111111,True
545075,Benign,0.01,0.42857142857142855,0.6666666666666666,False
545791,Bot,0.01,0.1111111111111111,0.0,True
546990,DoS attacks-Slowloris,0.01,0.6666666666666666,1.0,True
547278,Benign,0.01,0.6666666666666666,0.6666666666666666,False
547723,DoS attacks-GoldenEye,0.01,0.25,0.1111111111111111,True
547988,DDOS attack-LOIC-UDP,0.01,0.6666666666666666,1.0,False
549022,Brute Force -Web,0.01,0.42857142857142855,0.25,True
550193,Bot,0.01,0.25,0.0,True
550265,DDOS attack-HOIC,0.01,0.6666666666666666,0.1111111111111111,True
550396,Benign,0.01,0.25,0.42857142857142855,False
552215,DoS attacks-Slowloris,0.01,0.6666666666666666,0.0,True
554166,DoS attacks-Hulk,0.01,0.42857142857142855,0.0,True
555257,SSH-Bruteforce,0.01,0.42857142857142855,0.42857142857142855,True
555404,SSH-Bruteforce,0.01,0.25,0.0,True
556016,DoS attacks-Slowloris,0.01,0.6666666666666666,1.0,True
556032,Brute Force -XSS,0.01,1.0,1.0,True
557077,SQL Injection,0.01,0.6666666666666666,0.6666666666666666,True
557127,Benign,0.01,0.6666666666666666,0.6666666666666666,False
557149,DoS attacks-GoldenEye,0.01,1.0,0.25,True
557389,SSH-Bruteforce,0.01,1.0,0.0,True
557903,DoS attacks-Slowloris,0.01,0.6666666666666666,0.6666666666666666,False
558168,DDoS attacks-LOIC-HTTP,0.01,0.42857142857142855,0.42857142857142855,False
558395,DDoS attacks-LOIC-HTTP,0.01,0.25,0.0,True
559195,DDOS attack-HOIC,0.01,0.6666666666666666,0.1111111111111111,True
559359,SSH-Bruteforce,0.01,0.42857142857142855,1.0,False
559418,Brute Force -XSS,0.01,0.6666666666666666,1.0,True
559553,DoS attacks-Hulk,0.01,0.42857142857142855,0.1111111111111111,True
559606,DoS attacks-Hulk,0.01,0.6666666666666666,0.42857142857142855,True
559993,DoS attacks-Hulk,0.01,0.42857142857142855,0.42857142857142855,True
560536,Bot,0.01,0.42857142857142855,0.25,True
561213,Bot,0.01,0.25,0.1111111111111111,True
561935,DoS attacks-GoldenEye,0.01,0.6666666666666666,0.0,True
562873,DoS attacks-Slowloris,0.01,0.6666666666666666,0.6666666666666666,False
563135,DDoS attacks-LOIC-HTTP,0.01,0.6666666666666666,0.0,True
563562,Benign,0.01,0.42857142857142855,0.6666666666666666,False
563636,DDOS attack-HOIC,0.01,0.6666666666666666,0.0,True
564150,DoS attacks-Hulk,0.01,0.6666666666666666,0.1111111111111111,True
564226,DDOS attack-HOIC,0.01,0.6666666666666666,0.0,True
564802,DDOS attack-LOIC-UDP,0.01,0.25,1.0,True
565427,DoS attacks-SlowHTTPTest,0.01,0.42857142857142855,0.1111111111111111,True
566199,FTP-BruteForce,0.01,0.42857142857142855,0.6666666666666666,True
566348,DoS attacks-Slowloris,0.01,1.0,1.0,False
567518,DDoS attacks-LOIC-HTTP,0.01,0.25,0.0,True
567714,Brute Force -Web,0.01,0.6666666666666666,1.0,True
567877,DoS attacks-SlowHTTPTest,0.01,0.25,0.42857142857142855,True
568399,DoS attacks-GoldenEye,0.01,0.6666666666666666,0.42857142857142855,False
568838,SSH-Bruteforce,0.01,0.25,0.42857142857142855,True
570118,DoS attacks-GoldenEye,0.01,1.0,0.6666666666666666,False
571598,DDoS attacks-LOIC-HTTP,0.01,0.6666666666666666,0.25,True
571642,DDoS attacks-LOIC-HTTP,0.01,0.42857142857142855,0.1111111111111111,True
572379,Brute Force -XSS,0.01,0.25,0.0,True
573111,DoS attacks-Hulk,0.01,0.42857142857142855,0.1111111111111111,True
573424,Brute Force -XSS,0.01,0.42857142857142855,0.0,True
573771,DoS attacks-GoldenEye,0.01,0.42857142857142855,0.1111111111111111,True
573880,DDOS attack-LOIC-UDP,0.01,0.25,1.0,False
574170,DoS attacks-Hulk,0.01,0.6666666666666666,0.1111111111111111,True
576116,Benign,0.01,0.42857142857142855,0.6666666666666666,False
576152,DoS attacks-GoldenEye,0.01,0.6666666666666666,1.0,False
577200,Brute Force -Web,0.01,0.6666666666666666,0.1111111111111111,True
577695,SSH-Bruteforce,0.01,0.6666666666666666,0.42857142857142855,True
578079,DoS attacks-GoldenEye,0.01,0.25,0.42857142857142855,False
578698,DDOS attack-HOIC,0.01,0.42857142857142855,0.0,True
579553,Benign,0.01,0.6666666666666666,0.0,False
579853,DoS attacks-GoldenEye,0.01,0.42857142857142855,0.1111111111111111,True
579978,Infilteration,0.01,0.25,0.6666666666666666,True
581136,DoS attacks-Slowloris,0.01,0.42857142857142855,0.0,True
581490,DDOS attack-HOIC,0.01,0.6666666666666666,0.0,True
582425,Infilteration,0.01,0.42857142857142855,0.25,True
582433,FTP-BruteForce,0.01,0.42857142857142855,0.42857142857142855,False
582648,DoS attacks-Slowloris,0.01,1.0,0.6666666666666666,True
582796,Benign,0.01,0.25,0.1111111111111111,False
583069,Benign,0.01,0.25,1.0,False
583318,DDoS attacks-LOIC-HTTP,0.01,0.42857142857142855,0.0,True
583369,SSH-Bruteforce,0.01,0.25,0.42857142857142855,True
584457,DDoS attacks-LOIC-HTTP,0.01,0.6666666666666666,0.0,True
584834,SSH-Bruteforce,0.01,0.25,0.25,True
585332,SSH-Bruteforce,0.01,0.25,0.6666666666666666,True
585380,FTP-BruteForce,0.01,0.42857142857142855,0.1111111111111111,True
586218,DoS attacks-GoldenEye,0.01,0.6666666666666666,0.42857142857142855,False
588010,DoS attacks-GoldenEye,0.01,0.6666666666666666,0.0,True
588054,Benign,0.01,0.42857142857142855,1.0,False
588844,DDOS attack-HOIC,0.01,0.6666666666666666,0.1111111111111111,True
589312,DoS attacks-Slowloris,0.01,0.6666666666666666,1.0,False
589510,Benign,0.01,0.6666666666666666,0.6666666666666666,False
589863,DDoS attacks-LOIC-HTTP,0.01,0.25,0.0,True
590538,Bot,0.01,0.25,0.1111111111111111,True
590726,DDOS attack-LOIC-UDP,0.01,0.42857142857142855,1.0,True
591248,FTP-BruteForce,0.01,0.6666666666666666,0.0,True
592051,DDoS attacks-LOIC-HTTP,0.01,0.25,0.1111111111111111,True
592647,FTP-BruteForce,0.01,0.6666666666666666,0.25,True
593418,DDOS attack-HOIC,0.01,0.6666666666666666,0.0,True
593460,DDoS attacks-LOIC-HTTP,0.01,0.42857142857142855,0.6666666666666666,False
593561,FTP-BruteForce,0.01,0.42857142857142855,0.42857142857142855,True
593630,DoS attacks-GoldenEye,0.01,0.42857142857142855,0.1111111111111111,True
593714,Bot,0.01,0.25,0.0,True
594014,Infilteration,0.01,0.42857142857142855,0.25,True
595185,DDoS attacks-LOIC-HTTP,0.01,0.42857142857142855,0.0,True
598293,Brute Force -XSS,0.01,0.6666666666666666,1.0,False
599120,DoS attacks-Hulk,0.01,0.42857142857142855,0.1111111111111111,True
599229,DoS attacks-SlowHTTPTest,0.01,0.6666666666666666,0.0,True
599616,DoS attacks-Hulk,0.01,0.42857142857142855,0.25,True
599680,FTP-BruteForce,0.01,0.42857142857142855,0.6666666666666666,True
599997,SSH-Bruteforce,0.01,0.42857142857142855,0.0,True
601076,Benign,0.01,0.42857142857142855,0.6666666666666666,False
601248,Benign,0.01,0.25,0.6666666666666666,False
601870,DDoS attacks-LOIC-HTTP,0.01,0.42857142857142855,0.0,True
602139,FTP-BruteForce,0.01,0.42857142857142855,0.6666666666666666,True
603609,DoS attacks-GoldenEye,0.01,0.42857142857142855,0.25,True
604009,FTP-BruteForce,0.01,0.42857142857142855,0.1111111111111111,False
604303,DoS attacks-Hulk,0.01,0.6666666666666666,0.25,True
604387,DoS attacks-Hulk,0.01,0.42857142857142855,0.25,True
604539,DoS attacks-SlowHTTPTest,0.01,0.6666666666666666,0.0,True
605097,DDOS attack-HOIC,0.01,1.0,0.0,True
608011,DDOS attack-HOIC,0.01,0.6666666666666666,0.1111111111111111,True
611192,DoS attacks-Hulk,0.01,0.42857142857142855,0.1111111111111111,True
611363,DoS attacks-Slowloris,0.01,0.6666666666666666,1.0,False
612695,Brute Force -Web,0.01,0.6666666666666666,1.0,False
613099,DoS attacks-Hulk,0.01,0.42857142857142855,1.0,True
613326,DDoS attacks-LOIC-HTTP,0.01,0.42857142857142855,0.1111111111111111,True
613991,SSH-Bruteforce,0.01,0.42857142857142855,0.6666666666666666,True
614266,Brute Force -Web,0.01,0.6666666666666666,0.1111111111111111,True
614472,Brute Force -Web,0.01,0.6666666666666666,1.0,True
615058,DoS attacks-SlowHTTPTest,0.01,0.6666666666666666,0.0,True
615305,Infilteration,0.01,0.25,0.42857142857142855,True
617223,FTP-BruteForce,0.01,0.25,0.6666666666666666,True
618278,DoS attacks-SlowHTTPTest,0.01,0.25,0.1111111111111111,True
618502,DoS attacks-GoldenEye,0.01,1.0,0.1111111111111111,True
618663,Brute Force -Web,0.01,0.6666666666666666,1.0,True
619868,SSH-Bruteforce,0.01,0.25,0.0,True
619955,Infilteration,0.01,0.42857142857142855,0.6666666666666666,True
621179,DoS attacks-SlowHTTPTest,0.01,0.6666666666666666,0.0,True
621479,DDOS attack-LOIC-UDP,0.01,0.42857142857142855,1.0,True
621707,DDOS attack-LOIC-UDP,0.01,0.6666666666666666,1.0,False
621721,Benign,0.01,0.25,1.0,False
622745,FTP-BruteForce,0.01,0.42857142857142855,0.1111111111111111,True
623338,DDOS attack-LOIC-UDP,0.01,0.42857142857142855,1.0,False
623373,DoS attacks-SlowHTTPTest,0.01,0.42857142857142855,0.25,True
624337,DoS attacks-SlowHTTPTest,0.01,0.42857142857142855,0.1111111111111111,True
625380,Benign,0.01,0.42857142857142855,0.25,False
625897,Brute Force -Web,0.01,0.6666666666666666,0.42857142857142855,True
626041,DDoS attacks-LOIC-HTTP,0.01,0.42857142857142855,0.42857142857142855,True
626359,DDOS attack-LOIC-UDP,0.01,0.25,1.0,False
626557,Bot,0.01,0.25,0.0,True
626936,Infilteration,0.01,0.25,0.25,True
627642,DoS attacks-GoldenEye,0.01,0.42857142857142855,0.1111111111111111,True
628503,DoS attacks-SlowHTTPTest,0.01,0.6666666666666666,0.1111111111111111,True
628867,Benign,0.01,1.0,1.0,False
629734,Brute Force -Web,0.01,0.6666666666666666,1.0,True
629869,Bot,0.01,0.42857142857142855,0.1111111111111111,True
630081,Brute Force -XSS,0.01,0.6666666666666666,0.6666666666666666,True
630267,Infilteration,0.01,0.25,0.0,True
630346,DoS attacks-Hulk,0.01,0.25,0.1111111111111111,True
630869,DoS attacks-Slowloris,0.01,0.6666666666666666,1.0,False
632131,DoS attacks-Slowloris,0.01,0.42857142857142855,0.6666666666666666,True
634085,Benign,0.01,0.6666666666666666,0.6666666666666666,False
634574,DoS attacks-Hulk,0.01,0.42857142857142855,0.1111111111111111,True
634683,DDoS attacks-LOIC-HTTP,0.01,0.25,0.0,True
635547,DDoS attacks-LOIC-HTTP,0.01,0.6666666666666666,0.1111111111111111,True
636981,DoS attacks-Slowloris,0.01,0.6666666666666666,1.0,False
637590,SSH-Bruteforce,0.01,0.42857142857142855,0.1111111111111111,True
638042,DDOS attack-LOIC-UDP,0.01,0.42857142857142855,1.0,True
639924,DoS attacks-GoldenEye,0.01,0.25,0.1111111111111111,True
640704,DDoS attacks-LOIC-HTTP,0.01,0.42857142857142855,0.0,True
641203,DoS attacks-GoldenEye,0.01,0.25,0.1111111111111111,True
641423,Brute Force -Web,0.01,0.6666666666666666,1.0,True
643020,Bot,0.01,0.25,0.1111111111111111,True
644030,DoS attacks-Slowloris,0.01,0.6666666666666666,0.6666666666666666,False
644516,DDOS attack-LOIC-UDP,0.01,0.25,1.0,True
645490,DoS attacks-Slowloris,0.01,0.6666666666666666,0.42857142857142855,True
645824,Benign,0.01,0.6666666666666666,0.1111111111111111,False
645970,DDOS attack-LOIC-UDP,0.01,0.42857142857142855,1.0,True
647108,DoS attacks-Hulk,0.01,0.6666666666666666,0.25,True
647221,DDOS attack-HOIC,0.01,0.6666666666666666,0.0,True
648394,DDoS attacks-LOIC-HTTP,0.01,0.25,0.1111111111111111,True
648518,DDOS attack-HOIC,0.01,0.6666666666666666,0.1111111111111111,True
648720,DDOS attack-HOIC,0.01,0.6666666666666666,0.0,True
648799,Benign,0.01,0.6666666666666666,0.42857142857142855,False
649611,FTP-BruteForce,0.01,0.6666666666666666,0.25,True
650282,Infilteration,0.01,0.25,0.1111111111111111,True
651601,SSH-Bruteforce,0.01,0.42857142857142855,0.6666666666666666,True
651743,Brute Force -XSS,0.01,1.0,1.0,True
652157,DoS attacks-Hulk,0.01,0.42857142857142855,0.1111111111111111,True
652478,DoS attacks-SlowHTTPTest,0.01,0.42857142857142855,0.1111111111111111,True
652768,DDOS attack-HOIC,0.01,1.0,0.1111111111111111,True
652891,Bot,0.01,0.25,0.1111111111111111,True
653069,DDOS attack-HOIC,0.01,0.6666666666666666,0.1111111111111111,True
653140,DDOS attack-HOIC,0.01,0.6666666666666666,0.1111111111111111,True
654204,DoS attacks-GoldenEye,0.01,0.42857142857142855,1.0,True
654211,FTP-BruteForce,0.01,0.42857142857142855,0.25,True
654258,DDOS attack-LOIC-UDP,0.01,0.42857142857142855,1.0,False
654276,Brute Force -Web,0.01,0.6666666666666666,0.1111111111111111,True
654496,FTP-BruteForce,0.01,1.0,0.1111111111111111,True
654659,DoS attacks-Slowloris,0.01,0.6666666666666666,1.0,False
654908,FTP-BruteForce,0.01,0.42857142857142855,0.6666666666666666,True
655627,Infilteration,0.01,0.25,0.25,True
656860,SSH-Bruteforce,0.01,0.25,0.0,True
658282,Benign,0.01,0.42857142857142855,1.0,False
658852,SSH-Bruteforce,0.01,0.42857142857142855,0.6666666666666666,True
661309,SSH-Bruteforce,0.01,0.1111111111111111,0.25,False
661657,DoS attacks-GoldenEye,0.01,0.42857142857142855,0.25,True
662079,Brute Force -Web,0.01,0.6666666666666666,0.1111111111111111,True
662125,DoS attacks-SlowHTTPTest,0.01,0.42857142857142855,0.25,True
662490,DDOS attack-LOIC-UDP,0.01,0.6666666666666666,1.0,True
663020,Brute Force -Web,0.01,0.6666666666666666,0.42857142857142855,True
663131,FTP-BruteForce,0.01,0.42857142857142855,0.1111111111111111,True
665093,Bot,0.01,0.42857142857142855,0.1111111111111111,True
665181,DoS attacks-GoldenEye,0.01,0.6666666666666666,0.25,False
665520,DoS attacks-SlowHTTPTest,0.01,0.6666666666666666,0.25,True
665609,DDOS attack-LOIC-UDP,0.01,0.6666666666666666,1.0,False
665639,Brute Force -Web,0.01,0.42857142857142855,1.0,True
667343,DoS attacks-Hulk,0.01,0.6666666666666666,0.1111111111111111,True
667959,Bot,0.01,0.25,0.25,True
668300,Bot,0.01,0.6666666666666666,0.42857142857142855,True
668437,DDOS attack-HOIC,0.01,1.0,0.0,True
668596,Infilteration,0.01,0.42857142857142855,0.25,True
668972,DoS attacks-Slowloris,0.01,0.42857142857142855,0.0,True
669816,Brute Force -XSS,0.01,1.0,1.0,True
671747,DDOS attack-HOIC,0.01,0.42857142857142855,0.42857142857142855,True
671863,DoS attacks-Hulk,0.01,0.6666666666666666,0.1111111111111111,True
672527,DDoS attacks-LOIC-HTTP,0.01,0.42857142857142855,0.1111111111111111,True
672743,DoS attacks-Hulk,0.01,0.42857142857142855,0.42857142857142855,True
673338,DoS attacks-Hulk,0.01,0.42857142857142855,0.1111111111111111,True
674573,Bot,0.01,0.42857142857142855,0.0,True
675570,DDoS attacks-LOIC-HTTP,0.01,0.42857142857142855,0.0,True
675775,DDOS attack-HOIC,0.01,0.6666666666666666,0.0,True
675840,Infilteration,0.01,0.1111111111111111,0.25,True
675988,DoS attacks-Slowloris,0.01,0.6666666666666666,0.6666666666666666,True
676095,Brute Force -Web,0.01,0.6666666666666666,1.0,True
676164,FTP-BruteForce,0.01,0.6666666666666666,0.6666666666666666,False
676553,DDoS attacks-LOIC-HTTP,0.01,0.42857142857142855,0.0,True
677383,DDOS attack-LOIC-UDP,0.01,0.42857142857142855,1.0,False
677402,Infilteration,0.01,0.0,0.42857142857142855,True
677410,Benign,0.01,0.6666666666666666,0.6666666666666666,False
677440,DDOS attack-HOIC,0.01,1.0,0.0,True
677546,FTP-BruteForce,0.01,0.25,0.0,True
677734,DoS attacks-Hulk,0.01,0.42857142857142855,0.1111111111111111,True
678287,DoS attacks-Hulk,0.01,0.42857142857142855,0.1111111111111111,True
678955,DoS attacks-Slowloris,0.01,0.1111111111111111,0.1111111111111111,True
679069,DDOS attack-HOIC,0.01,0.6666666666666666,0.1111111111111111,True
679619,Benign,0.01,0.6666666666666666,0.42857142857142855,False
680342,DDOS attack-HOIC,0.01,1.0,0.1111111111111111,True
681271,Infilteration,0.01,0.1111111111111111,0.25,True
681491,DoS attacks-Slowloris,0.01,0.42857142857142855,1.0,False
681628,SSH-Bruteforce,0.01,0.42857142857142855,0.0,True
681904,SSH-Bruteforce,0.01,0.6666666666666666,0.42857142857142855,True
683028,Benign,0.01,1.0,0.6666666666666666,False
683559,DoS attacks-Hulk,0.01,0.6666666666666666,0.1111111111111111,True
685076,DDoS attacks-LOIC-HTTP,0.01,0.42857142857142855,0.1111111111111111,True
685101,DoS attacks-Hulk,0.01,0.42857142857142855,0.1111111111111111,True
685591,Brute Force -Web,0.01,0.6666666666666666,1.0,True
685888,DDoS attacks-LOIC-HTTP,0.01,0.42857142857142855,0.0,True
686965,DoS attacks-Hulk,0.01,0.42857142857142855,0.25,True
687272,DoS attacks-Hulk,0.01,0.6666666666666666,0.1111111111111111,True
687709,DDOS attack-LOIC-UDP,0.01,0.25,1.0,True
688091,DoS attacks-SlowHTTPTest,0.01,0.42857142857142855,0.1111111111111111,True
688116,DoS attacks-GoldenEye,0.01,0.42857142857142855,0.1111111111111111,True
688353,DoS attacks-GoldenEye,0.01,0.6666666666666666,0.1111111111111111,True
688491,DoS attacks-Hulk,0.01,0.6666666666666666,0.1111111111111111,True
690668,Bot,0.01,0.25,0.0,True
690954,DoS attacks-GoldenEye,0.01,0.6666666666666666,0.42857142857142855,False
691115,Infilteration,0.01,0.25,0.25,True
691430,Brute Force -Web,0.01,0.6666666666666666,0.0,True
691842,DDOS attack-LOIC-UDP,0.01,0.42857142857142855,1.0,True
692199,SSH-Bruteforce,0.01,0.6666666666666666,0.1111111111111111,True
692563,DoS attacks-SlowHTTPTest,0.01,0.6666666666666666,0.0,True
692621,DDOS attack-LOIC-UDP,0.01,0.42857142857142855,1.0,False
692937,DoS attacks-Slowloris,0.01,0.6666666666666666,1.0,False
692939,Infilteration,0.01,0.25,0.25,False
693701,SSH-Bruteforce,0.01,0.42857142857142855,0.0,True
693916,DoS attacks-SlowHTTPTest,0.01,0.42857142857142855,0.1111111111111111,True
695058,Brute Force -XSS,0.01,0.6666666666666666,0.0,True
695638,SSH-Bruteforce,0.01,0.42857142857142855,0.0,True
695843,Brute Force -XSS,0.01,0.25,0.0,True
696696,DDoS attacks-LOIC-HTTP,0.01,0.42857142857142855,0.6666666666666666,False
697064,DDOS attack-HOIC,0.01,0.6666666666666666,0.0,True
697275,SSH-Bruteforce,0.01,0.42857142857142855,0.1111111111111111,True
697769,Brute Force -Web,0.01,0.6666666666666666,1.0,True
698426,DDoS attacks-LOIC-HTTP,0.01,0.25,0.1111111111111111,True
698783,DoS attacks-GoldenEye,0.01,0.6666666666666666,0.6666666666666666,False
172,DoS attacks-SlowHTTPTest,0.05,0.6666666666666666,0.1111111111111111,True
731,SSH-Bruteforce,0.05,0.6666666666666666,0.25,True
787,DoS attacks-SlowHTTPTest,0.05,0.42857142857142855,0.1111111111111111,True
1256,Infilteration,0.05,0.1111111111111111,0.1111111111111111,True
1582,Brute Force -Web,0.05,0.42857142857142855,0.1111111111111111,True
3338,DoS attacks-Hulk,0.05,0.42857142857142855,0.25,True
3495,DoS attacks-Hulk,0.05,0.25,0.25,True
3770,DDoS attacks-LOIC-HTTP,0.05,0.6666666666666666,0.25,True
3784,DDoS attacks-LOIC-HTTP,0.05,0.25,0.0,True
4054,Brute Force -Web,0.05,0.6666666666666666,0.25,True
4327,DoS attacks-Slowloris,0.05,0.6666666666666666,0.6666666666666666,True
4463,DDOS attack-HOIC,0.05,0.42857142857142855,0.1111111111111111,True
4725,Brute Force -XSS,0.05,1.0,1.0,True
5100,SSH-Bruteforce,0.05,0.42857142857142855,0.42857142857142855,True
5906,DoS attacks-Hulk,0.05,0.42857142857142855,0.25,True
6234,FTP-BruteForce,0.05,0.6666666666666666,0.25,True
8793,DDoS attacks-LOIC-HTTP,0.05,0.25,0.0,True
8844,DoS attacks-GoldenEye,0.05,0.6666666666666666,0.1111111111111111,True
9514,DDOS attack-HOIC,0.05,0.42857142857142855,0.0,True
10459,DDoS attacks-LOIC-HTTP,0.05,1.0,0.0,True
11309,Brute Force -Web,0.05,0.6666666666666666,1.0,True
11329,DDoS attacks-LOIC-HTTP,0.05,0.42857142857142855,0.25,False
11840,DoS attacks-Slowloris,0.05,0.42857142857142855,0.42857142857142855,True
11950,DDOS attack-HOIC,0.05,0.42857142857142855,0.0,True
12033,DDOS attack-HOIC,0.05,0.6666666666666666,0.0,True
12163,DoS attacks-GoldenEye,0.05,0.25,0.1111111111111111,True
12365,Brute Force -Web,0.05,0.6666666666666666,0.25,True
13242,Infilteration,0.05,0.1111111111111111,0.1111111111111111,True
13566,DoS attacks-Slowloris,0.05,0.6666666666666666,0.6666666666666666,True
13946,DoS attacks-SlowHTTPTest,0.05,0.42857142857142855,0.1111111111111111,True
14215,Bot,0.05,0.25,0.0,True
15658,Brute Force -XSS,0.05,0.6666666666666666,1.0,True
15924,SSH-Bruteforce,0.05,0.25,0.42857142857142855,True
16366,Bot,0.05,0.1111111111111111,0.0,True
17100,DDOS attack-HOIC,0.05,0.6666666666666666,0.0,True
17227,DoS attacks-Slowloris,0.05,0.6666666666666666,0.0,True
17228,DDOS attack-HOIC,0.05,0.6666666666666666,0.0,True
17231,DDoS attacks-LOIC-HTTP,0.05,0.25,0.0,True
17866,DDOS attack-LOIC-UDP,0.05,0.42857142857142855,1.0,False
18255,SSH-Bruteforce,0.05,0.6666666666666666,0.25,True
18302,DoS attacks-SlowHTTPTest,0.05,0.6666666666666666,0.0,True
19068,Brute Force -XSS,0.05,0.6666666666666666,1.0,True
20056,Brute Force -XSS,0.05,0.42857142857142855,1.0,True
20734,DDoS attacks-LOIC-HTTP,0.05,0.25,0.0,True
20903,DoS attacks-SlowHTTPTest,0.05,0.42857142857142855,0.1111111111111111,True
20922,Brute Force -Web,0.05,0.42857142857142855,0.0,True
22508,SSH-Bruteforce,0.05,1.0,0.6666666666666666,True
22780,FTP-BruteForce,0.05,0.6666666666666666,0.1111111111111111,True
24518,DoS attacks-Slowloris,0.05,0.25,0.25,True
25577,DDoS attacks-LOIC-HTTP,0.05,0.42857142857142855,0.0,True
26103,DoS attacks-Hulk,0.05,0.42857142857142855,0.25,True
26400,Infilteration,0.05,0.1111111111111111,0.0,True
26662,Brute Force -Web,0.05,0.6666666666666666,0.42857142857142855,True
27402,SSH-Bruteforce,0.05,0.6666666666666666,0.1111111111111111,True
27421,Brute Force -XSS,0.05,0.42857142857142855,1.0,True
27685,DoS attacks-SlowHTTPTest,0.05,0.6666666666666666,0.1111111111111111,True
28493,DDoS attacks-LOIC-HTTP,0.05,0.25,0.1111111111111111,True
28878,DoS attacks-Hulk,0.05,0.25,0.0,True
29535,Brute Force -Web,0.05,0.6666666666666666,1.0,True
30186,DoS attacks-Slowloris,0.05,0.6666666666666666,1.0,False
30316,DDoS attacks-LOIC-HTTP,0.05,0.25,0.0,True
30494,Benign,0.05,0.6666666666666666,0.6666666666666666,False
30548,Bot,0.05,0.25,0.0,True
30861,DDoS attacks-LOIC-HTTP,0.05,0.1111111111111111,0.1111111111111111,True
31235,DoS attacks-Slowloris,0.05,0.25,0.0,True
31263,FTP-BruteForce,0.05,0.6666666666666666,0.42857142857142855,True
32293,FTP-BruteForce,0.05,0.42857142857142855,0.25,True
33069,DoS attacks-GoldenEye,0.05,0.6666666666666666,0.0,True
33734,DoS attacks-SlowHTTPTest,0.05,0.42857142857142855,0.1111111111111111,True
34218,DoS attacks-Hulk,0.05,0.25,0.0,True
34372,DoS attacks-Hulk,0.05,0.42857142857142855,0.25,True
35169,DoS attacks-SlowHTTPTest,0.05,0.6666666666666666,0.25,True
35834,DDoS attacks-LOIC-HTTP,0.05,0.6666666666666666,0.1111111111111111,True
35910,SSH-Bruteforce,0.05,0.42857142857142855,0.42857142857142855,True
36718,DDoS attacks-LOIC-HTTP,0.05,0.25,0.0,True
36840,DoS attacks-Slowloris,0.05,0.42857142857142855,0.6666666666666666,False
37957,DoS attacks-SlowHTTPTest,0.05,0.6666666666666666,0.1111111111111111,True
38600,DoS attacks-Hulk,0.05,0.6666666666666666,0.25,True
39107,FTP-BruteForce,0.05,0.25,0.42857142857142855,True
39719,DDoS attacks-LOIC-HTTP,0.05,0.25,0.25,True
40324,Brute Force -XSS,0.05,0.6666666666666666,1.0,True
40556,DoS attacks-SlowHTTPTest,0.05,0.6666666666666666,0.1111111111111111,True
40715,DDOS attack-LOIC-UDP,0.05,0.42857142857142855,1.0,True
40737,DoS attacks-SlowHTTPTest,0.05,0.42857142857142855,0.0,True
42573,Brute Force -Web,0.05,0.42857142857142855,0.0,True
43708,Infilteration,0.05,0.1111111111111111,0.1111111111111111,True
43950,DoS attacks-GoldenEye,0.05,0.42857142857142855,0.0,True
43974,DoS attacks-GoldenEye,0.05,0.6666666666666666,0.1111111111111111,True
44610,Benign,0.05,0.6666666666666666,0.0,False
45214,FTP-BruteForce,0.05,0.6666666666666666,0.25,False
46168,SQL Injection,0.05,0.6666666666666666,0.1111111111111111,True
46299,Bot,0.05,0.42857142857142855,0.0,True
47530,Benign,0.05,0.42857142857142855,0.1111111111111111,False
47891,SSH-Bruteforce,0.05,0.6666666666666666,0.42857142857142855,True
49274,DoS attacks-GoldenEye,0.05,0.25,0.0,True
49460,DDOS attack-LOIC-UDP,0.05,0.25,1.0,False
49728,Brute Force -Web,0.05,0.6666666666666666,1.0,True
51095,Infilteration,0.05,0.42857142857142855,0.0,True
51763,DoS attacks-Hulk,0.05,0.42857142857142855,0.25,True
51801,DoS attacks-Hulk,0.05,0.42857142857142855,0.1111111111111111,True
52018,FTP-BruteForce,0.05,0.42857142857142855,0.0,True
52279,DoS attacks-GoldenEye,0.05,0.25,0.0,True
53520,Benign,0.05,0.42857142857142855,0.1111111111111111,False
53684,DoS attacks-Slowloris,0.05,0.6666666666666666,0.0,False
54695,DoS attacks-SlowHTTPTest,0.05,0.42857142857142855,0.42857142857142855,True
55668,DoS attacks-GoldenEye,0.05,0.25,0.0,True
55705,DoS attacks-GoldenEye,0.05,0.42857142857142855,0.25,True
56007,DDOS attack-HOIC,0.05,0.6666666666666666,0.0,True
56226,Bot,0.05,0.42857142857142855,0.1111111111111111,True
57617,DoS attacks-SlowHTTPTest,0.05,0.42857142857142855,0.0,True
58379,DDOS attack-LOIC-UDP,0.05,0.42857142857142855,1.0,False
58667,DDOS attack-HOIC,0.05,1.0,0.0,True
59083,DDoS attacks-LOIC-HTTP,0.05,0.1111111111111111,0.1111111111111111,True
59199,Bot,0.05,0.25,0.0,True
59482,DoS attacks-Hulk,0.05,0.1111111111111111,0.25,True
60176,Benign,0.05,0.42857142857142855,0.1111111111111111,False
60182,Bot,0.05,0.42857142857142855,0.1111111111111111,True
60281,Infilteration,0.05,0.42857142857142855,0.0,True
60571,FTP-BruteForce,0.05,0.6666666666666666,0.1111111111111111,True
61813,Infilteration,0.05,0.1111111111111111,0.0,True
61835,DoS attacks-SlowHTTPTest,0.05,0.6666666666666666,0.1111111111111111,True
61906,DDoS attacks-LOIC-HTTP,0.05,0.25,0.0,True
62489,DoS attacks-Slowloris,0.05,0.42857142857142855,0.1111111111111111,True
62513,Benign,0.05,0.42857142857142855,0.25,False
63228,Brute Force -Web,0.05,0.42857142857142855,0.1111111111111111,True
63272,DoS attacks-SlowHTTPTest,0.05,0.6666666666666666,0.0,True
64517,Benign,0.05,0.42857142857142855,0.42857142857142855,False
65838,SSH-Bruteforce,0.05,0.6666666666666666,0.42857142857142855,True
65934,Benign,0.05,0.42857142857142855,0.0,False
65936,FTP-BruteForce,0.05,0.42857142857142855,0.0,True
66016,DDOS attack-LOIC-UDP,0.05,0.6666666666666666,1.0,False
67293,Bot,0.05,0.25,0.0,True
68038,Benign,0.05,0.42857142857142855,0.42857142857142855,False
68427,Brute Force -Web,0.05,1.0,0.0,True
68687,Bot,0.05,0.25,0.0,True
68799,SQL Injection,0.05,0.6666666666666666,0.25,True
68943,DDoS attacks-LOIC-HTTP,0.05,0.25,0.25,True
71814,DoS attacks-Hulk,0.05,0.42857142857142855,0.0,True
71892,DoS attacks-Slowloris,0.05,0.6666666666666666,1.0,False
71950,FTP-BruteForce,0.05,0.6666666666666666,0.1111111111111111,True
72271,DoS attacks-Slowloris,0.05,0.6666666666666666,0.42857142857142855,False
73232,SSH-Bruteforce,0.05,0.25,0.25,True
73472,DDoS attacks-LOIC-HTTP,0.05,0.42857142857142855,0.25,True
73683,Bot,0.05,0.42857142857142855,0.0,True
73788,DDOS attack-HOIC,0.05,0.6666666666666666,0.0,True
73809,DoS attacks-Slowloris,0.05,0.6666666666666666,0.25,False
74167,DDOS attack-LOIC-UDP,0.05,0.42857142857142855,1.0,False
75338,DoS attacks-SlowHTTPTest,0.05,0.42857142857142855,0.25,True
75549,DoS attacks-Hulk,0.05,0.6666666666666666,0.0,True
75572,FTP-BruteForce,0.05,0.6666666666666666,0.1111111111111111,True
76102,DDOS attack-HOIC,0.05,1.0,0.0,True
76339,SSH-Bruteforce,0.05,0.6666666666666666,0.6666666666666666,True
76413,DoS attacks-Slowloris,0.05,0.42857142857142855,0.42857142857142855,False
76824,DDoS attacks-LOIC-HTTP,0.05,0.42857142857142855,0.0,True
76830,DDOS attack-LOIC-UDP,0.05,0.42857142857142855,1.0,False
76953,DoS attacks-Hulk,0.05,0.42857142857142855,0.1111111111111111,True
77078,FTP-BruteForce,0.05,0.6666666666666666,0.42857142857142855,True
78286,SSH-Bruteforce,0.05,0.25,0.0,True
78437,DoS attacks-SlowHTTPTest,0.05,0.25,0.1111111111111111,True
78606,FTP-BruteForce,0.05,0.42857142857142855,0.1111111111111111,True
78836,SSH-Bruteforce,0.05,0.1111111111111111,0.25,True
79267,DDoS attacks-LOIC-HTTP,0.05,0.25,0.0,True
79772,FTP-BruteForce,0.05,0.42857142857142855,0.42857142857142855,True
79875,DoS attacks-Hulk,0.05,0.42857142857142855,0.1111111111111111,True
80453,DoS attacks-Slowloris,0.05,0.42857142857142855,0.25,False
80517,DoS attacks-GoldenEye,0.05,0.42857142857142855,0.0,True
80796,FTP-BruteForce,0.05,0.6666666666666666,0.1111111111111111,False
80989,SSH-Bruteforce,0.05,0.42857142857142855,0.25,True
82741,DDOS attack-HOIC,0.05,0.6666666666666666,0.0,True
83758,DDoS attacks-LOIC-HTTP,0.05,0.6666666666666666,0.0,True
84004,DoS attacks-GoldenEye,0.05,1.0,0.42857142857142855,True
84451,DDOS attack-HOIC,0.05,0.6666666666666666,0.0,True
84596,Infilteration,0.05,0.42857142857142855,0.42857142857142855,True
85099,Infilteration,0.05,0.1111111111111111,0.0,True
85863,DoS attacks-Slowloris,0.05,0.6666666666666666,0.42857142857142855,False
85907,DDOS attack-HOIC,0.05,0.6666666666666666,0.0,True
86164,Brute Force -Web,0.05,0.42857142857142855,0.1111111111111111,True
86714,DoS attacks-Hulk,0.05,0.42857142857142855,0.0,True
87301,DDoS attacks-LOIC-HTTP,0.05,0.42857142857142855,0.0,True
87407,FTP-BruteForce,0.05,0.25,0.1111111111111111,True
88694,DoS attacks-SlowHTTPTest,0.05,0.42857142857142855,0.1111111111111111,True
88816,Brute Force -Web,0.05,0.6666666666666666,1.0,True
89606,Benign,0.05,0.6666666666666666,0.25,False
89689,DoS attacks-Slowloris,0.05,0.42857142857142855,0.25,True
89871,DoS attacks-GoldenEye,0.05,0.25,0.25,True
90062,DDOS attack-LOIC-UDP,0.05,0.42857142857142855,1.0,False
90422,FTP-BruteForce,0.05,0.25,0.25,True
90591,Infilteration,0.05,0.1111111111111111,0.1111111111111111,True
90799,DDOS attack-HOIC,0.05,1.0,0.0,True
90855,Benign,0.05,0.42857142857142855,0.0,False
90935,SSH-Bruteforce,0.05,0.6666666666666666,0.25,True
91287,DDOS attack-HOIC,0.05,0.42857142857142855,0.1111111111111111,True
91415,Bot,0.05,0.42857142857142855,0.0,True
91509,DDOS attack-HOIC,0.05,0.42857142857142855,0.1111111111111111,True
92264,Brute Force -Web,0.05,0.42857142857142855,0.0,True
92992,DoS attacks-SlowHTTPTest,0.05,0.42857142857142855,0.1111111111111111,True
92995,DoS attacks-SlowHTTPTest,0.05,0.42857142857142855,0.25,True
93768,SSH-Bruteforce,0.05,0.42857142857142855,0.6666666666666666,True
93921,DDOS attack-LOIC-UDP,0.05,0.6666666666666666,1.0,False
95197,DDOS attack-LOIC-UDP,0.05,1.0,1.0,False
95302,DDoS attacks-LOIC-HTTP,0.05,0.6666666666666666,0.1111111111111111,True
95359,DoS attacks-SlowHTTPTest,0.05,0.25,0.0,True
97056,FTP-BruteForce,0.05,0.6666666666666666,0.42857142857142855,True
97201,DDOS attack-HOIC,0.05,0.6666666666666666,0.1111111111111111,True
97722,Benign,0.05,0.6666666666666666,0.1111111111111111,False
97857,DoS attacks-Slowloris,0.05,0.25,0.1111111111111111,True
99470,DoS attacks-Slowloris,0.05,0.42857142857142855,0.0,True
99536,DoS attacks-SlowHTTPTest,0.05,0.42857142857142855,0.25,True
99758,Bot,0.05,0.42857142857142855,0.1111111111111111,True
99906,DDOS attack-HOIC,0.05,0.6666666666666666,0.0,True
100125,DDoS attacks-LOIC-HTTP,0.05,0.25,0.0,True
100178,FTP-BruteForce,0.05,0.42857142857142855,0.1111111111111111,True
100769,Brute Force -Web,0.05,0.42857142857142855,0.25,True
101190,DoS attacks-GoldenEye,0.05,0.42857142857142855,0.25,True
101923,DoS attacks-GoldenEye,0.05,0.1111111111111111,0.25,True
102683,Bot,0.05,0.25,0.0,True
102716,DoS attacks-Slowloris,0.05,0.6666666666666666,0.42857142857142855,False
103226,DDOS attack-HOIC,0.05,0.42857142857142855,0.0,True
103531,SSH-Bruteforce,0.05,0.42857142857142855,0.42857142857142855,True
103742,Brute Force -Web,0.05,0.6666666666666666,1.0,False
104432,Infilteration,0.05,0.42857142857142855,0.25,True
104560,DoS attacks-Slowloris,0.05,0.42857142857142855,0.1111111111111111,True
104902,Infilteration,0.05,0.42857142857142855,0.0,True
105028,SSH-Bruteforce,0.05,0.6666666666666666,0.1111111111111111,True
107048,DDOS attack-LOIC-UDP,0.05,0.6666666666666666,1.0,False
107435,Bot,0.05,0.6666666666666666,0.0,True
107842,Benign,0.05,0.6666666666666666,0.1111111111111111,False
108152,DoS attacks-GoldenEye,0.05,0.6666666666666666,0.1111111111111111,True
108384,DoS attacks-Hulk,0.05,0.6666666666666666,0.0,True
108720,Brute Force -XSS,0.05,0.25,0.0,True
108966,DDoS attacks-LOIC-HTTP,0.05,0.25,0.0,True
109587,DDoS attacks-LOIC-HTTP,0.05,0.25,0.25,True
111646,SSH-Bruteforce,0.05,0.42857142857142855,0.6666666666666666,True
112373,Benign,0.05,0.42857142857142855,0.1111111111111111,False
112569,DoS attacks-Slowloris,0.05,0.6666666666666666,0.25,True
113993,Bot,0.05,0.25,0.0,True
114902,DoS attacks-GoldenEye,0.05,0.42857142857142855,0.42857142857142855,True
115506,Benign,0.05,0.6666666666666666,0.0,False
115924,DDOS attack-HOIC,0.05,0.42857142857142855,0.0,True
116628,DoS attacks-GoldenEye,0.05,0.42857142857142855,0.1111111111111111,False
117969,SSH-Bruteforce,0.05,0.42857142857142855,1.0,True
118320,DDOS attack-LOIC-UDP,0.05,0.6666666666666666,1.0,False
118636,FTP-BruteForce,0.05,0.42857142857142855,0.1111111111111111,True
118743,DoS attacks-SlowHTTPTest,0.05,0.6666666666666666,0.25,True
119061,SSH-Bruteforce,0.05,0.25,0.6666666666666666,True
119106,DoS attacks-GoldenEye,0.05,1.0,0.0,True
119747,Bot,0.05,0.6666666666666666,0.0,True
119755,DoS attacks-Slowloris,0.05,0.6666666666666666,0.6666666666666666,False
120795,Infilteration,0.05,0.25,0.0,True
120899,DoS attacks-Slowloris,0.05,0.6666666666666666,0.25,False
121133,FTP-BruteForce,0.05,0.42857142857142855,0.0,True
121969,DDOS attack-HOIC,0.05,0.6666666666666666,0.1111111111111111,True
122839,Infilteration,0.05,0.1111111111111111,0.0,False
122949,Bot,0.05,0.42857142857142855,0.0,True
123798,DDOS attack-LOIC-UDP,0.05,0.42857142857142855,1.0,True
123816,Bot,0.05,0.42857142857142855,0.0,True
126309,Bot,0.05,0.42857142857142855,0.25,True
126974,DDOS attack-HOIC,0.05,0.6666666666666666,0.0,True
127729,Benign,0.05,0.6666666666666666,0.1111111111111111,False
129405,SSH-Bruteforce,0.05,0.25,1.0,True
129571,DDOS attack-LOIC-UDP,0.05,0.42857142857142855,1.0,False
131380,DDOS attack-LOIC-UDP,0.05,0.42857142857142855,1.0,False
131385,FTP-BruteForce,0.05,0.6666666666666666,0.1111111111111111,True
131703,Brute Force -XSS,0.05,0.25,0.1111111111111111,True
132105,DoS attacks-SlowHTTPTest,0.05,0.6666666666666666,0.1111111111111111,True
132210,Bot,0.05,0.6666666666666666,0.1111111111111111,True
132426,Infilteration,0.05,0.25,0.0,True
132588,Benign,0.05,0.25,0.6666666666666666,False
133267,FTP-BruteForce,0.05,0.42857142857142855,0.1111111111111111,True
133827,FTP-BruteForce,0.05,0.42857142857142855,0.25,True
134961,DDoS attacks-LOIC-HTTP,0.05,0.1111111111111111,0.0,True
136157,Benign,0.05,0.42857142857142855,0.1111111111111111,False
136921,DDOS attack-LOIC-UDP,0.05,0.6666666666666666,1.0,False
137142,DoS attacks-GoldenEye,0.05,0.42857142857142855,0.0,True
138072,DDoS attacks-LOIC-HTTP,0.05,0.25,0.1111111111111111,True
138212,FTP-BruteForce,0.05,0.42857142857142855,0.1111111111111111,True
138222,DDOS attack-LOIC-UDP,0.05,0.6666666666666666,1.0,False
139936,DDOS attack-HOIC,0.05,0.6666666666666666,0.0,True
139948,DoS attacks-SlowHTTPTest,0.05,0.6666666666666666,0.1111111111111111,True
140635,DDoS attacks-LOIC-HTTP,0.05,0.25,0.42857142857142855,True
141029,Benign,0.05,0.42857142857142855,0.0,False
141904,Bot,0.05,0.6666666666666666,0.0,True
143100,SSH-Bruteforce,0.05,0.42857142857142855,0.6666666666666666,True
143155,DoS attacks-GoldenEye,0.05,0.25,0.1111111111111111,True
144595,DDOS attack-LOIC-UDP,0.05,0.25,1.0,False
145596,FTP-BruteForce,0.05,0.42857142857142855,0.25,True
145690,DoS attacks-Slowloris,0.05,0.25,0.25,True
147870,Brute Force -Web,0.05,0.42857142857142855,1.0,True
148625,SSH-Bruteforce,0.05,0.6666666666666666,0.42857142857142855,True
148650,DoS attacks-Slowloris,0.05,0.6666666666666666,0.0,True
149080,Brute Force -Web,0.05,0.6666666666666666,0.1111111111111111,True
149794,Brute Force -Web,0.05,0.6666666666666666,1.0,True
151941,SSH-Bruteforce,0.05,0.42857142857142855,0.25,True
152234,FTP-BruteForce,0.05,0.42857142857142855,0.25,True
155760,DoS attacks-Hulk,0.05,0.42857142857142855,0.0,True
155941,SQL Injection,0.05,0.6666666666666666,0.42857142857142855,True
156019,DoS attacks-SlowHTTPTest,0.05,0.6666666666666666,0.1111111111111111,True
156210,DDOS attack-LOIC-UDP,0.05,0.42857142857142855,1.0,False
157284,Brute Force -XSS,0.05,0.6666666666666666,1.0,True
158232,SSH-Bruteforce,0.05,0.42857142857142855,0.25,True
158617,FTP-BruteForce,0.05,0.42857142857142855,0.1111111111111111,True
158743,Benign,0.05,0.25,0.0,False
158951,Benign,0.05,0.42857142857142855,0.25,False
161019,DDOS attack-HOIC,0.05,0.6666666666666666,0.0,True
161881,DoS attacks-SlowHTTPTest,0.05,0.42857142857142855,0.25,True
162056,DoS attacks-Slowloris,0.05,0.6666666666666666,0.6666666666666666,True
163400,DDOS attack-HOIC,0.05,0.42857142857142855,0.1111111111111111,True
163756,DoS attacks-SlowHTTPTest,0.05,0.6666666666666666,0.25,True
163861,DoS attacks-GoldenEye,0.05,0.25,0.1111111111111111,True
164018,DoS attacks-Hulk,0.05,0.42857142857142855,0.0,True
164709,DoS attacks-Hulk,0.05,0.25,0.1111111111111111,True
165405,DDOS attack-LOIC-UDP,0.05,0.42857142857142855,1.0,False
165500,DoS attacks-SlowHTTPTest,0.05,0.6666666666666666,0.0,True
165540,SSH-Bruteforce,0.05,1.0,0.1111111111111111,True
166311,SQL Injection,0.05,0.42857142857142855,0.0,True
166844,DDoS attacks-LOIC-HTTP,0.05,0.25,0.1111111111111111,True
167443,FTP-BruteForce,0.05,0.6666666666666666,0.1111111111111111,False
167488,Benign,0.05,0.6666666666666666,0.0,False
167637,DoS attacks-Hulk,0.05,0.42857142857142855,0.1111111111111111,True
168257,DDoS attacks-LOIC-HTTP,0.05,0.25,0.1111111111111111,True
168789,DoS attacks-GoldenEye,0.05,1.0,0.0,True
169468,FTP-BruteForce,0.05,0.42857142857142855,0.1111111111111111,True
169550,DoS attacks-SlowHTTPTest,0.05,0.6666666666666666,0.25,True
169732,SSH-Bruteforce,0.05,0.42857142857142855,0.1111111111111111,True
169831,DoS attacks-Hulk,0.05,0.6666666666666666,0.1111111111111111,True
170336,DoS attacks-Slowloris,0.05,0.6666666666666666,1.0,False
170901,DoS attacks-SlowHTTPTest,0.05,0.42857142857142855,0.25,True
171147,DDoS attacks-LOIC-HTTP,0.05,0.42857142857142855,0.0,True
171584,DDOS attack-LOIC-UDP,0.05,0.25,1.0,True
171621,DDOS attack-LOIC-UDP,0.05,0.6666666666666666,1.0,False
171743,DDoS attacks-LOIC-HTTP,0.05,0.6666666666666666,0.25,True
172308,DoS attacks-Slowloris,0.05,0.42857142857142855,0.1111111111111111,True
173817,FTP-BruteForce,0.05,0.42857142857142855,0.1111111111111111,True
174953,DoS attacks-SlowHTTPTest,0.05,0.42857142857142855,0.1111111111111111,True
175955,DDOS attack-HOIC,0.05,0.6666666666666666,0.0,True
176759,DoS attacks-Slowloris,0.05,0.42857142857142855,0.42857142857142855,True
178197,DDOS attack-LOIC-UDP,0.05,0.6666666666666666,1.0,False
179253,FTP-BruteForce,0.05,0.6666666666666666,0.1111111111111111,False
180812,DDOS attack-LOIC-UDP,0.05,0.25,1.0,True
181269,Infilteration,0.05,0.42857142857142855,0.0,True
181436,DoS attacks-SlowHTTPTest,0.05,0.42857142857142855,0.25,True
181968,FTP-BruteForce,0.05,0.6666666666666666,0.1111111111111111,True
182006,DoS attacks-SlowHTTPTest,0.05,0.6666666666666666,0.1111111111111111,True
182417,Brute Force -Web,0.05,0.42857142857142855,0.0,True
183491,Bot,0.05,0.25,0.0,True
183651,FTP-BruteForce,0.05,0.25,0.42857142857142855,True
183932,Brute Force -XSS,0.05,1.0,1.0,True
185358,Bot,0.05,0.6666666666666666,0.1111111111111111,True
185409,DoS attacks-GoldenEye,0.05,0.6666666666666666,0.0,True
185839,SSH-Bruteforce,0.05,0.42857142857142855,0.25,True
186477,DoS attacks-Hulk,0.05,0.25,0.25,True
186594,DoS attacks-Slowloris,0.05,1.0,0.42857142857142855,False
186910,Infilteration,0.05,0.1111111111111111,0.25,True
187551,DDOS attack-LOIC-UDP,0.05,0.25,1.0,False
187553,Bot,0.05,0.42857142857142855,0.1111111111111111,True
187700,Infilteration,0.05,0.25,0.0,True
188726,Bot,0.05,0.42857142857142855,0.0,True
189660,DDoS attacks-LOIC-HTTP,0.05,0.42857142857142855,0.25,False
189761,Infilteration,0.05,0.25,0.0,True
190683,FTP-BruteForce,0.05,0.25,0.0,True
191525,Infilteration,0.05,0.25,0.1111111111111111,True
191740,Bot,0.05,0.6666666666666666,0.0,True
193450,Benign,0.05,0.42857142857142855,0.0,False
194251,FTP-BruteForce,0.05,0.6666666666666666,0.25,False
194338,Bot,0.05,0.6666666666666666,0.1111111111111111,True
195169,DoS attacks-GoldenEye,0.05,0.25,0.0,True
195619,SSH-Bruteforce,0.05,0.42857142857142855,0.0,True
195646,Infilteration,0.05,0.25,0.0,True
195657,DDOS attack-HOIC,0.05,1.0,0.1111111111111111,True
196247,SSH-Bruteforce,0.05,0.42857142857142855,0.42857142857142855,True
196504,DDOS attack-HOIC,0.05,0.42857142857142855,0.0,True
197064,DDOS attack-LOIC-UDP,0.05,0.6666666666666666,1.0,False
197092,DoS attacks-Slowloris,0.05,0.42857142857142855,1.0,False
198082,DoS attacks-SlowHTTPTest,0.05,0.6666666666666666,0.1111111111111111,True
198263,DoS attacks-SlowHTTPTest,0.05,0.6666666666666666,0.0,True
198286,SSH-Bruteforce,0.05,0.42857142857142855,0.6666666666666666,True
198290,DDOS attack-LOIC-UDP,0.05,0.25,1.0,True
198404,SSH-Bruteforce,0.05,0.42857142857142855,0.42857142857142855,True
198423,DDoS attacks-LOIC-HTTP,0.05,0.42857142857142855,0.0,True
199021,DoS attacks-Hulk,0.05,0.42857142857142855,0.25,True
199216,DoS attacks-SlowHTTPTest,0.05,0.6666666666666666,0.1111111111111111,True
200342,Bot,0.05,0.25,0.0,True
200563,DDOS attack-HOIC,0.05,0.6666666666666666,0.0,True
201487,DDoS attacks-LOIC-HTTP,0.05,0.42857142857142855,0.0,True
201676,DDOS attack-HOIC,0.05,1.0,0.0,True
201682,DoS attacks-Hulk,0.05,0.42857142857142855,0.1111111111111111,True
201691,Benign,0.05,0.42857142857142855,0.1111111111111111,False
201841,Brute Force -Web,0.05,0.6666666666666666,0.0,True
202269,Infilteration,0.05,0.25,0.1111111111111111,False
202275,DDoS attacks-LOIC-HTTP,0.05,0.6666666666666666,0.0,True
202603,SSH-Bruteforce,0.05,0.42857142857142855,0.1111111111111111,False
203170,DDOS attack-HOIC,0.05,0.6666666666666666,0.1111111111111111,True
203858,Infilteration,0.05,0.42857142857142855,0.0,True
203979,SSH-Bruteforce,0.05,0.25,0.25,True
204165,Brute Force -XSS,0.05,0.6666666666666666,0.0,True
204303,DoS attacks-SlowHTTPTest,0.05,0.6666666666666666,0.1111111111111111,True
204508,DDOS attack-LOIC-UDP,0.05,0.42857142857142855,1.0,False
205256,FTP-BruteForce,0.05,0.42857142857142855,0.1111111111111111,True
207419,Bot,0.05,0.25,0.0,True
207651,DDOS attack-HOIC,0.05,0.6666666666666666,0.25,True
208160,FTP-BruteForce,0.05,0.25,0.25,True
208194,Infilteration,0.05,0.42857142857142855,0.1111111111111111,True
208244,DoS attacks-Hulk,0.05,0.42857142857142855,0.0,True
209641,DoS attacks-SlowHTTPTest,0.05,0.6666666666666666,0.1111111111111111,True
209645,DoS attacks-SlowHTTPTest,0.05,0.6666666666666666,0.1111111111111111,True
210341,FTP-BruteForce,0.05,0.42857142857142855,0.25,True
210828,DDOS attack-HOIC,0.05,1.0,0.0,True
211085,DDoS attacks-LOIC-HTTP,0.05,0.42857142857142855,0.0,True
211126,Bot,0.05,0.42857142857142855,0.1111111111111111,True
211143,DoS attacks-SlowHTTPTest,0.05,0.42857142857142855,0.1111111111111111,True
211580,DoS attacks-SlowHTTPTest,0.05,0.6666666666666666,0.1111111111111111,True
211898,Brute Force -Web,0.05,0.6666666666666666,0.0,True
212280,Infilteration,0.05,0.25,0.0,True
213106,FTP-BruteForce,0.05,0.42857142857142855,0.1111111111111111,True
214305,DoS attacks-SlowHTTPTest,0.05,0.25,0.42857142857142855,True
214884,Bot,0.05,0.25,0.0,True
214964,Brute Force -XSS,0.05,0.42857142857142855,0.0,True
216718,Bot,0.05,0.42857142857142855,0.0,True
217333,DDOS attack-HOIC,0.05,0.6666666666666666,0.1111111111111111,True
218526,Benign,0.05,0.6666666666666666,0.0,False
218688,DoS attacks-GoldenEye,0.05,1.0,0.0,True
219324,DoS attacks-GoldenEye,0.05,1.0,0.1111111111111111,True
219522,SSH-Bruteforce,0.05,0.42857142857142855,0.42857142857142855,True
219640,DoS attacks-GoldenEye,0.05,0.6666666666666666,0.0,True
219904,DDOS attack-HOIC,0.05,0.6666666666666666,0.0,True
220024,FTP-BruteForce,0.05,0.6666666666666666,0.1111111111111111,True
220146,Brute Force -XSS,0.05,0.6666666666666666,1.0,True
220347,DDOS attack-LOIC-UDP,0.05,0.25,1.0,False
220435,DDoS attacks-LOIC-HTTP,0.05,0.25,0.0,True
220454,DoS attacks-Slowloris,0.05,0.6666666666666666,0.6666666666666666,True
220526,SSH-Bruteforce,0.05,0.25,0.42857142857142855,True
222932,SSH-Bruteforce,0.05,0.25,0.42857142857142855,True
223359,DDOS attack-LOIC-UDP,0.05,0.42857142857142855,1.0,False
224113,Infilteration,0.05,0.1111111111111111,0.0,True
224475,DDOS attack-HOIC,0.05,0.6666666666666666,0.0,True
225548,Brute Force -XSS,0.05,0.42857142857142855,0.0,True
226389,Infilteration,0.05,0.1111111111111111,0.25,True
226506,DoS attacks-Hulk,0.05,0.42857142857142855,0.1111111111111111,True
227301,DoS attacks-Slowloris,0.05,0.6666666666666666,0.42857142857142855,False
227974,Benign,0.05,0.25,0.0,False
228216,DDOS attack-LOIC-UDP,0.05,0.42857142857142855,1.0,False
230078,SSH-Bruteforce,0.05,0.42857142857142855,0.0,True
231078,Benign,0.05,0.25,0.1111111111111111,False
231252,DoS attacks-GoldenEye,0.05,0.25,0.1111111111111111,True
231326,DoS attacks-GoldenEye,0.05,0.6666666666666666,0.25,True
231364,DDOS attack-LOIC-UDP,0.05,0.42857142857142855,1.0,False
231380,Infilteration,0.05,0.0,0.25,True
231677,Bot,0.05,0.42857142857142855,0.0,True
232102,Brute Force -Web,0.05,0.6666666666666666,0.0,True
233659,Bot,0.05,0.42857142857142855,0.0,True
233807,DoS attacks-GoldenEye,0.05,1.0,0.1111111111111111,True
234611,DDOS attack-HOIC,0.05,0.42857142857142855,0.0,True
236167,Infilteration,0.05,0.25,0.0,True
240251,DoS attacks-Hulk,0.05,0.42857142857142855,0.1111111111111111,True
241153,Brute Force -XSS,0.05,0.42857142857142855,0.0,True
241432,DoS attacks-Slowloris,0.05,0.6666666666666666,0.42857142857142855,False
242833,SSH-Bruteforce,0.05,0.42857142857142855,0.42857142857142855,True
243113,FTP-BruteForce,0.05,0.25,0.25,True
243512,Brute Force -Web,0.05,0.6666666666666666,1.0,True
243596,Bot,0.05,0.25,0.0,True
244530,DoS attacks-Slowloris,0.05,0.6666666666666666,0.6666666666666666,False
244749,Brute Force -Web,0.05,0.42857142857142855,0.0,True
246629,Brute Force -Web,0.05,0.6666666666666666,0.1111111111111111,True
247145,SSH-Bruteforce,0.05,0.42857142857142855,0.1111111111111111,True
247300,Infilteration,0.05,0.25,0.25,True
247717,Brute Force -Web,0.05,1.0,1.0,False
247766,DoS attacks-SlowHTTPTest,0.05,0.6666666666666666,0.1111111111111111,True
247922,DoS attacks-GoldenEye,0.05,0.25,0.1111111111111111,True
248218,Benign,0.05,0.42857142857142855,0.1111111111111111,False
249823,SSH-Bruteforce,0.05,0.42857142857142855,0.1111111111111111,True
250642,Brute Force -Web,0.05,0.42857142857142855,0.0,True
250894,Infilteration,0.05,0.42857142857142855,0.0,True
252079,DDOS attack-LOIC-UDP,0.05,0.6666666666666666,1.0,False
252600,Brute Force -XSS,0.05,0.42857142857142855,1.0,True
252615,DDOS attack-LOIC-UDP,0.05,0.6666666666666666,1.0,False
252676,Brute Force -Web,0.05,0.6666666666666666,0.25,True
253046,Brute Force -Web,0.05,0.6666666666666666,1.0,True
253220,FTP-BruteForce,0.05,0.6666666666666666,0.25,False
253739,SSH-Bruteforce,0.05,0.42857142857142855,0.6666666666666666,True
254715,Brute Force -Web,0.05,1.0,0.0,True
254773,Benign,0.05,0.25,0.1111111111111111,False
255062,DoS attacks-GoldenEye,0.05,0.6666666666666666,0.1111111111111111,True
255750,DoS attacks-Hulk,0.05,0.42857142857142855,0.1111111111111111,True
256591,Bot,0.05,0.6666666666666666,0.0,True
256733,Benign,0.05,0.1111111111111111,0.25,False
258263,DoS attacks-SlowHTTPTest,0.05,0.42857142857142855,0.1111111111111111,True
258480,DoS attacks-Hulk,0.05,0.25,0.0,True
258714,DoS attacks-SlowHTTPTest,0.05,0.25,0.1111111111111111,True
259033,DoS attacks-SlowHTTPTest,0.05,0.6666666666666666,0.0,True
259395,Benign,0.05,0.25,0.1111111111111111,False
259577,DoS attacks-GoldenEye,0.05,0.42857142857142855,0.0,True
259608,Benign,0.05,0.6666666666666666,0.0,False
260861,DDOS attack-LOIC-UDP,0.05,0.42857142857142855,1.0,True
261666,DDOS attack-LOIC-UDP,0.05,0.42857142857142855,1.0,False
262645,DDOS attack-HOIC,0.05,0.42857142857142855,0.1111111111111111,True
262879,DDOS attack-LOIC-UDP,0.05,0.42857142857142855,1.0,False
262898,Brute Force -Web,0.05,0.42857142857142855,1.0,True
264156,DoS attacks-SlowHTTPTest,0.05,0.6666666666666666,0.0,True
265066,DoS attacks-Hulk,0.05,0.42857142857142855,0.0,True
265532,DoS attacks-GoldenEye,0.05,0.6666666666666666,0.0,False
265617,FTP-BruteForce,0.05,0.6666666666666666,0.42857142857142855,False
266296,Infilteration,0.05,0.1111111111111111,0.0,True
266960,DoS attacks-SlowHTTPTest,0.05,0.42857142857142855,0.25,True
267389,SSH-Bruteforce,0.05,0.25,0.25,True
267659,DoS attacks-SlowHTTPTest,0.05,0.42857142857142855,0.25,True
268530,FTP-BruteForce,0.05,0.6666666666666666,0.0,True
268682,Infilteration,0.05,0.42857142857142855,0.0,False
270110,DoS attacks-Slowloris,0.05,0.6666666666666666,0.42857142857142855,False
270762,DoS attacks-Slowloris,0.05,0.6666666666666666,1.0,False
271314,Benign,0.05,0.6666666666666666,0.0,False
271918,DoS attacks-GoldenEye,0.05,0.42857142857142855,0.1111111111111111,True
272154,DDOS attack-LOIC-UDP,0.05,0.42857142857142855,1.0,True
272744,DoS attacks-Hulk,0.05,0.42857142857142855,0.0,True
273296,DDoS attacks-LOIC-HTTP,0.05,0.6666666666666666,0.0,True
274143,Infilteration,0.05,0.42857142857142855,0.0,True
274707,DDOS attack-LOIC-UDP,0.05,0.42857142857142855,1.0,False
274973,DoS attacks-SlowHTTPTest,0.05,0.6666666666666666,0.1111111111111111,True
275823,SSH-Bruteforce,0.05,0.6666666666666666,0.25,False
276244,DoS attacks-GoldenEye,0.05,0.42857142857142855,0.0,True
276433,DoS attacks-SlowHTTPTest,0.05,0.6666666666666666,0.1111111111111111,True
277077,FTP-BruteForce,0.05,0.6666666666666666,0.0,True
278182,Brute Force -Web,0.05,0.42857142857142855,0.1111111111111111,True
278554,DoS attacks-Slowloris,0.05,0.6666666666666666,0.42857142857142855,False
278566,DoS attacks-SlowHTTPTest,0.05,0.6666666666666666,0.1111111111111111,True
278815,DDOS attack-HOIC,0.05,0.6666666666666666,0.25,True
280406,Infilteration,0.05,0.0,0.25,True
281266,SSH-Bruteforce,0.05,0.25,0.25,True
281657,Benign,0.05,0.42857142857142855,0.1111111111111111,False
282156,Infilteration,0.05,0.42857142857142855,0.25,True
282433,Infilteration,0.05,0.25,0.1111111111111111,True
283848,Brute Force -Web,0.05,0.6666666666666666,0.1111111111111111,True
284807,DoS attacks-SlowHTTPTest,0.05,0.6666666666666666,0.0,True
285723,DoS attacks-Slowloris,0.05,0.25,0.1111111111111111,True
285727,DoS attacks-Hulk,0.05,0.42857142857142855,0.0,True
286276,DoS attacks-GoldenEye,0.05,0.25,0.1111111111111111,True
286975,Brute Force -XSS,0.05,0.25,0.0,True
287023,FTP-BruteForce,0.05,0.42857142857142855,0.1111111111111111,True
287097,Infilteration,0.05,0.25,0.0,True
287602,Benign,0.05,0.42857142857142855,0.1111111111111111,False
287792,DDOS attack-LOIC-UDP,0.05,0.42857142857142855,1.0,False
288753,Brute Force -XSS,0.05,0.42857142857142855,0.0,True
289173,DoS attacks-Hulk,0.05,0.6666666666666666,0.1111111111111111,True
289705,DDOS attack-HOIC,0.05,0.42857142857142855,0.25,True
290027,FTP-BruteForce,0.05,0.6666666666666666,0.0,False
291049,SSH-Bruteforce,0.05,0.42857142857142855,0.25,False
291380,Bot,0.05,0.25,0.0,True
291382,FTP-BruteForce,0.05,0.25,0.0,True
291515,DoS attacks-GoldenEye,0.05,0.6666666666666666,0.1111111111111111,True
292378,SSH-Bruteforce,0.05,0.42857142857142855,0.1111111111111111,True
292477,DDOS attack-HOIC,0.05,0.6666666666666666,0.1111111111111111,True
292866,DoS attacks-Slowloris,0.05,0.6666666666666666,0.42857142857142855,False
293431,Bot,0.05,0.25,0.1111111111111111,True
294020,FTP-BruteForce,0.05,0.6666666666666666,0.1111111111111111,True
294209,DDOS attack-HOIC,0.05,0.6666666666666666,0.0,True
294216,Infilteration,0.05,0.25,0.0,True
294377,SSH-Bruteforce,0.05,0.25,0.1111111111111111,True
294434,SQL Injection,0.05,0.6666666666666666,0.1111111111111111,True
294469,DoS attacks-Slowloris,0.05,0.6666666666666666,0.42857142857142855,False
295007,DoS attacks-GoldenEye,0.05,0.42857142857142855,0.0,True
295122,DDOS attack-LOIC-UDP,0.05,0.25,1.0,False
296407,Infilteration,0.05,0.25,0.0,True
296944,Infilteration,0.05,0.0,0.25,True
297866,Brute Force -Web,0.05,0.6666666666666666,0.1111111111111111,True
299658,FTP-BruteForce,0.05,0.6666666666666666,0.0,True
300675,DoS attacks-GoldenEye,0.05,0.42857142857142855,0.25,True
300727,DDOS attack-LOIC-UDP,0.05,0.42857142857142855,1.0,False
302253,Bot,0.05,0.25,0.0,True
302291,Brute Force -Web,0.05,0.42857142857142855,0.0,True
302715,DDOS attack-LOIC-UDP,0.05,0.42857142857142855,1.0,False
302973,DDOS attack-HOIC,0.05,0.6666666666666666,0.0,True
303174,Benign,0.05,0.6666666666666666,0.0,False
303763,DDOS attack-HOIC,0.05,1.0,0.0,True
303913,FTP-BruteForce,0.05,0.42857142857142855,0.1111111111111111,True
303943,DDOS attack-HOIC,0.05,0.42857142857142855,0.0,True
304628,DoS attacks-Hulk,0.05,0.42857142857142855,0.1111111111111111,True
304762,Benign,0.05,0.25,0.0,False
306105,Benign,0.05,0.25,0.1111111111111111,False
307260,Benign,0.05,0.42857142857142855,0.1111111111111111,False
307519,Bot,0.05,0.42857142857142855,0.0,True
307846,DoS attacks-Hulk,0.05,0.42857142857142855,0.1111111111111111,True
307982,Brute Force -Web,0.05,0.6666666666666666,0.0,True
308045,DoS attacks-Hulk,0.05,0.42857142857142855,0.0,True
308926,Infilteration,0.05,0.25,0.42857142857142855,True
309132,Bot,0.05,0.42857142857142855,0.1111111111111111,True
309397,DDoS attacks-LOIC-HTTP,0.05,0.42857142857142855,0.1111111111111111,True
310305,DoS attacks-GoldenEye,0.05,0.25,0.0,True
310345,Infilteration,0.05,0.25,0.0,True
310445,Benign,0.05,0.6666666666666666,0.0,False
310753,SSH-Bruteforce,0.05,0.25,0.42857142857142855,True
310995,Infilteration,0.05,0.0,0.0,True
312028,DoS attacks-GoldenEye,0.05,0.6666666666666666,0.1111111111111111,True
312043,Benign,0.05,0.6666666666666666,0.1111111111111111,False
312250,Bot,0.05,0.25,0.1111111111111111,True
312371,Infilteration,0.05,0.1111111111111111,0.0,True
312669,SSH-Bruteforce,0.05,0.25,0.6666666666666666,True
312699,Bot,0.05,0.25,0.1111111111111111,True
312850,SSH-Bruteforce,0.05,0.6666666666666666,0.6666666666666666,True
313225,DDoS attacks-LOIC-HTTP,0.05,0.42857142857142855,0.42857142857142855,True
313432,Infilteration,0.05,0.0,0.1111111111111111,True
313529,Brute Force -XSS,0.05,0.42857142857142855,0.0,True
313667,DDOS attack-LOIC-UDP,0.05,0.25,1.0,False
313806,Bot,0.05,0.42857142857142855,0.1111111111111111,True
314183,Brute Force -XSS,0.05,0.6666666666666666,1.0,True
314606,DDoS attacks-LOIC-HTTP,0.05,0.25,0.0,True
315063,Brute Force -Web,0.05,0.6666666666666666,1.0,True
315332,Benign,0.05,0.25,0.1111111111111111,False
315394,Benign,0.05,0.25,0.0,False
315426,DDOS attack-LOIC-UDP,0.05,0.42857142857142855,1.0,True
317120,Brute Force -XSS,0.05,0.42857142857142855,0.0,True
317474,DDoS attacks-LOIC-HTTP,0.05,0.42857142857142855,0.25,True
317767,Bot,0.05,0.42857142857142855,0.1111111111111111,True
318492,Brute Force -Web,0.05,0.42857142857142855,1.0,True
318493,DoS attacks-SlowHTTPTest,0.05,0.25,0.25,True
318844,DoS attacks-Hulk,0.05,0.42857142857142855,0.1111111111111111,True
318858,FTP-BruteForce,0.05,0.42857142857142855,0.42857142857142855,True
319005,Bot,0.05,0.25,0.1111111111111111,True
319697,DDoS attacks-LOIC-HTTP,0.05,0.42857142857142855,0.1111111111111111,True
320533,DDoS attacks-LOIC-HTTP,0.05,0.25,0.1111111111111111,True
320545,SSH-Bruteforce,0.05,0.25,0.42857142857142855,True
320952,Brute Force -XSS,0.05,0.6666666666666666,1.0,True
321860,FTP-BruteForce,0.05,0.42857142857142855,0.25,True
322022,DoS attacks-Hulk,0.05,0.42857142857142855,0.0,True
322118,FTP-BruteForce,0.05,0.42857142857142855,0.1111111111111111,True
322507,DoS attacks-SlowHTTPTest,0.05,0.6666666666666666,0.1111111111111111,True
323354,DoS attacks-GoldenEye,0.05,0.42857142857142855,0.25,True
323475,Bot,0.05,0.42857142857142855,0.0,True
324075,DDOS attack-HOIC,0.05,0.6666666666666666,0.1111111111111111,True
324210,Benign,0.05,0.6666666666666666,0.25,False
325549,Infilteration,0.05,0.25,0.0,True
326200,FTP-BruteForce,0.05,0.42857142857142855,0.1111111111111111,True
326495,Infilteration,0.05,0.1111111111111111,0.0,True
326555,Bot,0.05,0.25,0.25,True
326858,Benign,0.05,0.42857142857142855,0.1111111111111111,False
327099,DDOS attack-HOIC,0.05,0.42857142857142855,0.1111111111111111,True
327975,DDOS attack-LOIC-UDP,0.05,0.42857142857142855,1.0,True
328840,Benign,0.05,0.6666666666666666,0.1111111111111111,False
330518,FTP-BruteForce,0.05,0.42857142857142855,0.1111111111111111,True
330643,SSH-Bruteforce,0.05,0.42857142857142855,0.6666666666666666,True
330832,DoS attacks-Hulk,0.05,0.42857142857142855,0.0,True
330903,Bot,0.05,0.25,0.0,True
331276,FTP-BruteForce,0.05,0.42857142857142855,0.1111111111111111,True
332442,FTP-BruteForce,0.05,0.42857142857142855,0.42857142857142855,True
333222,Benign,0.05,0.42857142857142855,0.0,False
333345,DoS attacks-SlowHTTPTest,0.05,0.42857142857142855,0.1111111111111111,True
334283,DoS attacks-GoldenEye,0.05,0.25,0.0,True
334913,DoS attacks-SlowHTTPTest,0.05,0.42857142857142855,0.0,True
336026,DoS attacks-Slowloris,0.05,0.6666666666666666,0.6666666666666666,False
336997,Bot,0.05,0.25,0.1111111111111111,True
337311,DoS attacks-GoldenEye,0.05,1.0,0.0,True
337434,Infilteration,0.05,0.1111111111111111,0.1111111111111111,True
338422,DDOS attack-LOIC-UDP,0.05,0.6666666666666666,1.0,False
338824,Brute Force -XSS,0.05,0.25,0.0,True
339605,DoS attacks-Hulk,0.05,0.42857142857142855,0.0,True
339667,Brute Force -Web,0.05,0.6666666666666666,0.0,True
340208,Bot,0.05,0.25,0.0,True
340791,DoS attacks-SlowHTTPTest,0.05,0.6666666666666666,0.1111111111111111,True
340909,DoS attacks-GoldenEye,0.05,1.0,0.25,True
341796,DDOS attack-HOIC,0.05,0.6666666666666666,0.1111111111111111,True
342884,DoS attacks-SlowHTTPTest,0.05,0.25,0.0,True
343094,Bot,0.05,0.25,0.25,True
343134,FTP-BruteForce,0.05,0.6666666666666666,0.25,True
343470,DoS attacks-GoldenEye,0.05,0.42857142857142855,0.1111111111111111,True
343492,DoS attacks-SlowHTTPTest,0.05,0.42857142857142855,0.25,True
344132,Bot,0.05,0.1111111111111111,0.25,True
345045,Bot,0.05,0.6666666666666666,0.1111111111111111,True
345049,Bot,0.05,0.25,0.1111111111111111,True
345958,DoS attacks-GoldenEye,0.05,0.25,0.0,True
346512,Brute Force -XSS,0.05,0.25,0.0,True
347692,DoS attacks-GoldenEye,0.05,1.0,0.1111111111111111,True
348721,Benign,0.05,0.25,0.42857142857142855,True
349133,DDOS attack-HOIC,0.05,0.6666666666666666,0.0,True
349327,DDOS attack-HOIC,0.05,1.0,0.1111111111111111,True
349529,DoS attacks-SlowHTTPTest,0.05,0.42857142857142855,0.1111111111111111,True
349906,Brute Force -Web,0.05,0.6666666666666666,1.0,True
349978,SSH-Bruteforce,0.05,0.6666666666666666,0.42857142857142855,True
350224,DDOS attack-HOIC,0.05,1.0,0.0,True
350502,Benign,0.05,0.42857142857142855,0.0,False
351416,DoS attacks-GoldenEye,0.05,1.0,0.0,True
351520,DoS attacks-Hulk,0.05,0.42857142857142855,0.1111111111111111,True
351567,DoS attacks-GoldenEye,0.05,0.6666666666666666,0.42857142857142855,True
352016,DDoS attacks-LOIC-HTTP,0.05,0.25,0.1111111111111111,True
352456,DoS attacks-Hulk,0.05,0.6666666666666666,0.25,True
353452,SSH-Bruteforce,0.05,0.42857142857142855,0.25,True
354101,DDOS attack-HOIC,0.05,0.6666666666666666,0.1111111111111111,True
355308,DoS attacks-SlowHTTPTest,0.05,0.42857142857142855,0.1111111111111111,True
355618,DDOS attack-HOIC,0.05,0.42857142857142855,0.25,True
355723,DoS attacks-GoldenEye,0.05,0.25,0.0,True
356751,Brute Force -Web,0.05,0.42857142857142855,0.25,True
357297,DoS attacks-Hulk,0.05,0.42857142857142855,0.25,True
357531,DoS attacks-SlowHTTPTest,0.05,0.42857142857142855,0.0,True
358097,SQL Injection,0.05,0.25,0.42857142857142855,True
358890,Infilteration,0.05,0.25,0.0,True
359048,DDoS attacks-LOIC-HTTP,0.05,0.42857142857142855,0.0,False
359537,Benign,0.05,0.42857142857142855,0.0,False
359554,FTP-BruteForce,0.05,0.6666666666666666,0.42857142857142855,True
359579,DoS attacks-Slowloris,0.05,0.6666666666666666,0.25,False
360387,DoS attacks-Slowloris,0.05,0.6666666666666666,0.25,False
360939,DoS attacks-Slowloris,0.05,0.42857142857142855,0.0,True
361519,DDOS attack-LOIC-UDP,0.05,0.42857142857142855,1.0,False
361790,SSH-Bruteforce,0.05,0.42857142857142855,1.0,True
361814,DoS attacks-Slowloris,0.05,0.6666666666666666,0.6666666666666666,False
362368,DoS attacks-GoldenEye,0.05,1.0,0.0,True
363023,Infilteration,0.05,0.25,0.0,True
363090,Bot,0.05,0.25,0.1111111111111111,True
363223,DDOS attack-LOIC-UDP,0.05,0.6666666666666666,1.0,False
363736,DoS attacks-Slowloris,0.05,0.6666666666666666,0.42857142857142855,False
363745,DoS attacks-SlowHTTPTest,0.05,0.42857142857142855,0.25,True
364149,DDOS attack-LOIC-UDP,0.05,0.42857142857142855,1.0,False
364474,DoS attacks-Slowloris,0.05,0.42857142857142855,0.6666666666666666,False
364494,DDOS attack-HOIC,0.05,0.42857142857142855,0.0,True
364710,DoS attacks-Hulk,0.05,0.42857142857142855,0.0,True
364833,DDoS attacks-LOIC-HTTP,0.05,0.25,0.25,True
365136,Infilteration,0.05,0.25,0.42857142857142855,True
365607,FTP-BruteForce,0.05,0.42857142857142855,0.1111111111111111,True
365833,Brute Force -Web,0.05,0.42857142857142855,0.0,True
366290,Brute Force -Web,0.05,0.42857142857142855,0.0,True
367369,FTP-BruteForce,0.05,0.42857142857142855,0.1111111111111111,True
368802,Benign,0.05,0.6666666666666666,0.0,False
371681,DDOS attack-HOIC,0.05,0.42857142857142855,0.25,True
372582,Infilteration,0.05,0.25,0.1111111111111111,True
374398,Brute Force -XSS,0.05,0.6666666666666666,0.1111111111111111,True
375921,DoS attacks-Hulk,0.05,0.42857142857142855,0.0,True
376460,DoS attacks-GoldenEye,0.05,0.25,0.1111111111111111,True
377181,Bot,0.05,0.25,0.0,True
377200,DDoS attacks-LOIC-HTTP,0.05,0.25,0.1111111111111111,True
377720,FTP-BruteForce,0.05,0.42857142857142855,0.25,True
378460,DoS attacks-SlowHTTPTest,0.05,0.6666666666666666,0.1111111111111111,True
378630,Infilteration,0.05,0.1111111111111111,0.0,True
378868,DDOS attack-LOIC-UDP,0.05,0.25,1.0,True
378904,DoS attacks-SlowHTTPTest,0.05,0.42857142857142855,0.0,True
379042,DoS attacks-Slowloris,0.05,0.6666666666666666,0.42857142857142855,False
379049,Bot,0.05,0.42857142857142855,0.0,True
379113,DoS attacks-Slowloris,0.05,1.0,0.42857142857142855,False
379409,Bot,0.05,0.42857142857142855,0.1111111111111111,True
379791,SQL Injection,0.05,0.42857142857142855,0.0,True
380316,DDoS attacks-LOIC-HTTP,0.05,0.25,0.0,True
380676,DoS attacks-Slowloris,0.05,0.6666666666666666,0.1111111111111111,True
382053,Benign,0.05,0.6666666666666666,0.42857142857142855,False
382878,Benign,0.05,0.25,0.0,False
383181,FTP-BruteForce,0.05,0.25,0.1111111111111111,True
383315,DoS attacks-Slowloris,0.05,0.42857142857142855,0.1111111111111111,True
383354,DDoS attacks-LOIC-HTTP,0.05,0.25,0.25,True
383426,DoS attacks-GoldenEye,0.05,0.42857142857142855,0.1111111111111111,True
383599,Brute Force -Web,0.05,0.6666666666666666,1.0,True
383954,DoS attacks-GoldenEye,0.05,0.25,0.1111111111111111,True
384456,DoS attacks-Hulk,0.05,0.42857142857142855,0.0,True
385336,Brute Force -Web,0.05,0.6666666666666666,1.0,True
386217,DDOS attack-LOIC-UDP,0.05,0.42857142857142855,1.0,False
386430,DoS attacks-Hulk,0.05,0.42857142857142855,0.0,True
386696,Infilteration,0.05,0.1111111111111111,0.0,True
386793,SSH-Bruteforce,0.05,0.42857142857142855,0.1111111111111111,True
387556,Brute Force -Web,0.05,0.42857142857142855,0.1111111111111111,True
388408,Benign,0.05,0.42857142857142855,0.0,False
388482,DDOS attack-HOIC,0.05,0.6666666666666666,0.1111111111111111,True
390292,Brute Force -XSS,0.05,1.0,1.0,True
390395,DoS attacks-Slowloris,0.05,0.42857142857142855,0.42857142857142855,False
392548,Brute Force -Web,0.05,0.42857142857142855,0.0,True
393620,DDOS attack-LOIC-UDP,0.05,0.6666666666666666,1.0,False
395416,Benign,0.05,0.25,0.0,False
396344,DDOS attack-LOIC-UDP,0.05,0.42857142857142855,1.0,True
396893,DDOS attack-HOIC,0.05,0.42857142857142855,0.0,True
397329,Infilteration,0.05,0.25,0.1111111111111111,True
397403,DoS attacks-Slowloris,0.05,0.42857142857142855,0.42857142857142855,False
397478,SSH-Bruteforce,0.05,0.42857142857142855,0.6666666666666666,True
397490,Bot,0.05,0.25,0.0,True
398799,DDOS attack-LOIC-UDP,0.05,0.42857142857142855,1.0,True
400457,DDOS attack-LOIC-UDP,0.05,0.6666666666666666,1.0,False
401886,DoS attacks-Slowloris,0.05,0.6666666666666666,0.0,True
402004,SSH-Bruteforce,0.05,0.25,0.1111111111111111,True
402197,Bot,0.05,0.42857142857142855,0.1111111111111111,True
402380,DDOS attack-LOIC-UDP,0.05,0.42857142857142855,1.0,True
402677,DDOS attack-LOIC-UDP,0.05,0.25,1.0,False
404377,Bot,0.05,0.25,0.1111111111111111,True
405784,Infilteration,0.05,0.42857142857142855,0.25,True
406035,Bot,0.05,0.25,0.0,True
406095,DDOS attack-HOIC,0.05,0.42857142857142855,0.1111111111111111,True
406393,DDOS attack-LOIC-UDP,0.05,0.25,1.0,True
407392,SSH-Bruteforce,0.05,0.25,0.25,True
407681,FTP-BruteForce,0.05,0.6666666666666666,0.1111111111111111,True
408152,FTP-BruteForce,0.05,0.25,0.25,True
408593,Bot,0.05,0.42857142857142855,0.1111111111111111,True
409353,DoS attacks-SlowHTTPTest,0.05,0.6666666666666666,0.1111111111111111,True
409474,DDOS attack-LOIC-UDP,0.05,0.25,1.0,True
410021,DoS attacks-SlowHTTPTest,0.05,0.6666666666666666,0.1111111111111111,True
410112,DoS attacks-SlowHTTPTest,0.05,0.42857142857142855,0.25,True
410254,DDOS attack-LOIC-UDP,0.05,0.42857142857142855,1.0,False
410740,SSH-Bruteforce,0.05,0.6666666666666666,0.42857142857142855,True
410845,Bot,0.05,0.25,0.0,True
412248,DoS attacks-SlowHTTPTest,0.05,0.6666666666666666,0.1111111111111111,True
414454,DoS attacks-GoldenEye,0.05,0.25,0.0,True
414918,DDOS attack-LOIC-UDP,0.05,0.42857142857142855,1.0,False
415165,DDOS attack-LOIC-UDP,0.05,0.42857142857142855,1.0,False
415297,SQL Injection,0.05,0.6666666666666666,0.1111111111111111,True
415964,DDOS attack-LOIC-UDP,0.05,0.6666666666666666,1.0,False
416934,DDOS attack-HOIC,0.05,0.6666666666666666,0.0,True
416984,Infilteration,0.05,0.42857142857142855,0.6666666666666666,True
417478,DDOS attack-HOIC,0.05,0.42857142857142855,0.0,True
417634,Brute Force -Web,0.05,0.42857142857142855,0.0,True
417696,Infilteration,0.05,0.6666666666666666,0.42857142857142855,True
418003,DoS attacks-Slowloris,0.05,0.6666666666666666,0.42857142857142855,False
420193,DoS attacks-Slowloris,0.05,0.42857142857142855,0.25,False
421149,DoS attacks-Slowloris,0.05,0.6666666666666666,0.0,True
421817,Brute Force -Web,0.05,0.6666666666666666,0.42857142857142855,True
422128,DDOS attack-HOIC,0.05,0.6666666666666666,0.1111111111111111,True
422518,SSH-Bruteforce,0.05,0.42857142857142855,0.6666666666666666,True
423486,Brute Force -XSS,0.05,0.42857142857142855,0.0,True
423710,FTP-BruteForce,0.05,0.42857142857142855,0.6666666666666666,True
423824,DDoS attacks-LOIC-HTTP,0.05,0.25,0.0,True
424076,DDOS attack-HOIC,0.05,0.42857142857142855,0.1111111111111111,True
424233,DDOS attack-LOIC-UDP,0.05,0.42857142857142855,1.0,True
424607,Bot,0.05,0.42857142857142855,0.0,True
425306,DoS attacks-Slowloris,0.05,0.42857142857142855,0.42857142857142855,False
426361,DoS attacks-GoldenEye,0.05,0.6666666666666666,0.0,True
426496,FTP-BruteForce,0.05,0.42857142857142855,0.0,True
427567,Infilteration,0.05,0.0,0.1111111111111111,True
428076,DDoS attacks-LOIC-HTTP,0.05,0.42857142857142855,0.0,True
428942,DoS attacks-SlowHTTPTest,0.05,0.6666666666666666,0.1111111111111111,True
430855,Brute Force -Web,0.05,0.6666666666666666,0.0,True
430879,FTP-BruteForce,0.05,0.42857142857142855,0.1111111111111111,False
431138,DoS attacks-Hulk,0.05,0.42857142857142855,0.0,True
433136,DoS attacks-Hulk,0.05,0.42857142857142855,0.0,True
433298,DoS attacks-Hulk,0.05,0.25,0.25,True
434271,Brute Force -XSS,0.05,0.25,0.0,True
435047,Brute Force -Web,0.05,0.6666666666666666,1.0,True
435082,Brute Force -Web,0.05,0.42857142857142855,0.0,True
435265,SSH-Bruteforce,0.05,0.42857142857142855,0.42857142857142855,True
435398,Bot,0.05,0.42857142857142855,0.0,True
435516,DDoS attacks-LOIC-HTTP,0.05,0.6666666666666666,0.0,True
435999,DDOS attack-LOIC-UDP,0.05,0.42857142857142855,1.0,True
436016,Infilteration,0.05,0.42857142857142855,0.0,True
436253,Bot,0.05,0.42857142857142855,0.1111111111111111,True
437217,FTP-BruteForce,0.05,0.6666666666666666,0.6666666666666666,False
437515,DoS attacks-Slowloris,0.05,0.6666666666666666,0.25,True
437810,Infilteration,0.05,0.25,0.0,True
438174,Brute Force -Web,0.05,0.42857142857142855,1.0,True
439451,DDOS attack-LOIC-UDP,0.05,0.42857142857142855,1.0,True
440734,DDoS attacks-LOIC-HTTP,0.05,0.42857142857142855,0.25,True
440950,DoS attacks-Hulk,0.05,0.42857142857142855,0.0,True
440968,Benign,0.05,0.42857142857142855,0.0,False
442254,Benign,0.05,0.42857142857142855,0.1111111111111111,False
443482,DDOS attack-HOIC,0.05,0.42857142857142855,0.0,True
443627,DoS attacks-Hulk,0.05,0.25,0.1111111111111111,True
443890,DDOS attack-HOIC,0.05,0.6666666666666666,0.1111111111111111,True
444547,DoS attacks-Slowloris,0.05,0.6666666666666666,0.6666666666666666,True
444581,SSH-Bruteforce,0.05,0.6666666666666666,0.1111111111111111,True
445619,Brute Force -Web,0.05,0.6666666666666666,0.0,True
445828,Benign,0.05,0.42857142857142855,0.0,False
446683,DoS attacks-GoldenEye,0.05,0.42857142857142855,0.1111111111111111,True
448174,Infilteration,0.05,0.25,0.1111111111111111,True
450197,DoS attacks-Slowloris,0.05,0.42857142857142855,0.6666666666666666,False
450421,FTP-BruteForce,0.05,0.42857142857142855,0.1111111111111111,True
450725,Benign,0.05,0.42857142857142855,0.0,False
450779,Bot,0.05,0.42857142857142855,0.1111111111111111,True
451779,DoS attacks-Slowloris,0.05,1.0,0.6666666666666666,False
452015,DoS attacks-Slowloris,0.05,0.42857142857142855,0.42857142857142855,False
452263,DoS attacks-Hulk,0.05,0.6666666666666666,0.0,False
452893,DoS attacks-Hulk,0.05,0.42857142857142855,0.1111111111111111,True
453106,DoS attacks-Hulk,0.05,0.42857142857142855,0.25,True
454267,DDoS attacks-LOIC-HTTP,0.05,0.0,0.0,True
454565,Infilteration,0.05,0.42857142857142855,0.1111111111111111,True
455558,DoS attacks-Hulk,0.05,0.42857142857142855,0.0,True
456521,Infilteration,0.05,0.42857142857142855,0.42857142857142855,True
457110,Infilteration,0.05,0.25,0.25,True
457772,DDOS attack-LOIC-UDP,0.05,0.25,1.0,False
458156,Benign,0.05,0.42857142857142855,0.1111111111111111,False
458210,Bot,0.05,0.25,0.1111111111111111,True
458435,DoS attacks-Hulk,0.05,0.42857142857142855,0.0,True
458576,DDoS attacks-LOIC-HTTP,0.05,0.6666666666666666,0.0,True
459088,DoS attacks-GoldenEye,0.05,0.6666666666666666,0.0,True
459692,SSH-Bruteforce,0.05,0.42857142857142855,0.1111111111111111,True
459739,Bot,0.05,0.42857142857142855,0.0,True
460189,FTP-BruteForce,0.05,0.6666666666666666,0.1111111111111111,False
460214,DoS attacks-SlowHTTPTest,0.05,0.6666666666666666,0.25,True
460217,SSH-Bruteforce,0.05,0.6666666666666666,0.1111111111111111,True
460443,Brute Force -XSS,0.05,1.0,1.0,True
461083,Infilteration,0.05,0.42857142857142855,0.0,True
462813,Brute Force -Web,0.05,0.42857142857142855,0.1111111111111111,True
463354,DoS attacks-GoldenEye,0.05,0.25,0.0,True
463389,DDOS attack-LOIC-UDP,0.05,0.42857142857142855,1.0,True
464264,DDOS attack-HOIC,0.05,0.6666666666666666,0.0,True
464916,DDOS attack-HOIC,0.05,0.6666666666666666,0.1111111111111111,True
465013,DDoS attacks-LOIC-HTTP,0.05,0.1111111111111111,0.0,True
465025,DDoS attacks-LOIC-HTTP,0.05,0.25,0.1111111111111111,True
465061,Brute Force -Web,0.05,0.42857142857142855,0.0,True
465189,DoS attacks-Slowloris,0.05,0.6666666666666666,0.42857142857142855,False
465399,FTP-BruteForce,0.05,0.42857142857142855,0.0,True
465523,Infilteration,0.05,0.25,0.25,True
466524,Bot,0.05,0.42857142857142855,0.0,True
466908,SSH-Bruteforce,0.05,0.42857142857142855,0.42857142857142855,True
467947,DDoS attacks-LOIC-HTTP,0.05,0.6666666666666666,0.0,True
468844,Benign,0.05,0.42857142857142855,0.0,False
468943,DDOS attack-LOIC-UDP,0.05,0.42857142857142855,1.0,True
469503,DoS attacks-GoldenEye,0.05,0.6666666666666666,0.0,False
470208,Infilteration,0.05,0.42857142857142855,0.25,True
470293,Bot,0.05,0.42857142857142855,0.1111111111111111,True
470325,Brute Force -Web,0.05,0.6666666666666666,0.42857142857142855,True
470562,DoS attacks-Hulk,0.05,0.42857142857142855,0.0,True
471104,Infilteration,0.05,0.6666666666666666,0.6666666666666666,True
471531,DoS attacks-Slowloris,0.05,0.25,0.25,True
472333,DoS attacks-SlowHTTPTest,0.05,0.42857142857142855,0.42857142857142855,True
472733,Infilteration,0.05,0.0,0.0,True
473231,DoS attacks-SlowHTTPTest,0.05,0.42857142857142855,0.1111111111111111,True
473975,SSH-Bruteforce,0.05,0.6666666666666666,0.42857142857142855,True
474070,DoS attacks-Slowloris,0.05,0.6666666666666666,0.42857142857142855,False
474577,Benign,0.05,0.42857142857142855,0.1111111111111111,False
474715,DDOS attack-HOIC,0.05,0.6666666666666666,0.1111111111111111,True
475209,DDoS attacks-LOIC-HTTP,0.05,0.25,0.1111111111111111,True
476206,Brute Force -XSS,0.05,0.6666666666666666,1.0,True
476336,Brute Force -XSS,0.05,0.42857142857142855,1.0,True
476676,DoS attacks-SlowHTTPTest,0.05,0.42857142857142855,0.1111111111111111,True
476835,DDOS attack-LOIC-UDP,0.05,0.42857142857142855,1.0,False
477610,DoS attacks-GoldenEye,0.05,0.42857142857142855,0.1111111111111111,True
477734,DDoS attacks-LOIC-HTTP,0.05,0.42857142857142855,0.1111111111111111,True
477804,Benign,0.05,0.42857142857142855,0.42857142857142855,False
478158,Benign,0.05,0.42857142857142855,0.0,False
478730,DDOS attack-LOIC-UDP,0.05,0.42857142857142855,1.0,False
480588,Benign,0.05,0.42857142857142855,0.0,False
481014,SSH-Bruteforce,0.05,0.6666666666666666,0.25,True
481737,SSH-Bruteforce,0.05,0.25,0.42857142857142855,True
482959,SSH-Bruteforce,0.05,0.42857142857142855,0.42857142857142855,False
483707,Brute Force -Web,0.05,0.42857142857142855,0.25,True
484737,Bot,0.05,0.42857142857142855,0.0,True
485929,DoS attacks-Slowloris,0.05,0.6666666666666666,0.42857142857142855,False
486892,DDOS attack-HOIC,0.05,0.6666666666666666,0.1111111111111111,True
486934,DDoS attacks-LOIC-HTTP,0.05,0.42857142857142855,0.1111111111111111,True
487209,DoS attacks-GoldenEye,0.05,0.25,0.1111111111111111,True
487263,DDOS attack-LOIC-UDP,0.05,0.25,1.0,False
487387,DDoS attacks-LOIC-HTTP,0.05,0.42857142857142855,0.25,True
488135,Benign,0.05,0.42857142857142855,0.1111111111111111,False
488231,Bot,0.05,0.42857142857142855,0.0,True
488992,DoS attacks-GoldenEye,0.05,0.42857142857142855,0.0,True
489470,DoS attacks-GoldenEye,0.05,0.25,0.1111111111111111,True
489800,SSH-Bruteforce,0.05,0.6666666666666666,0.42857142857142855,True
490284,Benign,0.05,0.42857142857142855,0.0,False
490420,Benign,0.05,0.25,0.0,False
491715,DoS attacks-SlowHTTPTest,0.05,0.42857142857142855,0.1111111111111111,True
491728,DDOS attack-LOIC-UDP,0.05,0.6666666666666666,1.0,True
492002,DoS attacks-SlowHTTPTest,0.05,0.42857142857142855,0.0,True
492969,DDOS attack-LOIC-UDP,0.05,0.42857142857142855,1.0,False
493521,DDOS attack-LOIC-UDP,0.05,0.42857142857142855,1.0,False
494286,DoS attacks-GoldenEye,0.05,0.42857142857142855,0.6666666666666666,True
494413,Infilteration,0.05,0.25,0.1111111111111111,True
495591,DDoS attacks-LOIC-HTTP,0.05,0.25,0.1111111111111111,True
496053,DoS attacks-Hulk,0.05,0.42857142857142855,0.1111111111111111,True
496791,Bot,0.05,0.25,0.1111111111111111,True
496970,DoS attacks-Hulk,0.05,0.42857142857142855,0.1111111111111111,True
497795,DDOS attack-LOIC-UDP,0.05,0.42857142857142855,1.0,False
498379,Brute Force -Web,0.05,0.42857142857142855,1.0,True
498583,Infilteration,0.05,0.1111111111111111,0.6666666666666666,True
498647,Brute Force -Web,0.05,0.6666666666666666,0.0,True
498915,DoS attacks-Slowloris,0.05,0.42857142857142855,0.42857142857142855,True
499022,Bot,0.05,0.25,0.1111111111111111,True
499151,SSH-Bruteforce,0.05,0.42857142857142855,0.6666666666666666,True
499280,DoS attacks-GoldenEye,0.05,0.25,0.0,True
499490,DoS attacks-Slowloris,0.05,1.0,0.6666666666666666,False
500197,Bot,0.05,0.42857142857142855,0.1111111111111111,True
500247,DoS attacks-Slowloris,0.05,0.6666666666666666,0.42857142857142855,False
500277,DoS attacks-GoldenEye,0.05,0.42857142857142855,0.0,True
500639,DoS attacks-GoldenEye,0.05,1.0,0.25,True
501343,DoS attacks-SlowHTTPTest,0.05,0.6666666666666666,0.1111111111111111,True
501715,DoS attacks-Hulk,0.05,0.25,0.0,True
501916,DDOS attack-HOIC,0.05,0.6666666666666666,0.1111111111111111,True
502356,Benign,0.05,0.25,0.0,False
502711,Infilteration,0.05,0.1111111111111111,0.42857142857142855,True
503052,Brute Force -XSS,0.05,0.42857142857142855,1.0,True
504769,DoS attacks-SlowHTTPTest,0.05,0.42857142857142855,0.25,True
507562,DDOS attack-HOIC,0.05,1.0,0.0,True
507576,FTP-BruteForce,0.05,0.42857142857142855,0.6666666666666666,True
509162,Infilteration,0.05,0.6666666666666666,0.0,False
509759,DoS attacks-GoldenEye,0.05,0.42857142857142855,0.1111111111111111,True
509950,DoS attacks-Hulk,0.05,0.42857142857142855,0.1111111111111111,True
510614,Bot,0.05,0.1111111111111111,0.0,True
510672,FTP-BruteForce,0.05,0.6666666666666666,0.0,True
511057,DoS attacks-Hulk,0.05,0.42857142857142855,0.1111111111111111,True
511838,SSH-Bruteforce,0.05,0.42857142857142855,0.25,True
512234,DDoS attacks-LOIC-HTTP,0.05,0.25,0.0,True
512406,Infilteration,0.05,0.42857142857142855,0.1111111111111111,False
513915,DDoS attacks-LOIC-HTTP,0.05,0.42857142857142855,0.1111111111111111,True
513948,FTP-BruteForce,0.05,0.25,0.25,True
514169,FTP-BruteForce,0.05,0.6666666666666666,0.42857142857142855,True
514378,Brute Force -Web,0.05,0.42857142857142855,0.0,True
514487,Infilteration,0.05,0.25,0.1111111111111111,True
515246,Benign,0.05,0.6666666666666666,0.1111111111111111,False
515335,Infilteration,0.05,0.42857142857142855,0.1111111111111111,True
515574,DoS attacks-Hulk,0.05,0.42857142857142855,0.0,True
515837,DoS attacks-Hulk,0.05,0.42857142857142855,0.25,True
516812,DoS attacks-Slowloris,0.05,0.6666666666666666,0.0,True
517291,Brute Force -Web,0.05,0.6666666666666666,0.0,True
517324,DoS attacks-Slowloris,0.05,0.6666666666666666,0.0,True
517438,DoS attacks-SlowHTTPTest,0.05,0.42857142857142855,0.42857142857142855,True
517938,DDOS attack-HOIC,0.05,1.0,0.25,True
518001,Infilteration,0.05,0.1111111111111111,0.0,True
518108,DDOS attack-HOIC,0.05,1.0,0.0,True
518911,Infilteration,0.05,0.25,0.0,True
519101,DoS attacks-SlowHTTPTest,0.05,0.6666666666666666,0.1111111111111111,True
519731,DDoS attacks-LOIC-HTTP,0.05,0.25,0.1111111111111111,True
519793,Infilteration,0.05,0.25,0.25,True
519990,Brute Force -Web,0.05,0.42857142857142855,1.0,True
520651,Benign,0.05,0.42857142857142855,0.42857142857142855,False
520811,Brute Force -Web,0.05,0.42857142857142855,1.0,True
521292,DoS attacks-Slowloris,0.05,0.6666666666666666,0.25,False
521385,DoS attacks-GoldenEye,0.05,0.6666666666666666,0.1111111111111111,True
521409,Infilteration,0.05,0.1111111111111111,0.0,True
521524,DoS attacks-Slowloris,0.05,1.0,0.6666666666666666,False
521606,Benign,0.05,0.25,0.1111111111111111,False
521700,Brute Force -XSS,0.05,0.25,0.0,True
521833,DoS attacks-Slowloris,0.05,0.42857142857142855,0.0,True
522204,Brute Force -XSS,0.05,0.25,0.1111111111111111,True
522450,DoS attacks-Hulk,0.05,0.42857142857142855,0.1111111111111111,True
522606,Infilteration,0.05,0.25,0.42857142857142855,True
522632,DDoS attacks-LOIC-HTTP,0.05,0.25,0.0,True
524341,Brute Force -Web,0.05,0.42857142857142855,0.1111111111111111,True
524431,DoS attacks-SlowHTTPTest,0.05,0.42857142857142855,0.25,True
524740,Bot,0.05,0.25,0.0,True
524824,FTP-BruteForce,0.05,0.25,0.25,True
525152,DoS attacks-Slowloris,0.05,0.6666666666666666,0.42857142857142855,True
525166,DoS attacks-GoldenEye,0.05,0.25,0.25,True
525261,Bot,0.05,0.42857142857142855,0.0,True
525466,DDOS attack-HOIC,0.05,0.6666666666666666,0.0,True
527604,Brute Force -Web,0.05,0.42857142857142855,0.0,True
527622,DoS attacks-SlowHTTPTest,0.05,0.42857142857142855,0.25,True
528023,DDOS attack-LOIC-UDP,0.05,0.25,1.0,False
528258,Bot,0.05,0.25,0.1111111111111111,True
528901,DDOS attack-HOIC,0.05,0.42857142857142855,0.0,True
529044,DDOS attack-LOIC-UDP,0.05,0.42857142857142855,1.0,False
529520,FTP-BruteForce,0.05,0.25,0.25,True
529556,DoS attacks-Hulk,0.05,0.25,0.1111111111111111,False
530909,Benign,0.05,0.25,0.0,False
531225,Brute Force -Web,0.05,0.42857142857142855,0.1111111111111111,True
531607,FTP-BruteForce,0.05,0.6666666666666666,0.25,True
531733,DoS attacks-Hulk,0.05,0.6666666666666666,0.1111111111111111,True
532195,Benign,0.05,0.42857142857142855,0.0,False
532287,DoS attacks-GoldenEye,0.05,0.42857142857142855,0.1111111111111111,True
532375,DoS attacks-GoldenEye,0.05,0.25,0.1111111111111111,True
533025,Benign,0.05,0.42857142857142855,0.25,False
533710,DDOS attack-LOIC-UDP,0.05,0.42857142857142855,1.0,False
534876,DoS attacks-Slowloris,0.05,0.6666666666666666,0.25,False
535830,DDOS attack-LOIC-UDP,0.05,0.25,1.0,False
535970,DDOS attack-LOIC-UDP,0.05,0.6666666666666666,1.0,True
537128,DDOS attack-HOIC,0.05,0.6666666666666666,0.0,True
537276,DDOS attack-HOIC,0.05,0.6666666666666666,0.25,True
537705,Benign,0.05,0.42857142857142855,0.0,False
537964,SSH-Bruteforce,0.05,0.42857142857142855,0.42857142857142855,True
537993,Infilteration,0.05,0.1111111111111111,0.0,True
538093,Bot,0.05,0.25,0.0,True
538599,DDoS attacks-LOIC-HTTP,0.05,0.42857142857142855,0.1111111111111111,True
539630,DoS attacks-Hulk,0.05,0.42857142857142855,0.1111111111111111,True
540528,FTP-BruteForce,0.05,0.6666666666666666,0.42857142857142855,True
541526,DDoS attacks-LOIC-HTTP,0.05,0.42857142857142855,0.1111111111111111,True
541726,DoS attacks-Hulk,0.05,0.42857142857142855,0.0,True
541907,Benign,0.05,0.42857142857142855,0.0,False
542057,DDoS attacks-LOIC-HTTP,0.05,0.25,0.1111111111111111,True
542466,Infilteration,0.05,0.1111111111111111,0.1111111111111111,True
542478,SSH-Bruteforce,0.05,0.6666666666666666,0.1111111111111111,True
542508,Bot,0.05,0.42857142857142855,0.0,True
542957,DoS attacks-GoldenEye,0.05,1.0,0.1111111111111111,True
544187,DDoS attacks-LOIC-HTTP,0.05,0.42857142857142855,0.1111111111111111,True
544602,DDOS attack-HOIC,0.05,0.6666666666666666,0.1111111111111111,True
544810,Bot,0.05,0.25,0.0,True
544974,DoS attacks-Hulk,0.05,0.42857142857142855,0.25,True
545075,Benign,0.05,0.42857142857142855,0.42857142857142855,False
545791,Bot,0.05,0.25,0.0,True
546990,DoS attacks-Slowloris,0.05,0.42857142857142855,0.6666666666666666,False
547278,Benign,0.05,0.42857142857142855,0.0,False
547723,DoS attacks-GoldenEye,0.05,0.25,0.25,True
547988,DDOS attack-LOIC-UDP,0.05,0.42857142857142855,1.0,True
549022,Brute Force -Web,0.05,0.6666666666666666,0.0,True
550193,Bot,0.05,0.25,0.1111111111111111,True
550265,DDOS attack-HOIC,0.05,0.6666666666666666,0.0,True
550396,Benign,0.05,0.25,0.0,False
552215,DoS attacks-Slowloris,0.05,0.42857142857142855,0.0,True
554166,DoS attacks-Hulk,0.05,0.42857142857142855,0.1111111111111111,True
555257,SSH-Bruteforce,0.05,0.42857142857142855,0.25,True
555404,SSH-Bruteforce,0.05,0.6666666666666666,0.6666666666666666,True
556016,DoS attacks-Slowloris,0.05,0.42857142857142855,0.25,True
556032,Brute Force -XSS,0.05,0.6666666666666666,1.0,True
557077,SQL Injection,0.05,0.6666666666666666,0.25,True
557127,Benign,0.05,0.6666666666666666,0.0,False
557149,DoS attacks-GoldenEye,0.05,0.42857142857142855,0.1111111111111111,True
557389,SSH-Bruteforce,0.05,1.0,0.42857142857142855,True
557903,DoS attacks-Slowloris,0.05,0.42857142857142855,0.6666666666666666,False
558168,DDoS attacks-LOIC-HTTP,0.05,0.42857142857142855,0.1111111111111111,True
558395,DDoS attacks-LOIC-HTTP,0.05,0.6666666666666666,0.1111111111111111,True
559195,DDOS attack-HOIC,0.05,0.6666666666666666,0.0,True
559359,SSH-Bruteforce,0.05,0.42857142857142855,0.1111111111111111,True
559418,Brute Force -XSS,0.05,1.0,1.0,True
559553,DoS attacks-Hulk,0.05,0.42857142857142855,0.1111111111111111,False
559606,DoS attacks-Hulk,0.05,0.42857142857142855,0.1111111111111111,True
559993,DoS attacks-Hulk,0.05,0.42857142857142855,0.0,True
560536,Bot,0.05,0.42857142857142855,0.0,True
561213,Bot,0.05,0.6666666666666666,0.0,True
561935,DoS attacks-GoldenEye,0.05,0.6666666666666666,0.1111111111111111,True
562873,DoS attacks-Slowloris,0.05,0.6666666666666666,0.6666666666666666,False
563135,DDoS attacks-LOIC-HTTP,0.05,0.42857142857142855,0.1111111111111111,True
563562,Benign,0.05,0.6666666666666666,0.25,False
563636,DDOS attack-HOIC,0.05,1.0,0.0,True
564150,DoS attacks-Hulk,0.05,0.42857142857142855,0.1111111111111111,True
564226,DDOS attack-HOIC,0.05,1.0,0.0,True
564802,DDOS attack-LOIC-UDP,0.05,0.42857142857142855,1.0,True
565427,DoS attacks-SlowHTTPTest,0.05,0.42857142857142855,0.25,True
566199,FTP-BruteForce,0.05,0.25,0.42857142857142855,True
566348,DoS attacks-Slowloris,0.05,0.6666666666666666,0.25,True
567518,DDoS attacks-LOIC-HTTP,0.05,0.6666666666666666,0.1111111111111111,True
567714,Brute Force -Web,0.05,1.0,1.0,False
567877,DoS attacks-SlowHTTPTest,0.05,0.6666666666666666,0.0,True
568399,DoS attacks-GoldenEye,0.05,0.25,0.0,True
568838,SSH-Bruteforce,0.05,0.6666666666666666,0.42857142857142855,True
570118,DoS attacks-GoldenEye,0.05,0.42857142857142855,0.25,True
571598,DDoS attacks-LOIC-HTTP,0.05,0.6666666666666666,0.0,True
571642,DDoS attacks-LOIC-HTTP,0.05,0.25,0.42857142857142855,True
572379,Brute Force -XSS,0.05,0.25,0.1111111111111111,True
573111,DoS attacks-Hulk,0.05,0.42857142857142855,0.0,True
573424,Brute Force -XSS,0.05,0.42857142857142855,0.0,True
573771,DoS attacks-GoldenEye,0.05,0.25,0.25,True
573880,DDOS attack-LOIC-UDP,0.05,0.42857142857142855,1.0,True
574170,DoS attacks-Hulk,0.05,0.25,0.0,True
576116,Benign,0.05,0.42857142857142855,0.0,False
576152,DoS attacks-GoldenEye,0.05,0.6666666666666666,0.1111111111111111,False
577200,Brute Force -Web,0.05,0.6666666666666666,0.0,True
577695,SSH-Bruteforce,0.05,0.6666666666666666,0.1111111111111111,False
578079,DoS attacks-GoldenEye,0.05,0.25,0.1111111111111111,True
578698,DDOS attack-HOIC,0.05,0.42857142857142855,0.0,True
579553,Benign,0.05,0.6666666666666666,0.0,False
579853,DoS attacks-GoldenEye,0.05,0.6666666666666666,0.0,True
579978,Infilteration,0.05,0.25,0.0,True
581136,DoS attacks-Slowloris,0.05,0.42857142857142855,0.1111111111111111,True
581490,DDOS attack-HOIC,0.05,0.6666666666666666,0.1111111111111111,True
582425,Infilteration,0.05,0.42857142857142855,0.25,True
582433,FTP-BruteForce,0.05,0.42857142857142855,0.1111111111111111,True
582648,DoS attacks-Slowloris,0.05,0.25,0.42857142857142855,True
582796,Benign,0.05,0.42857142857142855,0.0,False
583069,Benign,0.05,0.25,0.0,False
583318,DDoS attacks-LOIC-HTTP,0.05,0.42857142857142855,0.0,True
583369,SSH-Bruteforce,0.05,1.0,0.6666666666666666,True
584457,DDoS attacks-LOIC-HTTP,0.05,0.42857142857142855,0.0,True
584834,SSH-Bruteforce,0.05,0.42857142857142855,0.25,True
585332,SSH-Bruteforce,0.05,0.6666666666666666,1.0,True
585380,FTP-BruteForce,0.05,1.0,0.1111111111111111,True
586218,DoS attacks-GoldenEye,0.05,0.42857142857142855,0.42857142857142855,True
588010,DoS attacks-GoldenEye,0.05,1.0,0.42857142857142855,False
588054,Benign,0.05,0.6666666666666666,0.0,False
588844,DDOS attack-HOIC,0.05,0.42857142857142855,0.0,True
589312,DoS attacks-Slowloris,0.05,0.6666666666666666,0.1111111111111111,False
589510,Benign,0.05,0.6666666666666666,0.0,False
589863,DDoS attacks-LOIC-HTTP,0.05,0.42857142857142855,0.1111111111111111,True
590538,Bot,0.05,0.25,0.0,True
590726,DDOS attack-LOIC-UDP,0.05,1.0,1.0,True
591248,FTP-BruteForce,0.05,0.6666666666666666,0.1111111111111111,True
592051,DDoS attacks-LOIC-HTTP,0.05,0.6666666666666666,0.25,True
592647,FTP-BruteForce,0.05,0.25,0.1111111111111111,True
593418,DDOS attack-HOIC,0.05,0.6666666666666666,0.0,True
593460,DDoS attacks-LOIC-HTTP,0.05,0.42857142857142855,0.0,True
593561,FTP-BruteForce,0.05,0.6666666666666666,0.1111111111111111,False
593630,DoS attacks-GoldenEye,0.05,0.25,0.1111111111111111,True
593714,Bot,0.05,0.42857142857142855,0.1111111111111111,True
594014,Infilteration,0.05,0.1111111111111111,0.0,True
595185,DDoS attacks-LOIC-HTTP,0.05,0.6666666666666666,0.1111111111111111,True
598293,Brute Force -XSS,0.05,0.6666666666666666,1.0,True
599120,DoS attacks-Hulk,0.05,0.6666666666666666,0.1111111111111111,True
599229,DoS attacks-SlowHTTPTest,0.05,0.6666666666666666,0.1111111111111111,True
599616,DoS attacks-Hulk,0.05,0.6666666666666666,0.0,True
599680,FTP-BruteForce,0.05,0.42857142857142855,0.25,True
599997,SSH-Bruteforce,0.05,0.42857142857142855,0.25,True
601076,Benign,0.05,0.42857142857142855,0.0,False
601248,Benign,0.05,0.42857142857142855,0.0,False
601870,DDoS attacks-LOIC-HTTP,0.05,0.25,0.0,True
602139,FTP-BruteForce,0.05,0.42857142857142855,0.1111111111111111,True
603609,DoS attacks-GoldenEye,0.05,0.1111111111111111,0.0,True
604009,FTP-BruteForce,0.05,0.42857142857142855,0.25,True
604303,DoS attacks-Hulk,0.05,0.42857142857142855,0.0,True
604387,DoS attacks-Hulk,0.05,0.6666666666666666,0.25,True
604539,DoS attacks-SlowHTTPTest,0.05,0.42857142857142855,0.1111111111111111,True
605097,DDOS attack-HOIC,0.05,0.6666666666666666,0.1111111111111111,True
608011,DDOS attack-HOIC,0.05,0.6666666666666666,0.25,True
611192,DoS attacks-Hulk,0.05,0.6666666666666666,0.1111111111111111,True
611363,DoS attacks-Slowloris,0.05,1.0,0.6666666666666666,False
612695,Brute Force -Web,0.05,0.42857142857142855,1.0,True
613099,DoS attacks-Hulk,0.05,0.6666666666666666,0.1111111111111111,True
613326,DDoS attacks-LOIC-HTTP,0.05,0.42857142857142855,0.1111111111111111,True
613991,SSH-Bruteforce,0.05,0.6666666666666666,0.6666666666666666,True
614266,Brute Force -Web,0.05,0.42857142857142855,0.0,True
614472,Brute Force -Web,0.05,0.6666666666666666,1.0,True
615058,DoS attacks-SlowHTTPTest,0.05,0.42857142857142855,0.0,True
615305,Infilteration,0.05,0.25,0.0,True
617223,FTP-BruteForce,0.05,0.6666666666666666,0.6666666666666666,True
618278,DoS attacks-SlowHTTPTest,0.05,0.42857142857142855,0.0,True
618502,DoS attacks-GoldenEye,0.05,0.6666666666666666,0.1111111111111111,True
618663,Brute Force -Web,0.05,0.6666666666666666,1.0,True
619868,SSH-Bruteforce,0.05,0.42857142857142855,0.42857142857142855,True
619955,Infilteration,0.05,0.25,0.1111111111111111,True
621179,DoS attacks-SlowHTTPTest,0.05,0.42857142857142855,0.1111111111111111,True
621479,DDOS attack-LOIC-UDP,0.05,0.42857142857142855,1.0,False
621707,DDOS attack-LOIC-UDP,0.05,0.42857142857142855,1.0,False
621721,Benign,0.05,0.25,0.6666666666666666,False
622745,FTP-BruteForce,0.05,0.42857142857142855,0.0,True
623338,DDOS attack-LOIC-UDP,0.05,0.6666666666666666,1.0,False
623373,DoS attacks-SlowHTTPTest,0.05,0.6666666666666666,0.1111111111111111,True
624337,DoS attacks-SlowHTTPTest,0.05,0.42857142857142855,0.0,True
625380,Benign,0.05,0.25,0.42857142857142855,False
625897,Brute Force -Web,0.05,0.6666666666666666,0.1111111111111111,True
626041,DDoS attacks-LOIC-HTTP,0.05,0.6666666666666666,0.1111111111111111,True
626359,DDOS attack-LOIC-UDP,0.05,0.42857142857142855,1.0,True
626557,Bot,0.05,0.25,0.0,True
626936,Infilteration,0.05,0.25,0.1111111111111111,True
627642,DoS attacks-GoldenEye,0.05,1.0,0.1111111111111111,True
628503,DoS attacks-SlowHTTPTest,0.05,0.6666666666666666,0.1111111111111111,True
628867,Benign,0.05,0.42857142857142855,0.0,False
629734,Brute Force -Web,0.05,0.6666666666666666,1.0,True
629869,Bot,0.05,0.6666666666666666,0.0,True
630081,Brute Force -XSS,0.05,0.25,0.0,True
630267,Infilteration,0.05,0.42857142857142855,0.0,True
630346,DoS attacks-Hulk,0.05,0.42857142857142855,0.1111111111111111,True
630869,DoS attacks-Slowloris,0.05,0.6666666666666666,1.0,False
632131,DoS attacks-Slowloris,0.05,0.42857142857142855,0.42857142857142855,False
634085,Benign,0.05,0.42857142857142855,0.1111111111111111,False
634574,DoS attacks-Hulk,0.05,0.42857142857142855,0.0,True
634683,DDoS attacks-LOIC-HTTP,0.05,0.25,0.1111111111111111,True
635547,DDoS attacks-LOIC-HTTP,0.05,0.1111111111111111,0.0,True
636981,DoS attacks-Slowloris,0.05,0.42857142857142855,1.0,True
637590,SSH-Bruteforce,0.05,0.42857142857142855,0.0,True
638042,DDOS attack-LOIC-UDP,0.05,0.42857142857142855,1.0,False
639924,DoS attacks-GoldenEye,0.05,0.25,0.0,True
640704,DDoS attacks-LOIC-HTTP,0.05,0.1111111111111111,0.0,True
641203,DoS attacks-GoldenEye,0.05,0.1111111111111111,0.1111111111111111,True
641423,Brute Force -Web,0.05,0.42857142857142855,1.0,True
643020,Bot,0.05,0.6666666666666666,0.1111111111111111,True
644030,DoS attacks-Slowloris,0.05,0.6666666666666666,0.6666666666666666,True
644516,DDOS attack-LOIC-UDP,0.05,0.42857142857142855,1.0,True
645490,DoS attacks-Slowloris,0.05,0.42857142857142855,0.1111111111111111,True
645824,Benign,0.05,0.6666666666666666,0.1111111111111111,False
645970,DDOS attack-LOIC-UDP,0.05,0.6666666666666666,1.0,False
647108,DoS attacks-Hulk,0.05,0.25,0.1111111111111111,True
647221,DDOS attack-HOIC,0.05,0.42857142857142855,0.1111111111111111,True
648394,DDoS attacks-LOIC-HTTP,0.05,0.25,0.0,True
648518,DDOS attack-HOIC,0.05,0.6666666666666666,0.1111111111111111,True
648720,DDOS attack-HOIC,0.05,1.0,0.0,True
648799,Benign,0.05,0.6666666666666666,0.42857142857142855,False
649611,FTP-BruteForce,0.05,0.6666666666666666,0.1111111111111111,False
650282,Infilteration,0.05,0.1111111111111111,0.0,False
651601,SSH-Bruteforce,0.05,0.42857142857142855,0.42857142857142855,True
651743,Brute Force -XSS,0.05,0.42857142857142855,1.0,True
652157,DoS attacks-Hulk,0.05,0.6666666666666666,0.1111111111111111,True
652478,DoS attacks-SlowHTTPTest,0.05,0.25,0.25,True
652768,DDOS attack-HOIC,0.05,1.0,0.42857142857142855,True
652891,Bot,0.05,0.42857142857142855,0.0,True
653069,DDOS attack-HOIC,0.05,0.6666666666666666,0.0,True
653140,DDOS attack-HOIC,0.05,0.6666666666666666,0.25,True
654204,DoS attacks-GoldenEye,0.05,0.42857142857142855,0.42857142857142855,True
654211,FTP-BruteForce,0.05,0.6666666666666666,0.1111111111111111,True
654258,DDOS attack-LOIC-UDP,0.05,0.6666666666666666,1.0,False
654276,Brute Force -Web,0.05,0.6666666666666666,0.25,True
654496,FTP-BruteForce,0.05,0.6666666666666666,0.1111111111111111,True
654659,DoS attacks-Slowloris,0.05,0.6666666666666666,0.6666666666666666,False
654908,FTP-BruteForce,0.05,0.42857142857142855,0.6666666666666666,True
655627,Infilteration,0.05,0.25,0.42857142857142855,True
656860,SSH-Bruteforce,0.05,0.6666666666666666,0.25,True
658282,Benign,0.05,0.42857142857142855,0.1111111111111111,False
658852,SSH-Bruteforce,0.05,0.6666666666666666,0.42857142857142855,True
661309,SSH-Bruteforce,0.05,0.6666666666666666,0.1111111111111111,True
661657,DoS attacks-GoldenEye,0.05,0.42857142857142855,0.25,True
662079,Brute Force -Web,0.05,0.6666666666666666,0.0,True
662125,DoS attacks-SlowHTTPTest,0.05,0.6666666666666666,0.1111111111111111,True
662490,DDOS attack-LOIC-UDP,0.05,0.25,1.0,True
663020,Brute Force -Web,0.05,0.42857142857142855,0.0,True
663131,FTP-BruteForce,0.05,0.42857142857142855,0.1111111111111111,False
665093,Bot,0.05,0.42857142857142855,0.1111111111111111,True
665181,DoS attacks-GoldenEye,0.05,0.42857142857142855,0.1111111111111111,True
665520,DoS attacks-SlowHTTPTest,0.05,0.6666666666666666,0.0,True
665609,DDOS attack-LOIC-UDP,0.05,0.42857142857142855,1.0,False
665639,Brute Force -Web,0.05,0.6666666666666666,1.0,True
667343,DoS attacks-Hulk,0.05,0.42857142857142855,0.1111111111111111,True
667959,Bot,0.05,0.42857142857142855,0.25,True
668300,Bot,0.05,0.42857142857142855,0.42857142857142855,True
668437,DDOS attack-HOIC,0.05,1.0,0.0,True
668596,Infilteration,0.05,0.42857142857142855,0.0,True
668972,DoS attacks-Slowloris,0.05,0.6666666666666666,0.0,True
669816,Brute Force -XSS,0.05,1.0,1.0,True
671747,DDOS attack-HOIC,0.05,0.42857142857142855,0.0,True
671863,DoS attacks-Hulk,0.05,0.42857142857142855,0.0,True
672527,DDoS attacks-LOIC-HTTP,0.05,0.42857142857142855,0.25,True
672743,DoS attacks-Hulk,0.05,0.42857142857142855,0.25,True
673338,DoS attacks-Hulk,0.05,0.42857142857142855,0.1111111111111111,True
674573,Bot,0.05,0.42857142857142855,0.0,True
675570,DDoS attacks-LOIC-HTTP,0.05,0.42857142857142855,0.0,True
675775,DDOS attack-HOIC,0.05,1.0,0.0,True
675840,Infilteration,0.05,0.1111111111111111,0.6666666666666666,True
675988,DoS attacks-Slowloris,0.05,1.0,0.42857142857142855,True
676095,Brute Force -Web,0.05,0.6666666666666666,1.0,True
676164,FTP-BruteForce,0.05,0.42857142857142855,0.25,True
676553,DDoS attacks-LOIC-HTTP,0.05,0.25,0.1111111111111111,True
677383,DDOS attack-LOIC-UDP,0.05,0.42857142857142855,1.0,True
677402,Infilteration,0.05,0.1111111111111111,0.42857142857142855,True
677410,Benign,0.05,0.6666666666666666,0.25,False
677440,DDOS attack-HOIC,0.05,1.0,0.0,True
677546,FTP-BruteForce,0.05,0.6666666666666666,0.1111111111111111,True
677734,DoS attacks-Hulk,0.05,0.6666666666666666,0.25,True
678287,DoS attacks-Hulk,0.05,0.42857142857142855,0.25,True
678955,DoS attacks-Slowloris,0.05,0.6666666666666666,0.1111111111111111,True
679069,DDOS attack-HOIC,0.05,0.6666666666666666,0.0,True
679619,Benign,0.05,0.6666666666666666,0.1111111111111111,False
680342,DDOS attack-HOIC,0.05,0.42857142857142855,0.1111111111111111,True
681271,Infilteration,0.05,0.0,0.25,True
681491,DoS attacks-Slowloris,0.05,0.6666666666666666,0.25,False
681628,SSH-Bruteforce,0.05,0.42857142857142855,0.42857142857142855,True
681904,SSH-Bruteforce,0.05,0.42857142857142855,0.25,True
683028,Benign,0.05,0.42857142857142855,0.42857142857142855,False
683559,DoS attacks-Hulk,0.05,0.6666666666666666,0.0,True
685076,DDoS attacks-LOIC-HTTP,0.05,0.25,0.25,True
685101,DoS attacks-Hulk,0.05,0.25,0.1111111111111111,True
685591,Brute Force -Web,0.05,0.6666666666666666,1.0,True
685888,DDoS attacks-LOIC-HTTP,0.05,0.25,0.0,True
686965,DoS attacks-Hulk,0.05,0.42857142857142855,0.1111111111111111,True
687272,DoS attacks-Hulk,0.05,0.42857142857142855,0.1111111111111111,True
687709,DDOS attack-LOIC-UDP,0.05,0.42857142857142855,1.0,True
688091,DoS attacks-SlowHTTPTest,0.05,0.6666666666666666,0.1111111111111111,True
688116,DoS attacks-GoldenEye,0.05,0.25,0.1111111111111111,True
688353,DoS attacks-GoldenEye,0.05,0.42857142857142855,0.25,True
688491,DoS attacks-Hulk,0.05,0.6666666666666666,0.0,True
690668,Bot,0.05,0.25,0.0,True
690954,DoS attacks-GoldenEye,0.05,0.25,0.0,True
691115,Infilteration,0.05,0.42857142857142855,0.0,True
691430,Brute Force -Web,0.05,0.6666666666666666,0.0,True
691842,DDOS attack-LOIC-UDP,0.05,0.42857142857142855,1.0,False
692199,SSH-Bruteforce,0.05,0.42857142857142855,0.25,False
692563,DoS attacks-SlowHTTPTest,0.05,0.6666666666666666,0.0,True
692621,DDOS attack-LOIC-UDP,0.05,0.25,1.0,True
692937,DoS attacks-Slowloris,0.05,0.6666666666666666,0.42857142857142855,False
692939,Infilteration,0.05,0.25,0.0,True
693701,SSH-Bruteforce,0.05,0.6666666666666666,0.42857142857142855,True
693916,DoS attacks-SlowHTTPTest,0.05,0.42857142857142855,0.1111111111111111,True
695058,Brute Force -XSS,0.05,0.6666666666666666,0.0,True
695638,SSH-Bruteforce,0.05,0.25,0.42857142857142855,True
695843,Brute Force -XSS,0.05,0.42857142857142855,0.0,True
696696,DDoS attacks-LOIC-HTTP,0.05,0.25,0.25,True
697064,DDOS attack-HOIC,0.05,0.6666666666666666,0.0,True
697275,SSH-Bruteforce,0.05,0.6666666666666666,0.42857142857142855,False
697769,Brute Force -Web,0.05,0.42857142857142855,1.0,True
698426,DDoS attacks-LOIC-HTTP,0.05,0.25,0.42857142857142855,True
698783,DoS attacks-GoldenEye,0.05,0.6666666666666666,0.1111111111111111,True
172,DoS attacks-SlowHTTPTest,0.1,0.42857142857142855,0.0,True
731,SSH-Bruteforce,0.1,0.25,0.25,True
787,DoS attacks-SlowHTTPTest,0.1,0.25,0.0,True
1256,Infilteration,0.1,0.1111111111111111,0.0,True
1582,Brute Force -Web,0.1,0.42857142857142855,0.0,True
3338,DoS attacks-Hulk,0.1,0.42857142857142855,0.1111111111111111,True
3495,DoS attacks-Hulk,0.1,0.42857142857142855,0.1111111111111111,True
3770,DDoS attacks-LOIC-HTTP,0.1,0.25,0.0,True
3784,DDoS attacks-LOIC-HTTP,0.1,0.25,0.0,True
4054,Brute Force -Web,0.1,0.42857142857142855,0.0,True
4327,DoS attacks-Slowloris,0.1,0.6666666666666666,0.6666666666666666,False
4463,DDOS attack-HOIC,0.1,0.42857142857142855,0.0,True
4725,Brute Force -XSS,0.1,1.0,1.0,True
5100,SSH-Bruteforce,0.1,0.42857142857142855,0.42857142857142855,True
5906,DoS attacks-Hulk,0.1,0.42857142857142855,0.0,True
6234,FTP-BruteForce,0.1,0.6666666666666666,0.25,False
8793,DDoS attacks-LOIC-HTTP,0.1,0.25,0.1111111111111111,True
8844,DoS attacks-GoldenEye,0.1,0.25,0.0,True
9514,DDOS attack-HOIC,0.1,1.0,0.0,True
10459,DDoS attacks-LOIC-HTTP,0.1,0.1111111111111111,0.0,True
11309,Brute Force -Web,0.1,0.6666666666666666,1.0,True
11329,DDoS attacks-LOIC-HTTP,0.1,0.42857142857142855,0.0,True
11840,DoS attacks-Slowloris,0.1,0.6666666666666666,0.0,False
11950,DDOS attack-HOIC,0.1,0.6666666666666666,0.0,True
12033,DDOS attack-HOIC,0.1,0.42857142857142855,0.0,True
12163,DoS attacks-GoldenEye,0.1,0.25,0.0,True
12365,Brute Force -Web,0.1,0.6666666666666666,0.0,True
13242,Infilteration,0.1,0.1111111111111111,0.0,True
13566,DoS attacks-Slowloris,0.1,0.42857142857142855,0.0,True
13946,DoS attacks-SlowHTTPTest,0.1,0.42857142857142855,0.1111111111111111,True
14215,Bot,0.1,0.1111111111111111,0.1111111111111111,True
15658,Brute Force -XSS,0.1,0.6666666666666666,1.0,True
15924,SSH-Bruteforce,0.1,0.6666666666666666,0.1111111111111111,True
16366,Bot,0.1,0.25,0.0,True
17100,DDOS attack-HOIC,0.1,1.0,0.1111111111111111,True
17227,DoS attacks-Slowloris,0.1,0.6666666666666666,0.42857142857142855,True
17228,DDOS attack-HOIC,0.1,0.6666666666666666,0.0,True
17231,DDoS attacks-LOIC-HTTP,0.1,0.25,0.0,True
17866,DDOS attack-LOIC-UDP,0.1,0.42857142857142855,1.0,False
18255,SSH-Bruteforce,0.1,0.6666666666666666,0.1111111111111111,True
18302,DoS attacks-SlowHTTPTest,0.1,0.6666666666666666,0.0,True
19068,Brute Force -XSS,0.1,0.6666666666666666,1.0,True
20056,Brute Force -XSS,0.1,0.6666666666666666,1.0,True
20734,DDoS attacks-LOIC-HTTP,0.1,0.42857142857142855,0.0,True
20903,DoS attacks-SlowHTTPTest,0.1,1.0,0.1111111111111111,True
20922,Brute Force -Web,0.1,0.6666666666666666,0.0,True
22508,SSH-Bruteforce,0.1,0.6666666666666666,0.25,True
22780,FTP-BruteForce,0.1,0.6666666666666666,0.0,True
24518,DoS attacks-Slowloris,0.1,0.42857142857142855,0.0,True
25577,DDoS attacks-LOIC-HTTP,0.1,0.25,0.0,True
26103,DoS attacks-Hulk,0.1,0.42857142857142855,0.0,True
26400,Infilteration,0.1,0.25,0.0,True
26662,Brute Force -Web,0.1,0.6666666666666666,0.0,True
27402,SSH-Bruteforce,0.1,0.25,0.1111111111111111,False
27421,Brute Force -XSS,0.1,0.6666666666666666,1.0,True
27685,DoS attacks-SlowHTTPTest,0.1,0.6666666666666666,0.0,True
28493,DDoS attacks-LOIC-HTTP,0.1,0.25,0.0,True
28878,DoS attacks-Hulk,0.1,0.42857142857142855,0.1111111111111111,True
29535,Brute Force -Web,0.1,0.6666666666666666,1.0,True
30186,DoS attacks-Slowloris,0.1,0.42857142857142855,0.25,False
30316,DDoS attacks-LOIC-HTTP,0.1,0.25,0.0,True
30494,Benign,0.1,0.42857142857142855,0.1111111111111111,False
30548,Bot,0.1,0.25,0.0,True
30861,DDoS attacks-LOIC-HTTP,0.1,0.25,0.0,True
31235,DoS attacks-Slowloris,0.1,0.6666666666666666,0.1111111111111111,True
31263,FTP-BruteForce,0.1,0.25,0.0,True
32293,FTP-BruteForce,0.1,0.42857142857142855,0.0,True
33069,DoS attacks-GoldenEye,0.1,0.1111111111111111,0.0,True
33734,DoS attacks-SlowHTTPTest,0.1,0.42857142857142855,0.0,True
34218,DoS attacks-Hulk,0.1,0.42857142857142855,0.0,True
34372,DoS attacks-Hulk,0.1,0.42857142857142855,0.0,True
35169,DoS attacks-SlowHTTPTest,0.1,0.6666666666666666,0.1111111111111111,True
35834,DDoS attacks-LOIC-HTTP,0.1,0.25,0.0,True
35910,SSH-Bruteforce,0.1,0.42857142857142855,0.1111111111111111,True
36718,DDoS attacks-LOIC-HTTP,0.1,0.6666666666666666,0.0,True
36840,DoS attacks-Slowloris,0.1,0.6666666666666666,0.25,False
37957,DoS attacks-SlowHTTPTest,0.1,0.42857142857142855,0.0,True
38600,DoS attacks-Hulk,0.1,0.42857142857142855,0.0,True
39107,FTP-BruteForce,0.1,0.6666666666666666,0.1111111111111111,False
39719,DDoS attacks-LOIC-HTTP,0.1,0.1111111111111111,0.0,True
40324,Brute Force -XSS,0.1,0.6666666666666666,1.0,True
40556,DoS attacks-SlowHTTPTest,0.1,0.42857142857142855,0.0,True
40715,DDOS attack-LOIC-UDP,0.1,0.42857142857142855,1.0,False
40737,DoS attacks-SlowHTTPTest,0.1,0.42857142857142855,0.0,True
42573,Brute Force -Web,0.1,0.6666666666666666,0.0,True
43708,Infilteration,0.1,0.25,0.0,True
43950,DoS attacks-GoldenEye,0.1,0.6666666666666666,0.0,True
43974,DoS attacks-GoldenEye,0.1,0.42857142857142855,0.0,True
44610,Benign,0.1,0.42857142857142855,0.0,False
45214,FTP-BruteForce,0.1,0.6666666666666666,0.25,True
46168,SQL Injection,0.1,0.6666666666666666,0.1111111111111111,True
46299,Bot,0.1,0.42857142857142855,0.0,True
47530,Benign,0.1,0.25,0.0,False
47891,SSH-Bruteforce,0.1,0.42857142857142855,0.1111111111111111,True
49274,DoS attacks-GoldenEye,0.1,0.42857142857142855,0.1111111111111111,True
49460,DDOS attack-LOIC-UDP,0.1,0.42857142857142855,1.0,False
49728,Brute Force -Web,0.1,0.6666666666666666,1.0,True
51095,Infilteration,0.1,0.1111111111111111,0.0,True
51763,DoS attacks-Hulk,0.1,0.42857142857142855,0.0,True
51801,DoS attacks-Hulk,0.1,0.6666666666666666,0.0,True
52018,FTP-BruteForce,0.1,0.6666666666666666,0.0,False
52279,DoS attacks-GoldenEye,0.1,0.1111111111111111,0.0,True
53520,Benign,0.1,0.6666666666666666,0.0,False
53684,DoS attacks-Slowloris,0.1,0.6666666666666666,0.0,False
54695,DoS attacks-SlowHTTPTest,0.1,0.25,0.25,True
55668,DoS attacks-GoldenEye,0.1,0.42857142857142855,0.0,True
55705,DoS attacks-GoldenEye,0.1,0.25,0.0,True
56007,DDOS attack-HOIC,0.1,0.6666666666666666,0.0,True
56226,Bot,0.1,0.25,0.0,False
57617,DoS attacks-SlowHTTPTest,0.1,0.6666666666666666,0.0,True
58379,DDOS attack-LOIC-UDP,0.1,0.25,1.0,False
58667,DDOS attack-HOIC,0.1,0.6666666666666666,0.0,True
59083,DDoS attacks-LOIC-HTTP,0.1,0.25,0.1111111111111111,True
59199,Bot,0.1,0.1111111111111111,0.0,True
59482,DoS attacks-Hulk,0.1,0.1111111111111111,0.1111111111111111,True
60176,Benign,0.1,0.25,0.0,False
60182,Bot,0.1,0.25,0.0,True
60281,Infilteration,0.1,0.1111111111111111,0.0,True
60571,FTP-BruteForce,0.1,0.42857142857142855,0.1111111111111111,True
61813,Infilteration,0.1,0.1111111111111111,0.1111111111111111,True
61835,DoS attacks-SlowHTTPTest,0.1,0.6666666666666666,0.0,True
61906,DDoS attacks-LOIC-HTTP,0.1,0.6666666666666666,0.0,True
62489,DoS attacks-Slowloris,0.1,0.25,0.0,True
62513,Benign,0.1,0.1111111111111111,0.0,True
63228,Brute Force -Web,0.1,0.42857142857142855,0.0,True
63272,DoS attacks-SlowHTTPTest,0.1,0.42857142857142855,0.0,True
64517,Benign,0.1,0.42857142857142855,0.25,False
65838,SSH-Bruteforce,0.1,0.42857142857142855,0.1111111111111111,True
65934,Benign,0.1,0.42857142857142855,0.1111111111111111,False
65936,FTP-BruteForce,0.1,0.6666666666666666,0.0,True
66016,DDOS attack-LOIC-UDP,0.1,0.25,1.0,True
67293,Bot,0.1,0.25,0.0,True
68038,Benign,0.1,0.42857142857142855,0.25,False
68427,Brute Force -Web,0.1,0.6666666666666666,0.0,True
68687,Bot,0.1,0.42857142857142855,0.0,True
68799,SQL Injection,0.1,0.6666666666666666,0.25,True
68943,DDoS attacks-LOIC-HTTP,0.1,0.1111111111111111,0.0,True
71814,DoS attacks-Hulk,0.1,0.42857142857142855,0.0,True
71892,DoS attacks-Slowloris,0.1,0.6666666666666666,0.0,False
71950,FTP-BruteForce,0.1,0.6666666666666666,0.1111111111111111,False
72271,DoS attacks-Slowloris,0.1,0.6666666666666666,0.6666666666666666,False
73232,SSH-Bruteforce,0.1,0.42857142857142855,0.42857142857142855,True
73472,DDoS attacks-LOIC-HTTP,0.1,0.25,0.0,True
73683,Bot,0.1,0.6666666666666666,0.0,True
73788,DDOS attack-HOIC,0.1,0.42857142857142855,0.0,True
73809,DoS attacks-Slowloris,0.1,0.6666666666666666,0.42857142857142855,False
74167,DDOS attack-LOIC-UDP,0.1,0.42857142857142855,1.0,False
75338,DoS attacks-SlowHTTPTest,0.1,0.25,0.0,True
75549,DoS attacks-Hulk,0.1,0.42857142857142855,0.0,True
75572,FTP-BruteForce,0.1,0.42857142857142855,0.0,True
76102,DDOS attack-HOIC,0.1,0.6666666666666666,0.1111111111111111,True
76339,SSH-Bruteforce,0.1,0.42857142857142855,0.42857142857142855,True
76413,DoS attacks-Slowloris,0.1,0.6666666666666666,0.42857142857142855,False
76824,DDoS attacks-LOIC-HTTP,0.1,0.42857142857142855,0.0,True
76830,DDOS attack-LOIC-UDP,0.1,0.42857142857142855,1.0,False
76953,DoS attacks-Hulk,0.1,0.42857142857142855,0.0,True
77078,FTP-BruteForce,0.1,0.25,0.0,True
78286,SSH-Bruteforce,0.1,0.25,0.42857142857142855,True
78437,DoS attacks-SlowHTTPTest,0.1,0.6666666666666666,0.0,True
78606,FTP-BruteForce,0.1,0.25,0.1111111111111111,True
78836,SSH-Bruteforce,0.1,0.42857142857142855,0.1111111111111111,True
79267,DDoS attacks-LOIC-HTTP,0.1,0.42857142857142855,0.0,True
79772,FTP-BruteForce,0.1,0.42857142857142855,0.25,True
79875,DoS attacks-Hulk,0.1,0.6666666666666666,0.25,True
80453,DoS attacks-Slowloris,0.1,0.25,0.6666666666666666,True
80517,DoS attacks-GoldenEye,0.1,0.42857142857142855,0.0,True
80796,FTP-BruteForce,0.1,0.42857142857142855,0.0,True
80989,SSH-Bruteforce,0.1,0.42857142857142855,0.25,True
82741,DDOS attack-HOIC,0.1,0.42857142857142855,0.1111111111111111,True
83758,DDoS attacks-LOIC-HTTP,0.1,0.42857142857142855,0.0,True
84004,DoS attacks-GoldenEye,0.1,0.42857142857142855,0.1111111111111111,True
84451,DDOS attack-HOIC,0.1,0.42857142857142855,0.1111111111111111,True
84596,Infilteration,0.1,0.42857142857142855,0.1111111111111111,True
85099,Infilteration,0.1,0.25,0.0,True
85863,DoS attacks-Slowloris,0.1,0.6666666666666666,0.25,False
85907,DDOS attack-HOIC,0.1,1.0,0.25,True
86164,Brute Force -Web,0.1,0.42857142857142855,0.0,True
86714,DoS attacks-Hulk,0.1,0.6666666666666666,0.0,True
87301,DDoS attacks-LOIC-HTTP,0.1,0.42857142857142855,0.0,True
87407,FTP-BruteForce,0.1,0.25,0.0,True
88694,DoS attacks-SlowHTTPTest,0.1,0.42857142857142855,0.0,True
88816,Brute Force -Web,0.1,0.6666666666666666,1.0,True
89606,Benign,0.1,1.0,0.25,False
89689,DoS attacks-Slowloris,0.1,0.42857142857142855,0.42857142857142855,False
89871,DoS attacks-GoldenEye,0.1,0.25,0.6666666666666666,True
90062,DDOS attack-LOIC-UDP,0.1,0.25,1.0,True
90422,FTP-BruteForce,0.1,0.25,0.25,True
90591,Infilteration,0.1,0.1111111111111111,0.0,True
90799,DDOS attack-HOIC,0.1,0.42857142857142855,0.0,True
90855,Benign,0.1,0.6666666666666666,0.0,False
90935,SSH-Bruteforce,0.1,0.25,0.1111111111111111,True
91287,DDOS attack-HOIC,0.1,0.42857142857142855,0.0,True
91415,Bot,0.1,0.6666666666666666,0.0,True
91509,DDOS attack-HOIC,0.1,1.0,0.0,True
92264,Brute Force -Web,0.1,0.42857142857142855,0.0,True
92992,DoS attacks-SlowHTTPTest,0.1,0.42857142857142855,0.0,True
92995,DoS attacks-SlowHTTPTest,0.1,0.25,0.0,True
93768,SSH-Bruteforce,0.1,0.25,0.25,True
93921,DDOS attack-LOIC-UDP,0.1,0.25,1.0,False
95197,DDOS attack-LOIC-UDP,0.1,0.42857142857142855,1.0,False
95302,DDoS attacks-LOIC-HTTP,0.1,0.25,0.0,True
95359,DoS attacks-SlowHTTPTest,0.1,0.42857142857142855,0.1111111111111111,True
97056,FTP-BruteForce,0.1,0.42857142857142855,0.1111111111111111,True
97201,DDOS attack-HOIC,0.1,0.6666666666666666,0.0,True
97722,Benign,0.1,0.6666666666666666,0.25,False
97857,DoS attacks-Slowloris,0.1,0.6666666666666666,0.1111111111111111,True
99470,DoS attacks-Slowloris,0.1,0.42857142857142855,0.0,True
99536,DoS attacks-SlowHTTPTest,0.1,0.42857142857142855,0.1111111111111111,True
99758,Bot,0.1,0.25,0.0,True
99906,DDOS attack-HOIC,0.1,0.6666666666666666,0.0,True
100125,DDoS attacks-LOIC-HTTP,0.1,0.6666666666666666,0.0,True
100178,FTP-BruteForce,0.1,0.42857142857142855,0.0,False
100769,Brute Force -Web,0.1,0.42857142857142855,0.1111111111111111,True
101190,DoS attacks-GoldenEye,0.1,0.42857142857142855,0.1111111111111111,True
101923,DoS attacks-GoldenEye,0.1,0.25,0.25,True
102683,Bot,0.1,0.25,0.0,True
102716,DoS attacks-Slowloris,0.1,0.6666666666666666,0.25,False
103226,DDOS attack-HOIC,0.1,1.0,0.0,True
103531,SSH-Bruteforce,0.1,0.42857142857142855,0.42857142857142855,True
103742,Brute Force -Web,0.1,0.6666666666666666,1.0,True
104432,Infilteration,0.1,0.0,0.0,True
104560,DoS attacks-Slowloris,0.1,0.1111111111111111,0.0,True
104902,Infilteration,0.1,0.25,0.0,True
105028,SSH-Bruteforce,0.1,0.42857142857142855,0.1111111111111111,False
107048,DDOS attack-LOIC-UDP,0.1,0.6666666666666666,1.0,False
107435,Bot,0.1,0.25,0.0,True
107842,Benign,0.1,0.42857142857142855,0.1111111111111111,False
108152,DoS attacks-GoldenEye,0.1,0.6666666666666666,0.0,True
108384,DoS attacks-Hulk,0.1,0.42857142857142855,0.0,True
108720,Brute Force -XSS,0.1,0.6666666666666666,0.1111111111111111,True
108966,DDoS attacks-LOIC-HTTP,0.1,0.42857142857142855,0.0,True
109587,DDoS attacks-LOIC-HTTP,0.1,0.42857142857142855,0.0,True
111646,SSH-Bruteforce,0.1,0.42857142857142855,0.25,True
112373,Benign,0.1,0.25,0.1111111111111111,False
112569,DoS attacks-Slowloris,0.1,0.6666666666666666,0.42857142857142855,False
113993,Bot,0.1,0.25,0.0,True
114902,DoS attacks-GoldenEye,0.1,0.6666666666666666,0.0,True
115506,Benign,0.1,0.42857142857142855,0.0,False
115924,DDOS attack-HOIC,0.1,0.6666666666666666,0.0,True
116628,DoS attacks-GoldenEye,0.1,0.25,0.0,True
117969,SSH-Bruteforce,0.1,0.42857142857142855,0.25,True
118320,DDOS attack-LOIC-UDP,0.1,0.6666666666666666,1.0,False
118636,FTP-BruteForce,0.1,0.6666666666666666,0.25,True
118743,DoS attacks-SlowHTTPTest,0.1,0.42857142857142855,0.1111111111111111,True
119061,SSH-Bruteforce,0.1,0.42857142857142855,0.1111111111111111,True
119106,DoS attacks-GoldenEye,0.1,0.6666666666666666,0.0,True
119747,Bot,0.1,0.42857142857142855,0.0,True
119755,DoS attacks-Slowloris,0.1,0.42857142857142855,0.0,False
120795,Infilteration,0.1,0.42857142857142855,0.0,True
120899,DoS attacks-Slowloris,0.1,0.42857142857142855,0.0,False
121133,FTP-BruteForce,0.1,0.42857142857142855,0.0,True
121969,DDOS attack-HOIC,0.1,0.6666666666666666,0.0,True
122839,Infilteration,0.1,0.25,0.1111111111111111,True
122949,Bot,0.1,0.25,0.0,True
123798,DDOS attack-LOIC-UDP,0.1,0.42857142857142855,1.0,False
123816,Bot,0.1,0.25,0.0,True
126309,Bot,0.1,0.42857142857142855,0.0,True
126974,DDOS attack-HOIC,0.1,0.6666666666666666,0.0,True
127729,Benign,0.1,0.6666666666666666,0.1111111111111111,False
129405,SSH-Bruteforce,0.1,0.6666666666666666,0.42857142857142855,True
129571,DDOS attack-LOIC-UDP,0.1,0.42857142857142855,1.0,True
131380,DDOS attack-LOIC-UDP,0.1,0.42857142857142855,1.0,False
131385,FTP-BruteForce,0.1,0.6666666666666666,0.0,True
131703,Brute Force -XSS,0.1,0.6666666666666666,0.0,True
132105,DoS attacks-SlowHTTPTest,0.1,1.0,0.0,True
132210,Bot,0.1,0.25,0.0,True
132426,Infilteration,0.1,0.25,0.0,True
132588,Benign,0.1,0.42857142857142855,0.42857142857142855,False
133267,FTP-BruteForce,0.1,0.42857142857142855,0.0,True
133827,FTP-BruteForce,0.1,0.42857142857142855,0.25,True
134961,DDoS attacks-LOIC-HTTP,0.1,0.1111111111111111,0.0,True
136157,Benign,0.1,0.42857142857142855,0.0,False
136921,DDOS attack-LOIC-UDP,0.1,0.42857142857142855,1.0,True
137142,DoS attacks-GoldenEye,0.1,0.25,0.0,True
138072,DDoS attacks-LOIC-HTTP,0.1,0.25,0.0,True
138212,FTP-BruteForce,0.1,0.42857142857142855,0.0,True
138222,DDOS attack-LOIC-UDP,0.1,0.42857142857142855,1.0,False
139936,DDOS attack-HOIC,0.1,0.42857142857142855,0.0,True
139948,DoS attacks-SlowHTTPTest,0.1,0.42857142857142855,0.0,True
140635,DDoS attacks-LOIC-HTTP,0.1,0.1111111111111111,0.0,True
141029,Benign,0.1,0.42857142857142855,0.0,False
141904,Bot,0.1,0.25,0.0,False
143100,SSH-Bruteforce,0.1,0.42857142857142855,0.42857142857142855,False
143155,DoS attacks-GoldenEye,0.1,0.42857142857142855,0.0,True
144595,DDOS attack-LOIC-UDP,0.1,0.1111111111111111,1.0,True
145596,FTP-BruteForce,0.1,0.25,0.1111111111111111,True
145690,DoS attacks-Slowloris,0.1,0.6666666666666666,0.25,True
147870,Brute Force -Web,0.1,0.6666666666666666,1.0,True
148625,SSH-Bruteforce,0.1,0.42857142857142855,0.0,True
148650,DoS attacks-Slowloris,0.1,0.25,0.0,True
149080,Brute Force -Web,0.1,0.6666666666666666,0.0,True
149794,Brute Force -Web,0.1,0.42857142857142855,1.0,True
151941,SSH-Bruteforce,0.1,0.25,0.1111111111111111,True
152234,FTP-BruteForce,0.1,0.42857142857142855,0.1111111111111111,True
155760,DoS attacks-Hulk,0.1,0.25,0.0,True
155941,SQL Injection,0.1,0.6666666666666666,0.42857142857142855,True
156019,DoS attacks-SlowHTTPTest,0.1,0.6666666666666666,0.1111111111111111,True
156210,DDOS attack-LOIC-UDP,0.1,0.6666666666666666,1.0,False
157284,Brute Force -XSS,0.1,0.6666666666666666,1.0,True
158232,SSH-Bruteforce,0.1,0.25,0.1111111111111111,True
158617,FTP-BruteForce,0.1,0.42857142857142855,0.0,True
158743,Benign,0.1,0.25,0.0,False
158951,Benign,0.1,0.42857142857142855,0.0,False
161019,DDOS attack-HOIC,0.1,0.42857142857142855,0.0,True
161881,DoS attacks-SlowHTTPTest,0.1,0.6666666666666666,0.0,True
162056,DoS attacks-Slowloris,0.1,1.0,0.0,False
163400,DDOS attack-HOIC,0.1,1.0,0.0,True
163756,DoS attacks-SlowHTTPTest,0.1,0.6666666666666666,0.25,True
163861,DoS attacks-GoldenEye,0.1,0.42857142857142855,0.0,True
164018,DoS attacks-Hulk,0.1,0.42857142857142855,0.0,True
164709,DoS attacks-Hulk,0.1,0.42857142857142855,0.1111111111111111,True
165405,DDOS attack-LOIC-UDP,0.1,0.42857142857142855,1.0,False
165500,DoS attacks-SlowHTTPTest,0.1,0.42857142857142855,0.0,True
165540,SSH-Bruteforce,0.1,0.42857142857142855,0.1111111111111111,True
166311,SQL Injection,0.1,0.42857142857142855,0.0,True
166844,DDoS attacks-LOIC-HTTP,0.1,0.42857142857142855,0.0,True
167443,FTP-BruteForce,0.1,0.42857142857142855,0.0,True
167488,Benign,0.1,0.25,0.1111111111111111,False
167637,DoS attacks-Hulk,0.1,0.6666666666666666,0.1111111111111111,True
168257,DDoS attacks-LOIC-HTTP,0.1,0.42857142857142855,0.0,True
168789,DoS attacks-GoldenEye,0.1,1.0,0.0,True
169468,FTP-BruteForce,0.1,0.6666666666666666,0.0,True
169550,DoS attacks-SlowHTTPTest,0.1,0.42857142857142855,0.0,True
169732,SSH-Bruteforce,0.1,0.6666666666666666,0.25,True
169831,DoS attacks-Hulk,0.1,0.42857142857142855,0.0,True
170336,DoS attacks-Slowloris,0.1,0.6666666666666666,0.6666666666666666,False
170901,DoS attacks-SlowHTTPTest,0.1,1.0,0.0,True
171147,DDoS attacks-LOIC-HTTP,0.1,0.42857142857142855,0.0,True
171584,DDOS attack-LOIC-UDP,0.1,0.25,1.0,False
171621,DDOS attack-LOIC-UDP,0.1,0.42857142857142855,1.0,False
171743,DDoS attacks-LOIC-HTTP,0.1,0.25,0.0,True
172308,DoS attacks-Slowloris,0.1,0.42857142857142855,0.0,True
173817,FTP-BruteForce,0.1,0.6666666666666666,0.1111111111111111,False
174953,DoS attacks-SlowHTTPTest,0.1,0.6666666666666666,0.0,True
175955,DDOS attack-HOIC,0.1,1.0,0.0,True
176759,DoS attacks-Slowloris,0.1,0.42857142857142855,0.6666666666666666,True
178197,DDOS attack-LOIC-UDP,0.1,0.6666666666666666,1.0,False
179253,FTP-BruteForce,0.1,0.42857142857142855,0.0,True
180812,DDOS attack-LOIC-UDP,0.1,0.42857142857142855,1.0,False
181269,Infilteration,0.1,0.1111111111111111,0.0,True
181436,DoS attacks-SlowHTTPTest,0.1,0.42857142857142855,0.0,True
181968,FTP-BruteForce,0.1,0.42857142857142855,0.0,True
182006,DoS attacks-SlowHTTPTest,0.1,0.42857142857142855,0.1111111111111111,True
182417,Brute Force -Web,0.1,0.6666666666666666,0.0,True
183491,Bot,0.1,0.25,0.1111111111111111,True
183651,FTP-BruteForce,0.1,0.42857142857142855,0.0,True
183932,Brute Force -XSS,0.1,0.42857142857142855,1.0,True
185358,Bot,0.1,0.25,0.0,True
185409,DoS attacks-GoldenEye,0.1,0.6666666666666666,0.0,True
185839,SSH-Bruteforce,0.1,0.42857142857142855,0.25,True
186477,DoS attacks-Hulk,0.1,0.6666666666666666,0.0,True
186594,DoS attacks-Slowloris,0.1,0.6666666666666666,1.0,True
186910,Infilteration,0.1,0.6666666666666666,0.42857142857142855,True
187551,DDOS attack-LOIC-UDP,0.1,0.42857142857142855,1.0,True
187553,Bot,0.1,0.25,0.0,True
187700,Infilteration,0.1,0.1111111111111111,0.0,True
188726,Bot,0.1,0.42857142857142855,0.0,True
189660,DDoS attacks-LOIC-HTTP,0.1,0.42857142857142855,0.0,True
189761,Infilteration,0.1,0.0,0.1111111111111111,True
190683,FTP-BruteForce,0.1,0.6666666666666666,0.1111111111111111,True
191525,Infilteration,0.1,0.25,0.0,True
191740,Bot,0.1,0.25,0.0,True
193450,Benign,0.1,0.42857142857142855,0.1111111111111111,False
194251,FTP-BruteForce,0.1,0.25,0.1111111111111111,True
194338,Bot,0.1,0.42857142857142855,0.1111111111111111,True
195169,DoS attacks-GoldenEye,0.1,0.6666666666666666,0.0,True
195619,SSH-Bruteforce,0.1,0.42857142857142855,0.1111111111111111,True
195646,Infilteration,0.1,0.25,0.0,True
195657,DDOS attack-HOIC,0.1,0.6666666666666666,0.0,True
196247,SSH-Bruteforce,0.1,0.6666666666666666,0.1111111111111111,True
196504,DDOS attack-HOIC,0.1,0.6666666666666666,0.0,True
197064,DDOS attack-LOIC-UDP,0.1,0.42857142857142855,1.0,True
197092,DoS attacks-Slowloris,0.1,0.6666666666666666,1.0,False
198082,DoS attacks-SlowHTTPTest,0.1,0.42857142857142855,0.1111111111111111,True
198263,DoS attacks-SlowHTTPTest,0.1,0.42857142857142855,0.0,True
198286,SSH-Bruteforce,0.1,0.6666666666666666,0.1111111111111111,True
198290,DDOS attack-LOIC-UDP,0.1,0.42857142857142855,1.0,False
198404,SSH-Bruteforce,0.1,0.42857142857142855,0.0,True
198423,DDoS attacks-LOIC-HTTP,0.1,0.25,0.0,True
199021,DoS attacks-Hulk,0.1,0.42857142857142855,0.0,True
199216,DoS attacks-SlowHTTPTest,0.1,0.6666666666666666,0.1111111111111111,True
200342,Bot,0.1,0.25,0.0,True
200563,DDOS attack-HOIC,0.1,0.42857142857142855,0.0,True
201487,DDoS attacks-LOIC-HTTP,0.1,0.25,0.0,True
201676,DDOS attack-HOIC,0.1,0.42857142857142855,0.0,True
201682,DoS attacks-Hulk,0.1,0.25,0.0,True
201691,Benign,0.1,0.42857142857142855,0.0,True
201841,Brute Force -Web,0.1,0.42857142857142855,0.0,True
202269,Infilteration,0.1,0.0,0.0,True
202275,DDoS attacks-LOIC-HTTP,0.1,0.25,0.0,True
202603,SSH-Bruteforce,0.1,0.42857142857142855,0.0,True
203170,DDOS attack-HOIC,0.1,0.6666666666666666,0.0,True
203858,Infilteration,0.1,0.25,0.0,True
203979,SSH-Bruteforce,0.1,0.42857142857142855,0.1111111111111111,True
204165,Brute Force -XSS,0.1,0.25,0.0,True
204303,DoS attacks-SlowHTTPTest,0.1,0.42857142857142855,0.1111111111111111,True
204508,DDOS attack-LOIC-UDP,0.1,0.42857142857142855,1.0,False
205256,FTP-BruteForce,0.1,0.6666666666666666,0.25,True
207419,Bot,0.1,0.25,0.0,True
207651,DDOS attack-HOIC,0.1,0.42857142857142855,0.0,True
208160,FTP-BruteForce,0.1,0.6666666666666666,0.0,False
208194,Infilteration,0.1,0.42857142857142855,0.1111111111111111,True
208244,DoS attacks-Hulk,0.1,0.6666666666666666,0.0,True
209641,DoS attacks-SlowHTTPTest,0.1,0.42857142857142855,0.0,True
209645,DoS attacks-SlowHTTPTest,0.1,0.25,0.0,True
210341,FTP-BruteForce,0.1,0.42857142857142855,0.0,True
210828,DDOS attack-HOIC,0.1,0.6666666666666666,0.0,True
211085,DDoS attacks-LOIC-HTTP,0.1,0.25,0.0,True
211126,Bot,0.1,0.25,0.1111111111111111,True
211143,DoS attacks-SlowHTTPTest,0.1,0.42857142857142855,0.0,True
211580,DoS attacks-SlowHTTPTest,0.1,0.42857142857142855,0.1111111111111111,True
211898,Brute Force -Web,0.1,0.42857142857142855,0.0,True
212280,Infilteration,0.1,0.1111111111111111,0.1111111111111111,True
213106,FTP-BruteForce,0.1,0.42857142857142855,0.1111111111111111,True
214305,DoS attacks-SlowHTTPTest,0.1,0.25,0.0,True
214884,Bot,0.1,0.42857142857142855,0.0,True
214964,Brute Force -XSS,0.1,0.42857142857142855,0.1111111111111111,True
216718,Bot,0.1,0.42857142857142855,0.0,True
217333,DDOS attack-HOIC,0.1,0.6666666666666666,0.0,True
218526,Benign,0.1,0.42857142857142855,0.0,False
218688,DoS attacks-GoldenEye,0.1,1.0,0.0,True
219324,DoS attacks-GoldenEye,0.1,1.0,0.25,True
219522,SSH-Bruteforce,0.1,0.6666666666666666,0.1111111111111111,True
219640,DoS attacks-GoldenEye,0.1,0.25,0.0,True
219904,DDOS attack-HOIC,0.1,1.0,0.0,True
220024,FTP-BruteForce,0.1,0.6666666666666666,0.0,True
220146,Brute Force -XSS,0.1,0.6666666666666666,1.0,True
220347,DDOS attack-LOIC-UDP,0.1,0.42857142857142855,1.0,True
220435,DDoS attacks-LOIC-HTTP,0.1,0.25,0.0,True
220454,DoS attacks-Slowloris,0.1,0.6666666666666666,0.25,True
220526,SSH-Bruteforce,0.1,0.42857142857142855,0.1111111111111111,True
222932,SSH-Bruteforce,0.1,0.25,0.1111111111111111,True
223359,DDOS attack-LOIC-UDP,0.1,0.6666666666666666,1.0,False
224113,Infilteration,0.1,0.0,0.1111111111111111,True
224475,DDOS attack-HOIC,0.1,0.42857142857142855,0.0,True
225548,Brute Force -XSS,0.1,0.25,0.0,True
226389,Infilteration,0.1,0.25,0.1111111111111111,True
226506,DoS attacks-Hulk,0.1,0.42857142857142855,0.1111111111111111,True
227301,DoS attacks-Slowloris,0.1,0.6666666666666666,0.0,False
227974,Benign,0.1,0.42857142857142855,0.1111111111111111,False
228216,DDOS attack-LOIC-UDP,0.1,0.6666666666666666,1.0,False
230078,SSH-Bruteforce,0.1,0.6666666666666666,0.1111111111111111,True
231078,Benign,0.1,0.42857142857142855,0.1111111111111111,False
231252,DoS attacks-GoldenEye,0.1,0.25,0.0,True
231326,DoS attacks-GoldenEye,0.1,0.42857142857142855,0.0,True
231364,DDOS attack-LOIC-UDP,0.1,0.6666666666666666,1.0,False
231380,Infilteration,0.1,0.25,0.0,True
231677,Bot,0.1,0.1111111111111111,0.0,True
232102,Brute Force -Web,0.1,0.6666666666666666,0.1111111111111111,True
233659,Bot,0.1,0.25,0.0,True
233807,DoS attacks-GoldenEye,0.1,0.42857142857142855,0.0,True
234611,DDOS attack-HOIC,0.1,0.42857142857142855,0.0,True
236167,Infilteration,0.1,0.6666666666666666,0.0,True
240251,DoS attacks-Hulk,0.1,0.42857142857142855,0.0,True
241153,Brute Force -XSS,0.1,0.25,0.0,True
241432,DoS attacks-Slowloris,0.1,0.42857142857142855,0.25,False
242833,SSH-Bruteforce,0.1,0.25,0.25,False
243113,FTP-BruteForce,0.1,0.25,0.42857142857142855,True
243512,Brute Force -Web,0.1,0.6666666666666666,1.0,False
243596,Bot,0.1,0.25,0.0,True
244530,DoS attacks-Slowloris,0.1,0.6666666666666666,0.25,False
244749,Brute Force -Web,0.1,0.6666666666666666,0.0,True
246629,Brute Force -Web,0.1,0.6666666666666666,0.0,True
247145,SSH-Bruteforce,0.1,0.42857142857142855,0.25,True
247300,Infilteration,0.1,0.1111111111111111,0.0,True
247717,Brute Force -Web,0.1,0.42857142857142855,1.0,True
247766,DoS attacks-SlowHTTPTest,0.1,0.42857142857142855,0.0,True
247922,DoS attacks-GoldenEye,0.1,0.42857142857142855,0.0,True
248218,Benign,0.1,0.25,0.1111111111111111,False
249823,SSH-Bruteforce,0.1,0.6666666666666666,0.0,True
250642,Brute Force -Web,0.1,0.25,0.0,True
250894,Infilteration,0.1,0.25,0.0,True
252079,DDOS attack-LOIC-UDP,0.1,0.42857142857142855,1.0,False
252600,Brute Force -XSS,0.1,0.6666666666666666,1.0,True
252615,DDOS attack-LOIC-UDP,0.1,0.42857142857142855,1.0,True
252676,Brute Force -Web,0.1,0.6666666666666666,0.0,True
253046,Brute Force -Web,0.1,0.6666666666666666,1.0,True
253220,FTP-BruteForce,0.1,0.42857142857142855,0.0,True
253739,SSH-Bruteforce,0.1,0.42857142857142855,0.1111111111111111,True
254715,Brute Force -Web,0.1,0.42857142857142855,0.0,True
254773,Benign,0.1,0.42857142857142855,0.0,False
255062,DoS attacks-GoldenEye,0.1,0.6666666666666666,0.0,True
255750,DoS attacks-Hulk,0.1,0.42857142857142855,0.1111111111111111,True
256591,Bot,0.1,0.25,0.0,True
256733,Benign,0.1,0.42857142857142855,0.1111111111111111,True
258263,DoS attacks-SlowHTTPTest,0.1,0.6666666666666666,0.0,True
258480,DoS attacks-Hulk,0.1,0.25,0.25,True
258714,DoS attacks-SlowHTTPTest,0.1,0.42857142857142855,0.0,True
259033,DoS attacks-SlowHTTPTest,0.1,0.42857142857142855,0.1111111111111111,True
259395,Benign,0.1,0.1111111111111111,0.0,False
259577,DoS attacks-GoldenEye,0.1,0.25,0.25,True
259608,Benign,0.1,0.6666666666666666,0.0,False
260861,DDOS attack-LOIC-UDP,0.1,0.6666666666666666,1.0,False
261666,DDOS attack-LOIC-UDP,0.1,0.6666666666666666,1.0,False
262645,DDOS attack-HOIC,0.1,0.42857142857142855,0.1111111111111111,True
262879,DDOS attack-LOIC-UDP,0.1,0.6666666666666666,1.0,True
262898,Brute Force -Web,0.1,0.6666666666666666,1.0,True
264156,DoS attacks-SlowHTTPTest,0.1,0.42857142857142855,0.0,True
265066,DoS attacks-Hulk,0.1,0.42857142857142855,0.0,True
265532,DoS attacks-GoldenEye,0.1,1.0,0.0,True
265617,FTP-BruteForce,0.1,0.42857142857142855,0.1111111111111111,True
266296,Infilteration,0.1,0.1111111111111111,0.0,True
266960,DoS attacks-SlowHTTPTest,0.1,0.25,0.1111111111111111,True
267389,SSH-Bruteforce,0.1,0.42857142857142855,0.42857142857142855,True
267659,DoS attacks-SlowHTTPTest,0.1,0.42857142857142855,0.0,True
268530,FTP-BruteForce,0.1,0.42857142857142855,0.0,True
268682,Infilteration,0.1,0.42857142857142855,0.0,True
270110,DoS attacks-Slowloris,0.1,1.0,0.42857142857142855,False
270762,DoS attacks-Slowloris,0.1,0.6666666666666666,0.25,False
271314,Benign,0.1,0.42857142857142855,0.0,False
271918,DoS attacks-GoldenEye,0.1,0.25,0.0,True
272154,DDOS attack-LOIC-UDP,0.1,0.42857142857142855,1.0,False
272744,DoS attacks-Hulk,0.1,0.42857142857142855,0.0,True
273296,DDoS attacks-LOIC-HTTP,0.1,0.25,0.0,True
274143,Infilteration,0.1,0.25,0.0,True
274707,DDOS attack-LOIC-UDP,0.1,0.42857142857142855,1.0,False
274973,DoS attacks-SlowHTTPTest,0.1,0.42857142857142855,0.0,True
275823,SSH-Bruteforce,0.1,0.42857142857142855,0.1111111111111111,True
276244,DoS attacks-GoldenEye,0.1,0.25,0.25,True
276433,DoS attacks-SlowHTTPTest,0.1,0.42857142857142855,0.0,True
277077,FTP-BruteForce,0.1,0.6666666666666666,0.1111111111111111,True
278182,Brute Force -Web,0.1,0.6666666666666666,0.0,True
278554,DoS attacks-Slowloris,0.1,0.42857142857142855,0.25,False
278566,DoS attacks-SlowHTTPTest,0.1,0.42857142857142855,0.0,True
278815,DDOS attack-HOIC,0.1,1.0,0.1111111111111111,True
280406,Infilteration,0.1,0.1111111111111111,0.1111111111111111,True
281266,SSH-Bruteforce,0.1,0.42857142857142855,0.25,True
281657,Benign,0.1,0.25,0.1111111111111111,False
282156,Infilteration,0.1,0.42857142857142855,0.0,True
282433,Infilteration,0.1,0.25,0.0,True
283848,Brute Force -Web,0.1,0.42857142857142855,0.0,True
284807,DoS attacks-SlowHTTPTest,0.1,0.6666666666666666,0.1111111111111111,True
285723,DoS attacks-Slowloris,0.1,0.42857142857142855,0.0,True
285727,DoS attacks-Hulk,0.1,0.25,0.0,True
286276,DoS attacks-GoldenEye,0.1,0.42857142857142855,0.0,False
286975,Brute Force -XSS,0.1,0.42857142857142855,0.0,True
287023,FTP-BruteForce,0.1,0.42857142857142855,0.1111111111111111,True
287097,Infilteration,0.1,0.1111111111111111,0.0,True
287602,Benign,0.1,0.6666666666666666,0.0,False
287792,DDOS attack-LOIC-UDP,0.1,0.42857142857142855,1.0,False
288753,Brute Force -XSS,0.1,0.42857142857142855,0.0,True
289173,DoS attacks-Hulk,0.1,0.42857142857142855,0.0,True
289705,DDOS attack-HOIC,0.1,0.6666666666666666,0.0,True
290027,FTP-BruteForce,0.1,0.6666666666666666,0.0,True
291049,SSH-Bruteforce,0.1,0.42857142857142855,0.0,True
291380,Bot,0.1,0.25,0.0,True
291382,FTP-BruteForce,0.1,0.25,0.0,True
291515,DoS attacks-GoldenEye,0.1,0.6666666666666666,0.0,True
292378,SSH-Bruteforce,0.1,0.42857142857142855,0.25,True
292477,DDOS attack-HOIC,0.1,0.42857142857142855,0.1111111111111111,True
292866,DoS attacks-Slowloris,0.1,0.6666666666666666,0.0,True
293431,Bot,0.1,0.42857142857142855,0.1111111111111111,True
294020,FTP-BruteForce,0.1,0.6666666666666666,0.0,True
294209,DDOS attack-HOIC,0.1,0.42857142857142855,0.0,True
294216,Infilteration,0.1,0.1111111111111111,0.0,True
294377,SSH-Bruteforce,0.1,0.25,0.25,True
294434,SQL Injection,0.1,0.6666666666666666,0.0,True
294469,DoS attacks-Slowloris,0.1,0.42857142857142855,0.25,False
295007,DoS attacks-GoldenEye,0.1,0.6666666666666666,0.0,True
295122,DDOS attack-LOIC-UDP,0.1,0.42857142857142855,1.0,False
296407,Infilteration,0.1,0.1111111111111111,0.0,True
296944,Infilteration,0.1,0.42857142857142855,0.0,True
297866,Brute Force -Web,0.1,0.6666666666666666,0.0,True
299658,FTP-BruteForce,0.1,0.42857142857142855,0.1111111111111111,True
300675,DoS attacks-GoldenEye,0.1,0.6666666666666666,0.1111111111111111,True
300727,DDOS attack-LOIC-UDP,0.1,0.42857142857142855,1.0,False
302253,Bot,0.1,0.25,0.0,True
302291,Brute Force -Web,0.1,0.6666666666666666,0.1111111111111111,True
302715,DDOS attack-LOIC-UDP,0.1,0.42857142857142855,1.0,False
302973,DDOS attack-HOIC,0.1,0.6666666666666666,0.1111111111111111,True
303174,Benign,0.1,0.25,0.1111111111111111,False
303763,DDOS attack-HOIC,0.1,0.6666666666666666,0.0,True
303913,FTP-BruteForce,0.1,0.42857142857142855,0.0,True
303943,DDOS attack-HOIC,0.1,0.42857142857142855,0.0,True
304628,DoS attacks-Hulk,0.1,0.42857142857142855,0.0,True
304762,Benign,0.1,0.25,0.0,False
306105,Benign,0.1,0.25,0.0,False
307260,Benign,0.1,0.25,0.0,False
307519,Bot,0.1,0.42857142857142855,0.0,True
307846,DoS attacks-Hulk,0.1,0.42857142857142855,0.0,True
307982,Brute Force -Web,0.1,0.42857142857142855,0.0,True
308045,DoS attacks-Hulk,0.1,0.6666666666666666,0.0,True
308926,Infilteration,0.1,0.42857142857142855,0.0,True
309132,Bot,0.1,0.42857142857142855,0.0,True
309397,DDoS attacks-LOIC-HTTP,0.1,0.6666666666666666,0.0,True
310305,DoS attacks-GoldenEye,0.1,0.1111111111111111,0.0,True
310345,Infilteration,0.1,0.1111111111111111,0.1111111111111111,True
310445,Benign,0.1,0.42857142857142855,0.0,False
310753,SSH-Bruteforce,0.1,0.42857142857142855,0.42857142857142855,True
310995,Infilteration,0.1,0.25,0.42857142857142855,True
312028,DoS attacks-GoldenEye,0.1,0.6666666666666666,0.25,False
312043,Benign,0.1,0.42857142857142855,0.42857142857142855,False
312250,Bot,0.1,0.42857142857142855,0.0,True
312371,Infilteration,0.1,0.25,0.0,True
312669,SSH-Bruteforce,0.1,0.25,0.1111111111111111,True
312699,Bot,0.1,0.42857142857142855,0.0,True
312850,SSH-Bruteforce,0.1,0.42857142857142855,0.25,True
313225,DDoS attacks-LOIC-HTTP,0.1,0.42857142857142855,0.0,True
313432,Infilteration,0.1,0.1111111111111111,0.0,True
313529,Brute Force -XSS,0.1,0.42857142857142855,0.0,True
313667,DDOS attack-LOIC-UDP,0.1,0.42857142857142855,1.0,False
313806,Bot,0.1,0.42857142857142855,0.25,True
314183,Brute Force -XSS,0.1,0.6666666666666666,1.0,True
314606,DDoS attacks-LOIC-HTTP,0.1,0.25,0.1111111111111111,True
315063,Brute Force -Web,0.1,0.6666666666666666,1.0,True
315332,Benign,0.1,0.25,0.0,False
315394,Benign,0.1,0.42857142857142855,0.42857142857142855,False
315426,DDOS attack-LOIC-UDP,0.1,0.42857142857142855,1.0,True
317120,Brute Force -XSS,0.1,0.42857142857142855,0.0,True
317474,DDoS attacks-LOIC-HTTP,0.1,0.25,0.1111111111111111,True
317767,Bot,0.1,0.25,0.0,True
318492,Brute Force -Web,0.1,1.0,1.0,False
318493,DoS attacks-SlowHTTPTest,0.1,0.42857142857142855,0.1111111111111111,True
318844,DoS attacks-Hulk,0.1,0.42857142857142855,0.0,True
318858,FTP-BruteForce,0.1,0.42857142857142855,0.1111111111111111,True
319005,Bot,0.1,0.25,0.0,True
319697,DDoS attacks-LOIC-HTTP,0.1,0.42857142857142855,0.0,True
320533,DDoS attacks-LOIC-HTTP,0.1,0.42857142857142855,0.0,True
320545,SSH-Bruteforce,0.1,0.6666666666666666,0.1111111111111111,True
320952,Brute Force -XSS,0.1,1.0,1.0,True
321860,FTP-BruteForce,0.1,0.42857142857142855,0.1111111111111111,True
322022,DoS attacks-Hulk,0.1,0.42857142857142855,0.1111111111111111,True
322118,FTP-BruteForce,0.1,0.6666666666666666,0.1111111111111111,False
322507,DoS attacks-SlowHTTPTest,0.1,0.6666666666666666,0.0,True
323354,DoS attacks-GoldenEye,0.1,0.25,0.0,True
323475,Bot,0.1,0.25,0.0,True
324075,DDOS attack-HOIC,0.1,0.6666666666666666,0.0,True
324210,Benign,0.1,0.6666666666666666,0.0,False
325549,Infilteration,0.1,0.42857142857142855,0.0,True
326200,FTP-BruteForce,0.1,0.25,0.1111111111111111,True
326495,Infilteration,0.1,0.25,0.1111111111111111,True
326555,Bot,0.1,0.42857142857142855,0.1111111111111111,True
326858,Benign,0.1,0.6666666666666666,0.0,False
327099,DDOS attack-HOIC,0.1,0.6666666666666666,0.0,True
327975,DDOS attack-LOIC-UDP,0.1,0.25,1.0,False
328840,Benign,0.1,0.25,0.1111111111111111,False
330518,FTP-BruteForce,0.1,0.25,0.0,True
330643,SSH-Bruteforce,0.1,0.25,0.1111111111111111,True
330832,DoS attacks-Hulk,0.1,0.42857142857142855,0.0,True
330903,Bot,0.1,0.6666666666666666,0.1111111111111111,True
331276,FTP-BruteForce,0.1,0.6666666666666666,0.25,True
332442,FTP-BruteForce,0.1,0.6666666666666666,0.25,True
333222,Benign,0.1,0.42857142857142855,0.1111111111111111,False
333345,DoS attacks-SlowHTTPTest,0.1,0.42857142857142855,0.0,True
334283,DoS attacks-GoldenEye,0.1,0.42857142857142855,0.0,False
334913,DoS attacks-SlowHTTPTest,0.1,0.6666666666666666,0.1111111111111111,True
336026,DoS attacks-Slowloris,0.1,0.6666666666666666,0.0,False
336997,Bot,0.1,0.25,0.0,True
337311,DoS attacks-GoldenEye,0.1,0.6666666666666666,0.0,True
337434,Infilteration,0.1,0.1111111111111111,0.0,True
338422,DDOS attack-LOIC-UDP,0.1,0.6666666666666666,1.0,False
338824,Brute Force -XSS,0.1,0.25,0.0,True
339605,DoS attacks-Hulk,0.1,0.42857142857142855,0.0,True
339667,Brute Force -Web,0.1,0.42857142857142855,0.0,True
340208,Bot,0.1,0.25,0.0,True
340791,DoS attacks-SlowHTTPTest,0.1,0.42857142857142855,0.0,True
340909,DoS attacks-GoldenEye,0.1,1.0,0.0,True
341796,DDOS attack-HOIC,0.1,0.6666666666666666,0.0,True
342884,DoS attacks-SlowHTTPTest,0.1,0.42857142857142855,0.0,True
343094,Bot,0.1,0.25,0.1111111111111111,True
343134,FTP-BruteForce,0.1,0.42857142857142855,0.25,True
343470,DoS attacks-GoldenEye,0.1,0.25,0.0,True
343492,DoS attacks-SlowHTTPTest,0.1,0.42857142857142855,0.0,True
344132,Bot,0.1,0.42857142857142855,0.1111111111111111,True
345045,Bot,0.1,0.25,0.0,True
345049,Bot,0.1,0.25,0.0,True
345958,DoS attacks-GoldenEye,0.1,0.6666666666666666,0.0,False
346512,Brute Force -XSS,0.1,0.25,0.0,True
347692,DoS attacks-GoldenEye,0.1,0.42857142857142855,0.1111111111111111,True
348721,Benign,0.1,0.25,0.0,False
349133,DDOS attack-HOIC,0.1,0.6666666666666666,0.0,True
349327,DDOS attack-HOIC,0.1,0.6666666666666666,0.0,True
349529,DoS attacks-SlowHTTPTest,0.1,0.42857142857142855,0.1111111111111111,True
349906,Brute Force -Web,0.1,0.42857142857142855,1.0,True
349978,SSH-Bruteforce,0.1,0.42857142857142855,0.42857142857142855,True
350224,DDOS attack-HOIC,0.1,0.6666666666666666,0.1111111111111111,True
350502,Benign,0.1,0.6666666666666666,0.0,False
351416,DoS attacks-GoldenEye,0.1,0.6666666666666666,0.25,True
351520,DoS attacks-Hulk,0.1,0.42857142857142855,0.0,True
351567,DoS attacks-GoldenEye,0.1,1.0,0.1111111111111111,True
352016,DDoS attacks-LOIC-HTTP,0.1,0.25,0.0,True
352456,DoS attacks-Hulk,0.1,0.6666666666666666,0.1111111111111111,True
353452,SSH-Bruteforce,0.1,0.25,0.42857142857142855,True
354101,DDOS attack-HOIC,0.1,0.6666666666666666,0.0,True
355308,DoS attacks-SlowHTTPTest,0.1,0.42857142857142855,0.0,True
355618,DDOS attack-HOIC,0.1,0.6666666666666666,0.0,True
355723,DoS attacks-GoldenEye,0.1,0.6666666666666666,0.0,True
356751,Brute Force -Web,0.1,0.6666666666666666,0.0,True
357297,DoS attacks-Hulk,0.1,0.42857142857142855,0.0,True
357531,DoS attacks-SlowHTTPTest,0.1,0.42857142857142855,0.0,True
358097,SQL Injection,0.1,0.25,0.0,True
358890,Infilteration,0.1,0.25,0.0,True
359048,DDoS attacks-LOIC-HTTP,0.1,0.25,0.0,True
359537,Benign,0.1,0.42857142857142855,0.0,False
359554,FTP-BruteForce,0.1,0.6666666666666666,0.42857142857142855,False
359579,DoS attacks-Slowloris,0.1,0.6666666666666666,0.6666666666666666,False
360387,DoS attacks-Slowloris,0.1,1.0,0.25,False
360939,DoS attacks-Slowloris,0.1,0.42857142857142855,0.0,True
361519,DDOS attack-LOIC-UDP,0.1,0.42857142857142855,1.0,False
361790,SSH-Bruteforce,0.1,0.42857142857142855,0.1111111111111111,True
361814,DoS attacks-Slowloris,0.1,0.6666666666666666,0.42857142857142855,False
362368,DoS attacks-GoldenEye,0.1,0.42857142857142855,0.0,True
363023,Infilteration,0.1,0.25,0.0,True
363090,Bot,0.1,0.25,0.0,True
363223,DDOS attack-LOIC-UDP,0.1,0.42857142857142855,1.0,False
363736,DoS attacks-Slowloris,0.1,0.6666666666666666,0.25,False
363745,DoS attacks-SlowHTTPTest,0.1,0.42857142857142855,0.0,True
364149,DDOS attack-LOIC-UDP,0.1,0.42857142857142855,1.0,True
364474,DoS attacks-Slowloris,0.1,0.6666666666666666,0.0,False
364494,DDOS attack-HOIC,0.1,0.6666666666666666,0.0,True
364710,DoS attacks-Hulk,0.1,0.42857142857142855,0.0,True
364833,DDoS attacks-LOIC-HTTP,0.1,0.42857142857142855,0.0,True
365136,Infilteration,0.1,0.25,0.0,False
365607,FTP-BruteForce,0.1,0.6666666666666666,0.0,True
365833,Brute Force -Web,0.1,0.6666666666666666,0.0,True
366290,Brute Force -Web,0.1,0.6666666666666666,0.0,True
367369,FTP-BruteForce,0.1,0.42857142857142855,0.0,False
368802,Benign,0.1,0.42857142857142855,0.1111111111111111,False
371681,DDOS attack-HOIC,0.1,1.0,0.0,True
372582,Infilteration,0.1,0.1111111111111111,0.0,True
374398,Brute Force -XSS,0.1,0.42857142857142855,0.0,True
375921,DoS attacks-Hulk,0.1,0.42857142857142855,0.25,True
376460,DoS attacks-GoldenEye,0.1,0.25,0.0,True
377181,Bot,0.1,0.42857142857142855,0.0,True
377200,DDoS attacks-LOIC-HTTP,0.1,0.42857142857142855,0.0,True
377720,FTP-BruteForce,0.1,0.25,0.0,True
378460,DoS attacks-SlowHTTPTest,0.1,0.6666666666666666,0.0,True
378630,Infilteration,0.1,0.25,0.25,True
378868,DDOS attack-LOIC-UDP,0.1,0.25,1.0,True
378904,DoS attacks-SlowHTTPTest,0.1,0.42857142857142855,0.0,True
379042,DoS attacks-Slowloris,0.1,1.0,0.42857142857142855,False
379049,Bot,0.1,0.25,0.1111111111111111,True
379113,DoS attacks-Slowloris,0.1,0.6666666666666666,0.25,False
379409,Bot,0.1,0.42857142857142855,0.0,True
379791,SQL Injection,0.1,0.6666666666666666,0.0,True
380316,DDoS attacks-LOIC-HTTP,0.1,0.42857142857142855,0.1111111111111111,True
380676,DoS attacks-Slowloris,0.1,0.25,0.25,True
382053,Benign,0.1,0.42857142857142855,0.6666666666666666,False
382878,Benign,0.1,0.25,0.1111111111111111,True
383181,FTP-BruteForce,0.1,0.42857142857142855,0.1111111111111111,False
383315,DoS attacks-Slowloris,0.1,0.42857142857142855,0.0,True
383354,DDoS attacks-LOIC-HTTP,0.1,0.42857142857142855,0.0,False
383426,DoS attacks-GoldenEye,0.1,0.25,0.0,True
383599,Brute Force -Web,0.1,0.42857142857142855,1.0,True
383954,DoS attacks-GoldenEye,0.1,0.25,0.0,True
384456,DoS attacks-Hulk,0.1,0.42857142857142855,0.0,True
385336,Brute Force -Web,0.1,0.6666666666666666,1.0,True
386217,DDOS attack-LOIC-UDP,0.1,0.42857142857142855,1.0,False
386430,DoS attacks-Hulk,0.1,0.42857142857142855,0.0,True
386696,Infilteration,0.1,0.1111111111111111,0.0,True
386793,SSH-Bruteforce,0.1,0.42857142857142855,0.42857142857142855,True
387556,Brute Force -Web,0.1,0.42857142857142855,0.0,True
388408,Benign,0.1,0.42857142857142855,0.0,False
388482,DDOS attack-HOIC,0.1,0.42857142857142855,0.0,True
390292,Brute Force -XSS,0.1,0.6666666666666666,1.0,True
390395,DoS attacks-Slowloris,0.1,0.6666666666666666,0.6666666666666666,False
392548,Brute Force -Web,0.1,0.42857142857142855,0.0,True
393620,DDOS attack-LOIC-UDP,0.1,0.42857142857142855,1.0,True
395416,Benign,0.1,0.1111111111111111,0.0,False
396344,DDOS attack-LOIC-UDP,0.1,0.6666666666666666,1.0,False
396893,DDOS attack-HOIC,0.1,0.6666666666666666,0.0,True
397329,Infilteration,0.1,0.1111111111111111,0.0,True
397403,DoS attacks-Slowloris,0.1,1.0,0.6666666666666666,False
397478,SSH-Bruteforce,0.1,0.6666666666666666,0.25,True
397490,Bot,0.1,0.42857142857142855,0.0,True
398799,DDOS attack-LOIC-UDP,0.1,0.25,1.0,False
400457,DDOS attack-LOIC-UDP,0.1,0.42857142857142855,1.0,True
401886,DoS attacks-Slowloris,0.1,0.42857142857142855,0.0,True
402004,SSH-Bruteforce,0.1,0.6666666666666666,0.1111111111111111,True
402197,Bot,0.1,0.42857142857142855,0.1111111111111111,True
402380,DDOS attack-LOIC-UDP,0.1,0.25,1.0,False
402677,DDOS attack-LOIC-UDP,0.1,0.25,1.0,False
404377,Bot,0.1,0.42857142857142855,0.0,True
405784,Infilteration,0.1,0.25,0.0,True
406035,Bot,0.1,0.42857142857142855,0.0,True
406095,DDOS attack-HOIC,0.1,0.42857142857142855,0.0,True
406393,DDOS attack-LOIC-UDP,0.1,0.42857142857142855,1.0,False
407392,SSH-Bruteforce,0.1,0.6666666666666666,0.42857142857142855,True
407681,FTP-BruteForce,0.1,0.6666666666666666,0.0,True
408152,FTP-BruteForce,0.1,0.6666666666666666,0.1111111111111111,True
408593,Bot,0.1,0.42857142857142855,0.0,True
409353,DoS attacks-SlowHTTPTest,0.1,0.42857142857142855,0.0,True
409474,DDOS attack-LOIC-UDP,0.1,0.42857142857142855,1.0,False
410021,DoS attacks-SlowHTTPTest,0.1,0.6666666666666666,0.0,True
410112,DoS attacks-SlowHTTPTest,0.1,0.25,0.25,True
410254,DDOS attack-LOIC-UDP,0.1,0.42857142857142855,1.0,False
410740,SSH-Bruteforce,0.1,0.42857142857142855,0.42857142857142855,True
410845,Bot,0.1,0.42857142857142855,0.0,True
412248,DoS attacks-SlowHTTPTest,0.1,0.42857142857142855,0.1111111111111111,True
414454,DoS attacks-GoldenEye,0.1,0.25,0.1111111111111111,True
414918,DDOS attack-LOIC-UDP,0.1,0.25,1.0,False
415165,DDOS attack-LOIC-UDP,0.1,0.42857142857142855,1.0,False
415297,SQL Injection,0.1,0.6666666666666666,0.25,True
415964,DDOS attack-LOIC-UDP,0.1,0.42857142857142855,1.0,True
416934,DDOS attack-HOIC,0.1,0.6666666666666666,0.1111111111111111,True
416984,Infilteration,0.1,0.42857142857142855,0.0,True
417478,DDOS attack-HOIC,0.1,0.42857142857142855,0.1111111111111111,True
417634,Brute Force -Web,0.1,0.42857142857142855,0.0,True
417696,Infilteration,0.1,0.42857142857142855,0.1111111111111111,True
418003,DoS attacks-Slowloris,0.1,0.6666666666666666,0.0,False
420193,DoS attacks-Slowloris,0.1,0.42857142857142855,0.42857142857142855,False
421149,DoS attacks-Slowloris,0.1,0.6666666666666666,0.6666666666666666,True
421817,Brute Force -Web,0.1,0.42857142857142855,0.0,True
422128,DDOS attack-HOIC,0.1,0.42857142857142855,0.1111111111111111,True
422518,SSH-Bruteforce,0.1,0.25,0.25,True
423486,Brute Force -XSS,0.1,0.25,0.0,True
423710,FTP-BruteForce,0.1,0.6666666666666666,0.0,False
423824,DDoS attacks-LOIC-HTTP,0.1,0.42857142857142855,0.0,True
424076,DDOS attack-HOIC,0.1,0.42857142857142855,0.1111111111111111,True
424233,DDOS attack-LOIC-UDP,0.1,0.25,1.0,False
424607,Bot,0.1,0.25,0.0,True
425306,DoS attacks-Slowloris,0.1,0.6666666666666666,0.6666666666666666,False
426361,DoS attacks-GoldenEye,0.1,0.25,0.0,True
426496,FTP-BruteForce,0.1,0.42857142857142855,0.0,True
427567,Infilteration,0.1,0.0,0.0,True
428076,DDoS attacks-LOIC-HTTP,0.1,0.6666666666666666,0.0,False
428942,DoS attacks-SlowHTTPTest,0.1,0.6666666666666666,0.1111111111111111,True
430855,Brute Force -Web,0.1,0.42857142857142855,0.0,True
430879,FTP-BruteForce,0.1,0.6666666666666666,0.0,True
431138,DoS attacks-Hulk,0.1,0.42857142857142855,0.0,True
433136,DoS attacks-Hulk,0.1,0.42857142857142855,0.0,True
433298,DoS attacks-Hulk,0.1,0.25,0.0,True
434271,Brute Force -XSS,0.1,0.42857142857142855,0.0,True
435047,Brute Force -Web,0.1,0.42857142857142855,1.0,True
435082,Brute Force -Web,0.1,0.42857142857142855,0.0,True
435265,SSH-Bruteforce,0.1,0.6666666666666666,0.1111111111111111,True
435398,Bot,0.1,0.25,0.0,True
435516,DDoS attacks-LOIC-HTTP,0.1,0.25,0.1111111111111111,True
435999,DDOS attack-LOIC-UDP,0.1,0.42857142857142855,1.0,False
436016,Infilteration,0.1,0.1111111111111111,0.0,True
436253,Bot,0.1,0.42857142857142855,0.0,True
437217,FTP-BruteForce,0.1,0.42857142857142855,0.25,True
437515,DoS attacks-Slowloris,0.1,0.6666666666666666,0.0,False
437810,Infilteration,0.1,0.25,0.0,True
438174,Brute Force -Web,0.1,0.42857142857142855,1.0,True
439451,DDOS attack-LOIC-UDP,0.1,0.42857142857142855,1.0,True
440734,DDoS attacks-LOIC-HTTP,0.1,0.25,0.0,True
440950,DoS attacks-Hulk,0.1,0.42857142857142855,0.0,True
440968,Benign,0.1,0.42857142857142855,0.1111111111111111,False
442254,Benign,0.1,0.6666666666666666,0.0,False
443482,DDOS attack-HOIC,0.1,0.6666666666666666,0.0,True
443627,DoS attacks-Hulk,0.1,0.42857142857142855,0.0,True
443890,DDOS attack-HOIC,0.1,0.6666666666666666,0.0,True
444547,DoS attacks-Slowloris,0.1,0.6666666666666666,0.1111111111111111,True
444581,SSH-Bruteforce,0.1,0.42857142857142855,0.1111111111111111,True
445619,Brute Force -Web,0.1,0.6666666666666666,0.0,True
445828,Benign,0.1,0.42857142857142855,0.1111111111111111,False
446683,DoS attacks-GoldenEye,0.1,1.0,0.0,True
448174,Infilteration,0.1,0.42857142857142855,0.0,True
450197,DoS attacks-Slowloris,0.1,1.0,0.42857142857142855,False
450421,FTP-BruteForce,0.1,0.42857142857142855,0.1111111111111111,True
450725,Benign,0.1,0.25,0.0,False
450779,Bot,0.1,0.25,0.0,True
451779,DoS attacks-Slowloris,0.1,0.6666666666666666,0.42857142857142855,False
452015,DoS attacks-Slowloris,0.1,1.0,0.6666666666666666,False
452263,DoS attacks-Hulk,0.1,0.6666666666666666,0.1111111111111111,True
452893,DoS attacks-Hulk,0.1,0.6666666666666666,0.0,True
453106,DoS attacks-Hulk,0.1,0.42857142857142855,0.0,True
454267,DDoS attacks-LOIC-HTTP,0.1,0.25,0.0,True
454565,Infilteration,0.1,0.25,0.0,True
455558,DoS attacks-Hulk,0.1,0.42857142857142855,0.0,True
456521,Infilteration,0.1,0.42857142857142855,0.25,True
457110,Infilteration,0.1,0.25,0.0,True
457772,DDOS attack-LOIC-UDP,0.1,0.25,1.0,True
458156,Benign,0.1,0.42857142857142855,0.1111111111111111,False
458210,Bot,0.1,0.42857142857142855,0.0,True
458435,DoS attacks-Hulk,0.1,0.42857142857142855,0.0,True
458576,DDoS attacks-LOIC-HTTP,0.1,0.25,0.25,True
459088,DoS attacks-GoldenEye,0.1,0.42857142857142855,0.0,True
459692,SSH-Bruteforce,0.1,0.42857142857142855,0.1111111111111111,True
459739,Bot,0.1,0.42857142857142855,0.0,True
460189,FTP-BruteForce,0.1,0.42857142857142855,0.25,True
460214,DoS attacks-SlowHTTPTest,0.1,0.42857142857142855,0.0,True
460217,SSH-Bruteforce,0.1,0.1111111111111111,0.25,True
460443,Brute Force -XSS,0.1,0.6666666666666666,1.0,True
461083,Infilteration,0.1,0.1111111111111111,0.0,True
462813,Brute Force -Web,0.1,0.42857142857142855,0.1111111111111111,True
463354,DoS attacks-GoldenEye,0.1,0.25,0.1111111111111111,True
463389,DDOS attack-LOIC-UDP,0.1,0.42857142857142855,1.0,True
464264,DDOS attack-HOIC,0.1,1.0,0.0,True
464916,DDOS attack-HOIC,0.1,1.0,0.0,True
465013,DDoS attacks-LOIC-HTTP,0.1,0.1111111111111111,0.0,True
465025,DDoS attacks-LOIC-HTTP,0.1,0.42857142857142855,0.0,True
465061,Brute Force -Web,0.1,0.6666666666666666,0.0,True
465189,DoS attacks-Slowloris,0.1,0.6666666666666666,0.42857142857142855,False
465399,FTP-BruteForce,0.1,0.6666666666666666,0.0,False
465523,Infilteration,0.1,0.1111111111111111,0.0,True
466524,Bot,0.1,0.25,0.0,True
466908,SSH-Bruteforce,0.1,0.25,0.0,True
467947,DDoS attacks-LOIC-HTTP,0.1,0.1111111111111111,0.0,True
468844,Benign,0.1,0.1111111111111111,0.0,False
468943,DDOS attack-LOIC-UDP,0.1,0.6666666666666666,1.0,False
469503,DoS attacks-GoldenEye,0.1,0.6666666666666666,0.0,True
470208,Infilteration,0.1,0.25,0.0,True
470293,Bot,0.1,0.25,0.0,True
470325,Brute Force -Web,0.1,0.6666666666666666,0.0,True
470562,DoS attacks-Hulk,0.1,0.42857142857142855,0.0,True
471104,Infilteration,0.1,0.25,0.25,True
471531,DoS attacks-Slowloris,0.1,0.1111111111111111,0.0,True
472333,DoS attacks-SlowHTTPTest,0.1,0.6666666666666666,0.0,True
472733,Infilteration,0.1,0.1111111111111111,0.0,True
473231,DoS attacks-SlowHTTPTest,0.1,0.42857142857142855,0.0,True
473975,SSH-Bruteforce,0.1,0.6666666666666666,0.1111111111111111,True
474070,DoS attacks-Slowloris,0.1,0.6666666666666666,0.0,True
474577,Benign,0.1,0.6666666666666666,0.1111111111111111,False
474715,DDOS attack-HOIC,0.1,0.6666666666666666,0.0,True
475209,DDoS attacks-LOIC-HTTP,0.1,0.25,0.1111111111111111,True
476206,Brute Force -XSS,0.1,0.42857142857142855,1.0,True
476336,Brute Force -XSS,0.1,0.6666666666666666,1.0,True
476676,DoS attacks-SlowHTTPTest,0.1,0.6666666666666666,0.0,True
476835,DDOS attack-LOIC-UDP,0.1,0.25,1.0,True
477610,DoS attacks-GoldenEye,0.1,0.6666666666666666,0.0,True
477734,DDoS attacks-LOIC-HTTP,0.1,0.42857142857142855,0.0,True
477804,Benign,0.1,0.6666666666666666,0.0,False
478158,Benign,0.1,0.42857142857142855,0.0,False
478730,DDOS attack-LOIC-UDP,0.1,0.42857142857142855,1.0,False
480588,Benign,0.1,0.42857142857142855,0.0,True
481014,SSH-Bruteforce,0.1,0.42857142857142855,0.25,True
481737,SSH-Bruteforce,0.1,0.42857142857142855,0.42857142857142855,True
482959,SSH-Bruteforce,0.1,0.42857142857142855,0.42857142857142855,True
483707,Brute Force -Web,0.1,0.6666666666666666,0.0,True
484737,Bot,0.1,0.25,0.0,True
485929,DoS attacks-Slowloris,0.1,0.25,1.0,True
486892,DDOS attack-HOIC,0.1,0.6666666666666666,0.0,True
486934,DDoS attacks-LOIC-HTTP,0.1,0.42857142857142855,0.0,True
487209,DoS attacks-GoldenEye,0.1,0.25,0.1111111111111111,True
487263,DDOS attack-LOIC-UDP,0.1,0.6666666666666666,1.0,False
487387,DDoS attacks-LOIC-HTTP,0.1,0.25,0.0,True
488135,Benign,0.1,0.25,0.0,False
488231,Bot,0.1,0.6666666666666666,0.1111111111111111,True
488992,DoS attacks-GoldenEye,0.1,0.42857142857142855,0.1111111111111111,True
489470,DoS attacks-GoldenEye,0.1,0.42857142857142855,0.0,True
489800,SSH-Bruteforce,0.1,0.6666666666666666,0.25,True
490284,Benign,0.1,0.25,0.0,True
490420,Benign,0.1,0.42857142857142855,0.1111111111111111,False
491715,DoS attacks-SlowHTTPTest,0.1,0.6666666666666666,0.1111111111111111,True
491728,DDOS attack-LOIC-UDP,0.1,0.42857142857142855,1.0,True
492002,DoS attacks-SlowHTTPTest,0.1,0.42857142857142855,0.0,True
492969,DDOS attack-LOIC-UDP,0.1,0.42857142857142855,1.0,True
493521,DDOS attack-LOIC-UDP,0.1,0.42857142857142855,1.0,True
494286,DoS attacks-GoldenEye,0.1,0.42857142857142855,0.0,True
494413,Infilteration,0.1,0.0,0.0,True
495591,DDoS attacks-LOIC-HTTP,0.1,0.6666666666666666,0.0,False
496053,DoS attacks-Hulk,0.1,0.42857142857142855,0.1111111111111111,True
496791,Bot,0.1,0.25,0.25,True
496970,DoS attacks-Hulk,0.1,0.42857142857142855,0.0,True
497795,DDOS attack-LOIC-UDP,0.1,0.42857142857142855,1.0,False
498379,Brute Force -Web,0.1,0.42857142857142855,1.0,True
498583,Infilteration,0.1,0.25,0.0,True
498647,Brute Force -Web,0.1,0.42857142857142855,0.0,True
498915,DoS attacks-Slowloris,0.1,0.6666666666666666,0.42857142857142855,False
499022,Bot,0.1,0.25,0.0,True
499151,SSH-Bruteforce,0.1,0.42857142857142855,0.1111111111111111,True
499280,DoS attacks-GoldenEye,0.1,0.42857142857142855,0.0,True
499490,DoS attacks-Slowloris,0.1,1.0,0.42857142857142855,False
500197,Bot,0.1,0.6666666666666666,0.1111111111111111,True
500247,DoS attacks-Slowloris,0.1,0.6666666666666666,0.25,True
500277,DoS attacks-GoldenEye,0.1,0.42857142857142855,0.0,True
500639,DoS attacks-GoldenEye,0.1,0.6666666666666666,0.0,True
501343,DoS attacks-SlowHTTPTest,0.1,0.42857142857142855,0.0,True
501715,DoS attacks-Hulk,0.1,0.42857142857142855,0.0,True
501916,DDOS attack-HOIC,0.1,0.42857142857142855,0.0,True
502356,Benign,0.1,0.42857142857142855,0.0,False
502711,Infilteration,0.1,0.25,0.1111111111111111,True
503052,Brute Force -XSS,0.1,1.0,1.0,True
504769,DoS attacks-SlowHTTPTest,0.1,0.6666666666666666,0.1111111111111111,True
507562,DDOS attack-HOIC,0.1,0.42857142857142855,0.0,True
507576,FTP-BruteForce,0.1,0.42857142857142855,0.25,True
509162,Infilteration,0.1,0.25,0.1111111111111111,True
509759,DoS attacks-GoldenEye,0.1,0.42857142857142855,0.0,True
509950,DoS attacks-Hulk,0.1,0.6666666666666666,0.0,True
510614,Bot,0.1,0.42857142857142855,0.0,True
510672,FTP-BruteForce,0.1,0.42857142857142855,0.1111111111111111,True
511057,DoS attacks-Hulk,0.1,0.42857142857142855,0.0,True
511838,SSH-Bruteforce,0.1,0.42857142857142855,0.42857142857142855,True
512234,DDoS attacks-LOIC-HTTP,0.1,0.42857142857142855,0.0,True
512406,Infilteration,0.1,0.42857142857142855,0.0,True
513915,DDoS attacks-LOIC-HTTP,0.1,0.25,0.1111111111111111,True
513948,FTP-BruteForce,0.1,0.25,0.1111111111111111,True
514169,FTP-BruteForce,0.1,0.42857142857142855,0.42857142857142855,True
514378,Brute Force -Web,0.1,0.42857142857142855,0.0,True
514487,Infilteration,0.1,0.42857142857142855,0.1111111111111111,True
515246,Benign,0.1,0.25,0.1111111111111111,False
515335,Infilteration,0.1,0.1111111111111111,0.0,True
515574,DoS attacks-Hulk,0.1,0.42857142857142855,0.1111111111111111,True
515837,DoS attacks-Hulk,0.1,0.42857142857142855,0.0,True
516812,DoS attacks-Slowloris,0.1,0.6666666666666666,0.0,True
517291,Brute Force -Web,0.1,0.42857142857142855,0.0,True
517324,DoS attacks-Slowloris,0.1,0.42857142857142855,0.1111111111111111,True
517438,DoS attacks-SlowHTTPTest,0.1,0.42857142857142855,0.0,True
517938,DDOS attack-HOIC,0.1,0.6666666666666666,0.25,True
518001,Infilteration,0.1,0.1111111111111111,0.1111111111111111,True
518108,DDOS attack-HOIC,0.1,0.6666666666666666,0.1111111111111111,True
518911,Infilteration,0.1,0.1111111111111111,0.0,True
519101,DoS attacks-SlowHTTPTest,0.1,0.6666666666666666,0.0,True
519731,DDoS attacks-LOIC-HTTP,0.1,0.42857142857142855,0.0,True
519793,Infilteration,0.1,0.25,0.0,True
519990,Brute Force -Web,0.1,0.6666666666666666,1.0,True
520651,Benign,0.1,0.6666666666666666,0.0,False
520811,Brute Force -Web,0.1,0.42857142857142855,1.0,True
521292,DoS attacks-Slowloris,0.1,1.0,0.0,False
521385,DoS attacks-GoldenEye,0.1,0.6666666666666666,0.0,True
521409,Infilteration,0.1,0.42857142857142855,0.1111111111111111,True
521524,DoS attacks-Slowloris,0.1,0.42857142857142855,0.0,True
521606,Benign,0.1,0.42857142857142855,0.0,False
521700,Brute Force -XSS,0.1,0.42857142857142855,0.0,True
521833,DoS attacks-Slowloris,0.1,0.6666666666666666,0.0,True
522204,Brute Force -XSS,0.1,0.1111111111111111,0.0,True
522450,DoS attacks-Hulk,0.1,0.42857142857142855,0.1111111111111111,True
522606,Infilteration,0.1,0.42857142857142855,0.0,True
522632,DDoS attacks-LOIC-HTTP,0.1,0.25,0.1111111111111111,True
524341,Brute Force -Web,0.1,0.42857142857142855,0.0,True
524431,DoS attacks-SlowHTTPTest,0.1,0.42857142857142855,0.0,True
524740,Bot,0.1,0.25,0.0,True
524824,FTP-BruteForce,0.1,0.6666666666666666,0.42857142857142855,True
525152,DoS attacks-Slowloris,0.1,0.6666666666666666,0.0,True
525166,DoS attacks-GoldenEye,0.1,0.1111111111111111,0.25,True
525261,Bot,0.1,0.25,0.1111111111111111,True
525466,DDOS attack-HOIC,0.1,0.6666666666666666,0.0,True
527604,Brute Force -Web,0.1,0.42857142857142855,0.0,True
527622,DoS attacks-SlowHTTPTest,0.1,0.42857142857142855,0.0,True
528023,DDOS attack-LOIC-UDP,0.1,0.6666666666666666,1.0,False
528258,Bot,0.1,0.1111111111111111,0.0,True
528901,DDOS attack-HOIC,0.1,0.42857142857142855,0.0,True
529044,DDOS attack-LOIC-UDP,0.1,0.42857142857142855,1.0,False
529520,FTP-BruteForce,0.1,0.25,0.42857142857142855,True
529556,DoS attacks-Hulk,0.1,0.25,0.0,True
530909,Benign,0.1,0.25,0.1111111111111111,False
531225,Brute Force -Web,0.1,0.42857142857142855,0.0,True
531607,FTP-BruteForce,0.1,0.6666666666666666,0.25,True
531733,DoS attacks-Hulk,0.1,0.42857142857142855,0.0,True
532195,Benign,0.1,0.42857142857142855,0.1111111111111111,False
532287,DoS attacks-GoldenEye,0.1,0.25,0.0,True
532375,DoS attacks-GoldenEye,0.1,0.6666666666666666,0.0,True
533025,Benign,0.1,0.6666666666666666,0.1111111111111111,False
533710,DDOS attack-LOIC-UDP,0.1,0.25,1.0,False
534876,DoS attacks-Slowloris,0.1,0.6666666666666666,0.6666666666666666,False
535830,DDOS attack-LOIC-UDP,0.1,0.42857142857142855,1.0,False
535970,DDOS attack-LOIC-UDP,0.1,0.42857142857142855,1.0,True
537128,DDOS attack-HOIC,0.1,0.6666666666666666,0.0,True
537276,DDOS attack-HOIC,0.1,0.6666666666666666,0.0,True
537705,Benign,0.1,0.25,0.1111111111111111,False
537964,SSH-Bruteforce,0.1,0.6666666666666666,0.1111111111111111,True
537993,Infilteration,0.1,0.1111111111111111,0.1111111111111111,True
538093,Bot,0.1,0.25,0.0,True
538599,DDoS attacks-LOIC-HTTP,0.1,0.42857142857142855,0.0,True
539630,DoS attacks-Hulk,0.1,0.42857142857142855,0.0,True
540528,FTP-BruteForce,0.1,0.6666666666666666,0.0,True
541526,DDoS attacks-LOIC-HTTP,0.1,0.42857142857142855,0.1111111111111111,True
541726,DoS attacks-Hulk,0.1,0.42857142857142855,0.1111111111111111,True
541907,Benign,0.1,0.25,0.0,False
542057,DDoS attacks-LOIC-HTTP,0.1,0.6666666666666666,0.1111111111111111,True
542466,Infilteration,0.1,0.42857142857142855,0.0,True
542478,SSH-Bruteforce,0.1,0.6666666666666666,0.0,False
542508,Bot,0.1,0.42857142857142855,0.0,True
542957,DoS attacks-GoldenEye,0.1,1.0,0.0,True
544187,DDoS attacks-LOIC-HTTP,0.1,0.25,0.1111111111111111,True
544602,DDOS attack-HOIC,0.1,0.42857142857142855,0.0,True
544810,Bot,0.1,0.1111111111111111,0.0,True
544974,DoS attacks-Hulk,0.1,0.25,0.0,True
545075,Benign,0.1,0.25,0.0,False
545791,Bot,0.1,0.25,0.0,True
546990,DoS attacks-Slowloris,0.1,0.6666666666666666,0.42857142857142855,False
547278,Benign,0.1,0.42857142857142855,0.0,False
547723,DoS attacks-GoldenEye,0.1,0.42857142857142855,0.0,True
547988,DDOS attack-LOIC-UDP,0.1,0.42857142857142855,1.0,True
549022,Brute Force -Web,0.1,0.42857142857142855,0.1111111111111111,True
550193,Bot,0.1,0.1111111111111111,0.0,True
550265,DDOS attack-HOIC,0.1,0.6666666666666666,0.0,True
550396,Benign,0.1,0.25,0.42857142857142855,False
552215,DoS attacks-Slowloris,0.1,0.25,0.0,True
554166,DoS attacks-Hulk,0.1,0.42857142857142855,0.0,True
555257,SSH-Bruteforce,0.1,0.25,0.1111111111111111,True
555404,SSH-Bruteforce,0.1,0.25,0.25,True
556016,DoS attacks-Slowloris,0.1,0.42857142857142855,0.42857142857142855,False
556032,Brute Force -XSS,0.1,1.0,1.0,True
557077,SQL Injection,0.1,0.6666666666666666,0.0,True
557127,Benign,0.1,0.42857142857142855,0.0,False
557149,DoS attacks-GoldenEye,0.1,1.0,0.0,True
557389,SSH-Bruteforce,0.1,0.6666666666666666,0.1111111111111111,True
557903,DoS attacks-Slowloris,0.1,0.42857142857142855,0.42857142857142855,True
558168,DDoS attacks-LOIC-HTTP,0.1,0.25,0.0,True
558395,DDoS attacks-LOIC-HTTP,0.1,0.25,0.0,True
559195,DDOS attack-HOIC,0.1,0.6666666666666666,0.0,True
559359,SSH-Bruteforce,0.1,1.0,0.6666666666666666,True
559418,Brute Force -XSS,0.1,0.42857142857142855,1.0,True
559553,DoS attacks-Hulk,0.1,0.42857142857142855,0.0,True
559606,DoS attacks-Hulk,0.1,0.25,0.0,True
559993,DoS attacks-Hulk,0.1,0.6666666666666666,0.1111111111111111,True
560536,Bot,0.1,0.25,0.0,True
561213,Bot,0.1,0.42857142857142855,0.25,True
561935,DoS attacks-GoldenEye,0.1,1.0,0.0,True
562873,DoS attacks-Slowloris,0.1,0.42857142857142855,0.6666666666666666,False
563135,DDoS attacks-LOIC-HTTP,0.1,0.42857142857142855,0.0,True
563562,Benign,0.1,0.42857142857142855,0.1111111111111111,True
563636,DDOS attack-HOIC,0.1,0.6666666666666666,0.0,True
564150,DoS attacks-Hulk,0.1,0.25,0.0,True
564226,DDOS attack-HOIC,0.1,0.6666666666666666,0.0,True
564802,DDOS attack-LOIC-UDP,0.1,0.25,1.0,True
565427,DoS attacks-SlowHTTPTest,0.1,0.42857142857142855,0.1111111111111111,True
566199,FTP-BruteForce,0.1,0.6666666666666666,0.1111111111111111,True
566348,DoS attacks-Slowloris,0.1,0.6666666666666666,0.42857142857142855,False
567518,DDoS attacks-LOIC-HTTP,0.1,0.25,0.0,True
567714,Brute Force -Web,0.1,0.6666666666666666,1.0,True
567877,DoS attacks-SlowHTTPTest,0.1,0.42857142857142855,0.0,True
568399,DoS attacks-GoldenEye,0.1,0.42857142857142855,0.0,True
568838,SSH-Bruteforce,0.1,1.0,0.0,True
570118,DoS attacks-GoldenEye,0.1,0.42857142857142855,0.42857142857142855,True
571598,DDoS attacks-LOIC-HTTP,0.1,0.25,0.0,True
571642,DDoS attacks-LOIC-HTTP,0.1,0.42857142857142855,0.1111111111111111,True
572379,Brute Force -XSS,0.1,0.25,0.0,True
573111,DoS attacks-Hulk,0.1,0.42857142857142855,0.25,True
573424,Brute Force -XSS,0.1,0.42857142857142855,0.0,True
573771,DoS attacks-GoldenEye,0.1,0.42857142857142855,0.1111111111111111,True
573880,DDOS attack-LOIC-UDP,0.1,0.42857142857142855,1.0,True
574170,DoS attacks-Hulk,0.1,0.42857142857142855,0.0,True
576116,Benign,0.1,0.6666666666666666,0.0,False
576152,DoS attacks-GoldenEye,0.1,0.42857142857142855,0.0,True
577200,Brute Force -Web,0.1,0.6666666666666666,0.0,True
577695,SSH-Bruteforce,0.1,0.6666666666666666,0.6666666666666666,True
578079,DoS attacks-GoldenEye,0.1,0.25,0.0,False
578698,DDOS attack-HOIC,0.1,1.0,0.0,True
579553,Benign,0.1,0.42857142857142855,0.25,True
579853,DoS attacks-GoldenEye,0.1,0.25,0.0,True
579978,Infilteration,0.1,0.6666666666666666,0.1111111111111111,True
581136,DoS attacks-Slowloris,0.1,0.25,0.0,True
581490,DDOS attack-HOIC,0.1,1.0,0.1111111111111111,True
582425,Infilteration,0.1,0.25,0.25,True
582433,FTP-BruteForce,0.1,0.42857142857142855,0.1111111111111111,True
582648,DoS attacks-Slowloris,0.1,1.0,0.6666666666666666,False
582796,Benign,0.1,0.25,0.42857142857142855,False
583069,Benign,0.1,0.42857142857142855,0.25,False
583318,DDoS attacks-LOIC-HTTP,0.1,0.25,0.0,True
583369,SSH-Bruteforce,0.1,0.6666666666666666,0.25,True
584457,DDoS attacks-LOIC-HTTP,0.1,0.25,0.25,True
584834,SSH-Bruteforce,0.1,0.42857142857142855,0.25,True
585332,SSH-Bruteforce,0.1,0.25,0.42857142857142855,True
585380,FTP-BruteForce,0.1,0.6666666666666666,0.0,True
586218,DoS attacks-GoldenEye,0.1,0.25,0.0,True
588010,DoS attacks-GoldenEye,0.1,1.0,0.25,True
588054,Benign,0.1,0.42857142857142855,0.1111111111111111,False
588844,DDOS attack-HOIC,0.1,0.6666666666666666,0.0,True
589312,DoS attacks-Slowloris,0.1,0.6666666666666666,0.42857142857142855,False
589510,Benign,0.1,0.42857142857142855,0.1111111111111111,False
589863,DDoS attacks-LOIC-HTTP,0.1,0.25,0.1111111111111111,True
590538,Bot,0.1,0.42857142857142855,0.25,True
590726,DDOS attack-LOIC-UDP,0.1,0.6666666666666666,1.0,True
591248,FTP-BruteForce,0.1,0.42857142857142855,0.1111111111111111,True
592051,DDoS attacks-LOIC-HTTP,0.1,0.42857142857142855,0.0,True
592647,FTP-BruteForce,0.1,0.25,0.0,True
593418,DDOS attack-HOIC,0.1,0.6666666666666666,0.0,True
593460,DDoS attacks-LOIC-HTTP,0.1,0.42857142857142855,0.0,True
593561,FTP-BruteForce,0.1,0.6666666666666666,0.0,True
593630,DoS attacks-GoldenEye,0.1,0.1111111111111111,0.0,True
593714,Bot,0.1,0.25,0.0,True
594014,Infilteration,0.1,0.42857142857142855,0.1111111111111111,True
595185,DDoS attacks-LOIC-HTTP,0.1,0.1111111111111111,0.0,True
598293,Brute Force -XSS,0.1,0.42857142857142855,1.0,True
599120,DoS attacks-Hulk,0.1,0.42857142857142855,0.0,True
599229,DoS attacks-SlowHTTPTest,0.1,0.42857142857142855,0.1111111111111111,True
599616,DoS attacks-Hulk,0.1,0.42857142857142855,0.0,True
599680,FTP-BruteForce,0.1,0.6666666666666666,0.42857142857142855,False
599997,SSH-Bruteforce,0.1,0.25,0.42857142857142855,True
601076,Benign,0.1,0.42857142857142855,0.0,False
601248,Benign,0.1,0.25,0.6666666666666666,False
601870,DDoS attacks-LOIC-HTTP,0.1,0.42857142857142855,0.0,True
602139,FTP-BruteForce,0.1,0.6666666666666666,0.25,False
603609,DoS attacks-GoldenEye,0.1,0.25,0.0,True
604009,FTP-BruteForce,0.1,0.6666666666666666,0.0,True
604303,DoS attacks-Hulk,0.1,0.6666666666666666,0.0,True
604387,DoS attacks-Hulk,0.1,0.42857142857142855,0.0,True
604539,DoS attacks-SlowHTTPTest,0.1,0.42857142857142855,0.0,True
605097,DDOS attack-HOIC,0.1,0.42857142857142855,0.0,True
608011,DDOS attack-HOIC,0.1,0.6666666666666666,0.0,True
611192,DoS attacks-Hulk,0.1,0.42857142857142855,0.0,True
611363,DoS attacks-Slowloris,0.1,0.6666666666666666,0.42857142857142855,False
612695,Brute Force -Web,0.1,0.6666666666666666,1.0,True
613099,DoS attacks-Hulk,0.1,0.42857142857142855,0.1111111111111111,True
613326,DDoS attacks-LOIC-HTTP,0.1,0.42857142857142855,0.1111111111111111,True
613991,SSH-Bruteforce,0.1,0.42857142857142855,0.1111111111111111,True
614266,Brute Force -Web,0.1,0.6666666666666666,0.0,True
614472,Brute Force -Web,0.1,0.42857142857142855,1.0,True
615058,DoS attacks-SlowHTTPTest,0.1,0.42857142857142855,0.0,True
615305,Infilteration,0.1,0.42857142857142855,0.0,True
617223,FTP-BruteForce,0.1,0.6666666666666666,0.25,True
618278,DoS attacks-SlowHTTPTest,0.1,0.42857142857142855,0.0,True
618502,DoS attacks-GoldenEye,0.1,0.6666666666666666,0.0,True
618663,Brute Force -Web,0.1,0.42857142857142855,1.0,True
619868,SSH-Bruteforce,0.1,0.42857142857142855,0.42857142857142855,True
619955,Infilteration,0.1,0.42857142857142855,0.0,True
621179,DoS attacks-SlowHTTPTest,0.1,0.6666666666666666,0.1111111111111111,True
621479,DDOS attack-LOIC-UDP,0.1,0.42857142857142855,1.0,False
621707,DDOS attack-LOIC-UDP,0.1,0.42857142857142855,1.0,True
621721,Benign,0.1,0.42857142857142855,0.1111111111111111,False
622745,FTP-BruteForce,0.1,0.6666666666666666,0.1111111111111111,False
623338,DDOS attack-LOIC-UDP,0.1,0.42857142857142855,1.0,False
623373,DoS attacks-SlowHTTPTest,0.1,0.6666666666666666,0.1111111111111111,True
624337,DoS attacks-SlowHTTPTest,0.1,0.42857142857142855,0.0,True
625380,Benign,0.1,0.25,0.0,False
625897,Brute Force -Web,0.1,0.6666666666666666,0.0,True
626041,DDoS attacks-LOIC-HTTP,0.1,0.1111111111111111,0.0,True
626359,DDOS attack-LOIC-UDP,0.1,0.42857142857142855,1.0,False
626557,Bot,0.1,0.42857142857142855,0.0,True
626936,Infilteration,0.1,0.1111111111111111,0.1111111111111111,True
627642,DoS attacks-GoldenEye,0.1,0.42857142857142855,0.0,True
628503,DoS attacks-SlowHTTPTest,0.1,0.42857142857142855,0.0,True
628867,Benign,0.1,0.42857142857142855,0.0,False
629734,Brute Force -Web,0.1,0.42857142857142855,1.0,True
629869,Bot,0.1,0.25,0.0,True
630081,Brute Force -XSS,0.1,0.42857142857142855,0.0,True
630267,Infilteration,0.1,0.1111111111111111,0.0,True
630346,DoS attacks-Hulk,0.1,0.42857142857142855,0.0,True
630869,DoS attacks-Slowloris,0.1,0.42857142857142855,0.0,False
632131,DoS attacks-Slowloris,0.1,0.6666666666666666,0.0,True
634085,Benign,0.1,0.6666666666666666,0.0,False
634574,DoS attacks-Hulk,0.1,0.25,0.0,True
634683,DDoS attacks-LOIC-HTTP,0.1,0.42857142857142855,0.0,False
635547,DDoS attacks-LOIC-HTTP,0.1,0.25,0.0,True
636981,DoS attacks-Slowloris,0.1,0.6666666666666666,0.25,False
637590,SSH-Bruteforce,0.1,0.25,0.0,True
638042,DDOS attack-LOIC-UDP,0.1,0.42857142857142855,1.0,False
639924,DoS attacks-GoldenEye,0.1,0.25,0.1111111111111111,True
640704,DDoS attacks-LOIC-HTTP,0.1,0.1111111111111111,0.1111111111111111,True
641203,DoS attacks-GoldenEye,0.1,0.25,0.0,True
641423,Brute Force -Web,0.1,0.42857142857142855,1.0,True
643020,Bot,0.1,0.6666666666666666,0.0,True
644030,DoS attacks-Slowloris,0.1,0.42857142857142855,0.42857142857142855,True
644516,DDOS attack-LOIC-UDP,0.1,0.6666666666666666,1.0,False
645490,DoS attacks-Slowloris,0.1,0.42857142857142855,0.0,True
645824,Benign,0.1,0.42857142857142855,0.0,False
645970,DDOS attack-LOIC-UDP,0.1,0.42857142857142855,1.0,True
647108,DoS attacks-Hulk,0.1,0.42857142857142855,0.1111111111111111,True
647221,DDOS attack-HOIC,0.1,0.42857142857142855,0.0,True
648394,DDoS attacks-LOIC-HTTP,0.1,0.25,0.0,True
648518,DDOS attack-HOIC,0.1,0.6666666666666666,0.0,True
648720,DDOS attack-HOIC,0.1,0.42857142857142855,0.0,True
648799,Benign,0.1,0.6666666666666666,0.25,False
649611,FTP-BruteForce,0.1,0.6666666666666666,0.0,True
650282,Infilteration,0.1,0.25,0.0,True
651601,SSH-Bruteforce,0.1,0.42857142857142855,0.1111111111111111,True
651743,Brute Force -XSS,0.1,0.42857142857142855,1.0,True
652157,DoS attacks-Hulk,0.1,0.42857142857142855,0.0,True
652478,DoS attacks-SlowHTTPTest,0.1,0.42857142857142855,0.1111111111111111,True
652768,DDOS attack-HOIC,0.1,0.42857142857142855,0.0,True
652891,Bot,0.1,0.25,0.0,True
653069,DDOS attack-HOIC,0.1,0.6666666666666666,0.0,True
653140,DDOS attack-HOIC,0.1,0.6666666666666666,0.0,True
654204,DoS attacks-GoldenEye,0.1,0.42857142857142855,0.1111111111111111,True
654211,FTP-BruteForce,0.1,0.6666666666666666,0.0,True
654258,DDOS attack-LOIC-UDP,0.1,0.42857142857142855,1.0,False
654276,Brute Force -Web,0.1,0.6666666666666666,0.0,True
654496,FTP-BruteForce,0.1,0.42857142857142855,0.0,True
654659,DoS attacks-Slowloris,0.1,0.6666666666666666,0.25,False
654908,FTP-BruteForce,0.1,0.42857142857142855,0.25,True
655627,Infilteration,0.1,0.25,0.0,True
656860,SSH-Bruteforce,0.1,0.42857142857142855,0.1111111111111111,True
658282,Benign,0.1,0.6666666666666666,0.0,False
658852,SSH-Bruteforce,0.1,0.25,0.1111111111111111,True
661309,SSH-Bruteforce,0.1,0.1111111111111111,0.1111111111111111,True
661657,DoS attacks-GoldenEye,0.1,0.42857142857142855,0.0,True
662079,Brute Force -Web,0.1,0.6666666666666666,0.0,True
662125,DoS attacks-SlowHTTPTest,0.1,0.6666666666666666,0.0,True
662490,DDOS attack-LOIC-UDP,0.1,0.6666666666666666,1.0,False
663020,Brute Force -Web,0.1,0.6666666666666666,0.0,True
663131,FTP-BruteForce,0.1,0.6666666666666666,0.0,True
665093,Bot,0.1,0.1111111111111111,0.1111111111111111,True
665181,DoS attacks-GoldenEye,0.1,0.42857142857142855,0.0,True
665520,DoS attacks-SlowHTTPTest,0.1,0.6666666666666666,0.1111111111111111,True
665609,DDOS attack-LOIC-UDP,0.1,0.6666666666666666,1.0,False
665639,Brute Force -Web,0.1,0.42857142857142855,1.0,True
667343,DoS attacks-Hulk,0.1,0.42857142857142855,0.0,True
667959,Bot,0.1,0.25,0.0,True
668300,Bot,0.1,0.42857142857142855,0.1111111111111111,True
668437,DDOS attack-HOIC,0.1,1.0,0.0,True
668596,Infilteration,0.1,0.1111111111111111,0.0,True
668972,DoS attacks-Slowloris,0.1,0.42857142857142855,0.0,True
669816,Brute Force -XSS,0.1,0.6666666666666666,1.0,True
671747,DDOS attack-HOIC,0.1,0.6666666666666666,0.25,True
671863,DoS attacks-Hulk,0.1,0.6666666666666666,0.0,True
672527,DDoS attacks-LOIC-HTTP,0.1,0.42857142857142855,0.0,True
672743,DoS attacks-Hulk,0.1,0.42857142857142855,0.0,True
673338,DoS attacks-Hulk,0.1,0.6666666666666666,0.1111111111111111,True
674573,Bot,0.1,0.42857142857142855,0.0,True
675570,DDoS attacks-LOIC-HTTP,0.1,0.42857142857142855,0.0,False
675775,DDOS attack-HOIC,0.1,0.42857142857142855,0.0,True
675840,Infilteration,0.1,0.42857142857142855,0.0,True
675988,DoS attacks-Slowloris,0.1,0.6666666666666666,0.0,True
676095,Brute Force -Web,0.1,0.6666666666666666,1.0,True
676164,FTP-BruteForce,0.1,0.25,0.25,True
676553,DDoS attacks-LOIC-HTTP,0.1,0.1111111111111111,0.0,True
677383,DDOS attack-LOIC-UDP,0.1,0.42857142857142855,1.0,False
677402,Infilteration,0.1,0.25,0.0,True
677410,Benign,0.1,0.42857142857142855,0.1111111111111111,True
677440,DDOS attack-HOIC,0.1,0.6666666666666666,0.0,True
677546,FTP-BruteForce,0.1,0.42857142857142855,0.1111111111111111,True
677734,DoS attacks-Hulk,0.1,0.42857142857142855,0.25,True
678287,DoS attacks-Hulk,0.1,0.42857142857142855,0.0,True
678955,DoS attacks-Slowloris,0.1,0.42857142857142855,0.1111111111111111,True
679069,DDOS attack-HOIC,0.1,0.42857142857142855,0.0,True
679619,Benign,0.1,0.25,0.1111111111111111,False
680342,DDOS attack-HOIC,0.1,1.0,0.1111111111111111,True
681271,Infilteration,0.1,0.0,0.0,True
681491,DoS attacks-Slowloris,0.1,0.6666666666666666,0.42857142857142855,False
681628,SSH-Bruteforce,0.1,0.42857142857142855,0.1111111111111111,True
681904,SSH-Bruteforce,0.1,0.25,0.1111111111111111,True
683028,Benign,0.1,0.6666666666666666,0.0,False
683559,DoS attacks-Hulk,0.1,0.42857142857142855,0.0,True
685076,DDoS attacks-LOIC-HTTP,0.1,0.25,0.0,True
685101,DoS attacks-Hulk,0.1,0.42857142857142855,0.1111111111111111,True
685591,Brute Force -Web,0.1,0.42857142857142855,1.0,True
685888,DDoS attacks-LOIC-HTTP,0.1,0.25,0.0,True
686965,DoS attacks-Hulk,0.1,0.42857142857142855,0.0,True
687272,DoS attacks-Hulk,0.1,0.42857142857142855,0.1111111111111111,True
687709,DDOS attack-LOIC-UDP,0.1,0.42857142857142855,1.0,False
688091,DoS attacks-SlowHTTPTest,0.1,0.42857142857142855,0.1111111111111111,True
688116,DoS attacks-GoldenEye,0.1,0.25,0.0,True
688353,DoS attacks-GoldenEye,0.1,0.42857142857142855,0.0,True
688491,DoS attacks-Hulk,0.1,0.42857142857142855,0.0,True
690668,Bot,0.1,0.25,0.1111111111111111,True
690954,DoS attacks-GoldenEye,0.1,0.25,0.0,True
691115,Infilteration,0.1,0.6666666666666666,0.0,True
691430,Brute Force -Web,0.1,0.42857142857142855,0.0,True
691842,DDOS attack-LOIC-UDP,0.1,0.42857142857142855,1.0,True
692199,SSH-Bruteforce,0.1,0.42857142857142855,0.25,True
692563,DoS attacks-SlowHTTPTest,0.1,0.6666666666666666,0.1111111111111111,True
692621,DDOS attack-LOIC-UDP,0.1,0.25,1.0,True
692937,DoS attacks-Slowloris,0.1,0.42857142857142855,0.6666666666666666,False
692939,Infilteration,0.1,0.1111111111111111,0.0,True
693701,SSH-Bruteforce,0.1,0.42857142857142855,0.25,True
693916,DoS attacks-SlowHTTPTest,0.1,0.42857142857142855,0.1111111111111111,True
695058,Brute Force -XSS,0.1,0.25,0.0,True
695638,SSH-Bruteforce,0.1,0.6666666666666666,0.42857142857142855,True
695843,Brute Force -XSS,0.1,0.42857142857142855,0.0,True
696696,DDoS attacks-LOIC-HTTP,0.1,0.25,0.0,True
697064,DDOS attack-HOIC,0.1,0.6666666666666666,0.0,True
697275,SSH-Bruteforce,0.1,0.42857142857142855,0.0,True
697769,Brute Force -Web,0.1,0.42857142857142855,1.0,True
698426,DDoS attacks-LOIC-HTTP,0.1,0.25,0.0,True
698783,DoS attacks-GoldenEye,0.1,0.6666666666666666,0.0,True
