flow_id,pred_class,local_r2,intercept,local_pred,time_sec
172,DoS attacks-SlowHTTPTest,0.6371618324178796,-0.0079139189954953,0.3496599566046814,0.0195002555847167
731,SSH-Bruteforce,0.9754293882634102,-0.0420514717194669,0.9770346980182693,0.0241174697875976
787,DoS attacks-SlowHTTPTest,0.6548294330907686,-0.0075817354614425,0.4643182343322741,0.0207855701446533
1256,Infilteration,0.7577623571812007,0.0607154595992355,0.791409856437532,0.0193305015563964
1582,Brute Force -Web,0.4781193151325467,0.0039972465899473,0.4415627050749942,0.0224940776824951
3338,DoS attacks-Hulk,0.4866268513529247,-0.0132536424369719,0.4993613952907101,0.0231633186340332
3495,DoS attacks-Hulk,0.5291690509728957,-0.0010278509882984,0.537975820273898,0.0222227573394775
3770,DDoS attacks-LOIC-HTTP,0.9560881843744088,-0.0178012707596315,0.9651924115503296,0.0179476737976074
3784,DDoS attacks-LOIC-HTTP,0.6229033131055866,0.0026441155173084,0.6759255204554039,0.018000841140747
4054,Brute Force -Web,0.4245994794708393,-0.0098854512439284,0.3976448813037386,0.0174934864044189
4327,DoS attacks-Slowloris,4.5208281562736374e-13,0.9999437332150924,0.9999437332153316,0.0184504985809326
4463,DDOS attack-HOIC,0.8128742724863837,-0.039152518269069,0.8113144162383293,0.0176312923431396
4725,Brute Force -XSS,1.0,0.9797573685646056,0.9797573685646056,0.0180318355560302
5100,SSH-Bruteforce,0.9711501176819692,-0.0439596991244231,0.9732996447063696,0.0184307098388671
5906,DoS attacks-Hulk,0.5199913646409179,-0.0079000618721314,0.5296340888138373,0.018317699432373
6234,FTP-BruteForce,0.967761090047592,-0.0323010717197326,0.6089812501501659,0.0190851688385009
8793,DDoS attacks-LOIC-HTTP,0.9498098825752772,-0.0279420284979706,0.9619922457633782,0.0191502571105957
8844,DoS attacks-GoldenEye,0.531602352319585,-0.0058028791145764,0.5507172206523099,0.0191650390625
9514,DDOS attack-HOIC,0.4614292343766017,0.0001328807258825,0.4734866915717518,0.0190498828887939
10459,DDoS attacks-LOIC-HTTP,0.5958854942068375,-0.0008704733936552,0.6449921550200252,0.019547700881958
11309,Brute Force -Web,1.0,0.990151584148407,0.990151584148407,0.0208551883697509
11329,DDoS attacks-LOIC-HTTP,0.6128318469980534,0.0062411376891068,0.6677203112247465,0.0187282562255859
11840,DoS attacks-Slowloris,7.019052006285165e-12,0.999950408931752,0.999950408935542,0.0205645561218261
11950,DDOS attack-HOIC,0.4473439513530519,-0.001781762216452,0.4619797667076084,0.0201151371002197
12033,DDOS attack-HOIC,0.4259827270915159,-0.0063452109528797,0.4429205954407593,0.0206141471862792
12163,DoS attacks-GoldenEye,0.4484752607371491,-0.0053161058554111,0.4757038783163116,0.0192635059356689
12365,Brute Force -Web,0.6058857600153054,-0.0147612592631364,0.6040738054464215,0.0196294784545898
13242,Infilteration,0.3251745226601679,0.0994930209588784,0.3624516501879404,0.0179221630096435
13566,DoS attacks-Slowloris,0.0,1.0,1.0,0.0195796489715576
13946,DoS attacks-SlowHTTPTest,0.692151898163524,-0.020664958070608,0.5664964347267407,0.0181934833526611
14215,Bot,0.4720237161787062,-9.226925299640754e-05,0.4931160751205232,0.0185940265655517
15658,Brute Force -XSS,1.0,0.9819300770759584,0.9819300770759584,0.0181605815887451
15924,SSH-Bruteforce,0.9625825255805902,-0.052695335250874,0.9683294880857896,0.0178141593933105
16366,Bot,0.4012992417235633,0.0067514994804975,0.4345870626445594,0.0177605152130126
17100,DDOS attack-HOIC,0.494453734771061,0.0054286147688266,0.5051114561264809,0.0179228782653808
17227,DoS attacks-Slowloris,0.9878884934414944,-0.0378866213807896,0.9823074506533122,0.0179884433746337
17228,DDOS attack-HOIC,0.5045607529670965,-0.0007278377080106,0.5123392838963586,0.0180606842041015
17231,DDoS attacks-LOIC-HTTP,0.4431982898841158,0.0119875699181009,0.499917216006515,0.0175976753234863
17866,DDOS attack-LOIC-UDP,1.0,0.7495735883712769,0.7495735883712769,0.017730712890625
18255,SSH-Bruteforce,0.953059002693366,-0.043338434848745,0.9571018540531424,0.0179269313812255
18302,DoS attacks-SlowHTTPTest,0.6601866725415773,-0.017277087423397,0.5797826013223167,0.0181787014007568
19068,Brute Force -XSS,1.0,0.9819300770759584,0.9819300770759584,0.0183377265930175
20056,Brute Force -XSS,1.0,0.9819300770759584,0.9819300770759584,0.0179893970489501
20734,DDoS attacks-LOIC-HTTP,0.4036362361329872,0.0254923289760476,0.4537189414222051,0.0183460712432861
20903,DoS attacks-SlowHTTPTest,0.6449360583383719,-0.0186111660256317,0.4776120862604472,0.0172040462493896
20922,Brute Force -Web,0.617004273394314,-0.0069276967164144,0.6144321797215901,0.0171544551849365
22508,SSH-Bruteforce,0.9345455666456808,-0.0445259819692492,0.944353248500501,0.0179316997528076
22780,FTP-BruteForce,0.7405731233667665,-0.0134981988925829,0.5333357025082867,0.0191390514373779
24518,DoS attacks-Slowloris,0.6221770735585168,-0.0145236606033831,0.6337727469101286,0.0215091705322265
25577,DDoS attacks-LOIC-HTTP,0.483958955123834,0.0103795235236836,0.5315005285045439,0.0200092792510986
26103,DoS attacks-Hulk,0.5217662525366231,-0.014238729107075,0.5301585079038942,0.0198597908020019
26400,Infilteration,0.3562958117822834,0.1049359855252055,0.3869886377196833,0.0185720920562744
26662,Brute Force -Web,0.6144932576362718,-0.0242412995293882,0.6118903735973561,0.017773151397705
27402,SSH-Bruteforce,0.9423346918008672,-0.0376460836152456,0.9475053788952696,0.0178151130676269
27421,Brute Force -XSS,1.0,0.9777065515518188,0.9777065515518188,0.0179715156555175
27685,DoS attacks-SlowHTTPTest,0.6245475023371909,-0.0223685494507967,0.4744016479477002,0.0180740356445312
28493,DDoS attacks-LOIC-HTTP,0.6298410596067705,0.0133747097588284,0.6887090796572727,0.0181531906127929
28878,DoS attacks-Hulk,0.6969866381784628,-0.0206840083031981,0.6991273289715171,0.0204725265502929
29535,Brute Force -Web,1.0,0.990345537662506,0.990345537662506,0.0211782455444335
30186,DoS attacks-Slowloris,6.280975739514361e-12,0.9999080896344338,0.999908089637752,0.018155813217163
30316,DDoS attacks-LOIC-HTTP,0.6080056047006408,0.0006108712845357,0.6700199089010914,0.0177719593048095
30494,Benign,0.2108589262015942,0.8588357882710689,0.8990782027454837,0.0184760093688964
30548,Bot,0.3992578272171662,0.0110952102240051,0.4345877860324752,0.0185983180999755
30861,DDoS attacks-LOIC-HTTP,0.5893107342733829,-0.0053066128633374,0.6426200445963011,0.0181531906127929
31235,DoS attacks-Slowloris,0.5407972429956382,-0.0104905396592979,0.4130457753340754,0.0176985263824462
31263,FTP-BruteForce,0.9103943353635068,-0.0284018868576004,0.5320246852036167,0.0185499191284179
32293,FTP-BruteForce,0.0001493489279411,0.9210485155168384,0.9211248101449392,0.0196459293365478
33069,DoS attacks-GoldenEye,0.6509626140438572,-0.0225946054465321,0.6658083273886818,0.0187659263610839
33734,DoS attacks-SlowHTTPTest,0.6850782645106146,-0.009955797938765,0.5125754058224118,0.0205245018005371
34218,DoS attacks-Hulk,0.5048275568389063,-0.0054643683200708,0.5157774725544739,0.0184981822967529
34372,DoS attacks-Hulk,0.4916175344581445,-0.0202344719618457,0.5015321148318018,0.0179719924926757
35169,DoS attacks-SlowHTTPTest,0.6562369930200126,-0.0116287314486947,0.4928394862955746,0.0174307823181152
35834,DDoS attacks-LOIC-HTTP,0.6158072929067714,-0.0013228919723359,0.6589309748674563,0.0175397396087646
35910,SSH-Bruteforce,0.9637162356325364,-0.0462998711189462,0.9717240073490108,0.0176329612731933
36718,DDoS attacks-LOIC-HTTP,0.6502578600182785,-0.0010336915541588,0.6866136190649452,0.0184404850006103
36840,DoS attacks-Slowloris,5.07127673188279e-12,0.9999437332125576,0.9999437332153284,0.0225498676300048
37957,DoS attacks-SlowHTTPTest,0.695445591819891,-0.0090567603868938,0.4483586593177215,0.0186982154846191
38600,DoS attacks-Hulk,0.5269489167191229,-0.0018649310337809,0.5372585183260461,0.018874168395996
39107,FTP-BruteForce,0.7165144764132916,-0.0195898457279353,0.517011739130946,0.0180661678314209
39719,DDoS attacks-LOIC-HTTP,0.614758345541685,0.0111401393463562,0.6708737279524648,0.0196254253387451
40324,Brute Force -XSS,1.0,0.9819387197494508,0.9819387197494508,0.0178184509277343
40556,DoS attacks-SlowHTTPTest,0.6277034491531552,-0.0187615648656605,0.4734135999617472,0.0191645622253417
40715,DDOS attack-LOIC-UDP,1.0,0.9730594158172609,0.9730594158172609,0.0210754871368408
40737,DoS attacks-SlowHTTPTest,0.6315079430855657,-0.0246468966066313,0.5567695191840405,0.0218136310577392
42573,Brute Force -Web,0.4329513808141673,0.0050371961938653,0.441126143066021,0.0223360061645507
43708,Infilteration,0.2896375988121585,0.1008895088327258,0.3542152347362099,0.0201504230499267
43950,DoS attacks-GoldenEye,0.5221709544451865,-0.0057786398700078,0.5326561637267734,0.0210187435150146
43974,DoS attacks-GoldenEye,0.4879128500705266,-0.0095451736658558,0.5042913577717212,0.0190629959106445
44610,Benign,0.2802520905046486,0.8558499401057239,0.9813782805065424,0.0182013511657714
45214,FTP-BruteForce,0.9857907499697834,-0.0012224923920809,0.6736494171786165,0.0185890197753906
46168,SQL Injection,0.9858690579155944,-0.0459129294632305,0.8080679197871039,0.0180022716522216
46299,Bot,0.4096504322897999,0.0084750656924918,0.4414158457604399,0.0180864334106445
47530,Benign,0.3297814300116515,0.8482581859119201,0.9716059537035718,0.0180001258850097
47891,SSH-Bruteforce,0.9687030991561416,-0.0376091778964223,0.9736297519971248,0.0176753997802734
49274,DoS attacks-GoldenEye,0.8179719740258484,-0.0391783136675345,0.8163200878182563,0.019536018371582
49460,DDOS attack-LOIC-UDP,1.0,0.9231235980987548,0.9231235980987548,0.018179178237915
49728,Brute Force -Web,1.0,0.9903579354286194,0.9903579354286194,0.0189735889434814
51095,Infilteration,0.3353412068676847,0.0988451374265447,0.3486684019780781,0.0180606842041015
51763,DoS attacks-Hulk,0.4902229729664574,-0.0107203504048358,0.5011880581005771,0.0177581310272216
51801,DoS attacks-Hulk,0.5317292707402368,-0.0049170272737354,0.5399521896357552,0.0189936161041259
52018,FTP-BruteForce,0.6501520232354969,-0.014713288562534,0.6330753940400056,0.0194079875946044
52279,DoS attacks-GoldenEye,0.4990792115836086,-0.0042061348996261,0.5363774248973208,0.0183954238891601
53520,Benign,0.3455193291288725,0.8492201892955635,0.9950415652956992,0.0177316665649414
53684,DoS attacks-Slowloris,3.1771252295698105e-12,0.9999557733518774,0.9999557733535748,0.0172882080078125
54695,DoS attacks-SlowHTTPTest,0.808497688490368,-0.022559270014849,0.5332840360636354,0.0178627967834472
55668,DoS attacks-GoldenEye,0.6987557221986189,-0.0298361522202971,0.712474836381936,0.0171620845794677
55705,DoS attacks-GoldenEye,0.7765689626660468,-0.0275220809242743,0.7887332241148937,0.0173554420471191
56007,DDOS attack-HOIC,0.485472421214132,0.0059093550396361,0.4973128730906372,0.0178608894348144
56226,Bot,0.4867281319748661,-0.0020723541672673,0.5059766578690109,0.0195722579956054
57617,DoS attacks-SlowHTTPTest,0.639048109650006,-0.0149284252835765,0.4812337654297111,0.018822431564331
58379,DDOS attack-LOIC-UDP,1.0,0.9924570322036744,0.9924570322036744,0.0229632854461669
58667,DDOS attack-HOIC,0.4509806039585934,-0.0024456645688675,0.4665033939179632,0.0262625217437744
59083,DDoS attacks-LOIC-HTTP,0.6418088309751746,0.0044536950397686,0.6866728957007233,0.0251429080963134
59199,Bot,0.4395324366800437,0.0037963782294857,0.4587415049907051,0.0253505706787109
59482,DoS attacks-Hulk,0.9126605162911142,-0.049008172699355,0.9078225702101532,0.0256621837615966
60176,Benign,0.2259050807690549,0.849029136241578,0.9196258276191892,0.0261025428771972
60182,Bot,0.4682096137500643,0.0005953908143845,0.5031171135239288,0.0286865234375
60281,Infilteration,0.2845774262796913,0.1050927317197997,0.3302763097407467,0.0250446796417236
60571,FTP-BruteForce,0.6690583337230703,-0.0229076697562489,0.6272365046502388,0.0233104228973388
61813,Infilteration,0.292263163447685,0.0994227312866303,0.3438441588236501,0.0230522155761718
61835,DoS attacks-SlowHTTPTest,0.6373914892416899,-0.0200789167074523,0.4858667024538471,0.0225191116333007
61906,DDoS attacks-LOIC-HTTP,0.4661700692024929,0.0059658528522332,0.5116594430000325,0.0230176448822021
62489,DoS attacks-Slowloris,0.6324984811905671,-0.0065521408432388,0.6372424260860946,0.0231037139892578
62513,Benign,0.2888960410355469,0.8577760568804151,0.968553772938086,0.0235626697540283
63228,Brute Force -Web,0.4179549231266718,-0.0040987438581084,0.4152753754949416,0.023834228515625
63272,DoS attacks-SlowHTTPTest,0.6619033211342078,-0.0119728858655798,0.5811101280077742,0.0235052108764648
64517,Benign,0.0017259485429553,0.9660462952090088,0.9664185551544078,0.0213124752044677
65838,SSH-Bruteforce,0.9767363362875184,-0.0352996710177401,0.975784174289932,0.017460823059082
65934,Benign,0.2825373679752713,0.8491025951599346,0.964429598798564,0.0192816257476806
65936,FTP-BruteForce,0.6583114862560879,-0.0228807538330375,0.5598661107463994,0.0175514221191406
66016,DDOS attack-LOIC-UDP,1.0,0.9911113381385804,0.9911113381385804,0.0198049545288085
67293,Bot,0.4570146635223632,0.0052705517543924,0.4777060027516154,0.0197088718414306
68038,Benign,0.0339653382681452,0.9572890001778372,0.9652277454430492,0.0209465026855468
68427,Brute Force -Web,0.4134248758834664,-0.0035675022300956,0.2893312122038439,0.0218851566314697
68687,Bot,0.4141745204930707,0.0028973849605502,0.4419991792312576,0.018895149230957
68799,SQL Injection,0.9853654644045344,-0.029510543113589,0.9649090384236166,0.0178334712982177
68943,DDoS attacks-LOIC-HTTP,0.5920940311111602,0.002709511553536,0.6445813273088664,0.018625259399414
71814,DoS attacks-Hulk,0.5194677536138848,-0.0068859496722617,0.5292355117532225,0.0187408924102783
71892,DoS attacks-Slowloris,6.0563776216326914e-12,0.999954700466664,0.9999547004699668,0.0206453800201416
71950,FTP-BruteForce,0.6250968178854657,-0.0153917938512966,0.3695837478683341,0.0197391510009765
72271,DoS attacks-Slowloris,0.0,1.0,1.0,0.0212938785552978
73232,SSH-Bruteforce,0.9674712810778396,-0.0483305048321883,0.9712931840563273,0.0175116062164306
73472,DDoS attacks-LOIC-HTTP,0.8319156939395846,-0.0156238463343295,0.8677988665298945,0.0176019668579101
73683,Bot,0.5001128150434753,-0.0018405634628066,0.5216898362141125,0.0171074867248535
73788,DDOS attack-HOIC,0.4709997726430223,-0.0047785128466842,0.4825154830988393,0.0171658992767334
73809,DoS attacks-Slowloris,2.0631274466609284e-12,0.9999518394459188,0.9999518394470202,0.0210871696472167
74167,DDOS attack-LOIC-UDP,1.0,0.9926744103431702,0.9926744103431702,0.0225670337677001
75338,DoS attacks-SlowHTTPTest,0.6531346661877804,-0.0237097003074963,0.4917987722303333,0.0192217826843261
75549,DoS attacks-Hulk,0.4970713377979556,-0.0108002478421539,0.5085640256856272,0.0173797607421875
75572,FTP-BruteForce,0.6529254147822872,-0.0214842016308324,0.6051488714360846,0.0171823501586914
76102,DDOS attack-HOIC,0.4705759084995481,-0.0032734627215317,0.4833214623148195,0.016869306564331
76339,SSH-Bruteforce,0.9758680962340736,-0.0430771619221908,0.9823591054685714,0.0172882080078125
76413,DoS attacks-Slowloris,6.046940725923378e-12,0.9999547004666942,0.9999547004699666,0.0169472694396972
76824,DDoS attacks-LOIC-HTTP,0.5705616582666904,0.0009619393681473,0.609428094057311,0.0167086124420166
76830,DDOS attack-LOIC-UDP,1.0,0.7904378771781921,0.7904378771781921,0.0167098045349121
76953,DoS attacks-Hulk,0.5163787035675385,-0.0155725053108665,0.5246804942348525,0.0170862674713134
77078,FTP-BruteForce,0.0001073863059714,0.9210712647879308,0.921124868416852,0.0169360637664794
78286,SSH-Bruteforce,0.969440733456722,-0.0522674986646893,0.9755515768665306,0.0173871517181396
78437,DoS attacks-SlowHTTPTest,0.6775457340758699,-0.0169015539771856,0.5069556433838832,0.0189909934997558
78606,FTP-BruteForce,0.6718340276340387,-0.0172193162358563,0.6169864022984668,0.0198047161102294
78836,SSH-Bruteforce,0.976570201650325,-0.0507785953185712,0.9779537000516332,0.0190353393554687
79267,DDoS attacks-LOIC-HTTP,0.5921139545563385,0.0015397446994617,0.650571606036727,0.0182273387908935
79772,FTP-BruteForce,0.0001322817751339,0.9210582690349636,0.921124836392172,0.0193309783935546
79875,DoS attacks-Hulk,0.5135440281092015,-0.0063775979122622,0.5246148380849768,0.0233473777770996
80453,DoS attacks-Slowloris,0.0,1.0,1.0,0.0262188911437988
80517,DoS attacks-GoldenEye,0.51580371820793,-0.005067693604653,0.526995676403213,0.0242543220520019
80796,FTP-BruteForce,0.9624965049407816,-0.0348424061255835,0.6066694288948797,0.0261869430541992
80989,SSH-Bruteforce,0.9658641806606632,-0.0438411394067808,0.9741626258780304,0.0235676765441894
82741,DDOS attack-HOIC,0.8033571161109718,-0.0339743392183354,0.8016588880043878,0.0210790634155273
83758,DDoS attacks-LOIC-HTTP,0.3766408620761255,0.0121032904803555,0.4402215803115643,0.017547607421875
84004,DoS attacks-GoldenEye,0.9854727592759198,-0.0101673254906601,0.9906186568641936,0.0172553062438964
84451,DDOS attack-HOIC,0.7725666277681217,-0.04262302879366,0.7744367584292957,0.0170176029205322
84596,Infilteration,0.3595057674643056,0.1025482167461858,0.4077308769793658,0.0167784690856933
85099,Infilteration,0.3636502926057875,0.1003358707914488,0.381088915211868,0.0167770385742187
85863,DoS attacks-Slowloris,1.0103029524088925e-14,0.9999982118606512,0.9999982118606568,0.0183718204498291
85907,DDOS attack-HOIC,0.4471841662266762,-0.0090430372888889,0.4614060269182556,0.019773244857788
86164,Brute Force -Web,0.4314098082323699,-0.0034910200639324,0.4254097774584944,0.0181756019592285
86714,DoS attacks-Hulk,0.5057886319371196,-0.0117776796851057,0.515907904412784,0.0178737640380859
87301,DDoS attacks-LOIC-HTTP,0.4359114079346889,0.011752477573159,0.4911790684183575,0.017740249633789
87407,FTP-BruteForce,0.7392439328198036,-0.03004371370513,0.7064718444356825,0.0176248550415039
88694,DoS attacks-SlowHTTPTest,0.7131153805336576,-0.024785310541002,0.5800228501280181,0.0169367790222167
88816,Brute Force -Web,1.0,0.989620566368103,0.989620566368103,0.016690969467163
89606,Benign,0.3543709914946319,0.8680323304438058,0.9963019537263204,0.0174598693847656
89689,DoS attacks-Slowloris,8.667511153248597e-13,0.9999580383296148,0.9999580383300776,0.0169358253479003
89871,DoS attacks-GoldenEye,0.9587520834146984,-0.0505850451148248,0.9618644943411492,0.0204272270202636
90062,DDOS attack-LOIC-UDP,1.0,0.9904419779777528,0.9904419779777528,0.0172431468963623
90422,FTP-BruteForce,0.9865208983599938,-0.0124068815422371,0.6733981109941722,0.0166866779327392
90591,Infilteration,0.2845384409679347,0.1017653369010448,0.3484537887337018,0.0168333053588867
90799,DDOS attack-HOIC,0.4899890646379115,1.570281668630824e-05,0.5025656726826067,0.0172932147979736
90855,Benign,0.248146510627451,0.8490945457026862,0.9146009089217044,0.0169415473937988
90935,SSH-Bruteforce,0.9676983962474954,-0.0423108314833141,0.9688459074466704,0.016876220703125
91287,DDOS attack-HOIC,0.480175121085412,-0.0028010021337953,0.4913625219575998,0.0171623229980468
91415,Bot,0.4493865566469464,-0.0022556967699286,0.4754713791426392,0.016686201095581
91509,DDOS attack-HOIC,0.8003546000358993,-0.0328072613355445,0.7996267672231163,0.0168573856353759
92264,Brute Force -Web,0.4202818458620849,-0.0010048872871647,0.4129582204799856,0.017181396484375
92992,DoS attacks-SlowHTTPTest,0.8380390208108334,-0.0238708588108418,0.502786924168779,0.0180482864379882
92995,DoS attacks-SlowHTTPTest,0.8421966746945784,-0.0300389689856541,0.504705114081626,0.0173988342285156
93768,SSH-Bruteforce,0.9752883572441272,-0.0475530193864517,0.979303841452044,0.0172967910766601
93921,DDOS attack-LOIC-UDP,1.0,0.9982268214225768,0.9982268214225768,0.0171926021575927
95197,DDOS attack-LOIC-UDP,1.0,0.9072080254554749,0.9072080254554749,0.0173192024230957
95302,DDoS attacks-LOIC-HTTP,0.606726658284032,-3.1750484602577345e-05,0.6571222815125263,0.0182037353515625
95359,DoS attacks-SlowHTTPTest,0.6639887189459394,-0.0165987383013992,0.4980864250846518,0.0198090076446533
97056,FTP-BruteForce,0.9853897415490508,-0.0083550718795754,0.6735663497751285,0.0191564559936523
97201,DDOS attack-HOIC,0.478911638125331,-0.0069394551941736,0.4903030943270508,0.0173828601837158
97722,Benign,0.3396895163883447,0.8591611502764309,0.9822274209688132,0.0227208137512207
97857,DoS attacks-Slowloris,0.5957377595604622,-0.0183611096178502,0.6039334720645845,0.0217978954315185
99470,DoS attacks-Slowloris,0.6241399242714156,-0.0134765478899393,0.6303172392507899,0.0192770957946777
99536,DoS attacks-SlowHTTPTest,0.7989971656496015,-0.025787059819635,0.5278255144176993,0.0204181671142578
99758,Bot,0.4038724832010022,0.008859649340053,0.4351223214153737,0.0176525115966796
99906,DDOS attack-HOIC,0.4805234407673882,-0.001194219260347,0.4925830629284387,0.0173401832580566
100125,DDoS attacks-LOIC-HTTP,0.9379830618560347,-0.0329950975316231,0.9648674962616632,0.0174348354339599
100178,FTP-BruteForce,0.6669173207603927,-0.0344456157459139,0.644725209765303,0.0170795917510986
100769,Brute Force -Web,0.4379064801560142,0.002005590097369,0.4276272176084965,0.0171778202056884
101190,DoS attacks-GoldenEye,0.4861090862683421,-0.0032921740577646,0.5061046482838896,0.0170869827270507
101923,DoS attacks-GoldenEye,3.403786370537176e-07,0.99988000760023,0.9998801943254232,0.0172710418701171
102683,Bot,0.44012448747612,0.0022666600795915,0.468447780070546,0.0173597335815429
102716,DoS attacks-Slowloris,0.0,1.0,1.0,0.0168631076812744
103226,DDOS attack-HOIC,0.4845113774782951,0.0005402661723997,0.4967340160073231,0.0170433521270751
103531,SSH-Bruteforce,0.9715988886652916,-0.0488160685884677,0.9735253275715878,0.017221450805664
103742,Brute Force -Web,1.0,0.9902329444885254,0.9902329444885254,0.0168652534484863
104432,Infilteration,0.3382670403809308,0.0969825741192472,0.374635002982906,0.0167052745819091
104560,DoS attacks-Slowloris,0.6253161684493308,-0.0186508106201638,0.6330544359224337,0.0180866718292236
104902,Infilteration,0.4681020737224947,0.0861461487416402,0.4177906866499964,0.0169692039489746
105028,SSH-Bruteforce,0.9161409075061056,-0.0284549174175548,0.9367756248562364,0.0169117450714111
107048,DDOS attack-LOIC-UDP,1.0,0.9072080254554749,0.9072080254554749,0.0167715549468994
107435,Bot,0.3955348632559819,0.0059710829251425,0.4305977894954049,0.0168983936309814
107842,Benign,0.3868229473301762,0.8480591481619659,0.9959916337571986,0.0172505378723144
108152,DoS attacks-GoldenEye,0.4556200578305984,-0.0026983799418553,0.4730840568252811,0.0174551010131835
108384,DoS attacks-Hulk,0.5296338014255664,-0.0053059175672364,0.5378913166793106,0.0188031196594238
108720,Brute Force -XSS,0.4401918614000913,-0.0031798950181718,0.4250451542305291,0.0172538757324218
108966,DDoS attacks-LOIC-HTTP,0.4019152796439401,0.0116228486730659,0.4551507112986971,0.019087791442871
109587,DDoS attacks-LOIC-HTTP,0.6267739693968459,0.0003011738736762,0.6747608074798855,0.017796516418457
111646,SSH-Bruteforce,0.9675670654616524,-0.0337316919364333,0.9754411230345124,0.0178391933441162
112373,Benign,0.4029238623484609,0.839721887466817,0.9971263585945148,0.0169126987457275
112569,DoS attacks-Slowloris,4.096056827052053e-12,0.9999437332131134,0.9999437332153294,0.0180239677429199
113993,Bot,0.4215015885215462,0.0029381706147481,0.4394325629327992,0.0181398391723632
114902,DoS attacks-GoldenEye,1.8909318555415666e-12,0.999804317950184,0.9998043179512012,0.0170607566833496
115506,Benign,0.3480463576697683,0.8530171154401743,0.9971879036308948,0.0170135498046875
115924,DDOS attack-HOIC,0.474111352231371,0.0007459853344682,0.4864613350849822,0.0177288055419921
116628,DoS attacks-GoldenEye,0.6605769646738202,-0.0267484099114489,0.6732021089732101,0.0171482563018798
117969,SSH-Bruteforce,0.9712117039044978,-0.0445568855513995,0.9748959682110868,0.017125129699707
118320,DDOS attack-LOIC-UDP,1.0,0.8889704942703247,0.8889704942703247,0.0171341896057128
118636,FTP-BruteForce,0.6798354328949026,-0.0111688567797394,0.636185072717904,0.0171749591827392
118743,DoS attacks-SlowHTTPTest,0.6602725503760317,-0.0191267305515094,0.4957351582776276,0.0172252655029296
119061,SSH-Bruteforce,0.9688291531324156,-0.0470404889896164,0.9722366438827574,0.0168948173522949
119106,DoS attacks-GoldenEye,0.9496772994280348,-0.0561553661385572,0.9512658733085098,0.0171747207641601
119747,Bot,0.4824825052449664,-0.0059105708802737,0.4974266359320687,0.0170106887817382
119755,DoS attacks-Slowloris,2.365996287778671e-12,0.9999443292604994,0.9999443292617785,0.0170760154724121
120795,Infilteration,0.3380215555736273,0.0935758548363386,0.3881831731287565,0.0188429355621337
120899,DoS attacks-Slowloris,4.774847184307873e-12,0.999963998791993,0.9999639987945526,0.017496109008789
121133,FTP-BruteForce,0.6248710475298455,-0.0145159120175496,0.4461887029724047,0.017458438873291
121969,DDOS attack-HOIC,0.4866451688868596,-0.0002618296040463,0.4972713020778396,0.0171480178833007
122839,Infilteration,0.3214301447819627,0.0970936666064451,0.3714857819465378,0.0174832344055175
122949,Bot,0.5068295012456496,0.0011455042811822,0.5264805835128483,0.0172634124755859
123798,DDOS attack-LOIC-UDP,1.0,0.917908012866974,0.917908012866974,0.0173220634460449
123816,Bot,0.4573574733292499,0.0033423278117057,0.4779612952018781,0.0190479755401611
126309,Bot,0.4576241764299529,0.0059788778049266,0.4952643918439717,0.0171759128570556
126974,DDOS attack-HOIC,0.4555478565407249,-0.0024241237876222,0.4687387325377254,0.0170233249664306
127729,Benign,0.1794903023969366,0.853029369881661,0.8609991686857894,0.01963472366333
129405,SSH-Bruteforce,0.9720152957941974,-0.0301111463128723,0.9762265262463912,0.0200006961822509
129571,DDOS attack-LOIC-UDP,1.0,0.8476394414901733,0.8476394414901733,0.019690990447998
131380,DDOS attack-LOIC-UDP,1.0,0.7901867032051086,0.7901867032051086,0.0203392505645751
131385,FTP-BruteForce,0.6626771337627424,-0.0133183209305796,0.3879194822782826,0.0203537940979003
131703,Brute Force -XSS,0.4505618090513706,-0.0024193605102165,0.4282939556818936,0.0183804035186767
132105,DoS attacks-SlowHTTPTest,0.6591014157981916,-0.0183769134792472,0.4868214759596906,0.0172266960144042
132210,Bot,0.4944153816684897,0.00994081902333,0.5167136102162366,0.0170576572418212
132426,Infilteration,0.3271745612530289,0.1009732401519432,0.3500172553355268,0.0183401107788085
132588,Benign,0.0001081437591227,0.9495967696038436,0.9496210193441984,0.018090009689331
133267,FTP-BruteForce,0.962800650997755,-0.0412242670660749,0.6068361086501746,0.0197310447692871
133827,FTP-BruteForce,0.659202458832868,-0.0258823026549416,0.6483237478947975,0.0200014114379882
134961,DDoS attacks-LOIC-HTTP,0.399322133890549,0.0209721221517923,0.4485446678184915,0.0185074806213378
136157,Benign,0.390081594905311,0.8455436367725258,0.9973928348424774,0.0207126140594482
136921,DDOS attack-LOIC-UDP,1.0,0.9777494072914124,0.9777494072914124,0.0229244232177734
137142,DoS attacks-GoldenEye,0.6751040811290179,-0.01971353403735,0.6865741992310602,0.0179729461669921
138072,DDoS attacks-LOIC-HTTP,0.6156359241680831,-0.0115135417982668,0.6655590623279191,0.0197923183441162
138212,FTP-BruteForce,0.6551901643253134,-0.0185874573191968,0.6369187669191384,0.0188295841217041
138222,DDOS attack-LOIC-UDP,1.0,0.9807604551315308,0.9807604551315308,0.0183300971984863
139936,DDOS attack-HOIC,0.4878221127068576,-0.0019353738587798,0.4977595438813359,0.0194861888885498
139948,DoS attacks-SlowHTTPTest,0.6574922780482131,-0.0141451531553392,0.4933626548147145,0.0185267925262451
140635,DDoS attacks-LOIC-HTTP,0.6087875713001593,-0.0067667160102412,0.6598976314892522,0.0174434185028076
141029,Benign,0.2272333344654382,0.859270285349006,0.9120768677399084,0.0173408985137939
141904,Bot,0.4951222849147439,0.0046649635344146,0.5200209438474894,0.0170483589172363
143100,SSH-Bruteforce,0.9751806072806104,-0.037874171689646,0.9773867603067892,0.0178136825561523
143155,DoS attacks-GoldenEye,0.7105694792872564,-0.0202236515943768,0.715060439428945,0.017524242401123
144595,DDOS attack-LOIC-UDP,1.0,0.9872708916664124,0.9872708916664124,0.0171868801116943
145596,FTP-BruteForce,0.9838101909478764,-0.0174389240011478,0.6729971286469056,0.0168790817260742
145690,DoS attacks-Slowloris,0.9717305449592816,-0.0567693699869322,0.965780272628418,0.018010139465332
147870,Brute Force -Web,1.0,0.990214467048645,0.990214467048645,0.01707124710083
148625,SSH-Bruteforce,0.9656081108388124,-0.0432402766595685,0.9734543223797564,0.0169882774353027
148650,DoS attacks-Slowloris,0.6041363338569535,-0.0219207403581823,0.6117022489862751,0.0169787406921386
149080,Brute Force -Web,0.4317097521457166,0.001283137237781,0.434002412439594,0.0170741081237792
149794,Brute Force -Web,1.0,0.990326464176178,0.990326464176178,0.0169618129730224
151941,SSH-Bruteforce,0.9682881931843365,-0.0418105954379322,0.97052004215163,0.01701021194458
152234,FTP-BruteForce,0.9060765830083916,-0.0309059468156191,0.5299600978343899,0.017822265625
155760,DoS attacks-Hulk,0.704820665519617,-0.0232849576118977,0.7036077265666624,0.0223004817962646
155941,SQL Injection,0.988486758421297,-0.0148380000667572,0.9713514293367084,0.0274000167846679
156019,DoS attacks-SlowHTTPTest,0.6203712899496729,-0.0254636013700609,0.5472465785290125,0.0199308395385742
156210,DDOS attack-LOIC-UDP,1.0,0.7148834466934204,0.7148834466934204,0.0198369026184082
157284,Brute Force -XSS,1.0,0.9806793928146362,0.9806793928146362,0.018489122390747
158232,SSH-Bruteforce,0.9451816341271913,-0.0411698262751858,0.9637029017776596,0.0186665058135986
158617,FTP-BruteForce,0.6982984529039354,-0.0148904364986216,0.4728441599821536,0.0177798271179199
158743,Benign,0.2328388964827501,0.859114114785945,0.970459675192106,0.0179328918457031
158951,Benign,0.3288519359887616,0.8619479807464869,0.9964029778298606,0.0180649757385253
161019,DDOS attack-HOIC,0.4810458497026012,-0.0025143284676055,0.4914573227714497,0.0182666778564453
161881,DoS attacks-SlowHTTPTest,0.8567062516516939,-0.0257392541872958,0.5119951302491368,0.022491455078125
162056,DoS attacks-Slowloris,4.050636048025247e-06,0.9978472919836808,0.9978494601027448,0.0248463153839111
163400,DDOS attack-HOIC,0.4518837616021011,-0.0043567921271735,0.4659996906311717,0.0217204093933105
163756,DoS attacks-SlowHTTPTest,0.7240626669452703,-0.0196760958045902,0.5874845003379061,0.0184488296508789
163861,DoS attacks-GoldenEye,0.6982979245015961,-0.0216957484532411,0.7094836507177238,0.0181093215942382
164018,DoS attacks-Hulk,0.5091621880968071,-0.0077212872562287,0.5203348609703436,0.0177881717681884
164709,DoS attacks-Hulk,0.5314207518609906,-0.0024016615707283,0.5406337916949027,0.0185580253601074
165405,DDOS attack-LOIC-UDP,1.0,0.9924640655517578,0.9924640655517578,0.0175728797912597
165500,DoS attacks-SlowHTTPTest,0.712162399026264,-0.0157848197314373,0.5800386699383352,0.0176606178283691
165540,SSH-Bruteforce,0.9612309050361482,-0.0368730924223004,0.9732226651444906,0.0192830562591552
166311,SQL Injection,0.5874377664864073,-0.0070978187732925,0.4849442396039157,0.0221118927001953
166844,DDoS attacks-LOIC-HTTP,0.3986662235775005,0.0186674890051044,0.445563233331101,0.0234105587005615
167443,FTP-BruteForce,0.6630520901977432,-0.0217959101413326,0.6207867555738068,0.0197014808654785
167488,Benign,0.2333302753918711,0.8424548211076972,0.9308982107459344,0.0213401317596435
167637,DoS attacks-Hulk,0.5252590747616588,-0.006457681758938,0.5351487245344643,0.0206141471862792
168257,DDoS attacks-LOIC-HTTP,0.393285893212972,0.0197277581545061,0.4417868932083237,0.0185768604278564
168789,DoS attacks-GoldenEye,0.4801622195210445,-0.0091610313276561,0.5037426593364774,0.0176072120666503
169468,FTP-BruteForce,0.6860731479081073,-0.0202694031550181,0.6626760710896658,0.016848087310791
169550,DoS attacks-SlowHTTPTest,0.8630420873821328,-0.0250363158537161,0.5151093977202912,0.01713228225708
169732,SSH-Bruteforce,0.9721899881444436,-0.0450334723585116,0.9779231823913976,0.0176897048950195
169831,DoS attacks-Hulk,0.5158592100415933,-0.0059566021665257,0.5263336480479308,0.0171494483947753
170336,DoS attacks-Slowloris,2.5525137559156974e-12,0.9999639987931922,0.999963998794554,0.0170552730560302
170901,DoS attacks-SlowHTTPTest,0.6530682101896879,-0.0143092620159382,0.4833868417342938,0.0167939662933349
171147,DDoS attacks-LOIC-HTTP,0.6219740214924905,0.0022134431590532,0.6760715641812942,0.016982078552246
171584,DDOS attack-LOIC-UDP,1.0,0.95717191696167,0.95717191696167,0.0166132450103759
171621,DDOS attack-LOIC-UDP,1.0,0.9911065697669984,0.9911065697669984,0.0165348052978515
171743,DDoS attacks-LOIC-HTTP,0.5951839132319378,0.0070319179930888,0.6413826570256246,0.0174372196197509
172308,DoS attacks-Slowloris,0.6493951317985955,-0.0219243648690524,0.650699255496706,0.0166938304901123
173817,FTP-BruteForce,0.656764459106225,-0.0248967269622836,0.6159255478374324,0.0168209075927734
174953,DoS attacks-SlowHTTPTest,0.6327090134033615,-0.017017444303158,0.449469303776358,0.0168428421020507
175955,DDOS attack-HOIC,0.445704280910971,-0.0057463010645551,0.4599805433059084,0.0168642997741699
176759,DoS attacks-Slowloris,1.234568003383174e-13,0.9999994039534854,0.9999994039535522,0.0171782970428466
178197,DDOS attack-LOIC-UDP,1.0,0.8400616645812988,0.8400616645812988,0.0170903205871582
179253,FTP-BruteForce,0.6650609201040805,-0.0186369205102552,0.6161189089517904,0.0179855823516845
180812,DDOS attack-LOIC-UDP,1.0,0.9133512377738952,0.9133512377738952,0.0172054767608642
181269,Infilteration,0.3170961318363973,0.1010241834232865,0.3495421717776973,0.0173008441925048
181436,DoS attacks-SlowHTTPTest,0.8412545591702423,-0.0264093389199185,0.503517124237721,0.0175063610076904
181968,FTP-BruteForce,0.6817939709995514,-0.0239133417751984,0.5764325318404735,0.0177805423736572
182006,DoS attacks-SlowHTTPTest,0.6620380720538943,-0.014516083009992,0.4971287150778111,0.0171709060668945
182417,Brute Force -Web,0.4419699332030814,0.0016201071021228,0.4489010750701759,0.0192756652832031
183491,Bot,0.5583806529291389,-0.0048265796666074,0.5771989998716758,0.0174107551574707
183651,FTP-BruteForce,0.9123139360043296,-0.0264406848152896,0.5328887565161946,0.0173890590667724
183932,Brute Force -XSS,1.0,0.977691411972046,0.977691411972046,0.0176987648010253
185358,Bot,0.4083008064678282,0.0044415811606387,0.4326142091927776,0.0183789730072021
185409,DoS attacks-GoldenEye,0.5032728858125262,-0.009433752270488,0.5297332579769238,0.0189206600189209
185839,SSH-Bruteforce,0.9772020966048526,-0.0420954222551919,0.9791568302134088,0.0177156925201416
186477,DoS attacks-Hulk,0.559295791569655,-0.0057220117464987,0.5639753206738377,0.0185959339141845
186594,DoS attacks-Slowloris,1.7610357616604233e-12,0.999746859072687,0.9997468590736378,0.0173981189727783
186910,Infilteration,0.9091302594867932,0.1951382785253571,0.7515725392542106,0.0196316242218017
187551,DDOS attack-LOIC-UDP,1.0,0.9935989379882812,0.9935989379882812,0.018071174621582
187553,Bot,0.4929764937799729,0.0015186262156745,0.5128743696556968,0.018155813217163
187700,Infilteration,0.2409640734716577,0.1018352728896342,0.2912470584303999,0.0176243782043457
188726,Bot,0.3708222041909562,0.0035013341748235,0.4131001883619645,0.0173761844635009
189660,DDoS attacks-LOIC-HTTP,0.6099650242723165,0.0066455372636336,0.667951379102761,0.0177481174468994
189761,Infilteration,0.3699667974405615,0.101387025485966,0.3715328437115857,0.0174739360809326
190683,FTP-BruteForce,0.6579876611993627,-0.020589113246833,0.6045725851567749,0.0173685550689697
191525,Infilteration,0.3283699744288015,0.0939691687237689,0.3554824252970326,0.0172147750854492
191740,Bot,0.4602692960665588,0.0024595920567559,0.4814131037317221,0.0173697471618652
193450,Benign,0.2194029803735864,0.8533741952399997,0.8703915553160548,0.0177266597747802
194251,FTP-BruteForce,0.9140227860713632,-0.0280152105663157,0.5337027905578098,0.0176420211791992
194338,Bot,0.4746595829147518,-0.0005449677421195,0.4947534755053426,0.0179781913757324
195169,DoS attacks-GoldenEye,0.6697349192088908,-0.0320759641460839,0.678335899426619,0.0175201892852783
195619,SSH-Bruteforce,0.9706526522181688,-0.0581415762583049,0.9716833531349603,0.0176599025726318
195646,Infilteration,0.752282815848321,0.0749080846616375,0.8325734125294255,0.017284870147705
195657,DDOS attack-HOIC,0.4756955019543859,-0.006704980491712,0.4869393307106328,0.0172405242919921
196247,SSH-Bruteforce,0.972717531645752,-0.0429813913578652,0.975741370275586,0.0184216499328613
196504,DDOS attack-HOIC,0.478703049734874,-0.0072819667669357,0.4891164255553323,0.0174870491027832
197064,DDOS attack-LOIC-UDP,1.0,0.988291561603546,0.988291561603546,0.0174858570098876
197092,DoS attacks-Slowloris,3.832267836401115e-12,0.99995803832802,0.9999580383300756,0.0177748203277587
198082,DoS attacks-SlowHTTPTest,0.671755258827128,-0.018086507527812,0.5886906579632465,0.016836404800415
198263,DoS attacks-SlowHTTPTest,0.6785204069864346,-0.0083601383053298,0.5078843745436455,0.0176813602447509
198286,SSH-Bruteforce,0.9667704144597352,-0.0390435844761424,0.9711763200559598,0.0203571319580078
198290,DDOS attack-LOIC-UDP,1.0,0.9899681806564332,0.9899681806564332,0.0237894058227539
198404,SSH-Bruteforce,0.9644695920836426,-0.043460380381122,0.971568894793508,0.0220017433166503
198423,DDoS attacks-LOIC-HTTP,0.6031608030786747,-0.0056876313010598,0.6449766810754702,0.0178470611572265
199021,DoS attacks-Hulk,0.5281636712553651,-0.0069129641432059,0.5367163023337781,0.017216682434082
199216,DoS attacks-SlowHTTPTest,0.6396772840407471,-0.01363671941023,0.4816260925087616,0.0190048217773437
200342,Bot,0.487497775890689,0.0024093834329757,0.5051131884704296,0.0190751552581787
200563,DDOS attack-HOIC,0.4513361280395191,-0.001018130589889,0.4657132941712408,0.0185694694519042
201487,DDoS attacks-LOIC-HTTP,0.6143259922984372,-0.0004098849500829,0.6530965826793617,0.0198009014129638
201676,DDOS attack-HOIC,0.4702742196740734,-0.0022987802597987,0.4825873116344639,0.0179009437561035
201682,DoS attacks-Hulk,0.5294187630500008,-0.0137410960945288,0.5374410116983248,0.0178198814392089
201691,Benign,0.2126339090020712,0.8495747287493658,0.9433492575474968,0.0171704292297363
201841,Brute Force -Web,0.4309221921854614,0.0039796311367829,0.3949895142356638,0.017261266708374
202269,Infilteration,0.731509253776777,0.0692936556585745,0.8202123092336626,0.0189263820648193
202275,DDoS attacks-LOIC-HTTP,0.9069040546335706,-0.0329366448149234,0.9324137521527364,0.0172898769378662
202603,SSH-Bruteforce,0.9047280645768068,-0.0384986172832968,0.9181809282636504,0.0176050662994384
203170,DDOS attack-HOIC,0.4616341826994315,-0.0085932674295286,0.4726132495547327,0.0174641609191894
203858,Infilteration,0.3230000878804144,0.1132635487951764,0.3666584786522446,0.0168564319610595
203979,SSH-Bruteforce,0.9659526918556188,-0.043991111426182,0.9726127624315952,0.016986608505249
204165,Brute Force -XSS,0.4337971004937777,-0.0011410588024831,0.4194898848389145,0.0167770385742187
204303,DoS attacks-SlowHTTPTest,0.6420636350152327,-0.0159292804072603,0.4834674856379072,0.0171616077423095
204508,DDOS attack-LOIC-UDP,1.0,0.939044952392578,0.939044952392578,0.0170817375183105
205256,FTP-BruteForce,0.9860201247493812,-0.0124361267819911,0.6733673642536389,0.0168185234069824
207419,Bot,0.4501862592735965,-0.0035487334320456,0.4801135950377889,0.0169417858123779
207651,DDOS attack-HOIC,0.4600668317758439,-0.002729558209714,0.4736398090258559,0.0209321975708007
208160,FTP-BruteForce,0.9640518598434958,-0.0376016717226285,0.6075351388813256,0.0253808498382568
208194,Infilteration,0.4759790067868631,0.0833412416185356,0.4913927854646303,0.0273571014404296
208244,DoS attacks-Hulk,0.5199708862613149,-0.0109375385566407,0.5282685196999527,0.0231790542602539
209641,DoS attacks-SlowHTTPTest,0.7139735936963008,-0.0155031460513984,0.5810017407654029,0.0215389728546142
209645,DoS attacks-SlowHTTPTest,0.8544083233154673,-0.0256577480976357,0.5106500545120154,0.0228898525238037
210341,FTP-BruteForce,0.9876676416663202,-0.0095719847431833,0.6735790015084757,0.0229334831237792
210828,DDOS attack-HOIC,0.4909062754862666,-0.0026471130903337,0.5014075965389588,0.0230183601379394
211085,DDoS attacks-LOIC-HTTP,0.6025248580971094,0.0036880747262592,0.6425847156250014,0.0224409103393554
211126,Bot,0.472749466186387,0.0052855475897487,0.4900301330651179,0.0223557949066162
211143,DoS attacks-SlowHTTPTest,0.6671180124202776,-0.0098933253185766,0.584713235377171,0.0229449272155761
211580,DoS attacks-SlowHTTPTest,0.6457516073172922,-0.0251664611778221,0.5672699897364647,0.0248746871948242
211898,Brute Force -Web,0.7017249995347943,-0.0246986974364845,0.6798426720099566,0.0234911441802978
212280,Infilteration,0.3270156810413213,0.0922334522461243,0.341878072814996,0.0241587162017822
213106,FTP-BruteForce,0.6307291527168346,-0.0180226132390193,0.4491978660719317,0.0231282711029052
214305,DoS attacks-SlowHTTPTest,0.85135235406641,-0.0226730732124352,0.5093014292985371,0.0206460952758789
214884,Bot,0.4009276283194888,0.0146814553010748,0.4365350972313348,0.0179083347320556
214964,Brute Force -XSS,0.4552500410194027,0.002243047343968,0.4647806510229897,0.01715087890625
216718,Bot,0.4595297606345035,-0.0055344430332559,0.480374702991122,0.0185034275054931
217333,DDOS attack-HOIC,0.4664637225793824,-0.0049281548223752,0.4784535907982546,0.0180044174194335
218526,Benign,0.2383053998261514,0.8555328769836508,0.9210840057110976,0.0177276134490966
218688,DoS attacks-GoldenEye,0.8050307184706781,-0.0322114803816373,0.8062349012310616,0.0167486667633056
219324,DoS attacks-GoldenEye,0.9798687942486252,-0.0293946559919164,0.9868952900194136,0.016996145248413
219522,SSH-Bruteforce,0.9659604305588227,-0.0312232219237524,0.9744973070588248,0.0189919471740722
219640,DoS attacks-GoldenEye,0.44609150150181,0.0061610858463503,0.4644869117141358,0.0243589878082275
219904,DDOS attack-HOIC,0.4763519353418496,-0.009603459518432,0.4872426760837671,0.0226550102233886
220024,FTP-BruteForce,0.6434895695117546,-0.0217846706262711,0.6053029608667685,0.0226876735687255
220146,Brute Force -XSS,1.0,0.9821537733078004,0.9821537733078004,0.0225715637207031
220347,DDOS attack-LOIC-UDP,1.0,0.8476394414901733,0.8476394414901733,0.0223217010498046
220435,DDoS attacks-LOIC-HTTP,0.381488117559802,0.011954625079095,0.4276756664100073,0.0210089683532714
220454,DoS attacks-Slowloris,0.0166579552522209,0.9902417022960712,0.9993672361384424,0.0186572074890136
220526,SSH-Bruteforce,0.968628267340138,-0.0377699453041008,0.9745515308393082,0.0217730998992919
222932,SSH-Bruteforce,0.9694484315927876,-0.0456656450926329,0.9728180042230548,0.0249519348144531
223359,DDOS attack-LOIC-UDP,1.0,0.9904419779777528,0.9904419779777528,0.0231866836547851
224113,Infilteration,0.7457496564179168,0.0788976620118357,0.8338523593969335,0.0200145244598388
224475,DDOS attack-HOIC,0.4857492720788804,-0.0057101824113212,0.4958833924776216,0.0207877159118652
225548,Brute Force -XSS,0.4465532241391434,-0.0039089173955712,0.4563466655393263,0.0178437232971191
226389,Infilteration,0.278233688504324,0.0891485481949362,0.3252702768517592,0.0167682170867919
226506,DoS attacks-Hulk,0.5172545331210183,-0.0072457365367306,0.5274429745425961,0.0169868469238281
227301,DoS attacks-Slowloris,1.3823386879607824e-12,0.9999437332145988,0.9999437332153313,0.0173757076263427
227974,Benign,0.2097307787822163,0.8564387223312939,0.9162398560622612,0.0171494483947753
228216,DDOS attack-LOIC-UDP,1.0,0.927126407623291,0.927126407623291,0.0177123546600341
230078,SSH-Bruteforce,0.9164979869756068,-0.0444753957349313,0.927614182895386,0.0173003673553466
231078,Benign,0.2085149908374255,0.86019736659084,0.9079822344344852,0.0189535617828369
231252,DoS attacks-GoldenEye,0.6658227164938137,-0.0254595024231404,0.6711207730877892,0.0230052471160888
231326,DoS attacks-GoldenEye,0.7605233127275794,-0.0376820565335264,0.7749048353250741,0.0225641727447509
231364,DDOS attack-LOIC-UDP,1.0,0.7855173945426941,0.7855173945426941,0.0224983692169189
231380,Infilteration,0.352591454951128,0.0989780093171308,0.4235696344343033,0.0228805541992187
231677,Bot,0.4072467172011624,0.0038555205026865,0.4331427957626719,0.022562026977539
232102,Brute Force -Web,0.6297092849157802,-0.020346585913419,0.6263778924960891,0.0227210521697998
233659,Bot,0.389758464374166,0.004563408198264,0.4179226480210036,0.0224575996398925
233807,DoS attacks-GoldenEye,0.5300584102440097,0.0031912596776604,0.5407793658180262,0.0227136611938476
234611,DDOS attack-HOIC,0.4823172216963243,-0.0037524533342263,0.492738792216822,0.0171289443969726
236167,Infilteration,0.3397013911512894,0.100711882663059,0.3597471252161636,0.0174574851989746
240251,DoS attacks-Hulk,0.4979584807910141,-0.0131535054798189,0.5095312839648318,0.0168664455413818
241153,Brute Force -XSS,0.4256265886739707,-0.0048786818636864,0.4382968394919523,0.017207384109497
241432,DoS attacks-Slowloris,4.289346655639292e-12,0.9999645948386844,0.9999645948410004,0.0168256759643554
242833,SSH-Bruteforce,0.978950001572208,-0.0395686227490372,0.9796828068837808,0.0166382789611816
243113,FTP-BruteForce,0.0001210109703522,0.921064364190193,0.9211248519385852,0.0167205333709716
243512,Brute Force -Web,1.0,0.9899781942367554,0.9899781942367554,0.0167076587677001
243596,Bot,0.4897633423385675,-0.003203596217593,0.5126649546795085,0.0172400474548339
244530,DoS attacks-Slowloris,8.767431225464861e-13,0.999954462050923,0.9999544620513912,0.0171117782592773
244749,Brute Force -Web,0.6574015700829352,-0.0126314121873816,0.6489233267579497,0.0168182849884033
246629,Brute Force -Web,0.6320218851293027,-0.0244576340342546,0.625256193101975,0.0168085098266601
247145,SSH-Bruteforce,0.9708109595763658,-0.0470777199107749,0.9744367185896298,0.0172541141510009
247300,Infilteration,0.7228998583516981,0.0626513303734861,0.8094867232415717,0.0176897048950195
247717,Brute Force -Web,1.0,0.990326464176178,0.990326464176178,0.0172882080078125
247766,DoS attacks-SlowHTTPTest,0.6679169677055846,-0.0144482488412263,0.5005828831662897,0.0170598030090332
247922,DoS attacks-GoldenEye,0.7336242392241258,-0.0230320815322454,0.7339093205538244,0.0176200866699218
248218,Benign,0.2590343656756652,0.8620298348037465,0.9608383463866468,0.0171775817871093
249823,SSH-Bruteforce,0.925358711280532,-0.0369323108405207,0.932906249109837,0.0173261165618896
250642,Brute Force -Web,0.6241791119718532,-0.0170612210141747,0.6211913773527854,0.0178308486938476
250894,Infilteration,0.3030345301561301,0.0990711808868966,0.3678947987556717,0.0175783634185791
252079,DDOS attack-LOIC-UDP,1.0,0.850226640701294,0.850226640701294,0.0178377628326416
252600,Brute Force -XSS,1.0,0.9801418781280518,0.9801418781280518,0.0180873870849609
252615,DDOS attack-LOIC-UDP,1.0,0.6188925504684448,0.6188925504684448,0.0173954963684082
252676,Brute Force -Web,0.7059123065508617,-0.0270949151582513,0.6817975112655902,0.0184779167175292
253046,Brute Force -Web,1.0,0.9903970956802368,0.9903970956802368,0.0180280208587646
253220,FTP-BruteForce,0.9878097251373692,-0.0053584415840536,0.6737097025724119,0.0192413330078125
253739,SSH-Bruteforce,0.9767531185793736,-0.0400108660524388,0.9792905320116142,0.0193641185760498
254715,Brute Force -Web,0.4262506002234396,0.0013428055492006,0.424357336543839,0.017686128616333
254773,Benign,0.2231046262851885,0.8456652594538429,0.908102716052566,0.0175249576568603
255062,DoS attacks-GoldenEye,0.6594576917776073,-0.0204038015180302,0.6677583286032769,0.0178155899047851
255750,DoS attacks-Hulk,0.5318858854299158,-0.0040132364118004,0.5400668011412151,0.021613597869873
256591,Bot,0.4879394285186329,0.0048476220519251,0.5050862779108283,0.0217909812927246
256733,Benign,0.0583326023838726,0.9641902967867524,0.9772326598235288,0.0214602947235107
258263,DoS attacks-SlowHTTPTest,0.6986148917932052,-0.019309666297136,0.569180121759471,0.0225193500518798
258480,DoS attacks-Hulk,0.923532565258705,-0.0469259296957154,0.9180912356929108,0.021348237991333
258714,DoS attacks-SlowHTTPTest,0.7549911013027981,-0.0183046113722313,0.4361331481808491,0.0209898948669433
259033,DoS attacks-SlowHTTPTest,0.6587063955066563,-0.0126798031589371,0.466135481715818,0.0227212905883789
259395,Benign,0.2314280945741054,0.852123497084603,0.9656408656607356,0.0218498706817626
259577,DoS attacks-GoldenEye,0.3862965515149006,0.011252994906797,0.4116187229074497,0.0222108364105224
259608,Benign,0.2848005057959867,0.8616564498727836,0.9888951088387952,0.0222599506378173
260861,DDOS attack-LOIC-UDP,1.0,0.850226640701294,0.850226640701294,0.0198123455047607
261666,DDOS attack-LOIC-UDP,1.0,0.7485061287879944,0.7485061287879944,0.0192644596099853
262645,DDOS attack-HOIC,0.8024718111544981,-0.0377828668143002,0.8025665949407389,0.0199785232543945
262879,DDOS attack-LOIC-UDP,1.0,0.9921178221702576,0.9921178221702576,0.0207831859588623
262898,Brute Force -Web,1.0,0.9903382658958436,0.9903382658958436,0.0231266021728515
264156,DoS attacks-SlowHTTPTest,0.731964737142394,-0.0169213659989063,0.5940496193018692,0.0292403697967529
265066,DoS attacks-Hulk,0.5399784763872456,-0.0020064116812004,0.5483229348161682,0.0258588790893554
265532,DoS attacks-GoldenEye,0.4853945431899776,-0.0059135551655093,0.509196979612278,0.0264563560485839
265617,FTP-BruteForce,0.96357191574988,-0.037456940867441,0.6070289865495865,0.024794578552246
266296,Infilteration,0.3052003290555615,0.1048062869671749,0.3544050816374314,0.0199928283691406
266960,DoS attacks-SlowHTTPTest,0.6527368159554655,-0.0200412883650303,0.4613769336276122,0.0214819908142089
267389,SSH-Bruteforce,0.9699487847228248,-0.0321116173664001,0.9751790075490796,0.0198848247528076
267659,DoS attacks-SlowHTTPTest,0.7970308645149585,-0.0261091496327064,0.5262943715499601,0.0228939056396484
268530,FTP-BruteForce,0.6637574762754944,-0.0174001920374995,0.5029073359234068,0.0239379405975341
268682,Infilteration,0.2592848518697488,0.1009556534328514,0.3163982560592306,0.0258431434631347
270110,DoS attacks-Slowloris,6.148637154979042e-12,0.9996562004056184,0.9996562004089318,0.0231850147247314
270762,DoS attacks-Slowloris,1.4063195052926858e-12,0.9999580383293254,0.9999580383300776,0.0246956348419189
271314,Benign,0.193793683115924,0.8628258273807572,0.931435739084032,0.0213978290557861
271918,DoS attacks-GoldenEye,0.6752335473769164,-0.0263543239290052,0.6880064612128997,0.0204496383666992
272154,DDOS attack-LOIC-UDP,1.0,0.9926117062568665,0.9926117062568665,0.021583080291748
272744,DoS attacks-Hulk,0.5052528923399218,-0.0060978202991179,0.5163547416274893,0.0193676948547363
273296,DDoS attacks-LOIC-HTTP,0.5505556589376257,0.0094987495342308,0.5957548884552165,0.0202908515930175
274143,Infilteration,0.6972151083350346,0.0772763013395489,0.8100873172653072,0.0205755233764648
274707,DDOS attack-LOIC-UDP,1.0,0.9766482710838318,0.9766482710838318,0.0210640430450439
274973,DoS attacks-SlowHTTPTest,0.6470129092893993,-0.0133787411126872,0.57035088142213,0.0223758220672607
275823,SSH-Bruteforce,0.9348526256901728,-0.035139584328494,0.9410901949563298,0.0233862400054931
276244,DoS attacks-GoldenEye,0.6464655626455713,-0.0112248288685856,0.6562960642377184,0.0224337577819824
276433,DoS attacks-SlowHTTPTest,0.685743806891535,-0.0147832794202589,0.5991169011254828,0.0220484733581542
277077,FTP-BruteForce,0.7009888367345539,-0.0092205266428809,0.3903518865246137,0.0225992202758789
278182,Brute Force -Web,0.4046863990173566,-0.0038995200843989,0.3981227771409512,0.0215926170349121
278554,DoS attacks-Slowloris,8.781420035575138e-12,0.9999518394422576,0.9999518394470156,0.0216267108917236
278566,DoS attacks-SlowHTTPTest,0.6900550623073973,-0.0173334450876599,0.5640192693199781,0.0265886783599853
278815,DDOS attack-HOIC,0.8333759880818408,-0.0350877499350098,0.8289923360470877,0.0291521549224853
280406,Infilteration,0.689130098314721,0.0623718058986458,0.6870022769921356,0.0300989151000976
281266,SSH-Bruteforce,0.96672035264843,-0.0348863750984335,0.9748710518259316,0.0255913734436035
281657,Benign,0.3655331445547846,0.8664467271840725,0.9980537453713284,0.0198891162872314
282156,Infilteration,0.3814222337517855,0.0940354853590018,0.366787695437665,0.0182576179504394
282433,Infilteration,0.6876486841356373,0.0691942355511092,0.6494306714079708,0.0206944942474365
283848,Brute Force -Web,0.472674589135132,-0.0030713730311881,0.464192804890354,0.025170087814331
284807,DoS attacks-SlowHTTPTest,0.649280854349787,-0.0216016475516361,0.5695807135366284,0.0284323692321777
285723,DoS attacks-Slowloris,0.6047634465997036,-0.0200039958646014,0.6165801656180546,0.0239694118499755
285727,DoS attacks-Hulk,0.4786697440869705,-0.0116826542401434,0.4922696315453408,0.0195412635803222
286276,DoS attacks-GoldenEye,0.7038002226137386,-0.0210863738632491,0.7210158303628034,0.0181891918182373
286975,Brute Force -XSS,0.4235721511501241,-0.0042859500513529,0.4348989038376393,0.0175466537475585
287023,FTP-BruteForce,0.6446542037700238,-0.0211093274896383,0.6123450864995869,0.0204482078552246
287097,Infilteration,0.3284982447895386,0.0988799025489611,0.3661817067782744,0.0234224796295166
287602,Benign,0.2659022002271541,0.8591697188855766,0.9128339170028288,0.0271000862121582
287792,DDOS attack-LOIC-UDP,1.0,0.9887191653251648,0.9887191653251648,0.0245144367218017
288753,Brute Force -XSS,0.415702693370756,-0.0003209616183105,0.3688410484615444,0.022606611251831
289173,DoS attacks-Hulk,0.5364530901536099,-0.0049608584325856,0.5452740567717662,0.021263837814331
289705,DDOS attack-HOIC,0.8114784852710788,-0.0331391040401745,0.809145912948128,0.0214715003967285
290027,FTP-BruteForce,0.6269119130073628,-0.0244043396284957,0.5916562051050048,0.0227558612823486
291049,SSH-Bruteforce,0.9442132459531594,-0.026349438807256,0.9516656053476804,0.0249521732330322
291380,Bot,0.4795015567677279,0.0010104091414634,0.5016488919329535,0.023902416229248
291382,FTP-BruteForce,0.7044054788908312,-0.0210671924713383,0.5084621269684799,0.024097204208374
291515,DoS attacks-GoldenEye,0.5223413879797618,-0.0027260193687539,0.5336346600011993,0.0248169898986816
292378,SSH-Bruteforce,0.9679034343766956,-0.0523897637569585,0.9726906116678876,0.0263307094573974
292477,DDOS attack-HOIC,0.5056123412546043,0.0052031370409394,0.5153277542182552,0.0265994071960449
292866,DoS attacks-Slowloris,5.437206240799242e-12,0.9999639987916252,0.999963998794552,0.0244898796081542
293431,Bot,0.467639675423386,0.0021390390676273,0.4983560476622006,0.0196335315704345
294020,FTP-BruteForce,0.6502945175545911,-0.0183282519598934,0.6322790858780667,0.0187785625457763
294209,DDOS attack-HOIC,0.4627639408312831,-0.0012119324015043,0.4773571544307523,0.0220890045166015
294216,Infilteration,0.3077005887757786,0.1139210470715055,0.3752012223598686,0.0218865871429443
294377,SSH-Bruteforce,0.9739244790253822,-0.0450067100404552,0.974341944665844,0.0225281715393066
294434,SQL Injection,0.9849402980653968,-0.0196936321277491,0.9749947779906786,0.0236139297485351
294469,DoS attacks-Slowloris,0.0,1.0,1.0,0.0200614929199218
295007,DoS attacks-GoldenEye,0.6754447542458417,-0.0156134456088758,0.693044124534803,0.0175797939300537
295122,DDOS attack-LOIC-UDP,1.0,0.9843373894691468,0.9843373894691468,0.0172779560089111
296407,Infilteration,0.3838152521271598,0.0959840422816686,0.3934145591879807,0.0177409648895263
296944,Infilteration,0.4882834982406825,0.0866087556722335,0.4046671477697223,0.0171823501586914
297866,Brute Force -Web,0.6181192845528141,-0.0191122622494993,0.6140907982742162,0.0176019668579101
299658,FTP-BruteForce,0.6649669917357851,-0.0185312729105136,0.6235462573722182,0.0171871185302734
300675,DoS attacks-GoldenEye,0.9840453011510882,-0.037409301700927,0.9866115476129728,0.0186614990234375
300727,DDOS attack-LOIC-UDP,1.0,0.9904419779777528,0.9904419779777528,0.0190606117248535
302253,Bot,0.4260571590008174,0.0007968721021361,0.4427387616684767,0.0203166007995605
302291,Brute Force -Web,0.7124322677558185,-0.0238379849533998,0.6903126393550372,0.0181686878204345
302715,DDOS attack-LOIC-UDP,1.0,0.993472456932068,0.993472456932068,0.0184593200683593
302973,DDOS attack-HOIC,0.468318410657914,-0.0014470164831903,0.4810737926677826,0.0188663005828857
303174,Benign,0.1626899602784951,0.8538144951018284,0.8907994827764181,0.0215756893157959
303763,DDOS attack-HOIC,0.489858659423661,0.0027417412591551,0.5008145263432274,0.0208489894866943
303913,FTP-BruteForce,0.6733367191204477,-0.0157141639245333,0.651667683311089,0.0234158039093017
303943,DDOS attack-HOIC,0.473068252285308,0.0004368957475995,0.4853630748082762,0.0212173461914062
304628,DoS attacks-Hulk,0.5144558996372426,-0.0049730157306626,0.5235949943733301,0.019031286239624
304762,Benign,0.2310919046705171,0.8563972116137847,0.9354559074675666,0.0191621780395507
306105,Benign,0.3601676577516265,0.8525433232816635,0.9946002946290872,0.0188474655151367
307260,Benign,0.1527913580165939,0.8663525155416637,0.8717155528987168,0.0176155567169189
307519,Bot,0.4037212305943042,0.0116622244487512,0.4365969206061115,0.0176143646240234
307846,DoS attacks-Hulk,0.5135362447276973,-0.01226930928264,0.5231500996683094,0.0177147388458251
307982,Brute Force -Web,0.604383887182667,-0.0187649103431919,0.6035268389755378,0.0187325477600097
308045,DoS attacks-Hulk,0.5346520938218693,-0.0087280693836943,0.5434344263494503,0.0191235542297363
308926,Infilteration,0.6910975700612914,0.0754787077186894,0.6404052458825116,0.0188665390014648
309132,Bot,0.4615981879276115,0.0021884953449621,0.4874300982057381,0.0186128616333007
309397,DDoS attacks-LOIC-HTTP,0.7840505951472969,-0.0151909226899265,0.8134567775551196,0.0185351371765136
310305,DoS attacks-GoldenEye,0.7104970992051156,-0.0323049398653536,0.716281429666786,0.0181965827941894
310345,Infilteration,0.3572658056364516,0.0970019665265616,0.4089688672972437,0.0182619094848632
310445,Benign,0.2293324036843778,0.8390590820445728,0.9074498299040508,0.0193686485290527
310753,SSH-Bruteforce,0.9687461905631264,-0.0549249986430055,0.9703929622232176,0.0209689140319824
310995,Infilteration,0.3134597389870635,0.0970900186957008,0.3465440115277801,0.0211169719696044
312028,DoS attacks-GoldenEye,0.9178736465257004,-0.0483620751497155,0.9172997345212276,0.0217304229736328
312043,Benign,0.3984379964587236,0.884684937750292,0.9984837653451564,0.0209240913391113
312250,Bot,0.5048540449016673,0.0019955581303676,0.5162109619626591,0.0212645530700683
312371,Infilteration,0.3567661744952735,0.1017696908950603,0.3757516014115659,0.0214371681213378
312669,SSH-Bruteforce,0.9797151320020996,-0.0333994690755292,0.984017026863042,0.020937442779541
312699,Bot,0.4892965335584409,-0.0038084495723505,0.5097956108517714,0.0217704772949218
312850,SSH-Bruteforce,0.9685872841261242,-0.0414663309287979,0.9741821833963572,0.0235769748687744
313225,DDoS attacks-LOIC-HTTP,0.6015284709040711,-0.0081829870174926,0.6610223730484575,0.0198180675506591
313432,Infilteration,0.417135917085002,0.0916005753742217,0.4738460386912755,0.020512580871582
313529,Brute Force -XSS,0.4315985574659849,0.000294422511915,0.4306628172828642,0.0234763622283935
313667,DDOS attack-LOIC-UDP,1.0,0.9910094738006592,0.9910094738006592,0.0222771167755126
313806,Bot,0.5687805312232688,-0.0056791034685098,0.5865851211115752,0.021355390548706
314183,Brute Force -XSS,1.0,0.9799531698226928,0.9799531698226928,0.0217173099517822
314606,DDoS attacks-LOIC-HTTP,0.616523226126221,-0.0026984535975076,0.6634535529559015,0.0194525718688964
315063,Brute Force -Web,1.0,0.9896005988121032,0.9896005988121032,0.0198144912719726
315332,Benign,0.3083224900850512,0.8419880832910065,0.9702528318084356,0.0203545093536376
315394,Benign,0.2097631191358809,0.8531790509473025,0.9371780912786382,0.0203289985656738
315426,DDOS attack-LOIC-UDP,1.0,0.6895314455032349,0.6895314455032349,0.0198581218719482
317120,Brute Force -XSS,0.4184400507908266,-0.000526407903718,0.3288519021719031,0.0180380344390869
317474,DDoS attacks-LOIC-HTTP,0.6174262810418074,0.0002402074917759,0.6696238764154364,0.0180127620697021
317767,Bot,0.4532151506095166,0.003461625340924,0.4932794600111512,0.0184216499328613
318492,Brute Force -Web,1.0,0.9896588921546936,0.9896588921546936,0.01786470413208
318493,DoS attacks-SlowHTTPTest,0.8667181579893999,-0.0195887438166994,0.5171602049775675,0.0188944339752197
318844,DoS attacks-Hulk,0.5287645144557531,-0.006835292797929,0.537221304811899,0.0197477340698242
318858,FTP-BruteForce,0.9540412749476334,-0.0366606382715814,0.6074496990869109,0.0188856124877929
319005,Bot,0.4280804798689536,0.0019840660679756,0.4479382876283717,0.017543077468872
319697,DDoS attacks-LOIC-HTTP,0.908451272739996,-0.0280717359042383,0.9315567371527712,0.0174603462219238
320533,DDoS attacks-LOIC-HTTP,0.631361462112886,0.0068137385293297,0.6788287737210537,0.0175046920776367
320545,SSH-Bruteforce,0.9709191792134728,-0.0308588601519825,0.9804527997922008,0.0174365043640136
320952,Brute Force -XSS,1.0,0.9818607568740844,0.9818607568740844,0.017573595046997
321860,FTP-BruteForce,0.6724388030178746,-0.0163848661329375,0.6509097563082583,0.0187833309173584
322022,DoS attacks-Hulk,0.5098119563852207,-0.0115226316788857,0.5197779810085692,0.0219495296478271
322118,FTP-BruteForce,0.664416812567435,-0.0199645997202873,0.643282501710818,0.0215682983398437
322507,DoS attacks-SlowHTTPTest,0.6659736231612532,-0.0176359434601081,0.4990794836213377,0.0240201950073242
323354,DoS attacks-GoldenEye,0.802883748869226,-0.028323970697946,0.8048315732297852,0.0178956985473632
323475,Bot,0.3978248316772069,0.0059713107690161,0.434773134559876,0.0179927349090576
324075,DDOS attack-HOIC,0.4617130532385901,-0.0047904730283235,0.4736681354812942,0.0176804065704345
324210,Benign,7.613033313957907e-05,0.9998561942117656,0.9998715738929078,0.0177621841430664
325549,Infilteration,0.3070823619718807,0.1077124362027742,0.3669830247194014,0.0196664333343505
326200,FTP-BruteForce,0.7502739892419668,-0.0336172036378849,0.7156705764686497,0.0208740234375
326495,Infilteration,0.2716845355089511,0.0988142287434673,0.3024351098305272,0.0204012393951416
326555,Bot,0.4669315193474341,0.0040956398663299,0.4962302282547225,0.0215024948120117
326858,Benign,0.2559450349287611,0.8579449588299006,0.97950925442375,0.021395206451416
327099,DDOS attack-HOIC,0.4788183818192891,-0.0035060425219129,0.4895407490090909,0.0198659896850585
327975,DDOS attack-LOIC-UDP,1.0,0.99087393283844,0.99087393283844,0.0182795524597167
328840,Benign,0.1925568875938355,0.852775946707036,0.9102565483836428,0.0176193714141845
330518,FTP-BruteForce,0.6688307991288746,-0.0111548865932659,0.4740459275204756,0.0195109844207763
330643,SSH-Bruteforce,0.971945555146613,-0.0460871012708504,0.9737865719130208,0.0188543796539306
330832,DoS attacks-Hulk,0.5346929454465921,-0.0070558117354312,0.5432137914282473,0.0176477432250976
330903,Bot,0.4427971555415775,-0.0033497656017277,0.46701525802176,0.0194005966186523
331276,FTP-BruteForce,0.9630054040628744,-0.037001714295496,0.6072802932132411,0.0168225765228271
332442,FTP-BruteForce,9.621043438134969e-05,0.9210773385473175,0.9211248838959464,0.0201203823089599
333222,Benign,0.2105037927055637,0.8567406520138494,0.9099072363834104,0.0173230171203613
333345,DoS attacks-SlowHTTPTest,0.6661085628952665,-0.0119953468684614,0.4704042142802759,0.019282579421997
334283,DoS attacks-GoldenEye,0.7515234953252365,-0.0310289560050331,0.7606799973777231,0.0200121402740478
334913,DoS attacks-SlowHTTPTest,0.6765970290144556,-0.012635247451863,0.5069209474519287,0.0192415714263916
336026,DoS attacks-Slowloris,6.412648190234904e-13,0.9999732971187972,0.9999732971191404,0.0205428600311279
336997,Bot,0.4843520932786163,0.0012435924858989,0.5043210285804491,0.0189995765686035
337311,DoS attacks-GoldenEye,0.5355032594910942,-0.0060267548831563,0.5473941316161132,0.017383337020874
337434,Infilteration,0.3258774777846549,0.0994079252349089,0.3467795689862059,0.0184011459350585
338422,DDOS attack-LOIC-UDP,1.0,0.939044952392578,0.939044952392578,0.0178909301757812
338824,Brute Force -XSS,0.4559721096159732,0.0005468906556906,0.4604810431560892,0.0190298557281494
339605,DoS attacks-Hulk,0.5120844216250542,-0.0098780620509063,0.5230018422193873,0.0176076889038085
339667,Brute Force -Web,0.4529080118529838,-0.0023584215567166,0.3136102569868148,0.0202043056488037
340208,Bot,0.4346085998202823,0.0082809907950543,0.4521579872938907,0.0183789730072021
340791,DoS attacks-SlowHTTPTest,0.6554271402795874,-0.0135850133701213,0.492809882240868,0.0176146030426025
340909,DoS attacks-GoldenEye,0.6260014738266623,-0.016652607207731,0.639790061370368,0.0175206661224365
341796,DDOS attack-HOIC,0.5135289430778991,-0.0040757402267928,0.521945888619054,0.0178661346435546
342884,DoS attacks-SlowHTTPTest,0.6575865747983977,-0.0165973932208289,0.4245390139055242,0.0181386470794677
343094,Bot,0.4793093509465448,0.0011615202466817,0.5009168006627276,0.01823091506958
343134,FTP-BruteForce,0.6604060594965362,-0.0102792710549227,0.3884426537124931,0.0183620452880859
343470,DoS attacks-GoldenEye,0.7440805484334927,-0.0287567096003089,0.7577754203240065,0.0181024074554443
343492,DoS attacks-SlowHTTPTest,0.8086636765457184,-0.0213506856521729,0.5339285078226994,0.018075942993164
344132,Bot,0.4203494023998256,0.0086520635351887,0.4453923030782017,0.0180389881134033
345045,Bot,0.4371360333155113,0.0089489773779111,0.4641575724231164,0.0203220844268798
345049,Bot,0.4379311951046089,-0.0013348467166804,0.4708255170194125,0.0197093486785888
345958,DoS attacks-GoldenEye,0.6557011890286811,-0.0173532693099923,0.6759473610587383,0.0211224555969238
346512,Brute Force -XSS,0.4440626841459639,-0.0038146635729281,0.4532364173369047,0.0195567607879638
347692,DoS attacks-GoldenEye,0.5251335035732821,-0.0028717534451433,0.5407759208865011,0.0224230289459228
348721,Benign,0.0549252522182711,0.9796087003803068,0.9921134343855658,0.0236687660217285
349133,DDOS attack-HOIC,0.4781787244641182,-0.0025725294035697,0.4904306083373743,0.0178232192993164
349327,DDOS attack-HOIC,0.4731502316110736,-0.0032287691190428,0.4892367788973352,0.0180857181549072
349529,DoS attacks-SlowHTTPTest,0.8081315097170042,-0.0233876650942698,0.53294076859251,0.0181636810302734
349906,Brute Force -Web,1.0,0.990371584892273,0.990371584892273,0.0179650783538818
349978,SSH-Bruteforce,0.9614457629556168,-0.0424102812507674,0.9709223162599532,0.0185563564300537
350224,DDOS attack-HOIC,0.4567168978005231,-0.0055290382056718,0.4704764189608973,0.0181441307067871
350502,Benign,0.2583310366692387,0.8233365560744655,0.9610366886162774,0.0204510688781738
351416,DoS attacks-GoldenEye,0.5124507331075322,-0.004458750370724,0.5237321455711935,0.0186572074890136
351520,DoS attacks-Hulk,0.5197211669681819,-0.0115355433581399,0.528809965517357,0.0179388523101806
351567,DoS attacks-GoldenEye,0.7900170612065136,-0.0327851948038296,0.7996701677298345,0.0194854736328125
352016,DDoS attacks-LOIC-HTTP,0.6204547261689499,0.0067141479728487,0.6831971584846831,0.0176343917846679
352456,DoS attacks-Hulk,0.4899948162321578,-0.0157709058761314,0.5016787262302497,0.0181243419647216
353452,SSH-Bruteforce,0.9704017846447932,-0.0372442937432079,0.9751720411676702,0.0182490348815917
354101,DDOS attack-HOIC,0.4442491563655995,-0.0157946092664701,0.4585379728678057,0.0237789154052734
355308,DoS attacks-SlowHTTPTest,0.6656139623359862,-0.0112436975935471,0.584275106796268,0.0288693904876709
355618,DDOS attack-HOIC,0.4684420173267354,-0.0071794580744306,0.4805858712937861,0.0248911380767822
355723,DoS attacks-GoldenEye,0.5240939807692927,-0.0066568292972147,0.5356937778640479,0.0202643871307373
356751,Brute Force -Web,0.7374697644302564,-0.0199385480526261,0.7091615530629204,0.0182926654815673
357297,DoS attacks-Hulk,0.5174098238925574,-0.0086239719642361,0.5272656454843482,0.0177206993103027
357531,DoS attacks-SlowHTTPTest,0.7828660626067434,-0.0266643365299109,0.5186661931103853,0.0179686546325683
358097,SQL Injection,0.5796090543968593,-0.0195720784763294,0.5616104427060928,0.0182704925537109
358890,Infilteration,0.3027749405865733,0.0931220341348555,0.3487635296770468,0.0176000595092773
359048,DDoS attacks-LOIC-HTTP,0.5703449480433985,-0.0030247760817776,0.6284737103829693,0.0174455642700195
359537,Benign,0.2619544247003662,0.8518040223696247,0.9567479182725424,0.0172288417816162
359554,FTP-BruteForce,0.0001312569205208,0.9210579588202576,0.9211248330815088,0.0181527137756347
359579,DoS attacks-Slowloris,6.172062860798633e-12,0.999964594837624,0.9999645948409994,0.0174181461334228
360387,DoS attacks-Slowloris,9.096390307661295e-12,0.9999600648830506,0.999960064887994,0.0178766250610351
360939,DoS attacks-Slowloris,0.620268284431357,-0.0153137906372859,0.6322381528653174,0.017561912536621
361519,DDOS attack-LOIC-UDP,1.0,0.598734438419342,0.598734438419342,0.0180671215057373
361790,SSH-Bruteforce,0.9656198725669254,-0.0471519376944475,0.9752715087131548,0.0187368392944335
361814,DoS attacks-Slowloris,0.0,1.0,1.0,0.0236132144927978
362368,DoS attacks-GoldenEye,0.480203263395902,-0.0119053011379409,0.4917357391657554,0.0261390209197998
363023,Infilteration,0.3263764820632356,0.0933233964002519,0.3427760943680457,0.0208220481872558
363090,Bot,0.4732149306139048,0.0020489328817724,0.4935683809698064,0.0215344429016113
363223,DDOS attack-LOIC-UDP,1.0,0.9883866906166076,0.9883866906166076,0.0200428962707519
363736,DoS attacks-Slowloris,5.63482593918252e-12,0.9999504089324918,0.9999504089355432,0.0207850933074951
363745,DoS attacks-SlowHTTPTest,0.6755133780966585,-0.0280492720849767,0.5532609608877938,0.0203194618225097
364149,DDOS attack-LOIC-UDP,1.0,0.9935829043388368,0.9935829043388368,0.019604206085205
364474,DoS attacks-Slowloris,3.01381142264745e-12,0.9999580383284384,0.999958038330076,0.019299030303955
364494,DDOS attack-HOIC,0.487302295995543,-0.0071251871903504,0.4971323813372739,0.019608736038208
364710,DoS attacks-Hulk,0.5176656533680215,-0.0098946078689903,0.5269844477251183,0.0173702239990234
364833,DDoS attacks-LOIC-HTTP,0.5995700881730968,-0.0101993684965414,0.6494009832768823,0.0189332962036132
365136,Infilteration,0.2839954433356267,0.0996096542346212,0.2849189911008188,0.0183358192443847
365607,FTP-BruteForce,0.6676486970411668,-0.0137611611890195,0.4314707257575775,0.0205631256103515
365833,Brute Force -Web,0.4320598861118507,-0.0041287626906005,0.4085306371122688,0.0185492038726806
366290,Brute Force -Web,0.4091845598977834,-0.0046573943158202,0.4029515535740098,0.0209870338439941
367369,FTP-BruteForce,0.6520244124959358,-0.020423237479977,0.4620783053312076,0.0196890830993652
368802,Benign,0.3110482919510052,0.8654930356625282,0.9980674483501611,0.0195848941802978
371681,DDOS attack-HOIC,0.4639159073364134,-0.0043630283508416,0.4768840485565873,0.0203597545623779
372582,Infilteration,0.2808229402750344,0.1019790998930258,0.3450203161555136,0.0200912952423095
374398,Brute Force -XSS,0.420557148245663,-6.368588239144546e-05,0.4333320963092325,0.0178802013397216
375921,DoS attacks-Hulk,0.5225340888668109,-0.0062673990541586,0.5318172655085702,0.0191738605499267
376460,DoS attacks-GoldenEye,0.68479480667754,-0.0364814110223163,0.6982951546417282,0.0207493305206298
377181,Bot,0.3891118913236958,0.0099519857555229,0.4246008032067719,0.0225305557250976
377200,DDoS attacks-LOIC-HTTP,0.5940475832446575,0.0055556936772744,0.6564321059318858,0.0244522094726562
377720,FTP-BruteForce,0.9585595495750006,-0.0362309470204077,0.6082354811625237,0.0186800956726074
378460,DoS attacks-SlowHTTPTest,0.6393852657605621,-0.0158372494466462,0.482252365535015,0.0206327438354492
378630,Infilteration,0.3095324913491815,0.0974712898204508,0.3669068020860455,0.0218379497528076
378868,DDOS attack-LOIC-UDP,1.0,0.9933518171310424,0.9933518171310424,0.0208461284637451
378904,DoS attacks-SlowHTTPTest,0.6372525332868908,-0.0168146568683015,0.4796548111602898,0.0211021900177001
379042,DoS attacks-Slowloris,0.0,1.0,1.0,0.0198807716369628
379049,Bot,0.481013822972021,0.0072511364576059,0.5035202045196574,0.0200424194335937
379113,DoS attacks-Slowloris,2.520539332806493e-12,0.999743282793601,0.9997432827949508,0.0205469131469726
379409,Bot,0.3808524578607364,0.0136911407213786,0.4269417117518682,0.018773078918457
379791,SQL Injection,0.4409716564062276,-0.0052476482553511,0.4175821177440441,0.018420934677124
380316,DDoS attacks-LOIC-HTTP,0.92318269050072,-0.0363149984912714,0.9382518352040888,0.0189356803894042
380676,DoS attacks-Slowloris,0.970884329595818,-0.0622896098915067,0.9651720856076544,0.0176331996917724
382053,Benign,0.0216320545567146,0.9929627732601114,0.9969126583579866,0.0181877613067626
382878,Benign,0.2410135490748667,0.8543642192617937,0.9792468691387798,0.0183415412902832
383181,FTP-BruteForce,0.6309437712826034,-0.0216206670395609,0.5938669242914627,0.0177416801452636
383315,DoS attacks-Slowloris,0.6344617889069133,-0.0196638526206415,0.6374963161964513,0.0176167488098144
383354,DDoS attacks-LOIC-HTTP,0.6340728340712601,-0.0022489616053197,0.6736343843577148,0.0199644565582275
383426,DoS attacks-GoldenEye,0.6648640763122511,-0.0271824015137436,0.6715581388564055,0.0175824165344238
383599,Brute Force -Web,1.0,0.9901672601699828,0.9901672601699828,0.0174934864044189
383954,DoS attacks-GoldenEye,0.384120237534435,0.0043231054272152,0.407045043992242,0.0181899070739746
384456,DoS attacks-Hulk,0.4968815352248231,-0.015664238235509,0.5075540506223052,0.0177226066589355
385336,Brute Force -Web,1.0,0.9892098307609558,0.9892098307609558,0.0172703266143798
386217,DDOS attack-LOIC-UDP,1.0,0.9934338331222534,0.9934338331222534,0.0189335346221923
386430,DoS attacks-Hulk,0.5449657265111707,-0.005733325071158,0.5520135822049514,0.0178303718566894
386696,Infilteration,0.3482014861392082,0.1009386988189807,0.3665365046103773,0.0178589820861816
386793,SSH-Bruteforce,0.9694277480398704,-0.0490639931496393,0.9734875596343576,0.017575979232788
387556,Brute Force -Web,0.4314995752033771,0.0006373691915003,0.397088376567845,0.0181024074554443
388408,Benign,0.2070018101981133,0.855729072658085,0.8967110096950033,0.0177721977233886
388482,DDOS attack-HOIC,0.8436725458448023,-0.0274022628651836,0.8388944427246506,0.0174779891967773
390292,Brute Force -XSS,1.0,0.9819300770759584,0.9819300770759584,0.0190341472625732
390395,DoS attacks-Slowloris,1.2011502903419569e-12,0.9999547004693272,0.99995470046997,0.0175409317016601
392548,Brute Force -Web,0.4206154780141106,0.0023149784069863,0.4231409211300359,0.0175106525421142
393620,DDOS attack-LOIC-UDP,1.0,0.9634354114532472,0.9634354114532472,0.0177767276763916
395416,Benign,0.1970681795134921,0.8584806103526404,0.928161419968435,0.0182812213897705
396344,DDOS attack-LOIC-UDP,1.0,0.6755971908569336,0.6755971908569336,0.0183160305023193
396893,DDOS attack-HOIC,0.4627865777139935,-0.0063860799651192,0.475390640810267,0.0180578231811523
397329,Infilteration,0.3859751916015247,0.0929808522816417,0.4050879522538174,0.0177397727966308
397403,DoS attacks-Slowloris,0.0,1.0,1.0,0.0177407264709472
397478,SSH-Bruteforce,0.9714916831668736,-0.0404560962288686,0.9741899968785768,0.0192899703979492
397490,Bot,0.4114482601791868,0.0091879813291884,0.437107859951279,0.0176746845245361
398799,DDOS attack-LOIC-UDP,1.0,0.8725574612617493,0.8725574612617493,0.0177903175354003
400457,DDOS attack-LOIC-UDP,1.0,0.6785678863525391,0.6785678863525391,0.0177485942840576
401886,DoS attacks-Slowloris,0.625057554327436,-0.0112299758964029,0.6288442489946403,0.0173850059509277
402004,SSH-Bruteforce,0.923845727378416,-0.0353667385371984,0.9498191255276172,0.0181601047515869
402197,Bot,0.4901537375044161,0.0015845414986251,0.5068365298048114,0.0186176300048828
402380,DDOS attack-LOIC-UDP,1.0,0.9885319471359252,0.9885319471359252,0.0190484523773193
402677,DDOS attack-LOIC-UDP,1.0,0.9935989379882812,0.9935989379882812,0.0182423591613769
404377,Bot,0.4786654367854238,0.0038456616199271,0.5038060878218639,0.0187792778015136
405784,Infilteration,0.3472342681944316,0.1017772223147025,0.3752903372508589,0.0182430744171142
406035,Bot,0.4268037502043472,0.003125621988466,0.4510015258423854,0.0175831317901611
406095,DDOS attack-HOIC,0.8036198832366328,-0.0343110668686593,0.8045663696583419,0.0194869041442871
406393,DDOS attack-LOIC-UDP,1.0,0.9903360605239868,0.9903360605239868,0.0181233882904052
407392,SSH-Bruteforce,0.9720612902265798,-0.0413330597835958,0.9748547179666002,0.0176665782928466
407681,FTP-BruteForce,0.6310655402539067,-0.0204386753831046,0.4922618300507746,0.0172779560089111
408152,FTP-BruteForce,0.9021176988415022,-0.0265654438640538,0.5315107525333058,0.0174920558929443
408593,Bot,0.4219336500944042,0.0118077229347423,0.4425160023610597,0.0179636478424072
409353,DoS attacks-SlowHTTPTest,0.6562241728681821,-0.0124692569369854,0.4257489809681184,0.019540786743164
409474,DDOS attack-LOIC-UDP,1.0,0.6584150195121765,0.6584150195121765,0.0173964500427246
410021,DoS attacks-SlowHTTPTest,0.6786637133061535,-0.0121986948965285,0.507698460120658,0.0175821781158447
410112,DoS attacks-SlowHTTPTest,0.845588989736626,-0.0258866101616654,0.5058639029076007,0.0173704624176025
410254,DDOS attack-LOIC-UDP,1.0,0.9552393555641174,0.9552393555641174,0.017190933227539
410740,SSH-Bruteforce,0.9711672990599974,-0.0403362055525822,0.9755759214885332,0.0181183815002441
410845,Bot,0.4495692931338353,-0.0005447332497934,0.4719456644467972,0.0174264907836914
412248,DoS attacks-SlowHTTPTest,0.6419011098355225,-0.0162918875698039,0.4833992157796705,0.0178859233856201
414454,DoS attacks-GoldenEye,0.614505007077432,-0.0151473400838872,0.62412181042158,0.0175845623016357
414918,DDOS attack-LOIC-UDP,1.0,0.9734855890274048,0.9734855890274048,0.017815351486206
415165,DDOS attack-LOIC-UDP,1.0,0.6025629043579102,0.6025629043579102,0.0175435543060302
415297,SQL Injection,0.9873404419852324,-0.0450500088647937,0.9650025686955468,0.017878770828247
415964,DDOS attack-LOIC-UDP,1.0,0.9928478002548218,0.9928478002548218,0.0176091194152832
416934,DDOS attack-HOIC,0.4542305390851184,0.0006840105004307,0.4691570378837545,0.0172700881958007
416984,Infilteration,0.3433281480902577,0.1069967007431404,0.3719457637647719,0.017451524734497
417478,DDOS attack-HOIC,0.4825484045535652,-0.0089865541612012,0.4931237086168276,0.0181550979614257
417634,Brute Force -Web,0.425301871805445,-0.0067264176353506,0.3712689226026247,0.0187091827392578
417696,Infilteration,0.9291532227259196,0.0903561291673549,0.6613618155457226,0.0177726745605468
418003,DoS attacks-Slowloris,2.259969988926969e-12,0.9999645948397864,0.999964594841002,0.0174140930175781
420193,DoS attacks-Slowloris,2.325029058170003e-12,0.9999580383288288,0.9999580383300768,0.0174698829650878
421149,DoS attacks-Slowloris,0.0,1.0,1.0,0.0189495086669921
421817,Brute Force -Web,0.7210926650155771,-0.0295561969863078,0.6957504125802018,0.018155813217163
422128,DDOS attack-HOIC,0.8428461563014746,-0.0376381459074022,0.8387482533134809,0.0193312168121337
422518,SSH-Bruteforce,0.973250944018914,-0.0540734288288654,0.9726866759271252,0.0181591510772705
423486,Brute Force -XSS,0.4340397328106454,0.0027520546414104,0.4467766448519135,0.0178542137145996
423710,FTP-BruteForce,0.986081587597277,-0.0179402562578719,0.6732251317885478,0.0180389881134033
423824,DDoS attacks-LOIC-HTTP,0.7120398915067964,-0.0212739851645153,0.7643087567129779,0.0176002979278564
424076,DDOS attack-HOIC,0.8140334223450814,-0.0245823589975592,0.8122077637447016,0.0178103446960449
424233,DDOS attack-LOIC-UDP,1.0,0.9899681806564332,0.9899681806564332,0.0179119110107421
424607,Bot,0.469421875722381,0.0022363134643601,0.4855295745651409,0.0173661708831787
425306,DoS attacks-Slowloris,5.015876602953995e-12,0.9999556541415828,0.999955654144284,0.0174932479858398
426361,DoS attacks-GoldenEye,0.5098276953079213,-0.0041651133701742,0.5205818721902337,0.0175838470458984
426496,FTP-BruteForce,0.6968699081646006,-0.0210852373703757,0.6494462148708944,0.0178775787353515
427567,Infilteration,0.6059571429287243,0.0763200244540359,0.4620070998909561,0.0185506343841552
428076,DDoS attacks-LOIC-HTTP,0.7310390722888342,-0.0153648170886336,0.772261493426922,0.017712116241455
428942,DoS attacks-SlowHTTPTest,0.6562867584478675,-0.0184921061006651,0.4926270240196492,0.0195207595825195
430855,Brute Force -Web,0.4516951509544633,0.0049316365211841,0.458332748979618,0.0177035331726074
430879,FTP-BruteForce,0.6857830920009768,-0.0111883348427867,0.4840310013538167,0.0178830623626709
431138,DoS attacks-Hulk,0.5370149330982283,-0.008575364620026,0.5450396778365645,0.018240213394165
433136,DoS attacks-Hulk,0.5077027786149793,-0.0048764505591037,0.5193111111377617,0.0202457904815673
433298,DoS attacks-Hulk,0.9127894315694456,-0.0469697405252975,0.9081456149122336,0.0226001739501953
434271,Brute Force -XSS,0.4505603341791302,0.008672473527053,0.4607263240586399,0.0179429054260253
435047,Brute Force -Web,1.0,0.9903745651245116,0.9903745651245116,0.0188360214233398
435082,Brute Force -Web,0.3860862992471141,-0.0016475368488275,0.4024953893041806,0.0197296142578125
435265,SSH-Bruteforce,0.9657071803378288,-0.0391631209767395,0.973870001276437,0.0192117691040039
435398,Bot,0.4204195513830641,0.003081950383363,0.446814032810346,0.0179533958435058
435516,DDoS attacks-LOIC-HTTP,0.8343149005729757,-0.0179023682628959,0.8721140205203777,0.0188961029052734
435999,DDOS attack-LOIC-UDP,1.0,0.9923170804977416,0.9923170804977416,0.0203914642333984
436016,Infilteration,0.3328748836134454,0.0965783059844736,0.3688236068584493,0.0177874565124511
436253,Bot,0.4045995211106667,0.0149713185284729,0.4410658294194984,0.0181210041046142
437217,FTP-BruteForce,0.0001244880500032,0.9210621978898736,0.9211248454441878,0.0186326503753662
437515,DoS attacks-Slowloris,8.769762693816574e-12,0.9999171495390076,0.9999171495437562,0.0182216167449951
437810,Infilteration,0.3632111159352016,0.0892967667025202,0.393412550869742,0.0187444686889648
438174,Brute Force -Web,1.0,0.9900344014167786,0.9900344014167786,0.0186471939086914
439451,DDOS attack-LOIC-UDP,1.0,0.9920182824134828,0.9920182824134828,0.0181200504302978
440734,DDoS attacks-LOIC-HTTP,0.6207340653486135,-0.0007896665873554,0.653711658947247,0.0203511714935302
440950,DoS attacks-Hulk,0.5289220505304475,-0.010000486433737,0.5367049545084746,0.0205645561218261
440968,Benign,0.1769899608831685,0.8716996485469577,0.9443454474742856,0.0199203491210937
442254,Benign,0.3068415403162283,0.8489261370221426,0.992468517023708,0.0180153846740722
443482,DDOS attack-HOIC,0.4911410783289207,0.0024315610943802,0.5021735044706583,0.0180499553680419
443627,DoS attacks-Hulk,0.5247096190351326,-0.0024148254974627,0.5343993050397882,0.0188453197479248
443890,DDOS attack-HOIC,0.4692837978140127,-0.008079095782852,0.4815783745711385,0.0177505016326904
444547,DoS attacks-Slowloris,0.0,1.0,1.0,0.0185704231262207
444581,SSH-Bruteforce,0.931439304115282,-0.0449000803742858,0.941865740149767,0.0174770355224609
445619,Brute Force -Web,0.6292994778885287,-0.0203988568719846,0.626059870112773,0.0176215171813964
445828,Benign,0.1925280089769049,0.8476805429191322,0.8669573105923377,0.0176975727081298
446683,DoS attacks-GoldenEye,0.5146011563275186,0.0013755451031298,0.5288304792712768,0.0176265239715576
448174,Infilteration,0.2653798563664192,0.1031410315181832,0.3256624219914533,0.0182821750640869
450197,DoS attacks-Slowloris,3.955280547529583e-12,0.9999639987924314,0.9999639987945534,0.019921064376831
450421,FTP-BruteForce,0.6470055597183614,-0.0139408119320018,0.4605980703463149,0.0213565826416015
450725,Benign,0.2176840565751427,0.8480231153584743,0.9213499930034844,0.017834186553955
450779,Bot,0.4461256498403132,0.0013582368955429,0.4628621754072317,0.0192236900329589
451779,DoS attacks-Slowloris,0.0,1.0,1.0,0.0188474655151367
452015,DoS attacks-Slowloris,0.0,1.0,1.0,0.0192303657531738
452263,DoS attacks-Hulk,0.5156630855753019,-0.0051350760899324,0.526373100824143,0.0178933143615722
452893,DoS attacks-Hulk,0.5194253622233789,-0.0070359004397978,0.5289911881377589,0.0213298797607421
453106,DoS attacks-Hulk,0.5152972290896323,-0.0059372363988561,0.5250602455286454,0.023897647857666
454267,DDoS attacks-LOIC-HTTP,0.4452501928233412,0.0118963775772502,0.486070234683487,0.0240368843078613
454565,Infilteration,0.3338450757232607,0.0962158095608712,0.3487612939617101,0.0234038829803466
455558,DoS attacks-Hulk,0.5300280697222444,-0.0110000966458623,0.5381881644143909,0.0236485004425048
456521,Infilteration,0.938943958245522,0.079349668411724,0.6610041430363373,0.0240697860717773
457110,Infilteration,0.3371307577358015,0.107434992752242,0.3835140466278582,0.0169348716735839
457772,DDOS attack-LOIC-UDP,1.0,0.9923170804977416,0.9923170804977416,0.0176372528076171
458156,Benign,0.2305342714746465,0.85444336607086,0.932124464730584,0.0178194046020507
458210,Bot,0.3825804861988356,0.0006878374153318,0.416486551118547,0.0171217918395996
458435,DoS attacks-Hulk,0.4794290946192796,-0.0088396189075851,0.4927309746164645,0.0177071094512939
458576,DDoS attacks-LOIC-HTTP,0.9754209855613049,-0.0355489811270867,0.97969204995541,0.0170879364013671
459088,DoS attacks-GoldenEye,0.4054101878098085,0.0025879547276382,0.4293088719454613,0.0175018310546875
459692,SSH-Bruteforce,0.971171361641123,-0.0447230874044002,0.9742268223601636,0.0171844959259033
459739,Bot,0.4577236105093657,0.0072904979211273,0.488254608819791,0.0184848308563232
460189,FTP-BruteForce,0.968986151396301,-0.0326807109812426,0.6100250752619221,0.0175342559814453
460214,DoS attacks-SlowHTTPTest,0.816451367355905,-0.0251512898630583,0.5375236851057151,0.0168423652648925
460217,SSH-Bruteforce,0.967919091897055,-0.0483798489872772,0.970498234033968,0.0170953273773193
460443,Brute Force -XSS,1.0,0.9813684821128844,0.9813684821128844,0.0171790122985839
461083,Infilteration,0.3110258387333113,0.1051106553712747,0.3600638732331685,0.0191385746002197
462813,Brute Force -Web,0.4404341182128896,-0.0069425049332178,0.4350052832981861,0.0228192806243896
463354,DoS attacks-GoldenEye,0.8066275142383302,-0.0344640632587902,0.8058734951155564,0.0239965915679931
463389,DDOS attack-LOIC-UDP,1.0,0.6947348713874817,0.6947348713874817,0.0225238800048828
464264,DDOS attack-HOIC,0.4687066880252974,0.0032597981326526,0.4817297538537511,0.0226731300354003
464916,DDOS attack-HOIC,0.4164527492386886,-0.0099061127814119,0.4333068486803921,0.0233404636383056
465013,DDoS attacks-LOIC-HTTP,0.6160642160876468,-0.0051557559236541,0.6640649488971548,0.0210883617401123
465025,DDoS attacks-LOIC-HTTP,0.6278371413499955,-0.0028906777431582,0.6720445751318199,0.0171899795532226
465061,Brute Force -Web,0.412397963167327,-0.0044238096766119,0.25039906467972,0.0171937942504882
465189,DoS attacks-Slowloris,2.9241054022577373e-12,0.99995255470119,0.9999525547027568,0.0172474384307861
465399,FTP-BruteForce,0.6725570814243909,-0.0168360773472956,0.6505837165583737,0.016864538192749
465523,Infilteration,0.5502839435191622,0.0704785092058094,0.5194379780752475,0.0175492763519287
466524,Bot,0.4123000754944438,0.0090790147346077,0.4375444688546568,0.0185687541961669
466908,SSH-Bruteforce,0.9723798729902976,-0.034208762727851,0.9772435115658364,0.017120361328125
467947,DDoS attacks-LOIC-HTTP,0.6288470498183307,0.0007596070044344,0.6821583091446132,0.0170948505401611
468844,Benign,0.2143340204099285,0.8554487617039862,0.8890894617721113,0.0177352428436279
468943,DDOS attack-LOIC-UDP,1.0,0.9923926591873168,0.9923926591873168,0.0168220996856689
469503,DoS attacks-GoldenEye,0.528611007238769,0.0004563045441166,0.542284262959537,0.0167837142944335
470208,Infilteration,0.9355832280668714,0.0802866229543792,0.757805195781374,0.0172290802001953
470293,Bot,0.4485279900893698,0.0007577206830765,0.4786900407645881,0.0168049335479736
470325,Brute Force -Web,0.6064358279493718,-0.0126987724033491,0.6063060012454694,0.0174102783203125
470562,DoS attacks-Hulk,0.5072250418234174,-0.0079375859432627,0.5175895211224215,0.0168254375457763
471104,Infilteration,0.9411452494336396,0.0771404593046669,0.7056022297133123,0.0167939662933349
471531,DoS attacks-Slowloris,0.6158071536185259,-0.0125678722900816,0.6228123862271493,0.017333984375
472333,DoS attacks-SlowHTTPTest,0.6493827858477712,-0.0180575162000439,0.5715740811533704,0.0190534591674804
472733,Infilteration,0.3457151303198975,0.1034289470453196,0.36881578258682,0.0167608261108398
473231,DoS attacks-SlowHTTPTest,0.844267896516417,-0.028032626508703,0.5052151028014289,0.0172557830810546
473975,SSH-Bruteforce,0.977309080637628,-0.0319204732257959,0.980261983327642,0.0171465873718261
474070,DoS attacks-Slowloris,9.81337233696422e-12,0.9999629259056444,0.9999629259109432,0.017101764678955
474577,Benign,0.2674808629805644,0.8569348025005872,0.9846886485434686,0.0167429447174072
474715,DDOS attack-HOIC,0.477206429447056,-0.0006734383889082,0.4889040918297034,0.0170583724975585
475209,DDoS attacks-LOIC-HTTP,0.5847995262068184,-0.003926699225776,0.6428527478244452,0.0167262554168701
476206,Brute Force -XSS,1.0,0.9819608926773072,0.9819608926773072,0.0165925025939941
476336,Brute Force -XSS,1.0,0.980762779712677,0.980762779712677,0.0168540477752685
476676,DoS attacks-SlowHTTPTest,0.6984728486056675,-0.021348200043418,0.5695478236312945,0.0170018672943115
476835,DDOS attack-LOIC-UDP,1.0,0.9937149882316588,0.9937149882316588,0.0171370506286621
477610,DoS attacks-GoldenEye,0.5529179813765612,0.002657992240321,0.5652940023176275,0.0168731212615966
477734,DDoS attacks-LOIC-HTTP,0.7773411692377559,-0.0225951768482744,0.8092219479965578,0.0181503295898437
477804,Benign,0.0025731698523819,0.9989555418598308,0.9994959799489844,0.0185658931732177
478158,Benign,0.2176565289714214,0.8617531068596161,0.9315731081653364,0.017435073852539
478730,DDOS attack-LOIC-UDP,1.0,0.9720861911773682,0.9720861911773682,0.0174224376678466
480588,Benign,0.2138904877760862,0.8491837421627609,0.9170835049990054,0.0174169540405273
481014,SSH-Bruteforce,0.972123165326772,-0.0404045063143992,0.9740604331493647,0.0194172859191894
481737,SSH-Bruteforce,0.9675085332769856,-0.0481345777612434,0.9730580678005768,0.0169453620910644
482959,SSH-Bruteforce,0.9654160480426744,-0.0466915971920901,0.971208019836668,0.0167884826660156
483707,Brute Force -Web,0.715724064256644,-0.0208401485409283,0.6932790764349863,0.0172045230865478
484737,Bot,0.464944787903309,0.0043238497433259,0.4892673977809071,0.0176007747650146
485929,DoS attacks-Slowloris,0.0,1.0,1.0,0.0169546604156494
486892,DDOS attack-HOIC,0.4725402724194329,-0.0068721994344745,0.483604095680009,0.0177845954895019
486934,DDoS attacks-LOIC-HTTP,0.4941954201235505,0.0049869859500568,0.5494380172685513,0.0171573162078857
487209,DoS attacks-GoldenEye,0.4683718758676497,-0.0006622599719373,0.4858165757691093,0.0176694393157959
487263,DDOS attack-LOIC-UDP,1.0,0.9899681806564332,0.9899681806564332,0.0172634124755859
487387,DDoS attacks-LOIC-HTTP,0.4077642692661148,0.0290823756526333,0.4594028348282781,0.0170032978057861
488135,Benign,0.2222515301354607,0.8480387807762702,0.917640910138472,0.0174474716186523
488231,Bot,0.4143293751418281,0.0061660745844532,0.4483233445482441,0.0177128314971923
488992,DoS attacks-GoldenEye,0.5209923566300065,-0.01356410829824,0.5339510986654668,0.0181422233581542
489470,DoS attacks-GoldenEye,0.7160156745368855,-0.0183328731232383,0.7181408037030035,0.0179598331451416
489800,SSH-Bruteforce,0.9672687049637664,-0.0400883867441539,0.9731058202631222,0.0194611549377441
490284,Benign,0.2383645537131835,0.8407953168512456,0.9213254284981626,0.0182561874389648
490420,Benign,0.2565443399504709,0.8433895662549319,0.9164847187663888,0.0183668136596679
491715,DoS attacks-SlowHTTPTest,0.7714827178553698,-0.0149354483728496,0.443783081323551,0.0184056758880615
491728,DDOS attack-LOIC-UDP,1.0,0.8995716571807861,0.8995716571807861,0.0170888900756835
492002,DoS attacks-SlowHTTPTest,0.797496959238693,-0.0258657950155678,0.5267971322127517,0.0177845954895019
492969,DDOS attack-LOIC-UDP,1.0,0.9691393971443176,0.9691393971443176,0.019237995147705
493521,DDOS attack-LOIC-UDP,1.0,0.9473586678504944,0.9473586678504944,0.0186164379119873
494286,DoS attacks-GoldenEye,8.26116952623579e-13,0.9997923970218084,0.9997923970222468,0.0178475379943847
494413,Infilteration,0.3298699330280135,0.1074256248136337,0.3694432310429197,0.0177772045135498
495591,DDoS attacks-LOIC-HTTP,0.6207413195617796,-0.0026559570611321,0.6723319986577455,0.0175623893737792
496053,DoS attacks-Hulk,0.5121931389424881,-0.006221003842588,0.5228826358424434,0.018165111541748
496791,Bot,0.4573161154944998,0.0005941500724323,0.484034408075403,0.0183005332946777
496970,DoS attacks-Hulk,0.5081009309559021,-0.0142921735560143,0.5181049803612214,0.0180423259735107
497795,DDOS attack-LOIC-UDP,1.0,0.7704574465751648,0.7704574465751648,0.016925573348999
498379,Brute Force -Web,1.0,0.989919900894165,0.989919900894165,0.132087230682373
498583,Infilteration,0.3081601514970357,0.0993556269240665,0.3202988155226933,0.0177392959594726
498647,Brute Force -Web,0.6901511506249955,-0.0334990608747882,0.6699875329459081,0.0172736644744873
498915,DoS attacks-Slowloris,5.054623386513413e-12,0.99996459483829,0.9999645948410004,0.0177514553070068
499022,Bot,0.4854492379218952,-0.0044488414697557,0.4980354447041245,0.0169398784637451
499151,SSH-Bruteforce,0.9712061358629056,-0.048639802978342,0.9725672082403156,0.0169517993927001
499280,DoS attacks-GoldenEye,0.6867085563403501,-0.0104308886776633,0.69371890613097,0.0168447494506835
499490,DoS attacks-Slowloris,0.0,1.0,1.0,0.0167701244354248
500197,Bot,0.499139622663004,0.0025183147756746,0.5271737553467687,0.0166661739349365
500247,DoS attacks-Slowloris,4.513722728916037e-12,0.9999581575369456,0.9999581575393648,0.0171175003051757
500277,DoS attacks-GoldenEye,0.4843081722322567,-0.0086998408127848,0.5027367602359558,0.0178167819976806
500639,DoS attacks-GoldenEye,0.7972104101931803,-0.0306155878534191,0.7990413926995681,0.017003059387207
501343,DoS attacks-SlowHTTPTest,0.6410026377354021,-0.0160977705272223,0.454682639963797,0.0168201923370361
501715,DoS attacks-Hulk,0.5185107347672856,-0.008165675337408,0.5278813217687494,0.0170955657958984
501916,DDOS attack-HOIC,0.476296051578721,-0.0027792297830754,0.4882135196464003,0.0171000957489013
502356,Benign,0.2539966555401016,0.8526911270420918,0.9073638068308968,0.0207104682922363
502711,Infilteration,0.8835026358993361,0.0960763006443655,0.5030593494376823,0.018418550491333
503052,Brute Force -XSS,1.0,0.9796956777572632,0.9796956777572632,0.02071213722229
504769,DoS attacks-SlowHTTPTest,0.6565198234818591,-0.0184142723712653,0.4649207838275709,0.0212650299072265
507562,DDOS attack-HOIC,0.4686028961318588,-0.0083098219765912,0.4815666589520055,0.0168266296386718
507576,FTP-BruteForce,0.9869655465624798,-0.0159317967368045,0.6733409574384711,0.0166437625885009
509162,Infilteration,0.3377809195584428,0.1072159022217009,0.3710422106912376,0.0173952579498291
509759,DoS attacks-GoldenEye,0.6945241076998396,-0.0230390917817933,0.7058593993645899,0.0171442031860351
509950,DoS attacks-Hulk,0.5567335580773631,-0.0099784374606378,0.5623725424968885,0.0206038951873779
510614,Bot,0.4241642040665082,0.0042932871829057,0.4463331364457639,0.024942398071289
510672,FTP-BruteForce,0.6420417011692321,-0.013414711149258,0.4569068414569339,0.0226948261260986
511057,DoS attacks-Hulk,0.5105496070172919,-0.004562429815324,0.5209282077141967,0.0242564678192138
511838,SSH-Bruteforce,0.9701327802254902,-0.0438426303586039,0.9732220167182806,0.0235881805419921
512234,DDoS attacks-LOIC-HTTP,0.7434512074730623,-0.0019688387364443,0.7869228229584063,0.0192062854766845
512406,Infilteration,0.6485587379450878,0.082973626523098,0.5796758591980408,0.017561912536621
513915,DDoS attacks-LOIC-HTTP,0.8555534298249847,-0.0195107496901623,0.8936196558017871,0.0179476737976074
513948,FTP-BruteForce,0.9683670661342184,-0.0276483262873711,0.6098663793942916,0.0178244113922119
514169,FTP-BruteForce,0.0001009580809999,0.9210745591053802,0.9211248763575168,0.0180497169494628
514378,Brute Force -Web,0.4406542155610872,0.0023444025496539,0.4507137799247055,0.0175871849060058
514487,Infilteration,0.5266183360700367,0.0811056671899859,0.6219864560533737,0.0174026489257812
515246,Benign,0.2949148540279112,0.8596635577049252,0.998320256528456,0.0173256397247314
515335,Infilteration,0.4274735378645415,0.0959537167207486,0.4476415518058652,0.0168013572692871
515574,DoS attacks-Hulk,0.4817863396758977,-0.0108044208958543,0.4945075912478476,0.0174376964569091
515837,DoS attacks-Hulk,0.5010073289562171,-0.0094242340494062,0.5123685328452621,0.0172731876373291
516812,DoS attacks-Slowloris,0.6281033812870532,-0.0110125983101349,0.6332288776551699,0.0170850753784179
517291,Brute Force -Web,0.4325936924201387,0.0037075867100651,0.4271538468399785,0.016913890838623
517324,DoS attacks-Slowloris,0.3942017889548381,0.0015474275635161,0.3085898784838045,0.0180103778839111
517438,DoS attacks-SlowHTTPTest,0.7934736123567844,-0.025444657474325,0.5242439320953325,0.0183541774749755
517938,DDOS attack-HOIC,0.493544161050419,-0.0092395990039447,0.5021509368935455,0.017298936843872
518001,Infilteration,0.4692376199898883,0.089381409701494,0.4749995047469632,0.017068862915039
518108,DDOS attack-HOIC,0.4825178665183921,0.0093401102769982,0.495010700408387,0.017751932144165
518911,Infilteration,0.3758210629419278,0.0941536008826405,0.3826722542133727,0.0202002525329589
519101,DoS attacks-SlowHTTPTest,0.6507218241523907,-0.0183705566579693,0.4889559283103815,0.0237429141998291
519731,DDoS attacks-LOIC-HTTP,0.6039169741822634,0.0044854471165756,0.6524444445810043,0.0224127769470214
519793,Infilteration,0.510002221761674,0.0894770248056166,0.4698700421822426,0.0205473899841308
519990,Brute Force -Web,1.0,0.9899923205375672,0.9899923205375672,0.0167787075042724
520651,Benign,0.2960296841782915,0.8565483495761245,0.9587434760197762,0.0167760848999023
520811,Brute Force -Web,1.0,0.9902001023292542,0.9902001023292542,0.0166194438934326
521292,DoS attacks-Slowloris,2.7006175074006933e-12,0.9999518394455807,0.9999518394470196,0.0176646709442138
521385,DoS attacks-GoldenEye,0.406877936266697,0.0080235405582801,0.4281386028367768,0.0178315639495849
521409,Infilteration,0.2799101180850695,0.1016832128927284,0.3280689363863016,0.0177023410797119
521524,DoS attacks-Slowloris,0.0,1.0,1.0,0.0202598571777343
521606,Benign,0.2087022180098386,0.8577015249677926,0.9037487582917414,0.0198211669921875
521700,Brute Force -XSS,0.4581036351643111,-0.0011700358845781,0.4592765139283383,0.0205554962158203
521833,DoS attacks-Slowloris,0.6250345851301287,-0.0234224231524525,0.6287493692203282,0.0183563232421875
522204,Brute Force -XSS,0.4192440327802524,-0.000234164545695,0.4324966030738147,0.0186970233917236
522450,DoS attacks-Hulk,0.499109015761949,-0.0120575029029921,0.5104929101122221,0.0188026428222656
522606,Infilteration,0.9453936312107089,0.0718930162063864,0.7579840117697425,0.0198593139648437
522632,DDoS attacks-LOIC-HTTP,0.5901069832103887,0.0026796411823869,0.6272680265006535,0.0178909301757812
524341,Brute Force -Web,0.4489271017779312,-2.7798112938848263e-05,0.3608603284015125,0.0169405937194824
524431,DoS attacks-SlowHTTPTest,0.8460162941005018,-0.02422295420654,0.5067900725530473,0.0167121887207031
524740,Bot,0.4584975991618252,0.0108088988868206,0.4772761499924437,0.0196516513824462
524824,FTP-BruteForce,8.391384237471655e-05,0.921083263885106,0.9211248971480838,0.0171663761138916
525152,DoS attacks-Slowloris,0.0,1.0,1.0,0.0173892974853515
525166,DoS attacks-GoldenEye,0.6933690260425274,0.5139667822201528,0.997377442552746,0.0174119472503662
525261,Bot,0.4261189344437815,0.0079976230557423,0.4501489366248672,0.0166456699371337
525466,DDOS attack-HOIC,0.4690772907447267,-0.0081507233912569,0.4818907194306077,0.0167758464813232
527604,Brute Force -Web,0.4353164338253217,-0.0028498182532444,0.4424090009973015,0.0168902873992919
527622,DoS attacks-SlowHTTPTest,0.806311104946286,-0.0223186780502547,0.5316273233173363,0.0173709392547607
528023,DDOS attack-LOIC-UDP,1.0,0.9883866906166076,0.9883866906166076,0.0169510841369628
528258,Bot,0.43718466745257,0.0087124985664963,0.4654598347889093,0.0171542167663574
528901,DDOS attack-HOIC,0.4901498855920142,-0.0005012819254804,0.5004031635130822,0.0170910358428955
529044,DDOS attack-LOIC-UDP,1.0,0.9459185600280762,0.9459185600280762,0.0168678760528564
529520,FTP-BruteForce,0.9841127806509228,-0.0053371010465154,0.6736280115367966,0.0168461799621582
529556,DoS attacks-Hulk,0.7155343988343041,-0.0336703026410374,0.7170606601743809,0.017082929611206
530909,Benign,0.3546486362250002,0.8541690203078065,0.9735947719396456,0.0179719924926757
531225,Brute Force -Web,0.4285066865567343,-0.0001127461595157,0.4195401155888295,0.0177741050720214
531607,FTP-BruteForce,0.0001070500701942,0.9210712887370418,0.9211248679849552,0.0171234607696533
531733,DoS attacks-Hulk,0.5453434604689447,-0.009121809964706,0.5518244264666808,0.0174038410186767
532195,Benign,0.3963824360753404,0.8627930192323011,0.998111801759876,0.0196008682250976
532287,DoS attacks-GoldenEye,0.7400886478961572,-0.0200726345336064,0.7506327356017296,0.0186212062835693
532375,DoS attacks-GoldenEye,0.6656946503300708,-0.0170594662027622,0.6804600414360766,0.0187046527862548
533025,Benign,0.3133920498877467,0.8590894496575117,0.9957781684100772,0.0204589366912841
533710,DDOS attack-LOIC-UDP,1.0,0.9897375702857972,0.9897375702857972,0.0194075107574462
534876,DoS attacks-Slowloris,2.437272605959606e-12,0.9999580383287658,0.9999580383300768,0.0200045108795166
535830,DDOS attack-LOIC-UDP,1.0,0.9872708916664124,0.9872708916664124,0.0212414264678955
535970,DDOS attack-LOIC-UDP,1.0,0.8297119140625,0.8297119140625,0.0202736854553222
537128,DDOS attack-HOIC,0.4565994770417091,-0.0006757732085265,0.4709995291613387,0.0205233097076416
537276,DDOS attack-HOIC,0.4888064068728098,0.0037705934858187,0.5002000389031521,0.0221569538116455
537705,Benign,0.1882266799162726,0.8608574411672939,0.8922475098320404,0.023923635482788
537964,SSH-Bruteforce,0.9751784809689708,-0.0360403462434854,0.980218977432275,0.0196185111999511
537993,Infilteration,0.6327504591072678,0.0857767439843761,0.608093697332345,0.0187103748321533
538093,Bot,0.4178403183036192,0.0136486694460298,0.4517162450221041,0.0182654857635498
538599,DDoS attacks-LOIC-HTTP,0.5935276235669373,-0.0037901876442323,0.6367894022715558,0.01735520362854
539630,DoS attacks-Hulk,0.525646624691033,-0.0057704509398152,0.5348489453784421,0.0178396701812744
540528,FTP-BruteForce,0.9854748311017107,-0.0128397320266856,0.6733298055963309,0.0191965103149414
541526,DDoS attacks-LOIC-HTTP,0.9327091148280492,-0.0199859381911083,0.9519369576388644,0.0194435119628906
541726,DoS attacks-Hulk,0.5270405825058135,0.0006570038469093,0.5374392009023841,0.0193710327148437
541907,Benign,0.2581146176026601,0.8436672012845422,0.9178112211512792,0.0191020965576171
542057,DDoS attacks-LOIC-HTTP,0.9245561492810892,-0.0356368397944356,0.9387844016488884,0.0176737308502197
542466,Infilteration,0.2928052765018859,0.1026208687648068,0.3554617234365496,0.0173323154449462
542478,SSH-Bruteforce,0.905191068513481,-0.0353386900041761,0.9252908969068004,0.0170485973358154
542508,Bot,0.4018404177966007,0.0097627777199536,0.4363945232356259,0.0171527862548828
542957,DoS attacks-GoldenEye,0.5432225046711594,-0.0025656762702907,0.5504674088657869,0.020883560180664
544187,DDoS attacks-LOIC-HTTP,0.9375311697782908,-0.0381653705333643,0.9552355385276056,0.0230734348297119
544602,DDOS attack-HOIC,0.801116725771368,-0.0464393398956668,0.8015008352604431,0.0223538875579834
544810,Bot,0.450375676821288,0.008491540462402,0.4766858336695646,0.0173945426940917
544974,DoS attacks-Hulk,0.5358121902108922,-0.0081718959709728,0.543561887734165,0.0172357559204101
545075,Benign,0.0026988005831363,0.9109108366274424,0.9118544114834598,0.0192978382110595
545791,Bot,0.4247590141991179,0.0025175401635423,0.4435152802992724,0.0172915458679199
546990,DoS attacks-Slowloris,8.278933094629792e-13,0.9999732971186924,0.9999732971191402,0.0177795886993408
547278,Benign,0.2567380566150935,0.8485194208250014,0.8810490220379763,0.0170347690582275
547723,DoS attacks-GoldenEye,0.8474231388492481,-0.0342693900152257,0.846745824619677,0.017514944076538
547988,DDOS attack-LOIC-UDP,1.0,0.982386589050293,0.982386589050293,0.0169374942779541
549022,Brute Force -Web,0.4287572093399027,0.0019698324416711,0.4314362046233645,0.0170316696166992
550193,Bot,0.5036831574451641,0.0094140204000194,0.5199049346179229,0.0169441699981689
550265,DDOS attack-HOIC,0.4795227260374382,0.0029110639026215,0.4916508228208869,0.0168712139129638
550396,Benign,0.1907033823804723,0.8632891706907754,0.9034355017272044,0.0166907310485839
552215,DoS attacks-Slowloris,0.615403031628607,-0.0219891942502677,0.6210624511453119,0.0173578262329101
554166,DoS attacks-Hulk,0.5166392032926741,-0.0119924048934283,0.52651753068732,0.0172715187072753
555257,SSH-Bruteforce,0.969517827396814,-0.0538803607435288,0.9719613800046016,0.0167713165283203
555404,SSH-Bruteforce,0.9701392244174366,-0.0338129733456556,0.976381235849758,0.0173976421356201
556016,DoS attacks-Slowloris,8.998357614586895e-13,0.999949216842166,0.9999492168426508,0.0178463459014892
556032,Brute Force -XSS,1.0,0.9819300770759584,0.9819300770759584,0.0169739723205566
557077,SQL Injection,0.9876648552183824,-0.0336198089051691,0.9670894094686272,0.0174009799957275
557127,Benign,0.3311147336671272,0.8438912760933511,0.9945244551093636,0.0179674625396728
557149,DoS attacks-GoldenEye,0.5461331083046055,0.0019582761238202,0.5550065625468767,0.0196871757507324
557389,SSH-Bruteforce,0.9766072248664256,-0.0482247462647881,0.9810787265243708,0.0183885097503662
557903,DoS attacks-Slowloris,3.132050174770029e-12,0.999963998792876,0.9999639987945536,0.0175678730010986
558168,DDoS attacks-LOIC-HTTP,0.5920778616077707,0.0019539746979872,0.6556203436665606,0.017780065536499
558395,DDoS attacks-LOIC-HTTP,0.6383126203072307,0.0010635122097892,0.681705956138836,0.017625093460083
559195,DDOS attack-HOIC,0.4619460001816727,-0.0029220020974861,0.4745938789853104,0.0167517662048339
559359,SSH-Bruteforce,0.9774716232440136,-0.0385556606089015,0.9818607695144488,0.0170371532440185
559418,Brute Force -XSS,1.0,0.9819631576538086,0.9819631576538086,0.0172173976898193
559553,DoS attacks-Hulk,0.5109679025106535,-0.0067993672868012,0.5223504805089165,0.0169754028320312
559606,DoS attacks-Hulk,0.526694363548529,-0.0033895322519157,0.5360036246168032,0.0178303718566894
559993,DoS attacks-Hulk,0.5303529506795601,-0.0032214640694208,0.5388914360223424,0.0173370838165283
560536,Bot,0.4234273900596659,0.0111506170363461,0.447382978257122,0.01715087890625
561213,Bot,0.4572076089536456,0.0166095240023909,0.4780805820420203,0.0166079998016357
561935,DoS attacks-GoldenEye,0.5175292547821639,-0.0070414736011749,0.5278807782980006,0.0176296234130859
562873,DoS attacks-Slowloris,1.0944578576754793e-12,0.9999645948404128,0.9999645948410028,0.0174055099487304
563135,DDoS attacks-LOIC-HTTP,0.4317040624751639,0.0246318172419672,0.4907108173732115,0.0167806148529052
563562,Benign,0.2482696589740073,0.849088216267965,0.9490122406686514,0.0168406963348388
563636,DDOS attack-HOIC,0.4850486932621212,-0.0029556742305759,0.4947339976565583,0.016634464263916
564150,DoS attacks-Hulk,0.5186581198037368,-0.0017651951144723,0.5282894794742501,0.0167243480682373
564226,DDOS attack-HOIC,0.4701566116479905,-0.0072483415989248,0.4861434293110993,0.0175685882568359
564802,DDOS attack-LOIC-UDP,1.0,0.982386589050293,0.982386589050293,0.0180730819702148
565427,DoS attacks-SlowHTTPTest,0.6517897579084978,-0.0230193237999355,0.5721319689409959,0.0195045471191406
566199,FTP-BruteForce,0.9876601824714883,-0.0072369830552904,0.673632108812128,0.0176558494567871
566348,DoS attacks-Slowloris,0.0,1.0,1.0,0.0175998210906982
567518,DDoS attacks-LOIC-HTTP,0.8349308773968467,-0.0145715629112247,0.8631137647230712,0.017496109008789
567714,Brute Force -Web,1.0,0.9903510212898254,0.9903510212898254,0.017698049545288
567877,DoS attacks-SlowHTTPTest,0.7987363574237042,-0.0187011546455314,0.5277371525881376,0.0176751613616943
568399,DoS attacks-GoldenEye,0.4763731684048852,-0.0049626295259534,0.4908061764610932,0.0183627605438232
568838,SSH-Bruteforce,0.903849585799682,-0.0377854300758458,0.9107171441503368,0.0173125267028808
570118,DoS attacks-GoldenEye,9.929890243398631e-11,0.9997599720419884,0.9997599720954172,0.0199332237243652
571598,DDoS attacks-LOIC-HTTP,0.4675487596579548,0.0112178355278524,0.5237106760133934,0.0229063034057617
571642,DDoS attacks-LOIC-HTTP,0.6044973540700882,-0.0015746368924673,0.6505636440573198,0.0228040218353271
572379,Brute Force -XSS,0.4283379474062486,-0.0035931212542638,0.4391406671845825,0.0239653587341308
573111,DoS attacks-Hulk,0.5017702840075274,-0.0111986000889294,0.5126776887220417,0.0212893486022949
573424,Brute Force -XSS,0.4095366321850144,0.0017233462380063,0.3948789591009622,0.0168440341949462
573771,DoS attacks-GoldenEye,0.728610843514174,-0.0257501645318267,0.7414098550550718,0.0171751976013183
573880,DDOS attack-LOIC-UDP,1.0,0.9904419779777528,0.9904419779777528,0.0172433853149414
574170,DoS attacks-Hulk,0.4852079046789863,-0.0119979031857552,0.4963286988678328,0.0189423561096191
576116,Benign,0.2423692257898753,0.8634928452686493,0.937055899544005,0.0194578170776367
576152,DoS attacks-GoldenEye,0.5067289903143891,-0.0010972414162284,0.5248279186255775,0.0174198150634765
577200,Brute Force -Web,0.421646031235773,0.0014362863996626,0.2425156832384089,0.01749849319458
577695,SSH-Bruteforce,0.965721692067984,-0.0431683863019575,0.9721184042520834,0.0175256729125976
578079,DoS attacks-GoldenEye,0.7555920962726717,-0.0295950331783254,0.7604873402635651,0.0189969539642334
578698,DDOS attack-HOIC,0.4749447674190993,-0.0016670174820295,0.4875881723042115,0.0193486213684082
579553,Benign,0.1737916542162949,0.8542879128757149,0.8827917312523283,0.0181560516357421
579853,DoS attacks-GoldenEye,0.6144883085021946,-0.0152208170377933,0.637077349727489,0.0188610553741455
579978,Infilteration,0.3500120561718106,0.0969628227230369,0.3875575013182791,0.0187976360321044
581136,DoS attacks-Slowloris,0.6238629528624067,-0.0127918649925152,0.6274998033069638,0.0191316604614257
581490,DDOS attack-HOIC,0.4755422676830363,0.0004399775323208,0.4877870079391239,0.020179271697998
582425,Infilteration,0.3416133719568482,0.1037590340597336,0.3894595980175815,0.0178091526031494
582433,FTP-BruteForce,0.6291307644360346,-0.0187475180125904,0.448404211545549,0.018261432647705
582648,DoS attacks-Slowloris,0.0,1.0,1.0,0.0187475681304931
582796,Benign,0.2419638054511722,0.84970529404449,0.8989564057988516,0.0189907550811767
583069,Benign,0.207688414796657,0.8462178359276756,0.8730561985639966,0.0178694725036621
583318,DDoS attacks-LOIC-HTTP,0.6778181779178396,-0.0066134633009916,0.7244944862177396,0.0178806781768798
583369,SSH-Bruteforce,0.9703754569742824,-0.0404419751925354,0.9731907898920644,0.0172126293182373
584457,DDoS attacks-LOIC-HTTP,0.6102664648096141,6.987858452087159e-05,0.6605138720781026,0.0174634456634521
584834,SSH-Bruteforce,0.9721868825456276,-0.0452451873337143,0.9739756960105224,0.0192763805389404
585332,SSH-Bruteforce,0.96414830227632,-0.0483741801085184,0.9692078158070744,0.0181114673614501
585380,FTP-BruteForce,0.6121937805233172,-0.0144832361086737,0.4483742974965757,0.0174179077148437
586218,DoS attacks-GoldenEye,0.7102611213174617,-0.0233528752878191,0.7250903024430924,0.017996072769165
588010,DoS attacks-GoldenEye,0.9390775920679436,-0.0526059554612116,0.9371533427003472,0.0185608863830566
588054,Benign,0.2672007252490885,0.8463980685238823,0.971778644943996,0.0181822776794433
588844,DDOS attack-HOIC,0.4860157567022864,0.007470732524506,0.4974763083031771,0.0186808109283447
589312,DoS attacks-Slowloris,3.6637359812630166e-15,0.9999977350234964,0.9999977350234984,0.0195255279541015
589510,Benign,0.3041546477041845,0.8466992399567783,0.9863321149529614,0.0197505950927734
589863,DDoS attacks-LOIC-HTTP,0.8967812747479176,-0.0269994668408096,0.9164805153611087,0.0190815925598144
590538,Bot,0.4917744157905125,0.0015961251560522,0.5164301917266754,0.019594669342041
590726,DDOS attack-LOIC-UDP,1.0,0.9928478002548218,0.9928478002548218,0.01896333694458
591248,FTP-BruteForce,0.6582343639960786,-0.0178619543790156,0.6186146235479153,0.0210611820220947
592051,DDoS attacks-LOIC-HTTP,0.6509670204893795,0.010700331983831,0.6877304978438026,0.0352027416229248
592647,FTP-BruteForce,0.669372324335126,-0.0233001376533471,0.647776861743995,0.0227205753326416
593418,DDOS attack-HOIC,0.4951895188963261,-0.0012402579939453,0.5042282593252156,0.0208873748779296
593460,DDoS attacks-LOIC-HTTP,0.5995739624732555,-0.0026583006546608,0.6550257172071531,0.0190832614898681
593561,FTP-BruteForce,0.6686203595554487,-0.0217663172705892,0.6250502662915342,0.0185191631317138
593630,DoS attacks-GoldenEye,0.6351569979058335,-0.0166973914611385,0.6465372693611225,0.0194754600524902
593714,Bot,0.4159476802057951,-0.0001233785666163,0.4333576815838307,0.0175228118896484
594014,Infilteration,0.3752008747089814,0.0881683578544738,0.3813870878598511,0.0186896324157714
595185,DDoS attacks-LOIC-HTTP,0.9541155767444732,-0.023287992436402,0.9693070046539768,0.0177903175354003
598293,Brute Force -XSS,1.0,0.9819608926773072,0.9819608926773072,0.0176868438720703
599120,DoS attacks-Hulk,0.5325052915067026,-0.0003607303497882,0.5402967370135324,0.0183701515197753
599229,DoS attacks-SlowHTTPTest,0.6531479964971975,-0.0110472761990548,0.3502834162926794,0.0173466205596923
599616,DoS attacks-Hulk,0.5139829245378409,-0.0048752814959372,0.5251877962937141,0.0170569419860839
599680,FTP-BruteForce,0.9879605246663968,-0.0052682618713945,0.6736994544198194,0.0191984176635742
599997,SSH-Bruteforce,0.9635295507928596,-0.0393846070516284,0.9738742835229895,0.0173497200012207
601076,Benign,0.2443197641979466,0.8511098046714967,0.9218193224643492,0.0197107791900634
601248,Benign,0.2089840074850754,0.8502118735433579,0.9002515462871576,0.0200939178466796
601870,DDoS attacks-LOIC-HTTP,0.8522787835794483,-0.0270388126841339,0.879410412030134,0.0171766281127929
602139,FTP-BruteForce,0.9681254680697112,-0.0301641453945121,0.6095995165286752,0.0177898406982421
603609,DoS attacks-GoldenEye,0.4877477822954863,-0.00300308030594,0.4975044252364883,0.0176331996917724
604009,FTP-BruteForce,0.6741770940781124,-0.0243685984777567,0.6174532974691229,0.0188734531402587
604303,DoS attacks-Hulk,0.5263404989147115,-0.0091461671681953,0.5342348492910259,0.0190813541412353
604387,DoS attacks-Hulk,0.5311851661589305,-0.0023821984885587,0.5397843488482089,0.0177259445190429
604539,DoS attacks-SlowHTTPTest,0.6594463465327622,-0.0162552494823551,0.5794673641266389,0.0171568393707275
605097,DDOS attack-HOIC,0.4752852154709583,-0.0004504252015649,0.4885199407326261,0.0177304744720459
608011,DDOS attack-HOIC,0.4798619040578853,0.0006185497480116,0.4908364348457388,0.0174963474273681
611192,DoS attacks-Hulk,0.526006773930267,0.0003033521481871,0.5356212001912545,0.0179498195648193
611363,DoS attacks-Slowloris,0.0,1.0,1.0,0.0172624588012695
612695,Brute Force -Web,1.0,0.9891940355300904,0.9891940355300904,0.0177350044250488
613099,DoS attacks-Hulk,0.5357115515114149,-0.0072686453425047,0.5429119037308763,0.0173585414886474
613326,DDoS attacks-LOIC-HTTP,0.4041335349326078,0.0264179942440888,0.4513775269419467,0.0188686847686767
613991,SSH-Bruteforce,0.9685354240422074,-0.053404054789207,0.971831346395336,0.0180938243865966
614266,Brute Force -Web,0.4379775231151865,-0.0080614616587123,0.4168200130665698,0.0174291133880615
614472,Brute Force -Web,1.0,0.9903694987297058,0.9903694987297058,0.0175256729125976
615058,DoS attacks-SlowHTTPTest,0.6448601831769694,-0.0085755374695051,0.3280151662025659,0.0192680358886718
615305,Infilteration,0.3309500223665296,0.094172931467225,0.3519714929849865,0.0184979438781738
617223,FTP-BruteForce,0.0001193544391352,0.9210651291594548,0.92112485365911,0.02012300491333
618278,DoS attacks-SlowHTTPTest,0.7887475500465002,-0.0153640842685687,0.4533372148884617,0.0181317329406738
618502,DoS attacks-GoldenEye,0.4994505280600413,-0.0040411027420765,0.5128573651417688,0.0177011489868164
618663,Brute Force -Web,1.0,0.990050196647644,0.990050196647644,0.0176906585693359
619868,SSH-Bruteforce,0.9749106067065691,-0.0396153314220055,0.9767341322053056,0.0178227424621582
619955,Infilteration,0.3328329878061861,0.100860362894696,0.3902007014480527,0.0177981853485107
621179,DoS attacks-SlowHTTPTest,0.6605820557857104,-0.0113702093357324,0.496403623140259,0.0176153182983398
621479,DDOS attack-LOIC-UDP,1.0,0.995180606842041,0.995180606842041,0.017404556274414
621707,DDOS attack-LOIC-UDP,1.0,0.9942501783370972,0.9942501783370972,0.0176899433135986
621721,Benign,0.1816759691873403,0.8604683709312849,0.8928125418766343,0.0190029144287109
622745,FTP-BruteForce,0.6361091066525992,-0.0238236562677197,0.6208670648339638,0.0195236206054687
623338,DDOS attack-LOIC-UDP,1.0,0.9899681806564332,0.9899681806564332,0.0185062885284423
623373,DoS attacks-SlowHTTPTest,0.6466083090502047,-0.0100279992732699,0.4228548091747486,0.021165132522583
624337,DoS attacks-SlowHTTPTest,0.6881086046919462,-0.0157404748377173,0.5615625278253067,0.0196640491485595
625380,Benign,0.3564929375505856,0.8509591388569909,0.9890135274116452,0.0207355022430419
625897,Brute Force -Web,0.7213404038890445,-0.0271141621690226,0.6955709160414718,0.01951265335083
626041,DDoS attacks-LOIC-HTTP,0.896820581023257,-0.0274716869929023,0.9220485617373326,0.0175929069519042
626359,DDOS attack-LOIC-UDP,1.0,0.9948570728302002,0.9948570728302002,0.0177040100097656
626557,Bot,0.4474064699758058,0.0150791691860188,0.471763612233968,0.0208141803741455
626936,Infilteration,0.6357047313490165,0.0799380991650414,0.5935255107929278,0.0250756740570068
627642,DoS attacks-GoldenEye,0.4904876937155449,-0.0002857627143263,0.506937979881541,0.0251393318176269
628503,DoS attacks-SlowHTTPTest,0.6579293538951358,-0.0147065836154197,0.5777605925901768,0.0236527919769287
628867,Benign,0.3382306075238106,0.847098089117831,0.9910442890905636,0.0233843326568603
629734,Brute Force -Web,1.0,0.9903311729431152,0.9903311729431152,0.0233118534088134
629869,Bot,0.4266115989955378,0.0088066711039829,0.4570819803179882,0.0242981910705566
630081,Brute Force -XSS,0.4636551388808126,0.0036206177774545,0.4209025485371478,0.0234022140502929
630267,Infilteration,0.3424685023796715,0.0884886004986818,0.3768516780354961,0.0233702659606933
630346,DoS attacks-Hulk,0.5381636483468104,-0.0041169961519011,0.5467073788541809,0.0230481624603271
630869,DoS attacks-Slowloris,9.915623877532198e-12,0.9999313354439392,0.9999313354492122,0.0231695175170898
632131,DoS attacks-Slowloris,0.0,1.0,1.0,0.0234384536743164
634085,Benign,0.2830606616529745,0.853836029827417,0.9955860332865032,0.0229494571685791
634574,DoS attacks-Hulk,0.6778963556856815,-0.0302727342951427,0.6808306671637778,0.0242929458618164
634683,DDoS attacks-LOIC-HTTP,0.6302121913036579,-0.0006639194265828,0.6697303689340318,0.0243310928344726
635547,DDoS attacks-LOIC-HTTP,0.5936441474642086,7.423965310265901e-05,0.6449386449781271,0.0271558761596679
636981,DoS attacks-Slowloris,5.456080032217869e-12,0.9999639987916288,0.999963998794552,0.0251414775848388
637590,SSH-Bruteforce,0.913413879876988,-0.0355713135030478,0.9303736137413388,0.0226252079010009
638042,DDOS attack-LOIC-UDP,1.0,0.8350059390068054,0.8350059390068054,0.0222654342651367
639924,DoS attacks-GoldenEye,0.6709643143696314,-0.0307497982130242,0.6842148847389571,0.0228900909423828
640704,DDoS attacks-LOIC-HTTP,0.6171053215066411,-0.0055058866934061,0.6514072701079815,0.0228598117828369
641203,DoS attacks-GoldenEye,0.819963261560525,-0.0287819625209992,0.8200510386173839,0.0232205390930175
641423,Brute Force -Web,1.0,0.9897735714912416,0.9897735714912416,0.0225563049316406
643020,Bot,0.3839169880634037,0.0088890484551146,0.4344122619226194,0.0223968029022216
644030,DoS attacks-Slowloris,3.82582854285829e-13,0.9974228143689962,0.9974228143692014,0.0224285125732421
644516,DDOS attack-LOIC-UDP,1.0,0.8275321125984192,0.8275321125984192,0.0213744640350341
645490,DoS attacks-Slowloris,0.984162603011704,-0.0475209501116731,0.9793932928191992,0.018096923828125
645824,Benign,0.238184655183852,0.8602255339511756,0.9709898400058616,0.017223834991455
645970,DDOS attack-LOIC-UDP,1.0,0.9923926591873168,0.9923926591873168,0.0167691707611084
647108,DoS attacks-Hulk,0.5210642054924159,-0.0062369714920429,0.5303063710954868,0.0171999931335449
647221,DDOS attack-HOIC,0.838715129138603,-0.0372627479207219,0.8339748520392314,0.0167572498321533
648394,DDoS attacks-LOIC-HTTP,0.5923523517403932,-0.0051613194272976,0.6555830216721552,0.0167553424835205
648518,DDOS attack-HOIC,0.4634733756877089,-0.011303821524084,0.4747732528548628,0.0171294212341308
648720,DDOS attack-HOIC,0.4318850769673709,0.0045655935826366,0.448433388410146,0.0170545578002929
648799,Benign,0.0,0.987116277217865,0.987116277217865,0.0171511173248291
649611,FTP-BruteForce,0.6419203619870646,-0.0247258708473858,0.624415192853695,0.0179240703582763
650282,Infilteration,0.6680341058566646,0.0748312654439607,0.7200087577754153,0.0171954631805419
651601,SSH-Bruteforce,0.9672779610815416,-0.043519591147396,0.974024300747218,0.0168459415435791
651743,Brute Force -XSS,1.0,0.9808564186096193,0.9808564186096193,0.0168764591217041
652157,DoS attacks-Hulk,0.5259130539546519,-0.0098357986308781,0.5346432600954217,0.017007827758789
652478,DoS attacks-SlowHTTPTest,0.8724679226396914,-0.0220877097354613,0.5199856807548717,0.0183546543121337
652768,DDOS attack-HOIC,0.8047890313056831,-0.0403867414117183,0.804424340037666,0.0175340175628662
652891,Bot,0.4587283841221929,-0.0001213652869427,0.493632657244943,0.019320011138916
653069,DDOS attack-HOIC,0.4914866686941557,-0.0056284363648642,0.5008215942752905,0.0235521793365478
653140,DDOS attack-HOIC,0.4696505477844895,-0.0032569851955771,0.4822397272676957,0.022881269454956
654204,DoS attacks-GoldenEye,3.3819547162750036e-10,0.9980983136267126,0.9980983138081884,0.0230195522308349
654211,FTP-BruteForce,0.6576328631345087,-0.0125035292873261,0.4658073427461593,0.0244145393371582
654258,DDOS attack-LOIC-UDP,1.0,0.6755971908569336,0.6755971908569336,0.0227973461151123
654276,Brute Force -Web,0.713303638370951,-0.023479881019752,0.6877939547799614,0.0228021144866943
654496,FTP-BruteForce,0.6278211936131339,-0.0162386589053503,0.3664720689991104,0.0238673686981201
654659,DoS attacks-Slowloris,1.0244693982031094e-11,0.9999580383245136,0.999958038330071,0.0229942798614501
654908,FTP-BruteForce,0.0001073890306088,0.9210713767488814,0.92112486894028,0.0229427814483642
655627,Infilteration,0.3414615462852262,0.0935155581195329,0.3856225142258224,0.0230669975280761
656860,SSH-Bruteforce,0.97175269762138,-0.0451551193962809,0.973530385070793,0.0181546211242675
658282,Benign,0.2419874781739881,0.8623261270892011,0.9186577196720218,0.0202028751373291
658852,SSH-Bruteforce,0.969945125278885,-0.0495429379756049,0.9726500069617467,0.0247962474822998
661309,SSH-Bruteforce,0.9319018656114412,-0.0397964667984116,0.931743069453609,0.0217626094818115
661657,DoS attacks-GoldenEye,0.6827793780793303,-0.0198212802700063,0.6931984368287442,0.0183854103088378
662079,Brute Force -Web,0.5631566452004777,-0.0115348359036047,0.5616946735921146,0.0178143978118896
662125,DoS attacks-SlowHTTPTest,0.6221362284053567,-0.0186146024170029,0.4628944922286342,0.0226731300354003
662490,DDOS attack-LOIC-UDP,1.0,0.9926117062568665,0.9926117062568665,0.0320205688476562
663020,Brute Force -Web,0.4512044203582316,-0.0046929142406657,0.3624838726555782,0.0251011848449707
663131,FTP-BruteForce,0.6476161158463488,-0.0193026817753562,0.4595884870282614,0.0218229293823242
665093,Bot,0.3802089446868889,0.0099905824439075,0.4107702088931549,0.0183038711547851
665181,DoS attacks-GoldenEye,0.738558815827154,-0.0204203438374951,0.7472661972497063,0.0195608139038085
665520,DoS attacks-SlowHTTPTest,0.6475468443264365,-0.0200437135118742,0.487126750533607,0.0220448970794677
665609,DDOS attack-LOIC-UDP,1.0,0.962273895740509,0.962273895740509,0.017993688583374
665639,Brute Force -Web,1.0,0.9899444580078124,0.9899444580078124,0.0188860893249511
667343,DoS attacks-Hulk,0.5067123089143601,-0.0135386069542764,0.5173167783002148,0.0181200504302978
667959,Bot,0.4784067458537038,0.0007632189410686,0.4994949908703817,0.0176856517791748
668300,Bot,0.8331443229521778,0.3220099514914145,0.9689369151870418,0.0179371833801269
668437,DDOS attack-HOIC,0.4755301161873601,-0.0079308075401975,0.490541104417721,0.017388105392456
668596,Infilteration,0.2974350786360518,0.0939208447219145,0.3430730700057753,0.0172836780548095
668972,DoS attacks-Slowloris,0.6243842874930894,-0.0166493116651605,0.6287748903943546,0.0175254344940185
669816,Brute Force -XSS,1.0,0.9796366691589355,0.9796366691589355,0.0176842212677001
671747,DDOS attack-HOIC,0.8370527911794672,-0.0350527521604649,0.8349458317643506,0.0181922912597656
671863,DoS attacks-Hulk,0.5260526905379235,-0.0057486955226174,0.5344879261003938,0.017707347869873
672527,DDoS attacks-LOIC-HTTP,0.6229772516462331,-0.008410201573342,0.6631934648253008,0.0168917179107666
672743,DoS attacks-Hulk,0.5484795050388018,-0.0025265726030695,0.5551373411877103,0.0174591541290283
673338,DoS attacks-Hulk,0.5239559895276297,-0.0034588219645478,0.5331345904950108,0.0172936916351318
674573,Bot,0.4292248677455682,0.017277743286784,0.466886688470327,0.0172090530395507
675570,DDoS attacks-LOIC-HTTP,0.711742786915933,-0.010444240795844,0.7559218253540757,0.0174090862274169
675775,DDOS attack-HOIC,0.468693611035987,0.0020409877062224,0.4817722256515898,0.0168449878692626
675840,Infilteration,0.301156481881292,0.0915372699886385,0.3254611955950202,0.0171709060668945
675988,DoS attacks-Slowloris,0.0006815776869608,0.99761226104421,0.9979827206726958,0.0167896747589111
676095,Brute Force -Web,1.0,0.9896167516708374,0.9896167516708374,0.019273042678833
676164,FTP-BruteForce,0.0001242911917433,0.9210623861131068,0.9211248463745396,0.0202786922454834
676553,DDoS attacks-LOIC-HTTP,0.6122204530745265,-0.0030355107515281,0.6590795558181597,0.0193588733673095
677383,DDOS attack-LOIC-UDP,1.0,0.8626872897148132,0.8626872897148132,0.0180354118347167
677402,Infilteration,0.4592298694710349,0.1054576878229279,0.4794150005466132,0.0175821781158447
677410,Benign,0.2384196289544375,0.8597365849064907,0.963164827857351,0.0170495510101318
677440,DDOS attack-HOIC,0.4767050731849269,-0.005914939369639,0.4882729119553659,0.0197117328643798
677546,FTP-BruteForce,0.6792095498091926,-0.0112735347367627,0.437964791659746,0.0247490406036376
677734,DoS attacks-Hulk,0.5193309927793917,-0.0121712085289259,0.5292672415623388,0.0240664482116699
678287,DoS attacks-Hulk,0.5351864738576173,-0.0037213801156283,0.5429217192747737,0.0243697166442871
678955,DoS attacks-Slowloris,0.0007609041970433,0.7608720941408414,0.7611889180556151,0.0218114852905273
679069,DDOS attack-HOIC,0.4727047370429176,-0.0019533584634226,0.4852792297320809,0.0179696083068847
679619,Benign,0.2099957742484788,0.8593755764035125,0.9095460266728664,0.0187764167785644
680342,DDOS attack-HOIC,0.4635871279809048,-0.0002935135303301,0.476740978001259,0.0245974063873291
681271,Infilteration,0.2867373957165119,0.1062794760126682,0.3379534280222501,0.0233399868011474
681491,DoS attacks-Slowloris,4.551914400963142e-13,0.9997844099996044,0.9997844099998472,0.0196797847747802
681628,SSH-Bruteforce,0.9760603685495146,-0.0482743894632268,0.974902036935968,0.0176939964294433
681904,SSH-Bruteforce,0.973382310333508,-0.0437953081015597,0.9748761221502006,0.0180015563964843
683028,Benign,0.3705781089923436,0.8481177849369876,0.9960842637159846,0.0214624404907226
683559,DoS attacks-Hulk,0.5218921948858467,-0.0020793014212836,0.5323857003614767,0.0240623950958251
685076,DDoS attacks-LOIC-HTTP,0.9304852856791272,-0.0360194924721605,0.9478822265016984,0.0231673717498779
685101,DoS attacks-Hulk,0.9156400848533262,-0.048935945147765,0.9109315949709156,0.019294261932373
685591,Brute Force -Web,1.0,0.9903591275215148,0.9903591275215148,0.0210037231445312
685888,DDoS attacks-LOIC-HTTP,0.6183840994802088,-0.0018748422083679,0.6653632688529652,0.0222465991973876
686965,DoS attacks-Hulk,0.5056349321601048,-0.0091816321453898,0.516926172059707,0.0195190906524658
687272,DoS attacks-Hulk,0.5228772293181932,-0.0047033200467626,0.532077027647072,0.0179767608642578
687709,DDOS attack-LOIC-UDP,1.0,0.9923926591873168,0.9923926591873168,0.0182080268859863
688091,DoS attacks-SlowHTTPTest,0.680607832135582,-0.0100592923803502,0.4799005112066772,0.0189855098724365
688116,DoS attacks-GoldenEye,0.7056614476247934,-0.032158264919771,0.7106296002734108,0.0171775817871093
688353,DoS attacks-GoldenEye,0.764181430658845,-0.0390181009422415,0.7740923017225003,0.018247365951538
688491,DoS attacks-Hulk,0.5176786308891556,-0.0081194733563746,0.5287228003144591,0.0174458026885986
690668,Bot,0.4766376106234677,-0.002151088090738,0.4939477425061484,0.018315315246582
690954,DoS attacks-GoldenEye,0.5170940832861444,-0.0006002871619714,0.5271660422382953,0.0203094482421875
691115,Infilteration,0.3380691955900231,0.1063822273517516,0.3412110698987503,0.0220494270324707
691430,Brute Force -Web,0.6355332961840494,-0.0187932453452593,0.6317173011033254,0.0188806056976318
691842,DDOS attack-LOIC-UDP,1.0,0.7534918785095215,0.7534918785095215,0.0183830261230468
692199,SSH-Bruteforce,0.9632792141399305,-0.0451162569273717,0.9684020409878769,0.0181124210357666
692563,DoS attacks-SlowHTTPTest,0.6391597981156961,-0.0199739906974146,0.5636323591802842,0.019005537033081
692621,DDOS attack-LOIC-UDP,1.0,0.9927577972412108,0.9927577972412108,0.0186147689819335
692937,DoS attacks-Slowloris,4.32631708235931e-12,0.999960064885668,0.9999600648879978,0.0187633037567138
692939,Infilteration,0.2637530456042701,0.1108565201431786,0.2948905368758067,0.0208866596221923
693701,SSH-Bruteforce,0.9695478952166172,-0.0520039275587592,0.9725713380266012,0.0270190238952636
693916,DoS attacks-SlowHTTPTest,0.6553366154910801,-0.0123472672462849,0.4390791221871899,0.0229938030242919
695058,Brute Force -XSS,0.4135319403767393,0.0033266756784359,0.4280283898032374,0.0189507007598876
695638,SSH-Bruteforce,0.9652829070034248,-0.0418350256273371,0.9740035401340564,0.0197112560272216
695843,Brute Force -XSS,0.410892614153319,-0.0025462000824769,0.401486128419466,0.019174575805664
696696,DDoS attacks-LOIC-HTTP,0.7663985227240061,-0.0099687536538085,0.7975770603825746,0.0197103023529052
697064,DDOS attack-HOIC,0.4595802497788532,-0.0062875047539518,0.4729217951485185,0.0190680027008056
697275,SSH-Bruteforce,0.9234237507334568,-0.032558497166883,0.9397720502006538,0.0221953392028808
697769,Brute Force -Web,1.0,0.9896368384361268,0.9896368384361268,0.0241680145263671
698426,DDoS attacks-LOIC-HTTP,0.9404487098733008,0.1624275439206248,0.9937826340297464,0.0197851657867431
698783,DoS attacks-GoldenEye,0.5219285311968831,-0.0083113784312614,0.5282667042520619,0.0179076194763183
