flow_id,pred_class,local_r2,intercept,local_pred,time_sec
172,DoS attacks-SlowHTTPTest,0.6371618324178796,-0.007913918995495393,0.34965995660468147,0.019500255584716797
731,SSH-Bruteforce,0.9754293882634102,-0.04205147171946699,0.9770346980182693,0.024117469787597656
787,DoS attacks-SlowHTTPTest,0.6548294330907686,-0.007581735461442501,0.46431823433227415,0.02078557014465332
1256,Infilteration,0.7577623571812007,0.06071545959923555,0.791409856437532,0.019330501556396484
1582,Brute Force -Web,0.4781193151325467,0.003997246589947323,0.44156270507499423,0.022494077682495117
3338,DoS attacks-Hulk,0.4866268513529247,-0.013253642436971948,0.49936139529071016,0.023163318634033203
3495,DoS attacks-Hulk,0.5291690509728957,-0.001027850988298433,0.537975820273898,0.02222275733947754
3770,DDoS attacks-LOIC-HTTP,0.9560881843744087,-0.017801270759631505,0.9651924115503296,0.017947673797607422
3784,DDoS attacks-LOIC-HTTP,0.6229033131055866,0.0026441155173084485,0.6759255204554039,0.01800084114074707
4054,Brute Force -Web,0.4245994794708393,-0.009885451243928492,0.39764488130373865,0.017493486404418945
4327,DoS attacks-Slowloris,4.5208281562736374e-13,0.9999437332150923,0.9999437332153317,0.018450498580932617
4463,DDOS attack-HOIC,0.8128742724863837,-0.039152518269069084,0.8113144162383293,0.01763129234313965
4725,Brute Force -XSS,1.0,0.9797573685646057,0.9797573685646057,0.018031835556030273
5100,SSH-Bruteforce,0.9711501176819693,-0.0439596991244231,0.9732996447063695,0.018430709838867188
5906,DoS attacks-Hulk,0.5199913646409179,-0.007900061872131471,0.5296340888138373,0.018317699432373047
6234,FTP-BruteForce,0.967761090047592,-0.03230107171973268,0.6089812501501659,0.019085168838500977
8793,DDoS attacks-LOIC-HTTP,0.9498098825752771,-0.027942028497970672,0.9619922457633782,0.019150257110595703
8844,DoS attacks-GoldenEye,0.531602352319585,-0.005802879114576491,0.5507172206523099,0.0191650390625
9514,DDOS attack-HOIC,0.46142923437660177,0.00013288072588254346,0.4734866915717518,0.019049882888793945
10459,DDoS attacks-LOIC-HTTP,0.5958854942068375,-0.0008704733936552439,0.6449921550200252,0.019547700881958008
11309,Brute Force -Web,1.0,0.990151584148407,0.990151584148407,0.020855188369750977
11329,DDoS attacks-LOIC-HTTP,0.6128318469980534,0.006241137689106807,0.6677203112247465,0.018728256225585938
11840,DoS attacks-Slowloris,7.019052006285165e-12,0.9999504089317521,0.999950408935542,0.020564556121826172
11950,DDOS attack-HOIC,0.44734395135305194,-0.001781762216452036,0.4619797667076084,0.020115137100219727
12033,DDOS attack-HOIC,0.42598272709151597,-0.006345210952879786,0.44292059544075935,0.020614147186279297
12163,DoS attacks-GoldenEye,0.44847526073714916,-0.005316105855411188,0.47570387831631167,0.019263505935668945
12365,Brute Force -Web,0.6058857600153054,-0.01476125926313647,0.6040738054464215,0.019629478454589844
13242,Infilteration,0.3251745226601679,0.09949302095887849,0.36245165018794046,0.017922163009643555
13566,DoS attacks-Slowloris,0.0,1.0,1.0,0.019579648971557617
13946,DoS attacks-SlowHTTPTest,0.692151898163524,-0.020664958070608072,0.5664964347267407,0.018193483352661133
14215,Bot,0.4720237161787062,-9.226925299640754e-05,0.49311607512052325,0.018594026565551758
15658,Brute Force -XSS,1.0,0.9819300770759583,0.9819300770759583,0.018160581588745117
15924,SSH-Bruteforce,0.9625825255805902,-0.052695335250874,0.9683294880857897,0.017814159393310547
16366,Bot,0.40129924172356335,0.006751499480497532,0.4345870626445594,0.017760515213012695
17100,DDOS attack-HOIC,0.494453734771061,0.005428614768826681,0.5051114561264809,0.01792287826538086
17227,DoS attacks-Slowloris,0.9878884934414945,-0.03788662138078969,0.9823074506533122,0.01798844337463379
17228,DDOS attack-HOIC,0.5045607529670965,-0.0007278377080106729,0.5123392838963586,0.018060684204101562
17231,DDoS attacks-LOIC-HTTP,0.4431982898841158,0.011987569918100967,0.49991721600651506,0.017597675323486328
17866,DDOS attack-LOIC-UDP,1.0,0.7495735883712769,0.7495735883712769,0.017730712890625
18255,SSH-Bruteforce,0.9530590026933661,-0.043338434848745055,0.9571018540531424,0.017926931381225586
18302,DoS attacks-SlowHTTPTest,0.6601866725415773,-0.01727708742339709,0.5797826013223167,0.018178701400756836
19068,Brute Force -XSS,1.0,0.9819300770759583,0.9819300770759583,0.018337726593017578
20056,Brute Force -XSS,1.0,0.9819300770759583,0.9819300770759583,0.017989397048950195
20734,DDoS attacks-LOIC-HTTP,0.40363623613298727,0.02549232897604766,0.45371894142220515,0.018346071243286133
20903,DoS attacks-SlowHTTPTest,0.6449360583383719,-0.018611166025631724,0.47761208626044727,0.01720404624938965
20922,Brute Force -Web,0.617004273394314,-0.006927696716414411,0.6144321797215901,0.017154455184936523
22508,SSH-Bruteforce,0.9345455666456809,-0.044525981969249284,0.944353248500501,0.017931699752807617
22780,FTP-BruteForce,0.7405731233667665,-0.013498198892582997,0.5333357025082867,0.01913905143737793
24518,DoS attacks-Slowloris,0.6221770735585168,-0.014523660603383143,0.6337727469101286,0.021509170532226562
25577,DDoS attacks-LOIC-HTTP,0.483958955123834,0.010379523523683681,0.5315005285045439,0.020009279251098633
26103,DoS attacks-Hulk,0.5217662525366231,-0.014238729107075063,0.5301585079038942,0.019859790802001953
26400,Infilteration,0.3562958117822834,0.10493598552520556,0.3869886377196833,0.018572092056274414
26662,Brute Force -Web,0.6144932576362718,-0.024241299529388277,0.6118903735973561,0.017773151397705078
27402,SSH-Bruteforce,0.9423346918008673,-0.037646083615245685,0.9475053788952696,0.017815113067626953
27421,Brute Force -XSS,1.0,0.9777065515518188,0.9777065515518188,0.017971515655517578
27685,DoS attacks-SlowHTTPTest,0.6245475023371909,-0.022368549450796762,0.47440164794770023,0.01807403564453125
28493,DDoS attacks-LOIC-HTTP,0.6298410596067705,0.013374709758828401,0.6887090796572727,0.01815319061279297
28878,DoS attacks-Hulk,0.6969866381784628,-0.02068400830319818,0.6991273289715171,0.02047252655029297
29535,Brute Force -Web,1.0,0.9903455376625061,0.9903455376625061,0.021178245544433594
30186,DoS attacks-Slowloris,6.280975739514361e-12,0.9999080896344338,0.9999080896377521,0.018155813217163086
30316,DDoS attacks-LOIC-HTTP,0.6080056047006408,0.0006108712845357411,0.6700199089010914,0.01777195930480957
30494,Benign,0.2108589262015942,0.8588357882710689,0.8990782027454837,0.018476009368896484
30548,Bot,0.3992578272171662,0.01109521022400517,0.4345877860324752,0.018598318099975586
30861,DDoS attacks-LOIC-HTTP,0.5893107342733829,-0.005306612863337487,0.6426200445963011,0.01815319061279297
31235,DoS attacks-Slowloris,0.5407972429956382,-0.010490539659297977,0.41304577533407544,0.01769852638244629
31263,FTP-BruteForce,0.9103943353635069,-0.028401886857600478,0.5320246852036167,0.01854991912841797
32293,FTP-BruteForce,0.00014934892794116195,0.9210485155168384,0.9211248101449393,0.01964592933654785
33069,DoS attacks-GoldenEye,0.6509626140438572,-0.022594605446532162,0.6658083273886818,0.018765926361083984
33734,DoS attacks-SlowHTTPTest,0.6850782645106146,-0.00995579793876502,0.5125754058224118,0.02052450180053711
34218,DoS attacks-Hulk,0.5048275568389063,-0.005464368320070842,0.5157774725544739,0.01849818229675293
34372,DoS attacks-Hulk,0.4916175344581445,-0.02023447196184571,0.5015321148318018,0.01797199249267578
35169,DoS attacks-SlowHTTPTest,0.6562369930200126,-0.011628731448694758,0.49283948629557467,0.017430782318115234
35834,DDoS attacks-LOIC-HTTP,0.6158072929067714,-0.0013228919723359683,0.6589309748674563,0.01753973960876465
35910,SSH-Bruteforce,0.9637162356325365,-0.046299871118946234,0.9717240073490108,0.01763296127319336
36718,DDoS attacks-LOIC-HTTP,0.6502578600182785,-0.0010336915541588332,0.6866136190649452,0.01844048500061035
36840,DoS attacks-Slowloris,5.07127673188279e-12,0.9999437332125577,0.9999437332153285,0.022549867630004883
37957,DoS attacks-SlowHTTPTest,0.695445591819891,-0.00905676038689382,0.44835865931772156,0.01869821548461914
38600,DoS attacks-Hulk,0.5269489167191229,-0.0018649310337809158,0.5372585183260461,0.018874168395996094
39107,FTP-BruteForce,0.7165144764132916,-0.019589845727935394,0.517011739130946,0.0180661678314209
39719,DDoS attacks-LOIC-HTTP,0.614758345541685,0.01114013934635627,0.6708737279524648,0.019625425338745117
40324,Brute Force -XSS,1.0,0.9819387197494507,0.9819387197494507,0.017818450927734375
40556,DoS attacks-SlowHTTPTest,0.6277034491531552,-0.01876156486566051,0.4734135999617472,0.019164562225341797
40715,DDOS attack-LOIC-UDP,1.0,0.9730594158172607,0.9730594158172607,0.02107548713684082
40737,DoS attacks-SlowHTTPTest,0.6315079430855657,-0.02464689660663133,0.5567695191840405,0.021813631057739258
42573,Brute Force -Web,0.4329513808141673,0.00503719619386539,0.441126143066021,0.02233600616455078
43708,Infilteration,0.28963759881215856,0.10088950883272582,0.35421523473620997,0.020150423049926758
43950,DoS attacks-GoldenEye,0.5221709544451865,-0.005778639870007887,0.5326561637267734,0.02101874351501465
43974,DoS attacks-GoldenEye,0.48791285007052665,-0.009545173665855833,0.5042913577717212,0.01906299591064453
44610,Benign,0.2802520905046486,0.8558499401057239,0.9813782805065425,0.018201351165771484
45214,FTP-BruteForce,0.9857907499697834,-0.0012224923920809427,0.6736494171786165,0.018589019775390625
46168,SQL Injection,0.9858690579155943,-0.045912929463230556,0.8080679197871039,0.01800227165222168
46299,Bot,0.4096504322897999,0.008475065692491894,0.4414158457604399,0.01808643341064453
47530,Benign,0.3297814300116515,0.8482581859119201,0.9716059537035718,0.018000125885009766
47891,SSH-Bruteforce,0.9687030991561415,-0.03760917789642232,0.9736297519971249,0.017675399780273438
49274,DoS attacks-GoldenEye,0.8179719740258484,-0.03917831366753455,0.8163200878182563,0.01953601837158203
49460,DDOS attack-LOIC-UDP,1.0,0.9231235980987549,0.9231235980987549,0.01817917823791504
49728,Brute Force -Web,1.0,0.9903579354286194,0.9903579354286194,0.018973588943481445
51095,Infilteration,0.33534120686768476,0.0988451374265447,0.34866840197807814,0.018060684204101562
51763,DoS attacks-Hulk,0.49022297296645745,-0.010720350404835828,0.5011880581005771,0.01775813102722168
51801,DoS attacks-Hulk,0.5317292707402368,-0.004917027273735428,0.5399521896357552,0.018993616104125977
52018,FTP-BruteForce,0.6501520232354969,-0.01471328856253401,0.6330753940400056,0.019407987594604492
52279,DoS attacks-GoldenEye,0.4990792115836086,-0.004206134899626138,0.5363774248973208,0.018395423889160156
53520,Benign,0.3455193291288725,0.8492201892955635,0.9950415652956992,0.017731666564941406
53684,DoS attacks-Slowloris,3.1771252295698105e-12,0.9999557733518774,0.9999557733535749,0.0172882080078125
54695,DoS attacks-SlowHTTPTest,0.808497688490368,-0.02255927001484906,0.5332840360636354,0.017862796783447266
55668,DoS attacks-GoldenEye,0.6987557221986189,-0.029836152220297174,0.712474836381936,0.017162084579467773
55705,DoS attacks-GoldenEye,0.7765689626660468,-0.027522080924274314,0.7887332241148937,0.01735544204711914
56007,DDOS attack-HOIC,0.48547242121413203,0.00590935503963614,0.49731287309063726,0.017860889434814453
56226,Bot,0.4867281319748661,-0.0020723541672673235,0.5059766578690109,0.01957225799560547
57617,DoS attacks-SlowHTTPTest,0.639048109650006,-0.014928425283576553,0.4812337654297111,0.018822431564331055
58379,DDOS attack-LOIC-UDP,1.0,0.9924570322036743,0.9924570322036743,0.022963285446166992
58667,DDOS attack-HOIC,0.4509806039585934,-0.002445664568867578,0.46650339391796325,0.026262521743774414
59083,DDoS attacks-LOIC-HTTP,0.6418088309751746,0.004453695039768613,0.6866728957007233,0.025142908096313477
59199,Bot,0.4395324366800437,0.0037963782294857806,0.4587415049907051,0.025350570678710938
59482,DoS attacks-Hulk,0.9126605162911142,-0.04900817269935506,0.9078225702101531,0.02566218376159668
60176,Benign,0.2259050807690549,0.849029136241578,0.9196258276191891,0.026102542877197266
60182,Bot,0.4682096137500643,0.0005953908143845055,0.5031171135239288,0.0286865234375
60281,Infilteration,0.2845774262796913,0.10509273171979971,0.33027630974074673,0.025044679641723633
60571,FTP-BruteForce,0.6690583337230703,-0.022907669756248944,0.6272365046502388,0.023310422897338867
61813,Infilteration,0.292263163447685,0.09942273128663034,0.34384415882365016,0.023052215576171875
61835,DoS attacks-SlowHTTPTest,0.6373914892416899,-0.020078916707452377,0.48586670245384717,0.02251911163330078
61906,DDoS attacks-LOIC-HTTP,0.46617006920249293,0.005965852852233208,0.5116594430000325,0.02301764488220215
62489,DoS attacks-Slowloris,0.6324984811905671,-0.006552140843238838,0.6372424260860946,0.023103713989257812
62513,Benign,0.2888960410355469,0.8577760568804151,0.9685537729380861,0.02356266975402832
63228,Brute Force -Web,0.4179549231266718,-0.004098743858108482,0.4152753754949416,0.023834228515625
63272,DoS attacks-SlowHTTPTest,0.6619033211342078,-0.011972885865579805,0.5811101280077742,0.023505210876464844
64517,Benign,0.00172594854295538,0.9660462952090089,0.9664185551544078,0.021312475204467773
65838,SSH-Bruteforce,0.9767363362875185,-0.03529967101774012,0.9757841742899319,0.01746082305908203
65934,Benign,0.2825373679752713,0.8491025951599346,0.964429598798564,0.019281625747680664
65936,FTP-BruteForce,0.6583114862560879,-0.02288075383303756,0.5598661107463994,0.017551422119140625
66016,DDOS attack-LOIC-UDP,1.0,0.9911113381385803,0.9911113381385803,0.019804954528808594
67293,Bot,0.4570146635223632,0.005270551754392491,0.47770600275161546,0.019708871841430664
68038,Benign,0.033965338268145295,0.9572890001778371,0.9652277454430492,0.020946502685546875
68427,Brute Force -Web,0.41342487588346644,-0.0035675022300956996,0.2893312122038439,0.021885156631469727
68687,Bot,0.4141745204930707,0.002897384960550295,0.44199917923125764,0.01889514923095703
68799,SQL Injection,0.9853654644045345,-0.029510543113589027,0.9649090384236166,0.017833471298217773
68943,DDoS attacks-LOIC-HTTP,0.5920940311111602,0.0027095115535360204,0.6445813273088664,0.018625259399414062
71814,DoS attacks-Hulk,0.5194677536138848,-0.006885949672261728,0.5292355117532225,0.01874089241027832
71892,DoS attacks-Slowloris,6.0563776216326914e-12,0.9999547004666639,0.9999547004699667,0.0206453800201416
71950,FTP-BruteForce,0.6250968178854657,-0.015391793851296617,0.3695837478683341,0.019739151000976562
72271,DoS attacks-Slowloris,0.0,1.0,1.0,0.02129387855529785
73232,SSH-Bruteforce,0.9674712810778396,-0.048330504832188315,0.9712931840563273,0.017511606216430664
73472,DDoS attacks-LOIC-HTTP,0.8319156939395846,-0.01562384633432956,0.8677988665298945,0.017601966857910156
73683,Bot,0.5001128150434753,-0.0018405634628066297,0.5216898362141125,0.017107486724853516
73788,DDOS attack-HOIC,0.4709997726430223,-0.004778512846684291,0.4825154830988393,0.0171658992767334
73809,DoS attacks-Slowloris,2.0631274466609284e-12,0.9999518394459189,0.9999518394470202,0.021087169647216797
74167,DDOS attack-LOIC-UDP,1.0,0.9926744103431702,0.9926744103431702,0.022567033767700195
75338,DoS attacks-SlowHTTPTest,0.6531346661877804,-0.023709700307496306,0.4917987722303333,0.019221782684326172
75549,DoS attacks-Hulk,0.49707133779795565,-0.010800247842153936,0.5085640256856272,0.0173797607421875
75572,FTP-BruteForce,0.6529254147822872,-0.021484201630832478,0.6051488714360846,0.017182350158691406
76102,DDOS attack-HOIC,0.4705759084995481,-0.003273462721531707,0.48332146231481954,0.016869306564331055
76339,SSH-Bruteforce,0.9758680962340736,-0.0430771619221908,0.9823591054685714,0.0172882080078125
76413,DoS attacks-Slowloris,6.046940725923378e-12,0.9999547004666942,0.9999547004699666,0.016947269439697266
76824,DDoS attacks-LOIC-HTTP,0.5705616582666904,0.0009619393681473687,0.609428094057311,0.0167086124420166
76830,DDOS attack-LOIC-UDP,1.0,0.7904378771781921,0.7904378771781921,0.01670980453491211
76953,DoS attacks-Hulk,0.5163787035675385,-0.015572505310866583,0.5246804942348525,0.017086267471313477
77078,FTP-BruteForce,0.00010738630597140197,0.9210712647879309,0.9211248684168521,0.016936063766479492
78286,SSH-Bruteforce,0.969440733456722,-0.05226749866468938,0.9755515768665306,0.01738715171813965
78437,DoS attacks-SlowHTTPTest,0.6775457340758699,-0.016901553977185624,0.5069556433838832,0.01899099349975586
78606,FTP-BruteForce,0.6718340276340387,-0.017219316235856305,0.6169864022984668,0.019804716110229492
78836,SSH-Bruteforce,0.976570201650325,-0.05077859531857121,0.9779537000516333,0.01903533935546875
79267,DDoS attacks-LOIC-HTTP,0.5921139545563385,0.0015397446994617203,0.650571606036727,0.018227338790893555
79772,FTP-BruteForce,0.00013228177513391337,0.9210582690349635,0.9211248363921719,0.019330978393554688
79875,DoS attacks-Hulk,0.5135440281092015,-0.006377597912262292,0.5246148380849768,0.02334737777709961
80453,DoS attacks-Slowloris,0.0,1.0,1.0,0.026218891143798828
80517,DoS attacks-GoldenEye,0.51580371820793,-0.005067693604653048,0.526995676403213,0.024254322052001953
80796,FTP-BruteForce,0.9624965049407815,-0.034842406125583536,0.6066694288948797,0.02618694305419922
80989,SSH-Bruteforce,0.9658641806606632,-0.04384113940678086,0.9741626258780305,0.023567676544189453
82741,DDOS attack-HOIC,0.8033571161109718,-0.03397433921833547,0.8016588880043878,0.021079063415527344
83758,DDoS attacks-LOIC-HTTP,0.37664086207612557,0.012103290480355508,0.44022158031156433,0.017547607421875
84004,DoS attacks-GoldenEye,0.9854727592759198,-0.010167325490660128,0.9906186568641936,0.017255306243896484
84451,DDOS attack-HOIC,0.7725666277681217,-0.042623028793660075,0.7744367584292957,0.017017602920532227
84596,Infilteration,0.3595057674643056,0.10254821674618583,0.40773087697936583,0.01677846908569336
85099,Infilteration,0.3636502926057875,0.10033587079144882,0.38108891521186805,0.01677703857421875
85863,DoS attacks-Slowloris,1.0103029524088925e-14,0.9999982118606513,0.9999982118606567,0.0183718204498291
85907,DDOS attack-HOIC,0.4471841662266762,-0.009043037288888917,0.4614060269182556,0.019773244857788086
86164,Brute Force -Web,0.43140980823236996,-0.0034910200639324818,0.4254097774584944,0.018175601959228516
86714,DoS attacks-Hulk,0.5057886319371196,-0.011777679685105777,0.515907904412784,0.017873764038085938
87301,DDoS attacks-LOIC-HTTP,0.43591140793468897,0.011752477573159073,0.4911790684183575,0.017740249633789062
87407,FTP-BruteForce,0.7392439328198036,-0.030043713705130065,0.7064718444356825,0.017624855041503906
88694,DoS attacks-SlowHTTPTest,0.7131153805336576,-0.02478531054100208,0.5800228501280181,0.016936779022216797
88816,Brute Force -Web,1.0,0.989620566368103,0.989620566368103,0.016690969467163086
89606,Benign,0.3543709914946319,0.8680323304438058,0.9963019537263204,0.017459869384765625
89689,DoS attacks-Slowloris,8.667511153248597e-13,0.9999580383296148,0.9999580383300777,0.01693582534790039
89871,DoS attacks-GoldenEye,0.9587520834146983,-0.05058504511482487,0.9618644943411492,0.020427227020263672
90062,DDOS attack-LOIC-UDP,1.0,0.9904419779777527,0.9904419779777527,0.017243146896362305
90422,FTP-BruteForce,0.9865208983599938,-0.012406881542237125,0.6733981109941722,0.016686677932739258
90591,Infilteration,0.2845384409679347,0.10176533690104486,0.3484537887337018,0.01683330535888672
90799,DDOS attack-HOIC,0.4899890646379115,1.570281668630824e-05,0.5025656726826067,0.017293214797973633
90855,Benign,0.24814651062745108,0.8490945457026862,0.9146009089217044,0.016941547393798828
90935,SSH-Bruteforce,0.9676983962474954,-0.04231083148331416,0.9688459074466705,0.016876220703125
91287,DDOS attack-HOIC,0.48017512108541205,-0.0028010021337953814,0.49136252195759983,0.017162322998046875
91415,Bot,0.4493865566469464,-0.002255696769928664,0.4754713791426392,0.016686201095581055
91509,DDOS attack-HOIC,0.8003546000358993,-0.03280726133554457,0.7996267672231163,0.016857385635375977
92264,Brute Force -Web,0.42028184586208495,-0.0010048872871647532,0.4129582204799856,0.017181396484375
92992,DoS attacks-SlowHTTPTest,0.8380390208108334,-0.02387085881084189,0.502786924168779,0.01804828643798828
92995,DoS attacks-SlowHTTPTest,0.8421966746945784,-0.030038968985654127,0.504705114081626,0.017398834228515625
93768,SSH-Bruteforce,0.9752883572441271,-0.047553019386451734,0.9793038414520439,0.017296791076660156
93921,DDOS attack-LOIC-UDP,1.0,0.9982268214225769,0.9982268214225769,0.017192602157592773
95197,DDOS attack-LOIC-UDP,1.0,0.9072080254554749,0.9072080254554749,0.017319202423095703
95302,DDoS attacks-LOIC-HTTP,0.606726658284032,-3.1750484602577345e-05,0.6571222815125263,0.0182037353515625
95359,DoS attacks-SlowHTTPTest,0.6639887189459394,-0.016598738301399296,0.4980864250846518,0.01980900764465332
97056,FTP-BruteForce,0.9853897415490509,-0.008355071879575404,0.6735663497751285,0.019156455993652344
97201,DDOS attack-HOIC,0.478911638125331,-0.006939455194173667,0.4903030943270508,0.01738286018371582
97722,Benign,0.33968951638834477,0.8591611502764309,0.9822274209688133,0.022720813751220703
97857,DoS attacks-Slowloris,0.5957377595604622,-0.01836110961785023,0.6039334720645845,0.021797895431518555
99470,DoS attacks-Slowloris,0.6241399242714156,-0.013476547889939308,0.6303172392507899,0.019277095794677734
99536,DoS attacks-SlowHTTPTest,0.7989971656496015,-0.02578705981963504,0.5278255144176993,0.020418167114257812
99758,Bot,0.4038724832010022,0.008859649340053087,0.43512232141537377,0.017652511596679688
99906,DDOS attack-HOIC,0.4805234407673882,-0.0011942192603470875,0.4925830629284387,0.01734018325805664
100125,DDoS attacks-LOIC-HTTP,0.9379830618560347,-0.03299509753162316,0.9648674962616632,0.01743483543395996
100178,FTP-BruteForce,0.6669173207603927,-0.034445615745913996,0.644725209765303,0.017079591751098633
100769,Brute Force -Web,0.4379064801560142,0.002005590097369024,0.42762721760849653,0.017177820205688477
101190,DoS attacks-GoldenEye,0.48610908626834215,-0.003292174057764677,0.5061046482838896,0.01708698272705078
101923,DoS attacks-GoldenEye,3.403786370537176e-07,0.9998800076002299,0.9998801943254231,0.017271041870117188
102683,Bot,0.44012448747612,0.0022666600795915454,0.46844778007054605,0.01735973358154297
102716,DoS attacks-Slowloris,0.0,1.0,1.0,0.016863107681274414
103226,DDOS attack-HOIC,0.4845113774782951,0.000540266172399731,0.4967340160073231,0.017043352127075195
103531,SSH-Bruteforce,0.9715988886652916,-0.04881606858846771,0.9735253275715878,0.017221450805664062
103742,Brute Force -Web,1.0,0.9902329444885254,0.9902329444885254,0.016865253448486328
104432,Infilteration,0.3382670403809308,0.09698257411924724,0.374635002982906,0.01670527458190918
104560,DoS attacks-Slowloris,0.6253161684493308,-0.018650810620163882,0.6330544359224337,0.018086671829223633
104902,Infilteration,0.4681020737224947,0.08614614874164025,0.4177906866499964,0.01696920394897461
105028,SSH-Bruteforce,0.9161409075061056,-0.028454917417554848,0.9367756248562364,0.016911745071411133
107048,DDOS attack-LOIC-UDP,1.0,0.9072080254554749,0.9072080254554749,0.016771554946899414
107435,Bot,0.39553486325598197,0.0059710829251425,0.4305977894954049,0.016898393630981445
107842,Benign,0.3868229473301762,0.8480591481619659,0.9959916337571986,0.017250537872314453
108152,DoS attacks-GoldenEye,0.45562005783059845,-0.0026983799418553236,0.47308405682528115,0.017455101013183594
108384,DoS attacks-Hulk,0.5296338014255664,-0.005305917567236404,0.5378913166793106,0.018803119659423828
108720,Brute Force -XSS,0.44019186140009137,-0.0031798950181718827,0.42504515423052913,0.017253875732421875
108966,DDoS attacks-LOIC-HTTP,0.40191527964394014,0.011622848673065962,0.4551507112986971,0.019087791442871094
109587,DDoS attacks-LOIC-HTTP,0.6267739693968459,0.000301173873676272,0.6747608074798855,0.01779651641845703
111646,SSH-Bruteforce,0.9675670654616525,-0.03373169193643338,0.9754411230345124,0.01783919334411621
112373,Benign,0.4029238623484609,0.839721887466817,0.9971263585945149,0.01691269874572754
112569,DoS attacks-Slowloris,4.0960568270520525e-12,0.9999437332131134,0.9999437332153294,0.018023967742919922
113993,Bot,0.4215015885215462,0.002938170614748152,0.43943256293279925,0.01813983917236328
114902,DoS attacks-GoldenEye,1.8909318555415666e-12,0.9998043179501841,0.9998043179512013,0.01706075668334961
115506,Benign,0.3480463576697683,0.8530171154401743,0.9971879036308949,0.0170135498046875
115924,DDOS attack-HOIC,0.474111352231371,0.0007459853344682563,0.48646133508498224,0.017728805541992188
116628,DoS attacks-GoldenEye,0.6605769646738202,-0.026748409911448917,0.6732021089732101,0.017148256301879883
117969,SSH-Bruteforce,0.9712117039044978,-0.04455688555139953,0.9748959682110869,0.01712512969970703
118320,DDOS attack-LOIC-UDP,1.0,0.8889704942703247,0.8889704942703247,0.01713418960571289
118636,FTP-BruteForce,0.6798354328949026,-0.011168856779739472,0.636185072717904,0.017174959182739258
118743,DoS attacks-SlowHTTPTest,0.6602725503760317,-0.019126730551509485,0.4957351582776276,0.017225265502929688
119061,SSH-Bruteforce,0.9688291531324157,-0.04704048898961649,0.9722366438827574,0.016894817352294922
119106,DoS attacks-GoldenEye,0.9496772994280349,-0.05615536613855726,0.9512658733085098,0.017174720764160156
119747,Bot,0.4824825052449664,-0.0059105708802737605,0.49742663593206876,0.01701068878173828
119755,DoS attacks-Slowloris,2.365996287778671e-12,0.9999443292604994,0.9999443292617783,0.01707601547241211
120795,Infilteration,0.33802155557362734,0.0935758548363386,0.3881831731287565,0.01884293556213379
120899,DoS attacks-Slowloris,4.774847184307873e-12,0.999963998791993,0.9999639987945526,0.017496109008789062
121133,FTP-BruteForce,0.6248710475298455,-0.014515912017549662,0.44618870297240476,0.017458438873291016
121969,DDOS attack-HOIC,0.4866451688868596,-0.00026182960404631805,0.49727130207783965,0.01714801788330078
122839,Infilteration,0.32143014478196275,0.09709366660644517,0.3714857819465378,0.017483234405517578
122949,Bot,0.5068295012456496,0.001145504281182201,0.5264805835128483,0.017263412475585938
123798,DDOS attack-LOIC-UDP,1.0,0.9179080128669739,0.9179080128669739,0.017322063446044922
123816,Bot,0.4573574733292499,0.003342327811705771,0.47796129520187813,0.019047975540161133
126309,Bot,0.4576241764299529,0.0059788778049266605,0.4952643918439717,0.017175912857055664
126974,DDOS attack-HOIC,0.45554785654072494,-0.002424123787622287,0.46873873253772547,0.017023324966430664
127729,Benign,0.17949030239693664,0.853029369881661,0.8609991686857894,0.019634723663330078
129405,SSH-Bruteforce,0.9720152957941974,-0.030111146312872372,0.9762265262463913,0.020000696182250977
129571,DDOS attack-LOIC-UDP,1.0,0.8476394414901733,0.8476394414901733,0.019690990447998047
131380,DDOS attack-LOIC-UDP,1.0,0.7901867032051086,0.7901867032051086,0.020339250564575195
131385,FTP-BruteForce,0.6626771337627424,-0.01331832093057965,0.38791948227828266,0.02035379409790039
131703,Brute Force -XSS,0.45056180905137067,-0.0024193605102165866,0.42829395568189366,0.018380403518676758
132105,DoS attacks-SlowHTTPTest,0.6591014157981916,-0.01837691347924727,0.48682147595969066,0.017226696014404297
132210,Bot,0.49441538166848975,0.009940819023330008,0.5167136102162366,0.01705765724182129
132426,Infilteration,0.3271745612530289,0.10097324015194326,0.3500172553355268,0.018340110778808594
132588,Benign,0.00010814375912271412,0.9495967696038435,0.9496210193441983,0.018090009689331055
133267,FTP-BruteForce,0.962800650997755,-0.04122426706607496,0.6068361086501746,0.01973104476928711
133827,FTP-BruteForce,0.659202458832868,-0.025882302654941652,0.6483237478947975,0.02000141143798828
134961,DDoS attacks-LOIC-HTTP,0.39932213389054905,0.020972122151792352,0.4485446678184915,0.01850748062133789
136157,Benign,0.390081594905311,0.8455436367725258,0.9973928348424774,0.020712614059448242
136921,DDOS attack-LOIC-UDP,1.0,0.9777494072914124,0.9777494072914124,0.022924423217773438
137142,DoS attacks-GoldenEye,0.6751040811290179,-0.01971353403735003,0.6865741992310602,0.017972946166992188
138072,DDoS attacks-LOIC-HTTP,0.6156359241680831,-0.011513541798266871,0.6655590623279191,0.01979231834411621
138212,FTP-BruteForce,0.6551901643253134,-0.01858745731919688,0.6369187669191384,0.0188295841217041
138222,DDOS attack-LOIC-UDP,1.0,0.9807604551315308,0.9807604551315308,0.018330097198486328
139936,DDOS attack-HOIC,0.4878221127068576,-0.00193537385877985,0.4977595438813359,0.019486188888549805
139948,DoS attacks-SlowHTTPTest,0.6574922780482131,-0.014145153155339221,0.4933626548147145,0.018526792526245117
140635,DDoS attacks-LOIC-HTTP,0.6087875713001593,-0.006766716010241217,0.6598976314892522,0.017443418502807617
141029,Benign,0.22723333446543825,0.859270285349006,0.9120768677399083,0.017340898513793945
141904,Bot,0.49512228491474397,0.004664963534414694,0.5200209438474894,0.017048358917236328
143100,SSH-Bruteforce,0.9751806072806104,-0.03787417168964602,0.9773867603067892,0.017813682556152344
143155,DoS attacks-GoldenEye,0.7105694792872564,-0.020223651594376862,0.715060439428945,0.017524242401123047
144595,DDOS attack-LOIC-UDP,1.0,0.9872708916664124,0.9872708916664124,0.017186880111694336
145596,FTP-BruteForce,0.9838101909478763,-0.017438924001147882,0.6729971286469056,0.01687908172607422
145690,DoS attacks-Slowloris,0.9717305449592815,-0.05676936998693227,0.9657802726284181,0.01801013946533203
147870,Brute Force -Web,1.0,0.990214467048645,0.990214467048645,0.017071247100830078
148625,SSH-Bruteforce,0.9656081108388125,-0.04324027665956859,0.9734543223797563,0.016988277435302734
148650,DoS attacks-Slowloris,0.6041363338569535,-0.02192074035818231,0.6117022489862751,0.016978740692138672
149080,Brute Force -Web,0.4317097521457166,0.0012831372377810416,0.434002412439594,0.017074108123779297
149794,Brute Force -Web,1.0,0.990326464176178,0.990326464176178,0.01696181297302246
151941,SSH-Bruteforce,0.9682881931843363,-0.04181059543793225,0.97052004215163,0.017010211944580078
152234,FTP-BruteForce,0.9060765830083917,-0.030905946815619173,0.5299600978343899,0.017822265625
155760,DoS attacks-Hulk,0.704820665519617,-0.023284957611897777,0.7036077265666624,0.02230048179626465
155941,SQL Injection,0.988486758421297,-0.014838000066757284,0.9713514293367084,0.02740001678466797
156019,DoS attacks-SlowHTTPTest,0.6203712899496729,-0.02546360137006097,0.5472465785290125,0.01993083953857422
156210,DDOS attack-LOIC-UDP,1.0,0.7148834466934204,0.7148834466934204,0.019836902618408203
157284,Brute Force -XSS,1.0,0.9806793928146362,0.9806793928146362,0.01848912239074707
158232,SSH-Bruteforce,0.9451816341271913,-0.04116982627518584,0.9637029017776597,0.018666505813598633
158617,FTP-BruteForce,0.6982984529039354,-0.01489043649862163,0.4728441599821536,0.017779827117919922
158743,Benign,0.23283889648275014,0.859114114785945,0.9704596751921059,0.017932891845703125
158951,Benign,0.3288519359887616,0.8619479807464869,0.9964029778298606,0.01806497573852539
161019,DDOS attack-HOIC,0.4810458497026012,-0.002514328467605541,0.49145732277144977,0.018266677856445312
161881,DoS attacks-SlowHTTPTest,0.8567062516516939,-0.02573925418729589,0.5119951302491368,0.022491455078125
162056,DoS attacks-Slowloris,4.050636048025247e-06,0.9978472919836807,0.9978494601027447,0.024846315383911133
163400,DDOS attack-HOIC,0.4518837616021011,-0.004356792127173582,0.46599969063117175,0.021720409393310547
163756,DoS attacks-SlowHTTPTest,0.7240626669452703,-0.019676095804590246,0.5874845003379061,0.018448829650878906
163861,DoS attacks-GoldenEye,0.6982979245015961,-0.021695748453241154,0.7094836507177238,0.01810932159423828
164018,DoS attacks-Hulk,0.5091621880968071,-0.007721287256228705,0.5203348609703436,0.017788171768188477
164709,DoS attacks-Hulk,0.5314207518609906,-0.0024016615707283737,0.5406337916949027,0.018558025360107422
165405,DDOS attack-LOIC-UDP,1.0,0.9924640655517578,0.9924640655517578,0.017572879791259766
165500,DoS attacks-SlowHTTPTest,0.712162399026264,-0.015784819731437374,0.5800386699383352,0.01766061782836914
165540,SSH-Bruteforce,0.9612309050361482,-0.03687309242230047,0.9732226651444906,0.019283056259155273
166311,SQL Injection,0.5874377664864073,-0.007097818773292512,0.4849442396039157,0.022111892700195312
166844,DDoS attacks-LOIC-HTTP,0.3986662235775005,0.018667489005104496,0.445563233331101,0.023410558700561523
167443,FTP-BruteForce,0.6630520901977432,-0.021795910141332614,0.6207867555738068,0.019701480865478516
167488,Benign,0.23333027539187112,0.8424548211076972,0.9308982107459343,0.021340131759643555
167637,DoS attacks-Hulk,0.5252590747616588,-0.006457681758938079,0.5351487245344643,0.020614147186279297
168257,DDoS attacks-LOIC-HTTP,0.393285893212972,0.0197277581545061,0.44178689320832376,0.018576860427856445
168789,DoS attacks-GoldenEye,0.48016221952104454,-0.009161031327656131,0.5037426593364774,0.01760721206665039
169468,FTP-BruteForce,0.6860731479081073,-0.020269403155018156,0.6626760710896658,0.016848087310791016
169550,DoS attacks-SlowHTTPTest,0.8630420873821328,-0.025036315853716185,0.5151093977202912,0.017132282257080078
169732,SSH-Bruteforce,0.9721899881444435,-0.04503347235851163,0.9779231823913977,0.01768970489501953
169831,DoS attacks-Hulk,0.5158592100415933,-0.005956602166525778,0.5263336480479308,0.01714944839477539
170336,DoS attacks-Slowloris,2.5525137559156974e-12,0.9999639987931922,0.9999639987945541,0.017055273056030273
170901,DoS attacks-SlowHTTPTest,0.6530682101896879,-0.014309262015938282,0.48338684173429386,0.01679396629333496
171147,DDoS attacks-LOIC-HTTP,0.6219740214924905,0.002213443159053266,0.6760715641812942,0.016982078552246094
171584,DDOS attack-LOIC-UDP,1.0,0.9571719169616699,0.9571719169616699,0.016613245010375977
171621,DDOS attack-LOIC-UDP,1.0,0.9911065697669983,0.9911065697669983,0.016534805297851562
171743,DDoS attacks-LOIC-HTTP,0.5951839132319378,0.007031917993088874,0.6413826570256246,0.017437219619750977
172308,DoS attacks-Slowloris,0.6493951317985955,-0.02192436486905243,0.650699255496706,0.016693830490112305
173817,FTP-BruteForce,0.656764459106225,-0.024896726962283608,0.6159255478374324,0.016820907592773438
174953,DoS attacks-SlowHTTPTest,0.6327090134033615,-0.017017444303158047,0.449469303776358,0.01684284210205078
175955,DDOS attack-HOIC,0.44570428091097103,-0.005746301064555141,0.4599805433059084,0.016864299774169922
176759,DoS attacks-Slowloris,1.234568003383174e-13,0.9999994039534854,0.9999994039535522,0.01717829704284668
178197,DDOS attack-LOIC-UDP,1.0,0.8400616645812988,0.8400616645812988,0.017090320587158203
179253,FTP-BruteForce,0.6650609201040805,-0.018636920510255256,0.6161189089517904,0.01798558235168457
180812,DDOS attack-LOIC-UDP,1.0,0.9133512377738953,0.9133512377738953,0.017205476760864258
181269,Infilteration,0.3170961318363973,0.1010241834232865,0.3495421717776973,0.017300844192504883
181436,DoS attacks-SlowHTTPTest,0.8412545591702423,-0.026409338919918507,0.503517124237721,0.01750636100769043
181968,FTP-BruteForce,0.6817939709995514,-0.023913341775198493,0.5764325318404735,0.017780542373657227
182006,DoS attacks-SlowHTTPTest,0.6620380720538943,-0.014516083009992062,0.4971287150778111,0.01717090606689453
182417,Brute Force -Web,0.4419699332030814,0.0016201071021228267,0.44890107507017596,0.019275665283203125
183491,Bot,0.5583806529291389,-0.004826579666607406,0.5771989998716758,0.017410755157470703
183651,FTP-BruteForce,0.9123139360043296,-0.02644068481528969,0.5328887565161946,0.01738905906677246
183932,Brute Force -XSS,1.0,0.9776914119720459,0.9776914119720459,0.01769876480102539
185358,Bot,0.4083008064678282,0.004441581160638766,0.4326142091927776,0.01837897300720215
185409,DoS attacks-GoldenEye,0.5032728858125262,-0.009433752270488031,0.5297332579769238,0.0189206600189209
185839,SSH-Bruteforce,0.9772020966048526,-0.04209542225519192,0.9791568302134088,0.0177156925201416
186477,DoS attacks-Hulk,0.559295791569655,-0.005722011746498772,0.5639753206738377,0.01859593391418457
186594,DoS attacks-Slowloris,1.7610357616604233e-12,0.999746859072687,0.9997468590736378,0.01739811897277832
186910,Infilteration,0.9091302594867932,0.19513827852535715,0.7515725392542106,0.019631624221801758
187551,DDOS attack-LOIC-UDP,1.0,0.9935989379882812,0.9935989379882812,0.01807117462158203
187553,Bot,0.4929764937799729,0.0015186262156745636,0.5128743696556968,0.018155813217163086
187700,Infilteration,0.2409640734716577,0.10183527288963429,0.2912470584303999,0.017624378204345703
188726,Bot,0.37082220419095624,0.003501334174823588,0.41310018836196455,0.017376184463500977
189660,DDoS attacks-LOIC-HTTP,0.6099650242723165,0.006645537263633677,0.667951379102761,0.017748117446899414
189761,Infilteration,0.3699667974405615,0.10138702548596609,0.3715328437115857,0.017473936080932617
190683,FTP-BruteForce,0.6579876611993627,-0.02058911324683306,0.6045725851567749,0.017368555068969727
191525,Infilteration,0.32836997442880156,0.09396916872376895,0.35548242529703267,0.01721477508544922
191740,Bot,0.46026929606655886,0.0024595920567559576,0.48141310373172214,0.017369747161865234
193450,Benign,0.2194029803735864,0.8533741952399997,0.8703915553160548,0.017726659774780273
194251,FTP-BruteForce,0.9140227860713632,-0.028015210566315757,0.5337027905578098,0.01764202117919922
194338,Bot,0.47465958291475185,-0.0005449677421195467,0.4947534755053426,0.017978191375732422
195169,DoS attacks-GoldenEye,0.6697349192088908,-0.03207596414608398,0.678335899426619,0.01752018928527832
195619,SSH-Bruteforce,0.9706526522181688,-0.058141576258304906,0.9716833531349605,0.017659902572631836
195646,Infilteration,0.752282815848321,0.07490808466163756,0.8325734125294255,0.017284870147705078
195657,DDOS attack-HOIC,0.4756955019543859,-0.006704980491712073,0.48693933071063283,0.017240524291992188
196247,SSH-Bruteforce,0.9727175316457519,-0.04298139135786527,0.975741370275586,0.018421649932861328
196504,DDOS attack-HOIC,0.478703049734874,-0.007281966766935745,0.48911642555533236,0.017487049102783203
197064,DDOS attack-LOIC-UDP,1.0,0.9882915616035461,0.9882915616035461,0.017485857009887695
197092,DoS attacks-Slowloris,3.832267836401115e-12,0.99995803832802,0.9999580383300755,0.01777482032775879
198082,DoS attacks-SlowHTTPTest,0.671755258827128,-0.018086507527812087,0.5886906579632465,0.01683640480041504
198263,DoS attacks-SlowHTTPTest,0.6785204069864346,-0.008360138305329862,0.5078843745436455,0.017681360244750977
198286,SSH-Bruteforce,0.9667704144597351,-0.03904358447614248,0.9711763200559598,0.020357131958007812
198290,DDOS attack-LOIC-UDP,1.0,0.9899681806564331,0.9899681806564331,0.023789405822753906
198404,SSH-Bruteforce,0.9644695920836426,-0.043460380381122043,0.9715688947935079,0.02200174331665039
198423,DDoS attacks-LOIC-HTTP,0.6031608030786747,-0.005687631301059842,0.6449766810754702,0.017847061157226562
199021,DoS attacks-Hulk,0.5281636712553651,-0.006912964143205982,0.5367163023337781,0.01721668243408203
199216,DoS attacks-SlowHTTPTest,0.6396772840407471,-0.013636719410230001,0.4816260925087616,0.01900482177734375
200342,Bot,0.487497775890689,0.0024093834329757882,0.5051131884704296,0.01907515525817871
200563,DDOS attack-HOIC,0.45133612803951917,-0.001018130589889081,0.46571329417124085,0.018569469451904297
201487,DDoS attacks-LOIC-HTTP,0.6143259922984372,-0.0004098849500829005,0.6530965826793617,0.019800901412963867
201676,DDOS attack-HOIC,0.47027421967407346,-0.0022987802597987453,0.4825873116344639,0.017900943756103516
201682,DoS attacks-Hulk,0.5294187630500008,-0.013741096094528851,0.5374410116983248,0.017819881439208984
201691,Benign,0.21263390900207124,0.8495747287493658,0.9433492575474969,0.017170429229736328
201841,Brute Force -Web,0.43092219218546146,0.003979631136782971,0.39498951423566386,0.017261266708374023
202269,Infilteration,0.731509253776777,0.06929365565857454,0.8202123092336626,0.018926382064819336
202275,DDoS attacks-LOIC-HTTP,0.9069040546335706,-0.03293664481492348,0.9324137521527365,0.01728987693786621
202603,SSH-Bruteforce,0.9047280645768069,-0.03849861728329687,0.9181809282636503,0.017605066299438477
203170,DDOS attack-HOIC,0.46163418269943157,-0.00859326742952865,0.4726132495547327,0.017464160919189453
203858,Infilteration,0.32300008788041445,0.11326354879517644,0.36665847865224466,0.01685643196105957
203979,SSH-Bruteforce,0.9659526918556187,-0.04399111142618206,0.9726127624315953,0.016986608505249023
204165,Brute Force -XSS,0.43379710049377773,-0.0011410588024831705,0.41948988483891453,0.01677703857421875
204303,DoS attacks-SlowHTTPTest,0.6420636350152327,-0.01592928040726032,0.48346748563790726,0.01716160774230957
204508,DDOS attack-LOIC-UDP,1.0,0.9390449523925781,0.9390449523925781,0.017081737518310547
205256,FTP-BruteForce,0.9860201247493812,-0.01243612678199113,0.6733673642536389,0.016818523406982422
207419,Bot,0.45018625927359657,-0.0035487334320456684,0.4801135950377889,0.01694178581237793
207651,DDOS attack-HOIC,0.46006683177584395,-0.0027295582097140447,0.4736398090258559,0.02093219757080078
208160,FTP-BruteForce,0.9640518598434958,-0.037601671722628516,0.6075351388813256,0.025380849838256836
208194,Infilteration,0.4759790067868631,0.08334124161853565,0.4913927854646303,0.027357101440429688
208244,DoS attacks-Hulk,0.5199708862613149,-0.01093753855664073,0.5282685196999527,0.023179054260253906
209641,DoS attacks-SlowHTTPTest,0.7139735936963008,-0.015503146051398423,0.5810017407654029,0.021538972854614258
209645,DoS attacks-SlowHTTPTest,0.8544083233154673,-0.0256577480976357,0.5106500545120154,0.02288985252380371
210341,FTP-BruteForce,0.9876676416663202,-0.009571984743183326,0.6735790015084757,0.022933483123779297
210828,DDOS attack-HOIC,0.49090627548626664,-0.002647113090333768,0.5014075965389588,0.023018360137939453
211085,DDoS attacks-LOIC-HTTP,0.6025248580971094,0.003688074726259205,0.6425847156250014,0.02244091033935547
211126,Bot,0.472749466186387,0.00528554758974871,0.4900301330651179,0.02235579490661621
211143,DoS attacks-SlowHTTPTest,0.6671180124202776,-0.009893325318576632,0.584713235377171,0.022944927215576172
211580,DoS attacks-SlowHTTPTest,0.6457516073172922,-0.02516646117782216,0.5672699897364647,0.02487468719482422
211898,Brute Force -Web,0.7017249995347943,-0.024698697436484507,0.6798426720099566,0.02349114418029785
212280,Infilteration,0.3270156810413213,0.0922334522461243,0.341878072814996,0.024158716201782227
213106,FTP-BruteForce,0.6307291527168346,-0.018022613239019387,0.4491978660719317,0.023128271102905273
214305,DoS attacks-SlowHTTPTest,0.85135235406641,-0.022673073212435266,0.5093014292985371,0.020646095275878906
214884,Bot,0.4009276283194888,0.014681455301074897,0.4365350972313348,0.017908334732055664
214964,Brute Force -XSS,0.4552500410194027,0.0022430473439680673,0.4647806510229897,0.01715087890625
216718,Bot,0.45952976063450357,-0.005534443033255967,0.480374702991122,0.018503427505493164
217333,DDOS attack-HOIC,0.4664637225793824,-0.004928154822375255,0.4784535907982546,0.018004417419433594
218526,Benign,0.2383053998261514,0.8555328769836508,0.9210840057110975,0.01772761344909668
218688,DoS attacks-GoldenEye,0.8050307184706781,-0.03221148038163735,0.8062349012310616,0.016748666763305664
219324,DoS attacks-GoldenEye,0.9798687942486253,-0.029394655991916485,0.9868952900194137,0.016996145248413086
219522,SSH-Bruteforce,0.9659604305588229,-0.031223221923752487,0.9744973070588248,0.018991947174072266
219640,DoS attacks-GoldenEye,0.44609150150181,0.006161085846350334,0.4644869117141358,0.02435898780822754
219904,DDOS attack-HOIC,0.4763519353418496,-0.009603459518432035,0.48724267608376715,0.022655010223388672
220024,FTP-BruteForce,0.6434895695117546,-0.02178467062627118,0.6053029608667685,0.022687673568725586
220146,Brute Force -XSS,1.0,0.9821537733078003,0.9821537733078003,0.022571563720703125
220347,DDOS attack-LOIC-UDP,1.0,0.8476394414901733,0.8476394414901733,0.022321701049804688
220435,DDoS attacks-LOIC-HTTP,0.38148811755980205,0.011954625079095026,0.4276756664100073,0.021008968353271484
220454,DoS attacks-Slowloris,0.016657955252220913,0.9902417022960711,0.9993672361384424,0.018657207489013672
220526,SSH-Bruteforce,0.968628267340138,-0.03776994530410088,0.9745515308393082,0.021773099899291992
222932,SSH-Bruteforce,0.9694484315927877,-0.045665645092632934,0.9728180042230548,0.024951934814453125
223359,DDOS attack-LOIC-UDP,1.0,0.9904419779777527,0.9904419779777527,0.023186683654785156
224113,Infilteration,0.7457496564179168,0.07889766201183576,0.8338523593969335,0.020014524459838867
224475,DDOS attack-HOIC,0.4857492720788804,-0.005710182411321277,0.4958833924776216,0.020787715911865234
225548,Brute Force -XSS,0.44655322413914345,-0.003908917395571296,0.4563466655393263,0.01784372329711914
226389,Infilteration,0.27823368850432406,0.08914854819493626,0.32527027685175924,0.016768217086791992
226506,DoS attacks-Hulk,0.5172545331210183,-0.007245736536730635,0.5274429745425961,0.016986846923828125
227301,DoS attacks-Slowloris,1.3823386879607824e-12,0.9999437332145987,0.9999437332153313,0.017375707626342773
227974,Benign,0.20973077878221635,0.8564387223312939,0.9162398560622611,0.01714944839477539
228216,DDOS attack-LOIC-UDP,1.0,0.927126407623291,0.927126407623291,0.01771235466003418
230078,SSH-Bruteforce,0.9164979869756067,-0.04447539573493137,0.9276141828953861,0.01730036735534668
231078,Benign,0.20851499083742553,0.86019736659084,0.9079822344344852,0.018953561782836914
231252,DoS attacks-GoldenEye,0.6658227164938137,-0.025459502423140476,0.6711207730877892,0.023005247116088867
231326,DoS attacks-GoldenEye,0.7605233127275794,-0.03768205653352645,0.7749048353250741,0.022564172744750977
231364,DDOS attack-LOIC-UDP,1.0,0.7855173945426941,0.7855173945426941,0.022498369216918945
231380,Infilteration,0.352591454951128,0.09897800931713084,0.4235696344343033,0.02288055419921875
231677,Bot,0.40724671720116246,0.0038555205026865394,0.43314279576267195,0.022562026977539062
232102,Brute Force -Web,0.6297092849157802,-0.02034658591341902,0.6263778924960891,0.022721052169799805
233659,Bot,0.38975846437416606,0.004563408198264014,0.41792264802100365,0.022457599639892578
233807,DoS attacks-GoldenEye,0.5300584102440097,0.003191259677660485,0.5407793658180262,0.022713661193847656
234611,DDOS attack-HOIC,0.4823172216963243,-0.0037524533342263716,0.492738792216822,0.017128944396972656
236167,Infilteration,0.3397013911512894,0.10071188266305908,0.3597471252161636,0.01745748519897461
240251,DoS attacks-Hulk,0.4979584807910141,-0.013153505479818937,0.5095312839648318,0.016866445541381836
241153,Brute Force -XSS,0.42562658867397074,-0.004878681863686472,0.4382968394919523,0.01720738410949707
241432,DoS attacks-Slowloris,4.289346655639292e-12,0.9999645948386843,0.9999645948410005,0.01682567596435547
242833,SSH-Bruteforce,0.978950001572208,-0.039568622749037274,0.9796828068837808,0.01663827896118164
243113,FTP-BruteForce,0.00012101097035221997,0.921064364190193,0.9211248519385853,0.01672053337097168
243512,Brute Force -Web,1.0,0.9899781942367554,0.9899781942367554,0.016707658767700195
243596,Bot,0.48976334233856755,-0.0032035962175930716,0.5126649546795085,0.017240047454833984
244530,DoS attacks-Slowloris,8.767431225464861e-13,0.999954462050923,0.9999544620513912,0.017111778259277344
244749,Brute Force -Web,0.6574015700829352,-0.012631412187381619,0.6489233267579497,0.01681828498840332
246629,Brute Force -Web,0.6320218851293027,-0.02445763403425469,0.625256193101975,0.016808509826660156
247145,SSH-Bruteforce,0.9708109595763658,-0.04707771991077492,0.9744367185896298,0.017254114151000977
247300,Infilteration,0.7228998583516981,0.06265133037348611,0.8094867232415717,0.01768970489501953
247717,Brute Force -Web,1.0,0.990326464176178,0.990326464176178,0.0172882080078125
247766,DoS attacks-SlowHTTPTest,0.6679169677055846,-0.014448248841226391,0.5005828831662897,0.017059803009033203
247922,DoS attacks-GoldenEye,0.7336242392241258,-0.023032081532245424,0.7339093205538244,0.017620086669921875
248218,Benign,0.2590343656756652,0.8620298348037465,0.9608383463866469,0.017177581787109375
249823,SSH-Bruteforce,0.9253587112805319,-0.03693231084052079,0.932906249109837,0.01732611656188965
250642,Brute Force -Web,0.6241791119718532,-0.01706122101417472,0.6211913773527854,0.017830848693847656
250894,Infilteration,0.30303453015613013,0.09907118088689665,0.36789479875567177,0.0175783634185791
252079,DDOS attack-LOIC-UDP,1.0,0.850226640701294,0.850226640701294,0.0178377628326416
252600,Brute Force -XSS,1.0,0.9801418781280518,0.9801418781280518,0.018087387084960938
252615,DDOS attack-LOIC-UDP,1.0,0.6188925504684448,0.6188925504684448,0.017395496368408203
252676,Brute Force -Web,0.7059123065508617,-0.027094915158251326,0.6817975112655902,0.018477916717529297
253046,Brute Force -Web,1.0,0.9903970956802368,0.9903970956802368,0.01802802085876465
253220,FTP-BruteForce,0.9878097251373692,-0.00535844158405363,0.6737097025724119,0.0192413330078125
253739,SSH-Bruteforce,0.9767531185793735,-0.040010866052438865,0.9792905320116142,0.019364118576049805
254715,Brute Force -Web,0.42625060022343964,0.001342805549200611,0.424357336543839,0.017686128616333008
254773,Benign,0.22310462628518857,0.8456652594538429,0.9081027160525659,0.01752495765686035
255062,DoS attacks-GoldenEye,0.6594576917776073,-0.020403801518030285,0.6677583286032769,0.017815589904785156
255750,DoS attacks-Hulk,0.5318858854299158,-0.004013236411800437,0.5400668011412151,0.021613597869873047
256591,Bot,0.4879394285186329,0.0048476220519251614,0.5050862779108283,0.02179098129272461
256733,Benign,0.05833260238387261,0.9641902967867525,0.9772326598235289,0.021460294723510742
258263,DoS attacks-SlowHTTPTest,0.6986148917932052,-0.019309666297136,0.569180121759471,0.022519350051879883
258480,DoS attacks-Hulk,0.923532565258705,-0.04692592969571546,0.9180912356929107,0.021348237991333008
258714,DoS attacks-SlowHTTPTest,0.7549911013027981,-0.018304611372231362,0.4361331481808491,0.02098989486694336
259033,DoS attacks-SlowHTTPTest,0.6587063955066563,-0.012679803158937103,0.466135481715818,0.022721290588378906
259395,Benign,0.2314280945741054,0.852123497084603,0.9656408656607357,0.021849870681762695
259577,DoS attacks-GoldenEye,0.3862965515149006,0.011252994906797056,0.4116187229074497,0.02221083641052246
259608,Benign,0.2848005057959867,0.8616564498727836,0.9888951088387953,0.022259950637817383
260861,DDOS attack-LOIC-UDP,1.0,0.850226640701294,0.850226640701294,0.019812345504760742
261666,DDOS attack-LOIC-UDP,1.0,0.7485061287879944,0.7485061287879944,0.01926445960998535
262645,DDOS attack-HOIC,0.8024718111544981,-0.03778286681430022,0.8025665949407389,0.01997852325439453
262879,DDOS attack-LOIC-UDP,1.0,0.9921178221702576,0.9921178221702576,0.020783185958862305
262898,Brute Force -Web,1.0,0.9903382658958435,0.9903382658958435,0.023126602172851562
264156,DoS attacks-SlowHTTPTest,0.731964737142394,-0.0169213659989063,0.5940496193018692,0.02924036979675293
265066,DoS attacks-Hulk,0.5399784763872456,-0.0020064116812004706,0.5483229348161682,0.02585887908935547
265532,DoS attacks-GoldenEye,0.48539454318997766,-0.005913555165509371,0.509196979612278,0.026456356048583984
265617,FTP-BruteForce,0.9635719157498799,-0.03745694086744103,0.6070289865495865,0.024794578552246094
266296,Infilteration,0.3052003290555615,0.10480628696717498,0.35440508163743145,0.019992828369140625
266960,DoS attacks-SlowHTTPTest,0.6527368159554655,-0.020041288365030364,0.46137693362761223,0.021481990814208984
267389,SSH-Bruteforce,0.9699487847228248,-0.03211161736640017,0.9751790075490796,0.019884824752807617
267659,DoS attacks-SlowHTTPTest,0.7970308645149585,-0.02610914963270647,0.5262943715499601,0.022893905639648438
268530,FTP-BruteForce,0.6637574762754944,-0.0174001920374995,0.5029073359234068,0.02393794059753418
268682,Infilteration,0.2592848518697488,0.10095565343285141,0.31639825605923066,0.025843143463134766
270110,DoS attacks-Slowloris,6.148637154979042e-12,0.9996562004056184,0.9996562004089318,0.023185014724731445
270762,DoS attacks-Slowloris,1.4063195052926858e-12,0.9999580383293254,0.9999580383300775,0.024695634841918945
271314,Benign,0.19379368311592404,0.8628258273807572,0.9314357390840319,0.021397829055786133
271918,DoS attacks-GoldenEye,0.6752335473769164,-0.026354323929005205,0.6880064612128997,0.02044963836669922
272154,DDOS attack-LOIC-UDP,1.0,0.9926117062568665,0.9926117062568665,0.021583080291748047
272744,DoS attacks-Hulk,0.5052528923399218,-0.006097820299117901,0.5163547416274893,0.019367694854736328
273296,DDoS attacks-LOIC-HTTP,0.5505556589376257,0.009498749534230813,0.5957548884552165,0.020290851593017578
274143,Infilteration,0.6972151083350346,0.07727630133954899,0.8100873172653072,0.020575523376464844
274707,DDOS attack-LOIC-UDP,1.0,0.9766482710838318,0.9766482710838318,0.021064043045043945
274973,DoS attacks-SlowHTTPTest,0.6470129092893993,-0.013378741112687248,0.57035088142213,0.022375822067260742
275823,SSH-Bruteforce,0.9348526256901729,-0.03513958432849407,0.9410901949563298,0.023386240005493164
276244,DoS attacks-GoldenEye,0.6464655626455713,-0.011224828868585654,0.6562960642377184,0.022433757781982422
276433,DoS attacks-SlowHTTPTest,0.685743806891535,-0.014783279420258963,0.5991169011254828,0.022048473358154297
277077,FTP-BruteForce,0.7009888367345539,-0.009220526642880943,0.3903518865246137,0.022599220275878906
278182,Brute Force -Web,0.4046863990173566,-0.0038995200843989636,0.39812277714095123,0.02159261703491211
278554,DoS attacks-Slowloris,8.781420035575138e-12,0.9999518394422575,0.9999518394470157,0.021626710891723633
278566,DoS attacks-SlowHTTPTest,0.6900550623073973,-0.017333445087659924,0.5640192693199781,0.02658867835998535
278815,DDOS attack-HOIC,0.8333759880818408,-0.03508774993500985,0.8289923360470877,0.02915215492248535
280406,Infilteration,0.689130098314721,0.0623718058986458,0.6870022769921356,0.030098915100097656
281266,SSH-Bruteforce,0.9667203526484301,-0.03488637509843351,0.9748710518259317,0.025591373443603516
281657,Benign,0.3655331445547846,0.8664467271840725,0.9980537453713284,0.019889116287231445
282156,Infilteration,0.3814222337517855,0.09403548535900183,0.366787695437665,0.018257617950439453
282433,Infilteration,0.6876486841356373,0.06919423555110925,0.6494306714079708,0.020694494247436523
283848,Brute Force -Web,0.47267458913513205,-0.0030713730311881446,0.464192804890354,0.025170087814331055
284807,DoS attacks-SlowHTTPTest,0.649280854349787,-0.02160164755163614,0.5695807135366284,0.028432369232177734
285723,DoS attacks-Slowloris,0.6047634465997036,-0.020003995864601443,0.6165801656180546,0.023969411849975586
285727,DoS attacks-Hulk,0.4786697440869705,-0.011682654240143482,0.49226963154534087,0.019541263580322266
286276,DoS attacks-GoldenEye,0.7038002226137386,-0.021086373863249117,0.7210158303628034,0.018189191818237305
286975,Brute Force -XSS,0.42357215115012414,-0.004285950051352967,0.43489890383763935,0.017546653747558594
287023,FTP-BruteForce,0.6446542037700238,-0.0211093274896383,0.6123450864995869,0.02044820785522461
287097,Infilteration,0.3284982447895386,0.09887990254896112,0.36618170677827444,0.0234224796295166
287602,Benign,0.26590220022715416,0.8591697188855766,0.9128339170028289,0.027100086212158203
287792,DDOS attack-LOIC-UDP,1.0,0.9887191653251648,0.9887191653251648,0.024514436721801758
288753,Brute Force -XSS,0.41570269337075605,-0.00032096161831052933,0.3688410484615444,0.022606611251831055
289173,DoS attacks-Hulk,0.5364530901536099,-0.00496085843258566,0.5452740567717662,0.021263837814331055
289705,DDOS attack-HOIC,0.8114784852710788,-0.03313910404017456,0.809145912948128,0.021471500396728516
290027,FTP-BruteForce,0.6269119130073628,-0.024404339628495725,0.5916562051050048,0.022755861282348633
291049,SSH-Bruteforce,0.9442132459531594,-0.026349438807256043,0.9516656053476804,0.024952173233032227
291380,Bot,0.4795015567677279,0.0010104091414634767,0.5016488919329535,0.023902416229248047
291382,FTP-BruteForce,0.7044054788908312,-0.021067192471338363,0.5084621269684799,0.024097204208374023
291515,DoS attacks-GoldenEye,0.5223413879797618,-0.0027260193687539194,0.5336346600011993,0.02481698989868164
292378,SSH-Bruteforce,0.9679034343766956,-0.05238976375695853,0.9726906116678875,0.02633070945739746
292477,DDOS attack-HOIC,0.5056123412546043,0.005203137040939408,0.5153277542182552,0.026599407196044922
292866,DoS attacks-Slowloris,5.437206240799242e-12,0.9999639987916253,0.999963998794552,0.024489879608154297
293431,Bot,0.467639675423386,0.0021390390676273158,0.4983560476622006,0.01963353157043457
294020,FTP-BruteForce,0.6502945175545911,-0.01832825195989342,0.6322790858780667,0.018778562545776367
294209,DDOS attack-HOIC,0.46276394083128314,-0.001211932401504301,0.4773571544307523,0.022089004516601562
294216,Infilteration,0.30770058877577866,0.11392104707150558,0.3752012223598686,0.021886587142944336
294377,SSH-Bruteforce,0.9739244790253822,-0.0450067100404552,0.9743419446658441,0.02252817153930664
294434,SQL Injection,0.9849402980653967,-0.019693632127749106,0.9749947779906786,0.023613929748535156
294469,DoS attacks-Slowloris,0.0,1.0,1.0,0.020061492919921875
295007,DoS attacks-GoldenEye,0.6754447542458417,-0.015613445608875884,0.693044124534803,0.01757979393005371
295122,DDOS attack-LOIC-UDP,1.0,0.9843373894691467,0.9843373894691467,0.017277956008911133
296407,Infilteration,0.38381525212715983,0.09598404228166864,0.39341455918798074,0.017740964889526367
296944,Infilteration,0.4882834982406825,0.08660875567223354,0.40466714776972235,0.017182350158691406
297866,Brute Force -Web,0.6181192845528141,-0.019112262249499398,0.6140907982742162,0.017601966857910156
299658,FTP-BruteForce,0.6649669917357851,-0.018531272910513638,0.6235462573722182,0.017187118530273438
300675,DoS attacks-GoldenEye,0.9840453011510882,-0.037409301700927045,0.9866115476129728,0.0186614990234375
300727,DDOS attack-LOIC-UDP,1.0,0.9904419779777527,0.9904419779777527,0.019060611724853516
302253,Bot,0.4260571590008174,0.0007968721021361924,0.4427387616684767,0.020316600799560547
302291,Brute Force -Web,0.7124322677558185,-0.023837984953399893,0.6903126393550372,0.01816868782043457
302715,DDOS attack-LOIC-UDP,1.0,0.9934724569320679,0.9934724569320679,0.018459320068359375
302973,DDOS attack-HOIC,0.468318410657914,-0.001447016483190372,0.4810737926677826,0.018866300582885742
303174,Benign,0.16268996027849514,0.8538144951018284,0.8907994827764181,0.0215756893157959
303763,DDOS attack-HOIC,0.489858659423661,0.0027417412591551477,0.5008145263432274,0.020848989486694336
303913,FTP-BruteForce,0.6733367191204477,-0.015714163924533397,0.651667683311089,0.023415803909301758
303943,DDOS attack-HOIC,0.473068252285308,0.00043689574759953054,0.48536307480827623,0.02121734619140625
304628,DoS attacks-Hulk,0.5144558996372426,-0.00497301573066266,0.5235949943733301,0.019031286239624023
304762,Benign,0.2310919046705171,0.8563972116137847,0.9354559074675666,0.01916217803955078
306105,Benign,0.3601676577516265,0.8525433232816635,0.9946002946290871,0.01884746551513672
307260,Benign,0.15279135801659394,0.8663525155416637,0.8717155528987168,0.017615556716918945
307519,Bot,0.4037212305943042,0.01166222444875125,0.43659692060611155,0.017614364624023438
307846,DoS attacks-Hulk,0.5135362447276973,-0.012269309282640084,0.5231500996683094,0.017714738845825195
307982,Brute Force -Web,0.604383887182667,-0.018764910343191984,0.6035268389755378,0.018732547760009766
308045,DoS attacks-Hulk,0.5346520938218693,-0.00872806938369431,0.5434344263494503,0.019123554229736328
308926,Infilteration,0.6910975700612914,0.07547870771868942,0.6404052458825116,0.018866539001464844
309132,Bot,0.46159818792761154,0.0021884953449621686,0.4874300982057381,0.01861286163330078
309397,DDoS attacks-LOIC-HTTP,0.7840505951472969,-0.015190922689926584,0.8134567775551196,0.018535137176513672
310305,DoS attacks-GoldenEye,0.7104970992051156,-0.03230493986535361,0.716281429666786,0.018196582794189453
310345,Infilteration,0.3572658056364516,0.09700196652656161,0.4089688672972437,0.01826190948486328
310445,Benign,0.2293324036843778,0.8390590820445728,0.9074498299040509,0.019368648529052734
310753,SSH-Bruteforce,0.9687461905631263,-0.05492499864300554,0.9703929622232175,0.020968914031982422
310995,Infilteration,0.3134597389870635,0.09709001869570089,0.34654401152778014,0.021116971969604492
312028,DoS attacks-GoldenEye,0.9178736465257005,-0.04836207514971555,0.9172997345212277,0.021730422973632812
312043,Benign,0.3984379964587236,0.884684937750292,0.9984837653451563,0.020924091339111328
312250,Bot,0.5048540449016673,0.001995558130367614,0.5162109619626591,0.02126455307006836
312371,Infilteration,0.3567661744952735,0.1017696908950603,0.37575160141156594,0.02143716812133789
312669,SSH-Bruteforce,0.9797151320020996,-0.033399469075529264,0.9840170268630419,0.020937442779541016
312699,Bot,0.48929653355844094,-0.0038084495723505057,0.5097956108517714,0.021770477294921875
312850,SSH-Bruteforce,0.9685872841261242,-0.04146633092879792,0.9741821833963573,0.023576974868774414
313225,DDoS attacks-LOIC-HTTP,0.6015284709040711,-0.008182987017492607,0.6610223730484575,0.01981806755065918
313432,Infilteration,0.417135917085002,0.0916005753742217,0.4738460386912755,0.02051258087158203
313529,Brute Force -XSS,0.43159855746598497,0.0002944225119150684,0.43066281728286426,0.023476362228393555
313667,DDOS attack-LOIC-UDP,1.0,0.9910094738006592,0.9910094738006592,0.022277116775512695
313806,Bot,0.5687805312232688,-0.005679103468509847,0.5865851211115752,0.021355390548706055
314183,Brute Force -XSS,1.0,0.9799531698226929,0.9799531698226929,0.021717309951782227
314606,DDoS attacks-LOIC-HTTP,0.616523226126221,-0.0026984535975076163,0.6634535529559015,0.019452571868896484
315063,Brute Force -Web,1.0,0.9896005988121033,0.9896005988121033,0.019814491271972656
315332,Benign,0.3083224900850512,0.8419880832910065,0.9702528318084356,0.020354509353637695
315394,Benign,0.20976311913588097,0.8531790509473025,0.9371780912786382,0.020328998565673828
315426,DDOS attack-LOIC-UDP,1.0,0.6895314455032349,0.6895314455032349,0.019858121871948242
317120,Brute Force -XSS,0.4184400507908266,-0.0005264079037180097,0.32885190217190313,0.018038034439086914
317474,DDoS attacks-LOIC-HTTP,0.6174262810418074,0.00024020749177591783,0.6696238764154364,0.01801276206970215
317767,Bot,0.45321515060951667,0.0034616253409240766,0.49327946001115125,0.018421649932861328
318492,Brute Force -Web,1.0,0.9896588921546936,0.9896588921546936,0.017864704132080078
318493,DoS attacks-SlowHTTPTest,0.8667181579893999,-0.01958874381669949,0.5171602049775675,0.018894433975219727
318844,DoS attacks-Hulk,0.5287645144557531,-0.006835292797929007,0.537221304811899,0.01974773406982422
318858,FTP-BruteForce,0.9540412749476334,-0.03666063827158145,0.6074496990869109,0.01888561248779297
319005,Bot,0.4280804798689536,0.0019840660679756594,0.44793828762837173,0.01754307746887207
319697,DDoS attacks-LOIC-HTTP,0.908451272739996,-0.028071735904238337,0.9315567371527711,0.017460346221923828
320533,DDoS attacks-LOIC-HTTP,0.631361462112886,0.00681373852932976,0.6788287737210537,0.01750469207763672
320545,SSH-Bruteforce,0.9709191792134727,-0.03085886015198258,0.9804527997922008,0.017436504364013672
320952,Brute Force -XSS,1.0,0.9818607568740845,0.9818607568740845,0.01757359504699707
321860,FTP-BruteForce,0.6724388030178746,-0.01638486613293752,0.6509097563082583,0.0187833309173584
322022,DoS attacks-Hulk,0.5098119563852207,-0.011522631678885738,0.5197779810085692,0.02194952964782715
322118,FTP-BruteForce,0.664416812567435,-0.019964599720287315,0.643282501710818,0.02156829833984375
322507,DoS attacks-SlowHTTPTest,0.6659736231612532,-0.017635943460108154,0.49907948362133775,0.02402019500732422
323354,DoS attacks-GoldenEye,0.802883748869226,-0.02832397069794601,0.8048315732297852,0.01789569854736328
323475,Bot,0.39782483167720695,0.005971310769016185,0.434773134559876,0.017992734909057617
324075,DDOS attack-HOIC,0.46171305323859013,-0.0047904730283235275,0.4736681354812942,0.01768040657043457
324210,Benign,7.613033313957907e-05,0.9998561942117655,0.9998715738929078,0.017762184143066406
325549,Infilteration,0.30708236197188077,0.10771243620277421,0.3669830247194014,0.019666433334350586
326200,FTP-BruteForce,0.7502739892419668,-0.03361720363788495,0.7156705764686497,0.0208740234375
326495,Infilteration,0.2716845355089511,0.09881422874346732,0.30243510983052724,0.0204012393951416
326555,Bot,0.46693151934743415,0.004095639866329943,0.4962302282547225,0.02150249481201172
326858,Benign,0.2559450349287611,0.8579449588299006,0.97950925442375,0.021395206451416016
327099,DDOS attack-HOIC,0.47881838181928915,-0.003506042521912965,0.4895407490090909,0.019865989685058594
327975,DDOS attack-LOIC-UDP,1.0,0.9908739328384399,0.9908739328384399,0.018279552459716797
328840,Benign,0.1925568875938355,0.852775946707036,0.9102565483836427,0.01761937141418457
330518,FTP-BruteForce,0.6688307991288746,-0.011154886593265967,0.47404592752047564,0.019510984420776367
330643,SSH-Bruteforce,0.971945555146613,-0.04608710127085047,0.9737865719130209,0.018854379653930664
330832,DoS attacks-Hulk,0.5346929454465921,-0.00705581173543126,0.5432137914282473,0.017647743225097656
330903,Bot,0.4427971555415775,-0.0033497656017277624,0.46701525802176,0.019400596618652344
331276,FTP-BruteForce,0.9630054040628745,-0.03700171429549601,0.6072802932132411,0.01682257652282715
332442,FTP-BruteForce,9.621043438134969e-05,0.9210773385473177,0.9211248838959464,0.02012038230895996
333222,Benign,0.21050379270556374,0.8567406520138494,0.9099072363834105,0.017323017120361328
333345,DoS attacks-SlowHTTPTest,0.6661085628952665,-0.01199534686846146,0.4704042142802759,0.01928257942199707
334283,DoS attacks-GoldenEye,0.7515234953252365,-0.03102895600503315,0.7606799973777231,0.02001214027404785
334913,DoS attacks-SlowHTTPTest,0.6765970290144556,-0.012635247451863015,0.5069209474519287,0.0192415714263916
336026,DoS attacks-Slowloris,6.412648190234904e-13,0.9999732971187972,0.9999732971191404,0.02054286003112793
336997,Bot,0.4843520932786163,0.0012435924858989686,0.5043210285804491,0.018999576568603516
337311,DoS attacks-GoldenEye,0.5355032594910942,-0.006026754883156314,0.5473941316161132,0.017383337020874023
337434,Infilteration,0.3258774777846549,0.09940792523490896,0.34677956898620593,0.018401145935058594
338422,DDOS attack-LOIC-UDP,1.0,0.9390449523925781,0.9390449523925781,0.01789093017578125
338824,Brute Force -XSS,0.45597210961597323,0.0005468906556906974,0.4604810431560892,0.019029855728149414
339605,DoS attacks-Hulk,0.5120844216250542,-0.009878062050906328,0.5230018422193873,0.017607688903808594
339667,Brute Force -Web,0.4529080118529838,-0.0023584215567166444,0.3136102569868148,0.02020430564880371
340208,Bot,0.4346085998202823,0.00828099079505433,0.4521579872938907,0.01837897300720215
340791,DoS attacks-SlowHTTPTest,0.6554271402795874,-0.013585013370121371,0.492809882240868,0.01761460304260254
340909,DoS attacks-GoldenEye,0.6260014738266623,-0.016652607207731027,0.639790061370368,0.017520666122436523
341796,DDOS attack-HOIC,0.5135289430778991,-0.0040757402267928775,0.521945888619054,0.017866134643554688
342884,DoS attacks-SlowHTTPTest,0.6575865747983977,-0.01659739322082896,0.4245390139055242,0.018138647079467773
343094,Bot,0.4793093509465448,0.0011615202466817715,0.5009168006627276,0.018230915069580078
343134,FTP-BruteForce,0.6604060594965362,-0.010279271054922795,0.3884426537124931,0.018362045288085938
343470,DoS attacks-GoldenEye,0.7440805484334927,-0.02875670960030892,0.7577754203240065,0.018102407455444336
343492,DoS attacks-SlowHTTPTest,0.8086636765457184,-0.021350685652172963,0.5339285078226994,0.018075942993164062
344132,Bot,0.42034940239982566,0.0086520635351887,0.4453923030782017,0.01803898811340332
345045,Bot,0.4371360333155113,0.008948977377911158,0.4641575724231164,0.020322084426879883
345049,Bot,0.4379311951046089,-0.00133484671668041,0.47082551701941255,0.019709348678588867
345958,DoS attacks-GoldenEye,0.6557011890286811,-0.0173532693099923,0.6759473610587383,0.021122455596923828
346512,Brute Force -XSS,0.44406268414596395,-0.003814663572928187,0.4532364173369047,0.019556760787963867
347692,DoS attacks-GoldenEye,0.5251335035732821,-0.002871753445143378,0.5407759208865011,0.02242302894592285
348721,Benign,0.05492525221827116,0.9796087003803068,0.9921134343855658,0.023668766021728516
349133,DDOS attack-HOIC,0.47817872446411824,-0.0025725294035697996,0.49043060833737434,0.017823219299316406
349327,DDOS attack-HOIC,0.4731502316110736,-0.0032287691190428444,0.4892367788973352,0.018085718154907227
349529,DoS attacks-SlowHTTPTest,0.8081315097170042,-0.02338766509426987,0.53294076859251,0.018163681030273438
349906,Brute Force -Web,1.0,0.990371584892273,0.990371584892273,0.017965078353881836
349978,SSH-Bruteforce,0.9614457629556169,-0.042410281250767456,0.9709223162599532,0.01855635643005371
350224,DDOS attack-HOIC,0.45671689780052316,-0.005529038205671882,0.4704764189608973,0.01814413070678711
350502,Benign,0.25833103666923873,0.8233365560744655,0.9610366886162774,0.020451068878173828
351416,DoS attacks-GoldenEye,0.5124507331075322,-0.004458750370724074,0.5237321455711935,0.018657207489013672
351520,DoS attacks-Hulk,0.5197211669681819,-0.011535543358139985,0.528809965517357,0.017938852310180664
351567,DoS attacks-GoldenEye,0.7900170612065136,-0.032785194803829604,0.7996701677298345,0.0194854736328125
352016,DDoS attacks-LOIC-HTTP,0.6204547261689499,0.006714147972848708,0.6831971584846831,0.01763439178466797
352456,DoS attacks-Hulk,0.4899948162321578,-0.015770905876131454,0.5016787262302497,0.01812434196472168
353452,SSH-Bruteforce,0.9704017846447931,-0.037244293743207924,0.9751720411676702,0.018249034881591797
354101,DDOS attack-HOIC,0.4442491563655995,-0.015794609266470166,0.45853797286780573,0.023778915405273438
355308,DoS attacks-SlowHTTPTest,0.6656139623359862,-0.011243697593547194,0.584275106796268,0.0288693904876709
355618,DDOS attack-HOIC,0.4684420173267354,-0.007179458074430635,0.4805858712937861,0.024891138076782227
355723,DoS attacks-GoldenEye,0.5240939807692927,-0.0066568292972147,0.5356937778640479,0.020264387130737305
356751,Brute Force -Web,0.7374697644302564,-0.019938548052626195,0.7091615530629204,0.018292665481567383
357297,DoS attacks-Hulk,0.5174098238925574,-0.008623971964236171,0.5272656454843482,0.017720699310302734
357531,DoS attacks-SlowHTTPTest,0.7828660626067434,-0.026664336529910973,0.5186661931103853,0.01796865463256836
358097,SQL Injection,0.5796090543968593,-0.0195720784763294,0.5616104427060928,0.018270492553710938
358890,Infilteration,0.3027749405865733,0.09312203413485556,0.3487635296770468,0.017600059509277344
359048,DDoS attacks-LOIC-HTTP,0.5703449480433985,-0.003024776081777661,0.6284737103829693,0.01744556427001953
359537,Benign,0.26195442470036623,0.8518040223696247,0.9567479182725425,0.01722884178161621
359554,FTP-BruteForce,0.00013125692052085025,0.9210579588202576,0.9211248330815089,0.018152713775634766
359579,DoS attacks-Slowloris,6.172062860798633e-12,0.9999645948376239,0.9999645948409994,0.01741814613342285
360387,DoS attacks-Slowloris,9.096390307661295e-12,0.9999600648830506,0.999960064887994,0.017876625061035156
360939,DoS attacks-Slowloris,0.620268284431357,-0.015313790637285912,0.6322381528653174,0.017561912536621094
361519,DDOS attack-LOIC-UDP,1.0,0.598734438419342,0.598734438419342,0.018067121505737305
361790,SSH-Bruteforce,0.9656198725669254,-0.04715193769444759,0.9752715087131547,0.018736839294433594
361814,DoS attacks-Slowloris,0.0,1.0,1.0,0.02361321449279785
362368,DoS attacks-GoldenEye,0.480203263395902,-0.011905301137940943,0.4917357391657554,0.026139020919799805
363023,Infilteration,0.32637648206323566,0.09332339640025195,0.3427760943680457,0.02082204818725586
363090,Bot,0.47321493061390485,0.0020489328817724084,0.4935683809698064,0.021534442901611328
363223,DDOS attack-LOIC-UDP,1.0,0.9883866906166077,0.9883866906166077,0.020042896270751953
363736,DoS attacks-Slowloris,5.6348259391825195e-12,0.9999504089324918,0.9999504089355431,0.020785093307495117
363745,DoS attacks-SlowHTTPTest,0.6755133780966585,-0.028049272084976734,0.5532609608877938,0.020319461822509766
364149,DDOS attack-LOIC-UDP,1.0,0.9935829043388367,0.9935829043388367,0.019604206085205078
364474,DoS attacks-Slowloris,3.01381142264745e-12,0.9999580383284384,0.9999580383300761,0.019299030303955078
364494,DDOS attack-HOIC,0.487302295995543,-0.007125187190350407,0.4971323813372739,0.019608736038208008
364710,DoS attacks-Hulk,0.5176656533680215,-0.00989460786899031,0.5269844477251183,0.017370223999023438
364833,DDoS attacks-LOIC-HTTP,0.5995700881730968,-0.01019936849654142,0.6494009832768823,0.01893329620361328
365136,Infilteration,0.28399544333562676,0.0996096542346212,0.28491899110081886,0.018335819244384766
365607,FTP-BruteForce,0.6676486970411668,-0.013761161189019537,0.43147072575757756,0.020563125610351562
365833,Brute Force -Web,0.43205988611185075,-0.004128762690600571,0.4085306371122688,0.018549203872680664
366290,Brute Force -Web,0.40918455989778346,-0.004657394315820247,0.40295155357400986,0.02098703384399414
367369,FTP-BruteForce,0.6520244124959358,-0.020423237479977048,0.46207830533120764,0.019689083099365234
368802,Benign,0.31104829195100525,0.8654930356625282,0.9980674483501613,0.01958489418029785
371681,DDOS attack-HOIC,0.4639159073364134,-0.004363028350841659,0.47688404855658734,0.02035975456237793
372582,Infilteration,0.2808229402750344,0.10197909989302589,0.34502031615551365,0.02009129524230957
374398,Brute Force -XSS,0.42055714824566304,-6.368588239144546e-05,0.43333209630923253,0.01788020133972168
375921,DoS attacks-Hulk,0.5225340888668109,-0.006267399054158698,0.5318172655085702,0.019173860549926758
376460,DoS attacks-GoldenEye,0.68479480667754,-0.036481411022316335,0.6982951546417282,0.020749330520629883
377181,Bot,0.38911189132369584,0.009951985755522919,0.42460080320677196,0.022530555725097656
377200,DDoS attacks-LOIC-HTTP,0.5940475832446575,0.0055556936772744175,0.6564321059318858,0.02445220947265625
377720,FTP-BruteForce,0.9585595495750006,-0.03623094702040777,0.6082354811625237,0.018680095672607422
378460,DoS attacks-SlowHTTPTest,0.6393852657605621,-0.015837249446646273,0.48225236553501505,0.02063274383544922
378630,Infilteration,0.3095324913491815,0.09747128982045086,0.36690680208604554,0.021837949752807617
378868,DDOS attack-LOIC-UDP,1.0,0.9933518171310425,0.9933518171310425,0.020846128463745117
378904,DoS attacks-SlowHTTPTest,0.6372525332868908,-0.016814656868301588,0.47965481116028985,0.021102190017700195
379042,DoS attacks-Slowloris,0.0,1.0,1.0,0.01988077163696289
379049,Bot,0.481013822972021,0.007251136457605986,0.5035202045196574,0.02004241943359375
379113,DoS attacks-Slowloris,2.520539332806493e-12,0.999743282793601,0.9997432827949508,0.020546913146972656
379409,Bot,0.3808524578607364,0.013691140721378621,0.4269417117518682,0.01877307891845703
379791,SQL Injection,0.4409716564062276,-0.005247648255351178,0.41758211774404413,0.018420934677124023
380316,DDoS attacks-LOIC-HTTP,0.9231826905007199,-0.036314998491271455,0.9382518352040887,0.018935680389404297
380676,DoS attacks-Slowloris,0.970884329595818,-0.062289609891506725,0.9651720856076544,0.01763319969177246
382053,Benign,0.021632054556714686,0.9929627732601114,0.9969126583579866,0.018187761306762695
382878,Benign,0.24101354907486672,0.8543642192617937,0.9792468691387798,0.018341541290283203
383181,FTP-BruteForce,0.6309437712826034,-0.021620667039560976,0.5938669242914627,0.017741680145263672
383315,DoS attacks-Slowloris,0.6344617889069133,-0.019663852620641575,0.6374963161964513,0.017616748809814453
383354,DDoS attacks-LOIC-HTTP,0.6340728340712601,-0.002248961605319788,0.6736343843577148,0.01996445655822754
383426,DoS attacks-GoldenEye,0.6648640763122511,-0.027182401513743668,0.6715581388564055,0.017582416534423828
383599,Brute Force -Web,1.0,0.9901672601699829,0.9901672601699829,0.017493486404418945
383954,DoS attacks-GoldenEye,0.384120237534435,0.004323105427215292,0.407045043992242,0.01818990707397461
384456,DoS attacks-Hulk,0.49688153522482315,-0.01566423823550906,0.5075540506223052,0.017722606658935547
385336,Brute Force -Web,1.0,0.9892098307609558,0.9892098307609558,0.017270326614379883
386217,DDOS attack-LOIC-UDP,1.0,0.9934338331222534,0.9934338331222534,0.018933534622192383
386430,DoS attacks-Hulk,0.5449657265111707,-0.005733325071158084,0.5520135822049514,0.017830371856689453
386696,Infilteration,0.3482014861392082,0.10093869881898077,0.36653650461037734,0.01785898208618164
386793,SSH-Bruteforce,0.9694277480398705,-0.04906399314963933,0.9734875596343575,0.017575979232788086
387556,Brute Force -Web,0.4314995752033771,0.0006373691915003837,0.397088376567845,0.018102407455444336
388408,Benign,0.20700181019811337,0.855729072658085,0.8967110096950033,0.017772197723388672
388482,DDOS attack-HOIC,0.8436725458448023,-0.027402262865183685,0.8388944427246506,0.017477989196777344
390292,Brute Force -XSS,1.0,0.9819300770759583,0.9819300770759583,0.019034147262573242
390395,DoS attacks-Slowloris,1.2011502903419569e-12,0.9999547004693273,0.99995470046997,0.017540931701660156
392548,Brute Force -Web,0.4206154780141106,0.0023149784069863497,0.42314092113003593,0.017510652542114258
393620,DDOS attack-LOIC-UDP,1.0,0.9634354114532471,0.9634354114532471,0.0177767276763916
395416,Benign,0.1970681795134921,0.8584806103526404,0.928161419968435,0.018281221389770508
396344,DDOS attack-LOIC-UDP,1.0,0.6755971908569336,0.6755971908569336,0.018316030502319336
396893,DDOS attack-HOIC,0.46278657771399356,-0.006386079965119203,0.47539064081026705,0.018057823181152344
397329,Infilteration,0.3859751916015247,0.09298085228164171,0.40508795225381744,0.01773977279663086
397403,DoS attacks-Slowloris,0.0,1.0,1.0,0.017740726470947266
397478,SSH-Bruteforce,0.9714916831668736,-0.04045609622886864,0.9741899968785768,0.01928997039794922
397490,Bot,0.4114482601791868,0.009187981329188404,0.43710785995127904,0.017674684524536133
398799,DDOS attack-LOIC-UDP,1.0,0.8725574612617493,0.8725574612617493,0.01779031753540039
400457,DDOS attack-LOIC-UDP,1.0,0.6785678863525391,0.6785678863525391,0.017748594284057617
401886,DoS attacks-Slowloris,0.625057554327436,-0.011229975896402941,0.6288442489946403,0.017385005950927734
402004,SSH-Bruteforce,0.923845727378416,-0.03536673853719846,0.9498191255276172,0.018160104751586914
402197,Bot,0.49015373750441615,0.001584541498625143,0.5068365298048114,0.018617630004882812
402380,DDOS attack-LOIC-UDP,1.0,0.9885319471359253,0.9885319471359253,0.019048452377319336
402677,DDOS attack-LOIC-UDP,1.0,0.9935989379882812,0.9935989379882812,0.018242359161376953
404377,Bot,0.47866543678542384,0.0038456616199271307,0.5038060878218639,0.018779277801513672
405784,Infilteration,0.3472342681944316,0.1017772223147025,0.3752903372508589,0.018243074417114258
406035,Bot,0.42680375020434724,0.003125621988466082,0.4510015258423854,0.017583131790161133
406095,DDOS attack-HOIC,0.8036198832366328,-0.034311066868659354,0.8045663696583419,0.01948690414428711
406393,DDOS attack-LOIC-UDP,1.0,0.9903360605239868,0.9903360605239868,0.018123388290405273
407392,SSH-Bruteforce,0.9720612902265798,-0.041333059783595805,0.9748547179666002,0.01766657829284668
407681,FTP-BruteForce,0.6310655402539067,-0.0204386753831046,0.4922618300507746,0.017277956008911133
408152,FTP-BruteForce,0.9021176988415022,-0.026565443864053823,0.5315107525333058,0.017492055892944336
408593,Bot,0.4219336500944042,0.011807722934742339,0.4425160023610597,0.017963647842407227
409353,DoS attacks-SlowHTTPTest,0.6562241728681821,-0.012469256936985418,0.4257489809681184,0.019540786743164062
409474,DDOS attack-LOIC-UDP,1.0,0.6584150195121765,0.6584150195121765,0.01739645004272461
410021,DoS attacks-SlowHTTPTest,0.6786637133061535,-0.012198694896528535,0.507698460120658,0.017582178115844727
410112,DoS attacks-SlowHTTPTest,0.845588989736626,-0.025886610161665463,0.5058639029076007,0.01737046241760254
410254,DDOS attack-LOIC-UDP,1.0,0.9552393555641174,0.9552393555641174,0.017190933227539062
410740,SSH-Bruteforce,0.9711672990599974,-0.040336205552582216,0.9755759214885333,0.01811838150024414
410845,Bot,0.4495692931338353,-0.0005447332497934484,0.4719456644467972,0.017426490783691406
412248,DoS attacks-SlowHTTPTest,0.6419011098355225,-0.01629188756980391,0.4833992157796705,0.017885923385620117
414454,DoS attacks-GoldenEye,0.614505007077432,-0.015147340083887281,0.62412181042158,0.017584562301635742
414918,DDOS attack-LOIC-UDP,1.0,0.9734855890274048,0.9734855890274048,0.017815351486206055
415165,DDOS attack-LOIC-UDP,1.0,0.6025629043579102,0.6025629043579102,0.017543554306030273
415297,SQL Injection,0.9873404419852323,-0.04505000886479371,0.9650025686955467,0.01787877082824707
415964,DDOS attack-LOIC-UDP,1.0,0.9928478002548218,0.9928478002548218,0.017609119415283203
416934,DDOS attack-HOIC,0.45423053908511846,0.0006840105004307651,0.46915703788375457,0.01727008819580078
416984,Infilteration,0.3433281480902577,0.1069967007431404,0.3719457637647719,0.01745152473449707
417478,DDOS attack-HOIC,0.4825484045535652,-0.008986554161201227,0.49312370861682764,0.01815509796142578
417634,Brute Force -Web,0.425301871805445,-0.0067264176353506525,0.37126892260262473,0.018709182739257812
417696,Infilteration,0.9291532227259196,0.09035612916735491,0.6613618155457226,0.017772674560546875
418003,DoS attacks-Slowloris,2.2599699889269687e-12,0.9999645948397865,0.9999645948410021,0.017414093017578125
420193,DoS attacks-Slowloris,2.325029058170003e-12,0.9999580383288288,0.9999580383300767,0.01746988296508789
421149,DoS attacks-Slowloris,0.0,1.0,1.0,0.018949508666992188
421817,Brute Force -Web,0.7210926650155771,-0.029556196986307806,0.6957504125802018,0.018155813217163086
422128,DDOS attack-HOIC,0.8428461563014746,-0.03763814590740229,0.8387482533134809,0.01933121681213379
422518,SSH-Bruteforce,0.973250944018914,-0.0540734288288654,0.9726866759271251,0.018159151077270508
423486,Brute Force -XSS,0.43403973281064545,0.0027520546414104147,0.4467766448519135,0.01785421371459961
423710,FTP-BruteForce,0.986081587597277,-0.01794025625787199,0.6732251317885478,0.01803898811340332
423824,DDoS attacks-LOIC-HTTP,0.7120398915067964,-0.021273985164515397,0.7643087567129779,0.017600297927856445
424076,DDOS attack-HOIC,0.8140334223450814,-0.024582358997559298,0.8122077637447016,0.017810344696044922
424233,DDOS attack-LOIC-UDP,1.0,0.9899681806564331,0.9899681806564331,0.017911911010742188
424607,Bot,0.46942187572238103,0.0022363134643601026,0.4855295745651409,0.01736617088317871
425306,DoS attacks-Slowloris,5.015876602953995e-12,0.9999556541415827,0.999955654144284,0.017493247985839844
426361,DoS attacks-GoldenEye,0.5098276953079213,-0.004165113370174285,0.5205818721902337,0.017583847045898438
426496,FTP-BruteForce,0.6968699081646006,-0.021085237370375765,0.6494462148708944,0.017877578735351562
427567,Infilteration,0.6059571429287243,0.07632002445403595,0.4620070998909561,0.018550634384155273
428076,DDoS attacks-LOIC-HTTP,0.7310390722888342,-0.015364817088633687,0.772261493426922,0.017712116241455078
428942,DoS attacks-SlowHTTPTest,0.6562867584478675,-0.01849210610066515,0.49262702401964925,0.01952075958251953
430855,Brute Force -Web,0.45169515095446333,0.004931636521184168,0.458332748979618,0.017703533172607422
430879,FTP-BruteForce,0.6857830920009768,-0.011188334842786779,0.4840310013538167,0.0178830623626709
431138,DoS attacks-Hulk,0.5370149330982283,-0.008575364620026053,0.5450396778365645,0.01824021339416504
433136,DoS attacks-Hulk,0.5077027786149793,-0.00487645055910374,0.5193111111377617,0.020245790481567383
433298,DoS attacks-Hulk,0.9127894315694457,-0.04696974052529754,0.9081456149122336,0.022600173950195312
434271,Brute Force -XSS,0.4505603341791302,0.00867247352705304,0.4607263240586399,0.01794290542602539
435047,Brute Force -Web,1.0,0.9903745651245117,0.9903745651245117,0.018836021423339844
435082,Brute Force -Web,0.38608629924711413,-0.0016475368488275272,0.40249538930418066,0.0197296142578125
435265,SSH-Bruteforce,0.9657071803378287,-0.039163120976739574,0.973870001276437,0.019211769104003906
435398,Bot,0.4204195513830641,0.003081950383363098,0.446814032810346,0.01795339584350586
435516,DDoS attacks-LOIC-HTTP,0.8343149005729757,-0.01790236826289593,0.8721140205203777,0.018896102905273438
435999,DDOS attack-LOIC-UDP,1.0,0.9923170804977417,0.9923170804977417,0.020391464233398438
436016,Infilteration,0.3328748836134454,0.09657830598447367,0.3688236068584493,0.017787456512451172
436253,Bot,0.40459952111066677,0.014971318528472916,0.44106582941949846,0.018121004104614258
437217,FTP-BruteForce,0.00012448805000320196,0.9210621978898735,0.9211248454441878,0.01863265037536621
437515,DoS attacks-Slowloris,8.769762693816574e-12,0.9999171495390076,0.9999171495437562,0.018221616744995117
437810,Infilteration,0.3632111159352016,0.08929676670252028,0.39341255086974203,0.018744468688964844
438174,Brute Force -Web,1.0,0.9900344014167786,0.9900344014167786,0.018647193908691406
439451,DDOS attack-LOIC-UDP,1.0,0.9920182824134827,0.9920182824134827,0.01812005043029785
440734,DDoS attacks-LOIC-HTTP,0.6207340653486135,-0.0007896665873554781,0.653711658947247,0.020351171493530273
440950,DoS attacks-Hulk,0.5289220505304475,-0.010000486433737077,0.5367049545084746,0.020564556121826172
440968,Benign,0.17698996088316854,0.8716996485469577,0.9443454474742857,0.01992034912109375
442254,Benign,0.30684154031622835,0.8489261370221426,0.992468517023708,0.018015384674072266
443482,DDOS attack-HOIC,0.49114107832892073,0.0024315610943802177,0.5021735044706583,0.018049955368041992
443627,DoS attacks-Hulk,0.5247096190351326,-0.002414825497462733,0.5343993050397882,0.018845319747924805
443890,DDOS attack-HOIC,0.46928379781401275,-0.008079095782852048,0.4815783745711385,0.01775050163269043
444547,DoS attacks-Slowloris,0.0,1.0,1.0,0.018570423126220703
444581,SSH-Bruteforce,0.931439304115282,-0.04490008037428589,0.941865740149767,0.017477035522460938
445619,Brute Force -Web,0.6292994778885287,-0.020398856871984658,0.626059870112773,0.017621517181396484
445828,Benign,0.19252800897690492,0.8476805429191322,0.8669573105923377,0.017697572708129883
446683,DoS attacks-GoldenEye,0.5146011563275186,0.0013755451031298854,0.5288304792712768,0.017626523971557617
448174,Infilteration,0.26537985636641925,0.10314103151818323,0.3256624219914533,0.018282175064086914
450197,DoS attacks-Slowloris,3.955280547529583e-12,0.9999639987924314,0.9999639987945534,0.019921064376831055
450421,FTP-BruteForce,0.6470055597183614,-0.0139408119320018,0.4605980703463149,0.021356582641601562
450725,Benign,0.21768405657514278,0.8480231153584743,0.9213499930034843,0.017834186553955078
450779,Bot,0.4461256498403132,0.0013582368955429025,0.46286217540723174,0.019223690032958984
451779,DoS attacks-Slowloris,0.0,1.0,1.0,0.01884746551513672
452015,DoS attacks-Slowloris,0.0,1.0,1.0,0.019230365753173828
452263,DoS attacks-Hulk,0.5156630855753019,-0.005135076089932411,0.526373100824143,0.017893314361572266
452893,DoS attacks-Hulk,0.5194253622233789,-0.007035900439797807,0.5289911881377589,0.021329879760742188
453106,DoS attacks-Hulk,0.5152972290896323,-0.005937236398856127,0.5250602455286454,0.023897647857666016
454267,DDoS attacks-LOIC-HTTP,0.4452501928233412,0.011896377577250289,0.486070234683487,0.024036884307861328
454565,Infilteration,0.3338450757232607,0.09621580956087122,0.34876129396171013,0.02340388298034668
455558,DoS attacks-Hulk,0.5300280697222444,-0.011000096645862316,0.5381881644143909,0.023648500442504883
456521,Infilteration,0.9389439582455221,0.07934966841172408,0.6610041430363373,0.024069786071777344
457110,Infilteration,0.3371307577358015,0.10743499275224203,0.38351404662785826,0.016934871673583984
457772,DDOS attack-LOIC-UDP,1.0,0.9923170804977417,0.9923170804977417,0.017637252807617188
458156,Benign,0.23053427147464656,0.85444336607086,0.9321244647305841,0.01781940460205078
458210,Bot,0.38258048619883567,0.0006878374153318628,0.416486551118547,0.01712179183959961
458435,DoS attacks-Hulk,0.4794290946192796,-0.00883961890758516,0.4927309746164645,0.017707109451293945
458576,DDoS attacks-LOIC-HTTP,0.9754209855613047,-0.03554898112708671,0.9796920499554099,0.017087936401367188
459088,DoS attacks-GoldenEye,0.40541018780980853,0.002587954727638217,0.4293088719454613,0.0175018310546875
459692,SSH-Bruteforce,0.971171361641123,-0.044723087404400286,0.9742268223601636,0.01718449592590332
459739,Bot,0.4577236105093657,0.007290497921127327,0.488254608819791,0.018484830856323242
460189,FTP-BruteForce,0.968986151396301,-0.032680710981242644,0.6100250752619221,0.017534255981445312
460214,DoS attacks-SlowHTTPTest,0.816451367355905,-0.025151289863058382,0.5375236851057151,0.016842365264892578
460217,SSH-Bruteforce,0.967919091897055,-0.04837984898727726,0.9704982340339681,0.017095327377319336
460443,Brute Force -XSS,1.0,0.9813684821128845,0.9813684821128845,0.017179012298583984
461083,Infilteration,0.31102583873331135,0.10511065537127473,0.3600638732331685,0.019138574600219727
462813,Brute Force -Web,0.4404341182128896,-0.006942504933217818,0.43500528329818616,0.02281928062438965
463354,DoS attacks-GoldenEye,0.8066275142383302,-0.0344640632587902,0.8058734951155564,0.023996591567993164
463389,DDOS attack-LOIC-UDP,1.0,0.6947348713874817,0.6947348713874817,0.022523880004882812
464264,DDOS attack-HOIC,0.46870668802529747,0.003259798132652633,0.4817297538537511,0.02267313003540039
464916,DDOS attack-HOIC,0.4164527492386886,-0.009906112781411937,0.43330684868039215,0.023340463638305664
465013,DDoS attacks-LOIC-HTTP,0.6160642160876468,-0.0051557559236541095,0.6640649488971548,0.021088361740112305
465025,DDoS attacks-LOIC-HTTP,0.6278371413499955,-0.002890677743158279,0.6720445751318199,0.017189979553222656
465061,Brute Force -Web,0.412397963167327,-0.0044238096766119304,0.25039906467972006,0.01719379425048828
465189,DoS attacks-Slowloris,2.9241054022577373e-12,0.9999525547011899,0.9999525547027569,0.017247438430786133
465399,FTP-BruteForce,0.6725570814243909,-0.016836077347295697,0.6505837165583737,0.016864538192749023
465523,Infilteration,0.5502839435191622,0.07047850920580942,0.5194379780752475,0.01754927635192871
466524,Bot,0.4123000754944438,0.009079014734607795,0.43754446885465687,0.018568754196166992
466908,SSH-Bruteforce,0.9723798729902977,-0.034208762727851005,0.9772435115658363,0.017120361328125
467947,DDoS attacks-LOIC-HTTP,0.6288470498183307,0.0007596070044344067,0.6821583091446132,0.017094850540161133
468844,Benign,0.21433402040992855,0.8554487617039862,0.8890894617721113,0.01773524284362793
468943,DDOS attack-LOIC-UDP,1.0,0.9923926591873169,0.9923926591873169,0.016822099685668945
469503,DoS attacks-GoldenEye,0.528611007238769,0.0004563045441166591,0.542284262959537,0.016783714294433594
470208,Infilteration,0.9355832280668714,0.08028662295437927,0.757805195781374,0.017229080200195312
470293,Bot,0.44852799008936983,0.0007577206830765917,0.4786900407645881,0.016804933547973633
470325,Brute Force -Web,0.6064358279493718,-0.012698772403349157,0.6063060012454694,0.0174102783203125
470562,DoS attacks-Hulk,0.5072250418234174,-0.007937585943262722,0.5175895211224215,0.016825437545776367
471104,Infilteration,0.9411452494336396,0.07714045930466695,0.7056022297133123,0.01679396629333496
471531,DoS attacks-Slowloris,0.6158071536185259,-0.01256787229008166,0.6228123862271493,0.017333984375
472333,DoS attacks-SlowHTTPTest,0.6493827858477712,-0.01805751620004395,0.5715740811533704,0.01905345916748047
472733,Infilteration,0.34571513031989753,0.10342894704531969,0.36881578258682,0.016760826110839844
473231,DoS attacks-SlowHTTPTest,0.844267896516417,-0.028032626508703015,0.5052151028014289,0.017255783081054688
473975,SSH-Bruteforce,0.9773090806376279,-0.03192047322579594,0.9802619833276421,0.017146587371826172
474070,DoS attacks-Slowloris,9.813372336964221e-12,0.9999629259056445,0.9999629259109433,0.017101764678955078
474577,Benign,0.2674808629805644,0.8569348025005872,0.9846886485434686,0.016742944717407227
474715,DDOS attack-HOIC,0.47720642944705605,-0.0006734383889082443,0.4889040918297034,0.017058372497558594
475209,DDoS attacks-LOIC-HTTP,0.5847995262068184,-0.003926699225776029,0.6428527478244452,0.016726255416870117
476206,Brute Force -XSS,1.0,0.9819608926773071,0.9819608926773071,0.01659250259399414
476336,Brute Force -XSS,1.0,0.980762779712677,0.980762779712677,0.016854047775268555
476676,DoS attacks-SlowHTTPTest,0.6984728486056675,-0.021348200043418086,0.5695478236312945,0.017001867294311523
476835,DDOS attack-LOIC-UDP,1.0,0.9937149882316589,0.9937149882316589,0.01713705062866211
477610,DoS attacks-GoldenEye,0.5529179813765612,0.002657992240321004,0.5652940023176275,0.01687312126159668
477734,DDoS attacks-LOIC-HTTP,0.7773411692377559,-0.022595176848274473,0.8092219479965578,0.01815032958984375
477804,Benign,0.0025731698523819846,0.9989555418598307,0.9994959799489844,0.018565893173217773
478158,Benign,0.2176565289714214,0.8617531068596161,0.9315731081653364,0.017435073852539062
478730,DDOS attack-LOIC-UDP,1.0,0.9720861911773682,0.9720861911773682,0.01742243766784668
480588,Benign,0.2138904877760862,0.8491837421627609,0.9170835049990054,0.017416954040527344
481014,SSH-Bruteforce,0.9721231653267721,-0.04040450631439929,0.9740604331493649,0.019417285919189453
481737,SSH-Bruteforce,0.9675085332769856,-0.04813457776124341,0.9730580678005769,0.016945362091064453
482959,SSH-Bruteforce,0.9654160480426743,-0.04669159719209015,0.971208019836668,0.016788482666015625
483707,Brute Force -Web,0.715724064256644,-0.020840148540928374,0.6932790764349863,0.01720452308654785
484737,Bot,0.46494478790330906,0.004323849743325996,0.4892673977809071,0.01760077476501465
485929,DoS attacks-Slowloris,0.0,1.0,1.0,0.016954660415649414
486892,DDOS attack-HOIC,0.47254027241943297,-0.006872199434474507,0.48360409568000906,0.017784595489501953
486934,DDoS attacks-LOIC-HTTP,0.49419542012355056,0.00498698595005681,0.5494380172685513,0.017157316207885742
487209,DoS attacks-GoldenEye,0.4683718758676497,-0.0006622599719373901,0.4858165757691093,0.0176694393157959
487263,DDOS attack-LOIC-UDP,1.0,0.9899681806564331,0.9899681806564331,0.017263412475585938
487387,DDoS attacks-LOIC-HTTP,0.40776426926611486,0.029082375652633337,0.4594028348282781,0.017003297805786133
488135,Benign,0.22225153013546073,0.8480387807762702,0.9176409101384719,0.017447471618652344
488231,Bot,0.4143293751418281,0.006166074584453299,0.44832334454824413,0.017712831497192383
488992,DoS attacks-GoldenEye,0.5209923566300065,-0.013564108298240028,0.5339510986654668,0.018142223358154297
489470,DoS attacks-GoldenEye,0.7160156745368855,-0.018332873123238363,0.7181408037030035,0.0179598331451416
489800,SSH-Bruteforce,0.9672687049637663,-0.04008838674415394,0.9731058202631222,0.01946115493774414
490284,Benign,0.23836455371318355,0.8407953168512456,0.9213254284981626,0.018256187438964844
490420,Benign,0.2565443399504709,0.8433895662549319,0.9164847187663887,0.01836681365966797
491715,DoS attacks-SlowHTTPTest,0.7714827178553698,-0.014935448372849616,0.44378308132355104,0.018405675888061523
491728,DDOS attack-LOIC-UDP,1.0,0.8995716571807861,0.8995716571807861,0.017088890075683594
492002,DoS attacks-SlowHTTPTest,0.797496959238693,-0.025865795015567808,0.5267971322127517,0.017784595489501953
492969,DDOS attack-LOIC-UDP,1.0,0.9691393971443176,0.9691393971443176,0.019237995147705078
493521,DDOS attack-LOIC-UDP,1.0,0.9473586678504944,0.9473586678504944,0.018616437911987305
494286,DoS attacks-GoldenEye,8.26116952623579e-13,0.9997923970218083,0.9997923970222469,0.017847537994384766
494413,Infilteration,0.3298699330280135,0.10742562481363373,0.3694432310429197,0.017777204513549805
495591,DDoS attacks-LOIC-HTTP,0.6207413195617796,-0.002655957061132183,0.6723319986577455,0.017562389373779297
496053,DoS attacks-Hulk,0.5121931389424881,-0.006221003842588058,0.5228826358424434,0.018165111541748047
496791,Bot,0.4573161154944998,0.000594150072432395,0.48403440807540304,0.018300533294677734
496970,DoS attacks-Hulk,0.5081009309559021,-0.014292173556014351,0.5181049803612214,0.018042325973510742
497795,DDOS attack-LOIC-UDP,1.0,0.7704574465751648,0.7704574465751648,0.016925573348999023
498379,Brute Force -Web,1.0,0.989919900894165,0.989919900894165,0.13208723068237305
498583,Infilteration,0.3081601514970357,0.09935562692406652,0.32029881552269335,0.017739295959472656
498647,Brute Force -Web,0.6901511506249955,-0.033499060874788225,0.6699875329459081,0.017273664474487305
498915,DoS attacks-Slowloris,5.054623386513413e-12,0.99996459483829,0.9999645948410003,0.017751455307006836
499022,Bot,0.4854492379218952,-0.004448841469755729,0.4980354447041245,0.016939878463745117
499151,SSH-Bruteforce,0.9712061358629057,-0.04863980297834203,0.9725672082403155,0.016951799392700195
499280,DoS attacks-GoldenEye,0.6867085563403501,-0.01043088867766337,0.69371890613097,0.016844749450683594
499490,DoS attacks-Slowloris,0.0,1.0,1.0,0.016770124435424805
500197,Bot,0.49913962266300405,0.002518314775674657,0.5271737553467687,0.016666173934936523
500247,DoS attacks-Slowloris,4.5137227289160364e-12,0.9999581575369455,0.9999581575393648,0.01711750030517578
500277,DoS attacks-GoldenEye,0.48430817223225675,-0.008699840812784888,0.5027367602359558,0.017816781997680664
500639,DoS attacks-GoldenEye,0.7972104101931803,-0.030615587853419113,0.7990413926995681,0.01700305938720703
501343,DoS attacks-SlowHTTPTest,0.6410026377354021,-0.01609777052722238,0.45468263996379704,0.016820192337036133
501715,DoS attacks-Hulk,0.5185107347672856,-0.008165675337408092,0.5278813217687494,0.017095565795898438
501916,DDOS attack-HOIC,0.476296051578721,-0.0027792297830754598,0.48821351964640036,0.017100095748901367
502356,Benign,0.25399665554010165,0.8526911270420918,0.9073638068308968,0.020710468292236328
502711,Infilteration,0.8835026358993361,0.09607630064436551,0.5030593494376823,0.018418550491333008
503052,Brute Force -XSS,1.0,0.9796956777572632,0.9796956777572632,0.02071213722229004
504769,DoS attacks-SlowHTTPTest,0.6565198234818591,-0.01841427237126532,0.4649207838275709,0.021265029907226562
507562,DDOS attack-HOIC,0.4686028961318588,-0.008309821976591206,0.48156665895200557,0.016826629638671875
507576,FTP-BruteForce,0.9869655465624798,-0.01593179673680456,0.6733409574384711,0.016643762588500977
509162,Infilteration,0.3377809195584428,0.10721590222170099,0.37104221069123766,0.0173952579498291
509759,DoS attacks-GoldenEye,0.6945241076998396,-0.02303909178179335,0.7058593993645899,0.017144203186035156
509950,DoS attacks-Hulk,0.5567335580773631,-0.009978437460637896,0.5623725424968885,0.02060389518737793
510614,Bot,0.42416420406650823,0.004293287182905732,0.44633313644576394,0.024942398071289062
510672,FTP-BruteForce,0.6420417011692321,-0.01341471114925806,0.4569068414569339,0.022694826126098633
511057,DoS attacks-Hulk,0.5105496070172919,-0.004562429815324093,0.5209282077141967,0.024256467819213867
511838,SSH-Bruteforce,0.9701327802254902,-0.04384263035860392,0.9732220167182806,0.023588180541992188
512234,DDoS attacks-LOIC-HTTP,0.7434512074730623,-0.001968838736444392,0.7869228229584063,0.01920628547668457
512406,Infilteration,0.6485587379450878,0.08297362652309806,0.5796758591980408,0.017561912536621094
513915,DDoS attacks-LOIC-HTTP,0.8555534298249847,-0.01951074969016231,0.8936196558017871,0.017947673797607422
513948,FTP-BruteForce,0.9683670661342185,-0.027648326287371155,0.6098663793942916,0.017824411392211914
514169,FTP-BruteForce,0.00010095808099996884,0.9210745591053802,0.9211248763575169,0.01804971694946289
514378,Brute Force -Web,0.4406542155610872,0.0023444025496539567,0.45071377992470557,0.01758718490600586
514487,Infilteration,0.5266183360700367,0.08110566718998599,0.6219864560533737,0.01740264892578125
515246,Benign,0.2949148540279112,0.8596635577049252,0.9983202565284561,0.017325639724731445
515335,Infilteration,0.42747353786454156,0.09595371672074865,0.4476415518058652,0.01680135726928711
515574,DoS attacks-Hulk,0.4817863396758977,-0.010804420895854379,0.49450759124784766,0.01743769645690918
515837,DoS attacks-Hulk,0.5010073289562171,-0.009424234049406226,0.5123685328452621,0.0172731876373291
516812,DoS attacks-Slowloris,0.6281033812870532,-0.011012598310134972,0.6332288776551699,0.01708507537841797
517291,Brute Force -Web,0.4325936924201387,0.0037075867100651375,0.42715384683997853,0.016913890838623047
517324,DoS attacks-Slowloris,0.39420178895483815,0.0015474275635161475,0.30858987848380454,0.018010377883911133
517438,DoS attacks-SlowHTTPTest,0.7934736123567844,-0.02544465747432506,0.5242439320953325,0.018354177474975586
517938,DDOS attack-HOIC,0.493544161050419,-0.009239599003944755,0.5021509368935455,0.01729893684387207
518001,Infilteration,0.46923761998988833,0.08938140970149402,0.4749995047469632,0.017068862915039062
518108,DDOS attack-HOIC,0.4825178665183921,0.009340110276998291,0.495010700408387,0.01775193214416504
518911,Infilteration,0.37582106294192785,0.09415360088264058,0.3826722542133727,0.020200252532958984
519101,DoS attacks-SlowHTTPTest,0.6507218241523907,-0.01837055665796937,0.4889559283103815,0.0237429141998291
519731,DDoS attacks-LOIC-HTTP,0.6039169741822634,0.004485447116575669,0.6524444445810043,0.022412776947021484
519793,Infilteration,0.510002221761674,0.08947702480561669,0.46987004218224265,0.02054738998413086
519990,Brute Force -Web,1.0,0.9899923205375671,0.9899923205375671,0.01677870750427246
520651,Benign,0.29602968417829156,0.8565483495761245,0.9587434760197762,0.016776084899902344
520811,Brute Force -Web,1.0,0.9902001023292542,0.9902001023292542,0.016619443893432617
521292,DoS attacks-Slowloris,2.7006175074006933e-12,0.9999518394455807,0.9999518394470197,0.017664670944213867
521385,DoS attacks-GoldenEye,0.406877936266697,0.008023540558280112,0.42813860283677685,0.01783156394958496
521409,Infilteration,0.2799101180850695,0.10168321289272844,0.32806893638630164,0.017702341079711914
521524,DoS attacks-Slowloris,0.0,1.0,1.0,0.020259857177734375
521606,Benign,0.20870221800983868,0.8577015249677926,0.9037487582917414,0.0198211669921875
521700,Brute Force -XSS,0.4581036351643111,-0.0011700358845781536,0.4592765139283383,0.020555496215820312
521833,DoS attacks-Slowloris,0.6250345851301287,-0.023422423152452576,0.6287493692203282,0.0183563232421875
522204,Brute Force -XSS,0.41924403278025246,-0.000234164545695012,0.4324966030738147,0.018697023391723633
522450,DoS attacks-Hulk,0.499109015761949,-0.012057502902992158,0.5104929101122221,0.018802642822265625
522606,Infilteration,0.9453936312107087,0.07189301620638644,0.7579840117697425,0.01985931396484375
522632,DDoS attacks-LOIC-HTTP,0.5901069832103887,0.002679641182386991,0.6272680265006535,0.01789093017578125
524341,Brute Force -Web,0.44892710177793127,-2.7798112938848263e-05,0.36086032840151255,0.016940593719482422
524431,DoS attacks-SlowHTTPTest,0.8460162941005018,-0.024222954206540012,0.5067900725530473,0.016712188720703125
524740,Bot,0.4584975991618252,0.010808898886820677,0.4772761499924437,0.01965165138244629
524824,FTP-BruteForce,8.391384237471655e-05,0.921083263885106,0.9211248971480838,0.0171663761138916
525152,DoS attacks-Slowloris,0.0,1.0,1.0,0.017389297485351562
525166,DoS attacks-GoldenEye,0.6933690260425274,0.5139667822201528,0.997377442552746,0.01741194725036621
525261,Bot,0.42611893444378157,0.007997623055742392,0.4501489366248672,0.01664566993713379
525466,DDOS attack-HOIC,0.4690772907447267,-0.008150723391256907,0.4818907194306077,0.016775846481323242
527604,Brute Force -Web,0.4353164338253217,-0.0028498182532444155,0.44240900099730157,0.016890287399291992
527622,DoS attacks-SlowHTTPTest,0.806311104946286,-0.02231867805025478,0.5316273233173363,0.017370939254760742
528023,DDOS attack-LOIC-UDP,1.0,0.9883866906166077,0.9883866906166077,0.01695108413696289
528258,Bot,0.43718466745257,0.008712498566496349,0.46545983478890934,0.017154216766357422
528901,DDOS attack-HOIC,0.4901498855920142,-0.0005012819254804832,0.5004031635130822,0.017091035842895508
529044,DDOS attack-LOIC-UDP,1.0,0.9459185600280762,0.9459185600280762,0.016867876052856445
529520,FTP-BruteForce,0.9841127806509227,-0.005337101046515413,0.6736280115367966,0.016846179962158203
529556,DoS attacks-Hulk,0.7155343988343041,-0.033670302641037445,0.7170606601743809,0.017082929611206055
530909,Benign,0.3546486362250002,0.8541690203078065,0.9735947719396455,0.01797199249267578
531225,Brute Force -Web,0.4285066865567343,-0.00011274615951578637,0.41954011558882953,0.017774105072021484
531607,FTP-BruteForce,0.00010705007019429225,0.9210712887370418,0.9211248679849552,0.01712346076965332
531733,DoS attacks-Hulk,0.5453434604689447,-0.009121809964706046,0.5518244264666808,0.017403841018676758
532195,Benign,0.3963824360753404,0.8627930192323011,0.9981118017598759,0.019600868225097656
532287,DoS attacks-GoldenEye,0.7400886478961572,-0.0200726345336064,0.7506327356017296,0.018621206283569336
532375,DoS attacks-GoldenEye,0.6656946503300708,-0.017059466202762275,0.6804600414360766,0.018704652786254883
533025,Benign,0.3133920498877467,0.8590894496575117,0.9957781684100772,0.02045893669128418
533710,DDOS attack-LOIC-UDP,1.0,0.9897375702857971,0.9897375702857971,0.01940751075744629
534876,DoS attacks-Slowloris,2.437272605959606e-12,0.9999580383287658,0.9999580383300768,0.0200045108795166
535830,DDOS attack-LOIC-UDP,1.0,0.9872708916664124,0.9872708916664124,0.021241426467895508
535970,DDOS attack-LOIC-UDP,1.0,0.8297119140625,0.8297119140625,0.020273685455322266
537128,DDOS attack-HOIC,0.4565994770417091,-0.0006757732085265686,0.4709995291613387,0.0205233097076416
537276,DDOS attack-HOIC,0.48880640687280985,0.003770593485818742,0.5002000389031521,0.022156953811645508
537705,Benign,0.18822667991627262,0.8608574411672939,0.8922475098320404,0.023923635482788086
537964,SSH-Bruteforce,0.9751784809689709,-0.0360403462434854,0.980218977432275,0.019618511199951172
537993,Infilteration,0.6327504591072678,0.08577674398437612,0.608093697332345,0.01871037483215332
538093,Bot,0.41784031830361923,0.013648669446029882,0.4517162450221041,0.018265485763549805
538599,DDoS attacks-LOIC-HTTP,0.5935276235669373,-0.0037901876442323346,0.6367894022715558,0.01735520362854004
539630,DoS attacks-Hulk,0.525646624691033,-0.005770450939815236,0.5348489453784421,0.017839670181274414
540528,FTP-BruteForce,0.9854748311017107,-0.012839732026685646,0.6733298055963309,0.019196510314941406
541526,DDoS attacks-LOIC-HTTP,0.9327091148280492,-0.019985938191108332,0.9519369576388645,0.019443511962890625
541726,DoS attacks-Hulk,0.5270405825058135,0.0006570038469093376,0.5374392009023841,0.01937103271484375
541907,Benign,0.2581146176026601,0.8436672012845422,0.9178112211512792,0.019102096557617188
542057,DDoS attacks-LOIC-HTTP,0.9245561492810891,-0.035636839794435604,0.9387844016488884,0.017673730850219727
542466,Infilteration,0.2928052765018859,0.10262086876480685,0.3554617234365496,0.01733231544494629
542478,SSH-Bruteforce,0.905191068513481,-0.03533869000417619,0.9252908969068003,0.01704859733581543
542508,Bot,0.40184041779660074,0.009762777719953604,0.43639452323562594,0.017152786254882812
542957,DoS attacks-GoldenEye,0.5432225046711594,-0.002565676270290758,0.5504674088657869,0.020883560180664062
544187,DDoS attacks-LOIC-HTTP,0.9375311697782907,-0.03816537053336433,0.9552355385276056,0.023073434829711914
544602,DDOS attack-HOIC,0.801116725771368,-0.04643933989566687,0.8015008352604431,0.0223538875579834
544810,Bot,0.450375676821288,0.008491540462402067,0.4766858336695646,0.017394542694091797
544974,DoS attacks-Hulk,0.5358121902108922,-0.008171895970972877,0.543561887734165,0.017235755920410156
545075,Benign,0.002698800583136318,0.9109108366274424,0.9118544114834598,0.01929783821105957
545791,Bot,0.4247590141991179,0.002517540163542324,0.44351528029927245,0.017291545867919922
546990,DoS attacks-Slowloris,8.278933094629792e-13,0.9999732971186923,0.9999732971191402,0.01777958869934082
547278,Benign,0.2567380566150935,0.8485194208250014,0.8810490220379763,0.01703476905822754
547723,DoS attacks-GoldenEye,0.8474231388492481,-0.034269390015225776,0.846745824619677,0.017514944076538086
547988,DDOS attack-LOIC-UDP,1.0,0.982386589050293,0.982386589050293,0.0169374942779541
549022,Brute Force -Web,0.4287572093399027,0.001969832441671142,0.4314362046233645,0.01703166961669922
550193,Bot,0.5036831574451641,0.009414020400019499,0.5199049346179229,0.016944169998168945
550265,DDOS attack-HOIC,0.4795227260374382,0.00291106390262158,0.49165082282088696,0.016871213912963867
550396,Benign,0.19070338238047235,0.8632891706907754,0.9034355017272043,0.016690731048583984
552215,DoS attacks-Slowloris,0.615403031628607,-0.0219891942502677,0.6210624511453119,0.017357826232910156
554166,DoS attacks-Hulk,0.5166392032926741,-0.011992404893428316,0.52651753068732,0.01727151870727539
555257,SSH-Bruteforce,0.969517827396814,-0.053880360743528866,0.9719613800046017,0.016771316528320312
555404,SSH-Bruteforce,0.9701392244174366,-0.033812973345655695,0.976381235849758,0.017397642135620117
556016,DoS attacks-Slowloris,8.998357614586894e-13,0.9999492168421661,0.9999492168426509,0.017846345901489258
556032,Brute Force -XSS,1.0,0.9819300770759583,0.9819300770759583,0.01697397232055664
557077,SQL Injection,0.9876648552183824,-0.033619808905169135,0.9670894094686273,0.01740097999572754
557127,Benign,0.3311147336671272,0.8438912760933511,0.9945244551093636,0.01796746253967285
557149,DoS attacks-GoldenEye,0.5461331083046055,0.0019582761238202545,0.5550065625468767,0.019687175750732422
557389,SSH-Bruteforce,0.9766072248664255,-0.04822474626478812,0.9810787265243707,0.01838850975036621
557903,DoS attacks-Slowloris,3.132050174770029e-12,0.9999639987928761,0.9999639987945537,0.017567873001098633
558168,DDoS attacks-LOIC-HTTP,0.5920778616077707,0.0019539746979872624,0.6556203436665606,0.017780065536499023
558395,DDoS attacks-LOIC-HTTP,0.6383126203072307,0.0010635122097892163,0.681705956138836,0.017625093460083008
559195,DDOS attack-HOIC,0.46194600018167276,-0.002922002097486151,0.4745938789853104,0.016751766204833984
559359,SSH-Bruteforce,0.9774716232440136,-0.03855566060890159,0.9818607695144487,0.017037153244018555
559418,Brute Force -XSS,1.0,0.9819631576538086,0.9819631576538086,0.017217397689819336
559553,DoS attacks-Hulk,0.5109679025106535,-0.006799367286801243,0.5223504805089165,0.01697540283203125
559606,DoS attacks-Hulk,0.526694363548529,-0.003389532251915739,0.5360036246168032,0.017830371856689453
559993,DoS attacks-Hulk,0.5303529506795601,-0.003221464069420893,0.5388914360223424,0.01733708381652832
560536,Bot,0.4234273900596659,0.011150617036346164,0.44738297825712203,0.01715087890625
561213,Bot,0.45720760895364565,0.016609524002390928,0.47808058204202036,0.016607999801635742
561935,DoS attacks-GoldenEye,0.5175292547821639,-0.00704147360117497,0.5278807782980006,0.017629623413085938
562873,DoS attacks-Slowloris,1.0944578576754793e-12,0.9999645948404127,0.9999645948410028,0.01740550994873047
563135,DDoS attacks-LOIC-HTTP,0.4317040624751639,0.024631817241967287,0.49071081737321154,0.016780614852905273
563562,Benign,0.24826965897400732,0.849088216267965,0.9490122406686514,0.016840696334838867
563636,DDOS attack-HOIC,0.4850486932621212,-0.0029556742305759526,0.49473399765655834,0.016634464263916016
564150,DoS attacks-Hulk,0.5186581198037368,-0.0017651951144723732,0.5282894794742501,0.016724348068237305
564226,DDOS attack-HOIC,0.4701566116479905,-0.007248341598924832,0.4861434293110993,0.017568588256835938
564802,DDOS attack-LOIC-UDP,1.0,0.982386589050293,0.982386589050293,0.018073081970214844
565427,DoS attacks-SlowHTTPTest,0.6517897579084978,-0.023019323799935557,0.5721319689409959,0.019504547119140625
566199,FTP-BruteForce,0.9876601824714885,-0.0072369830552904135,0.673632108812128,0.01765584945678711
566348,DoS attacks-Slowloris,0.0,1.0,1.0,0.017599821090698242
567518,DDoS attacks-LOIC-HTTP,0.8349308773968467,-0.014571562911224745,0.8631137647230712,0.017496109008789062
567714,Brute Force -Web,1.0,0.9903510212898254,0.9903510212898254,0.017698049545288086
567877,DoS attacks-SlowHTTPTest,0.7987363574237042,-0.01870115464553143,0.5277371525881376,0.017675161361694336
568399,DoS attacks-GoldenEye,0.4763731684048852,-0.0049626295259534575,0.49080617646109326,0.018362760543823242
568838,SSH-Bruteforce,0.903849585799682,-0.03778543007584581,0.9107171441503368,0.01731252670288086
570118,DoS attacks-GoldenEye,9.929890243398631e-11,0.9997599720419884,0.9997599720954173,0.019933223724365234
571598,DDoS attacks-LOIC-HTTP,0.46754875965795484,0.011217835527852438,0.5237106760133934,0.02290630340576172
571642,DDoS attacks-LOIC-HTTP,0.6044973540700882,-0.001574636892467396,0.6505636440573198,0.02280402183532715
572379,Brute Force -XSS,0.42833794740624864,-0.003593121254263837,0.43914066718458256,0.02396535873413086
573111,DoS attacks-Hulk,0.5017702840075274,-0.011198600088929485,0.5126776887220417,0.021289348602294922
573424,Brute Force -XSS,0.40953663218501446,0.0017233462380063305,0.39487895910096227,0.01684403419494629
573771,DoS attacks-GoldenEye,0.728610843514174,-0.02575016453182674,0.7414098550550718,0.01717519760131836
573880,DDOS attack-LOIC-UDP,1.0,0.9904419779777527,0.9904419779777527,0.017243385314941406
574170,DoS attacks-Hulk,0.48520790467898633,-0.011997903185755235,0.4963286988678328,0.01894235610961914
576116,Benign,0.2423692257898753,0.8634928452686493,0.937055899544005,0.01945781707763672
576152,DoS attacks-GoldenEye,0.5067289903143891,-0.0010972414162284047,0.5248279186255775,0.017419815063476562
577200,Brute Force -Web,0.42164603123577304,0.0014362863996626764,0.2425156832384089,0.017498493194580078
577695,SSH-Bruteforce,0.9657216920679839,-0.04316838630195757,0.9721184042520834,0.017525672912597656
578079,DoS attacks-GoldenEye,0.7555920962726717,-0.02959503317832543,0.7604873402635651,0.0189969539642334
578698,DDOS attack-HOIC,0.4749447674190993,-0.0016670174820295897,0.4875881723042115,0.019348621368408203
579553,Benign,0.17379165421629494,0.8542879128757149,0.8827917312523283,0.018156051635742188
579853,DoS attacks-GoldenEye,0.6144883085021946,-0.015220817037793322,0.637077349727489,0.018861055374145508
579978,Infilteration,0.35001205617181064,0.09696282272303697,0.3875575013182791,0.018797636032104492
581136,DoS attacks-Slowloris,0.6238629528624067,-0.012791864992515292,0.6274998033069638,0.01913166046142578
581490,DDOS attack-HOIC,0.4755422676830363,0.00043997753232083436,0.48778700793912394,0.020179271697998047
582425,Infilteration,0.34161337195684827,0.1037590340597336,0.38945959801758157,0.017809152603149414
582433,FTP-BruteForce,0.6291307644360346,-0.0187475180125904,0.448404211545549,0.018261432647705078
582648,DoS attacks-Slowloris,0.0,1.0,1.0,0.018747568130493164
582796,Benign,0.24196380545117224,0.84970529404449,0.8989564057988516,0.018990755081176758
583069,Benign,0.207688414796657,0.8462178359276756,0.8730561985639966,0.01786947250366211
583318,DDoS attacks-LOIC-HTTP,0.6778181779178396,-0.006613463300991676,0.7244944862177396,0.017880678176879883
583369,SSH-Bruteforce,0.9703754569742824,-0.04044197519253545,0.9731907898920645,0.017212629318237305
584457,DDoS attacks-LOIC-HTTP,0.6102664648096141,6.987858452087159e-05,0.6605138720781026,0.01746344566345215
584834,SSH-Bruteforce,0.9721868825456276,-0.0452451873337143,0.9739756960105224,0.01927638053894043
585332,SSH-Bruteforce,0.9641483022763199,-0.048374180108518405,0.9692078158070745,0.018111467361450195
585380,FTP-BruteForce,0.6121937805233172,-0.014483236108673705,0.44837429749657576,0.01741790771484375
586218,DoS attacks-GoldenEye,0.7102611213174617,-0.023352875287819125,0.7250903024430924,0.01799607276916504
588010,DoS attacks-GoldenEye,0.9390775920679435,-0.05260595546121166,0.9371533427003471,0.01856088638305664
588054,Benign,0.26720072524908856,0.8463980685238823,0.9717786449439959,0.01818227767944336
588844,DDOS attack-HOIC,0.48601575670228647,0.00747073252450603,0.49747630830317713,0.018680810928344727
589312,DoS attacks-Slowloris,3.6637359812630166e-15,0.9999977350234965,0.9999977350234985,0.019525527954101562
589510,Benign,0.30415464770418454,0.8466992399567783,0.9863321149529614,0.019750595092773438
589863,DDoS attacks-LOIC-HTTP,0.8967812747479176,-0.026999466840809644,0.9164805153611087,0.019081592559814453
590538,Bot,0.4917744157905125,0.0015961251560522444,0.5164301917266754,0.019594669342041016
590726,DDOS attack-LOIC-UDP,1.0,0.9928478002548218,0.9928478002548218,0.018963336944580078
591248,FTP-BruteForce,0.6582343639960786,-0.017861954379015638,0.6186146235479153,0.021061182022094727
592051,DDoS attacks-LOIC-HTTP,0.6509670204893795,0.01070033198383108,0.6877304978438026,0.035202741622924805
592647,FTP-BruteForce,0.669372324335126,-0.023300137653347125,0.647776861743995,0.0227205753326416
593418,DDOS attack-HOIC,0.4951895188963261,-0.001240257993945379,0.5042282593252156,0.020887374877929688
593460,DDoS attacks-LOIC-HTTP,0.5995739624732555,-0.002658300654660814,0.6550257172071531,0.019083261489868164
593561,FTP-BruteForce,0.6686203595554487,-0.02176631727058924,0.6250502662915342,0.018519163131713867
593630,DoS attacks-GoldenEye,0.6351569979058335,-0.016697391461138536,0.6465372693611225,0.019475460052490234
593714,Bot,0.4159476802057951,-0.00012337856661637225,0.43335768158383076,0.017522811889648438
594014,Infilteration,0.37520087470898145,0.08816835785447388,0.3813870878598511,0.018689632415771484
595185,DDoS attacks-LOIC-HTTP,0.9541155767444732,-0.02328799243640206,0.9693070046539769,0.01779031753540039
598293,Brute Force -XSS,1.0,0.9819608926773071,0.9819608926773071,0.017686843872070312
599120,DoS attacks-Hulk,0.5325052915067026,-0.00036073034978829216,0.5402967370135324,0.01837015151977539
599229,DoS attacks-SlowHTTPTest,0.6531479964971975,-0.011047276199054816,0.3502834162926794,0.017346620559692383
599616,DoS attacks-Hulk,0.5139829245378409,-0.004875281495937203,0.5251877962937141,0.017056941986083984
599680,FTP-BruteForce,0.9879605246663968,-0.005268261871394508,0.6736994544198194,0.01919841766357422
599997,SSH-Bruteforce,0.9635295507928597,-0.03938460705162844,0.9738742835229897,0.017349720001220703
601076,Benign,0.24431976419794665,0.8511098046714967,0.9218193224643493,0.019710779190063477
601248,Benign,0.2089840074850754,0.8502118735433579,0.9002515462871576,0.020093917846679688
601870,DDoS attacks-LOIC-HTTP,0.8522787835794483,-0.02703881268413391,0.879410412030134,0.01717662811279297
602139,FTP-BruteForce,0.9681254680697113,-0.03016414539451215,0.6095995165286752,0.017789840698242188
603609,DoS attacks-GoldenEye,0.4877477822954863,-0.0030030803059400007,0.4975044252364883,0.01763319969177246
604009,FTP-BruteForce,0.6741770940781124,-0.024368598477756714,0.6174532974691229,0.01887345314025879
604303,DoS attacks-Hulk,0.5263404989147115,-0.009146167168195343,0.5342348492910259,0.01908135414123535
604387,DoS attacks-Hulk,0.5311851661589305,-0.0023821984885587094,0.5397843488482089,0.01772594451904297
604539,DoS attacks-SlowHTTPTest,0.6594463465327622,-0.0162552494823551,0.5794673641266389,0.01715683937072754
605097,DDOS attack-HOIC,0.47528521547095837,-0.0004504252015649357,0.48851994073262617,0.0177304744720459
608011,DDOS attack-HOIC,0.4798619040578853,0.0006185497480116278,0.4908364348457388,0.017496347427368164
611192,DoS attacks-Hulk,0.526006773930267,0.0003033521481871568,0.5356212001912545,0.017949819564819336
611363,DoS attacks-Slowloris,0.0,1.0,1.0,0.01726245880126953
612695,Brute Force -Web,1.0,0.9891940355300903,0.9891940355300903,0.017735004425048828
613099,DoS attacks-Hulk,0.5357115515114149,-0.007268645342504744,0.5429119037308763,0.01735854148864746
613326,DDoS attacks-LOIC-HTTP,0.40413353493260784,0.02641799424408886,0.45137752694194677,0.018868684768676758
613991,SSH-Bruteforce,0.9685354240422074,-0.05340405478920707,0.971831346395336,0.01809382438659668
614266,Brute Force -Web,0.43797752311518656,-0.008061461658712396,0.41682001306656985,0.017429113388061523
614472,Brute Force -Web,1.0,0.9903694987297058,0.9903694987297058,0.017525672912597656
615058,DoS attacks-SlowHTTPTest,0.6448601831769694,-0.008575537469505172,0.32801516620256593,0.019268035888671875
615305,Infilteration,0.3309500223665296,0.09417293146722504,0.3519714929849865,0.018497943878173828
617223,FTP-BruteForce,0.00011935443913524413,0.9210651291594547,0.92112485365911,0.020123004913330078
618278,DoS attacks-SlowHTTPTest,0.7887475500465002,-0.015364084268568758,0.4533372148884617,0.018131732940673828
618502,DoS attacks-GoldenEye,0.4994505280600413,-0.004041102742076599,0.5128573651417688,0.017701148986816406
618663,Brute Force -Web,1.0,0.990050196647644,0.990050196647644,0.017690658569335938
619868,SSH-Bruteforce,0.9749106067065693,-0.03961533142200557,0.9767341322053056,0.017822742462158203
619955,Infilteration,0.3328329878061861,0.10086036289469605,0.39020070144805274,0.017798185348510742
621179,DoS attacks-SlowHTTPTest,0.6605820557857104,-0.011370209335732427,0.496403623140259,0.017615318298339844
621479,DDOS attack-LOIC-UDP,1.0,0.995180606842041,0.995180606842041,0.017404556274414062
621707,DDOS attack-LOIC-UDP,1.0,0.9942501783370972,0.9942501783370972,0.017689943313598633
621721,Benign,0.1816759691873403,0.8604683709312849,0.8928125418766343,0.019002914428710938
622745,FTP-BruteForce,0.6361091066525992,-0.02382365626771979,0.6208670648339638,0.01952362060546875
623338,DDOS attack-LOIC-UDP,1.0,0.9899681806564331,0.9899681806564331,0.018506288528442383
623373,DoS attacks-SlowHTTPTest,0.6466083090502047,-0.010027999273269916,0.42285480917474866,0.021165132522583008
624337,DoS attacks-SlowHTTPTest,0.6881086046919462,-0.015740474837717344,0.5615625278253067,0.01966404914855957
625380,Benign,0.35649293755058564,0.8509591388569909,0.9890135274116453,0.020735502243041992
625897,Brute Force -Web,0.7213404038890445,-0.027114162169022682,0.6955709160414718,0.019512653350830078
626041,DDoS attacks-LOIC-HTTP,0.896820581023257,-0.02747168699290231,0.9220485617373326,0.017592906951904297
626359,DDOS attack-LOIC-UDP,1.0,0.9948570728302002,0.9948570728302002,0.017704010009765625
626557,Bot,0.4474064699758058,0.015079169186018843,0.471763612233968,0.020814180374145508
626936,Infilteration,0.6357047313490165,0.07993809916504142,0.5935255107929278,0.025075674057006836
627642,DoS attacks-GoldenEye,0.4904876937155449,-0.0002857627143263708,0.506937979881541,0.025139331817626953
628503,DoS attacks-SlowHTTPTest,0.6579293538951358,-0.014706583615419752,0.5777605925901768,0.02365279197692871
628867,Benign,0.3382306075238106,0.847098089117831,0.9910442890905635,0.02338433265686035
629734,Brute Force -Web,1.0,0.9903311729431152,0.9903311729431152,0.023311853408813477
629869,Bot,0.4266115989955378,0.008806671103982991,0.45708198031798825,0.02429819107055664
630081,Brute Force -XSS,0.46365513888081267,0.003620617777454517,0.4209025485371478,0.02340221405029297
630267,Infilteration,0.3424685023796715,0.08848860049868186,0.37685167803549613,0.02337026596069336
630346,DoS attacks-Hulk,0.5381636483468104,-0.0041169961519011075,0.5467073788541809,0.02304816246032715
630869,DoS attacks-Slowloris,9.915623877532198e-12,0.9999313354439391,0.9999313354492122,0.023169517517089844
632131,DoS attacks-Slowloris,0.0,1.0,1.0,0.023438453674316406
634085,Benign,0.2830606616529745,0.853836029827417,0.9955860332865033,0.0229494571685791
634574,DoS attacks-Hulk,0.6778963556856815,-0.030272734295142767,0.6808306671637778,0.024292945861816406
634683,DDoS attacks-LOIC-HTTP,0.6302121913036579,-0.0006639194265828652,0.6697303689340318,0.024331092834472656
635547,DDoS attacks-LOIC-HTTP,0.5936441474642086,7.423965310265901e-05,0.6449386449781271,0.02715587615966797
636981,DoS attacks-Slowloris,5.456080032217869e-12,0.9999639987916289,0.9999639987945521,0.025141477584838867
637590,SSH-Bruteforce,0.913413879876988,-0.03557131350304782,0.9303736137413388,0.022625207901000977
638042,DDOS attack-LOIC-UDP,1.0,0.8350059390068054,0.8350059390068054,0.02226543426513672
639924,DoS attacks-GoldenEye,0.6709643143696314,-0.030749798213024218,0.6842148847389571,0.022890090942382812
640704,DDoS attacks-LOIC-HTTP,0.6171053215066411,-0.005505886693406112,0.6514072701079815,0.022859811782836914
641203,DoS attacks-GoldenEye,0.819963261560525,-0.02878196252099921,0.8200510386173839,0.023220539093017578
641423,Brute Force -Web,1.0,0.9897735714912415,0.9897735714912415,0.022556304931640625
643020,Bot,0.3839169880634037,0.008889048455114637,0.43441226192261945,0.02239680290222168
644030,DoS attacks-Slowloris,3.8258285428582894e-13,0.9974228143689962,0.9974228143692014,0.022428512573242188
644516,DDOS attack-LOIC-UDP,1.0,0.8275321125984192,0.8275321125984192,0.02137446403503418
645490,DoS attacks-Slowloris,0.9841626030117041,-0.04752095011167312,0.9793932928191991,0.018096923828125
645824,Benign,0.238184655183852,0.8602255339511756,0.9709898400058617,0.017223834991455078
645970,DDOS attack-LOIC-UDP,1.0,0.9923926591873169,0.9923926591873169,0.0167691707611084
647108,DoS attacks-Hulk,0.5210642054924159,-0.006236971492042921,0.5303063710954868,0.017199993133544922
647221,DDOS attack-HOIC,0.838715129138603,-0.03726274792072193,0.8339748520392314,0.01675724983215332
648394,DDoS attacks-LOIC-HTTP,0.5923523517403932,-0.005161319427297639,0.6555830216721552,0.016755342483520508
648518,DDOS attack-HOIC,0.46347337568770897,-0.011303821524084018,0.4747732528548628,0.01712942123413086
648720,DDOS attack-HOIC,0.4318850769673709,0.004565593582636633,0.448433388410146,0.01705455780029297
648799,Benign,0.0,0.987116277217865,0.987116277217865,0.0171511173248291
649611,FTP-BruteForce,0.6419203619870646,-0.02472587084738581,0.624415192853695,0.017924070358276367
650282,Infilteration,0.6680341058566646,0.07483126544396079,0.7200087577754153,0.017195463180541992
651601,SSH-Bruteforce,0.9672779610815417,-0.043519591147396064,0.974024300747218,0.0168459415435791
651743,Brute Force -XSS,1.0,0.9808564186096191,0.9808564186096191,0.0168764591217041
652157,DoS attacks-Hulk,0.5259130539546519,-0.009835798630878106,0.5346432600954217,0.017007827758789062
652478,DoS attacks-SlowHTTPTest,0.8724679226396914,-0.022087709735461328,0.5199856807548717,0.01835465431213379
652768,DDOS attack-HOIC,0.8047890313056831,-0.04038674141171837,0.804424340037666,0.01753401756286621
652891,Bot,0.45872838412219297,-0.00012136528694274562,0.49363265724494304,0.019320011138916016
653069,DDOS attack-HOIC,0.4914866686941557,-0.005628436364864257,0.5008215942752905,0.02355217933654785
653140,DDOS attack-HOIC,0.46965054778448956,-0.003256985195577114,0.4822397272676957,0.022881269454956055
654204,DoS attacks-GoldenEye,3.381954716275004e-10,0.9980983136267126,0.9980983138081885,0.02301955223083496
654211,FTP-BruteForce,0.6576328631345087,-0.0125035292873261,0.46580734274615937,0.024414539337158203
654258,DDOS attack-LOIC-UDP,1.0,0.6755971908569336,0.6755971908569336,0.022797346115112305
654276,Brute Force -Web,0.713303638370951,-0.023479881019752027,0.6877939547799614,0.022802114486694336
654496,FTP-BruteForce,0.6278211936131339,-0.01623865890535036,0.36647206899911045,0.023867368698120117
654659,DoS attacks-Slowloris,1.0244693982031094e-11,0.9999580383245135,0.999958038330071,0.022994279861450195
654908,FTP-BruteForce,0.00010738903060880656,0.9210713767488814,0.92112486894028,0.022942781448364258
655627,Infilteration,0.3414615462852262,0.09351555811953295,0.3856225142258224,0.023066997528076172
656860,SSH-Bruteforce,0.97175269762138,-0.045155119396280974,0.973530385070793,0.018154621124267578
658282,Benign,0.24198747817398814,0.8623261270892011,0.9186577196720218,0.0202028751373291
658852,SSH-Bruteforce,0.969945125278885,-0.04954293797560494,0.9726500069617467,0.024796247482299805
661309,SSH-Bruteforce,0.9319018656114412,-0.039796466798411645,0.931743069453609,0.021762609481811523
661657,DoS attacks-GoldenEye,0.6827793780793303,-0.019821280270006306,0.6931984368287442,0.01838541030883789
662079,Brute Force -Web,0.5631566452004777,-0.011534835903604754,0.5616946735921146,0.01781439781188965
662125,DoS attacks-SlowHTTPTest,0.6221362284053567,-0.01861460241700296,0.4628944922286342,0.02267313003540039
662490,DDOS attack-LOIC-UDP,1.0,0.9926117062568665,0.9926117062568665,0.03202056884765625
663020,Brute Force -Web,0.4512044203582316,-0.0046929142406657715,0.3624838726555782,0.025101184844970703
663131,FTP-BruteForce,0.6476161158463488,-0.01930268177535628,0.4595884870282614,0.02182292938232422
665093,Bot,0.3802089446868889,0.009990582443907568,0.4107702088931549,0.018303871154785156
665181,DoS attacks-GoldenEye,0.738558815827154,-0.020420343837495192,0.7472661972497063,0.019560813903808594
665520,DoS attacks-SlowHTTPTest,0.6475468443264365,-0.020043713511874242,0.48712675053360704,0.022044897079467773
665609,DDOS attack-LOIC-UDP,1.0,0.962273895740509,0.962273895740509,0.017993688583374023
665639,Brute Force -Web,1.0,0.9899444580078125,0.9899444580078125,0.018886089324951172
667343,DoS attacks-Hulk,0.5067123089143601,-0.013538606954276423,0.5173167783002148,0.01812005043029785
667959,Bot,0.4784067458537038,0.000763218941068601,0.4994949908703817,0.017685651779174805
668300,Bot,0.8331443229521778,0.32200995149141454,0.9689369151870418,0.017937183380126953
668437,DDOS attack-HOIC,0.4755301161873601,-0.007930807540197593,0.490541104417721,0.017388105392456055
668596,Infilteration,0.2974350786360518,0.09392084472191455,0.34307307000577536,0.01728367805480957
668972,DoS attacks-Slowloris,0.6243842874930894,-0.016649311665160524,0.6287748903943546,0.017525434494018555
669816,Brute Force -XSS,1.0,0.9796366691589355,0.9796366691589355,0.017684221267700195
671747,DDOS attack-HOIC,0.8370527911794672,-0.03505275216046491,0.8349458317643506,0.018192291259765625
671863,DoS attacks-Hulk,0.5260526905379235,-0.0057486955226174405,0.5344879261003938,0.017707347869873047
672527,DDoS attacks-LOIC-HTTP,0.6229772516462331,-0.00841020157334206,0.6631934648253008,0.0168917179107666
672743,DoS attacks-Hulk,0.5484795050388018,-0.0025265726030695365,0.5551373411877103,0.01745915412902832
673338,DoS attacks-Hulk,0.5239559895276297,-0.0034588219645478244,0.5331345904950108,0.017293691635131836
674573,Bot,0.42922486774556823,0.017277743286784074,0.466886688470327,0.01720905303955078
675570,DDoS attacks-LOIC-HTTP,0.711742786915933,-0.01044424079584401,0.7559218253540757,0.017409086227416992
675775,DDOS attack-HOIC,0.46869361103598706,0.0020409877062224427,0.4817722256515898,0.016844987869262695
675840,Infilteration,0.30115648188129207,0.09153726998863854,0.3254611955950202,0.01717090606689453
675988,DoS attacks-Slowloris,0.0006815776869608658,0.9976122610442101,0.9979827206726958,0.016789674758911133
676095,Brute Force -Web,1.0,0.9896167516708374,0.9896167516708374,0.019273042678833008
676164,FTP-BruteForce,0.00012429119174339753,0.9210623861131068,0.9211248463745396,0.0202786922454834
676553,DDoS attacks-LOIC-HTTP,0.6122204530745265,-0.003035510751528178,0.6590795558181597,0.01935887336730957
677383,DDOS attack-LOIC-UDP,1.0,0.8626872897148132,0.8626872897148132,0.018035411834716797
677402,Infilteration,0.45922986947103495,0.10545768782292798,0.4794150005466132,0.017582178115844727
677410,Benign,0.23841962895443758,0.8597365849064907,0.963164827857351,0.017049551010131836
677440,DDOS attack-HOIC,0.47670507318492694,-0.005914939369639008,0.48827291195536593,0.019711732864379883
677546,FTP-BruteForce,0.6792095498091926,-0.011273534736762791,0.43796479165974606,0.024749040603637695
677734,DoS attacks-Hulk,0.5193309927793917,-0.012171208528925913,0.5292672415623388,0.024066448211669922
678287,DoS attacks-Hulk,0.5351864738576173,-0.0037213801156283782,0.5429217192747737,0.02436971664428711
678955,DoS attacks-Slowloris,0.0007609041970433328,0.7608720941408414,0.7611889180556151,0.021811485290527344
679069,DDOS attack-HOIC,0.4727047370429176,-0.0019533584634226497,0.48527922973208093,0.017969608306884766
679619,Benign,0.20999577424847882,0.8593755764035125,0.9095460266728663,0.018776416778564453
680342,DDOS attack-HOIC,0.46358712798090485,-0.0002935135303301292,0.476740978001259,0.0245974063873291
681271,Infilteration,0.2867373957165119,0.10627947601266827,0.33795342802225015,0.02333998680114746
681491,DoS attacks-Slowloris,4.551914400963142e-13,0.9997844099996043,0.9997844099998472,0.019679784774780273
681628,SSH-Bruteforce,0.9760603685495146,-0.04827438946322682,0.9749020369359681,0.01769399642944336
681904,SSH-Bruteforce,0.9733823103335079,-0.04379530810155974,0.9748761221502006,0.018001556396484375
683028,Benign,0.37057810899234367,0.8481177849369876,0.9960842637159846,0.021462440490722656
683559,DoS attacks-Hulk,0.5218921948858467,-0.0020793014212836455,0.5323857003614767,0.024062395095825195
685076,DDoS attacks-LOIC-HTTP,0.9304852856791271,-0.03601949247216052,0.9478822265016985,0.02316737174987793
685101,DoS attacks-Hulk,0.9156400848533262,-0.04893594514776503,0.9109315949709156,0.019294261932373047
685591,Brute Force -Web,1.0,0.9903591275215149,0.9903591275215149,0.02100372314453125
685888,DDoS attacks-LOIC-HTTP,0.6183840994802088,-0.0018748422083679495,0.6653632688529652,0.022246599197387695
686965,DoS attacks-Hulk,0.5056349321601048,-0.009181632145389897,0.516926172059707,0.01951909065246582
687272,DoS attacks-Hulk,0.5228772293181932,-0.004703320046762632,0.532077027647072,0.017976760864257812
687709,DDOS attack-LOIC-UDP,1.0,0.9923926591873169,0.9923926591873169,0.018208026885986328
688091,DoS attacks-SlowHTTPTest,0.680607832135582,-0.010059292380350228,0.4799005112066772,0.018985509872436523
688116,DoS attacks-GoldenEye,0.7056614476247934,-0.03215826491977107,0.7106296002734108,0.017177581787109375
688353,DoS attacks-GoldenEye,0.764181430658845,-0.03901810094224151,0.7740923017225003,0.018247365951538086
688491,DoS attacks-Hulk,0.5176786308891556,-0.008119473356374675,0.5287228003144591,0.017445802688598633
690668,Bot,0.47663761062346777,-0.0021510880907380445,0.4939477425061484,0.01831531524658203
690954,DoS attacks-GoldenEye,0.5170940832861444,-0.0006002871619714828,0.5271660422382953,0.0203094482421875
691115,Infilteration,0.33806919559002313,0.10638222735175165,0.34121106989875033,0.022049427032470703
691430,Brute Force -Web,0.6355332961840494,-0.01879324534525932,0.6317173011033254,0.018880605697631836
691842,DDOS attack-LOIC-UDP,1.0,0.7534918785095215,0.7534918785095215,0.018383026123046875
692199,SSH-Bruteforce,0.9632792141399303,-0.045116256927371756,0.9684020409878769,0.0181124210357666
692563,DoS attacks-SlowHTTPTest,0.6391597981156961,-0.019973990697414692,0.5636323591802842,0.019005537033081055
692621,DDOS attack-LOIC-UDP,1.0,0.9927577972412109,0.9927577972412109,0.018614768981933594
692937,DoS attacks-Slowloris,4.32631708235931e-12,0.9999600648856679,0.9999600648879978,0.018763303756713867
692939,Infilteration,0.26375304560427015,0.11085652014317864,0.2948905368758067,0.020886659622192383
693701,SSH-Bruteforce,0.9695478952166173,-0.052003927558759266,0.9725713380266011,0.027019023895263672
693916,DoS attacks-SlowHTTPTest,0.6553366154910801,-0.012347267246284988,0.4390791221871899,0.022993803024291992
695058,Brute Force -XSS,0.41353194037673935,0.0033266756784359405,0.4280283898032374,0.018950700759887695
695638,SSH-Bruteforce,0.9652829070034248,-0.04183502562733715,0.9740035401340563,0.01971125602722168
695843,Brute Force -XSS,0.410892614153319,-0.002546200082476975,0.40148612841946607,0.019174575805664062
696696,DDoS attacks-LOIC-HTTP,0.7663985227240061,-0.00996875365380856,0.7975770603825746,0.019710302352905273
697064,DDOS attack-HOIC,0.45958024977885326,-0.006287504753951886,0.47292179514851856,0.019068002700805664
697275,SSH-Bruteforce,0.9234237507334568,-0.03255849716688308,0.9397720502006538,0.02219533920288086
697769,Brute Force -Web,1.0,0.9896368384361267,0.9896368384361267,0.024168014526367188
698426,DDoS attacks-LOIC-HTTP,0.9404487098733009,0.16242754392062486,0.9937826340297463,0.019785165786743164
698783,DoS attacks-GoldenEye,0.5219285311968831,-0.008311378431261493,0.5282667042520619,0.01790761947631836
