sample_id,true_label,predicted_label,is_correct,rank,feature,feature_key,shap_value,abs_shap_value
30494,Benign,Benign,True,1,Fwd Pkt Len Max,fwdpktlenmax,0.409204363822937,0.409204363822937
44615,Benign,Benign,True,1,Fwd Pkt Len Max,fwdpktlenmax,-1.1796914339065552,1.1796914339065552
47536,Benign,Benign,True,1,Fwd Pkt Len Max,fwdpktlenmax,-0.7657533884048462,0.7657533884048462
53524,Benign,Benign,True,1,Fwd Pkt Len Max,fwdpktlenmax,0.4096873104572296,0.4096873104572296
60185,Benign,Benign,True,1,Fwd Pkt Len Max,fwdpktlenmax,0.406008243560791,0.406008243560791
62519,Benign,Benign,True,1,Fwd Pkt Len Max,fwdpktlenmax,0.37117335200309753,0.37117335200309753
64530,Benign,Benign,True,1,Dst Port,dstport,0.9108723998069763,0.9108723998069763
65941,Benign,Benign,True,1,Fwd Pkt Len Max,fwdpktlenmax,0.6887738704681396,0.6887738704681396
68041,Benign,Benign,True,1,Fwd Pkt Len Max,fwdpktlenmax,-0.9071069359779358,0.9071069359779358
89608,Benign,Benign,True,1,Fwd Pkt Len Max,fwdpktlenmax,0.409697026014328,0.409697026014328
90857,Benign,Benign,True,1,Fwd Pkt Len Max,fwdpktlenmax,0.41158080101013184,0.41158080101013184
97737,Benign,Benign,True,1,Dst Port,dstport,0.9642012119293213,0.9642012119293213
107855,Benign,Benign,True,1,Fwd Pkt Len Max,fwdpktlenmax,0.7157304883003235,0.7157304883003235
112382,Benign,Benign,True,1,Fwd Pkt Len Max,fwdpktlenmax,0.4075380563735962,0.4075380563735962
115515,Benign,Benign,True,1,Dst Port,dstport,0.28898078203201294,0.28898078203201294
127737,Benign,Benign,True,1,Fwd Pkt Len Max,fwdpktlenmax,0.6229405403137207,0.6229405403137207
132592,Benign,Benign,True,1,Dst Port,dstport,1.6586976051330566,1.6586976051330566
136157,Benign,Benign,True,1,Flow Duration,flowduration,1.4609732627868652,1.4609732627868652
141031,Benign,Benign,True,1,Init Fwd Win Byts,initfwdwinbyts,1.7570463418960571,1.7570463418960571
158748,Benign,Benign,True,1,Fwd Pkt Len Max,fwdpktlenmax,0.4078335464000702,0.4078335464000702
158954,Benign,Infilteration,False,1,Fwd Header Len,fwdheaderlen,1.2449429035186768,1.2449429035186768
167490,Benign,Benign,True,1,Fwd Pkt Len Max,fwdpktlenmax,0.6247442960739136,0.6247442960739136
193452,Benign,Benign,True,1,Fwd Pkt Len Max,fwdpktlenmax,0.5275673866271973,0.5275673866271973
201691,Benign,Benign,True,1,Dst Port,dstport,0.4991847276687622,0.4991847276687622
218539,Benign,Benign,True,1,Fwd Pkt Len Max,fwdpktlenmax,0.3959687650203705,0.3959687650203705
227976,Benign,Benign,True,1,Dst Port,dstport,1.6785165071487427,1.6785165071487427
231084,Benign,Benign,True,1,Fwd Pkt Len Max,fwdpktlenmax,-0.8806158900260925,0.8806158900260925
248229,Benign,Benign,True,1,Bwd Pkt Len Max,bwdpktlenmax,0.5005319714546204,0.5005319714546204
254778,Benign,Benign,True,1,Fwd Pkt Len Max,fwdpktlenmax,0.5215870141983032,0.5215870141983032
256740,Benign,Benign,True,1,ECE Flag Cnt,eceflagcnt,-0.4267875850200653,0.4267875850200653
259401,Benign,Benign,True,1,Fwd IAT Tot,fwdiattot,1.146044135093689,1.146044135093689
259614,Benign,Benign,True,1,Dst Port,dstport,1.442502737045288,1.442502737045288
271317,Benign,Benign,True,1,Fwd Pkt Len Max,fwdpktlenmax,0.41007545590400696,0.41007545590400696
281657,Benign,Benign,True,1,Flow Duration,flowduration,1.4609732627868652,1.4609732627868652
287611,Benign,Benign,True,1,Fwd Pkt Len Max,fwdpktlenmax,0.7365275621414185,0.7365275621414185
303191,Benign,Benign,True,1,Dst Port,dstport,0.5007463097572327,0.5007463097572327
304773,Benign,Benign,True,1,Fwd Pkt Len Max,fwdpktlenmax,0.4186054468154907,0.4186054468154907
306115,Benign,Benign,True,1,Fwd Pkt Len Max,fwdpktlenmax,0.5147862434387207,0.5147862434387207
307273,Benign,Benign,True,1,Fwd Pkt Len Max,fwdpktlenmax,0.6079340577125549,0.6079340577125549
310460,Benign,Benign,True,1,Fwd Pkt Len Max,fwdpktlenmax,1.332108736038208,1.332108736038208
312057,Benign,Benign,True,1,Fwd Pkt Len Max,fwdpktlenmax,0.4155147075653076,0.4155147075653076
315340,Benign,Benign,True,1,Dst Port,dstport,1.380576491355896,1.380576491355896
315405,Benign,Benign,True,1,Dst Port,dstport,0.5656662583351135,0.5656662583351135
324215,Benign,Benign,True,1,Fwd Pkt Len Max,fwdpktlenmax,1.36329984664917,1.36329984664917
326870,Benign,Benign,True,1,Fwd Pkt Len Mean,fwdpktlenmean,0.39069148898124695,0.39069148898124695
328846,Benign,Benign,True,1,Dst Port,dstport,1.643815040588379,1.643815040588379
333229,Benign,Benign,True,1,Dst Port,dstport,1.7794513702392578,1.7794513702392578
348726,Benign,Benign,True,1,RST Flag Cnt,rstflagcnt,-0.3783206343650818,0.3783206343650818
350511,Benign,Benign,True,1,Fwd Pkt Len Max,fwdpktlenmax,0.41690218448638916,0.41690218448638916
359556,Benign,Benign,True,1,Fwd Pkt Len Max,fwdpktlenmax,0.39019134640693665,0.39019134640693665
368816,Benign,Benign,True,1,Dst Port,dstport,1.3065781593322754,1.3065781593322754
382065,Benign,Benign,True,1,Fwd Pkt Len Max,fwdpktlenmax,0.40831083059310913,0.40831083059310913
382888,Benign,Benign,True,1,Dst Port,dstport,0.6154847145080566,0.6154847145080566
388416,Benign,Benign,True,1,Fwd Pkt Len Max,fwdpktlenmax,0.6009394526481628,0.6009394526481628
395421,Benign,Benign,True,1,Fwd Pkt Len Max,fwdpktlenmax,0.3429473042488098,0.3429473042488098
440965,Benign,Benign,True,1,Dst Port,dstport,1.624367356300354,1.624367356300354
442249,Benign,Benign,True,1,Fwd Pkt Len Max,fwdpktlenmax,1.0867630243301392,1.0867630243301392
445821,Benign,Benign,True,1,Fwd Pkt Len Max,fwdpktlenmax,0.7994513511657715,0.7994513511657715
450718,Benign,Benign,True,1,Fwd Pkt Len Max,fwdpktlenmax,0.7054969072341919,0.7054969072341919
458140,Benign,Benign,True,1,Fwd Pkt Len Max,fwdpktlenmax,0.5779264569282532,0.5779264569282532
468836,Benign,Benign,True,1,Fwd Pkt Len Max,fwdpktlenmax,0.4411863088607788,0.4411863088607788
474565,Benign,Benign,True,1,Fwd Pkt Len Max,fwdpktlenmax,0.646183431148529,0.646183431148529
477782,Benign,Benign,True,1,Fwd Pkt Len Max,fwdpktlenmax,0.4082934856414795,0.4082934856414795
478129,Benign,Benign,True,1,Fwd Pkt Len Max,fwdpktlenmax,0.3964928388595581,0.3964928388595581
480566,Benign,Benign,True,1,Dst Port,dstport,0.4533555507659912,0.4533555507659912
488114,Benign,Benign,True,1,Dst Port,dstport,1.6817922592163086,1.6817922592163086
490267,Benign,Benign,True,1,RST Flag Cnt,rstflagcnt,-0.3980635106563568,0.3980635106563568
490402,Benign,Benign,True,1,Bwd Pkt Len Max,bwdpktlenmax,0.5477375984191895,0.5477375984191895
502336,Benign,Benign,True,1,Fwd IAT Tot,fwdiattot,1.143943428993225,1.143943428993225
515236,Benign,Benign,True,1,Dst Port,dstport,0.5798933506011963,0.5798933506011963
520643,Benign,Benign,True,1,Fwd Pkt Len Max,fwdpktlenmax,0.4077119529247284,0.4077119529247284
521602,Benign,Benign,True,1,Fwd Pkt Len Max,fwdpktlenmax,0.44649362564086914,0.44649362564086914
530908,Benign,Benign,True,1,Fwd IAT Tot,fwdiattot,1.1447803974151611,1.1447803974151611
532192,Benign,Benign,True,1,Dst Port,dstport,0.8116689920425415,0.8116689920425415
533020,Benign,Benign,True,1,Fwd Pkt Len Max,fwdpktlenmax,0.39745891094207764,0.39745891094207764
537698,Benign,Benign,True,1,Fwd Pkt Len Max,fwdpktlenmax,-0.7641983032226562,0.7641983032226562
541910,Benign,Benign,True,1,Fwd Pkt Len Max,fwdpktlenmax,-0.7672148942947388,0.7672148942947388
545079,Benign,Benign,True,1,RST Flag Cnt,rstflagcnt,-0.4002763330936432,0.4002763330936432
547283,Benign,Benign,True,1,Fwd Pkt Len Max,fwdpktlenmax,0.5796921253204346,0.5796921253204346
550403,Benign,Benign,True,1,Dst Port,dstport,0.5790742039680481,0.5790742039680481
557142,Benign,Benign,True,1,Fwd Pkt Len Max,fwdpktlenmax,0.40843430161476135,0.40843430161476135
563564,Benign,Benign,True,1,Fwd IAT Tot,fwdiattot,0.9978846311569214,0.9978846311569214
576124,Benign,Benign,True,1,Fwd Pkt Len Max,fwdpktlenmax,0.5505620837211609,0.5505620837211609
579563,Benign,Benign,True,1,Dst Port,dstport,1.6719274520874023,1.6719274520874023
582808,Benign,Benign,True,1,Fwd Pkt Len Max,fwdpktlenmax,1.3313524723052979,1.3313524723052979
583078,Benign,Benign,True,1,Dst Port,dstport,0.5272251963615417,0.5272251963615417
588062,Benign,Benign,True,1,RST Flag Cnt,rstflagcnt,-0.4260822832584381,0.4260822832584381
589521,Benign,Benign,True,1,Fwd Pkt Len Max,fwdpktlenmax,0.6284149885177612,0.6284149885177612
601078,Benign,Benign,True,1,Dst Port,dstport,1.7030351161956787,1.7030351161956787
601254,Benign,Benign,True,1,Fwd Pkt Len Max,fwdpktlenmax,0.5200412273406982,0.5200412273406982
621731,Benign,Benign,True,1,Bwd Pkt Len Max,bwdpktlenmax,0.5980656743049622,0.5980656743049622
625391,Benign,Benign,True,1,Dst Port,dstport,0.4358641505241394,0.4358641505241394
628883,Benign,Benign,True,1,Fwd Pkt Len Max,fwdpktlenmax,0.39149177074432373,0.39149177074432373
634090,Benign,Benign,True,1,Bwd Pkt Len Max,bwdpktlenmax,0.5555287599563599,0.5555287599563599
645819,Benign,Benign,True,1,Fwd Pkt Len Max,fwdpktlenmax,0.5576098561286926,0.5576098561286926
648787,Benign,Benign,True,1,Init Fwd Win Byts,initfwdwinbyts,0.4909433126449585,0.4909433126449585
658274,Benign,Benign,True,1,Dst Port,dstport,1.691125750541687,1.691125750541687
677415,Benign,Benign,True,1,Dst Port,dstport,0.3840939700603485,0.3840939700603485
679623,Benign,Benign,True,1,Fwd Pkt Len Max,fwdpktlenmax,0.406008243560791,0.406008243560791
683031,Benign,Benign,True,1,Dst Port,dstport,0.3705497682094574,0.3705497682094574
14173,Bot,Bot,True,1,Dst Port,dstport,7.544024467468262,7.544024467468262
16360,Bot,Bot,True,1,Dst Port,dstport,7.544024467468262,7.544024467468262
30548,Bot,Bot,True,1,Dst Port,dstport,7.5440473556518555,7.5440473556518555
46299,Bot,Bot,True,1,Dst Port,dstport,7.544024467468262,7.544024467468262
56216,Bot,Bot,True,1,Fwd Act Data Pkts,fwdactdatapkts,4.167893409729004,4.167893409729004
59199,Bot,Bot,True,1,Dst Port,dstport,7.544024467468262,7.544024467468262
60182,Bot,Bot,True,1,Dst Port,dstport,7.511868000030518,7.511868000030518
67293,Bot,Bot,True,1,Dst Port,dstport,7.543872833251953,7.543872833251953
68662,Bot,Bot,True,1,Dst Port,dstport,7.5112810134887695,7.5112810134887695
73646,Bot,Bot,True,1,Dst Port,dstport,7.544024467468262,7.544024467468262
91415,Bot,Bot,True,1,Dst Port,dstport,7.510181903839111,7.510181903839111
99758,Bot,Bot,True,1,Dst Port,dstport,7.544031143188477,7.544031143188477
102683,Bot,Bot,True,1,Dst Port,dstport,7.510181903839111,7.510181903839111
107435,Bot,Bot,True,1,Dst Port,dstport,7.544031143188477,7.544031143188477
113993,Bot,Bot,True,1,Dst Port,dstport,7.544024467468262,7.544024467468262
119747,Bot,Bot,True,1,Dst Port,dstport,7.511867523193359,7.511867523193359
122949,Bot,Bot,True,1,Dst Port,dstport,7.511867523193359,7.511867523193359
123816,Bot,Bot,True,1,Dst Port,dstport,7.509596347808838,7.509596347808838
126309,Bot,Bot,True,1,Dst Port,dstport,7.511866569519043,7.511866569519043
132210,Bot,Bot,True,1,Dst Port,dstport,7.511871337890625,7.511871337890625
141904,Bot,Bot,True,1,Dst Port,dstport,7.5112810134887695,7.5112810134887695
183491,Bot,Bot,True,1,Fwd Act Data Pkts,fwdactdatapkts,4.167893409729004,4.167893409729004
185504,Bot,Bot,True,1,Dst Port,dstport,7.5121073722839355,7.5121073722839355
187617,Bot,Bot,True,1,Dst Port,dstport,7.511867523193359,7.511867523193359
188726,Bot,Bot,True,1,Dst Port,dstport,7.548181533813477,7.548181533813477
191740,Bot,Bot,True,1,Dst Port,dstport,7.513364791870117,7.513364791870117
194338,Bot,Bot,True,1,Dst Port,dstport,7.5112810134887695,7.5112810134887695
200364,Bot,Bot,True,1,Dst Port,dstport,7.5112810134887695,7.5112810134887695
207430,Bot,Bot,True,1,Dst Port,dstport,7.512323379516602,7.512323379516602
211126,Bot,Bot,True,1,Dst Port,dstport,7.511282444000244,7.511282444000244
214885,Bot,Bot,True,1,Dst Port,dstport,7.543872833251953,7.543872833251953
216754,Bot,Bot,True,1,Dst Port,dstport,7.511277675628662,7.511277675628662
231694,Bot,Bot,True,1,Dst Port,dstport,7.511277675628662,7.511277675628662
233709,Bot,Bot,True,1,Dst Port,dstport,7.543874740600586,7.543874740600586
243609,Bot,Bot,True,1,Dst Port,dstport,7.511868000030518,7.511868000030518
256618,Bot,Bot,True,1,Dst Port,dstport,7.544024467468262,7.544024467468262
291403,Bot,Bot,True,1,Dst Port,dstport,7.511871337890625,7.511871337890625
293431,Bot,Bot,True,1,Dst Port,dstport,7.511866569519043,7.511866569519043
302253,Bot,Bot,True,1,Dst Port,dstport,7.548179626464844,7.548179626464844
307519,Bot,Bot,True,1,Dst Port,dstport,7.544024467468262,7.544024467468262
309132,Bot,Bot,True,1,Dst Port,dstport,7.509596347808838,7.509596347808838
312250,Bot,Bot,True,1,Dst Port,dstport,7.512689113616943,7.512689113616943
312713,Bot,Bot,True,1,Dst Port,dstport,7.511867523193359,7.511867523193359
313806,Bot,Bot,True,1,Fwd Act Data Pkts,fwdactdatapkts,4.167893409729004,4.167893409729004
317767,Bot,Bot,True,1,Dst Port,dstport,7.511868000030518,7.511868000030518
318998,Bot,Bot,True,1,Dst Port,dstport,7.543872833251953,7.543872833251953
323358,Bot,Bot,True,1,Dst Port,dstport,7.511754989624023,7.511754989624023
326555,Bot,Bot,True,1,Dst Port,dstport,7.511867523193359,7.511867523193359
330877,Bot,Bot,True,1,Dst Port,dstport,7.512621879577637,7.512621879577637
336988,Bot,Bot,True,1,Dst Port,dstport,7.543872833251953,7.543872833251953
340208,Bot,Bot,True,1,Dst Port,dstport,7.544024467468262,7.544024467468262
343077,Bot,Bot,True,1,Dst Port,dstport,7.5440263748168945,7.5440263748168945
344132,Bot,Bot,True,1,Dst Port,dstport,7.543876647949219,7.543876647949219
345039,Bot,Bot,True,1,Dst Port,dstport,7.5440263748168945,7.5440263748168945
345049,Bot,Bot,True,1,Dst Port,dstport,7.507508277893066,7.507508277893066
363090,Bot,Bot,True,1,Dst Port,dstport,7.512998580932617,7.512998580932617
377181,Bot,Bot,True,1,Dst Port,dstport,7.544031143188477,7.544031143188477
379049,Bot,Bot,True,1,Dst Port,dstport,7.511866569519043,7.511866569519043
379341,Bot,Bot,True,1,Dst Port,dstport,7.544024467468262,7.544024467468262
397490,Bot,Bot,True,1,Dst Port,dstport,7.548181533813477,7.548181533813477
402197,Bot,Bot,True,1,Dst Port,dstport,7.511867523193359,7.511867523193359
404377,Bot,Bot,True,1,Dst Port,dstport,7.510181903839111,7.510181903839111
406035,Bot,Bot,True,1,Dst Port,dstport,7.544024467468262,7.544024467468262
408593,Bot,Bot,True,1,Dst Port,dstport,7.544024467468262,7.544024467468262
410845,Bot,Bot,True,1,Dst Port,dstport,7.513854503631592,7.513854503631592
424607,Bot,Bot,True,1,Dst Port,dstport,7.51400089263916,7.51400089263916
435398,Bot,Bot,True,1,Dst Port,dstport,7.544024467468262,7.544024467468262
436253,Bot,Bot,True,1,Dst Port,dstport,7.544024467468262,7.544024467468262
450779,Bot,Bot,True,1,Dst Port,dstport,7.544024467468262,7.544024467468262
458210,Bot,Bot,True,1,Dst Port,dstport,7.5440473556518555,7.5440473556518555
459739,Bot,Bot,True,1,Dst Port,dstport,7.510181903839111,7.510181903839111
466558,Bot,Bot,True,1,Dst Port,dstport,7.511867523193359,7.511867523193359
470293,Bot,Bot,True,1,Dst Port,dstport,7.513854503631592,7.513854503631592
484737,Bot,Bot,True,1,Dst Port,dstport,7.5112810134887695,7.5112810134887695
488249,Bot,Bot,True,1,Dst Port,dstport,7.548181533813477,7.548181533813477
496800,Bot,Bot,True,1,Dst Port,dstport,7.511758804321289,7.511758804321289
499022,Bot,Bot,True,1,Dst Port,dstport,7.5121073722839355,7.5121073722839355
500197,Bot,Bot,True,1,Dst Port,dstport,7.511867523193359,7.511867523193359
510651,Bot,Bot,True,1,Dst Port,dstport,7.544024467468262,7.544024467468262
524766,Bot,Bot,True,1,Dst Port,dstport,7.511867523193359,7.511867523193359
525284,Bot,Bot,True,1,Dst Port,dstport,7.511868000030518,7.511868000030518
528273,Bot,Bot,True,1,Dst Port,dstport,7.544024467468262,7.544024467468262
538116,Bot,Bot,True,1,Dst Port,dstport,7.544024467468262,7.544024467468262
542520,Bot,Bot,True,1,Dst Port,dstport,7.544024467468262,7.544024467468262
544866,Bot,Bot,True,1,Dst Port,dstport,7.544031143188477,7.544031143188477
545812,Bot,Bot,True,1,Dst Port,dstport,7.544024467468262,7.544024467468262
550240,Bot,Bot,True,1,Dst Port,dstport,7.511867523193359,7.511867523193359
560539,Bot,Bot,True,1,Dst Port,dstport,7.544024467468262,7.544024467468262
561240,Bot,Bot,True,1,Dst Port,dstport,7.512689113616943,7.512689113616943
590538,Bot,Bot,True,1,Dst Port,dstport,7.511868000030518,7.511868000030518
593714,Bot,Bot,True,1,Dst Port,dstport,7.544031143188477,7.544031143188477
626470,Bot,Bot,True,1,Dst Port,dstport,7.543874740600586,7.543874740600586
629865,Bot,Bot,True,1,Dst Port,dstport,7.543872833251953,7.543872833251953
643020,Bot,Bot,True,1,Dst Port,dstport,7.544024467468262,7.544024467468262
652891,Bot,Bot,True,1,Dst Port,dstport,7.513854503631592,7.513854503631592
665093,Bot,Bot,True,1,Dst Port,dstport,7.548181533813477,7.548181533813477
667959,Bot,Bot,True,1,Dst Port,dstport,7.510181903839111,7.510181903839111
668300,Bot,Bot,True,1,Protocol,protocol,5.312745571136475,5.312745571136475
674573,Bot,Bot,True,1,Dst Port,dstport,7.544024467468262,7.544024467468262
690668,Bot,Bot,True,1,Dst Port,dstport,7.512621879577637,7.512621879577637
1582,Brute Force -Web,Brute Force -Web,True,1,Init Fwd Win Byts,initfwdwinbyts,3.848939895629883,3.848939895629883
4054,Brute Force -Web,Brute Force -Web,True,1,Init Fwd Win Byts,initfwdwinbyts,3.9726245403289795,3.9726245403289795
12970,Brute Force -Web,SQL Injection,False,1,Init Fwd Win Byts,initfwdwinbyts,4.394041061401367,4.394041061401367
20922,Brute Force -Web,Brute Force -Web,True,1,Fwd Pkt Len Std,fwdpktlenstd,3.9602766036987305,3.9602766036987305
26662,Brute Force -Web,Brute Force -Web,True,1,Fwd Pkt Len Std,fwdpktlenstd,3.959857225418091,3.959857225418091
29535,Brute Force -Web,Brute Force -Web,True,1,Fwd Pkt Len Mean,fwdpktlenmean,5.567584991455078,5.567584991455078
42573,Brute Force -Web,Brute Force -Web,True,1,Init Fwd Win Byts,initfwdwinbyts,2.777439832687378,2.777439832687378
49728,Brute Force -Web,Brute Force -Web,True,1,Fwd Pkt Len Mean,fwdpktlenmean,5.567584991455078,5.567584991455078
63181,Brute Force -Web,Benign,False,1,Dst Port,dstport,0.3913327753543854,0.3913327753543854
63228,Brute Force -Web,Brute Force -Web,True,1,Init Fwd Win Byts,initfwdwinbyts,4.679093360900879,4.679093360900879
68427,Brute Force -Web,Brute Force -Web,True,1,Init Fwd Win Byts,initfwdwinbyts,3.981250286102295,3.981250286102295
81969,Brute Force -Web,Benign,False,1,Fwd Pkt Len Max,fwdpktlenmax,0.5849336981773376,0.5849336981773376
86164,Brute Force -Web,Brute Force -Web,True,1,Init Fwd Win Byts,initfwdwinbyts,4.679093360900879,4.679093360900879
88816,Brute Force -Web,Brute Force -Web,True,1,Fwd Pkt Len Mean,fwdpktlenmean,5.567884922027588,5.567884922027588
92264,Brute Force -Web,Brute Force -Web,True,1,Init Fwd Win Byts,initfwdwinbyts,4.210192680358887,4.210192680358887
106461,Brute Force -Web,Benign,False,1,Dst Port,dstport,0.3913327753543854,0.3913327753543854
147870,Brute Force -Web,Brute Force -Web,True,1,Fwd Pkt Len Mean,fwdpktlenmean,5.567884922027588,5.567884922027588
149080,Brute Force -Web,Brute Force -Web,True,1,Init Fwd Win Byts,initfwdwinbyts,4.752796173095703,4.752796173095703
149794,Brute Force -Web,Brute Force -Web,True,1,Fwd Pkt Len Mean,fwdpktlenmean,5.567584991455078,5.567584991455078
182417,Brute Force -Web,Brute Force -Web,True,1,Init Fwd Win Byts,initfwdwinbyts,2.777439832687378,2.777439832687378
201841,Brute Force -Web,Brute Force -Web,True,1,Init Fwd Win Byts,initfwdwinbyts,4.275967597961426,4.275967597961426
211898,Brute Force -Web,Brute Force -Web,True,1,Fwd Pkt Len Std,fwdpktlenstd,3.935147762298584,3.935147762298584
225404,Brute Force -Web,Benign,False,1,Flow Duration,flowduration,0.9743526577949524,0.9743526577949524
235209,Brute Force -Web,Benign,False,1,Dst Port,dstport,0.3913327753543854,0.3913327753543854
243512,Brute Force -Web,Brute Force -Web,True,1,Fwd Pkt Len Mean,fwdpktlenmean,5.567584991455078,5.567584991455078
244749,Brute Force -Web,Brute Force -Web,True,1,Fwd Pkt Len Std,fwdpktlenstd,3.9602766036987305,3.9602766036987305
245086,Brute Force -Web,Benign,False,1,Flow Duration,flowduration,0.9780070185661316,0.9780070185661316
246629,Brute Force -Web,Brute Force -Web,True,1,Fwd Pkt Len Std,fwdpktlenstd,3.959920883178711,3.959920883178711
247717,Brute Force -Web,Brute Force -Web,True,1,Fwd Pkt Len Mean,fwdpktlenmean,5.567584991455078,5.567584991455078
250642,Brute Force -Web,Brute Force -Web,True,1,Fwd Pkt Len Std,fwdpktlenstd,3.959857225418091,3.959857225418091
252676,Brute Force -Web,Brute Force -Web,True,1,Fwd Pkt Len Std,fwdpktlenstd,3.935922622680664,3.935922622680664
253046,Brute Force -Web,Brute Force -Web,True,1,Fwd Pkt Len Mean,fwdpktlenmean,5.567884922027588,5.567884922027588
254715,Brute Force -Web,Brute Force -Web,True,1,Init Fwd Win Byts,initfwdwinbyts,4.744129180908203,4.744129180908203
262898,Brute Force -Web,Brute Force -Web,True,1,Fwd Pkt Len Mean,fwdpktlenmean,5.567584991455078,5.567584991455078
292102,Brute Force -Web,Benign,False,1,Dst Port,dstport,0.3913327753543854,0.3913327753543854
297866,Brute Force -Web,Brute Force -Web,True,1,Fwd Pkt Len Std,fwdpktlenstd,3.9602766036987305,3.9602766036987305
302291,Brute Force -Web,Brute Force -Web,True,1,Fwd Pkt Len Std,fwdpktlenstd,3.9355032444000244,3.9355032444000244
307982,Brute Force -Web,Brute Force -Web,True,1,Fwd Pkt Len Std,fwdpktlenstd,3.959857225418091,3.959857225418091
315063,Brute Force -Web,Brute Force -Web,True,1,Fwd Pkt Len Mean,fwdpktlenmean,5.567584991455078,5.567584991455078
315736,Brute Force -Web,Benign,False,1,Dst Port,dstport,0.3913327753543854,0.3913327753543854
318492,Brute Force -Web,Brute Force -Web,True,1,Fwd Pkt Len Mean,fwdpktlenmean,5.5663862228393555,5.5663862228393555
322974,Brute Force -Web,Benign,False,1,Flow Duration,flowduration,0.9743526577949524,0.9743526577949524
332620,Brute Force -Web,Benign,False,1,Fwd IAT Std,fwdiatstd,1.0583655834197998,1.0583655834197998
335757,Brute Force -Web,Benign,False,1,Dst Port,dstport,0.3913327753543854,0.3913327753543854
339667,Brute Force -Web,Brute Force -Web,True,1,Init Fwd Win Byts,initfwdwinbyts,3.981250286102295,3.981250286102295
349906,Brute Force -Web,Brute Force -Web,True,1,Fwd Pkt Len Mean,fwdpktlenmean,5.567584991455078,5.567584991455078
351886,Brute Force -Web,Benign,False,1,Fwd Pkt Len Max,fwdpktlenmax,0.4017069935798645,0.4017069935798645
360489,Brute Force -Web,Benign,False,1,Fwd Pkt Len Max,fwdpktlenmax,0.5462799668312073,0.5462799668312073
365833,Brute Force -Web,Brute Force -Web,True,1,Init Fwd Win Byts,initfwdwinbyts,3.850583553314209,3.850583553314209
366290,Brute Force -Web,Brute Force -Web,True,1,Init Fwd Win Byts,initfwdwinbyts,4.718434810638428,4.718434810638428
371708,Brute Force -Web,Benign,False,1,Flow Duration,flowduration,0.9744428396224976,0.9744428396224976
383599,Brute Force -Web,Brute Force -Web,True,1,Fwd Pkt Len Mean,fwdpktlenmean,5.567884922027588,5.567884922027588
385336,Brute Force -Web,Brute Force -Web,True,1,Fwd Pkt Len Mean,fwdpktlenmean,5.567584991455078,5.567584991455078
387556,Brute Force -Web,Brute Force -Web,True,1,Init Fwd Win Byts,initfwdwinbyts,3.1440954208374023,3.1440954208374023
392548,Brute Force -Web,Brute Force -Web,True,1,Init Fwd Win Byts,initfwdwinbyts,4.752796173095703,4.752796173095703
394927,Brute Force -Web,Benign,False,1,Dst Port,dstport,0.3913327753543854,0.3913327753543854
417634,Brute Force -Web,Brute Force -Web,True,1,Init Fwd Win Byts,initfwdwinbyts,3.850583553314209,3.850583553314209
421817,Brute Force -Web,Brute Force -Web,True,1,Fwd Pkt Len Std,fwdpktlenstd,3.9355032444000244,3.9355032444000244
430855,Brute Force -Web,Brute Force -Web,True,1,Init Fwd Win Byts,initfwdwinbyts,2.853825092315674,2.853825092315674
432334,Brute Force -Web,Benign,False,1,Dst Port,dstport,0.3913327753543854,0.3913327753543854
435082,Brute Force -Web,Brute Force -Web,True,1,Init Fwd Win Byts,initfwdwinbyts,4.218226432800293,4.218226432800293
438174,Brute Force -Web,Brute Force -Web,True,1,Fwd Pkt Len Mean,fwdpktlenmean,5.567884922027588,5.567884922027588
445619,Brute Force -Web,Brute Force -Web,True,1,Fwd Pkt Len Std,fwdpktlenstd,3.9570248126983643,3.9570248126983643
462813,Brute Force -Web,Brute Force -Web,True,1,Init Fwd Win Byts,initfwdwinbyts,4.738135814666748,4.738135814666748
465061,Brute Force -Web,Brute Force -Web,True,1,Init Fwd Win Byts,initfwdwinbyts,2.5575289726257324,2.5575289726257324
469032,Brute Force -Web,Benign,False,1,Dst Port,dstport,0.3913327753543854,0.3913327753543854
470325,Brute Force -Web,Brute Force -Web,True,1,Fwd Pkt Len Std,fwdpktlenstd,3.9595015048980713,3.9595015048980713
474363,Brute Force -Web,Benign,False,1,Dst Port,dstport,0.3913327753543854,0.3913327753543854
498379,Brute Force -Web,Brute Force -Web,True,1,Fwd Pkt Len Mean,fwdpktlenmean,5.567884922027588,5.567884922027588
498647,Brute Force -Web,Brute Force -Web,True,1,Fwd Pkt Len Std,fwdpktlenstd,3.935147762298584,3.935147762298584
512591,Brute Force -Web,Brute Force -XSS,False,1,Init Fwd Win Byts,initfwdwinbyts,3.194822311401367,3.194822311401367
514378,Brute Force -Web,Brute Force -Web,True,1,Init Fwd Win Byts,initfwdwinbyts,4.218226432800293,4.218226432800293
517291,Brute Force -Web,Brute Force -Web,True,1,Init Fwd Win Byts,initfwdwinbyts,4.662932395935059,4.662932395935059
519990,Brute Force -Web,Brute Force -Web,True,1,Fwd Pkt Len Mean,fwdpktlenmean,5.567584991455078,5.567584991455078
524341,Brute Force -Web,Brute Force -Web,True,1,Init Fwd Win Byts,initfwdwinbyts,3.850583553314209,3.850583553314209
527604,Brute Force -Web,Brute Force -Web,True,1,Init Fwd Win Byts,initfwdwinbyts,2.777439832687378,2.777439832687378
549022,Brute Force -Web,Brute Force -Web,True,1,Init Fwd Win Byts,initfwdwinbyts,4.750601291656494,4.750601291656494
559290,Brute Force -Web,SQL Injection,False,1,Flow IAT Std,flowiatstd,2.1451761722564697,2.1451761722564697
563547,Brute Force -Web,Benign,False,1,Dst Port,dstport,0.3913327753543854,0.3913327753543854
567714,Brute Force -Web,Brute Force -Web,True,1,Fwd Pkt Len Mean,fwdpktlenmean,5.567584991455078,5.567584991455078
590448,Brute Force -Web,Benign,False,1,Dst Port,dstport,0.3913327753543854,0.3913327753543854
594394,Brute Force -Web,Benign,False,1,Dst Port,dstport,0.3913327753543854,0.3913327753543854
612695,Brute Force -Web,Brute Force -Web,True,1,Fwd Pkt Len Mean,fwdpktlenmean,5.567584991455078,5.567584991455078
614266,Brute Force -Web,Brute Force -Web,True,1,Init Fwd Win Byts,initfwdwinbyts,3.848939895629883,3.848939895629883
614472,Brute Force -Web,Brute Force -Web,True,1,Fwd Pkt Len Mean,fwdpktlenmean,5.567584991455078,5.567584991455078
624217,Brute Force -Web,Benign,False,1,Dst Port,dstport,0.3913327753543854,0.3913327753543854
625897,Brute Force -Web,Brute Force -Web,True,1,Fwd Pkt Len Std,fwdpktlenstd,3.943387269973755,3.943387269973755
629919,Brute Force -Web,Benign,False,1,Dst Port,dstport,0.3913327753543854,0.3913327753543854
631883,Brute Force -Web,Benign,False,1,Dst Port,dstport,0.3913327753543854,0.3913327753543854
632388,Brute Force -Web,Benign,False,1,Flow Duration,flowduration,0.9743526577949524,0.9743526577949524
647185,Brute Force -Web,Benign,False,1,Dst Port,dstport,0.3913327753543854,0.3913327753543854
654276,Brute Force -Web,Brute Force -Web,True,1,Fwd Pkt Len Std,fwdpktlenstd,3.942560911178589,3.942560911178589
662079,Brute Force -Web,Brute Force -Web,True,1,Init Fwd Win Byts,initfwdwinbyts,3.993746280670166,3.993746280670166
663020,Brute Force -Web,Brute Force -Web,True,1,Init Fwd Win Byts,initfwdwinbyts,3.850583553314209,3.850583553314209
665585,Brute Force -Web,Benign,False,1,Dst Port,dstport,0.3913327753543854,0.3913327753543854
665639,Brute Force -Web,Brute Force -Web,True,1,Fwd Pkt Len Mean,fwdpktlenmean,5.567584991455078,5.567584991455078
676095,Brute Force -Web,Brute Force -Web,True,1,Fwd Pkt Len Mean,fwdpktlenmean,5.567584991455078,5.567584991455078
685591,Brute Force -Web,Brute Force -Web,True,1,Fwd Pkt Len Mean,fwdpktlenmean,5.567584991455078,5.567584991455078
691430,Brute Force -Web,Brute Force -Web,True,1,Fwd Pkt Len Std,fwdpktlenstd,3.959857225418091,3.959857225418091
697769,Brute Force -Web,Brute Force -Web,True,1,Fwd Pkt Len Mean,fwdpktlenmean,5.567884922027588,5.567884922027588
4725,Brute Force -XSS,Brute Force -XSS,True,1,Pkt Len Std,pktlenstd,3.5442135334014893,3.5442135334014893
15658,Brute Force -XSS,Brute Force -XSS,True,1,Pkt Len Std,pktlenstd,3.5442135334014893,3.5442135334014893
19068,Brute Force -XSS,Brute Force -XSS,True,1,Pkt Len Std,pktlenstd,3.5442135334014893,3.5442135334014893
20056,Brute Force -XSS,Brute Force -XSS,True,1,Pkt Len Std,pktlenstd,3.556150436401367,3.556150436401367
27421,Brute Force -XSS,Brute Force -XSS,True,1,Pkt Len Std,pktlenstd,3.5136632919311523,3.5136632919311523
40324,Brute Force -XSS,Brute Force -XSS,True,1,Pkt Len Std,pktlenstd,3.5442135334014893,3.5442135334014893
108720,Brute Force -XSS,Brute Force -XSS,True,1,Init Fwd Win Byts,initfwdwinbyts,5.288190841674805,5.288190841674805
131703,Brute Force -XSS,Brute Force -XSS,True,1,Init Fwd Win Byts,initfwdwinbyts,5.288190841674805,5.288190841674805
157284,Brute Force -XSS,Brute Force -XSS,True,1,Pkt Len Std,pktlenstd,3.556150436401367,3.556150436401367
183932,Brute Force -XSS,Brute Force -XSS,True,1,Pkt Len Std,pktlenstd,3.542243242263794,3.542243242263794
204165,Brute Force -XSS,Brute Force -XSS,True,1,Init Fwd Win Byts,initfwdwinbyts,4.563944339752197,4.563944339752197
214964,Brute Force -XSS,Brute Force -XSS,True,1,Init Fwd Win Byts,initfwdwinbyts,5.0030517578125,5.0030517578125
220146,Brute Force -XSS,Brute Force -XSS,True,1,Pkt Len Std,pktlenstd,3.5423851013183594,3.5423851013183594
225548,Brute Force -XSS,Brute Force -XSS,True,1,Init Fwd Win Byts,initfwdwinbyts,5.01516056060791,5.01516056060791
241153,Brute Force -XSS,Brute Force -XSS,True,1,Init Fwd Win Byts,initfwdwinbyts,5.0175371170043945,5.0175371170043945
252600,Brute Force -XSS,Brute Force -XSS,True,1,Pkt Len Std,pktlenstd,3.542243242263794,3.542243242263794
260305,Brute Force -XSS,Benign,False,1,Fwd Pkt Len Max,fwdpktlenmax,-2.0837275981903076,2.0837275981903076
286975,Brute Force -XSS,Brute Force -XSS,True,1,Init Fwd Win Byts,initfwdwinbyts,3.901604413986206,3.901604413986206
288753,Brute Force -XSS,Brute Force -XSS,True,1,Init Fwd Win Byts,initfwdwinbyts,3.008894681930542,3.008894681930542
313529,Brute Force -XSS,Brute Force -XSS,True,1,Init Fwd Win Byts,initfwdwinbyts,5.470202445983887,5.470202445983887
314183,Brute Force -XSS,Brute Force -XSS,True,1,Pkt Len Std,pktlenstd,3.5136632919311523,3.5136632919311523
317120,Brute Force -XSS,Brute Force -XSS,True,1,Init Fwd Win Byts,initfwdwinbyts,5.2200846672058105,5.2200846672058105
320952,Brute Force -XSS,Brute Force -XSS,True,1,Pkt Len Std,pktlenstd,3.5136632919311523,3.5136632919311523
338824,Brute Force -XSS,Brute Force -XSS,True,1,Init Fwd Win Byts,initfwdwinbyts,4.056970119476318,4.056970119476318
346512,Brute Force -XSS,Brute Force -XSS,True,1,Init Fwd Win Byts,initfwdwinbyts,5.014847755432129,5.014847755432129
374398,Brute Force -XSS,Brute Force -XSS,True,1,Init Fwd Win Byts,initfwdwinbyts,5.0175371170043945,5.0175371170043945
390292,Brute Force -XSS,Brute Force -XSS,True,1,Pkt Len Std,pktlenstd,3.5442135334014893,3.5442135334014893
423486,Brute Force -XSS,Brute Force -XSS,True,1,Init Fwd Win Byts,initfwdwinbyts,5.12710428237915,5.12710428237915
434271,Brute Force -XSS,Brute Force -XSS,True,1,Init Fwd Win Byts,initfwdwinbyts,5.01516056060791,5.01516056060791
460443,Brute Force -XSS,Brute Force -XSS,True,1,Pkt Len Std,pktlenstd,3.5136632919311523,3.5136632919311523
476206,Brute Force -XSS,Brute Force -XSS,True,1,Pkt Len Std,pktlenstd,3.556150436401367,3.556150436401367
476336,Brute Force -XSS,Brute Force -XSS,True,1,Pkt Len Std,pktlenstd,3.556150436401367,3.556150436401367
496226,Brute Force -XSS,SQL Injection,False,1,Init Fwd Win Byts,initfwdwinbyts,4.424851894378662,4.424851894378662
503052,Brute Force -XSS,Brute Force -XSS,True,1,Pkt Len Std,pktlenstd,3.5442135334014893,3.5442135334014893
521700,Brute Force -XSS,Brute Force -XSS,True,1,Init Fwd Win Byts,initfwdwinbyts,3.4974441528320312,3.4974441528320312
522204,Brute Force -XSS,Brute Force -XSS,True,1,Init Fwd Win Byts,initfwdwinbyts,3.0486772060394287,3.0486772060394287
556032,Brute Force -XSS,Brute Force -XSS,True,1,Pkt Len Std,pktlenstd,3.5442135334014893,3.5442135334014893
559418,Brute Force -XSS,Brute Force -XSS,True,1,Pkt Len Std,pktlenstd,3.556150436401367,3.556150436401367
572379,Brute Force -XSS,Brute Force -XSS,True,1,Init Fwd Win Byts,initfwdwinbyts,4.985503673553467,4.985503673553467
573424,Brute Force -XSS,Brute Force -XSS,True,1,Init Fwd Win Byts,initfwdwinbyts,5.288190841674805,5.288190841674805
598293,Brute Force -XSS,Brute Force -XSS,True,1,Pkt Len Std,pktlenstd,3.5442135334014893,3.5442135334014893
630081,Brute Force -XSS,Brute Force -XSS,True,1,Init Fwd Win Byts,initfwdwinbyts,5.288190841674805,5.288190841674805
651743,Brute Force -XSS,Brute Force -XSS,True,1,Pkt Len Std,pktlenstd,3.5118348598480225,3.5118348598480225
669816,Brute Force -XSS,Brute Force -XSS,True,1,Pkt Len Std,pktlenstd,3.5442135334014893,3.5442135334014893
695058,Brute Force -XSS,Brute Force -XSS,True,1,Init Fwd Win Byts,initfwdwinbyts,5.125877857208252,5.125877857208252
695843,Brute Force -XSS,Brute Force -XSS,True,1,Init Fwd Win Byts,initfwdwinbyts,4.567257881164551,4.567257881164551
24329,DDOS attack-HOIC,DDOS attack-HOIC,True,1,Init Fwd Win Byts,initfwdwinbyts,6.57236909866333,6.57236909866333
42365,DDOS attack-HOIC,DDOS attack-HOIC,True,1,Init Fwd Win Byts,initfwdwinbyts,6.174546718597412,6.174546718597412
50260,DDOS attack-HOIC,DDOS attack-HOIC,True,1,Init Fwd Win Byts,initfwdwinbyts,6.174546718597412,6.174546718597412
58795,DDOS attack-HOIC,DDOS attack-HOIC,True,1,Init Fwd Win Byts,initfwdwinbyts,6.57236909866333,6.57236909866333
62692,DDOS attack-HOIC,DDOS attack-HOIC,True,1,Init Fwd Win Byts,initfwdwinbyts,6.57236909866333,6.57236909866333
66148,DDOS attack-HOIC,DDOS attack-HOIC,True,1,Init Fwd Win Byts,initfwdwinbyts,6.57236909866333,6.57236909866333
91477,DDOS attack-HOIC,DDOS attack-HOIC,True,1,Init Fwd Win Byts,initfwdwinbyts,6.57236909866333,6.57236909866333
92938,DDOS attack-HOIC,DDOS attack-HOIC,True,1,Init Fwd Win Byts,initfwdwinbyts,6.606494903564453,6.606494903564453
95181,DDOS attack-HOIC,DDOS attack-HOIC,True,1,Init Fwd Win Byts,initfwdwinbyts,6.57236909866333,6.57236909866333
96758,DDOS attack-HOIC,DDOS attack-HOIC,True,1,Init Fwd Win Byts,initfwdwinbyts,6.174546718597412,6.174546718597412
115327,DDOS attack-HOIC,DDOS attack-HOIC,True,1,Init Fwd Win Byts,initfwdwinbyts,6.174546718597412,6.174546718597412
118474,DDOS attack-HOIC,DDOS attack-HOIC,True,1,Init Fwd Win Byts,initfwdwinbyts,6.57236909866333,6.57236909866333
123673,DDOS attack-HOIC,DDOS attack-HOIC,True,1,Init Fwd Win Byts,initfwdwinbyts,6.57236909866333,6.57236909866333
127991,DDOS attack-HOIC,DDOS attack-HOIC,True,1,Init Fwd Win Byts,initfwdwinbyts,6.57236909866333,6.57236909866333
141671,DDOS attack-HOIC,DDOS attack-HOIC,True,1,Init Fwd Win Byts,initfwdwinbyts,6.57236909866333,6.57236909866333
141707,DDOS attack-HOIC,DDOS attack-HOIC,True,1,Init Fwd Win Byts,initfwdwinbyts,6.57236909866333,6.57236909866333
163104,DDOS attack-HOIC,DDOS attack-HOIC,True,1,Init Fwd Win Byts,initfwdwinbyts,6.57236909866333,6.57236909866333
165151,DDOS attack-HOIC,DDOS attack-HOIC,True,1,Init Fwd Win Byts,initfwdwinbyts,6.57236909866333,6.57236909866333
175192,DDOS attack-HOIC,DDOS attack-HOIC,True,1,Init Fwd Win Byts,initfwdwinbyts,6.57236909866333,6.57236909866333
178043,DDOS attack-HOIC,DDOS attack-HOIC,True,1,Init Fwd Win Byts,initfwdwinbyts,6.57236909866333,6.57236909866333
186764,DDOS attack-HOIC,DDOS attack-HOIC,True,1,Init Fwd Win Byts,initfwdwinbyts,6.57236909866333,6.57236909866333
201783,DDOS attack-HOIC,DDOS attack-HOIC,True,1,Init Fwd Win Byts,initfwdwinbyts,6.57236909866333,6.57236909866333
207926,DDOS attack-HOIC,DDOS attack-HOIC,True,1,Init Fwd Win Byts,initfwdwinbyts,6.57236909866333,6.57236909866333
226533,DDOS attack-HOIC,DDOS attack-HOIC,True,1,Init Fwd Win Byts,initfwdwinbyts,6.174546718597412,6.174546718597412
229680,DDOS attack-HOIC,DDOS attack-HOIC,True,1,Init Fwd Win Byts,initfwdwinbyts,6.57236909866333,6.57236909866333
230336,DDOS attack-HOIC,DDOS attack-HOIC,True,1,Init Fwd Win Byts,initfwdwinbyts,6.167311191558838,6.167311191558838
237013,DDOS attack-HOIC,DDOS attack-HOIC,True,1,Init Fwd Win Byts,initfwdwinbyts,6.57236909866333,6.57236909866333
256795,DDOS attack-HOIC,DDOS attack-HOIC,True,1,Init Fwd Win Byts,initfwdwinbyts,6.174546718597412,6.174546718597412
257574,DDOS attack-HOIC,DDOS attack-HOIC,True,1,Init Fwd Win Byts,initfwdwinbyts,6.57236909866333,6.57236909866333
265943,DDOS attack-HOIC,DDOS attack-HOIC,True,1,Init Fwd Win Byts,initfwdwinbyts,6.57236909866333,6.57236909866333
269640,DDOS attack-HOIC,DDOS attack-HOIC,True,1,Init Fwd Win Byts,initfwdwinbyts,6.57236909866333,6.57236909866333
285515,DDOS attack-HOIC,DDOS attack-HOIC,True,1,Init Fwd Win Byts,initfwdwinbyts,6.57236909866333,6.57236909866333
292418,DDOS attack-HOIC,DDOS attack-HOIC,True,1,Init Fwd Win Byts,initfwdwinbyts,6.57236909866333,6.57236909866333
303787,DDOS attack-HOIC,DDOS attack-HOIC,True,1,Init Fwd Win Byts,initfwdwinbyts,6.57236909866333,6.57236909866333
303976,DDOS attack-HOIC,DDOS attack-HOIC,True,1,Init Fwd Win Byts,initfwdwinbyts,6.57236909866333,6.57236909866333
311918,DDOS attack-HOIC,DDOS attack-HOIC,True,1,Init Fwd Win Byts,initfwdwinbyts,6.57236909866333,6.57236909866333
322303,DDOS attack-HOIC,DDOS attack-HOIC,True,1,Init Fwd Win Byts,initfwdwinbyts,6.57236909866333,6.57236909866333
323615,DDOS attack-HOIC,DDOS attack-HOIC,True,1,Init Fwd Win Byts,initfwdwinbyts,6.174546718597412,6.174546718597412
334211,DDOS attack-HOIC,DDOS attack-HOIC,True,1,Init Fwd Win Byts,initfwdwinbyts,6.57236909866333,6.57236909866333
336288,DDOS attack-HOIC,DDOS attack-HOIC,True,1,Init Fwd Win Byts,initfwdwinbyts,6.174546718597412,6.174546718597412
342417,DDOS attack-HOIC,DDOS attack-HOIC,True,1,Init Fwd Win Byts,initfwdwinbyts,6.174546718597412,6.174546718597412
352439,DDOS attack-HOIC,DDOS attack-HOIC,True,1,Init Fwd Win Byts,initfwdwinbyts,6.57236909866333,6.57236909866333
353341,DDOS attack-HOIC,DDOS attack-HOIC,True,1,Init Fwd Win Byts,initfwdwinbyts,6.57236909866333,6.57236909866333
359209,DDOS attack-HOIC,DDOS attack-HOIC,True,1,Init Fwd Win Byts,initfwdwinbyts,6.167386531829834,6.167386531829834
366133,DDOS attack-HOIC,DDOS attack-HOIC,True,1,Init Fwd Win Byts,initfwdwinbyts,6.174546718597412,6.174546718597412
372872,DDOS attack-HOIC,DDOS attack-HOIC,True,1,Init Fwd Win Byts,initfwdwinbyts,6.174546718597412,6.174546718597412
374461,DDOS attack-HOIC,DDOS attack-HOIC,True,1,Init Fwd Win Byts,initfwdwinbyts,6.57236909866333,6.57236909866333
374681,DDOS attack-HOIC,DDOS attack-HOIC,True,1,Init Fwd Win Byts,initfwdwinbyts,6.57236909866333,6.57236909866333
387090,DDOS attack-HOIC,DDOS attack-HOIC,True,1,Init Fwd Win Byts,initfwdwinbyts,6.57236909866333,6.57236909866333
406304,DDOS attack-HOIC,DDOS attack-HOIC,True,1,Init Fwd Win Byts,initfwdwinbyts,6.57236909866333,6.57236909866333
415528,DDOS attack-HOIC,DDOS attack-HOIC,True,1,Init Fwd Win Byts,initfwdwinbyts,6.57236909866333,6.57236909866333
417893,DDOS attack-HOIC,DDOS attack-HOIC,True,1,Init Fwd Win Byts,initfwdwinbyts,6.57236909866333,6.57236909866333
422384,DDOS attack-HOIC,DDOS attack-HOIC,True,1,Init Fwd Win Byts,initfwdwinbyts,6.174546718597412,6.174546718597412
429876,DDOS attack-HOIC,DDOS attack-HOIC,True,1,Init Fwd Win Byts,initfwdwinbyts,6.57236909866333,6.57236909866333
430648,DDOS attack-HOIC,DDOS attack-HOIC,True,1,Init Fwd Win Byts,initfwdwinbyts,6.57236909866333,6.57236909866333
435041,DDOS attack-HOIC,DDOS attack-HOIC,True,1,Init Fwd Win Byts,initfwdwinbyts,6.57236909866333,6.57236909866333
438484,DDOS attack-HOIC,DDOS attack-HOIC,True,1,Init Fwd Win Byts,initfwdwinbyts,6.174546718597412,6.174546718597412
442759,DDOS attack-HOIC,DDOS attack-HOIC,True,1,Init Fwd Win Byts,initfwdwinbyts,6.57236909866333,6.57236909866333
445271,DDOS attack-HOIC,DDOS attack-HOIC,True,1,Init Fwd Win Byts,initfwdwinbyts,6.57236909866333,6.57236909866333
447343,DDOS attack-HOIC,DDOS attack-HOIC,True,1,Init Fwd Win Byts,initfwdwinbyts,6.57236909866333,6.57236909866333
449431,DDOS attack-HOIC,DDOS attack-HOIC,True,1,Init Fwd Win Byts,initfwdwinbyts,6.174546718597412,6.174546718597412
456876,DDOS attack-HOIC,DDOS attack-HOIC,True,1,Init Fwd Win Byts,initfwdwinbyts,6.57236909866333,6.57236909866333
469980,DDOS attack-HOIC,DDOS attack-HOIC,True,1,Init Fwd Win Byts,initfwdwinbyts,6.57236909866333,6.57236909866333
480797,DDOS attack-HOIC,DDOS attack-HOIC,True,1,Init Fwd Win Byts,initfwdwinbyts,6.57236909866333,6.57236909866333
480944,DDOS attack-HOIC,DDOS attack-HOIC,True,1,Init Fwd Win Byts,initfwdwinbyts,6.174546718597412,6.174546718597412
487667,DDOS attack-HOIC,DDOS attack-HOIC,True,1,Init Fwd Win Byts,initfwdwinbyts,6.57236909866333,6.57236909866333
506935,DDOS attack-HOIC,DDOS attack-HOIC,True,1,Init Fwd Win Byts,initfwdwinbyts,6.57236909866333,6.57236909866333
507814,DDOS attack-HOIC,DDOS attack-HOIC,True,1,Init Fwd Win Byts,initfwdwinbyts,6.174546718597412,6.174546718597412
509229,DDOS attack-HOIC,DDOS attack-HOIC,True,1,Init Fwd Win Byts,initfwdwinbyts,6.57236909866333,6.57236909866333
515271,DDOS attack-HOIC,DDOS attack-HOIC,True,1,Init Fwd Win Byts,initfwdwinbyts,6.174546718597412,6.174546718597412
516611,DDOS attack-HOIC,DDOS attack-HOIC,True,1,Init Fwd Win Byts,initfwdwinbyts,6.174546718597412,6.174546718597412
517885,DDOS attack-HOIC,DDOS attack-HOIC,True,1,Init Fwd Win Byts,initfwdwinbyts,6.57236909866333,6.57236909866333
537566,DDOS attack-HOIC,DDOS attack-HOIC,True,1,Init Fwd Win Byts,initfwdwinbyts,6.57236909866333,6.57236909866333
540301,DDOS attack-HOIC,DDOS attack-HOIC,True,1,Init Fwd Win Byts,initfwdwinbyts,6.57236909866333,6.57236909866333
545497,DDOS attack-HOIC,DDOS attack-HOIC,True,1,Init Fwd Win Byts,initfwdwinbyts,6.57236909866333,6.57236909866333
545809,DDOS attack-HOIC,DDOS attack-HOIC,True,1,Init Fwd Win Byts,initfwdwinbyts,6.57236909866333,6.57236909866333
548836,DDOS attack-HOIC,DDOS attack-HOIC,True,1,Init Fwd Win Byts,initfwdwinbyts,6.57236909866333,6.57236909866333
549118,DDOS attack-HOIC,DDOS attack-HOIC,True,1,Init Fwd Win Byts,initfwdwinbyts,6.57236909866333,6.57236909866333
555702,DDOS attack-HOIC,DDOS attack-HOIC,True,1,Init Fwd Win Byts,initfwdwinbyts,6.57236909866333,6.57236909866333
558089,DDOS attack-HOIC,DDOS attack-HOIC,True,1,Init Fwd Win Byts,initfwdwinbyts,6.57236909866333,6.57236909866333
561797,DDOS attack-HOIC,DDOS attack-HOIC,True,1,Init Fwd Win Byts,initfwdwinbyts,6.174546718597412,6.174546718597412
564126,DDOS attack-HOIC,DDOS attack-HOIC,True,1,Init Fwd Win Byts,initfwdwinbyts,6.57236909866333,6.57236909866333
578498,DDOS attack-HOIC,DDOS attack-HOIC,True,1,Init Fwd Win Byts,initfwdwinbyts,6.57236909866333,6.57236909866333
583919,DDOS attack-HOIC,DDOS attack-HOIC,True,1,Init Fwd Win Byts,initfwdwinbyts,6.174546718597412,6.174546718597412
594330,DDOS attack-HOIC,DDOS attack-HOIC,True,1,Init Fwd Win Byts,initfwdwinbyts,6.57236909866333,6.57236909866333
598141,DDOS attack-HOIC,DDOS attack-HOIC,True,1,Init Fwd Win Byts,initfwdwinbyts,6.57236909866333,6.57236909866333
600130,DDOS attack-HOIC,DDOS attack-HOIC,True,1,Init Fwd Win Byts,initfwdwinbyts,6.57236909866333,6.57236909866333
602770,DDOS attack-HOIC,DDOS attack-HOIC,True,1,Init Fwd Win Byts,initfwdwinbyts,6.174546718597412,6.174546718597412
641626,DDOS attack-HOIC,DDOS attack-HOIC,True,1,Init Fwd Win Byts,initfwdwinbyts,6.174546718597412,6.174546718597412
643744,DDOS attack-HOIC,DDOS attack-HOIC,True,1,Init Fwd Win Byts,initfwdwinbyts,6.174546718597412,6.174546718597412
651780,DDOS attack-HOIC,DDOS attack-HOIC,True,1,Init Fwd Win Byts,initfwdwinbyts,6.57236909866333,6.57236909866333
655073,DDOS attack-HOIC,DDOS attack-HOIC,True,1,Init Fwd Win Byts,initfwdwinbyts,6.57236909866333,6.57236909866333
662130,DDOS attack-HOIC,DDOS attack-HOIC,True,1,Init Fwd Win Byts,initfwdwinbyts,6.174546718597412,6.174546718597412
663687,DDOS attack-HOIC,DDOS attack-HOIC,True,1,Init Fwd Win Byts,initfwdwinbyts,6.573986053466797,6.573986053466797
666562,DDOS attack-HOIC,DDOS attack-HOIC,True,1,Init Fwd Win Byts,initfwdwinbyts,6.57236909866333,6.57236909866333
671185,DDOS attack-HOIC,DDOS attack-HOIC,True,1,Init Fwd Win Byts,initfwdwinbyts,6.174546718597412,6.174546718597412
671925,DDOS attack-HOIC,DDOS attack-HOIC,True,1,Init Fwd Win Byts,initfwdwinbyts,6.57236909866333,6.57236909866333
671935,DDOS attack-HOIC,DDOS attack-HOIC,True,1,Init Fwd Win Byts,initfwdwinbyts,6.174546718597412,6.174546718597412
675677,DDOS attack-HOIC,DDOS attack-HOIC,True,1,Init Fwd Win Byts,initfwdwinbyts,6.57236909866333,6.57236909866333
697160,DDOS attack-HOIC,DDOS attack-HOIC,True,1,Init Fwd Win Byts,initfwdwinbyts,6.57236909866333,6.57236909866333
861,DDOS attack-LOIC-UDP,DDOS attack-LOIC-UDP,True,1,Tot Fwd Pkts,totfwdpkts,9.11422348022461,9.11422348022461
4691,DDOS attack-LOIC-UDP,DDOS attack-LOIC-UDP,True,1,Tot Fwd Pkts,totfwdpkts,9.18487548828125,9.18487548828125
5712,DDOS attack-LOIC-UDP,DDOS attack-LOIC-UDP,True,1,Tot Fwd Pkts,totfwdpkts,9.203680992126465,9.203680992126465
5966,DDOS attack-LOIC-UDP,Benign,False,1,Bwd Pkt Len Mean,bwdpktlenmean,-0.9650974869728088,0.9650974869728088
12235,DDOS attack-LOIC-UDP,DDOS attack-LOIC-UDP,True,1,Tot Fwd Pkts,totfwdpkts,9.17127513885498,9.17127513885498
14881,DDOS attack-LOIC-UDP,DDOS attack-LOIC-UDP,True,1,Tot Fwd Pkts,totfwdpkts,9.261245727539062,9.261245727539062
16063,DDOS attack-LOIC-UDP,DDOS attack-LOIC-UDP,True,1,Tot Fwd Pkts,totfwdpkts,9.230670928955078,9.230670928955078
17866,DDOS attack-LOIC-UDP,DDOS attack-LOIC-UDP,True,1,Tot Fwd Pkts,totfwdpkts,9.088133811950684,9.088133811950684
29423,DDOS attack-LOIC-UDP,DDOS attack-LOIC-UDP,True,1,Tot Fwd Pkts,totfwdpkts,9.232978820800781,9.232978820800781
34755,DDOS attack-LOIC-UDP,DDOS attack-LOIC-UDP,True,1,Tot Fwd Pkts,totfwdpkts,9.023873329162598,9.023873329162598
41161,DDOS attack-LOIC-UDP,DDOS attack-LOIC-UDP,True,1,Tot Fwd Pkts,totfwdpkts,9.230484008789062,9.230484008789062
54845,DDOS attack-LOIC-UDP,DDOS attack-LOIC-UDP,True,1,Tot Fwd Pkts,totfwdpkts,9.141291618347168,9.141291618347168
63033,DDOS attack-LOIC-UDP,DDOS attack-LOIC-UDP,True,1,Tot Fwd Pkts,totfwdpkts,9.149203300476074,9.149203300476074
76270,DDOS attack-LOIC-UDP,DDOS attack-LOIC-UDP,True,1,Tot Fwd Pkts,totfwdpkts,9.249895095825195,9.249895095825195
76830,DDOS attack-LOIC-UDP,DDOS attack-LOIC-UDP,True,1,Tot Fwd Pkts,totfwdpkts,9.082507133483887,9.082507133483887
83841,DDOS attack-LOIC-UDP,DDOS attack-LOIC-UDP,True,1,Tot Fwd Pkts,totfwdpkts,9.135777473449707,9.135777473449707
89459,DDOS attack-LOIC-UDP,DDOS attack-LOIC-UDP,True,1,Tot Fwd Pkts,totfwdpkts,9.168506622314453,9.168506622314453
99717,DDOS attack-LOIC-UDP,DDOS attack-LOIC-UDP,True,1,Tot Fwd Pkts,totfwdpkts,9.065641403198242,9.065641403198242
107048,DDOS attack-LOIC-UDP,DDOS attack-LOIC-UDP,True,1,Tot Fwd Pkts,totfwdpkts,9.140020370483398,9.140020370483398
125172,DDOS attack-LOIC-UDP,DDOS attack-LOIC-UDP,True,1,Tot Fwd Pkts,totfwdpkts,9.089706420898438,9.089706420898438
133135,DDOS attack-LOIC-UDP,DDOS attack-LOIC-UDP,True,1,Tot Fwd Pkts,totfwdpkts,9.137046813964844,9.137046813964844
134124,DDOS attack-LOIC-UDP,DDOS attack-LOIC-UDP,True,1,Tot Fwd Pkts,totfwdpkts,9.164278030395508,9.164278030395508
136921,DDOS attack-LOIC-UDP,DDOS attack-LOIC-UDP,True,1,Tot Fwd Pkts,totfwdpkts,9.11762809753418,9.11762809753418
143637,DDOS attack-LOIC-UDP,DDOS attack-LOIC-UDP,True,1,Tot Fwd Pkts,totfwdpkts,9.182637214660645,9.182637214660645
145983,DDOS attack-LOIC-UDP,DDOS attack-LOIC-UDP,True,1,Tot Fwd Pkts,totfwdpkts,9.247986793518066,9.247986793518066
147287,DDOS attack-LOIC-UDP,DDOS attack-LOIC-UDP,True,1,Tot Fwd Pkts,totfwdpkts,9.1585693359375,9.1585693359375
148018,DDOS attack-LOIC-UDP,DDOS attack-LOIC-UDP,True,1,Tot Fwd Pkts,totfwdpkts,9.141119956970215,9.141119956970215
150353,DDOS attack-LOIC-UDP,DDOS attack-LOIC-UDP,True,1,Tot Fwd Pkts,totfwdpkts,9.062667846679688,9.062667846679688
150894,DDOS attack-LOIC-UDP,DDOS attack-LOIC-UDP,True,1,Tot Fwd Pkts,totfwdpkts,9.250277519226074,9.250277519226074
160738,DDOS attack-LOIC-UDP,DDOS attack-LOIC-UDP,True,1,Tot Fwd Pkts,totfwdpkts,9.086905479431152,9.086905479431152
167503,DDOS attack-LOIC-UDP,DDOS attack-LOIC-UDP,True,1,Tot Fwd Pkts,totfwdpkts,9.169060707092285,9.169060707092285
178197,DDOS attack-LOIC-UDP,DDOS attack-LOIC-UDP,True,1,Tot Fwd Pkts,totfwdpkts,9.155853271484375,9.155853271484375
197033,DDOS attack-LOIC-UDP,DDOS attack-LOIC-UDP,True,1,Tot Fwd Pkts,totfwdpkts,9.151503562927246,9.151503562927246
210208,DDOS attack-LOIC-UDP,DDOS attack-LOIC-UDP,True,1,Tot Fwd Pkts,totfwdpkts,9.258017539978027,9.258017539978027
219679,DDOS attack-LOIC-UDP,DDOS attack-LOIC-UDP,True,1,Tot Fwd Pkts,totfwdpkts,9.291028022766113,9.291028022766113
251124,DDOS attack-LOIC-UDP,DDOS attack-LOIC-UDP,True,1,Tot Fwd Pkts,totfwdpkts,9.060590744018555,9.060590744018555
252162,DDOS attack-LOIC-UDP,DDOS attack-LOIC-UDP,True,1,Tot Fwd Pkts,totfwdpkts,9.268933296203613,9.268933296203613
274707,DDOS attack-LOIC-UDP,DDOS attack-LOIC-UDP,True,1,Tot Fwd Pkts,totfwdpkts,9.169410705566406,9.169410705566406
281156,DDOS attack-LOIC-UDP,DDOS attack-LOIC-UDP,True,1,Tot Fwd Pkts,totfwdpkts,9.27892017364502,9.27892017364502
287792,DDOS attack-LOIC-UDP,DDOS attack-LOIC-UDP,True,1,Tot Fwd Pkts,totfwdpkts,9.237502098083496,9.237502098083496
294997,DDOS attack-LOIC-UDP,DDOS attack-LOIC-UDP,True,1,Tot Fwd Pkts,totfwdpkts,9.276777267456055,9.276777267456055
349516,DDOS attack-LOIC-UDP,DDOS attack-LOIC-UDP,True,1,Tot Fwd Pkts,totfwdpkts,9.167908668518066,9.167908668518066
364922,DDOS attack-LOIC-UDP,DDOS attack-LOIC-UDP,True,1,Tot Fwd Pkts,totfwdpkts,9.107443809509277,9.107443809509277
376923,DDOS attack-LOIC-UDP,DDOS attack-LOIC-UDP,True,1,Tot Fwd Pkts,totfwdpkts,9.089706420898438,9.089706420898438
378868,DDOS attack-LOIC-UDP,DDOS attack-LOIC-UDP,True,1,Tot Fwd Pkts,totfwdpkts,9.197151184082031,9.197151184082031
379323,DDOS attack-LOIC-UDP,DDOS attack-LOIC-UDP,True,1,Tot Fwd Pkts,totfwdpkts,9.11889934539795,9.11889934539795
381582,DDOS attack-LOIC-UDP,DDOS attack-LOIC-UDP,True,1,Tot Fwd Pkts,totfwdpkts,9.26645278930664,9.26645278930664
384140,DDOS attack-LOIC-UDP,DDOS attack-LOIC-UDP,True,1,Tot Fwd Pkts,totfwdpkts,9.21723461151123,9.21723461151123
398799,DDOS attack-LOIC-UDP,DDOS attack-LOIC-UDP,True,1,Tot Fwd Pkts,totfwdpkts,9.104100227355957,9.104100227355957
400457,DDOS attack-LOIC-UDP,DDOS attack-LOIC-UDP,True,1,Tot Fwd Pkts,totfwdpkts,9.088086128234863,9.088086128234863
412307,DDOS attack-LOIC-UDP,DDOS attack-LOIC-UDP,True,1,Tot Fwd Pkts,totfwdpkts,9.11889934539795,9.11889934539795
419496,DDOS attack-LOIC-UDP,DDOS attack-LOIC-UDP,True,1,Tot Fwd Pkts,totfwdpkts,9.176969528198242,9.176969528198242
421353,DDOS attack-LOIC-UDP,DDOS attack-LOIC-UDP,True,1,Tot Fwd Pkts,totfwdpkts,9.282940864562988,9.282940864562988
424072,DDOS attack-LOIC-UDP,DDOS attack-LOIC-UDP,True,1,Tot Fwd Pkts,totfwdpkts,9.093091011047363,9.093091011047363
452004,DDOS attack-LOIC-UDP,DDOS attack-LOIC-UDP,True,1,Tot Fwd Pkts,totfwdpkts,9.114975929260254,9.114975929260254
453905,DDOS attack-LOIC-UDP,DDOS attack-LOIC-UDP,True,1,Tot Fwd Pkts,totfwdpkts,9.119902610778809,9.119902610778809
464247,DDOS attack-LOIC-UDP,DDOS attack-LOIC-UDP,True,1,Tot Fwd Pkts,totfwdpkts,8.896868705749512,8.896868705749512
468192,DDOS attack-LOIC-UDP,DDOS attack-LOIC-UDP,True,1,Tot Fwd Pkts,totfwdpkts,9.17119026184082,9.17119026184082
468943,DDOS attack-LOIC-UDP,DDOS attack-LOIC-UDP,True,1,Tot Fwd Pkts,totfwdpkts,9.208375930786133,9.208375930786133
476835,DDOS attack-LOIC-UDP,DDOS attack-LOIC-UDP,True,1,Tot Fwd Pkts,totfwdpkts,9.222627639770508,9.222627639770508
486614,DDOS attack-LOIC-UDP,DDOS attack-LOIC-UDP,True,1,Tot Fwd Pkts,totfwdpkts,9.202376365661621,9.202376365661621
487263,DDOS attack-LOIC-UDP,DDOS attack-LOIC-UDP,True,1,Tot Fwd Pkts,totfwdpkts,9.204984664916992,9.204984664916992
490210,DDOS attack-LOIC-UDP,DDOS attack-LOIC-UDP,True,1,Tot Fwd Pkts,totfwdpkts,9.191041946411133,9.191041946411133
491728,DDOS attack-LOIC-UDP,DDOS attack-LOIC-UDP,True,1,Tot Fwd Pkts,totfwdpkts,9.102168083190918,9.102168083190918
492815,DDOS attack-LOIC-UDP,DDOS attack-LOIC-UDP,True,1,Tot Fwd Pkts,totfwdpkts,9.263715744018555,9.263715744018555
492969,DDOS attack-LOIC-UDP,DDOS attack-LOIC-UDP,True,1,Tot Fwd Pkts,totfwdpkts,9.17442798614502,9.17442798614502
493029,DDOS attack-LOIC-UDP,DDOS attack-LOIC-UDP,True,1,Tot Fwd Pkts,totfwdpkts,9.078644752502441,9.078644752502441
495050,DDOS attack-LOIC-UDP,DDOS attack-LOIC-UDP,True,1,Tot Fwd Pkts,totfwdpkts,9.088582992553711,9.088582992553711
497795,DDOS attack-LOIC-UDP,DDOS attack-LOIC-UDP,True,1,Tot Fwd Pkts,totfwdpkts,9.086962699890137,9.086962699890137
517575,DDOS attack-LOIC-UDP,DDOS attack-LOIC-UDP,True,1,Tot Fwd Pkts,totfwdpkts,9.121346473693848,9.121346473693848
517942,DDOS attack-LOIC-UDP,DDOS attack-LOIC-UDP,True,1,Tot Fwd Pkts,totfwdpkts,9.256209373474121,9.256209373474121
528023,DDOS attack-LOIC-UDP,DDOS attack-LOIC-UDP,True,1,Tot Fwd Pkts,totfwdpkts,9.237722396850586,9.237722396850586
530571,DDOS attack-LOIC-UDP,DDOS attack-LOIC-UDP,True,1,Tot Fwd Pkts,totfwdpkts,9.053339004516602,9.053339004516602
533710,DDOS attack-LOIC-UDP,DDOS attack-LOIC-UDP,True,1,Tot Fwd Pkts,totfwdpkts,9.22907543182373,9.22907543182373
535137,DDOS attack-LOIC-UDP,DDOS attack-LOIC-UDP,True,1,Tot Fwd Pkts,totfwdpkts,9.305037498474121,9.305037498474121
537029,DDOS attack-LOIC-UDP,DDOS attack-LOIC-UDP,True,1,Tot Fwd Pkts,totfwdpkts,9.21723461151123,9.21723461151123
548625,DDOS attack-LOIC-UDP,DDOS attack-LOIC-UDP,True,1,Tot Fwd Pkts,totfwdpkts,9.191041946411133,9.191041946411133
564613,DDOS attack-LOIC-UDP,DDOS attack-LOIC-UDP,True,1,Tot Fwd Pkts,totfwdpkts,9.162820816040039,9.162820816040039
567075,DDOS attack-LOIC-UDP,DDOS attack-LOIC-UDP,True,1,Tot Fwd Pkts,totfwdpkts,9.086795806884766,9.086795806884766
584763,DDOS attack-LOIC-UDP,DDOS attack-LOIC-UDP,True,1,Tot Fwd Pkts,totfwdpkts,9.072516441345215,9.072516441345215
590730,DDOS attack-LOIC-UDP,DDOS attack-LOIC-UDP,True,1,Tot Fwd Pkts,totfwdpkts,9.186006546020508,9.186006546020508
600283,DDOS attack-LOIC-UDP,DDOS attack-LOIC-UDP,True,1,Tot Fwd Pkts,totfwdpkts,9.117793083190918,9.117793083190918
602757,DDOS attack-LOIC-UDP,DDoS attacks-LOIC-HTTP,False,1,Fwd IAT Tot,fwdiattot,4.308346271514893,4.308346271514893
607812,DDOS attack-LOIC-UDP,DDOS attack-LOIC-UDP,True,1,Tot Fwd Pkts,totfwdpkts,9.230573654174805,9.230573654174805
615012,DDOS attack-LOIC-UDP,DDOS attack-LOIC-UDP,True,1,Tot Fwd Pkts,totfwdpkts,9.296125411987305,9.296125411987305
620068,DDOS attack-LOIC-UDP,DDOS attack-LOIC-UDP,True,1,Tot Fwd Pkts,totfwdpkts,9.233717918395996,9.233717918395996
622113,DDOS attack-LOIC-UDP,DDOS attack-LOIC-UDP,True,1,Tot Fwd Pkts,totfwdpkts,9.268933296203613,9.268933296203613
626359,DDOS attack-LOIC-UDP,DDOS attack-LOIC-UDP,True,1,Tot Fwd Pkts,totfwdpkts,9.151493072509766,9.151493072509766
639271,DDOS attack-LOIC-UDP,DDOS attack-LOIC-UDP,True,1,Tot Fwd Pkts,totfwdpkts,9.12036418914795,9.12036418914795
644516,DDOS attack-LOIC-UDP,DDOS attack-LOIC-UDP,True,1,Tot Fwd Pkts,totfwdpkts,9.086905479431152,9.086905479431152
645970,DDOS attack-LOIC-UDP,DDOS attack-LOIC-UDP,True,1,Tot Fwd Pkts,totfwdpkts,9.208375930786133,9.208375930786133
646159,DDOS attack-LOIC-UDP,DDOS attack-LOIC-UDP,True,1,Tot Fwd Pkts,totfwdpkts,9.193414688110352,9.193414688110352
654258,DDOS attack-LOIC-UDP,DDOS attack-LOIC-UDP,True,1,Tot Fwd Pkts,totfwdpkts,9.088086128234863,9.088086128234863
665523,DDOS attack-LOIC-UDP,DDOS attack-LOIC-UDP,True,1,Tot Fwd Pkts,totfwdpkts,9.185993194580078,9.185993194580078
672393,DDOS attack-LOIC-UDP,DDOS attack-LOIC-UDP,True,1,Tot Fwd Pkts,totfwdpkts,9.145170211791992,9.145170211791992
677076,DDOS attack-LOIC-UDP,DDOS attack-LOIC-UDP,True,1,Tot Fwd Pkts,totfwdpkts,9.277148246765137,9.277148246765137
686093,DDOS attack-LOIC-UDP,DDOS attack-LOIC-UDP,True,1,Tot Fwd Pkts,totfwdpkts,9.166780471801758,9.166780471801758
687064,DDOS attack-LOIC-UDP,DDOS attack-LOIC-UDP,True,1,Tot Fwd Pkts,totfwdpkts,9.279244422912598,9.279244422912598
691842,DDOS attack-LOIC-UDP,DDOS attack-LOIC-UDP,True,1,Tot Fwd Pkts,totfwdpkts,9.102301597595215,9.102301597595215
692514,DDOS attack-LOIC-UDP,DDOS attack-LOIC-UDP,True,1,Tot Fwd Pkts,totfwdpkts,9.195466995239258,9.195466995239258
7748,DDoS attacks-LOIC-HTTP,DDoS attacks-LOIC-HTTP,True,1,Fwd Pkts/s,fwdpktss,1.3529576063156128,1.3529576063156128
10519,DDoS attacks-LOIC-HTTP,DDoS attacks-LOIC-HTTP,True,1,Init Fwd Win Byts,initfwdwinbyts,1.7163792848587036,1.7163792848587036
29392,DDoS attacks-LOIC-HTTP,DDoS attacks-LOIC-HTTP,True,1,Fwd Pkts/s,fwdpktss,1.3554672002792358,1.3554672002792358
38545,DDoS attacks-LOIC-HTTP,DDoS attacks-LOIC-HTTP,True,1,Init Fwd Win Byts,initfwdwinbyts,1.7299984693527222,1.7299984693527222
38819,DDoS attacks-LOIC-HTTP,DDoS attacks-LOIC-HTTP,True,1,Fwd Pkts/s,fwdpktss,1.3531405925750732,1.3531405925750732
46253,DDoS attacks-LOIC-HTTP,DDoS attacks-LOIC-HTTP,True,1,Fwd IAT Std,fwdiatstd,1.6462289094924927,1.6462289094924927
49548,DDoS attacks-LOIC-HTTP,DDoS attacks-LOIC-HTTP,True,1,Bwd Pkt Len Std,bwdpktlenstd,1.423289179801941,1.423289179801941
52573,DDoS attacks-LOIC-HTTP,DDoS attacks-LOIC-HTTP,True,1,Init Fwd Win Byts,initfwdwinbyts,1.7161937952041626,1.7161937952041626
53471,DDoS attacks-LOIC-HTTP,DDoS attacks-LOIC-HTTP,True,1,Init Fwd Win Byts,initfwdwinbyts,1.7163792848587036,1.7163792848587036
80739,DDoS attacks-LOIC-HTTP,DDoS attacks-LOIC-HTTP,True,1,Bwd Pkt Len Std,bwdpktlenstd,1.3194947242736816,1.3194947242736816
83455,DDoS attacks-LOIC-HTTP,DDoS attacks-LOIC-HTTP,True,1,Fwd Pkts/s,fwdpktss,1.3529576063156128,1.3529576063156128
89524,DDoS attacks-LOIC-HTTP,DDoS attacks-LOIC-HTTP,True,1,Fwd Pkts/s,fwdpktss,1.3529146909713745,1.3529146909713745
99090,DDoS attacks-LOIC-HTTP,DDoS attacks-LOIC-HTTP,True,1,Init Fwd Win Byts,initfwdwinbyts,1.7299984693527222,1.7299984693527222
100887,DDoS attacks-LOIC-HTTP,DDoS attacks-LOIC-HTTP,True,1,Bwd Pkt Len Std,bwdpktlenstd,1.3460053205490112,1.3460053205490112
107653,DDoS attacks-LOIC-HTTP,DDoS attacks-LOIC-HTTP,True,1,Fwd Pkts/s,fwdpktss,1.3557461500167847,1.3557461500167847
114761,DDoS attacks-LOIC-HTTP,DDoS attacks-LOIC-HTTP,True,1,Bwd Pkt Len Std,bwdpktlenstd,1.3460040092468262,1.3460040092468262
116210,DDoS attacks-LOIC-HTTP,DDoS attacks-LOIC-HTTP,True,1,Init Fwd Win Byts,initfwdwinbyts,1.7182388305664062,1.7182388305664062
120901,DDoS attacks-LOIC-HTTP,DDoS attacks-LOIC-HTTP,True,1,Fwd Pkts/s,fwdpktss,1.3529576063156128,1.3529576063156128
139701,DDoS attacks-LOIC-HTTP,DDoS attacks-LOIC-HTTP,True,1,Init Fwd Win Byts,initfwdwinbyts,2.7167317867279053,2.7167317867279053
145300,DDoS attacks-LOIC-HTTP,DDoS attacks-LOIC-HTTP,True,1,Init Fwd Win Byts,initfwdwinbyts,1.7570081949234009,1.7570081949234009
167214,DDoS attacks-LOIC-HTTP,DDoS attacks-LOIC-HTTP,True,1,Init Fwd Win Byts,initfwdwinbyts,1.7570081949234009,1.7570081949234009
171578,DDoS attacks-LOIC-HTTP,DDoS attacks-LOIC-HTTP,True,1,Init Fwd Win Byts,initfwdwinbyts,1.7570081949234009,1.7570081949234009
188081,DDoS attacks-LOIC-HTTP,DDoS attacks-LOIC-HTTP,True,1,Bwd Pkt Len Std,bwdpktlenstd,1.3460053205490112,1.3460053205490112
196189,DDoS attacks-LOIC-HTTP,DDoS attacks-LOIC-HTTP,True,1,Fwd Pkts/s,fwdpktss,1.352914571762085,1.352914571762085
217416,DDoS attacks-LOIC-HTTP,DDoS attacks-LOIC-HTTP,True,1,Init Fwd Win Byts,initfwdwinbyts,1.7299984693527222,1.7299984693527222
219538,DDoS attacks-LOIC-HTTP,DDoS attacks-LOIC-HTTP,True,1,Init Fwd Win Byts,initfwdwinbyts,1.7182388305664062,1.7182388305664062
219843,DDoS attacks-LOIC-HTTP,DDoS attacks-LOIC-HTTP,True,1,Init Fwd Win Byts,initfwdwinbyts,1.7299984693527222,1.7299984693527222
230269,DDoS attacks-LOIC-HTTP,DDoS attacks-LOIC-HTTP,True,1,Init Fwd Win Byts,initfwdwinbyts,1.7299984693527222,1.7299984693527222
233436,DDoS attacks-LOIC-HTTP,DDoS attacks-LOIC-HTTP,True,1,Fwd Pkts/s,fwdpktss,1.3529576063156128,1.3529576063156128
233539,DDoS attacks-LOIC-HTTP,DDoS attacks-LOIC-HTTP,True,1,Bwd Pkt Len Std,bwdpktlenstd,1.3193596601486206,1.3193596601486206
252296,DDoS attacks-LOIC-HTTP,DDoS attacks-LOIC-HTTP,True,1,Bwd Pkt Len Std,bwdpktlenstd,1.423289179801941,1.423289179801941
255405,DDoS attacks-LOIC-HTTP,DDoS attacks-LOIC-HTTP,True,1,Fwd Pkts/s,fwdpktss,1.3531405925750732,1.3531405925750732
260644,DDoS attacks-LOIC-HTTP,DDoS attacks-LOIC-HTTP,True,1,Init Fwd Win Byts,initfwdwinbyts,1.7163792848587036,1.7163792848587036
268520,DDoS attacks-LOIC-HTTP,DDoS attacks-LOIC-HTTP,True,1,Init Fwd Win Byts,initfwdwinbyts,1.7299984693527222,1.7299984693527222
271368,DDoS attacks-LOIC-HTTP,DDoS attacks-LOIC-HTTP,True,1,Fwd Pkts/s,fwdpktss,1.3529133796691895,1.3529133796691895
274792,DDoS attacks-LOIC-HTTP,DDoS attacks-LOIC-HTTP,True,1,Init Fwd Win Byts,initfwdwinbyts,1.754103183746338,1.754103183746338
290172,DDoS attacks-LOIC-HTTP,DDoS attacks-LOIC-HTTP,True,1,Bwd Pkt Len Std,bwdpktlenstd,1.3460040092468262,1.3460040092468262
292109,DDoS attacks-LOIC-HTTP,DDoS attacks-LOIC-HTTP,True,1,Init Fwd Win Byts,initfwdwinbyts,1.7134301662445068,1.7134301662445068
297101,DDoS attacks-LOIC-HTTP,DDoS attacks-LOIC-HTTP,True,1,Init Fwd Win Byts,initfwdwinbyts,1.7648736238479614,1.7648736238479614
305302,DDoS attacks-LOIC-HTTP,DDoS attacks-LOIC-HTTP,True,1,Fwd Pkts/s,fwdpktss,1.355582356452942,1.355582356452942
314362,DDoS attacks-LOIC-HTTP,DDoS attacks-LOIC-HTTP,True,1,Fwd Pkts/s,fwdpktss,1.3554683923721313,1.3554683923721313
315034,DDoS attacks-LOIC-HTTP,DDoS attacks-LOIC-HTTP,True,1,Init Fwd Win Byts,initfwdwinbyts,1.7301090955734253,1.7301090955734253
326940,DDoS attacks-LOIC-HTTP,DDoS attacks-LOIC-HTTP,True,1,Fwd Pkts/s,fwdpktss,1.3529576063156128,1.3529576063156128
340220,DDoS attacks-LOIC-HTTP,DDoS attacks-LOIC-HTTP,True,1,Fwd Pkts/s,fwdpktss,1.352914571762085,1.352914571762085
344706,DDoS attacks-LOIC-HTTP,DDoS attacks-LOIC-HTTP,True,1,Fwd Pkts/s,fwdpktss,1.3529576063156128,1.3529576063156128
350054,DDoS attacks-LOIC-HTTP,DDoS attacks-LOIC-HTTP,True,1,Init Fwd Win Byts,initfwdwinbyts,1.7648736238479614,1.7648736238479614
351029,DDoS attacks-LOIC-HTTP,DDoS attacks-LOIC-HTTP,True,1,Fwd Pkts/s,fwdpktss,1.3531417846679688,1.3531417846679688
351085,DDoS attacks-LOIC-HTTP,DDoS attacks-LOIC-HTTP,True,1,Init Fwd Win Byts,initfwdwinbyts,1.7570081949234009,1.7570081949234009
354554,DDoS attacks-LOIC-HTTP,DDoS attacks-LOIC-HTTP,True,1,Bwd Pkt Len Std,bwdpktlenstd,1.319359540939331,1.319359540939331
357321,DDoS attacks-LOIC-HTTP,DDoS attacks-LOIC-HTTP,True,1,Init Fwd Win Byts,initfwdwinbyts,1.7162903547286987,1.7162903547286987
361757,DDoS attacks-LOIC-HTTP,DDoS attacks-LOIC-HTTP,True,1,Fwd IAT Std,fwdiatstd,1.6460517644882202,1.6460517644882202
362480,DDoS attacks-LOIC-HTTP,DDoS attacks-LOIC-HTTP,True,1,Init Fwd Win Byts,initfwdwinbyts,2.7167317867279053,2.7167317867279053
366587,DDoS attacks-LOIC-HTTP,DDoS attacks-LOIC-HTTP,True,1,Fwd Pkts/s,fwdpktss,1.3529576063156128,1.3529576063156128
366950,DDoS attacks-LOIC-HTTP,DDoS attacks-LOIC-HTTP,True,1,Init Fwd Win Byts,initfwdwinbyts,1.7162903547286987,1.7162903547286987
388932,DDoS attacks-LOIC-HTTP,DDoS attacks-LOIC-HTTP,True,1,Init Fwd Win Byts,initfwdwinbyts,1.7570081949234009,1.7570081949234009
389856,DDoS attacks-LOIC-HTTP,DDoS attacks-LOIC-HTTP,True,1,Fwd Pkts/s,fwdpktss,1.3529576063156128,1.3529576063156128
394969,DDoS attacks-LOIC-HTTP,DDoS attacks-LOIC-HTTP,True,1,Init Fwd Win Byts,initfwdwinbyts,1.7163792848587036,1.7163792848587036
419962,DDoS attacks-LOIC-HTTP,DDoS attacks-LOIC-HTTP,True,1,Bwd Pkt Len Std,bwdpktlenstd,1.3193583488464355,1.3193583488464355
437233,DDoS attacks-LOIC-HTTP,DDoS attacks-LOIC-HTTP,True,1,Init Fwd Win Byts,initfwdwinbyts,1.7162903547286987,1.7162903547286987
448252,DDoS attacks-LOIC-HTTP,DDoS attacks-LOIC-HTTP,True,1,Fwd Pkts/s,fwdpktss,1.3554397821426392,1.3554397821426392
455485,DDoS attacks-LOIC-HTTP,DDoS attacks-LOIC-HTTP,True,1,Init Fwd Win Byts,initfwdwinbyts,1.7299984693527222,1.7299984693527222
467300,DDoS attacks-LOIC-HTTP,DDoS attacks-LOIC-HTTP,True,1,Init Fwd Win Byts,initfwdwinbyts,1.7301090955734253,1.7301090955734253
472033,DDoS attacks-LOIC-HTTP,DDoS attacks-LOIC-HTTP,True,1,Fwd Pkts/s,fwdpktss,1.352372407913208,1.352372407913208
480439,DDoS attacks-LOIC-HTTP,DDoS attacks-LOIC-HTTP,True,1,Fwd Pkts/s,fwdpktss,1.3529014587402344,1.3529014587402344
492289,DDoS attacks-LOIC-HTTP,DDoS attacks-LOIC-HTTP,True,1,Init Fwd Win Byts,initfwdwinbyts,1.7301090955734253,1.7301090955734253
492654,DDoS attacks-LOIC-HTTP,DDoS attacks-LOIC-HTTP,True,1,Bwd Pkt Len Std,bwdpktlenstd,1.423289179801941,1.423289179801941
494591,DDoS attacks-LOIC-HTTP,DDoS attacks-LOIC-HTTP,True,1,Init Fwd Win Byts,initfwdwinbyts,1.7162903547286987,1.7162903547286987
496507,DDoS attacks-LOIC-HTTP,DDoS attacks-LOIC-HTTP,True,1,Bwd Pkt Len Std,bwdpktlenstd,1.3194624185562134,1.3194624185562134
508789,DDoS attacks-LOIC-HTTP,DDoS attacks-LOIC-HTTP,True,1,Fwd Pkts/s,fwdpktss,1.3556528091430664,1.3556528091430664
510541,DDoS attacks-LOIC-HTTP,DDoS attacks-LOIC-HTTP,True,1,Init Fwd Win Byts,initfwdwinbyts,1.7299984693527222,1.7299984693527222
512845,DDoS attacks-LOIC-HTTP,DDoS attacks-LOIC-HTTP,True,1,Fwd IAT Std,fwdiatstd,1.4570305347442627,1.4570305347442627
517332,DDoS attacks-LOIC-HTTP,DDoS attacks-LOIC-HTTP,True,1,Init Fwd Win Byts,initfwdwinbyts,1.7134301662445068,1.7134301662445068
525060,DDoS attacks-LOIC-HTTP,DDoS attacks-LOIC-HTTP,True,1,Fwd Pkts/s,fwdpktss,1.3531405925750732,1.3531405925750732
527593,DDoS attacks-LOIC-HTTP,DDoS attacks-LOIC-HTTP,True,1,Fwd Pkts/s,fwdpktss,1.3677127361297607,1.3677127361297607
537684,DDoS attacks-LOIC-HTTP,DDoS attacks-LOIC-HTTP,True,1,Init Fwd Win Byts,initfwdwinbyts,1.7134301662445068,1.7134301662445068
538574,DDoS attacks-LOIC-HTTP,DDoS attacks-LOIC-HTTP,True,1,Fwd Pkts/s,fwdpktss,1.3522802591323853,1.3522802591323853
556808,DDoS attacks-LOIC-HTTP,DDoS attacks-LOIC-HTTP,True,1,Init Fwd Win Byts,initfwdwinbyts,1.7301090955734253,1.7301090955734253
558833,DDoS attacks-LOIC-HTTP,DDoS attacks-LOIC-HTTP,True,1,Init Fwd Win Byts,initfwdwinbyts,1.756964087486267,1.756964087486267
562679,DDoS attacks-LOIC-HTTP,DDoS attacks-LOIC-HTTP,True,1,Bwd Pkt Len Std,bwdpktlenstd,3.8106582164764404,3.8106582164764404
572685,DDoS attacks-LOIC-HTTP,DDoS attacks-LOIC-HTTP,True,1,Init Fwd Win Byts,initfwdwinbyts,1.7299984693527222,1.7299984693527222
576482,DDoS attacks-LOIC-HTTP,DDoS attacks-LOIC-HTTP,True,1,Fwd Pkts/s,fwdpktss,1.3530510663986206,1.3530510663986206
583558,DDoS attacks-LOIC-HTTP,DDoS attacks-LOIC-HTTP,True,1,Init Fwd Win Byts,initfwdwinbyts,1.7301090955734253,1.7301090955734253
583568,DDoS attacks-LOIC-HTTP,DDoS attacks-LOIC-HTTP,True,1,Fwd Pkts/s,fwdpktss,1.3531417846679688,1.3531417846679688
585385,DDoS attacks-LOIC-HTTP,DDoS attacks-LOIC-HTTP,True,1,Init Fwd Win Byts,initfwdwinbyts,1.7182388305664062,1.7182388305664062
586631,DDoS attacks-LOIC-HTTP,DDoS attacks-LOIC-HTTP,True,1,Fwd Pkts/s,fwdpktss,1.3530510663986206,1.3530510663986206
587899,DDoS attacks-LOIC-HTTP,DDoS attacks-LOIC-HTTP,True,1,Bwd Pkt Len Std,bwdpktlenstd,1.319359540939331,1.319359540939331
592051,DDoS attacks-LOIC-HTTP,DDoS attacks-LOIC-HTTP,True,1,Bwd Pkt Len Std,bwdpktlenstd,1.3193254470825195,1.3193254470825195
596858,DDoS attacks-LOIC-HTTP,DDoS attacks-LOIC-HTTP,True,1,Init Fwd Win Byts,initfwdwinbyts,1.7182388305664062,1.7182388305664062
605684,DDoS attacks-LOIC-HTTP,DDoS attacks-LOIC-HTTP,True,1,Bwd Pkt Len Std,bwdpktlenstd,1.3193254470825195,1.3193254470825195
618009,DDoS attacks-LOIC-HTTP,DDoS attacks-LOIC-HTTP,True,1,Bwd Pkt Len Std,bwdpktlenstd,1.3193254470825195,1.3193254470825195
630149,DDoS attacks-LOIC-HTTP,DDoS attacks-LOIC-HTTP,True,1,Bwd Pkt Len Std,bwdpktlenstd,1.3461403846740723,1.3461403846740723
642614,DDoS attacks-LOIC-HTTP,DDoS attacks-LOIC-HTTP,True,1,Fwd Pkts/s,fwdpktss,1.3529133796691895,1.3529133796691895
643225,DDoS attacks-LOIC-HTTP,DDoS attacks-LOIC-HTTP,True,1,Init Fwd Win Byts,initfwdwinbyts,1.7299984693527222,1.7299984693527222
647051,DDoS attacks-LOIC-HTTP,DDoS attacks-LOIC-HTTP,True,1,Fwd Pkts/s,fwdpktss,1.3529146909713745,1.3529146909713745
669243,DDoS attacks-LOIC-HTTP,DDoS attacks-LOIC-HTTP,True,1,Bwd Pkt Len Std,bwdpktlenstd,1.319481372833252,1.319481372833252
669304,DDoS attacks-LOIC-HTTP,DDoS attacks-LOIC-HTTP,True,1,Bwd Pkt Len Std,bwdpktlenstd,1.701264500617981,1.701264500617981
670823,DDoS attacks-LOIC-HTTP,DDoS attacks-LOIC-HTTP,True,1,Init Fwd Win Byts,initfwdwinbyts,1.7182388305664062,1.7182388305664062
691963,DDoS attacks-LOIC-HTTP,DDoS attacks-LOIC-HTTP,True,1,Init Fwd Win Byts,initfwdwinbyts,1.754103183746338,1.754103183746338
692894,DDoS attacks-LOIC-HTTP,DDoS attacks-LOIC-HTTP,True,1,Fwd Pkts/s,fwdpktss,1.3678004741668701,1.3678004741668701
696098,DDoS attacks-LOIC-HTTP,DDoS attacks-LOIC-HTTP,True,1,Fwd Pkts/s,fwdpktss,1.3530510663986206,1.3530510663986206
3348,DoS attacks-GoldenEye,DoS attacks-GoldenEye,True,1,Fwd Seg Size Min,fwdsegsizemin,7.9817094802856445,7.9817094802856445
3758,DoS attacks-GoldenEye,DoS attacks-GoldenEye,True,1,Fwd Seg Size Min,fwdsegsizemin,8.899114608764648,8.899114608764648
5725,DoS attacks-GoldenEye,DoS attacks-GoldenEye,True,1,Fwd Seg Size Min,fwdsegsizemin,6.629592418670654,6.629592418670654
29800,DoS attacks-GoldenEye,DoS attacks-GoldenEye,True,1,Fwd Seg Size Min,fwdsegsizemin,7.992969989776611,7.992969989776611
32898,DoS attacks-GoldenEye,DoS attacks-GoldenEye,True,1,Fwd Seg Size Min,fwdsegsizemin,7.606481075286865,7.606481075286865
40108,DoS attacks-GoldenEye,DoS attacks-GoldenEye,True,1,Fwd Seg Size Min,fwdsegsizemin,8.911858558654785,8.911858558654785
40430,DoS attacks-GoldenEye,DoS attacks-GoldenEye,True,1,Fwd Seg Size Min,fwdsegsizemin,8.10003662109375,8.10003662109375
43950,DoS attacks-GoldenEye,DoS attacks-GoldenEye,True,1,Fwd Seg Size Min,fwdsegsizemin,7.994130611419678,7.994130611419678
53429,DoS attacks-GoldenEye,DoS attacks-GoldenEye,True,1,Fwd Seg Size Min,fwdsegsizemin,7.994130611419678,7.994130611419678
53986,DoS attacks-GoldenEye,DoS attacks-GoldenEye,True,1,Fwd Seg Size Min,fwdsegsizemin,8.052787780761719,8.052787780761719
60849,DoS attacks-GoldenEye,DoS attacks-GoldenEye,True,1,Fwd Seg Size Min,fwdsegsizemin,8.040366172790527,8.040366172790527
72213,DoS attacks-GoldenEye,DoS attacks-GoldenEye,True,1,Fwd Seg Size Min,fwdsegsizemin,8.092338562011719,8.092338562011719
75008,DoS attacks-GoldenEye,DoS attacks-GoldenEye,True,1,Fwd Seg Size Min,fwdsegsizemin,9.065526008605957,9.065526008605957
76779,DoS attacks-GoldenEye,DoS attacks-GoldenEye,True,1,Fwd Seg Size Min,fwdsegsizemin,7.269863605499268,7.269863605499268
79343,DoS attacks-GoldenEye,DoS attacks-GoldenEye,True,1,Fwd Seg Size Min,fwdsegsizemin,8.94646167755127,8.94646167755127
88215,DoS attacks-GoldenEye,DoS attacks-GoldenEye,True,1,Fwd Seg Size Min,fwdsegsizemin,8.938745498657227,8.938745498657227
107991,DoS attacks-GoldenEye,DoS attacks-GoldenEye,True,1,Fwd Seg Size Min,fwdsegsizemin,7.994130611419678,7.994130611419678
150198,DoS attacks-GoldenEye,DoS attacks-GoldenEye,True,1,Fwd Seg Size Min,fwdsegsizemin,9.06397533416748,9.06397533416748
162254,DoS attacks-GoldenEye,DoS attacks-GoldenEye,True,1,Fwd Seg Size Min,fwdsegsizemin,8.796587944030762,8.796587944030762
162611,DoS attacks-GoldenEye,DoS attacks-GoldenEye,True,1,Fwd Seg Size Min,fwdsegsizemin,7.273813724517822,7.273813724517822
163878,DoS attacks-GoldenEye,DoS attacks-GoldenEye,True,1,Fwd Seg Size Min,fwdsegsizemin,7.669044017791748,7.669044017791748
166887,DoS attacks-GoldenEye,DoS attacks-GoldenEye,True,1,Fwd Seg Size Min,fwdsegsizemin,7.994130611419678,7.994130611419678
186573,DoS attacks-GoldenEye,DoS attacks-GoldenEye,True,1,Fwd Seg Size Min,fwdsegsizemin,7.684100151062012,7.684100151062012
196912,DoS attacks-GoldenEye,DoS attacks-GoldenEye,True,1,Fwd Seg Size Min,fwdsegsizemin,8.910674095153809,8.910674095153809
201056,DoS attacks-GoldenEye,DoS attacks-GoldenEye,True,1,Fwd Seg Size Min,fwdsegsizemin,8.071921348571777,8.071921348571777
207519,DoS attacks-GoldenEye,DoS attacks-GoldenEye,True,1,Fwd Seg Size Min,fwdsegsizemin,8.774779319763184,8.774779319763184
227031,DoS attacks-GoldenEye,DoS attacks-GoldenEye,True,1,Fwd Seg Size Min,fwdsegsizemin,8.099709510803223,8.099709510803223
242004,DoS attacks-GoldenEye,DoS attacks-GoldenEye,True,1,Fwd Seg Size Min,fwdsegsizemin,8.040366172790527,8.040366172790527
259543,DoS attacks-GoldenEye,DoS attacks-GoldenEye,True,1,Fwd Seg Size Min,fwdsegsizemin,8.052787780761719,8.052787780761719
260608,DoS attacks-GoldenEye,DoS attacks-GoldenEye,True,1,Fwd Seg Size Min,fwdsegsizemin,7.639650821685791,7.639650821685791
268945,DoS attacks-GoldenEye,DoS attacks-GoldenEye,True,1,Fwd Seg Size Min,fwdsegsizemin,8.052787780761719,8.052787780761719
276244,DoS attacks-GoldenEye,DoS attacks-GoldenEye,True,1,Fwd Seg Size Min,fwdsegsizemin,7.661354064941406,7.661354064941406
284611,DoS attacks-GoldenEye,DoS attacks-GoldenEye,True,1,Fwd Seg Size Min,fwdsegsizemin,8.791013717651367,8.791013717651367
286041,DoS attacks-GoldenEye,DoS attacks-GoldenEye,True,1,Fwd Seg Size Min,fwdsegsizemin,7.994130611419678,7.994130611419678
302037,DoS attacks-GoldenEye,DoS attacks-GoldenEye,True,1,Fwd Seg Size Min,fwdsegsizemin,7.986954212188721,7.986954212188721
308023,DoS attacks-GoldenEye,DoS attacks-GoldenEye,True,1,Fwd Seg Size Min,fwdsegsizemin,8.897629737854004,8.897629737854004
309586,DoS attacks-GoldenEye,DoS attacks-GoldenEye,True,1,Fwd Seg Size Min,fwdsegsizemin,9.039581298828125,9.039581298828125
313855,DoS attacks-GoldenEye,DoS attacks-GoldenEye,True,1,Fwd Seg Size Min,fwdsegsizemin,8.052787780761719,8.052787780761719
320587,DoS attacks-GoldenEye,DoS attacks-GoldenEye,True,1,Fwd Seg Size Min,fwdsegsizemin,8.910674095153809,8.910674095153809
324523,DoS attacks-GoldenEye,DoS attacks-GoldenEye,True,1,Fwd Seg Size Min,fwdsegsizemin,8.925736427307129,8.925736427307129
336776,DoS attacks-GoldenEye,DoS attacks-GoldenEye,True,1,Fwd Seg Size Min,fwdsegsizemin,8.040366172790527,8.040366172790527
344079,DoS attacks-GoldenEye,DoS attacks-GoldenEye,True,1,Fwd Seg Size Min,fwdsegsizemin,8.305087089538574,8.305087089538574
347061,DoS attacks-GoldenEye,DoS attacks-GoldenEye,True,1,Fwd Seg Size Min,fwdsegsizemin,8.800419807434082,8.800419807434082
348046,DoS attacks-GoldenEye,DoS attacks-GoldenEye,True,1,Fwd Seg Size Min,fwdsegsizemin,8.793100357055664,8.793100357055664
355333,DoS attacks-GoldenEye,DoS attacks-GoldenEye,True,1,Fwd Seg Size Min,fwdsegsizemin,8.052787780761719,8.052787780761719
371366,DoS attacks-GoldenEye,DoS attacks-GoldenEye,True,1,Fwd Seg Size Min,fwdsegsizemin,8.040366172790527,8.040366172790527
375076,DoS attacks-GoldenEye,DoS attacks-GoldenEye,True,1,Fwd Seg Size Min,fwdsegsizemin,8.227221488952637,8.227221488952637
380393,DoS attacks-GoldenEye,DoS attacks-GoldenEye,True,1,Fwd Seg Size Min,fwdsegsizemin,8.052787780761719,8.052787780761719
423643,DoS attacks-GoldenEye,DoS attacks-GoldenEye,True,1,Fwd Seg Size Min,fwdsegsizemin,8.00281810760498,8.00281810760498
426361,DoS attacks-GoldenEye,DoS attacks-GoldenEye,True,1,Fwd Seg Size Min,fwdsegsizemin,8.040366172790527,8.040366172790527
432543,DoS attacks-GoldenEye,DoS attacks-GoldenEye,True,1,Fwd Seg Size Min,fwdsegsizemin,8.765175819396973,8.765175819396973
437289,DoS attacks-GoldenEye,DoS attacks-GoldenEye,True,1,Fwd Seg Size Min,fwdsegsizemin,7.553064346313477,7.553064346313477
440197,DoS attacks-GoldenEye,DoS attacks-GoldenEye,True,1,Fwd Seg Size Min,fwdsegsizemin,6.668638229370117,6.668638229370117
446291,DoS attacks-GoldenEye,DoS attacks-GoldenEye,True,1,Fwd Seg Size Min,fwdsegsizemin,8.040602684020996,8.040602684020996
447003,DoS attacks-GoldenEye,DoS attacks-GoldenEye,True,1,Fwd Seg Size Min,fwdsegsizemin,7.532321453094482,7.532321453094482
450511,DoS attacks-GoldenEye,DoS attacks-GoldenEye,True,1,Fwd Seg Size Min,fwdsegsizemin,7.464925765991211,7.464925765991211
452011,DoS attacks-GoldenEye,DoS attacks-GoldenEye,True,1,Fwd Seg Size Min,fwdsegsizemin,8.816003799438477,8.816003799438477
460888,DoS attacks-GoldenEye,DoS attacks-GoldenEye,True,1,Fwd Seg Size Min,fwdsegsizemin,8.29853343963623,8.29853343963623
470183,DoS attacks-GoldenEye,DoS attacks-GoldenEye,True,1,Fwd Seg Size Min,fwdsegsizemin,8.929594039916992,8.929594039916992
485873,DoS attacks-GoldenEye,DoS attacks-GoldenEye,True,1,Fwd Seg Size Min,fwdsegsizemin,8.436965942382812,8.436965942382812
492225,DoS attacks-GoldenEye,DoS attacks-GoldenEye,True,1,Fwd Seg Size Min,fwdsegsizemin,8.971214294433594,8.971214294433594
494957,DoS attacks-GoldenEye,DoS attacks-GoldenEye,True,1,Fwd Seg Size Min,fwdsegsizemin,8.040366172790527,8.040366172790527
499757,DoS attacks-GoldenEye,DoS attacks-GoldenEye,True,1,Fwd Seg Size Min,fwdsegsizemin,8.924943923950195,8.924943923950195
503277,DoS attacks-GoldenEye,DoS attacks-GoldenEye,True,1,Fwd Seg Size Min,fwdsegsizemin,7.9815168380737305,7.9815168380737305
513309,DoS attacks-GoldenEye,DoS attacks-GoldenEye,True,1,Fwd Seg Size Min,fwdsegsizemin,8.00281810760498,8.00281810760498
513502,DoS attacks-GoldenEye,DoS attacks-GoldenEye,True,1,Fwd Seg Size Min,fwdsegsizemin,8.080475807189941,8.080475807189941
514339,DoS attacks-GoldenEye,DoS attacks-GoldenEye,True,1,Fwd Seg Size Min,fwdsegsizemin,8.927809715270996,8.927809715270996
518027,DoS attacks-GoldenEye,DoS attacks-GoldenEye,True,1,Fwd Seg Size Min,fwdsegsizemin,6.669338226318359,6.669338226318359
529287,DoS attacks-GoldenEye,DoS attacks-GoldenEye,True,1,Fwd Seg Size Min,fwdsegsizemin,7.9815168380737305,7.9815168380737305
532430,DoS attacks-GoldenEye,DoS attacks-GoldenEye,True,1,Fwd Seg Size Min,fwdsegsizemin,7.632236957550049,7.632236957550049
533907,DoS attacks-GoldenEye,DoS attacks-GoldenEye,True,1,Fwd Seg Size Min,fwdsegsizemin,8.9119234085083,8.9119234085083
536616,DoS attacks-GoldenEye,DoS attacks-GoldenEye,True,1,Fwd Seg Size Min,fwdsegsizemin,7.9815168380737305,7.9815168380737305
543351,DoS attacks-GoldenEye,DoS attacks-GoldenEye,True,1,Fwd Seg Size Min,fwdsegsizemin,7.659398078918457,7.659398078918457
545858,DoS attacks-GoldenEye,DoS attacks-GoldenEye,True,1,Fwd Seg Size Min,fwdsegsizemin,8.925688743591309,8.925688743591309
552524,DoS attacks-GoldenEye,DoS attacks-GoldenEye,True,1,Fwd Seg Size Min,fwdsegsizemin,8.937582969665527,8.937582969665527
553497,DoS attacks-GoldenEye,DoS attacks-GoldenEye,True,1,Fwd Seg Size Min,fwdsegsizemin,8.052787780761719,8.052787780761719
556549,DoS attacks-GoldenEye,DoS attacks-GoldenEye,True,1,Fwd Seg Size Min,fwdsegsizemin,7.4381818771362305,7.4381818771362305
562652,DoS attacks-GoldenEye,DoS attacks-GoldenEye,True,1,Fwd Seg Size Min,fwdsegsizemin,8.00281810760498,8.00281810760498
568451,DoS attacks-GoldenEye,DoS attacks-GoldenEye,True,1,Fwd Seg Size Min,fwdsegsizemin,9.039239883422852,9.039239883422852
591384,DoS attacks-GoldenEye,DoS attacks-GoldenEye,True,1,Fwd Seg Size Min,fwdsegsizemin,7.327299118041992,7.327299118041992
591719,DoS attacks-GoldenEye,DoS attacks-GoldenEye,True,1,Fwd Seg Size Min,fwdsegsizemin,9.025739669799805,9.025739669799805
597746,DoS attacks-GoldenEye,DoS attacks-GoldenEye,True,1,Fwd Seg Size Min,fwdsegsizemin,8.745718002319336,8.745718002319336
598002,DoS attacks-GoldenEye,DoS attacks-GoldenEye,True,1,Fwd Seg Size Min,fwdsegsizemin,7.993937969207764,7.993937969207764
602155,DoS attacks-GoldenEye,DoS attacks-GoldenEye,True,1,Fwd Seg Size Min,fwdsegsizemin,7.602991580963135,7.602991580963135
603124,DoS attacks-GoldenEye,DoS attacks-GoldenEye,True,1,Fwd Seg Size Min,fwdsegsizemin,8.940409660339355,8.940409660339355
614759,DoS attacks-GoldenEye,DoS attacks-GoldenEye,True,1,Fwd Seg Size Min,fwdsegsizemin,7.6309099197387695,7.6309099197387695
632527,DoS attacks-GoldenEye,DoS attacks-GoldenEye,True,1,Fwd Seg Size Min,fwdsegsizemin,8.052787780761719,8.052787780761719
639924,DoS attacks-GoldenEye,DoS attacks-GoldenEye,True,1,Fwd Seg Size Min,fwdsegsizemin,8.926002502441406,8.926002502441406
646174,DoS attacks-GoldenEye,DoS attacks-GoldenEye,True,1,Fwd Seg Size Min,fwdsegsizemin,7.366846561431885,7.366846561431885
656903,DoS attacks-GoldenEye,DoS attacks-GoldenEye,True,1,Fwd Seg Size Min,fwdsegsizemin,7.637756824493408,7.637756824493408
657608,DoS attacks-GoldenEye,DoS attacks-GoldenEye,True,1,Fwd Seg Size Min,fwdsegsizemin,7.603638648986816,7.603638648986816
660067,DoS attacks-GoldenEye,DoS attacks-GoldenEye,True,1,Fwd Seg Size Min,fwdsegsizemin,7.684100151062012,7.684100151062012
662682,DoS attacks-GoldenEye,DoS attacks-GoldenEye,True,1,Fwd Seg Size Min,fwdsegsizemin,7.685999870300293,7.685999870300293
664067,DoS attacks-GoldenEye,DoS attacks-GoldenEye,True,1,Fwd Seg Size Min,fwdsegsizemin,8.052787780761719,8.052787780761719
664833,DoS attacks-GoldenEye,DoS attacks-GoldenEye,True,1,Fwd Seg Size Min,fwdsegsizemin,9.076594352722168,9.076594352722168
665817,DoS attacks-GoldenEye,DoS attacks-GoldenEye,True,1,Fwd Seg Size Min,fwdsegsizemin,8.1003999710083,8.1003999710083
669393,DoS attacks-GoldenEye,DoS attacks-GoldenEye,True,1,Fwd Seg Size Min,fwdsegsizemin,8.040366172790527,8.040366172790527
673205,DoS attacks-GoldenEye,DoS attacks-GoldenEye,True,1,Fwd Seg Size Min,fwdsegsizemin,9.046919822692871,9.046919822692871
674079,DoS attacks-GoldenEye,DoS attacks-GoldenEye,True,1,Fwd Seg Size Min,fwdsegsizemin,8.053024291992188,8.053024291992188
676976,DoS attacks-GoldenEye,DoS attacks-GoldenEye,True,1,Fwd Seg Size Min,fwdsegsizemin,7.993937969207764,7.993937969207764
931,DoS attacks-Hulk,DoS attacks-Hulk,True,1,Fwd Seg Size Min,fwdsegsizemin,6.524904251098633,6.524904251098633
1127,DoS attacks-Hulk,DoS attacks-Hulk,True,1,Fwd Seg Size Min,fwdsegsizemin,6.524904251098633,6.524904251098633
1170,DoS attacks-Hulk,DoS attacks-Hulk,True,1,Fwd Seg Size Min,fwdsegsizemin,6.524904251098633,6.524904251098633
18251,DoS attacks-Hulk,DoS attacks-Hulk,True,1,Fwd Seg Size Min,fwdsegsizemin,6.294490814208984,6.294490814208984
21378,DoS attacks-Hulk,DoS attacks-Hulk,True,1,Fwd Seg Size Min,fwdsegsizemin,6.524904251098633,6.524904251098633
25360,DoS attacks-Hulk,DoS attacks-Hulk,True,1,Fwd Seg Size Min,fwdsegsizemin,6.524904251098633,6.524904251098633
28922,DoS attacks-Hulk,DoS attacks-Hulk,True,1,Fwd Seg Size Min,fwdsegsizemin,6.524466037750244,6.524466037750244
33407,DoS attacks-Hulk,DoS attacks-Hulk,True,1,Fwd Seg Size Min,fwdsegsizemin,6.524904251098633,6.524904251098633
35939,DoS attacks-Hulk,DoS attacks-Hulk,True,1,Fwd Seg Size Min,fwdsegsizemin,6.524904251098633,6.524904251098633
36121,DoS attacks-Hulk,DoS attacks-Hulk,True,1,Fwd Seg Size Min,fwdsegsizemin,6.524904251098633,6.524904251098633
42554,DoS attacks-Hulk,DoS attacks-Hulk,True,1,Fwd Seg Size Min,fwdsegsizemin,6.523537635803223,6.523537635803223
45968,DoS attacks-Hulk,DoS attacks-Hulk,True,1,Fwd Seg Size Min,fwdsegsizemin,6.524904251098633,6.524904251098633
71707,DoS attacks-Hulk,DoS attacks-Hulk,True,1,Fwd Seg Size Min,fwdsegsizemin,6.524904251098633,6.524904251098633
72438,DoS attacks-Hulk,DoS attacks-Hulk,True,1,Fwd Seg Size Min,fwdsegsizemin,6.524904251098633,6.524904251098633
78174,DoS attacks-Hulk,DoS attacks-Hulk,True,1,Fwd Seg Size Min,fwdsegsizemin,6.295094966888428,6.295094966888428
78418,DoS attacks-Hulk,DoS attacks-Hulk,True,1,Fwd Seg Size Min,fwdsegsizemin,6.524904251098633,6.524904251098633
78603,DoS attacks-Hulk,DoS attacks-Hulk,True,1,Fwd Seg Size Min,fwdsegsizemin,6.524904251098633,6.524904251098633
98123,DoS attacks-Hulk,DoS attacks-Hulk,True,1,Fwd Seg Size Min,fwdsegsizemin,6.524839878082275,6.524839878082275
106629,DoS attacks-Hulk,DoS attacks-Hulk,True,1,Fwd Seg Size Min,fwdsegsizemin,6.524904251098633,6.524904251098633
109384,DoS attacks-Hulk,DoS attacks-Hulk,True,1,Fwd Seg Size Min,fwdsegsizemin,6.524904251098633,6.524904251098633
114489,DoS attacks-Hulk,DoS attacks-Hulk,True,1,Fwd Seg Size Min,fwdsegsizemin,6.524904251098633,6.524904251098633
120340,DoS attacks-Hulk,DoS attacks-Hulk,True,1,Fwd Seg Size Min,fwdsegsizemin,6.524904251098633,6.524904251098633
124643,DoS attacks-Hulk,DoS attacks-Hulk,True,1,Fwd Seg Size Min,fwdsegsizemin,6.524904251098633,6.524904251098633
129840,DoS attacks-Hulk,DoS attacks-Hulk,True,1,Fwd Seg Size Min,fwdsegsizemin,6.524904251098633,6.524904251098633
145132,DoS attacks-Hulk,DoS attacks-Hulk,True,1,Fwd Seg Size Min,fwdsegsizemin,6.524904251098633,6.524904251098633
150830,DoS attacks-Hulk,DoS attacks-Hulk,True,1,Fwd Seg Size Min,fwdsegsizemin,6.524726867675781,6.524726867675781
161739,DoS attacks-Hulk,DoS attacks-Hulk,True,1,Fwd Seg Size Min,fwdsegsizemin,6.524904251098633,6.524904251098633
169330,DoS attacks-Hulk,DoS attacks-Hulk,True,1,Fwd Seg Size Min,fwdsegsizemin,6.524662971496582,6.524662971496582
172421,DoS attacks-Hulk,DoS attacks-Hulk,True,1,Fwd Seg Size Min,fwdsegsizemin,6.524726867675781,6.524726867675781
175485,DoS attacks-Hulk,DoS attacks-Hulk,True,1,Fwd Seg Size Min,fwdsegsizemin,6.524904251098633,6.524904251098633
179293,DoS attacks-Hulk,DoS attacks-Hulk,True,1,Fwd Seg Size Min,fwdsegsizemin,6.524772644042969,6.524772644042969
184801,DoS attacks-Hulk,DoS attacks-Hulk,True,1,Fwd Seg Size Min,fwdsegsizemin,6.524726867675781,6.524726867675781
186801,DoS attacks-Hulk,DoS attacks-Hulk,True,1,Fwd Seg Size Min,fwdsegsizemin,6.524904251098633,6.524904251098633
192699,DoS attacks-Hulk,DoS attacks-Hulk,True,1,Fwd Seg Size Min,fwdsegsizemin,6.524904251098633,6.524904251098633
198034,DoS attacks-Hulk,DoS attacks-Hulk,True,1,Fwd Seg Size Min,fwdsegsizemin,6.524904251098633,6.524904251098633
203251,DoS attacks-Hulk,DoS attacks-Hulk,True,1,Fwd Seg Size Min,fwdsegsizemin,6.524904251098633,6.524904251098633
205588,DoS attacks-Hulk,DoS attacks-Hulk,True,1,Fwd Seg Size Min,fwdsegsizemin,6.524904251098633,6.524904251098633
209188,DoS attacks-Hulk,DoS attacks-Hulk,True,1,Fwd Seg Size Min,fwdsegsizemin,6.524531364440918,6.524531364440918
209508,DoS attacks-Hulk,DoS attacks-Hulk,True,1,Fwd Seg Size Min,fwdsegsizemin,6.524904251098633,6.524904251098633
211459,DoS attacks-Hulk,DoS attacks-Hulk,True,1,Fwd Seg Size Min,fwdsegsizemin,6.524904251098633,6.524904251098633
218353,DoS attacks-Hulk,DoS attacks-Hulk,True,1,Fwd Seg Size Min,fwdsegsizemin,6.524904251098633,6.524904251098633
222450,DoS attacks-Hulk,DoS attacks-Hulk,True,1,Fwd Seg Size Min,fwdsegsizemin,6.524726867675781,6.524726867675781
222797,DoS attacks-Hulk,DoS attacks-Hulk,True,1,Fwd Seg Size Min,fwdsegsizemin,6.524904251098633,6.524904251098633
224627,DoS attacks-Hulk,DoS attacks-Hulk,True,1,Fwd Seg Size Min,fwdsegsizemin,6.524726867675781,6.524726867675781
240437,DoS attacks-Hulk,DoS attacks-Hulk,True,1,Fwd Seg Size Min,fwdsegsizemin,6.524772644042969,6.524772644042969
266734,DoS attacks-Hulk,DoS attacks-Hulk,True,1,Fwd Seg Size Min,fwdsegsizemin,6.524726867675781,6.524726867675781
273242,DoS attacks-Hulk,DoS attacks-Hulk,True,1,Fwd Seg Size Min,fwdsegsizemin,6.524904251098633,6.524904251098633
288251,DoS attacks-Hulk,DoS attacks-Hulk,True,1,Fwd Seg Size Min,fwdsegsizemin,6.524904251098633,6.524904251098633
289469,DoS attacks-Hulk,DoS attacks-Hulk,True,1,Fwd Seg Size Min,fwdsegsizemin,6.524904251098633,6.524904251098633
295838,DoS attacks-Hulk,DoS attacks-Hulk,True,1,Fwd Seg Size Min,fwdsegsizemin,6.524904251098633,6.524904251098633
299704,DoS attacks-Hulk,DoS attacks-Hulk,True,1,Fwd Seg Size Min,fwdsegsizemin,6.524904251098633,6.524904251098633
303429,DoS attacks-Hulk,DoS attacks-Hulk,True,1,Fwd Seg Size Min,fwdsegsizemin,6.524839878082275,6.524839878082275
311543,DoS attacks-Hulk,DoS attacks-Hulk,True,1,Fwd Seg Size Min,fwdsegsizemin,6.524904251098633,6.524904251098633
315504,DoS attacks-Hulk,DoS attacks-Hulk,True,1,Fwd Seg Size Min,fwdsegsizemin,6.3610968589782715,6.3610968589782715
325514,DoS attacks-Hulk,DoS attacks-Hulk,True,1,Fwd Seg Size Min,fwdsegsizemin,6.524904251098633,6.524904251098633
329932,DoS attacks-Hulk,DoS attacks-Hulk,True,1,Fwd Seg Size Min,fwdsegsizemin,6.524904251098633,6.524904251098633
339875,DoS attacks-Hulk,DoS attacks-Hulk,True,1,Fwd Seg Size Min,fwdsegsizemin,6.524904251098633,6.524904251098633
340476,DoS attacks-Hulk,DoS attacks-Hulk,True,1,Fwd Seg Size Min,fwdsegsizemin,6.524904251098633,6.524904251098633
353018,DoS attacks-Hulk,DoS attacks-Hulk,True,1,Fwd Seg Size Min,fwdsegsizemin,6.524904251098633,6.524904251098633
355936,DoS attacks-Hulk,DoS attacks-Hulk,True,1,Fwd Seg Size Min,fwdsegsizemin,6.524904251098633,6.524904251098633
358634,DoS attacks-Hulk,DoS attacks-Hulk,True,1,Fwd Seg Size Min,fwdsegsizemin,6.360585689544678,6.360585689544678
390180,DoS attacks-Hulk,DoS attacks-Hulk,True,1,Fwd Seg Size Min,fwdsegsizemin,6.524904251098633,6.524904251098633
390980,DoS attacks-Hulk,DoS attacks-Hulk,True,1,Fwd Seg Size Min,fwdsegsizemin,6.524726867675781,6.524726867675781
398027,DoS attacks-Hulk,DoS attacks-Hulk,True,1,Fwd Seg Size Min,fwdsegsizemin,6.524904251098633,6.524904251098633
406424,DoS attacks-Hulk,DoS attacks-Hulk,True,1,Fwd Seg Size Min,fwdsegsizemin,6.524904251098633,6.524904251098633
409456,DoS attacks-Hulk,DoS attacks-Hulk,True,1,Fwd Seg Size Min,fwdsegsizemin,6.524904251098633,6.524904251098633
410473,DoS attacks-Hulk,DoS attacks-Hulk,True,1,Fwd Seg Size Min,fwdsegsizemin,6.524904251098633,6.524904251098633
430811,DoS attacks-Hulk,DoS attacks-Hulk,True,1,Fwd Seg Size Min,fwdsegsizemin,6.524904251098633,6.524904251098633
441927,DoS attacks-Hulk,DoS attacks-Hulk,True,1,Fwd Seg Size Min,fwdsegsizemin,6.456707000732422,6.456707000732422
442875,DoS attacks-Hulk,DoS attacks-Hulk,True,1,Fwd Seg Size Min,fwdsegsizemin,6.524904251098633,6.524904251098633
454595,DoS attacks-Hulk,DoS attacks-Hulk,True,1,Fwd Seg Size Min,fwdsegsizemin,6.524662971496582,6.524662971496582
454714,DoS attacks-Hulk,DoS attacks-Hulk,True,1,Fwd Seg Size Min,fwdsegsizemin,6.524904251098633,6.524904251098633
467662,DoS attacks-Hulk,DoS attacks-Hulk,True,1,Fwd Seg Size Min,fwdsegsizemin,6.524904251098633,6.524904251098633
469528,DoS attacks-Hulk,DoS attacks-Hulk,True,1,Fwd Seg Size Min,fwdsegsizemin,6.523608684539795,6.523608684539795
485988,DoS attacks-Hulk,DoS attacks-Hulk,True,1,Fwd Seg Size Min,fwdsegsizemin,6.524839878082275,6.524839878082275
514999,DoS attacks-Hulk,DoS attacks-Hulk,True,1,Fwd Seg Size Min,fwdsegsizemin,6.524904251098633,6.524904251098633
516353,DoS attacks-Hulk,DoS attacks-Hulk,True,1,Fwd Seg Size Min,fwdsegsizemin,6.524904251098633,6.524904251098633
542197,DoS attacks-Hulk,DoS attacks-Hulk,True,1,Fwd Seg Size Min,fwdsegsizemin,6.524904251098633,6.524904251098633
543252,DoS attacks-Hulk,DoS attacks-Hulk,True,1,Fwd Seg Size Min,fwdsegsizemin,6.3610968589782715,6.3610968589782715
546301,DoS attacks-Hulk,DoS attacks-Hulk,True,1,Fwd Seg Size Min,fwdsegsizemin,6.524904251098633,6.524904251098633
549486,DoS attacks-Hulk,DoS attacks-Hulk,True,1,Fwd Seg Size Min,fwdsegsizemin,6.524904251098633,6.524904251098633
551756,DoS attacks-Hulk,DoS attacks-Hulk,True,1,Fwd Seg Size Min,fwdsegsizemin,6.183730602264404,6.183730602264404
552499,DoS attacks-Hulk,DoS attacks-Hulk,True,1,Fwd Seg Size Min,fwdsegsizemin,6.524904251098633,6.524904251098633
568242,DoS attacks-Hulk,DoS attacks-Hulk,True,1,Fwd Seg Size Min,fwdsegsizemin,6.524904251098633,6.524904251098633
594591,DoS attacks-Hulk,DoS attacks-Hulk,True,1,Fwd Seg Size Min,fwdsegsizemin,6.524466037750244,6.524466037750244
595335,DoS attacks-Hulk,DoS attacks-Hulk,True,1,Fwd Seg Size Min,fwdsegsizemin,6.524904251098633,6.524904251098633
599978,DoS attacks-Hulk,DoS attacks-Hulk,True,1,Fwd Seg Size Min,fwdsegsizemin,6.524904251098633,6.524904251098633
602579,DoS attacks-Hulk,DoS attacks-Hulk,True,1,Fwd Seg Size Min,fwdsegsizemin,6.524904251098633,6.524904251098633
610020,DoS attacks-Hulk,DoS attacks-Hulk,True,1,Fwd Seg Size Min,fwdsegsizemin,6.524904251098633,6.524904251098633
627371,DoS attacks-Hulk,DoS attacks-Hulk,True,1,Fwd Seg Size Min,fwdsegsizemin,6.524662971496582,6.524662971496582
630254,DoS attacks-Hulk,DoS attacks-Hulk,True,1,Fwd Seg Size Min,fwdsegsizemin,6.524904251098633,6.524904251098633
653951,DoS attacks-Hulk,DoS attacks-Hulk,True,1,Fwd Seg Size Min,fwdsegsizemin,6.524904251098633,6.524904251098633
656378,DoS attacks-Hulk,DoS attacks-Hulk,True,1,Fwd Seg Size Min,fwdsegsizemin,6.524904251098633,6.524904251098633
664550,DoS attacks-Hulk,DoS attacks-Hulk,True,1,Fwd Seg Size Min,fwdsegsizemin,6.523834228515625,6.523834228515625
668259,DoS attacks-Hulk,DoS attacks-Hulk,True,1,Fwd Seg Size Min,fwdsegsizemin,6.524904251098633,6.524904251098633
671159,DoS attacks-Hulk,DoS attacks-Hulk,True,1,Fwd Seg Size Min,fwdsegsizemin,6.524904251098633,6.524904251098633
683491,DoS attacks-Hulk,DoS attacks-Hulk,True,1,Fwd Seg Size Min,fwdsegsizemin,6.524904251098633,6.524904251098633
687856,DoS attacks-Hulk,DoS attacks-Hulk,True,1,Fwd Seg Size Min,fwdsegsizemin,6.524904251098633,6.524904251098633
695077,DoS attacks-Hulk,DoS attacks-Hulk,True,1,Fwd Seg Size Min,fwdsegsizemin,6.524904251098633,6.524904251098633
699477,DoS attacks-Hulk,DoS attacks-Hulk,True,1,Fwd Seg Size Min,fwdsegsizemin,6.524772644042969,6.524772644042969
1071,DoS attacks-SlowHTTPTest,DoS attacks-SlowHTTPTest,True,1,Fwd Seg Size Min,fwdsegsizemin,6.675480365753174,6.675480365753174
7705,DoS attacks-SlowHTTPTest,FTP-BruteForce,False,1,Fwd Seg Size Min,fwdsegsizemin,5.743864059448242,5.743864059448242
12685,DoS attacks-SlowHTTPTest,DoS attacks-SlowHTTPTest,True,1,Fwd Seg Size Min,fwdsegsizemin,6.8819427490234375,6.8819427490234375
13946,DoS attacks-SlowHTTPTest,DoS attacks-SlowHTTPTest,True,1,Fwd Seg Size Min,fwdsegsizemin,5.051698684692383,5.051698684692383
14273,DoS attacks-SlowHTTPTest,DoS attacks-SlowHTTPTest,True,1,Fwd Seg Size Min,fwdsegsizemin,5.319548606872559,5.319548606872559
25922,DoS attacks-SlowHTTPTest,FTP-BruteForce,False,1,Fwd Seg Size Min,fwdsegsizemin,5.78797721862793,5.78797721862793
36398,DoS attacks-SlowHTTPTest,FTP-BruteForce,False,1,Fwd Seg Size Min,fwdsegsizemin,5.78797721862793,5.78797721862793
37957,DoS attacks-SlowHTTPTest,DoS attacks-SlowHTTPTest,True,1,Fwd Seg Size Min,fwdsegsizemin,5.319548606872559,5.319548606872559
41401,DoS attacks-SlowHTTPTest,FTP-BruteForce,False,1,Fwd Seg Size Min,fwdsegsizemin,5.7662529945373535,5.7662529945373535
63607,DoS attacks-SlowHTTPTest,DoS attacks-SlowHTTPTest,True,1,Fwd Seg Size Min,fwdsegsizemin,6.675480365753174,6.675480365753174
67265,DoS attacks-SlowHTTPTest,FTP-BruteForce,False,1,Fwd Seg Size Min,fwdsegsizemin,5.859584808349609,5.859584808349609
84344,DoS attacks-SlowHTTPTest,FTP-BruteForce,False,1,Fwd Seg Size Min,fwdsegsizemin,6.152994632720947,6.152994632720947
85527,DoS attacks-SlowHTTPTest,DoS attacks-SlowHTTPTest,True,1,Fwd Seg Size Min,fwdsegsizemin,5.051698684692383,5.051698684692383
88694,DoS attacks-SlowHTTPTest,DoS attacks-SlowHTTPTest,True,1,Fwd Seg Size Min,fwdsegsizemin,5.051698684692383,5.051698684692383
91864,DoS attacks-SlowHTTPTest,DoS attacks-SlowHTTPTest,True,1,Fwd Seg Size Min,fwdsegsizemin,5.372504711151123,5.372504711151123
94056,DoS attacks-SlowHTTPTest,FTP-BruteForce,False,1,Fwd Seg Size Min,fwdsegsizemin,5.859584808349609,5.859584808349609
98672,DoS attacks-SlowHTTPTest,FTP-BruteForce,False,1,Fwd Seg Size Min,fwdsegsizemin,5.743864059448242,5.743864059448242
99739,DoS attacks-SlowHTTPTest,FTP-BruteForce,False,1,Fwd Seg Size Min,fwdsegsizemin,5.743864059448242,5.743864059448242
105283,DoS attacks-SlowHTTPTest,DoS attacks-SlowHTTPTest,True,1,Fwd Seg Size Min,fwdsegsizemin,6.675480365753174,6.675480365753174
108001,DoS attacks-SlowHTTPTest,DoS attacks-SlowHTTPTest,True,1,Fwd Seg Size Min,fwdsegsizemin,6.675480365753174,6.675480365753174
110222,DoS attacks-SlowHTTPTest,FTP-BruteForce,False,1,Fwd Seg Size Min,fwdsegsizemin,6.43540096282959,6.43540096282959
113901,DoS attacks-SlowHTTPTest,FTP-BruteForce,False,1,Fwd Seg Size Min,fwdsegsizemin,6.152994632720947,6.152994632720947
118456,DoS attacks-SlowHTTPTest,FTP-BruteForce,False,1,Fwd Seg Size Min,fwdsegsizemin,5.78797721862793,5.78797721862793
124138,DoS attacks-SlowHTTPTest,FTP-BruteForce,False,1,Fwd Seg Size Min,fwdsegsizemin,5.743864059448242,5.743864059448242
128912,DoS attacks-SlowHTTPTest,FTP-BruteForce,False,1,Fwd Seg Size Min,fwdsegsizemin,6.394804000854492,6.394804000854492
131490,DoS attacks-SlowHTTPTest,DoS attacks-SlowHTTPTest,True,1,Fwd Seg Size Min,fwdsegsizemin,6.675480365753174,6.675480365753174
163706,DoS attacks-SlowHTTPTest,FTP-BruteForce,False,1,Fwd Seg Size Min,fwdsegsizemin,5.7662529945373535,5.7662529945373535
164082,DoS attacks-SlowHTTPTest,DoS attacks-SlowHTTPTest,True,1,Fwd Seg Size Min,fwdsegsizemin,6.598801612854004,6.598801612854004
174899,DoS attacks-SlowHTTPTest,FTP-BruteForce,False,1,Fwd Seg Size Min,fwdsegsizemin,5.743864059448242,5.743864059448242
180720,DoS attacks-SlowHTTPTest,FTP-BruteForce,False,1,Fwd Seg Size Min,fwdsegsizemin,5.78797721862793,5.78797721862793
191069,DoS attacks-SlowHTTPTest,FTP-BruteForce,False,1,Fwd Seg Size Min,fwdsegsizemin,6.43540096282959,6.43540096282959
209645,DoS attacks-SlowHTTPTest,DoS attacks-SlowHTTPTest,True,1,Fwd Seg Size Min,fwdsegsizemin,4.989038467407227,4.989038467407227
209940,DoS attacks-SlowHTTPTest,FTP-BruteForce,False,1,Fwd Seg Size Min,fwdsegsizemin,5.78797721862793,5.78797721862793
218188,DoS attacks-SlowHTTPTest,DoS attacks-SlowHTTPTest,True,1,Fwd Seg Size Min,fwdsegsizemin,6.675480365753174,6.675480365753174
240188,DoS attacks-SlowHTTPTest,FTP-BruteForce,False,1,Fwd Seg Size Min,fwdsegsizemin,5.743864059448242,5.743864059448242
255965,DoS attacks-SlowHTTPTest,FTP-BruteForce,False,1,Fwd Seg Size Min,fwdsegsizemin,5.7662529945373535,5.7662529945373535
258387,DoS attacks-SlowHTTPTest,DoS attacks-SlowHTTPTest,True,1,Fwd Seg Size Min,fwdsegsizemin,6.675480365753174,6.675480365753174
265444,DoS attacks-SlowHTTPTest,FTP-BruteForce,False,1,Fwd Seg Size Min,fwdsegsizemin,5.7662529945373535,5.7662529945373535
274973,DoS attacks-SlowHTTPTest,DoS attacks-SlowHTTPTest,True,1,Fwd Seg Size Min,fwdsegsizemin,6.8819427490234375,6.8819427490234375
285725,DoS attacks-SlowHTTPTest,DoS attacks-SlowHTTPTest,True,1,Fwd Seg Size Min,fwdsegsizemin,4.989038467407227,4.989038467407227
289881,DoS attacks-SlowHTTPTest,FTP-BruteForce,False,1,Fwd Seg Size Min,fwdsegsizemin,5.78797721862793,5.78797721862793
294736,DoS attacks-SlowHTTPTest,FTP-BruteForce,False,1,Fwd Seg Size Min,fwdsegsizemin,6.152994632720947,6.152994632720947
302331,DoS attacks-SlowHTTPTest,FTP-BruteForce,False,1,Fwd Seg Size Min,fwdsegsizemin,5.594289779663086,5.594289779663086
308224,DoS attacks-SlowHTTPTest,FTP-BruteForce,False,1,Fwd Seg Size Min,fwdsegsizemin,5.7662529945373535,5.7662529945373535
345687,DoS attacks-SlowHTTPTest,FTP-BruteForce,False,1,Fwd Seg Size Min,fwdsegsizemin,5.743864059448242,5.743864059448242
362020,DoS attacks-SlowHTTPTest,FTP-BruteForce,False,1,Fwd Seg Size Min,fwdsegsizemin,5.78797721862793,5.78797721862793
364971,DoS attacks-SlowHTTPTest,FTP-BruteForce,False,1,Fwd Seg Size Min,fwdsegsizemin,5.751722812652588,5.751722812652588
366120,DoS attacks-SlowHTTPTest,FTP-BruteForce,False,1,Fwd Seg Size Min,fwdsegsizemin,6.394804000854492,6.394804000854492
367222,DoS attacks-SlowHTTPTest,DoS attacks-SlowHTTPTest,True,1,Fwd Seg Size Min,fwdsegsizemin,4.989038467407227,4.989038467407227
372207,DoS attacks-SlowHTTPTest,FTP-BruteForce,False,1,Fwd Seg Size Min,fwdsegsizemin,6.152994632720947,6.152994632720947
377363,DoS attacks-SlowHTTPTest,DoS attacks-SlowHTTPTest,True,1,Fwd Seg Size Min,fwdsegsizemin,6.8819427490234375,6.8819427490234375
384532,DoS attacks-SlowHTTPTest,FTP-BruteForce,False,1,Fwd Seg Size Min,fwdsegsizemin,5.78797721862793,5.78797721862793
389769,DoS attacks-SlowHTTPTest,DoS attacks-SlowHTTPTest,True,1,Fwd Seg Size Min,fwdsegsizemin,5.304339408874512,5.304339408874512
391731,DoS attacks-SlowHTTPTest,DoS attacks-SlowHTTPTest,True,1,Fwd Seg Size Min,fwdsegsizemin,6.675480365753174,6.675480365753174
394804,DoS attacks-SlowHTTPTest,FTP-BruteForce,False,1,Fwd Seg Size Min,fwdsegsizemin,6.330917835235596,6.330917835235596
395555,DoS attacks-SlowHTTPTest,FTP-BruteForce,False,1,Fwd Seg Size Min,fwdsegsizemin,5.78797721862793,5.78797721862793
397250,DoS attacks-SlowHTTPTest,FTP-BruteForce,False,1,Fwd Seg Size Min,fwdsegsizemin,5.7662529945373535,5.7662529945373535
406663,DoS attacks-SlowHTTPTest,FTP-BruteForce,False,1,Fwd Seg Size Min,fwdsegsizemin,5.7662529945373535,5.7662529945373535
409351,DoS attacks-SlowHTTPTest,FTP-BruteForce,False,1,Fwd Seg Size Min,fwdsegsizemin,5.837823867797852,5.837823867797852
419175,DoS attacks-SlowHTTPTest,FTP-BruteForce,False,1,Fwd Seg Size Min,fwdsegsizemin,5.78797721862793,5.78797721862793
420757,DoS attacks-SlowHTTPTest,FTP-BruteForce,False,1,Fwd Seg Size Min,fwdsegsizemin,5.7662529945373535,5.7662529945373535
423616,DoS attacks-SlowHTTPTest,DoS attacks-SlowHTTPTest,True,1,Fwd Seg Size Min,fwdsegsizemin,4.996650695800781,4.996650695800781
435164,DoS attacks-SlowHTTPTest,DoS attacks-SlowHTTPTest,True,1,Fwd Seg Size Min,fwdsegsizemin,5.318620204925537,5.318620204925537
447988,DoS attacks-SlowHTTPTest,DoS attacks-SlowHTTPTest,True,1,Fwd Seg Size Min,fwdsegsizemin,5.3493499755859375,5.3493499755859375
453862,DoS attacks-SlowHTTPTest,FTP-BruteForce,False,1,Fwd Seg Size Min,fwdsegsizemin,6.152994632720947,6.152994632720947
466470,DoS attacks-SlowHTTPTest,FTP-BruteForce,False,1,Fwd Seg Size Min,fwdsegsizemin,5.743864059448242,5.743864059448242
466946,DoS attacks-SlowHTTPTest,DoS attacks-SlowHTTPTest,True,1,Fwd Seg Size Min,fwdsegsizemin,5.304339408874512,5.304339408874512
470478,DoS attacks-SlowHTTPTest,FTP-BruteForce,False,1,Fwd Seg Size Min,fwdsegsizemin,5.7662529945373535,5.7662529945373535
471809,DoS attacks-SlowHTTPTest,FTP-BruteForce,False,1,Fwd Seg Size Min,fwdsegsizemin,5.837823867797852,5.837823867797852
482370,DoS attacks-SlowHTTPTest,DoS attacks-SlowHTTPTest,True,1,Fwd Seg Size Min,fwdsegsizemin,5.351862907409668,5.351862907409668
491819,DoS attacks-SlowHTTPTest,FTP-BruteForce,False,1,Fwd Seg Size Min,fwdsegsizemin,5.78797721862793,5.78797721862793
491867,DoS attacks-SlowHTTPTest,DoS attacks-SlowHTTPTest,True,1,Fwd Seg Size Min,fwdsegsizemin,4.996650695800781,4.996650695800781
497849,DoS attacks-SlowHTTPTest,FTP-BruteForce,False,1,Fwd Seg Size Min,fwdsegsizemin,5.7662529945373535,5.7662529945373535
504010,DoS attacks-SlowHTTPTest,FTP-BruteForce,False,1,Fwd Seg Size Min,fwdsegsizemin,5.78797721862793,5.78797721862793
523298,DoS attacks-SlowHTTPTest,FTP-BruteForce,False,1,Fwd Seg Size Min,fwdsegsizemin,5.743864059448242,5.743864059448242
523417,DoS attacks-SlowHTTPTest,FTP-BruteForce,False,1,Fwd Seg Size Min,fwdsegsizemin,5.594289779663086,5.594289779663086
526447,DoS attacks-SlowHTTPTest,FTP-BruteForce,False,1,Fwd Seg Size Min,fwdsegsizemin,6.152994632720947,6.152994632720947
528034,DoS attacks-SlowHTTPTest,FTP-BruteForce,False,1,Fwd Seg Size Min,fwdsegsizemin,5.7662529945373535,5.7662529945373535
531583,DoS attacks-SlowHTTPTest,FTP-BruteForce,False,1,Fwd Seg Size Min,fwdsegsizemin,5.7662529945373535,5.7662529945373535
541865,DoS attacks-SlowHTTPTest,FTP-BruteForce,False,1,Fwd Seg Size Min,fwdsegsizemin,5.743864059448242,5.743864059448242
550546,DoS attacks-SlowHTTPTest,FTP-BruteForce,False,1,Fwd Seg Size Min,fwdsegsizemin,6.152994632720947,6.152994632720947
557848,DoS attacks-SlowHTTPTest,DoS attacks-SlowHTTPTest,True,1,Fwd Seg Size Min,fwdsegsizemin,5.372504711151123,5.372504711151123
561791,DoS attacks-SlowHTTPTest,FTP-BruteForce,False,1,Fwd Seg Size Min,fwdsegsizemin,5.743864059448242,5.743864059448242
574787,DoS attacks-SlowHTTPTest,FTP-BruteForce,False,1,Fwd Seg Size Min,fwdsegsizemin,6.152994632720947,6.152994632720947
583890,DoS attacks-SlowHTTPTest,FTP-BruteForce,False,1,Fwd Seg Size Min,fwdsegsizemin,5.743864059448242,5.743864059448242
589376,DoS attacks-SlowHTTPTest,FTP-BruteForce,False,1,Fwd Seg Size Min,fwdsegsizemin,6.152994632720947,6.152994632720947
600554,DoS attacks-SlowHTTPTest,FTP-BruteForce,False,1,Fwd Seg Size Min,fwdsegsizemin,5.743864059448242,5.743864059448242
603794,DoS attacks-SlowHTTPTest,DoS attacks-SlowHTTPTest,True,1,Fwd Seg Size Min,fwdsegsizemin,6.8819427490234375,6.8819427490234375
609460,DoS attacks-SlowHTTPTest,FTP-BruteForce,False,1,Fwd Seg Size Min,fwdsegsizemin,5.78797721862793,5.78797721862793
615040,DoS attacks-SlowHTTPTest,FTP-BruteForce,False,1,Fwd Seg Size Min,fwdsegsizemin,5.7662529945373535,5.7662529945373535
626259,DoS attacks-SlowHTTPTest,FTP-BruteForce,False,1,Fwd Seg Size Min,fwdsegsizemin,5.82089900970459,5.82089900970459
628158,DoS attacks-SlowHTTPTest,FTP-BruteForce,False,1,Fwd Seg Size Min,fwdsegsizemin,5.78797721862793,5.78797721862793
647542,DoS attacks-SlowHTTPTest,FTP-BruteForce,False,1,Fwd Seg Size Min,fwdsegsizemin,5.78797721862793,5.78797721862793
658183,DoS attacks-SlowHTTPTest,FTP-BruteForce,False,1,Fwd Seg Size Min,fwdsegsizemin,6.152994632720947,6.152994632720947
659010,DoS attacks-SlowHTTPTest,DoS attacks-SlowHTTPTest,True,1,Fwd Seg Size Min,fwdsegsizemin,4.996650695800781,4.996650695800781
667263,DoS attacks-SlowHTTPTest,FTP-BruteForce,False,1,Fwd Seg Size Min,fwdsegsizemin,5.594289779663086,5.594289779663086
670052,DoS attacks-SlowHTTPTest,FTP-BruteForce,False,1,Fwd Seg Size Min,fwdsegsizemin,5.7662529945373535,5.7662529945373535
674353,DoS attacks-SlowHTTPTest,DoS attacks-SlowHTTPTest,True,1,Fwd Seg Size Min,fwdsegsizemin,6.8819427490234375,6.8819427490234375
681754,DoS attacks-SlowHTTPTest,FTP-BruteForce,False,1,Fwd Seg Size Min,fwdsegsizemin,5.766803741455078,5.766803741455078
691066,DoS attacks-SlowHTTPTest,FTP-BruteForce,False,1,Fwd Seg Size Min,fwdsegsizemin,6.430073261260986,6.430073261260986
7586,DoS attacks-Slowloris,DoS attacks-Slowloris,True,1,Bwd IAT Max,bwdiatmax,13.824743270874023,13.824743270874023
21300,DoS attacks-Slowloris,DoS attacks-Slowloris,True,1,Bwd IAT Max,bwdiatmax,13.824743270874023,13.824743270874023
26042,DoS attacks-Slowloris,DoS attacks-Slowloris,True,1,Bwd IAT Max,bwdiatmax,9.78472900390625,9.78472900390625
26534,DoS attacks-Slowloris,DoS attacks-Slowloris,True,1,Fwd Seg Size Min,fwdsegsizemin,8.989450454711914,8.989450454711914
36090,DoS attacks-Slowloris,DoS attacks-Slowloris,True,1,Bwd IAT Max,bwdiatmax,13.824743270874023,13.824743270874023
39368,DoS attacks-Slowloris,DoS attacks-Slowloris,True,1,Fwd Seg Size Min,fwdsegsizemin,9.092550277709961,9.092550277709961
41037,DoS attacks-Slowloris,DoS attacks-Slowloris,True,1,Fwd Seg Size Min,fwdsegsizemin,4.712128639221191,4.712128639221191
47244,DoS attacks-Slowloris,DoS attacks-Slowloris,True,1,Bwd IAT Max,bwdiatmax,13.824743270874023,13.824743270874023
49137,DoS attacks-Slowloris,DoS attacks-Slowloris,True,1,Bwd IAT Max,bwdiatmax,13.824743270874023,13.824743270874023
62344,DoS attacks-Slowloris,DoS attacks-Slowloris,True,1,Bwd IAT Max,bwdiatmax,11.814923286437988,11.814923286437988
63710,DoS attacks-Slowloris,DoS attacks-Slowloris,True,1,Bwd IAT Max,bwdiatmax,9.78472900390625,9.78472900390625
64457,DoS attacks-Slowloris,DoS attacks-Slowloris,True,1,Bwd IAT Max,bwdiatmax,13.824743270874023,13.824743270874023
65442,DoS attacks-Slowloris,DoS attacks-Slowloris,True,1,Bwd IAT Max,bwdiatmax,9.78472900390625,9.78472900390625
65649,DoS attacks-Slowloris,DoS attacks-Slowloris,True,1,Bwd IAT Max,bwdiatmax,13.824743270874023,13.824743270874023
68559,DoS attacks-Slowloris,DoS attacks-Slowloris,True,1,Fwd Seg Size Min,fwdsegsizemin,5.369584083557129,5.369584083557129
75233,DoS attacks-Slowloris,DoS attacks-Slowloris,True,1,Bwd IAT Max,bwdiatmax,9.78472900390625,9.78472900390625
77260,DoS attacks-Slowloris,DoS attacks-Slowloris,True,1,Bwd IAT Max,bwdiatmax,9.78472900390625,9.78472900390625
78890,DoS attacks-Slowloris,DoS attacks-Slowloris,True,1,Fwd Seg Size Min,fwdsegsizemin,8.788150787353516,8.788150787353516
85617,DoS attacks-Slowloris,DoS attacks-Slowloris,True,1,Fwd Seg Size Min,fwdsegsizemin,8.907455444335938,8.907455444335938
102001,DoS attacks-Slowloris,DoS attacks-Slowloris,True,1,Fwd Seg Size Min,fwdsegsizemin,9.025911331176758,9.025911331176758
104266,DoS attacks-Slowloris,DoS attacks-Slowloris,True,1,Bwd IAT Max,bwdiatmax,9.78472900390625,9.78472900390625
110358,DoS attacks-Slowloris,DoS attacks-Slowloris,True,1,Bwd IAT Max,bwdiatmax,9.78472900390625,9.78472900390625
116878,DoS attacks-Slowloris,DoS attacks-Slowloris,True,1,Bwd IAT Max,bwdiatmax,9.78472900390625,9.78472900390625
119326,DoS attacks-Slowloris,DoS attacks-Slowloris,True,1,Bwd IAT Max,bwdiatmax,9.78472900390625,9.78472900390625
120899,DoS attacks-Slowloris,DoS attacks-Slowloris,True,1,Bwd IAT Max,bwdiatmax,9.78472900390625,9.78472900390625
123147,DoS attacks-Slowloris,DoS attacks-Slowloris,True,1,Fwd Seg Size Min,fwdsegsizemin,5.368471622467041,5.368471622467041
131202,DoS attacks-Slowloris,DoS attacks-Slowloris,True,1,Fwd Seg Size Min,fwdsegsizemin,5.50909948348999,5.50909948348999
134401,DoS attacks-Slowloris,DoS attacks-Slowloris,True,1,Bwd IAT Max,bwdiatmax,9.78472900390625,9.78472900390625
145690,DoS attacks-Slowloris,DoS attacks-Slowloris,True,1,Fwd Seg Size Min,fwdsegsizemin,4.713776588439941,4.713776588439941
148877,DoS attacks-Slowloris,DoS attacks-Slowloris,True,1,Bwd IAT Max,bwdiatmax,9.78472900390625,9.78472900390625
154231,DoS attacks-Slowloris,DoS attacks-Slowloris,True,1,Fwd Seg Size Min,fwdsegsizemin,8.788150787353516,8.788150787353516
154483,DoS attacks-Slowloris,DoS attacks-Slowloris,True,1,Fwd Seg Size Min,fwdsegsizemin,8.788150787353516,8.788150787353516
155914,DoS attacks-Slowloris,DoS attacks-Slowloris,True,1,Bwd IAT Max,bwdiatmax,9.78472900390625,9.78472900390625
160466,DoS attacks-Slowloris,DoS attacks-Slowloris,True,1,Bwd IAT Max,bwdiatmax,9.78472900390625,9.78472900390625
164141,DoS attacks-Slowloris,DoS attacks-Slowloris,True,1,Bwd IAT Max,bwdiatmax,9.78472900390625,9.78472900390625
172308,DoS attacks-Slowloris,DoS attacks-Slowloris,True,1,Fwd Seg Size Min,fwdsegsizemin,8.907455444335938,8.907455444335938
176759,DoS attacks-Slowloris,DoS attacks-Slowloris,True,1,Bwd IAT Max,bwdiatmax,11.822442054748535,11.822442054748535
182164,DoS attacks-Slowloris,DoS attacks-Slowloris,True,1,Bwd IAT Max,bwdiatmax,9.78472900390625,9.78472900390625
197092,DoS attacks-Slowloris,DoS attacks-Slowloris,True,1,Bwd IAT Max,bwdiatmax,9.78472900390625,9.78472900390625
198930,DoS attacks-Slowloris,DoS attacks-Slowloris,True,1,Bwd IAT Max,bwdiatmax,9.78472900390625,9.78472900390625
208427,DoS attacks-Slowloris,DoS attacks-Slowloris,True,1,Fwd Seg Size Min,fwdsegsizemin,9.056089401245117,9.056089401245117
223108,DoS attacks-Slowloris,DoS attacks-Slowloris,True,1,Bwd IAT Max,bwdiatmax,9.78472900390625,9.78472900390625
244214,DoS attacks-Slowloris,DoS attacks-Slowloris,True,1,Bwd IAT Max,bwdiatmax,13.824743270874023,13.824743270874023
244530,DoS attacks-Slowloris,DoS attacks-Slowloris,True,1,Bwd IAT Max,bwdiatmax,9.78472900390625,9.78472900390625
265885,DoS attacks-Slowloris,DoS attacks-Slowloris,True,1,Bwd IAT Max,bwdiatmax,9.78472900390625,9.78472900390625
267175,DoS attacks-Slowloris,DoS attacks-Slowloris,True,1,Bwd IAT Max,bwdiatmax,15.112613677978516,15.112613677978516
270110,DoS attacks-Slowloris,DoS attacks-Slowloris,True,1,Bwd IAT Max,bwdiatmax,10.1150541305542,10.1150541305542
273951,DoS attacks-Slowloris,DoS attacks-Slowloris,True,1,Bwd IAT Max,bwdiatmax,9.78472900390625,9.78472900390625
277208,DoS attacks-Slowloris,DoS attacks-Slowloris,True,1,Bwd IAT Max,bwdiatmax,9.78472900390625,9.78472900390625
283798,DoS attacks-Slowloris,DoS attacks-Slowloris,True,1,Bwd IAT Max,bwdiatmax,13.824743270874023,13.824743270874023
285723,DoS attacks-Slowloris,DoS attacks-Slowloris,True,1,Fwd Seg Size Min,fwdsegsizemin,8.788150787353516,8.788150787353516
292866,DoS attacks-Slowloris,DoS attacks-Slowloris,True,1,Bwd IAT Max,bwdiatmax,9.78472900390625,9.78472900390625
296244,DoS attacks-Slowloris,DoS attacks-Slowloris,True,1,Bwd IAT Max,bwdiatmax,11.194326400756836,11.194326400756836
297166,DoS attacks-Slowloris,DoS attacks-Slowloris,True,1,Fwd Seg Size Min,fwdsegsizemin,8.788150787353516,8.788150787353516
301446,DoS attacks-Slowloris,DoS attacks-Slowloris,True,1,Bwd IAT Max,bwdiatmax,13.824743270874023,13.824743270874023
301790,DoS attacks-Slowloris,DoS attacks-Slowloris,True,1,Bwd IAT Max,bwdiatmax,9.78472900390625,9.78472900390625
317337,DoS attacks-Slowloris,DoS attacks-Slowloris,True,1,Bwd IAT Max,bwdiatmax,9.78472900390625,9.78472900390625
321899,DoS attacks-Slowloris,DoS attacks-Slowloris,True,1,Fwd Seg Size Min,fwdsegsizemin,8.788150787353516,8.788150787353516
337460,DoS attacks-Slowloris,DoS attacks-Slowloris,True,1,Bwd IAT Max,bwdiatmax,9.78472900390625,9.78472900390625
353960,DoS attacks-Slowloris,DoS attacks-Slowloris,True,1,Bwd IAT Max,bwdiatmax,13.824743270874023,13.824743270874023
360226,DoS attacks-Slowloris,DoS attacks-Slowloris,True,1,Bwd IAT Max,bwdiatmax,9.78472900390625,9.78472900390625
363736,DoS attacks-Slowloris,DoS attacks-Slowloris,True,1,Bwd IAT Max,bwdiatmax,9.78472900390625,9.78472900390625
368177,DoS attacks-Slowloris,DoS attacks-Slowloris,True,1,Bwd IAT Max,bwdiatmax,9.78472900390625,9.78472900390625
386515,DoS attacks-Slowloris,DoS attacks-Slowloris,True,1,Bwd IAT Max,bwdiatmax,13.824743270874023,13.824743270874023
397403,DoS attacks-Slowloris,DoS attacks-Slowloris,True,1,Bwd IAT Max,bwdiatmax,13.824743270874023,13.824743270874023
402013,DoS attacks-Slowloris,DoS attacks-Slowloris,True,1,Fwd Seg Size Min,fwdsegsizemin,9.056089401245117,9.056089401245117
419261,DoS attacks-Slowloris,DoS attacks-Slowloris,True,1,Bwd IAT Max,bwdiatmax,9.78472900390625,9.78472900390625
421472,DoS attacks-Slowloris,DoS attacks-Slowloris,True,1,Fwd Seg Size Min,fwdsegsizemin,4.634651184082031,4.634651184082031
422784,DoS attacks-Slowloris,DoS attacks-Slowloris,True,1,Fwd Seg Size Min,fwdsegsizemin,8.788150787353516,8.788150787353516
437602,DoS attacks-Slowloris,DoS attacks-Slowloris,True,1,Bwd IAT Max,bwdiatmax,10.68991756439209,10.68991756439209
437912,DoS attacks-Slowloris,DoS attacks-Slowloris,True,1,Fwd Seg Size Min,fwdsegsizemin,8.907455444335938,8.907455444335938
464739,DoS attacks-Slowloris,DoS attacks-Slowloris,True,1,Bwd IAT Max,bwdiatmax,9.78472900390625,9.78472900390625
498997,DoS attacks-Slowloris,DoS attacks-Slowloris,True,1,Bwd IAT Max,bwdiatmax,9.78472900390625,9.78472900390625
499490,DoS attacks-Slowloris,DoS attacks-Slowloris,True,1,Bwd IAT Max,bwdiatmax,13.824743270874023,13.824743270874023
501470,DoS attacks-Slowloris,DoS attacks-Slowloris,True,1,Bwd IAT Max,bwdiatmax,13.824743270874023,13.824743270874023
505240,DoS attacks-Slowloris,DoS attacks-Slowloris,True,1,Bwd IAT Max,bwdiatmax,13.824743270874023,13.824743270874023
505412,DoS attacks-Slowloris,DoS attacks-Slowloris,True,1,Bwd IAT Max,bwdiatmax,9.78472900390625,9.78472900390625
521057,DoS attacks-Slowloris,DoS attacks-Slowloris,True,1,Fwd Seg Size Min,fwdsegsizemin,6.2215752601623535,6.2215752601623535
524329,DoS attacks-Slowloris,DoS attacks-Slowloris,True,1,Bwd IAT Max,bwdiatmax,9.78472900390625,9.78472900390625
535079,DoS attacks-Slowloris,DoS attacks-Slowloris,True,1,Fwd Seg Size Min,fwdsegsizemin,5.369584083557129,5.369584083557129
543532,DoS attacks-Slowloris,DoS attacks-Slowloris,True,1,Bwd IAT Max,bwdiatmax,9.78472900390625,9.78472900390625
554807,DoS attacks-Slowloris,DoS attacks-Slowloris,True,1,Fwd Seg Size Min,fwdsegsizemin,8.907455444335938,8.907455444335938
559812,DoS attacks-Slowloris,DoS attacks-Slowloris,True,1,Bwd IAT Max,bwdiatmax,9.782303810119629,9.782303810119629
560414,DoS attacks-Slowloris,DoS attacks-Slowloris,True,1,Fwd Seg Size Min,fwdsegsizemin,9.025911331176758,9.025911331176758
565256,DoS attacks-Slowloris,DoS attacks-Slowloris,True,1,Fwd Seg Size Min,fwdsegsizemin,8.907455444335938,8.907455444335938
565416,DoS attacks-Slowloris,DoS attacks-Slowloris,True,1,Fwd Seg Size Min,fwdsegsizemin,9.025911331176758,9.025911331176758
580624,DoS attacks-Slowloris,DoS attacks-Slowloris,True,1,Bwd IAT Max,bwdiatmax,13.824743270874023,13.824743270874023
582483,DoS attacks-Slowloris,DoS attacks-Slowloris,True,1,Bwd IAT Max,bwdiatmax,13.824743270874023,13.824743270874023
600730,DoS attacks-Slowloris,DoS attacks-Slowloris,True,1,Bwd IAT Max,bwdiatmax,9.78472900390625,9.78472900390625
600892,DoS attacks-Slowloris,DoS attacks-Slowloris,True,1,Bwd IAT Max,bwdiatmax,9.78472900390625,9.78472900390625
608141,DoS attacks-Slowloris,DoS attacks-Slowloris,True,1,Bwd IAT Max,bwdiatmax,9.78472900390625,9.78472900390625
609461,DoS attacks-Slowloris,DoS attacks-Slowloris,True,1,Bwd IAT Max,bwdiatmax,9.78472900390625,9.78472900390625
613720,DoS attacks-Slowloris,DoS attacks-Slowloris,True,1,Bwd IAT Max,bwdiatmax,9.78472900390625,9.78472900390625
634987,DoS attacks-Slowloris,DoS attacks-Slowloris,True,1,Fwd Seg Size Min,fwdsegsizemin,8.788150787353516,8.788150787353516
640355,DoS attacks-Slowloris,DoS attacks-Slowloris,True,1,Fwd Seg Size Min,fwdsegsizemin,4.713776588439941,4.713776588439941
647653,DoS attacks-Slowloris,DoS attacks-Slowloris,True,1,Bwd IAT Max,bwdiatmax,13.824743270874023,13.824743270874023
681440,DoS attacks-Slowloris,DoS attacks-Slowloris,True,1,Bwd IAT Max,bwdiatmax,9.78472900390625,9.78472900390625
682774,DoS attacks-Slowloris,DoS attacks-Slowloris,True,1,Bwd IAT Max,bwdiatmax,9.78472900390625,9.78472900390625
689278,DoS attacks-Slowloris,DoS attacks-Slowloris,True,1,Bwd IAT Max,bwdiatmax,13.824743270874023,13.824743270874023
693292,DoS attacks-Slowloris,DoS attacks-Slowloris,True,1,Bwd IAT Max,bwdiatmax,9.78472900390625,9.78472900390625
2031,FTP-BruteForce,FTP-BruteForce,True,1,Fwd Seg Size Min,fwdsegsizemin,5.837823867797852,5.837823867797852
14986,FTP-BruteForce,FTP-BruteForce,True,1,Fwd Seg Size Min,fwdsegsizemin,5.743864059448242,5.743864059448242
29814,FTP-BruteForce,FTP-BruteForce,True,1,Fwd Seg Size Min,fwdsegsizemin,5.78797721862793,5.78797721862793
44367,FTP-BruteForce,FTP-BruteForce,True,1,Fwd Seg Size Min,fwdsegsizemin,5.594289779663086,5.594289779663086
52407,FTP-BruteForce,FTP-BruteForce,True,1,Fwd Seg Size Min,fwdsegsizemin,5.7662529945373535,5.7662529945373535
67376,FTP-BruteForce,FTP-BruteForce,True,1,Fwd Seg Size Min,fwdsegsizemin,5.78797721862793,5.78797721862793
68854,FTP-BruteForce,FTP-BruteForce,True,1,Fwd Seg Size Min,fwdsegsizemin,5.78797721862793,5.78797721862793
91265,FTP-BruteForce,FTP-BruteForce,True,1,Fwd Seg Size Min,fwdsegsizemin,6.330917835235596,6.330917835235596
91364,FTP-BruteForce,DoS attacks-SlowHTTPTest,False,1,Fwd Seg Size Min,fwdsegsizemin,4.982577800750732,4.982577800750732
95356,FTP-BruteForce,DoS attacks-SlowHTTPTest,False,1,Fwd Seg Size Min,fwdsegsizemin,5.304339408874512,5.304339408874512
110687,FTP-BruteForce,FTP-BruteForce,True,1,Fwd Seg Size Min,fwdsegsizemin,6.394804000854492,6.394804000854492
110779,FTP-BruteForce,FTP-BruteForce,True,1,Fwd Seg Size Min,fwdsegsizemin,5.7662529945373535,5.7662529945373535
111388,FTP-BruteForce,FTP-BruteForce,True,1,Fwd Seg Size Min,fwdsegsizemin,5.7662529945373535,5.7662529945373535
126898,FTP-BruteForce,FTP-BruteForce,True,1,Fwd Seg Size Min,fwdsegsizemin,6.43540096282959,6.43540096282959
129651,FTP-BruteForce,FTP-BruteForce,True,1,Fwd Seg Size Min,fwdsegsizemin,5.78797721862793,5.78797721862793
140183,FTP-BruteForce,FTP-BruteForce,True,1,Fwd Seg Size Min,fwdsegsizemin,6.356249809265137,6.356249809265137
186449,FTP-BruteForce,FTP-BruteForce,True,1,Fwd Seg Size Min,fwdsegsizemin,6.430073261260986,6.430073261260986
197159,FTP-BruteForce,FTP-BruteForce,True,1,Fwd Seg Size Min,fwdsegsizemin,6.394804000854492,6.394804000854492
197243,FTP-BruteForce,DoS attacks-SlowHTTPTest,False,1,Fwd Seg Size Min,fwdsegsizemin,6.675480365753174,6.675480365753174
197800,FTP-BruteForce,FTP-BruteForce,True,1,Fwd Seg Size Min,fwdsegsizemin,6.430073261260986,6.430073261260986
200357,FTP-BruteForce,FTP-BruteForce,True,1,Fwd Seg Size Min,fwdsegsizemin,6.330917835235596,6.330917835235596
202871,FTP-BruteForce,FTP-BruteForce,True,1,Fwd Seg Size Min,fwdsegsizemin,6.43540096282959,6.43540096282959
210856,FTP-BruteForce,FTP-BruteForce,True,1,Fwd Seg Size Min,fwdsegsizemin,6.330917835235596,6.330917835235596
212949,FTP-BruteForce,DoS attacks-SlowHTTPTest,False,1,Fwd Seg Size Min,fwdsegsizemin,6.675480365753174,6.675480365753174
216779,FTP-BruteForce,FTP-BruteForce,True,1,Fwd Seg Size Min,fwdsegsizemin,6.394804000854492,6.394804000854492
222514,FTP-BruteForce,FTP-BruteForce,True,1,Fwd Seg Size Min,fwdsegsizemin,5.743864059448242,5.743864059448242
231177,FTP-BruteForce,DoS attacks-SlowHTTPTest,False,1,Fwd Seg Size Min,fwdsegsizemin,4.989038467407227,4.989038467407227
234687,FTP-BruteForce,FTP-BruteForce,True,1,Fwd Seg Size Min,fwdsegsizemin,5.529603958129883,5.529603958129883
244272,FTP-BruteForce,FTP-BruteForce,True,1,Fwd Seg Size Min,fwdsegsizemin,5.867595195770264,5.867595195770264
247162,FTP-BruteForce,FTP-BruteForce,True,1,Fwd Seg Size Min,fwdsegsizemin,5.78797721862793,5.78797721862793
257427,FTP-BruteForce,FTP-BruteForce,True,1,Fwd Seg Size Min,fwdsegsizemin,5.78797721862793,5.78797721862793
261303,FTP-BruteForce,FTP-BruteForce,True,1,Fwd Seg Size Min,fwdsegsizemin,6.43540096282959,6.43540096282959
276960,FTP-BruteForce,FTP-BruteForce,True,1,Fwd Seg Size Min,fwdsegsizemin,6.356249809265137,6.356249809265137
278703,FTP-BruteForce,FTP-BruteForce,True,1,Fwd Seg Size Min,fwdsegsizemin,6.152994632720947,6.152994632720947
281137,FTP-BruteForce,FTP-BruteForce,True,1,Fwd Seg Size Min,fwdsegsizemin,5.7662529945373535,5.7662529945373535
288765,FTP-BruteForce,FTP-BruteForce,True,1,Fwd Seg Size Min,fwdsegsizemin,5.7662529945373535,5.7662529945373535
289197,FTP-BruteForce,DoS attacks-SlowHTTPTest,False,1,Fwd Seg Size Min,fwdsegsizemin,4.989038467407227,4.989038467407227
292144,FTP-BruteForce,DoS attacks-SlowHTTPTest,False,1,Fwd Seg Size Min,fwdsegsizemin,4.989038467407227,4.989038467407227
292880,FTP-BruteForce,DoS attacks-SlowHTTPTest,False,1,Fwd Seg Size Min,fwdsegsizemin,4.982577800750732,4.982577800750732
302593,FTP-BruteForce,DoS attacks-SlowHTTPTest,False,1,Fwd Seg Size Min,fwdsegsizemin,4.989038467407227,4.989038467407227
306345,FTP-BruteForce,FTP-BruteForce,True,1,Fwd Seg Size Min,fwdsegsizemin,5.82089900970459,5.82089900970459
307159,FTP-BruteForce,FTP-BruteForce,True,1,Fwd Seg Size Min,fwdsegsizemin,6.356249809265137,6.356249809265137
315862,FTP-BruteForce,FTP-BruteForce,True,1,Fwd Seg Size Min,fwdsegsizemin,5.743864059448242,5.743864059448242
319237,FTP-BruteForce,FTP-BruteForce,True,1,Fwd Seg Size Min,fwdsegsizemin,6.430073261260986,6.430073261260986
320940,FTP-BruteForce,DoS attacks-SlowHTTPTest,False,1,Fwd Seg Size Min,fwdsegsizemin,6.598801612854004,6.598801612854004
321094,FTP-BruteForce,FTP-BruteForce,True,1,Fwd Seg Size Min,fwdsegsizemin,5.917649745941162,5.917649745941162
323541,FTP-BruteForce,FTP-BruteForce,True,1,Fwd Seg Size Min,fwdsegsizemin,6.356249809265137,6.356249809265137
330423,FTP-BruteForce,FTP-BruteForce,True,1,Fwd Seg Size Min,fwdsegsizemin,6.152994632720947,6.152994632720947
330578,FTP-BruteForce,FTP-BruteForce,True,1,Fwd Seg Size Min,fwdsegsizemin,6.43540096282959,6.43540096282959
343987,FTP-BruteForce,FTP-BruteForce,True,1,Fwd Seg Size Min,fwdsegsizemin,6.43540096282959,6.43540096282959
358821,FTP-BruteForce,DoS attacks-SlowHTTPTest,False,1,Fwd Seg Size Min,fwdsegsizemin,6.8819427490234375,6.8819427490234375
366543,FTP-BruteForce,FTP-BruteForce,True,1,Fwd Seg Size Min,fwdsegsizemin,5.867595195770264,5.867595195770264
366662,FTP-BruteForce,FTP-BruteForce,True,1,Fwd Seg Size Min,fwdsegsizemin,6.394804000854492,6.394804000854492
371991,FTP-BruteForce,FTP-BruteForce,True,1,Fwd Seg Size Min,fwdsegsizemin,6.394804000854492,6.394804000854492
379220,FTP-BruteForce,FTP-BruteForce,True,1,Fwd Seg Size Min,fwdsegsizemin,5.7662529945373535,5.7662529945373535
384136,FTP-BruteForce,FTP-BruteForce,True,1,Fwd Seg Size Min,fwdsegsizemin,5.78797721862793,5.78797721862793
392452,FTP-BruteForce,FTP-BruteForce,True,1,Fwd Seg Size Min,fwdsegsizemin,5.743864059448242,5.743864059448242
406851,FTP-BruteForce,FTP-BruteForce,True,1,Fwd Seg Size Min,fwdsegsizemin,5.7662529945373535,5.7662529945373535
413123,FTP-BruteForce,FTP-BruteForce,True,1,Fwd Seg Size Min,fwdsegsizemin,6.394804000854492,6.394804000854492
416055,FTP-BruteForce,DoS attacks-SlowHTTPTest,False,1,Fwd Seg Size Min,fwdsegsizemin,4.989038467407227,4.989038467407227
429318,FTP-BruteForce,FTP-BruteForce,True,1,Fwd Seg Size Min,fwdsegsizemin,5.78797721862793,5.78797721862793
439173,FTP-BruteForce,FTP-BruteForce,True,1,Fwd Seg Size Min,fwdsegsizemin,6.394804000854492,6.394804000854492
441291,FTP-BruteForce,FTP-BruteForce,True,1,Fwd Seg Size Min,fwdsegsizemin,6.394804000854492,6.394804000854492
448846,FTP-BruteForce,FTP-BruteForce,True,1,Fwd Seg Size Min,fwdsegsizemin,5.78797721862793,5.78797721862793
458267,FTP-BruteForce,FTP-BruteForce,True,1,Fwd Seg Size Min,fwdsegsizemin,5.917649745941162,5.917649745941162
459340,FTP-BruteForce,FTP-BruteForce,True,1,Fwd Seg Size Min,fwdsegsizemin,5.7662529945373535,5.7662529945373535
459873,FTP-BruteForce,FTP-BruteForce,True,1,Fwd Seg Size Min,fwdsegsizemin,5.78797721862793,5.78797721862793
463180,FTP-BruteForce,DoS attacks-SlowHTTPTest,False,1,Fwd Seg Size Min,fwdsegsizemin,4.989038467407227,4.989038467407227
464868,FTP-BruteForce,FTP-BruteForce,True,1,Fwd Seg Size Min,fwdsegsizemin,6.43540096282959,6.43540096282959
468962,FTP-BruteForce,FTP-BruteForce,True,1,Fwd Seg Size Min,fwdsegsizemin,5.7662529945373535,5.7662529945373535
470805,FTP-BruteForce,FTP-BruteForce,True,1,Fwd Seg Size Min,fwdsegsizemin,5.917649745941162,5.917649745941162
471936,FTP-BruteForce,FTP-BruteForce,True,1,Fwd Seg Size Min,fwdsegsizemin,5.7662529945373535,5.7662529945373535
490272,FTP-BruteForce,FTP-BruteForce,True,1,Fwd Seg Size Min,fwdsegsizemin,6.152994632720947,6.152994632720947
498342,FTP-BruteForce,FTP-BruteForce,True,1,Fwd Seg Size Min,fwdsegsizemin,5.78797721862793,5.78797721862793
499837,FTP-BruteForce,FTP-BruteForce,True,1,Fwd Seg Size Min,fwdsegsizemin,5.78797721862793,5.78797721862793
501996,FTP-BruteForce,FTP-BruteForce,True,1,Fwd Seg Size Min,fwdsegsizemin,5.867595195770264,5.867595195770264
502996,FTP-BruteForce,FTP-BruteForce,True,1,Fwd Seg Size Min,fwdsegsizemin,5.7662529945373535,5.7662529945373535
506851,FTP-BruteForce,DoS attacks-SlowHTTPTest,False,1,Fwd Seg Size Min,fwdsegsizemin,4.996650695800781,4.996650695800781
512569,FTP-BruteForce,FTP-BruteForce,True,1,Fwd Seg Size Min,fwdsegsizemin,5.741943836212158,5.741943836212158
514171,FTP-BruteForce,FTP-BruteForce,True,1,Fwd Seg Size Min,fwdsegsizemin,6.43540096282959,6.43540096282959
514465,FTP-BruteForce,FTP-BruteForce,True,1,Fwd Seg Size Min,fwdsegsizemin,6.430073261260986,6.430073261260986
515870,FTP-BruteForce,FTP-BruteForce,True,1,Fwd Seg Size Min,fwdsegsizemin,5.917649745941162,5.917649745941162
517481,FTP-BruteForce,FTP-BruteForce,True,1,Fwd Seg Size Min,fwdsegsizemin,5.78797721862793,5.78797721862793
519779,FTP-BruteForce,FTP-BruteForce,True,1,Fwd Seg Size Min,fwdsegsizemin,6.430073261260986,6.430073261260986
521894,FTP-BruteForce,FTP-BruteForce,True,1,Fwd Seg Size Min,fwdsegsizemin,6.43540096282959,6.43540096282959
543202,FTP-BruteForce,FTP-BruteForce,True,1,Fwd Seg Size Min,fwdsegsizemin,6.43540096282959,6.43540096282959
549881,FTP-BruteForce,FTP-BruteForce,True,1,Fwd Seg Size Min,fwdsegsizemin,5.7662529945373535,5.7662529945373535
581397,FTP-BruteForce,FTP-BruteForce,True,1,Fwd Seg Size Min,fwdsegsizemin,5.917649745941162,5.917649745941162
586268,FTP-BruteForce,FTP-BruteForce,True,1,Fwd Seg Size Min,fwdsegsizemin,6.394804000854492,6.394804000854492
601558,FTP-BruteForce,FTP-BruteForce,True,1,Fwd Seg Size Min,fwdsegsizemin,6.43540096282959,6.43540096282959
616576,FTP-BruteForce,FTP-BruteForce,True,1,Fwd Seg Size Min,fwdsegsizemin,6.152994632720947,6.152994632720947
620441,FTP-BruteForce,FTP-BruteForce,True,1,Fwd Seg Size Min,fwdsegsizemin,5.7662529945373535,5.7662529945373535
629903,FTP-BruteForce,FTP-BruteForce,True,1,Fwd Seg Size Min,fwdsegsizemin,6.43540096282959,6.43540096282959
629988,FTP-BruteForce,FTP-BruteForce,True,1,Fwd Seg Size Min,fwdsegsizemin,6.43540096282959,6.43540096282959
653327,FTP-BruteForce,FTP-BruteForce,True,1,Fwd Seg Size Min,fwdsegsizemin,5.78797721862793,5.78797721862793
655883,FTP-BruteForce,FTP-BruteForce,True,1,Fwd Seg Size Min,fwdsegsizemin,5.78797721862793,5.78797721862793
679271,FTP-BruteForce,FTP-BruteForce,True,1,Fwd Seg Size Min,fwdsegsizemin,5.615699768066406,5.615699768066406
681375,FTP-BruteForce,FTP-BruteForce,True,1,Fwd Seg Size Min,fwdsegsizemin,6.43540096282959,6.43540096282959
683039,FTP-BruteForce,FTP-BruteForce,True,1,Fwd Seg Size Min,fwdsegsizemin,5.743864059448242,5.743864059448242
687036,FTP-BruteForce,FTP-BruteForce,True,1,Fwd Seg Size Min,fwdsegsizemin,5.743864059448242,5.743864059448242
850,Infilteration,Benign,False,1,Fwd Pkt Len Max,fwdpktlenmax,0.4136570394039154,0.4136570394039154
5168,Infilteration,Benign,False,1,Dst Port,dstport,0.5388181209564209,0.5388181209564209
17406,Infilteration,Benign,False,1,Fwd Pkt Len Max,fwdpktlenmax,0.4083114266395569,0.4083114266395569
18793,Infilteration,Benign,False,1,Fwd Pkt Len Max,fwdpktlenmax,0.5176858901977539,0.5176858901977539
23166,Infilteration,Benign,False,1,Fwd Pkt Len Max,fwdpktlenmax,-0.7768537402153015,0.7768537402153015
28502,Infilteration,Benign,False,1,Fwd Pkt Len Max,fwdpktlenmax,0.4270789325237274,0.4270789325237274
37222,Infilteration,Benign,False,1,Fwd Pkt Len Max,fwdpktlenmax,-0.7768537402153015,0.7768537402153015
48920,Infilteration,Benign,False,1,Fwd Pkt Len Max,fwdpktlenmax,0.8014638423919678,0.8014638423919678
66623,Infilteration,Infilteration,True,1,Fwd Header Len,fwdheaderlen,1.4722685813903809,1.4722685813903809
74919,Infilteration,Benign,False,1,Fwd Pkt Len Max,fwdpktlenmax,0.41006454825401306,0.41006454825401306
78638,Infilteration,Benign,False,1,Fwd Pkt Len Max,fwdpktlenmax,0.4083156883716583,0.4083156883716583
81246,Infilteration,Benign,False,1,Dst Port,dstport,0.5414833426475525,0.5414833426475525
81343,Infilteration,Benign,False,1,Dst Port,dstport,0.6976280212402344,0.6976280212402344
83540,Infilteration,Benign,False,1,Fwd Pkt Len Max,fwdpktlenmax,-1.1186250448226929,1.1186250448226929
95283,Infilteration,Infilteration,True,1,Fwd Header Len,fwdheaderlen,1.3314845561981201,1.3314845561981201
98249,Infilteration,Benign,False,1,Flow Duration,flowduration,0.34489214420318604,0.34489214420318604
98394,Infilteration,Benign,False,1,Fwd Pkt Len Max,fwdpktlenmax,0.4066044092178345,0.4066044092178345
109251,Infilteration,Benign,False,1,Fwd Pkt Len Max,fwdpktlenmax,0.4160720109939575,0.4160720109939575
110863,Infilteration,Benign,False,1,Fwd Pkt Len Max,fwdpktlenmax,0.40655893087387085,0.40655893087387085
118883,Infilteration,Benign,False,1,Dst Port,dstport,0.561203122138977,0.561203122138977
124505,Infilteration,Benign,False,1,Fwd Pkt Len Max,fwdpktlenmax,0.41087302565574646,0.41087302565574646
125655,Infilteration,Benign,False,1,Fwd Pkt Len Max,fwdpktlenmax,-1.2612476348876953,1.2612476348876953
134703,Infilteration,Infilteration,True,1,Dst Port,dstport,1.2252429723739624,1.2252429723739624
148614,Infilteration,Infilteration,True,1,Fwd Header Len,fwdheaderlen,1.3419822454452515,1.3419822454452515
154291,Infilteration,Benign,False,1,Fwd Pkt Len Max,fwdpktlenmax,-1.1796914339065552,1.1796914339065552
158206,Infilteration,Benign,False,1,Dst Port,dstport,0.5004004836082458,0.5004004836082458
165573,Infilteration,Infilteration,True,1,Fwd Seg Size Min,fwdsegsizemin,0.876683235168457,0.876683235168457
172712,Infilteration,Benign,False,1,Fwd Pkt Len Max,fwdpktlenmax,0.5086972117424011,0.5086972117424011
176229,Infilteration,Benign,False,1,Fwd Pkt Len Max,fwdpktlenmax,-1.0393964052200317,1.0393964052200317
190670,Infilteration,Benign,False,1,Fwd Pkt Len Max,fwdpktlenmax,0.37162137031555176,0.37162137031555176
200623,Infilteration,Benign,False,1,Dst Port,dstport,0.5539968013763428,0.5539968013763428
200894,Infilteration,Benign,False,1,Dst Port,dstport,0.4978102743625641,0.4978102743625641
202802,Infilteration,Benign,False,1,Fwd Pkt Len Max,fwdpktlenmax,0.4102305769920349,0.4102305769920349
203089,Infilteration,Benign,False,1,Fwd Pkt Len Max,fwdpktlenmax,0.40871328115463257,0.40871328115463257
207578,Infilteration,Benign,False,1,Dst Port,dstport,0.6576636433601379,0.6576636433601379
208642,Infilteration,Benign,False,1,Dst Port,dstport,1.6922979354858398,1.6922979354858398
222690,Infilteration,Benign,False,1,Dst Port,dstport,1.111196517944336,1.111196517944336
223721,Infilteration,Benign,False,1,Dst Port,dstport,0.6035375595092773,0.6035375595092773
226182,Infilteration,Benign,False,1,Fwd Pkt Len Max,fwdpktlenmax,0.4047112762928009,0.4047112762928009
232823,Infilteration,Benign,False,1,Fwd Pkt Len Max,fwdpktlenmax,-1.1460882425308228,1.1460882425308228
246025,Infilteration,Benign,False,1,Fwd Pkt Len Max,fwdpktlenmax,0.40844786167144775,0.40844786167144775
250559,Infilteration,Benign,False,1,Dst Port,dstport,0.7150706052780151,0.7150706052780151
252669,Infilteration,Infilteration,True,1,Fwd Header Len,fwdheaderlen,1.3235164880752563,1.3235164880752563
255685,Infilteration,Benign,False,1,Dst Port,dstport,0.6971282958984375,0.6971282958984375
270265,Infilteration,Infilteration,True,1,Fwd Header Len,fwdheaderlen,1.350502371788025,1.350502371788025
278766,Infilteration,Benign,False,1,Fwd Pkt Len Max,fwdpktlenmax,0.7291746735572815,0.7291746735572815
284638,Infilteration,Benign,False,1,Dst Port,dstport,0.7174425721168518,0.7174425721168518
294098,Infilteration,Benign,False,1,Dst Port,dstport,0.5639662742614746,0.5639662742614746
295395,Infilteration,Benign,False,1,ECE Flag Cnt,eceflagcnt,-0.4109865128993988,0.4109865128993988
297623,Infilteration,Benign,False,1,Fwd Pkt Len Max,fwdpktlenmax,0.5274098515510559,0.5274098515510559
312727,Infilteration,Benign,False,1,Fwd Pkt Len Max,fwdpktlenmax,1.154558777809143,1.154558777809143
314695,Infilteration,Benign,False,1,Fwd Pkt Len Max,fwdpktlenmax,0.406980961561203,0.406980961561203
315095,Infilteration,Benign,False,1,ECE Flag Cnt,eceflagcnt,-0.4215995967388153,0.4215995967388153
321646,Infilteration,Benign,False,1,Dst Port,dstport,0.6975979804992676,0.6975979804992676
330667,Infilteration,Benign,False,1,Dst Port,dstport,0.8393130898475647,0.8393130898475647
348185,Infilteration,Benign,False,1,RST Flag Cnt,rstflagcnt,-0.40094098448753357,0.40094098448753357
352085,Infilteration,Benign,False,1,Fwd Pkt Len Max,fwdpktlenmax,0.40902483463287354,0.40902483463287354
359605,Infilteration,Benign,False,1,Fwd Pkt Len Max,fwdpktlenmax,0.6089982986450195,0.6089982986450195
384104,Infilteration,Benign,False,1,ECE Flag Cnt,eceflagcnt,-0.3782424330711365,0.3782424330711365
396205,Infilteration,Benign,False,1,Fwd Pkt Len Max,fwdpktlenmax,0.5202516317367554,0.5202516317367554
400666,Infilteration,Benign,False,1,Fwd Pkt Len Max,fwdpktlenmax,0.42549604177474976,0.42549604177474976
406788,Infilteration,Infilteration,True,1,Fwd Header Len,fwdheaderlen,1.3360602855682373,1.3360602855682373
409793,Infilteration,Benign,False,1,Fwd Pkt Len Max,fwdpktlenmax,-1.1186329126358032,1.1186329126358032
421356,Infilteration,Benign,False,1,Fwd Pkt Len Max,fwdpktlenmax,0.42713019251823425,0.42713019251823425
433226,Infilteration,Benign,False,1,Fwd Pkt Len Max,fwdpktlenmax,0.40332910418510437,0.40332910418510437
441871,Infilteration,Benign,False,1,Dst Port,dstport,0.5028469562530518,0.5028469562530518
457162,Infilteration,Benign,False,1,Fwd Pkt Len Max,fwdpktlenmax,0.4171929657459259,0.4171929657459259
458616,Infilteration,Benign,False,1,Dst Port,dstport,1.3588416576385498,1.3588416576385498
464943,Infilteration,Infilteration,True,1,Fwd Header Len,fwdheaderlen,1.339560866355896,1.339560866355896
472146,Infilteration,Infilteration,True,1,Flow IAT Max,flowiatmax,0.9932466745376587,0.9932466745376587
478207,Infilteration,Benign,False,1,Fwd Pkt Len Max,fwdpktlenmax,-1.1796914339065552,1.1796914339065552
479119,Infilteration,Benign,False,1,Fwd Pkt Len Max,fwdpktlenmax,0.5166861414909363,0.5166861414909363
480885,Infilteration,Benign,False,1,Fwd Pkt Len Max,fwdpktlenmax,-1.1186329126358032,1.1186329126358032
488637,Infilteration,Infilteration,True,1,Flow IAT Max,flowiatmax,0.9959511160850525,0.9959511160850525
497001,Infilteration,Benign,False,1,Fwd Pkt Len Max,fwdpktlenmax,-1.162248969078064,1.162248969078064
510189,Infilteration,Benign,False,1,Dst Port,dstport,0.867158055305481,0.867158055305481
534321,Infilteration,Benign,False,1,Dst Port,dstport,0.5812135338783264,0.5812135338783264
540297,Infilteration,Benign,False,1,Fwd Pkt Len Max,fwdpktlenmax,0.37340617179870605,0.37340617179870605
552417,Infilteration,Infilteration,True,1,Fwd Header Len,fwdheaderlen,1.246315598487854,1.246315598487854
552907,Infilteration,Benign,False,1,Fwd Pkt Len Max,fwdpktlenmax,-1.1624523401260376,1.1624523401260376
556391,Infilteration,Benign,False,1,Fwd Pkt Len Max,fwdpktlenmax,0.4443427324295044,0.4443427324295044
557853,Infilteration,Benign,False,1,Fwd Pkt Len Max,fwdpktlenmax,0.37258684635162354,0.37258684635162354
569261,Infilteration,Benign,False,1,Dst Port,dstport,0.4996124505996704,0.4996124505996704
576155,Infilteration,Benign,False,1,Dst Port,dstport,1.0341439247131348,1.0341439247131348
581941,Infilteration,Benign,False,1,Fwd Pkt Len Max,fwdpktlenmax,-1.0894089937210083,1.0894089937210083
583406,Infilteration,Benign,False,1,Fwd Pkt Len Max,fwdpktlenmax,0.4101867973804474,0.4101867973804474
585066,Infilteration,Benign,False,1,Fwd Pkt Len Max,fwdpktlenmax,0.6153945922851562,0.6153945922851562
598110,Infilteration,Benign,False,1,Fwd IAT Std,fwdiatstd,1.261397123336792,1.261397123336792
611124,Infilteration,Benign,False,1,Fwd Pkt Len Max,fwdpktlenmax,0.39552468061447144,0.39552468061447144
616267,Infilteration,Infilteration,True,1,Flow IAT Min,flowiatmin,0.550493597984314,0.550493597984314
633493,Infilteration,Infilteration,True,1,Fwd Header Len,fwdheaderlen,1.324333667755127,1.324333667755127
649006,Infilteration,Benign,False,1,Fwd Pkt Len Max,fwdpktlenmax,0.42694130539894104,0.42694130539894104
653096,Infilteration,Benign,False,1,Fwd Pkt Len Max,fwdpktlenmax,-1.1334333419799805,1.1334333419799805
654121,Infilteration,Benign,False,1,Dst Port,dstport,0.4538630545139313,0.4538630545139313
657262,Infilteration,Benign,False,1,Dst Port,dstport,0.5608752369880676,0.5608752369880676
681495,Infilteration,Benign,False,1,Fwd Pkt Len Max,fwdpktlenmax,0.705436110496521,0.705436110496521
682893,Infilteration,Benign,False,1,Dst Port,dstport,0.6835432648658752,0.6835432648658752
692944,Infilteration,Benign,False,1,Fwd Pkt Len Max,fwdpktlenmax,-1.1421781778335571,1.1421781778335571
695561,Infilteration,Benign,False,1,Dst Port,dstport,0.5108978748321533,0.5108978748321533
698152,Infilteration,Benign,False,1,Fwd Pkt Len Max,fwdpktlenmax,0.4123532176017761,0.4123532176017761
46168,SQL Injection,SQL Injection,True,1,Bwd Pkt Len Std,bwdpktlenstd,4.093239784240723,4.093239784240723
59485,SQL Injection,Brute Force -Web,False,1,Init Fwd Win Byts,initfwdwinbyts,3.848939895629883,3.848939895629883
68799,SQL Injection,SQL Injection,True,1,Bwd Pkt Len Std,bwdpktlenstd,3.0408143997192383,3.0408143997192383
74289,SQL Injection,Brute Force -Web,False,1,Init Fwd Win Byts,initfwdwinbyts,3.9503250122070312,3.9503250122070312
155941,SQL Injection,SQL Injection,True,1,Bwd Pkt Len Std,bwdpktlenstd,3.0408143997192383,3.0408143997192383
158360,SQL Injection,Brute Force -Web,False,1,Init Fwd Win Byts,initfwdwinbyts,3.850583553314209,3.850583553314209
166311,SQL Injection,SQL Injection,True,1,Flow IAT Std,flowiatstd,2.685281991958618,2.685281991958618
211181,SQL Injection,Brute Force -Web,False,1,Init Fwd Win Byts,initfwdwinbyts,3.848939895629883,3.848939895629883
239166,SQL Injection,Brute Force -Web,False,1,Fwd Pkt Len Std,fwdpktlenstd,3.5581815242767334,3.5581815242767334
265648,SQL Injection,Benign,False,1,Fwd Pkt Len Max,fwdpktlenmax,-2.0198044776916504,2.0198044776916504
294434,SQL Injection,SQL Injection,True,1,Bwd Pkt Len Std,bwdpktlenstd,3.0408143997192383,3.0408143997192383
358097,SQL Injection,SQL Injection,True,1,Flow IAT Std,flowiatstd,2.187821626663208,2.187821626663208
379791,SQL Injection,SQL Injection,True,1,Init Fwd Win Byts,initfwdwinbyts,4.9539995193481445,4.9539995193481445
404988,SQL Injection,Brute Force -Web,False,1,Init Fwd Win Byts,initfwdwinbyts,3.9726245403289795,3.9726245403289795
415297,SQL Injection,SQL Injection,True,1,Bwd Pkt Len Std,bwdpktlenstd,3.0437867641448975,3.0437867641448975
514970,SQL Injection,Brute Force -Web,False,1,Init Fwd Win Byts,initfwdwinbyts,3.848939895629883,3.848939895629883
557077,SQL Injection,SQL Injection,True,1,Bwd Pkt Len Std,bwdpktlenstd,3.0408143997192383,3.0408143997192383
700,SSH-Bruteforce,SSH-Bruteforce,True,1,Dst Port,dstport,6.2400431632995605,6.2400431632995605
3615,SSH-Bruteforce,SSH-Bruteforce,True,1,Dst Port,dstport,6.2400431632995605,6.2400431632995605
6532,SSH-Bruteforce,SSH-Bruteforce,True,1,Dst Port,dstport,6.2400431632995605,6.2400431632995605
18306,SSH-Bruteforce,SSH-Bruteforce,True,1,Dst Port,dstport,6.2400431632995605,6.2400431632995605
18567,SSH-Bruteforce,SSH-Bruteforce,True,1,Dst Port,dstport,6.2214035987854,6.2214035987854
34761,SSH-Bruteforce,SSH-Bruteforce,True,1,Dst Port,dstport,6.2400431632995605,6.2400431632995605
38683,SSH-Bruteforce,SSH-Bruteforce,True,1,Dst Port,dstport,6.2400431632995605,6.2400431632995605
41679,SSH-Bruteforce,SSH-Bruteforce,True,1,Dst Port,dstport,6.2400431632995605,6.2400431632995605
46154,SSH-Bruteforce,SSH-Bruteforce,True,1,Dst Port,dstport,6.2400431632995605,6.2400431632995605
53758,SSH-Bruteforce,SSH-Bruteforce,True,1,Dst Port,dstport,6.2214035987854,6.2214035987854
65720,SSH-Bruteforce,SSH-Bruteforce,True,1,Dst Port,dstport,6.095210075378418,6.095210075378418
69155,SSH-Bruteforce,SSH-Bruteforce,True,1,Dst Port,dstport,6.2400431632995605,6.2400431632995605
71804,SSH-Bruteforce,SSH-Bruteforce,True,1,Dst Port,dstport,6.2400431632995605,6.2400431632995605
72552,SSH-Bruteforce,SSH-Bruteforce,True,1,Dst Port,dstport,6.2400431632995605,6.2400431632995605
89189,SSH-Bruteforce,SSH-Bruteforce,True,1,Dst Port,dstport,6.2400431632995605,6.2400431632995605
91729,SSH-Bruteforce,SSH-Bruteforce,True,1,Dst Port,dstport,6.2400431632995605,6.2400431632995605
105863,SSH-Bruteforce,SSH-Bruteforce,True,1,Dst Port,dstport,6.2400431632995605,6.2400431632995605
108676,SSH-Bruteforce,SSH-Bruteforce,True,1,Dst Port,dstport,6.2400431632995605,6.2400431632995605
115009,SSH-Bruteforce,SSH-Bruteforce,True,1,Dst Port,dstport,6.2400431632995605,6.2400431632995605
118301,SSH-Bruteforce,SSH-Bruteforce,True,1,Dst Port,dstport,6.2400431632995605,6.2400431632995605
120869,SSH-Bruteforce,SSH-Bruteforce,True,1,Dst Port,dstport,6.2400431632995605,6.2400431632995605
128499,SSH-Bruteforce,SSH-Bruteforce,True,1,Dst Port,dstport,6.2400431632995605,6.2400431632995605
132093,SSH-Bruteforce,SSH-Bruteforce,True,1,Dst Port,dstport,6.221314907073975,6.221314907073975
140273,SSH-Bruteforce,SSH-Bruteforce,True,1,Dst Port,dstport,6.2400431632995605,6.2400431632995605
144566,SSH-Bruteforce,SSH-Bruteforce,True,1,Dst Port,dstport,6.2400431632995605,6.2400431632995605
146352,SSH-Bruteforce,SSH-Bruteforce,True,1,Dst Port,dstport,6.2400431632995605,6.2400431632995605
147149,SSH-Bruteforce,SSH-Bruteforce,True,1,Dst Port,dstport,6.2400431632995605,6.2400431632995605
149972,SSH-Bruteforce,SSH-Bruteforce,True,1,Dst Port,dstport,6.2400431632995605,6.2400431632995605
166815,SSH-Bruteforce,SSH-Bruteforce,True,1,Dst Port,dstport,6.2400431632995605,6.2400431632995605
170698,SSH-Bruteforce,SSH-Bruteforce,True,1,Dst Port,dstport,6.221385478973389,6.221385478973389
176656,SSH-Bruteforce,SSH-Bruteforce,True,1,Dst Port,dstport,6.2214035987854,6.2214035987854
178179,SSH-Bruteforce,SSH-Bruteforce,True,1,Dst Port,dstport,6.2214035987854,6.2214035987854
185649,SSH-Bruteforce,SSH-Bruteforce,True,1,Dst Port,dstport,6.2400431632995605,6.2400431632995605
197309,SSH-Bruteforce,SSH-Bruteforce,True,1,Dst Port,dstport,6.2400431632995605,6.2400431632995605
197350,SSH-Bruteforce,SSH-Bruteforce,True,1,Dst Port,dstport,6.2400431632995605,6.2400431632995605
207278,SSH-Bruteforce,SSH-Bruteforce,True,1,Dst Port,dstport,6.2214035987854,6.2214035987854
216128,SSH-Bruteforce,SSH-Bruteforce,True,1,Dst Port,dstport,5.838779926300049,5.838779926300049
220751,SSH-Bruteforce,SSH-Bruteforce,True,1,Dst Port,dstport,6.095210075378418,6.095210075378418
234638,SSH-Bruteforce,SSH-Bruteforce,True,1,Dst Port,dstport,5.832403659820557,5.832403659820557
237186,SSH-Bruteforce,SSH-Bruteforce,True,1,Dst Port,dstport,6.2214035987854,6.2214035987854
239077,SSH-Bruteforce,SSH-Bruteforce,True,1,Dst Port,dstport,6.2400431632995605,6.2400431632995605
248240,SSH-Bruteforce,SSH-Bruteforce,True,1,Dst Port,dstport,6.2400431632995605,6.2400431632995605
253627,SSH-Bruteforce,SSH-Bruteforce,True,1,Dst Port,dstport,6.2400431632995605,6.2400431632995605
255004,SSH-Bruteforce,SSH-Bruteforce,True,1,Dst Port,dstport,5.527334213256836,5.527334213256836
262642,SSH-Bruteforce,SSH-Bruteforce,True,1,Dst Port,dstport,6.2400431632995605,6.2400431632995605
264254,SSH-Bruteforce,SSH-Bruteforce,True,1,Dst Port,dstport,6.2400431632995605,6.2400431632995605
286658,SSH-Bruteforce,SSH-Bruteforce,True,1,Dst Port,dstport,6.2400431632995605,6.2400431632995605
287729,SSH-Bruteforce,SSH-Bruteforce,True,1,Dst Port,dstport,6.2400431632995605,6.2400431632995605
292441,SSH-Bruteforce,SSH-Bruteforce,True,1,Dst Port,dstport,6.2400431632995605,6.2400431632995605
311164,SSH-Bruteforce,SSH-Bruteforce,True,1,Dst Port,dstport,6.2400431632995605,6.2400431632995605
312349,SSH-Bruteforce,SSH-Bruteforce,True,1,Dst Port,dstport,6.2400431632995605,6.2400431632995605
320545,SSH-Bruteforce,SSH-Bruteforce,True,1,Dst Port,dstport,6.2400431632995605,6.2400431632995605
322400,SSH-Bruteforce,SSH-Bruteforce,True,1,Dst Port,dstport,6.2400431632995605,6.2400431632995605
326393,SSH-Bruteforce,SSH-Bruteforce,True,1,Dst Port,dstport,6.103461265563965,6.103461265563965
326877,SSH-Bruteforce,SSH-Bruteforce,True,1,Dst Port,dstport,6.2400431632995605,6.2400431632995605
329911,SSH-Bruteforce,SSH-Bruteforce,True,1,Dst Port,dstport,6.227142810821533,6.227142810821533
330142,SSH-Bruteforce,SSH-Bruteforce,True,1,Dst Port,dstport,6.103461265563965,6.103461265563965
331268,SSH-Bruteforce,SSH-Bruteforce,True,1,Dst Port,dstport,6.2400431632995605,6.2400431632995605
338060,SSH-Bruteforce,SSH-Bruteforce,True,1,Dst Port,dstport,6.2400431632995605,6.2400431632995605
364927,SSH-Bruteforce,SSH-Bruteforce,True,1,Dst Port,dstport,6.2400431632995605,6.2400431632995605
366374,SSH-Bruteforce,SSH-Bruteforce,True,1,Dst Port,dstport,6.2400431632995605,6.2400431632995605
370476,SSH-Bruteforce,SSH-Bruteforce,True,1,Dst Port,dstport,6.103461265563965,6.103461265563965
384401,SSH-Bruteforce,SSH-Bruteforce,True,1,Dst Port,dstport,6.289041042327881,6.289041042327881
392295,SSH-Bruteforce,SSH-Bruteforce,True,1,Dst Port,dstport,6.2400431632995605,6.2400431632995605
394399,SSH-Bruteforce,SSH-Bruteforce,True,1,Dst Port,dstport,6.221385478973389,6.221385478973389
394609,SSH-Bruteforce,SSH-Bruteforce,True,1,Dst Port,dstport,6.2400431632995605,6.2400431632995605
409941,SSH-Bruteforce,SSH-Bruteforce,True,1,Dst Port,dstport,6.2400431632995605,6.2400431632995605
419103,SSH-Bruteforce,SSH-Bruteforce,True,1,Dst Port,dstport,6.2400431632995605,6.2400431632995605
419955,SSH-Bruteforce,SSH-Bruteforce,True,1,Dst Port,dstport,6.0586628913879395,6.0586628913879395
431716,SSH-Bruteforce,SSH-Bruteforce,True,1,Dst Port,dstport,6.2400431632995605,6.2400431632995605
434728,SSH-Bruteforce,SSH-Bruteforce,True,1,Dst Port,dstport,6.2400431632995605,6.2400431632995605
449710,SSH-Bruteforce,SSH-Bruteforce,True,1,Dst Port,dstport,6.2400431632995605,6.2400431632995605
455128,SSH-Bruteforce,SSH-Bruteforce,True,1,Dst Port,dstport,6.2400431632995605,6.2400431632995605
459322,SSH-Bruteforce,SSH-Bruteforce,True,1,Dst Port,dstport,6.103461265563965,6.103461265563965
459759,SSH-Bruteforce,SSH-Bruteforce,True,1,Dst Port,dstport,6.2400431632995605,6.2400431632995605
474837,SSH-Bruteforce,SSH-Bruteforce,True,1,Dst Port,dstport,6.2400431632995605,6.2400431632995605
479497,SSH-Bruteforce,SSH-Bruteforce,True,1,Dst Port,dstport,6.2400431632995605,6.2400431632995605
496963,SSH-Bruteforce,SSH-Bruteforce,True,1,Dst Port,dstport,6.2400431632995605,6.2400431632995605
513187,SSH-Bruteforce,SSH-Bruteforce,True,1,Dst Port,dstport,6.2400431632995605,6.2400431632995605
521774,SSH-Bruteforce,SSH-Bruteforce,True,1,Dst Port,dstport,6.2214035987854,6.2214035987854
529046,SSH-Bruteforce,SSH-Bruteforce,True,1,Dst Port,dstport,6.2400431632995605,6.2400431632995605
530712,SSH-Bruteforce,SSH-Bruteforce,True,1,Dst Port,dstport,6.06621789932251,6.06621789932251
544121,SSH-Bruteforce,SSH-Bruteforce,True,1,Dst Port,dstport,6.103461265563965,6.103461265563965
547214,SSH-Bruteforce,SSH-Bruteforce,True,1,Dst Port,dstport,6.2400431632995605,6.2400431632995605
577853,SSH-Bruteforce,SSH-Bruteforce,True,1,Dst Port,dstport,6.2214035987854,6.2214035987854
578272,SSH-Bruteforce,SSH-Bruteforce,True,1,Dst Port,dstport,6.2400431632995605,6.2400431632995605
582255,SSH-Bruteforce,SSH-Bruteforce,True,1,Dst Port,dstport,6.0586628913879395,6.0586628913879395
588968,SSH-Bruteforce,SSH-Bruteforce,True,1,Dst Port,dstport,6.095210075378418,6.095210075378418
589935,SSH-Bruteforce,SSH-Bruteforce,True,1,Dst Port,dstport,6.227142810821533,6.227142810821533
591621,SSH-Bruteforce,SSH-Bruteforce,True,1,Dst Port,dstport,6.2400431632995605,6.2400431632995605
604435,SSH-Bruteforce,SSH-Bruteforce,True,1,Dst Port,dstport,6.095210075378418,6.095210075378418
608020,SSH-Bruteforce,SSH-Bruteforce,True,1,Dst Port,dstport,6.2400431632995605,6.2400431632995605
623534,SSH-Bruteforce,SSH-Bruteforce,True,1,Dst Port,dstport,6.2400431632995605,6.2400431632995605
626096,SSH-Bruteforce,SSH-Bruteforce,True,1,Dst Port,dstport,6.2400431632995605,6.2400431632995605
649553,SSH-Bruteforce,SSH-Bruteforce,True,1,Dst Port,dstport,6.0952277183532715,6.0952277183532715
656508,SSH-Bruteforce,SSH-Bruteforce,True,1,Dst Port,dstport,6.2400431632995605,6.2400431632995605
660211,SSH-Bruteforce,SSH-Bruteforce,True,1,Dst Port,dstport,6.2400431632995605,6.2400431632995605
665712,SSH-Bruteforce,SSH-Bruteforce,True,1,Dst Port,dstport,6.103461265563965,6.103461265563965
698290,SSH-Bruteforce,SSH-Bruteforce,True,1,Dst Port,dstport,6.2400431632995605,6.2400431632995605
699715,SSH-Bruteforce,SSH-Bruteforce,True,1,Dst Port,dstport,6.103461265563965,6.103461265563965
