sample_id,predicted_label,raw_margin,shap_reconstructed_margin,absolute_error
30494,Benign,6.34910774230957,6.349109649658203,1.9073486328125e-06
44615,Benign,4.677855491638184,4.6778564453125,9.5367431640625e-07
47536,Benign,6.130863666534424,6.130864143371582,4.76837158203125e-07
53524,Benign,6.34910774230957,6.349109649658203,1.9073486328125e-06
60185,Benign,6.307713508605957,6.307714939117432,1.430511474609375e-06
62519,Benign,6.37835693359375,6.378358840942383,1.9073486328125e-06
64530,Benign,6.882967948913574,6.882968902587891,9.5367431640625e-07
65941,Benign,6.347779750823975,6.347782135009766,2.384185791015625e-06
68041,Benign,6.522702693939209,6.522702693939209,0.0
89608,Benign,6.34910774230957,6.349110126495361,2.384185791015625e-06
90857,Benign,6.34910774230957,6.349109649658203,1.9073486328125e-06
97737,Benign,7.053760528564453,7.053760528564453,0.0
107855,Benign,6.355510711669922,6.355513095855713,2.384185791015625e-06
112382,Benign,6.293455600738525,6.293457984924316,2.384185791015625e-06
115515,Benign,6.015779495239258,6.015780925750732,1.430511474609375e-06
127737,Benign,7.009478569030762,7.009479999542236,1.430511474609375e-06
132592,Benign,8.916847229003906,8.916845321655273,1.9073486328125e-06
136157,Benign,8.54643440246582,8.546430587768555,3.814697265625e-06
141031,Benign,8.916847229003906,8.916845321655273,1.9073486328125e-06
158748,Benign,6.34910774230957,6.349109649658203,1.9073486328125e-06
158954,Infilteration,4.6139044761657715,4.6139020919799805,2.384185791015625e-06
167490,Benign,7.0897088050842285,7.089710235595703,1.430511474609375e-06
193452,Benign,6.6345343589782715,6.6345343589782715,0.0
201691,Benign,6.707188606262207,6.707187175750732,1.430511474609375e-06
218539,Benign,6.37835693359375,6.378358840942383,1.9073486328125e-06
227976,Benign,8.916847229003906,8.916845321655273,1.9073486328125e-06
231084,Benign,6.526420593261719,6.526420593261719,0.0
248229,Benign,8.079147338867188,8.079145431518555,1.9073486328125e-06
254778,Benign,6.264495372772217,6.264493942260742,1.430511474609375e-06
256740,Benign,6.296811580657959,6.296809196472168,2.384185791015625e-06
259401,Benign,7.514141082763672,7.5141401290893555,9.5367431640625e-07
259614,Benign,8.504887580871582,8.504888534545898,9.5367431640625e-07
271317,Benign,6.314948558807373,6.314950942993164,2.384185791015625e-06
281657,Benign,8.54643440246582,8.546430587768555,3.814697265625e-06
287611,Benign,6.36930513381958,6.369307518005371,2.384185791015625e-06
303191,Benign,6.202816009521484,6.202815532684326,4.76837158203125e-07
304773,Benign,6.314948558807373,6.314950942993164,2.384185791015625e-06
306115,Benign,6.556214332580566,6.556212425231934,1.9073486328125e-06
307273,Benign,6.872426509857178,6.872427940368652,1.430511474609375e-06
310460,Benign,7.9927215576171875,7.992722511291504,9.5367431640625e-07
312057,Benign,6.34910774230957,6.349110126495361,2.384185791015625e-06
315340,Benign,6.355215549468994,6.355218887329102,3.337860107421875e-06
315405,Benign,6.480260848999023,6.480262756347656,1.9073486328125e-06
324215,Benign,9.063777923583984,9.063779830932617,1.9073486328125e-06
326870,Benign,6.418698787689209,6.418701648712158,2.86102294921875e-06
328846,Benign,8.4895601272583,8.489559173583984,9.5367431640625e-07
333229,Benign,9.099288940429688,9.099288940429688,0.0
348726,Benign,5.995071887969971,5.99506950378418,2.384185791015625e-06
350511,Benign,6.314948558807373,6.314950942993164,2.384185791015625e-06
359556,Benign,6.37835693359375,6.378358840942383,1.9073486328125e-06
368816,Benign,7.577251434326172,7.5772504806518555,9.5367431640625e-07
382065,Benign,6.34910774230957,6.349109649658203,1.9073486328125e-06
382888,Benign,6.225748062133789,6.225749969482422,1.9073486328125e-06
388416,Benign,6.753294944763184,6.753294944763184,0.0
395421,Benign,5.975868225097656,5.9758687019348145,4.76837158203125e-07
440965,Benign,6.443183422088623,6.4431843757629395,9.5367431640625e-07
442249,Benign,6.608845233917236,6.6088457107543945,4.76837158203125e-07
445821,Benign,6.368902683258057,6.368904113769531,1.430511474609375e-06
450718,Benign,6.445379257202148,6.44537878036499,4.76837158203125e-07
458140,Benign,6.455899715423584,6.455902099609375,2.384185791015625e-06
468836,Benign,6.459957599639893,6.459959983825684,2.384185791015625e-06
474565,Benign,7.9343180656433105,7.934318542480469,4.76837158203125e-07
477782,Benign,6.34910774230957,6.349109649658203,1.9073486328125e-06
478129,Benign,6.37835693359375,6.378358840942383,1.9073486328125e-06
480566,Benign,6.44265079498291,6.442651748657227,9.5367431640625e-07
488114,Benign,8.916847229003906,8.916845321655273,1.9073486328125e-06
490267,Benign,6.404735565185547,6.4047322273254395,3.337860107421875e-06
490402,Benign,8.033988952636719,8.033988952636719,0.0
502336,Benign,7.520496845245361,7.520495414733887,1.430511474609375e-06
515236,Benign,6.25163459777832,6.251637935638428,3.337860107421875e-06
520643,Benign,6.330228805541992,6.330230712890625,1.9073486328125e-06
521602,Benign,6.444111347198486,6.444113731384277,2.384185791015625e-06
530908,Benign,7.520496845245361,7.520495414733887,1.430511474609375e-06
532192,Benign,7.040439605712891,7.040439605712891,0.0
533020,Benign,6.37835693359375,6.378358840942383,1.9073486328125e-06
537698,Benign,4.697453022003174,4.69745397567749,9.5367431640625e-07
541910,Benign,6.2218732833862305,6.221873760223389,4.76837158203125e-07
545079,Benign,6.038331508636475,6.038329601287842,1.9073486328125e-06
547283,Benign,6.577487468719482,6.577487468719482,0.0
550403,Benign,7.023261070251465,7.023261070251465,0.0
557142,Benign,6.3031487464904785,6.303150653839111,1.9073486328125e-06
563564,Benign,7.315999984741211,7.3159990310668945,9.5367431640625e-07
576124,Benign,7.187037467956543,7.18703556060791,1.9073486328125e-06
579563,Benign,6.721832752227783,6.721834659576416,1.9073486328125e-06
582808,Benign,7.998709678649902,7.998710632324219,9.5367431640625e-07
583078,Benign,6.407722473144531,6.407724380493164,1.9073486328125e-06
588062,Benign,5.659922122955322,5.659920692443848,1.430511474609375e-06
589521,Benign,7.018200874328613,7.018202304840088,1.430511474609375e-06
601078,Benign,8.605761528015137,8.605762481689453,9.5367431640625e-07
601254,Benign,7.052560806274414,7.0525617599487305,9.5367431640625e-07
621731,Benign,8.167140007019043,8.16713809967041,1.9073486328125e-06
625391,Benign,6.313432693481445,6.31343412399292,1.430511474609375e-06
628883,Benign,6.37835693359375,6.378358840942383,1.9073486328125e-06
634090,Benign,7.7782135009765625,7.7782135009765625,0.0
645819,Benign,6.347779750823975,6.347782135009766,2.384185791015625e-06
648787,Benign,7.868968963623047,7.868968963623047,0.0
658274,Benign,8.916847229003906,8.916845321655273,1.9073486328125e-06
677415,Benign,6.547397613525391,6.547393798828125,3.814697265625e-06
679623,Benign,6.307713508605957,6.307714939117432,1.430511474609375e-06
683031,Benign,6.361350059509277,6.361346244812012,3.814697265625e-06
14173,Bot,8.553807258605957,8.55380630493164,9.5367431640625e-07
16360,Bot,8.553807258605957,8.55380630493164,9.5367431640625e-07
30548,Bot,8.553807258605957,8.55380630493164,9.5367431640625e-07
46299,Bot,8.553807258605957,8.55380630493164,9.5367431640625e-07
56216,Bot,8.536260604858398,8.536262512207031,1.9073486328125e-06
59199,Bot,8.553807258605957,8.55380630493164,9.5367431640625e-07
60182,Bot,8.553807258605957,8.553808212280273,9.5367431640625e-07
67293,Bot,8.553807258605957,8.553805351257324,1.9073486328125e-06
68662,Bot,8.553807258605957,8.553808212280273,9.5367431640625e-07
73646,Bot,8.553807258605957,8.55380630493164,9.5367431640625e-07
91415,Bot,8.553807258605957,8.553808212280273,9.5367431640625e-07
99758,Bot,8.553807258605957,8.55380630493164,9.5367431640625e-07
102683,Bot,8.553807258605957,8.553808212280273,9.5367431640625e-07
107435,Bot,8.553807258605957,8.55380630493164,9.5367431640625e-07
113993,Bot,8.553807258605957,8.55380630493164,9.5367431640625e-07
119747,Bot,8.553807258605957,8.55380916595459,1.9073486328125e-06
122949,Bot,8.553807258605957,8.55380916595459,1.9073486328125e-06
123816,Bot,8.553807258605957,8.553808212280273,9.5367431640625e-07
126309,Bot,8.553807258605957,8.55380916595459,1.9073486328125e-06
132210,Bot,8.553807258605957,8.553808212280273,9.5367431640625e-07
141904,Bot,8.553807258605957,8.553808212280273,9.5367431640625e-07
183491,Bot,8.536260604858398,8.536262512207031,1.9073486328125e-06
185504,Bot,8.553807258605957,8.553807258605957,0.0
187617,Bot,8.553807258605957,8.55380916595459,1.9073486328125e-06
188726,Bot,8.553807258605957,8.55380630493164,9.5367431640625e-07
191740,Bot,8.553807258605957,8.553808212280273,9.5367431640625e-07
194338,Bot,8.553807258605957,8.553808212280273,9.5367431640625e-07
200364,Bot,8.553807258605957,8.553808212280273,9.5367431640625e-07
207430,Bot,8.553807258605957,8.55380916595459,1.9073486328125e-06
211126,Bot,8.553807258605957,8.553808212280273,9.5367431640625e-07
214885,Bot,8.553807258605957,8.553805351257324,1.9073486328125e-06
216754,Bot,8.553807258605957,8.55380916595459,1.9073486328125e-06
231694,Bot,8.553807258605957,8.55380916595459,1.9073486328125e-06
233709,Bot,8.553807258605957,8.55380630493164,9.5367431640625e-07
243609,Bot,8.553807258605957,8.553808212280273,9.5367431640625e-07
256618,Bot,8.553807258605957,8.55380630493164,9.5367431640625e-07
291403,Bot,8.553807258605957,8.553808212280273,9.5367431640625e-07
293431,Bot,8.553807258605957,8.55380916595459,1.9073486328125e-06
302253,Bot,8.553807258605957,8.55380630493164,9.5367431640625e-07
307519,Bot,8.553807258605957,8.55380630493164,9.5367431640625e-07
309132,Bot,8.553807258605957,8.553808212280273,9.5367431640625e-07
312250,Bot,8.553807258605957,8.553808212280273,9.5367431640625e-07
312713,Bot,8.553807258605957,8.55380916595459,1.9073486328125e-06
313806,Bot,8.536260604858398,8.536262512207031,1.9073486328125e-06
317767,Bot,8.553807258605957,8.553808212280273,9.5367431640625e-07
318998,Bot,8.553807258605957,8.553805351257324,1.9073486328125e-06
323358,Bot,8.553807258605957,8.553808212280273,9.5367431640625e-07
326555,Bot,8.553807258605957,8.55380916595459,1.9073486328125e-06
330877,Bot,8.553807258605957,8.553808212280273,9.5367431640625e-07
336988,Bot,8.553807258605957,8.553805351257324,1.9073486328125e-06
340208,Bot,8.553807258605957,8.55380630493164,9.5367431640625e-07
343077,Bot,8.553807258605957,8.55380630493164,9.5367431640625e-07
344132,Bot,8.553807258605957,8.553805351257324,1.9073486328125e-06
345039,Bot,8.553807258605957,8.55380630493164,9.5367431640625e-07
345049,Bot,8.553807258605957,8.55380916595459,1.9073486328125e-06
363090,Bot,8.553807258605957,8.55380916595459,1.9073486328125e-06
377181,Bot,8.553807258605957,8.55380630493164,9.5367431640625e-07
379049,Bot,8.553807258605957,8.55380916595459,1.9073486328125e-06
379341,Bot,8.553807258605957,8.55380630493164,9.5367431640625e-07
397490,Bot,8.553807258605957,8.55380630493164,9.5367431640625e-07
402197,Bot,8.553807258605957,8.55380916595459,1.9073486328125e-06
404377,Bot,8.553807258605957,8.553808212280273,9.5367431640625e-07
406035,Bot,8.553807258605957,8.55380630493164,9.5367431640625e-07
408593,Bot,8.553807258605957,8.55380630493164,9.5367431640625e-07
410845,Bot,8.553807258605957,8.553808212280273,9.5367431640625e-07
424607,Bot,8.553807258605957,8.553808212280273,9.5367431640625e-07
435398,Bot,8.553807258605957,8.55380630493164,9.5367431640625e-07
436253,Bot,8.553807258605957,8.55380630493164,9.5367431640625e-07
450779,Bot,8.553807258605957,8.55380630493164,9.5367431640625e-07
458210,Bot,8.553807258605957,8.55380630493164,9.5367431640625e-07
459739,Bot,8.553807258605957,8.553808212280273,9.5367431640625e-07
466558,Bot,8.553807258605957,8.55380916595459,1.9073486328125e-06
470293,Bot,8.553807258605957,8.553808212280273,9.5367431640625e-07
484737,Bot,8.553807258605957,8.553808212280273,9.5367431640625e-07
488249,Bot,8.553807258605957,8.55380630493164,9.5367431640625e-07
496800,Bot,8.553807258605957,8.553808212280273,9.5367431640625e-07
499022,Bot,8.553807258605957,8.553807258605957,0.0
500197,Bot,8.553807258605957,8.55380916595459,1.9073486328125e-06
510651,Bot,8.553807258605957,8.55380630493164,9.5367431640625e-07
524766,Bot,8.553807258605957,8.55380916595459,1.9073486328125e-06
525284,Bot,8.553807258605957,8.553808212280273,9.5367431640625e-07
528273,Bot,8.553807258605957,8.55380630493164,9.5367431640625e-07
538116,Bot,8.553807258605957,8.55380630493164,9.5367431640625e-07
542520,Bot,8.553807258605957,8.55380630493164,9.5367431640625e-07
544866,Bot,8.553807258605957,8.55380630493164,9.5367431640625e-07
545812,Bot,8.553807258605957,8.55380630493164,9.5367431640625e-07
550240,Bot,8.553807258605957,8.55380916595459,1.9073486328125e-06
560539,Bot,8.553807258605957,8.55380630493164,9.5367431640625e-07
561240,Bot,8.553807258605957,8.553808212280273,9.5367431640625e-07
590538,Bot,8.553807258605957,8.553808212280273,9.5367431640625e-07
593714,Bot,8.553807258605957,8.55380630493164,9.5367431640625e-07
626470,Bot,8.553807258605957,8.55380630493164,9.5367431640625e-07
629865,Bot,8.553807258605957,8.553805351257324,1.9073486328125e-06
643020,Bot,8.553807258605957,8.55380630493164,9.5367431640625e-07
652891,Bot,8.553807258605957,8.553808212280273,9.5367431640625e-07
665093,Bot,8.553807258605957,8.55380630493164,9.5367431640625e-07
667959,Bot,8.553807258605957,8.553808212280273,9.5367431640625e-07
668300,Bot,9.707672119140625,9.707669258117676,2.86102294921875e-06
674573,Bot,8.553807258605957,8.55380630493164,9.5367431640625e-07
690668,Bot,8.553807258605957,8.553808212280273,9.5367431640625e-07
1582,Brute Force -Web,7.40834379196167,7.408345699310303,1.9073486328125e-06
4054,Brute Force -Web,7.268466472625732,7.268467426300049,9.5367431640625e-07
12970,SQL Injection,7.6602911949157715,7.660295486450195,4.291534423828125e-06
20922,Brute Force -Web,9.263232231140137,9.263233184814453,9.5367431640625e-07
26662,Brute Force -Web,9.431845664978027,9.43185043334961,4.76837158203125e-06
29535,Brute Force -Web,10.105400085449219,10.105398178100586,1.9073486328125e-06
42573,Brute Force -Web,6.634672164916992,6.63467264175415,4.76837158203125e-07
49728,Brute Force -Web,10.105400085449219,10.105398178100586,1.9073486328125e-06
63181,Benign,6.127710819244385,6.127712726593018,1.9073486328125e-06
63228,Brute Force -Web,9.240873336791992,9.240875244140625,1.9073486328125e-06
68427,Brute Force -Web,7.704080104827881,7.704080104827881,0.0
81969,Benign,5.891706943511963,5.8917036056518555,3.337860107421875e-06
86164,Brute Force -Web,9.240873336791992,9.240875244140625,1.9073486328125e-06
88816,Brute Force -Web,10.027284622192383,10.02728271484375,1.9073486328125e-06
92264,Brute Force -Web,8.655505180358887,8.655508041381836,2.86102294921875e-06
106461,Benign,6.127710819244385,6.127712726593018,1.9073486328125e-06
147870,Brute Force -Web,10.105400085449219,10.105398178100586,1.9073486328125e-06
149080,Brute Force -Web,9.31648063659668,9.316484451293945,3.814697265625e-06
149794,Brute Force -Web,10.105400085449219,10.105398178100586,1.9073486328125e-06
182417,Brute Force -Web,6.634672164916992,6.63467264175415,4.76837158203125e-07
201841,Brute Force -Web,8.269689559936523,8.269689559936523,0.0
211898,Brute Force -Web,9.50359058380127,9.503591537475586,9.5367431640625e-07
225404,Benign,7.108896732330322,7.1088972091674805,4.76837158203125e-07
235209,Benign,6.277121067047119,6.277122497558594,1.430511474609375e-06
243512,Brute Force -Web,10.105400085449219,10.105398178100586,1.9073486328125e-06
244749,Brute Force -Web,9.263232231140137,9.263233184814453,9.5367431640625e-07
245086,Benign,7.123300075531006,7.123300552368164,4.76837158203125e-07
246629,Brute Force -Web,9.263232231140137,9.263233184814453,9.5367431640625e-07
247717,Brute Force -Web,10.105400085449219,10.105398178100586,1.9073486328125e-06
250642,Brute Force -Web,9.431845664978027,9.431848526000977,2.86102294921875e-06
252676,Brute Force -Web,9.450663566589355,9.450664520263672,9.5367431640625e-07
253046,Brute Force -Web,10.105400085449219,10.105398178100586,1.9073486328125e-06
254715,Brute Force -Web,9.31648063659668,9.316484451293945,3.814697265625e-06
262898,Brute Force -Web,10.105400085449219,10.105398178100586,1.9073486328125e-06
292102,Benign,6.127710819244385,6.127712726593018,1.9073486328125e-06
297866,Brute Force -Web,9.263232231140137,9.263233184814453,9.5367431640625e-07
302291,Brute Force -Web,9.50359058380127,9.503591537475586,9.5367431640625e-07
307982,Brute Force -Web,9.431845664978027,9.431848526000977,2.86102294921875e-06
315063,Brute Force -Web,10.027284622192383,10.02728271484375,1.9073486328125e-06
315736,Benign,6.127710819244385,6.127712726593018,1.9073486328125e-06
318492,Brute Force -Web,10.068277359008789,10.068275451660156,1.9073486328125e-06
322974,Benign,7.108896732330322,7.1088972091674805,4.76837158203125e-07
332620,Benign,5.304521560668945,5.304521560668945,0.0
335757,Benign,6.205231189727783,6.205232620239258,1.430511474609375e-06
339667,Brute Force -Web,7.704080104827881,7.704080104827881,0.0
349906,Brute Force -Web,10.105400085449219,10.105398178100586,1.9073486328125e-06
351886,Benign,6.696934700012207,6.696937084197998,2.384185791015625e-06
360489,Benign,6.3943610191345215,6.394362449645996,1.430511474609375e-06
365833,Brute Force -Web,7.40834379196167,7.408345699310303,1.9073486328125e-06
366290,Brute Force -Web,9.020467758178711,9.020469665527344,1.9073486328125e-06
371708,Benign,7.108896732330322,7.1088972091674805,4.76837158203125e-07
383599,Brute Force -Web,10.105400085449219,10.105400085449219,0.0
385336,Brute Force -Web,10.027284622192383,10.02728271484375,1.9073486328125e-06
387556,Brute Force -Web,4.389960289001465,4.38995885848999,1.430511474609375e-06
392548,Brute Force -Web,9.31648063659668,9.316484451293945,3.814697265625e-06
394927,Benign,6.277121067047119,6.277122497558594,1.430511474609375e-06
417634,Brute Force -Web,7.40834379196167,7.408345699310303,1.9073486328125e-06
421817,Brute Force -Web,9.50359058380127,9.503591537475586,9.5367431640625e-07
430855,Brute Force -Web,6.697111129760742,6.697112560272217,1.430511474609375e-06
432334,Benign,6.127710819244385,6.127712726593018,1.9073486328125e-06
435082,Brute Force -Web,8.656968116760254,8.656970977783203,2.86102294921875e-06
438174,Brute Force -Web,10.105400085449219,10.105398178100586,1.9073486328125e-06
445619,Brute Force -Web,9.431845664978027,9.431848526000977,2.86102294921875e-06
462813,Brute Force -Web,9.31648063659668,9.316484451293945,3.814697265625e-06
465061,Brute Force -Web,2.6157619953155518,2.6157608032226562,1.1920928955078125e-06
469032,Benign,6.127710819244385,6.127712726593018,1.9073486328125e-06
470325,Brute Force -Web,9.431845664978027,9.43185043334961,4.76837158203125e-06
474363,Benign,6.127710819244385,6.127712726593018,1.9073486328125e-06
498379,Brute Force -Web,10.105400085449219,10.105400085449219,0.0
498647,Brute Force -Web,9.50359058380127,9.503591537475586,9.5367431640625e-07
512591,Brute Force -XSS,5.107199192047119,5.107198715209961,4.76837158203125e-07
514378,Brute Force -Web,8.656968116760254,8.656972885131836,4.76837158203125e-06
517291,Brute Force -Web,9.240873336791992,9.240875244140625,1.9073486328125e-06
519990,Brute Force -Web,10.105400085449219,10.105398178100586,1.9073486328125e-06
524341,Brute Force -Web,7.40834379196167,7.408345699310303,1.9073486328125e-06
527604,Brute Force -Web,6.634672164916992,6.63467264175415,4.76837158203125e-07
549022,Brute Force -Web,9.31648063659668,9.316484451293945,3.814697265625e-06
559290,SQL Injection,7.775137901306152,7.775136947631836,9.5367431640625e-07
563547,Benign,6.127710819244385,6.127712726593018,1.9073486328125e-06
567714,Brute Force -Web,10.105400085449219,10.105398178100586,1.9073486328125e-06
590448,Benign,6.127710819244385,6.127712726593018,1.9073486328125e-06
594394,Benign,6.127710819244385,6.127712726593018,1.9073486328125e-06
612695,Brute Force -Web,10.027284622192383,10.02728271484375,1.9073486328125e-06
614266,Brute Force -Web,7.40834379196167,7.408345699310303,1.9073486328125e-06
614472,Brute Force -Web,10.105400085449219,10.105398178100586,1.9073486328125e-06
624217,Benign,6.127710819244385,6.127712726593018,1.9073486328125e-06
625897,Brute Force -Web,9.50359058380127,9.503591537475586,9.5367431640625e-07
629919,Benign,6.127710819244385,6.127712726593018,1.9073486328125e-06
631883,Benign,6.127710819244385,6.127712726593018,1.9073486328125e-06
632388,Benign,7.108896732330322,7.1088972091674805,4.76837158203125e-07
647185,Benign,6.127710819244385,6.127712726593018,1.9073486328125e-06
654276,Brute Force -Web,9.464916229248047,9.464916229248047,0.0
662079,Brute Force -Web,7.693334102630615,7.693336009979248,1.9073486328125e-06
663020,Brute Force -Web,7.40834379196167,7.408345699310303,1.9073486328125e-06
665585,Benign,6.199599742889404,6.199602127075195,2.384185791015625e-06
665639,Brute Force -Web,10.105400085449219,10.105400085449219,0.0
676095,Brute Force -Web,10.027284622192383,10.02728271484375,1.9073486328125e-06
685591,Brute Force -Web,10.105400085449219,10.105398178100586,1.9073486328125e-06
691430,Brute Force -Web,9.431845664978027,9.43185043334961,4.76837158203125e-06
697769,Brute Force -Web,10.027284622192383,10.02728271484375,1.9073486328125e-06
4725,Brute Force -XSS,9.292757034301758,9.292752265930176,4.76837158203125e-06
15658,Brute Force -XSS,9.408514022827148,9.408512115478516,1.9073486328125e-06
19068,Brute Force -XSS,9.408514022827148,9.4085111618042,2.86102294921875e-06
20056,Brute Force -XSS,9.408514022827148,9.408512115478516,1.9073486328125e-06
27421,Brute Force -XSS,9.181396484375,9.18139362335205,2.86102294921875e-06
40324,Brute Force -XSS,9.408514022827148,9.4085111618042,2.86102294921875e-06
108720,Brute Force -XSS,8.322949409484863,8.32295036315918,9.5367431640625e-07
131703,Brute Force -XSS,8.322949409484863,8.32295036315918,9.5367431640625e-07
157284,Brute Force -XSS,9.347043991088867,9.347042083740234,1.9073486328125e-06
183932,Brute Force -XSS,9.181396484375,9.181394577026367,1.9073486328125e-06
204165,Brute Force -XSS,6.385477066040039,6.385476112365723,9.5367431640625e-07
214964,Brute Force -XSS,9.72754955291748,9.727550506591797,9.5367431640625e-07
220146,Brute Force -XSS,9.413369178771973,9.413365364074707,3.814697265625e-06
225548,Brute Force -XSS,8.901100158691406,8.901100158691406,0.0
241153,Brute Force -XSS,9.012676239013672,9.012676239013672,0.0
252600,Brute Force -XSS,9.30025863647461,9.300256729125977,1.9073486328125e-06
260305,Benign,2.0228140354156494,2.022815227508545,1.1920928955078125e-06
286975,Brute Force -XSS,8.271188735961914,8.271188735961914,0.0
288753,Brute Force -XSS,4.208109378814697,4.208107948303223,1.430511474609375e-06
313529,Brute Force -XSS,8.800202369689941,8.800198554992676,3.814697265625e-06
314183,Brute Force -XSS,9.289651870727539,9.289648056030273,3.814697265625e-06
317120,Brute Force -XSS,7.217123985290527,7.217123031616211,9.5367431640625e-07
320952,Brute Force -XSS,9.408514022827148,9.408510208129883,3.814697265625e-06
338824,Brute Force -XSS,6.767359256744385,6.767360687255859,1.430511474609375e-06
346512,Brute Force -XSS,9.012676239013672,9.012676239013672,0.0
374398,Brute Force -XSS,8.9259614944458,8.9259614944458,0.0
390292,Brute Force -XSS,9.408514022827148,9.408512115478516,1.9073486328125e-06
423486,Brute Force -XSS,9.312549591064453,9.31255054473877,9.5367431640625e-07
434271,Brute Force -XSS,8.901100158691406,8.901101112365723,9.5367431640625e-07
460443,Brute Force -XSS,9.38021469116211,9.38021183013916,2.86102294921875e-06
476206,Brute Force -XSS,9.408514022827148,9.408512115478516,1.9073486328125e-06
476336,Brute Force -XSS,9.348616600036621,9.348614692687988,1.9073486328125e-06
496226,SQL Injection,6.23979377746582,6.239795684814453,1.9073486328125e-06
503052,Brute Force -XSS,9.289651870727539,9.289649963378906,1.9073486328125e-06
521700,Brute Force -XSS,6.036823749542236,6.036822319030762,1.430511474609375e-06
522204,Brute Force -XSS,8.531867980957031,8.53187084197998,2.86102294921875e-06
556032,Brute Force -XSS,9.408514022827148,9.4085111618042,2.86102294921875e-06
559418,Brute Force -XSS,9.408514022827148,9.408512115478516,1.9073486328125e-06
572379,Brute Force -XSS,8.155162811279297,8.155158042907715,4.76837158203125e-06
573424,Brute Force -XSS,8.322949409484863,8.32295036315918,9.5367431640625e-07
598293,Brute Force -XSS,9.408514022827148,9.4085111618042,2.86102294921875e-06
630081,Brute Force -XSS,8.242348670959473,8.242348670959473,0.0
651743,Brute Force -XSS,9.35175609588623,9.351754188537598,1.9073486328125e-06
669816,Brute Force -XSS,9.273377418518066,9.2733736038208,3.814697265625e-06
695058,Brute Force -XSS,9.225834846496582,9.225834846496582,0.0
695843,Brute Force -XSS,6.411105155944824,6.411104202270508,9.5367431640625e-07
24329,DDOS attack-HOIC,8.543880462646484,8.543880462646484,0.0
42365,DDOS attack-HOIC,8.529569625854492,8.52957534790039,5.7220458984375e-06
50260,DDOS attack-HOIC,8.529569625854492,8.52957534790039,5.7220458984375e-06
58795,DDOS attack-HOIC,8.543880462646484,8.543880462646484,0.0
62692,DDOS attack-HOIC,8.543880462646484,8.543880462646484,0.0
66148,DDOS attack-HOIC,8.543880462646484,8.543880462646484,0.0
91477,DDOS attack-HOIC,8.543880462646484,8.543880462646484,0.0
92938,DDOS attack-HOIC,8.673352241516113,8.673352241516113,0.0
95181,DDOS attack-HOIC,8.543880462646484,8.543880462646484,0.0
96758,DDOS attack-HOIC,8.529569625854492,8.52957534790039,5.7220458984375e-06
115327,DDOS attack-HOIC,8.529569625854492,8.52957534790039,5.7220458984375e-06
118474,DDOS attack-HOIC,8.543880462646484,8.543880462646484,0.0
123673,DDOS attack-HOIC,8.543880462646484,8.543880462646484,0.0
127991,DDOS attack-HOIC,8.543880462646484,8.543880462646484,0.0
141671,DDOS attack-HOIC,8.543880462646484,8.543880462646484,0.0
141707,DDOS attack-HOIC,8.543880462646484,8.543880462646484,0.0
163104,DDOS attack-HOIC,8.543880462646484,8.543880462646484,0.0
165151,DDOS attack-HOIC,8.543880462646484,8.543880462646484,0.0
175192,DDOS attack-HOIC,8.543880462646484,8.543880462646484,0.0
178043,DDOS attack-HOIC,8.543880462646484,8.543880462646484,0.0
186764,DDOS attack-HOIC,8.543880462646484,8.543880462646484,0.0
201783,DDOS attack-HOIC,8.543880462646484,8.543880462646484,0.0
207926,DDOS attack-HOIC,8.543880462646484,8.543880462646484,0.0
226533,DDOS attack-HOIC,8.529569625854492,8.52957534790039,5.7220458984375e-06
229680,DDOS attack-HOIC,8.543880462646484,8.543880462646484,0.0
230336,DDOS attack-HOIC,8.529569625854492,8.52957534790039,5.7220458984375e-06
237013,DDOS attack-HOIC,8.543880462646484,8.543880462646484,0.0
256795,DDOS attack-HOIC,8.529569625854492,8.52957534790039,5.7220458984375e-06
257574,DDOS attack-HOIC,8.543880462646484,8.543880462646484,0.0
265943,DDOS attack-HOIC,8.543880462646484,8.543880462646484,0.0
269640,DDOS attack-HOIC,8.543880462646484,8.543880462646484,0.0
285515,DDOS attack-HOIC,8.543880462646484,8.543880462646484,0.0
292418,DDOS attack-HOIC,8.543880462646484,8.543880462646484,0.0
303787,DDOS attack-HOIC,8.543880462646484,8.543880462646484,0.0
303976,DDOS attack-HOIC,8.543880462646484,8.543880462646484,0.0
311918,DDOS attack-HOIC,8.543880462646484,8.543880462646484,0.0
322303,DDOS attack-HOIC,8.543880462646484,8.543880462646484,0.0
323615,DDOS attack-HOIC,8.529569625854492,8.52957534790039,5.7220458984375e-06
334211,DDOS attack-HOIC,8.543880462646484,8.543880462646484,0.0
336288,DDOS attack-HOIC,8.529569625854492,8.52957534790039,5.7220458984375e-06
342417,DDOS attack-HOIC,8.529569625854492,8.52957534790039,5.7220458984375e-06
352439,DDOS attack-HOIC,8.543880462646484,8.543880462646484,0.0
353341,DDOS attack-HOIC,8.543880462646484,8.543880462646484,0.0
359209,DDOS attack-HOIC,8.529569625854492,8.52957534790039,5.7220458984375e-06
366133,DDOS attack-HOIC,8.529569625854492,8.52957534790039,5.7220458984375e-06
372872,DDOS attack-HOIC,8.529569625854492,8.52957534790039,5.7220458984375e-06
374461,DDOS attack-HOIC,8.543880462646484,8.543880462646484,0.0
374681,DDOS attack-HOIC,8.543880462646484,8.543880462646484,0.0
387090,DDOS attack-HOIC,8.543880462646484,8.543880462646484,0.0
406304,DDOS attack-HOIC,8.543880462646484,8.543880462646484,0.0
415528,DDOS attack-HOIC,8.543880462646484,8.543880462646484,0.0
417893,DDOS attack-HOIC,8.543880462646484,8.543880462646484,0.0
422384,DDOS attack-HOIC,8.529569625854492,8.52957534790039,5.7220458984375e-06
429876,DDOS attack-HOIC,8.543880462646484,8.543880462646484,0.0
430648,DDOS attack-HOIC,8.543880462646484,8.543880462646484,0.0
435041,DDOS attack-HOIC,8.543880462646484,8.543880462646484,0.0
438484,DDOS attack-HOIC,8.529569625854492,8.52957534790039,5.7220458984375e-06
442759,DDOS attack-HOIC,8.543880462646484,8.543880462646484,0.0
445271,DDOS attack-HOIC,8.543880462646484,8.543880462646484,0.0
447343,DDOS attack-HOIC,8.543880462646484,8.543880462646484,0.0
449431,DDOS attack-HOIC,8.529569625854492,8.52957534790039,5.7220458984375e-06
456876,DDOS attack-HOIC,8.543880462646484,8.543880462646484,0.0
469980,DDOS attack-HOIC,8.543880462646484,8.543880462646484,0.0
480797,DDOS attack-HOIC,8.543880462646484,8.543880462646484,0.0
480944,DDOS attack-HOIC,8.529569625854492,8.52957534790039,5.7220458984375e-06
487667,DDOS attack-HOIC,8.543880462646484,8.543880462646484,0.0
506935,DDOS attack-HOIC,8.543880462646484,8.543880462646484,0.0
507814,DDOS attack-HOIC,8.529569625854492,8.52957534790039,5.7220458984375e-06
509229,DDOS attack-HOIC,8.543880462646484,8.543880462646484,0.0
515271,DDOS attack-HOIC,8.529569625854492,8.52957534790039,5.7220458984375e-06
516611,DDOS attack-HOIC,8.529569625854492,8.52957534790039,5.7220458984375e-06
517885,DDOS attack-HOIC,8.543880462646484,8.543880462646484,0.0
537566,DDOS attack-HOIC,8.543880462646484,8.543880462646484,0.0
540301,DDOS attack-HOIC,8.543880462646484,8.543880462646484,0.0
545497,DDOS attack-HOIC,8.543880462646484,8.543880462646484,0.0
545809,DDOS attack-HOIC,8.543880462646484,8.543880462646484,0.0
548836,DDOS attack-HOIC,8.543880462646484,8.543880462646484,0.0
549118,DDOS attack-HOIC,8.543880462646484,8.543880462646484,0.0
555702,DDOS attack-HOIC,8.543880462646484,8.543880462646484,0.0
558089,DDOS attack-HOIC,8.543880462646484,8.543880462646484,0.0
561797,DDOS attack-HOIC,8.529569625854492,8.52957534790039,5.7220458984375e-06
564126,DDOS attack-HOIC,8.543880462646484,8.543880462646484,0.0
578498,DDOS attack-HOIC,8.543880462646484,8.543880462646484,0.0
583919,DDOS attack-HOIC,8.529569625854492,8.52957534790039,5.7220458984375e-06
594330,DDOS attack-HOIC,8.543880462646484,8.543880462646484,0.0
598141,DDOS attack-HOIC,8.543880462646484,8.543880462646484,0.0
600130,DDOS attack-HOIC,8.543880462646484,8.543880462646484,0.0
602770,DDOS attack-HOIC,8.529569625854492,8.52957534790039,5.7220458984375e-06
641626,DDOS attack-HOIC,8.529569625854492,8.52957534790039,5.7220458984375e-06
643744,DDOS attack-HOIC,8.529569625854492,8.52957534790039,5.7220458984375e-06
651780,DDOS attack-HOIC,8.543880462646484,8.543880462646484,0.0
655073,DDOS attack-HOIC,8.543880462646484,8.543880462646484,0.0
662130,DDOS attack-HOIC,8.529569625854492,8.52957534790039,5.7220458984375e-06
663687,DDOS attack-HOIC,8.544272422790527,8.544272422790527,0.0
666562,DDOS attack-HOIC,8.543880462646484,8.543880462646484,0.0
671185,DDOS attack-HOIC,8.529569625854492,8.52957534790039,5.7220458984375e-06
671925,DDOS attack-HOIC,8.543880462646484,8.543880462646484,0.0
671935,DDOS attack-HOIC,8.529569625854492,8.52957534790039,5.7220458984375e-06
675677,DDOS attack-HOIC,8.543880462646484,8.543880462646484,0.0
697160,DDOS attack-HOIC,8.543880462646484,8.543880462646484,0.0
861,DDOS attack-LOIC-UDP,10.183362007141113,10.183361053466797,9.5367431640625e-07
4691,DDOS attack-LOIC-UDP,12.02286148071289,12.022863388061523,1.9073486328125e-06
5712,DDOS attack-LOIC-UDP,13.06450366973877,13.064504623413086,9.5367431640625e-07
5966,Benign,2.432954788208008,2.432955741882324,9.5367431640625e-07
12235,DDOS attack-LOIC-UDP,11.570441246032715,11.57044506072998,3.814697265625e-06
14881,DDOS attack-LOIC-UDP,12.412993431091309,12.413000106811523,6.67572021484375e-06
16063,DDOS attack-LOIC-UDP,8.316370010375977,8.316370964050293,9.5367431640625e-07
17866,DDOS attack-LOIC-UDP,10.24123477935791,10.241238594055176,3.814697265625e-06
29423,DDOS attack-LOIC-UDP,8.399916648864746,8.399919509887695,2.86102294921875e-06
34755,DDOS attack-LOIC-UDP,10.464325904846191,10.464336395263672,1.049041748046875e-05
41161,DDOS attack-LOIC-UDP,12.497871398925781,12.497880935668945,9.5367431640625e-06
54845,DDOS attack-LOIC-UDP,11.319621086120605,11.319622039794922,9.5367431640625e-07
63033,DDOS attack-LOIC-UDP,11.787338256835938,11.78734016418457,1.9073486328125e-06
76270,DDOS attack-LOIC-UDP,12.385137557983398,12.38514518737793,7.62939453125e-06
76830,DDOS attack-LOIC-UDP,10.325328826904297,10.325328826904297,0.0
83841,DDOS attack-LOIC-UDP,11.682684898376465,11.68269157409668,6.67572021484375e-06
89459,DDOS attack-LOIC-UDP,12.23006534576416,12.230072021484375,6.67572021484375e-06
99717,DDOS attack-LOIC-UDP,10.049050331115723,10.049051284790039,9.5367431640625e-07
107048,DDOS attack-LOIC-UDP,11.191981315612793,11.191983222961426,1.9073486328125e-06
125172,DDOS attack-LOIC-UDP,10.329325675964355,10.329326629638672,9.5367431640625e-07
133135,DDOS attack-LOIC-UDP,11.803315162658691,11.803322792053223,7.62939453125e-06
134124,DDOS attack-LOIC-UDP,10.500444412231445,10.500446319580078,1.9073486328125e-06
136921,DDOS attack-LOIC-UDP,8.65382194519043,8.65382194519043,0.0
143637,DDOS attack-LOIC-UDP,11.998431205749512,11.998434066772461,2.86102294921875e-06
145983,DDOS attack-LOIC-UDP,19.314130783081055,19.314130783081055,0.0
147287,DDOS attack-LOIC-UDP,12.245392799377441,12.24539566040039,2.86102294921875e-06
148018,DDOS attack-LOIC-UDP,10.7216215133667,10.721620559692383,9.5367431640625e-07
150353,DDOS attack-LOIC-UDP,9.987386703491211,9.987388610839844,1.9073486328125e-06
150894,DDOS attack-LOIC-UDP,12.769999504089355,12.770004272460938,4.76837158203125e-06
160738,DDOS attack-LOIC-UDP,10.622763633728027,10.622766494750977,2.86102294921875e-06
167503,DDOS attack-LOIC-UDP,9.78036880493164,9.780373573303223,4.76837158203125e-06
178197,DDOS attack-LOIC-UDP,10.617886543273926,10.617888450622559,1.9073486328125e-06
197033,DDOS attack-LOIC-UDP,12.346197128295898,12.346199035644531,1.9073486328125e-06
210208,DDOS attack-LOIC-UDP,12.406715393066406,12.40672492980957,9.5367431640625e-06
219679,DDOS attack-LOIC-UDP,8.005908012390137,8.005910873413086,2.86102294921875e-06
251124,DDOS attack-LOIC-UDP,6.183387279510498,6.183388710021973,1.430511474609375e-06
252162,DDOS attack-LOIC-UDP,12.683693885803223,12.683698654174805,4.76837158203125e-06
274707,DDOS attack-LOIC-UDP,11.620835304260254,11.620838165283203,2.86102294921875e-06
281156,DDOS attack-LOIC-UDP,12.548121452331543,12.54813003540039,8.58306884765625e-06
287792,DDOS attack-LOIC-UDP,12.496034622192383,12.496042251586914,7.62939453125e-06
294997,DDOS attack-LOIC-UDP,12.232281684875488,12.232290267944336,8.58306884765625e-06
349516,DDOS attack-LOIC-UDP,11.406996726989746,11.407003402709961,6.67572021484375e-06
364922,DDOS attack-LOIC-UDP,12.586983680725098,12.586982727050781,9.5367431640625e-07
376923,DDOS attack-LOIC-UDP,10.352641105651855,10.352642059326172,9.5367431640625e-07
378868,DDOS attack-LOIC-UDP,12.575605392456055,12.57560920715332,3.814697265625e-06
379323,DDOS attack-LOIC-UDP,11.243021965026855,11.243024826049805,2.86102294921875e-06
381582,DDOS attack-LOIC-UDP,13.012476921081543,13.012483596801758,6.67572021484375e-06
384140,DDOS attack-LOIC-UDP,12.5269775390625,12.526981353759766,3.814697265625e-06
398799,DDOS attack-LOIC-UDP,7.508765697479248,7.508769989013672,4.291534423828125e-06
400457,DDOS attack-LOIC-UDP,9.971996307373047,9.97199821472168,1.9073486328125e-06
412307,DDOS attack-LOIC-UDP,11.795378684997559,11.795380592346191,1.9073486328125e-06
419496,DDOS attack-LOIC-UDP,11.61092472076416,11.610929489135742,4.76837158203125e-06
421353,DDOS attack-LOIC-UDP,12.629884719848633,12.629886627197266,1.9073486328125e-06
424072,DDOS attack-LOIC-UDP,10.737424850463867,10.737424850463867,0.0
452004,DDOS attack-LOIC-UDP,11.51865005493164,11.518655776977539,5.7220458984375e-06
453905,DDOS attack-LOIC-UDP,12.64823055267334,12.648231506347656,9.5367431640625e-07
464247,DDOS attack-LOIC-UDP,9.830573081970215,9.830581665039062,8.58306884765625e-06
468192,DDOS attack-LOIC-UDP,12.617877960205078,12.617879867553711,1.9073486328125e-06
468943,DDOS attack-LOIC-UDP,12.631263732910156,12.631267547607422,3.814697265625e-06
476835,DDOS attack-LOIC-UDP,12.693153381347656,12.693157196044922,3.814697265625e-06
486614,DDOS attack-LOIC-UDP,11.122633934020996,11.122640609741211,6.67572021484375e-06
487263,DDOS attack-LOIC-UDP,12.41838264465332,12.418386459350586,3.814697265625e-06
490210,DDOS attack-LOIC-UDP,12.487799644470215,12.487802505493164,2.86102294921875e-06
491728,DDOS attack-LOIC-UDP,11.62146282196045,11.621468544006348,5.7220458984375e-06
492815,DDOS attack-LOIC-UDP,13.160246849060059,13.160247802734375,9.5367431640625e-07
492969,DDOS attack-LOIC-UDP,11.996490478515625,11.996492385864258,1.9073486328125e-06
493029,DDOS attack-LOIC-UDP,8.71602725982666,8.716028213500977,9.5367431640625e-07
495050,DDOS attack-LOIC-UDP,10.852952003479004,10.852954864501953,2.86102294921875e-06
497795,DDOS attack-LOIC-UDP,10.267499923706055,10.26750373840332,3.814697265625e-06
517575,DDOS attack-LOIC-UDP,11.748311042785645,11.748315811157227,4.76837158203125e-06
517942,DDOS attack-LOIC-UDP,12.19464111328125,12.194646835327148,5.7220458984375e-06
528023,DDOS attack-LOIC-UDP,12.201476097106934,12.201478958129883,2.86102294921875e-06
530571,DDOS attack-LOIC-UDP,9.997221946716309,9.997220993041992,9.5367431640625e-07
533710,DDOS attack-LOIC-UDP,12.326506614685059,12.326507568359375,9.5367431640625e-07
535137,DDOS attack-LOIC-UDP,12.094049453735352,12.09405517578125,5.7220458984375e-06
537029,DDOS attack-LOIC-UDP,12.5269775390625,12.526981353759766,3.814697265625e-06
548625,DDOS attack-LOIC-UDP,12.487799644470215,12.487802505493164,2.86102294921875e-06
564613,DDOS attack-LOIC-UDP,10.113012313842773,10.113018035888672,5.7220458984375e-06
567075,DDOS attack-LOIC-UDP,10.272317886352539,10.272321701049805,3.814697265625e-06
584763,DDOS attack-LOIC-UDP,9.341991424560547,9.342001914978027,1.049041748046875e-05
590730,DDOS attack-LOIC-UDP,11.998431205749512,11.998434066772461,2.86102294921875e-06
600283,DDOS attack-LOIC-UDP,8.65382194519043,8.653823852539062,1.9073486328125e-06
602757,DDoS attacks-LOIC-HTTP,9.788722038269043,9.788724899291992,2.86102294921875e-06
607812,DDOS attack-LOIC-UDP,11.27341365814209,11.273417472839355,3.814697265625e-06
615012,DDOS attack-LOIC-UDP,12.670794486999512,12.670799255371094,4.76837158203125e-06
620068,DDOS attack-LOIC-UDP,9.126492500305176,9.126501083374023,8.58306884765625e-06
622113,DDOS attack-LOIC-UDP,12.683693885803223,12.683698654174805,4.76837158203125e-06
626359,DDOS attack-LOIC-UDP,12.73795223236084,12.737955093383789,2.86102294921875e-06
639271,DDOS attack-LOIC-UDP,11.795378684997559,11.795379638671875,9.5367431640625e-07
644516,DDOS attack-LOIC-UDP,10.622763633728027,10.622766494750977,2.86102294921875e-06
645970,DDOS attack-LOIC-UDP,12.631263732910156,12.631267547607422,3.814697265625e-06
646159,DDOS attack-LOIC-UDP,11.671534538269043,11.67153549194336,9.5367431640625e-07
654258,DDOS attack-LOIC-UDP,9.958409309387207,9.958409309387207,0.0
665523,DDOS attack-LOIC-UDP,11.998431205749512,11.998433113098145,1.9073486328125e-06
672393,DDOS attack-LOIC-UDP,12.359088897705078,12.359090805053711,1.9073486328125e-06
677076,DDOS attack-LOIC-UDP,12.083038330078125,12.083045959472656,7.62939453125e-06
686093,DDOS attack-LOIC-UDP,11.406996726989746,11.407003402709961,6.67572021484375e-06
687064,DDOS attack-LOIC-UDP,12.262316703796387,12.262321472167969,4.76837158203125e-06
691842,DDOS attack-LOIC-UDP,10.14851188659668,10.148512840270996,9.5367431640625e-07
692514,DDOS attack-LOIC-UDP,12.481372833251953,12.481378555297852,5.7220458984375e-06
7748,DDoS attacks-LOIC-HTTP,8.495890617370605,8.495893478393555,2.86102294921875e-06
10519,DDoS attacks-LOIC-HTTP,8.515649795532227,8.515650749206543,9.5367431640625e-07
29392,DDoS attacks-LOIC-HTTP,8.495890617370605,8.495893478393555,2.86102294921875e-06
38545,DDoS attacks-LOIC-HTTP,8.515649795532227,8.515649795532227,0.0
38819,DDoS attacks-LOIC-HTTP,8.495890617370605,8.495893478393555,2.86102294921875e-06
46253,DDoS attacks-LOIC-HTTP,8.473114967346191,8.473114013671875,9.5367431640625e-07
49548,DDoS attacks-LOIC-HTTP,8.496585845947266,8.496588706970215,2.86102294921875e-06
52573,DDoS attacks-LOIC-HTTP,8.515649795532227,8.515650749206543,9.5367431640625e-07
53471,DDoS attacks-LOIC-HTTP,8.515649795532227,8.515650749206543,9.5367431640625e-07
80739,DDoS attacks-LOIC-HTTP,8.495890617370605,8.495892524719238,1.9073486328125e-06
83455,DDoS attacks-LOIC-HTTP,8.495890617370605,8.495892524719238,1.9073486328125e-06
89524,DDoS attacks-LOIC-HTTP,8.495890617370605,8.495892524719238,1.9073486328125e-06
99090,DDoS attacks-LOIC-HTTP,8.515649795532227,8.515649795532227,0.0
100887,DDoS attacks-LOIC-HTTP,8.495890617370605,8.495893478393555,2.86102294921875e-06
107653,DDoS attacks-LOIC-HTTP,8.495890617370605,8.495892524719238,1.9073486328125e-06
114761,DDoS attacks-LOIC-HTTP,8.495890617370605,8.495892524719238,1.9073486328125e-06
116210,DDoS attacks-LOIC-HTTP,8.515649795532227,8.515650749206543,9.5367431640625e-07
120901,DDoS attacks-LOIC-HTTP,8.495890617370605,8.495892524719238,1.9073486328125e-06
139701,DDoS attacks-LOIC-HTTP,8.538827896118164,8.53882884979248,9.5367431640625e-07
145300,DDoS attacks-LOIC-HTTP,8.515649795532227,8.515650749206543,9.5367431640625e-07
167214,DDoS attacks-LOIC-HTTP,8.515649795532227,8.515650749206543,9.5367431640625e-07
171578,DDoS attacks-LOIC-HTTP,8.515649795532227,8.515650749206543,9.5367431640625e-07
188081,DDoS attacks-LOIC-HTTP,8.495890617370605,8.495893478393555,2.86102294921875e-06
196189,DDoS attacks-LOIC-HTTP,8.495890617370605,8.495892524719238,1.9073486328125e-06
217416,DDoS attacks-LOIC-HTTP,8.515649795532227,8.515649795532227,0.0
219538,DDoS attacks-LOIC-HTTP,8.515649795532227,8.515650749206543,9.5367431640625e-07
219843,DDoS attacks-LOIC-HTTP,8.515649795532227,8.515649795532227,0.0
230269,DDoS attacks-LOIC-HTTP,8.515649795532227,8.515649795532227,0.0
233436,DDoS attacks-LOIC-HTTP,8.495890617370605,8.495892524719238,1.9073486328125e-06
233539,DDoS attacks-LOIC-HTTP,8.495890617370605,8.495893478393555,2.86102294921875e-06
252296,DDoS attacks-LOIC-HTTP,8.496585845947266,8.496587753295898,1.9073486328125e-06
255405,DDoS attacks-LOIC-HTTP,8.495890617370605,8.495893478393555,2.86102294921875e-06
260644,DDoS attacks-LOIC-HTTP,8.515649795532227,8.515650749206543,9.5367431640625e-07
268520,DDoS attacks-LOIC-HTTP,8.515649795532227,8.515649795532227,0.0
271368,DDoS attacks-LOIC-HTTP,8.495890617370605,8.495892524719238,1.9073486328125e-06
274792,DDoS attacks-LOIC-HTTP,8.515649795532227,8.515650749206543,9.5367431640625e-07
290172,DDoS attacks-LOIC-HTTP,8.495890617370605,8.495892524719238,1.9073486328125e-06
292109,DDoS attacks-LOIC-HTTP,8.515649795532227,8.515650749206543,9.5367431640625e-07
297101,DDoS attacks-LOIC-HTTP,8.515649795532227,8.515650749206543,9.5367431640625e-07
305302,DDoS attacks-LOIC-HTTP,8.495890617370605,8.495892524719238,1.9073486328125e-06
314362,DDoS attacks-LOIC-HTTP,8.495890617370605,8.495893478393555,2.86102294921875e-06
315034,DDoS attacks-LOIC-HTTP,8.515649795532227,8.515649795532227,0.0
326940,DDoS attacks-LOIC-HTTP,8.495890617370605,8.495892524719238,1.9073486328125e-06
340220,DDoS attacks-LOIC-HTTP,8.495890617370605,8.495892524719238,1.9073486328125e-06
344706,DDoS attacks-LOIC-HTTP,8.495890617370605,8.495892524719238,1.9073486328125e-06
350054,DDoS attacks-LOIC-HTTP,8.515649795532227,8.515650749206543,9.5367431640625e-07
351029,DDoS attacks-LOIC-HTTP,8.495890617370605,8.495892524719238,1.9073486328125e-06
351085,DDoS attacks-LOIC-HTTP,8.515649795532227,8.515650749206543,9.5367431640625e-07
354554,DDoS attacks-LOIC-HTTP,8.495890617370605,8.495893478393555,2.86102294921875e-06
357321,DDoS attacks-LOIC-HTTP,8.515649795532227,8.515650749206543,9.5367431640625e-07
361757,DDoS attacks-LOIC-HTTP,8.473114967346191,8.473114967346191,0.0
362480,DDoS attacks-LOIC-HTTP,8.538827896118164,8.53882884979248,9.5367431640625e-07
366587,DDoS attacks-LOIC-HTTP,8.495890617370605,8.495892524719238,1.9073486328125e-06
366950,DDoS attacks-LOIC-HTTP,8.515649795532227,8.515650749206543,9.5367431640625e-07
388932,DDoS attacks-LOIC-HTTP,8.515649795532227,8.515650749206543,9.5367431640625e-07
389856,DDoS attacks-LOIC-HTTP,8.495890617370605,8.495892524719238,1.9073486328125e-06
394969,DDoS attacks-LOIC-HTTP,8.515649795532227,8.515650749206543,9.5367431640625e-07
419962,DDoS attacks-LOIC-HTTP,8.495890617370605,8.495893478393555,2.86102294921875e-06
437233,DDoS attacks-LOIC-HTTP,8.515649795532227,8.515650749206543,9.5367431640625e-07
448252,DDoS attacks-LOIC-HTTP,8.495890617370605,8.495893478393555,2.86102294921875e-06
455485,DDoS attacks-LOIC-HTTP,8.515649795532227,8.515649795532227,0.0
467300,DDoS attacks-LOIC-HTTP,8.515649795532227,8.515649795532227,0.0
472033,DDoS attacks-LOIC-HTTP,8.495890617370605,8.495893478393555,2.86102294921875e-06
480439,DDoS attacks-LOIC-HTTP,8.495890617370605,8.495892524719238,1.9073486328125e-06
492289,DDoS attacks-LOIC-HTTP,8.515649795532227,8.515649795532227,0.0
492654,DDoS attacks-LOIC-HTTP,8.496585845947266,8.496588706970215,2.86102294921875e-06
494591,DDoS attacks-LOIC-HTTP,8.515649795532227,8.515650749206543,9.5367431640625e-07
496507,DDoS attacks-LOIC-HTTP,8.495890617370605,8.495893478393555,2.86102294921875e-06
508789,DDoS attacks-LOIC-HTTP,8.495890617370605,8.495893478393555,2.86102294921875e-06
510541,DDoS attacks-LOIC-HTTP,8.515649795532227,8.515649795532227,0.0
512845,DDoS attacks-LOIC-HTTP,8.473114967346191,8.473114013671875,9.5367431640625e-07
517332,DDoS attacks-LOIC-HTTP,8.515649795532227,8.515650749206543,9.5367431640625e-07
525060,DDoS attacks-LOIC-HTTP,8.495890617370605,8.495893478393555,2.86102294921875e-06
527593,DDoS attacks-LOIC-HTTP,8.495890617370605,8.495892524719238,1.9073486328125e-06
537684,DDoS attacks-LOIC-HTTP,8.515649795532227,8.515650749206543,9.5367431640625e-07
538574,DDoS attacks-LOIC-HTTP,8.495890617370605,8.495892524719238,1.9073486328125e-06
556808,DDoS attacks-LOIC-HTTP,8.515649795532227,8.515649795532227,0.0
558833,DDoS attacks-LOIC-HTTP,8.515649795532227,8.515650749206543,9.5367431640625e-07
562679,DDoS attacks-LOIC-HTTP,8.152327537536621,8.152326583862305,9.5367431640625e-07
572685,DDoS attacks-LOIC-HTTP,8.515649795532227,8.515649795532227,0.0
576482,DDoS attacks-LOIC-HTTP,8.495890617370605,8.495893478393555,2.86102294921875e-06
583558,DDoS attacks-LOIC-HTTP,8.515649795532227,8.515649795532227,0.0
583568,DDoS attacks-LOIC-HTTP,8.495890617370605,8.495892524719238,1.9073486328125e-06
585385,DDoS attacks-LOIC-HTTP,8.515649795532227,8.515650749206543,9.5367431640625e-07
586631,DDoS attacks-LOIC-HTTP,8.495890617370605,8.495893478393555,2.86102294921875e-06
587899,DDoS attacks-LOIC-HTTP,8.495890617370605,8.495893478393555,2.86102294921875e-06
592051,DDoS attacks-LOIC-HTTP,8.495890617370605,8.495893478393555,2.86102294921875e-06
596858,DDoS attacks-LOIC-HTTP,8.515649795532227,8.515650749206543,9.5367431640625e-07
605684,DDoS attacks-LOIC-HTTP,8.495890617370605,8.495893478393555,2.86102294921875e-06
618009,DDoS attacks-LOIC-HTTP,8.495890617370605,8.495893478393555,2.86102294921875e-06
630149,DDoS attacks-LOIC-HTTP,8.495890617370605,8.495892524719238,1.9073486328125e-06
642614,DDoS attacks-LOIC-HTTP,8.495890617370605,8.495892524719238,1.9073486328125e-06
643225,DDoS attacks-LOIC-HTTP,8.515649795532227,8.515649795532227,0.0
647051,DDoS attacks-LOIC-HTTP,8.495890617370605,8.495892524719238,1.9073486328125e-06
669243,DDoS attacks-LOIC-HTTP,8.495890617370605,8.495892524719238,1.9073486328125e-06
669304,DDoS attacks-LOIC-HTTP,8.496294021606445,8.496295928955078,1.9073486328125e-06
670823,DDoS attacks-LOIC-HTTP,8.515649795532227,8.515650749206543,9.5367431640625e-07
691963,DDoS attacks-LOIC-HTTP,8.515649795532227,8.515650749206543,9.5367431640625e-07
692894,DDoS attacks-LOIC-HTTP,8.495890617370605,8.495892524719238,1.9073486328125e-06
696098,DDoS attacks-LOIC-HTTP,8.495890617370605,8.495892524719238,1.9073486328125e-06
3348,DoS attacks-GoldenEye,11.112531661987305,11.11253547668457,3.814697265625e-06
3758,DoS attacks-GoldenEye,11.320700645446777,11.32070255279541,1.9073486328125e-06
5725,DoS attacks-GoldenEye,10.266622543334961,10.266620635986328,1.9073486328125e-06
29800,DoS attacks-GoldenEye,11.272653579711914,11.27265453338623,9.5367431640625e-07
32898,DoS attacks-GoldenEye,11.053492546081543,11.053494453430176,1.9073486328125e-06
40108,DoS attacks-GoldenEye,11.24955940246582,11.249558448791504,9.5367431640625e-07
40430,DoS attacks-GoldenEye,11.21803092956543,11.218032836914062,1.9073486328125e-06
43950,DoS attacks-GoldenEye,11.051127433776855,11.051131248474121,3.814697265625e-06
53429,DoS attacks-GoldenEye,11.051127433776855,11.051131248474121,3.814697265625e-06
53986,DoS attacks-GoldenEye,11.051127433776855,11.051129341125488,1.9073486328125e-06
60849,DoS attacks-GoldenEye,11.112531661987305,11.11253547668457,3.814697265625e-06
72213,DoS attacks-GoldenEye,11.21803092956543,11.218033790588379,2.86102294921875e-06
75008,DoS attacks-GoldenEye,11.358277320861816,11.358275413513184,1.9073486328125e-06
76779,DoS attacks-GoldenEye,9.898900032043457,9.89889907836914,9.5367431640625e-07
79343,DoS attacks-GoldenEye,11.358277320861816,11.3582763671875,9.5367431640625e-07
88215,DoS attacks-GoldenEye,11.358277320861816,11.358275413513184,1.9073486328125e-06
107991,DoS attacks-GoldenEye,11.051127433776855,11.051131248474121,3.814697265625e-06
150198,DoS attacks-GoldenEye,11.358277320861816,11.358274459838867,2.86102294921875e-06
162254,DoS attacks-GoldenEye,11.322683334350586,11.322684288024902,9.5367431640625e-07
162611,DoS attacks-GoldenEye,9.898900032043457,9.89889907836914,9.5367431640625e-07
163878,DoS attacks-GoldenEye,11.193854331970215,11.193855285644531,9.5367431640625e-07
166887,DoS attacks-GoldenEye,11.051127433776855,11.051131248474121,3.814697265625e-06
186573,DoS attacks-GoldenEye,11.21803092956543,11.218031883239746,9.5367431640625e-07
196912,DoS attacks-GoldenEye,11.334100723266602,11.334100723266602,0.0
201056,DoS attacks-GoldenEye,11.193854331970215,11.193856239318848,1.9073486328125e-06
207519,DoS attacks-GoldenEye,11.298506736755371,11.298507690429688,9.5367431640625e-07
227031,DoS attacks-GoldenEye,11.21803092956543,11.21803092956543,0.0
242004,DoS attacks-GoldenEye,11.112531661987305,11.11253547668457,3.814697265625e-06
259543,DoS attacks-GoldenEye,11.051127433776855,11.051129341125488,1.9073486328125e-06
260608,DoS attacks-GoldenEye,11.1824369430542,11.182438850402832,1.9073486328125e-06
268945,DoS attacks-GoldenEye,11.051127433776855,11.051129341125488,1.9073486328125e-06
276244,DoS attacks-GoldenEye,11.1824369430542,11.182440757751465,3.814697265625e-06
284611,DoS attacks-GoldenEye,11.298506736755371,11.298507690429688,9.5367431640625e-07
286041,DoS attacks-GoldenEye,11.051127433776855,11.051131248474121,3.814697265625e-06
302037,DoS attacks-GoldenEye,10.953350067138672,10.953350067138672,0.0
308023,DoS attacks-GoldenEye,11.334100723266602,11.33410358428955,2.86102294921875e-06
309586,DoS attacks-GoldenEye,11.334100723266602,11.334097862243652,2.86102294921875e-06
313855,DoS attacks-GoldenEye,11.051127433776855,11.051129341125488,1.9073486328125e-06
320587,DoS attacks-GoldenEye,11.334100723266602,11.334100723266602,0.0
324523,DoS attacks-GoldenEye,11.358277320861816,11.35827922821045,1.9073486328125e-06
336776,DoS attacks-GoldenEye,11.112531661987305,11.11253547668457,3.814697265625e-06
344079,DoS attacks-GoldenEye,10.846699714660645,10.846695899963379,3.814697265625e-06
347061,DoS attacks-GoldenEye,11.322683334350586,11.322686195373535,2.86102294921875e-06
348046,DoS attacks-GoldenEye,11.298506736755371,11.298510551452637,3.814697265625e-06
355333,DoS attacks-GoldenEye,11.051127433776855,11.051129341125488,1.9073486328125e-06
371366,DoS attacks-GoldenEye,11.112531661987305,11.11253547668457,3.814697265625e-06
375076,DoS attacks-GoldenEye,11.334100723266602,11.33410358428955,2.86102294921875e-06
380393,DoS attacks-GoldenEye,11.051127433776855,11.051129341125488,1.9073486328125e-06
423643,DoS attacks-GoldenEye,11.051127433776855,11.051129341125488,1.9073486328125e-06
426361,DoS attacks-GoldenEye,11.112531661987305,11.11253547668457,3.814697265625e-06
432543,DoS attacks-GoldenEye,11.298506736755371,11.298506736755371,0.0
437289,DoS attacks-GoldenEye,10.874164581298828,10.874161720275879,2.86102294921875e-06
440197,DoS attacks-GoldenEye,10.383525848388672,10.383524894714355,9.5367431640625e-07
446291,DoS attacks-GoldenEye,11.112531661987305,11.112536430358887,4.76837158203125e-06
447003,DoS attacks-GoldenEye,10.79223346710205,10.792230606079102,2.86102294921875e-06
450511,DoS attacks-GoldenEye,11.357173919677734,11.35717487335205,9.5367431640625e-07
452011,DoS attacks-GoldenEye,11.322683334350586,11.322687149047852,3.814697265625e-06
460888,DoS attacks-GoldenEye,10.628543853759766,10.628547668457031,3.814697265625e-06
470183,DoS attacks-GoldenEye,11.334100723266602,11.334099769592285,9.5367431640625e-07
485873,DoS attacks-GoldenEye,11.49779224395752,11.497791290283203,9.5367431640625e-07
492225,DoS attacks-GoldenEye,11.358277320861816,11.3582763671875,9.5367431640625e-07
494957,DoS attacks-GoldenEye,11.112531661987305,11.11253547668457,3.814697265625e-06
499757,DoS attacks-GoldenEye,11.334100723266602,11.334098815917969,1.9073486328125e-06
503277,DoS attacks-GoldenEye,11.112531661987305,11.11253547668457,3.814697265625e-06
513309,DoS attacks-GoldenEye,11.051127433776855,11.051129341125488,1.9073486328125e-06
513502,DoS attacks-GoldenEye,11.21803092956543,11.218033790588379,2.86102294921875e-06
514339,DoS attacks-GoldenEye,11.358277320861816,11.35827922821045,1.9073486328125e-06
518027,DoS attacks-GoldenEye,10.383525848388672,10.383525848388672,0.0
529287,DoS attacks-GoldenEye,11.112531661987305,11.11253547668457,3.814697265625e-06
532430,DoS attacks-GoldenEye,11.158260345458984,11.158262252807617,1.9073486328125e-06
533907,DoS attacks-GoldenEye,11.334100723266602,11.334101676940918,9.5367431640625e-07
536616,DoS attacks-GoldenEye,11.112531661987305,11.11253547668457,3.814697265625e-06
543351,DoS attacks-GoldenEye,11.1824369430542,11.182439804077148,2.86102294921875e-06
545858,DoS attacks-GoldenEye,11.358277320861816,11.35827922821045,1.9073486328125e-06
552524,DoS attacks-GoldenEye,11.358277320861816,11.358278274536133,9.5367431640625e-07
553497,DoS attacks-GoldenEye,11.051127433776855,11.051129341125488,1.9073486328125e-06
556549,DoS attacks-GoldenEye,10.486102104187012,10.486098289489746,3.814697265625e-06
562652,DoS attacks-GoldenEye,11.051127433776855,11.051129341125488,1.9073486328125e-06
568451,DoS attacks-GoldenEye,11.30323600769043,11.303236961364746,9.5367431640625e-07
591384,DoS attacks-GoldenEye,10.025005340576172,10.025004386901855,9.5367431640625e-07
591719,DoS attacks-GoldenEye,11.334100723266602,11.334098815917969,1.9073486328125e-06
597746,DoS attacks-GoldenEye,11.298506736755371,11.298505783081055,9.5367431640625e-07
598002,DoS attacks-GoldenEye,11.051127433776855,11.051130294799805,2.86102294921875e-06
602155,DoS attacks-GoldenEye,10.971027374267578,10.971023559570312,3.814697265625e-06
603124,DoS attacks-GoldenEye,11.358277320861816,11.358278274536133,9.5367431640625e-07
614759,DoS attacks-GoldenEye,11.158260345458984,11.15826416015625,3.814697265625e-06
632527,DoS attacks-GoldenEye,11.051127433776855,11.051129341125488,1.9073486328125e-06
639924,DoS attacks-GoldenEye,11.358277320861816,11.358277320861816,0.0
646174,DoS attacks-GoldenEye,10.110638618469238,10.110639572143555,9.5367431640625e-07
656903,DoS attacks-GoldenEye,11.1824369430542,11.182439804077148,2.86102294921875e-06
657608,DoS attacks-GoldenEye,10.971027374267578,10.971024513244629,2.86102294921875e-06
660067,DoS attacks-GoldenEye,11.21803092956543,11.218031883239746,9.5367431640625e-07
662682,DoS attacks-GoldenEye,11.21803092956543,11.218032836914062,1.9073486328125e-06
664067,DoS attacks-GoldenEye,11.051127433776855,11.051129341125488,1.9073486328125e-06
664833,DoS attacks-GoldenEye,11.44853401184082,11.448533058166504,9.5367431640625e-07
665817,DoS attacks-GoldenEye,11.21803092956543,11.218031883239746,9.5367431640625e-07
669393,DoS attacks-GoldenEye,11.112531661987305,11.11253547668457,3.814697265625e-06
673205,DoS attacks-GoldenEye,11.358277320861816,11.3582763671875,9.5367431640625e-07
674079,DoS attacks-GoldenEye,11.051127433776855,11.051129341125488,1.9073486328125e-06
676976,DoS attacks-GoldenEye,11.051127433776855,11.051130294799805,2.86102294921875e-06
931,DoS attacks-Hulk,8.53701114654541,8.537009239196777,1.9073486328125e-06
1127,DoS attacks-Hulk,8.53701114654541,8.537009239196777,1.9073486328125e-06
1170,DoS attacks-Hulk,8.53701114654541,8.537009239196777,1.9073486328125e-06
18251,DoS attacks-Hulk,8.538177490234375,8.538175582885742,1.9073486328125e-06
21378,DoS attacks-Hulk,8.53701114654541,8.537009239196777,1.9073486328125e-06
25360,DoS attacks-Hulk,8.53701114654541,8.537009239196777,1.9073486328125e-06
28922,DoS attacks-Hulk,8.53701114654541,8.537009239196777,1.9073486328125e-06
33407,DoS attacks-Hulk,8.53701114654541,8.537009239196777,1.9073486328125e-06
35939,DoS attacks-Hulk,8.53701114654541,8.537009239196777,1.9073486328125e-06
36121,DoS attacks-Hulk,8.53701114654541,8.537009239196777,1.9073486328125e-06
42554,DoS attacks-Hulk,8.53701114654541,8.537010192871094,9.5367431640625e-07
45968,DoS attacks-Hulk,8.53701114654541,8.537009239196777,1.9073486328125e-06
71707,DoS attacks-Hulk,8.53701114654541,8.537009239196777,1.9073486328125e-06
72438,DoS attacks-Hulk,8.53701114654541,8.537009239196777,1.9073486328125e-06
78174,DoS attacks-Hulk,8.538177490234375,8.538174629211426,2.86102294921875e-06
78418,DoS attacks-Hulk,8.53701114654541,8.537009239196777,1.9073486328125e-06
78603,DoS attacks-Hulk,8.53701114654541,8.537009239196777,1.9073486328125e-06
98123,DoS attacks-Hulk,8.53701114654541,8.537009239196777,1.9073486328125e-06
106629,DoS attacks-Hulk,8.53701114654541,8.537009239196777,1.9073486328125e-06
109384,DoS attacks-Hulk,8.53701114654541,8.537009239196777,1.9073486328125e-06
114489,DoS attacks-Hulk,8.53701114654541,8.537009239196777,1.9073486328125e-06
120340,DoS attacks-Hulk,8.53701114654541,8.537009239196777,1.9073486328125e-06
124643,DoS attacks-Hulk,8.53701114654541,8.537009239196777,1.9073486328125e-06
129840,DoS attacks-Hulk,8.53701114654541,8.537009239196777,1.9073486328125e-06
145132,DoS attacks-Hulk,8.53701114654541,8.537009239196777,1.9073486328125e-06
150830,DoS attacks-Hulk,8.53701114654541,8.537009239196777,1.9073486328125e-06
161739,DoS attacks-Hulk,8.53701114654541,8.537009239196777,1.9073486328125e-06
169330,DoS attacks-Hulk,8.53701114654541,8.537009239196777,1.9073486328125e-06
172421,DoS attacks-Hulk,8.53701114654541,8.537009239196777,1.9073486328125e-06
175485,DoS attacks-Hulk,8.53701114654541,8.537009239196777,1.9073486328125e-06
179293,DoS attacks-Hulk,8.53701114654541,8.537008285522461,2.86102294921875e-06
184801,DoS attacks-Hulk,8.53701114654541,8.537009239196777,1.9073486328125e-06
186801,DoS attacks-Hulk,8.53701114654541,8.537009239196777,1.9073486328125e-06
192699,DoS attacks-Hulk,8.53701114654541,8.537009239196777,1.9073486328125e-06
198034,DoS attacks-Hulk,8.53701114654541,8.537009239196777,1.9073486328125e-06
203251,DoS attacks-Hulk,8.53701114654541,8.537009239196777,1.9073486328125e-06
205588,DoS attacks-Hulk,8.53701114654541,8.537009239196777,1.9073486328125e-06
209188,DoS attacks-Hulk,8.53701114654541,8.537009239196777,1.9073486328125e-06
209508,DoS attacks-Hulk,8.53701114654541,8.537009239196777,1.9073486328125e-06
211459,DoS attacks-Hulk,8.53701114654541,8.537009239196777,1.9073486328125e-06
218353,DoS attacks-Hulk,8.53701114654541,8.537009239196777,1.9073486328125e-06
222450,DoS attacks-Hulk,8.53701114654541,8.537009239196777,1.9073486328125e-06
222797,DoS attacks-Hulk,8.53701114654541,8.537009239196777,1.9073486328125e-06
224627,DoS attacks-Hulk,8.53701114654541,8.537009239196777,1.9073486328125e-06
240437,DoS attacks-Hulk,8.53701114654541,8.537008285522461,2.86102294921875e-06
266734,DoS attacks-Hulk,8.53701114654541,8.537009239196777,1.9073486328125e-06
273242,DoS attacks-Hulk,8.53701114654541,8.537009239196777,1.9073486328125e-06
288251,DoS attacks-Hulk,8.53701114654541,8.537009239196777,1.9073486328125e-06
289469,DoS attacks-Hulk,8.53701114654541,8.537009239196777,1.9073486328125e-06
295838,DoS attacks-Hulk,8.53701114654541,8.537009239196777,1.9073486328125e-06
299704,DoS attacks-Hulk,8.53701114654541,8.537009239196777,1.9073486328125e-06
303429,DoS attacks-Hulk,8.53701114654541,8.537009239196777,1.9073486328125e-06
311543,DoS attacks-Hulk,8.53701114654541,8.537009239196777,1.9073486328125e-06
315504,DoS attacks-Hulk,8.538177490234375,8.538174629211426,2.86102294921875e-06
325514,DoS attacks-Hulk,8.53701114654541,8.537009239196777,1.9073486328125e-06
329932,DoS attacks-Hulk,8.53701114654541,8.537009239196777,1.9073486328125e-06
339875,DoS attacks-Hulk,8.53701114654541,8.537009239196777,1.9073486328125e-06
340476,DoS attacks-Hulk,8.53701114654541,8.537009239196777,1.9073486328125e-06
353018,DoS attacks-Hulk,8.53701114654541,8.537009239196777,1.9073486328125e-06
355936,DoS attacks-Hulk,8.53701114654541,8.537009239196777,1.9073486328125e-06
358634,DoS attacks-Hulk,8.538177490234375,8.538174629211426,2.86102294921875e-06
390180,DoS attacks-Hulk,8.53701114654541,8.537009239196777,1.9073486328125e-06
390980,DoS attacks-Hulk,8.53701114654541,8.537009239196777,1.9073486328125e-06
398027,DoS attacks-Hulk,8.53701114654541,8.537009239196777,1.9073486328125e-06
406424,DoS attacks-Hulk,8.53701114654541,8.537009239196777,1.9073486328125e-06
409456,DoS attacks-Hulk,8.53701114654541,8.537009239196777,1.9073486328125e-06
410473,DoS attacks-Hulk,8.53701114654541,8.537009239196777,1.9073486328125e-06
430811,DoS attacks-Hulk,8.53701114654541,8.537009239196777,1.9073486328125e-06
441927,DoS attacks-Hulk,8.49862003326416,8.49862003326416,0.0
442875,DoS attacks-Hulk,8.53701114654541,8.537009239196777,1.9073486328125e-06
454595,DoS attacks-Hulk,8.53701114654541,8.537009239196777,1.9073486328125e-06
454714,DoS attacks-Hulk,8.53701114654541,8.537009239196777,1.9073486328125e-06
467662,DoS attacks-Hulk,8.53701114654541,8.537009239196777,1.9073486328125e-06
469528,DoS attacks-Hulk,8.53701114654541,8.537009239196777,1.9073486328125e-06
485988,DoS attacks-Hulk,8.53701114654541,8.537009239196777,1.9073486328125e-06
514999,DoS attacks-Hulk,8.53701114654541,8.537009239196777,1.9073486328125e-06
516353,DoS attacks-Hulk,8.53701114654541,8.537009239196777,1.9073486328125e-06
542197,DoS attacks-Hulk,8.53701114654541,8.537009239196777,1.9073486328125e-06
543252,DoS attacks-Hulk,8.538177490234375,8.538174629211426,2.86102294921875e-06
546301,DoS attacks-Hulk,8.53701114654541,8.537009239196777,1.9073486328125e-06
549486,DoS attacks-Hulk,8.53701114654541,8.537009239196777,1.9073486328125e-06
551756,DoS attacks-Hulk,8.447813987731934,8.447813034057617,9.5367431640625e-07
552499,DoS attacks-Hulk,8.53701114654541,8.537009239196777,1.9073486328125e-06
568242,DoS attacks-Hulk,8.53701114654541,8.537009239196777,1.9073486328125e-06
594591,DoS attacks-Hulk,8.53701114654541,8.537009239196777,1.9073486328125e-06
595335,DoS attacks-Hulk,8.53701114654541,8.537009239196777,1.9073486328125e-06
599978,DoS attacks-Hulk,8.53701114654541,8.537009239196777,1.9073486328125e-06
602579,DoS attacks-Hulk,8.53701114654541,8.537009239196777,1.9073486328125e-06
610020,DoS attacks-Hulk,8.53701114654541,8.537009239196777,1.9073486328125e-06
627371,DoS attacks-Hulk,8.53701114654541,8.537009239196777,1.9073486328125e-06
630254,DoS attacks-Hulk,8.53701114654541,8.537009239196777,1.9073486328125e-06
653951,DoS attacks-Hulk,8.53701114654541,8.537009239196777,1.9073486328125e-06
656378,DoS attacks-Hulk,8.53701114654541,8.537009239196777,1.9073486328125e-06
664550,DoS attacks-Hulk,8.53701114654541,8.537009239196777,1.9073486328125e-06
668259,DoS attacks-Hulk,8.53701114654541,8.537009239196777,1.9073486328125e-06
671159,DoS attacks-Hulk,8.53701114654541,8.537009239196777,1.9073486328125e-06
683491,DoS attacks-Hulk,8.53701114654541,8.537009239196777,1.9073486328125e-06
687856,DoS attacks-Hulk,8.53701114654541,8.537009239196777,1.9073486328125e-06
695077,DoS attacks-Hulk,8.53701114654541,8.537009239196777,1.9073486328125e-06
699477,DoS attacks-Hulk,8.53701114654541,8.537008285522461,2.86102294921875e-06
1071,DoS attacks-SlowHTTPTest,9.22480297088623,9.224803924560547,9.5367431640625e-07
7705,FTP-BruteForce,5.910172939300537,5.9101715087890625,1.430511474609375e-06
12685,DoS attacks-SlowHTTPTest,10.086873054504395,10.086874008178711,9.5367431640625e-07
13946,DoS attacks-SlowHTTPTest,6.313196659088135,6.31319522857666,1.430511474609375e-06
14273,DoS attacks-SlowHTTPTest,6.239935398101807,6.239933967590332,1.430511474609375e-06
25922,FTP-BruteForce,6.0981903076171875,6.098191261291504,9.5367431640625e-07
36398,FTP-BruteForce,6.0981903076171875,6.098191261291504,9.5367431640625e-07
37957,DoS attacks-SlowHTTPTest,6.239935398101807,6.239933967590332,1.430511474609375e-06
41401,FTP-BruteForce,5.997387886047363,5.997389793395996,1.9073486328125e-06
63607,DoS attacks-SlowHTTPTest,9.22480297088623,9.224803924560547,9.5367431640625e-07
67265,FTP-BruteForce,6.503484725952148,6.503484725952148,0.0
84344,FTP-BruteForce,6.525886535644531,6.525880813598633,5.7220458984375e-06
85527,DoS attacks-SlowHTTPTest,6.313196659088135,6.31319522857666,1.430511474609375e-06
88694,DoS attacks-SlowHTTPTest,6.313196659088135,6.31319522857666,1.430511474609375e-06
91864,DoS attacks-SlowHTTPTest,6.5136284828186035,6.5136260986328125,2.384185791015625e-06
94056,FTP-BruteForce,6.503484725952148,6.503484725952148,0.0
98672,FTP-BruteForce,5.910172939300537,5.9101715087890625,1.430511474609375e-06
99739,FTP-BruteForce,5.910172939300537,5.9101715087890625,1.430511474609375e-06
105283,DoS attacks-SlowHTTPTest,9.22480297088623,9.224803924560547,9.5367431640625e-07
108001,DoS attacks-SlowHTTPTest,9.22480297088623,9.224803924560547,9.5367431640625e-07
110222,FTP-BruteForce,7.376864910125732,7.376864433288574,4.76837158203125e-07
113901,FTP-BruteForce,6.525886535644531,6.525880813598633,5.7220458984375e-06
118456,FTP-BruteForce,6.0981903076171875,6.098191261291504,9.5367431640625e-07
124138,FTP-BruteForce,5.910172939300537,5.9101715087890625,1.430511474609375e-06
128912,FTP-BruteForce,7.317795276641846,7.317795753479004,4.76837158203125e-07
131490,DoS attacks-SlowHTTPTest,9.22480297088623,9.224803924560547,9.5367431640625e-07
163706,FTP-BruteForce,5.997387886047363,5.997389793395996,1.9073486328125e-06
164082,DoS attacks-SlowHTTPTest,9.147292137145996,9.147292137145996,0.0
174899,FTP-BruteForce,5.910172939300537,5.9101715087890625,1.430511474609375e-06
180720,FTP-BruteForce,6.0981903076171875,6.098191261291504,9.5367431640625e-07
191069,FTP-BruteForce,7.376864910125732,7.376864433288574,4.76837158203125e-07
209645,DoS attacks-SlowHTTPTest,5.939066410064697,5.939065933227539,4.76837158203125e-07
209940,FTP-BruteForce,6.0981903076171875,6.098191261291504,9.5367431640625e-07
218188,DoS attacks-SlowHTTPTest,9.22480297088623,9.224803924560547,9.5367431640625e-07
240188,FTP-BruteForce,5.910172939300537,5.9101715087890625,1.430511474609375e-06
255965,FTP-BruteForce,5.997387886047363,5.997389793395996,1.9073486328125e-06
258387,DoS attacks-SlowHTTPTest,9.22480297088623,9.224803924560547,9.5367431640625e-07
265444,FTP-BruteForce,5.997387886047363,5.997389793395996,1.9073486328125e-06
274973,DoS attacks-SlowHTTPTest,10.086873054504395,10.086874008178711,9.5367431640625e-07
285725,DoS attacks-SlowHTTPTest,5.939066410064697,5.939065933227539,4.76837158203125e-07
289881,FTP-BruteForce,6.0981903076171875,6.098191261291504,9.5367431640625e-07
294736,FTP-BruteForce,6.525886535644531,6.525880813598633,5.7220458984375e-06
302331,FTP-BruteForce,6.13718843460083,6.1371870040893555,1.430511474609375e-06
308224,FTP-BruteForce,5.997387886047363,5.997389793395996,1.9073486328125e-06
345687,FTP-BruteForce,5.910172939300537,5.9101715087890625,1.430511474609375e-06
362020,FTP-BruteForce,6.0981903076171875,6.098191261291504,9.5367431640625e-07
364971,FTP-BruteForce,5.878324031829834,5.878322601318359,1.430511474609375e-06
366120,FTP-BruteForce,7.317795276641846,7.317795753479004,4.76837158203125e-07
367222,DoS attacks-SlowHTTPTest,5.939066410064697,5.939065933227539,4.76837158203125e-07
372207,FTP-BruteForce,6.525886535644531,6.525880813598633,5.7220458984375e-06
377363,DoS attacks-SlowHTTPTest,10.086873054504395,10.086874008178711,9.5367431640625e-07
384532,FTP-BruteForce,6.0981903076171875,6.098191261291504,9.5367431640625e-07
389769,DoS attacks-SlowHTTPTest,5.951261520385742,5.951260566711426,9.5367431640625e-07
391731,DoS attacks-SlowHTTPTest,9.22480297088623,9.224803924560547,9.5367431640625e-07
394804,FTP-BruteForce,6.953959941864014,6.953956604003906,3.337860107421875e-06
395555,FTP-BruteForce,6.0981903076171875,6.098191261291504,9.5367431640625e-07
397250,FTP-BruteForce,5.997387886047363,5.997389793395996,1.9073486328125e-06
406663,FTP-BruteForce,5.997387886047363,5.997389793395996,1.9073486328125e-06
409351,FTP-BruteForce,6.440126419067383,6.440126419067383,0.0
419175,FTP-BruteForce,6.0981903076171875,6.098191261291504,9.5367431640625e-07
420757,FTP-BruteForce,5.997387886047363,5.997389793395996,1.9073486328125e-06
423616,DoS attacks-SlowHTTPTest,6.040821552276611,6.040821075439453,4.76837158203125e-07
435164,DoS attacks-SlowHTTPTest,6.050264358520508,6.050260543823242,3.814697265625e-06
447988,DoS attacks-SlowHTTPTest,6.364098072052002,6.364095687866211,2.384185791015625e-06
453862,FTP-BruteForce,6.525886535644531,6.525880813598633,5.7220458984375e-06
466470,FTP-BruteForce,5.910172939300537,5.9101715087890625,1.430511474609375e-06
466946,DoS attacks-SlowHTTPTest,5.951261520385742,5.951260566711426,9.5367431640625e-07
470478,FTP-BruteForce,5.997387886047363,5.997389793395996,1.9073486328125e-06
471809,FTP-BruteForce,6.440126419067383,6.440126419067383,0.0
482370,DoS attacks-SlowHTTPTest,6.679779052734375,6.679775238037109,3.814697265625e-06
491819,FTP-BruteForce,6.0981903076171875,6.098191261291504,9.5367431640625e-07
491867,DoS attacks-SlowHTTPTest,6.040821552276611,6.040821075439453,4.76837158203125e-07
497849,FTP-BruteForce,5.997387886047363,5.997389793395996,1.9073486328125e-06
504010,FTP-BruteForce,6.0981903076171875,6.098191261291504,9.5367431640625e-07
523298,FTP-BruteForce,5.910172939300537,5.9101715087890625,1.430511474609375e-06
523417,FTP-BruteForce,6.13718843460083,6.1371870040893555,1.430511474609375e-06
526447,FTP-BruteForce,6.525886535644531,6.525880813598633,5.7220458984375e-06
528034,FTP-BruteForce,5.997387886047363,5.997389793395996,1.9073486328125e-06
531583,FTP-BruteForce,5.997387886047363,5.997389793395996,1.9073486328125e-06
541865,FTP-BruteForce,5.910172939300537,5.9101715087890625,1.430511474609375e-06
550546,FTP-BruteForce,6.525886535644531,6.525880813598633,5.7220458984375e-06
557848,DoS attacks-SlowHTTPTest,6.5136284828186035,6.5136260986328125,2.384185791015625e-06
561791,FTP-BruteForce,5.910172939300537,5.9101715087890625,1.430511474609375e-06
574787,FTP-BruteForce,6.525886535644531,6.525880813598633,5.7220458984375e-06
583890,FTP-BruteForce,5.910172939300537,5.9101715087890625,1.430511474609375e-06
589376,FTP-BruteForce,6.525886535644531,6.525880813598633,5.7220458984375e-06
600554,FTP-BruteForce,5.910172939300537,5.9101715087890625,1.430511474609375e-06
603794,DoS attacks-SlowHTTPTest,10.086873054504395,10.086874008178711,9.5367431640625e-07
609460,FTP-BruteForce,6.0981903076171875,6.098191261291504,9.5367431640625e-07
615040,FTP-BruteForce,5.997387886047363,5.997389793395996,1.9073486328125e-06
626259,FTP-BruteForce,6.570926189422607,6.570928573608398,2.384185791015625e-06
628158,FTP-BruteForce,6.0981903076171875,6.098191261291504,9.5367431640625e-07
647542,FTP-BruteForce,6.0981903076171875,6.098191261291504,9.5367431640625e-07
658183,FTP-BruteForce,6.525886535644531,6.525880813598633,5.7220458984375e-06
659010,DoS attacks-SlowHTTPTest,6.040821552276611,6.040821075439453,4.76837158203125e-07
667263,FTP-BruteForce,6.13718843460083,6.1371870040893555,1.430511474609375e-06
670052,FTP-BruteForce,5.997387886047363,5.997389793395996,1.9073486328125e-06
674353,DoS attacks-SlowHTTPTest,10.086873054504395,10.086874008178711,9.5367431640625e-07
681754,FTP-BruteForce,6.063272953033447,6.063271522521973,1.430511474609375e-06
691066,FTP-BruteForce,7.599193096160889,7.599193572998047,4.76837158203125e-07
7586,DoS attacks-Slowloris,21.414613723754883,21.414623260498047,9.5367431640625e-06
21300,DoS attacks-Slowloris,21.414613723754883,21.414623260498047,9.5367431640625e-06
26042,DoS attacks-Slowloris,13.84817123413086,13.848165512084961,5.7220458984375e-06
26534,DoS attacks-Slowloris,16.459823608398438,16.459819793701172,3.814697265625e-06
36090,DoS attacks-Slowloris,21.414613723754883,21.41462516784668,1.1444091796875e-05
39368,DoS attacks-Slowloris,16.771814346313477,16.77181053161621,3.814697265625e-06
41037,DoS attacks-Slowloris,8.23157787322998,8.231575965881348,1.9073486328125e-06
47244,DoS attacks-Slowloris,21.414613723754883,21.41462516784668,1.1444091796875e-05
49137,DoS attacks-Slowloris,21.414613723754883,21.414623260498047,9.5367431640625e-06
62344,DoS attacks-Slowloris,22.872474670410156,22.87248420715332,9.5367431640625e-06
63710,DoS attacks-Slowloris,14.295669555664062,14.295665740966797,3.814697265625e-06
64457,DoS attacks-Slowloris,21.414613723754883,21.414623260498047,9.5367431640625e-06
65442,DoS attacks-Slowloris,13.84817123413086,13.848165512084961,5.7220458984375e-06
65649,DoS attacks-Slowloris,21.414613723754883,21.414623260498047,9.5367431640625e-06
68559,DoS attacks-Slowloris,8.307998657226562,8.308000564575195,1.9073486328125e-06
75233,DoS attacks-Slowloris,14.025634765625,14.025630950927734,3.814697265625e-06
77260,DoS attacks-Slowloris,13.833842277526855,13.833839416503906,2.86102294921875e-06
78890,DoS attacks-Slowloris,15.804490089416504,15.80449104309082,9.5367431640625e-07
85617,DoS attacks-Slowloris,16.32038116455078,16.320375442504883,5.7220458984375e-06
102001,DoS attacks-Slowloris,16.527873992919922,16.52787208557129,1.9073486328125e-06
104266,DoS attacks-Slowloris,13.840010643005371,13.840007781982422,2.86102294921875e-06
110358,DoS attacks-Slowloris,14.140548706054688,14.140544891357422,3.814697265625e-06
116878,DoS attacks-Slowloris,14.28815746307373,14.288154602050781,2.86102294921875e-06
119326,DoS attacks-Slowloris,13.833842277526855,13.833837509155273,4.76837158203125e-06
120899,DoS attacks-Slowloris,14.295669555664062,14.295665740966797,3.814697265625e-06
123147,DoS attacks-Slowloris,8.307998657226562,8.308000564575195,1.9073486328125e-06
131202,DoS attacks-Slowloris,8.563450813293457,8.563454627990723,3.814697265625e-06
134401,DoS attacks-Slowloris,14.140548706054688,14.140542984008789,5.7220458984375e-06
145690,DoS attacks-Slowloris,7.568630695343018,7.568633079528809,2.384185791015625e-06
148877,DoS attacks-Slowloris,14.28815746307373,14.288154602050781,2.86102294921875e-06
154231,DoS attacks-Slowloris,15.804490089416504,15.80449104309082,9.5367431640625e-07
154483,DoS attacks-Slowloris,15.804490089416504,15.80449104309082,9.5367431640625e-07
155914,DoS attacks-Slowloris,14.140548706054688,14.140544891357422,3.814697265625e-06
160466,DoS attacks-Slowloris,14.580534934997559,14.580533981323242,9.5367431640625e-07
164141,DoS attacks-Slowloris,14.140548706054688,14.140542984008789,5.7220458984375e-06
172308,DoS attacks-Slowloris,16.32038116455078,16.320375442504883,5.7220458984375e-06
176759,DoS attacks-Slowloris,16.485307693481445,16.485309600830078,1.9073486328125e-06
182164,DoS attacks-Slowloris,14.166208267211914,14.166200637817383,7.62939453125e-06
197092,DoS attacks-Slowloris,14.140548706054688,14.140544891357422,3.814697265625e-06
198930,DoS attacks-Slowloris,13.84817123413086,13.848165512084961,5.7220458984375e-06
208427,DoS attacks-Slowloris,16.703763961791992,16.703758239746094,5.7220458984375e-06
223108,DoS attacks-Slowloris,14.140548706054688,14.140544891357422,3.814697265625e-06
244214,DoS attacks-Slowloris,21.414613723754883,21.414623260498047,9.5367431640625e-06
244530,DoS attacks-Slowloris,14.140548706054688,14.140542984008789,5.7220458984375e-06
265885,DoS attacks-Slowloris,14.140548706054688,14.140544891357422,3.814697265625e-06
267175,DoS attacks-Slowloris,24.18337059020996,24.183382034301758,1.1444091796875e-05
270110,DoS attacks-Slowloris,14.116260528564453,14.116256713867188,3.814697265625e-06
273951,DoS attacks-Slowloris,14.140548706054688,14.140544891357422,3.814697265625e-06
277208,DoS attacks-Slowloris,14.140548706054688,14.140544891357422,3.814697265625e-06
283798,DoS attacks-Slowloris,21.414613723754883,21.41462516784668,1.1444091796875e-05
285723,DoS attacks-Slowloris,15.804490089416504,15.80449104309082,9.5367431640625e-07
292866,DoS attacks-Slowloris,14.295669555664062,14.295665740966797,3.814697265625e-06
296244,DoS attacks-Slowloris,17.831438064575195,17.831439971923828,1.9073486328125e-06
297166,DoS attacks-Slowloris,15.804490089416504,15.80449104309082,9.5367431640625e-07
301446,DoS attacks-Slowloris,21.414613723754883,21.41462516784668,1.1444091796875e-05
301790,DoS attacks-Slowloris,14.166208267211914,14.166204452514648,3.814697265625e-06
317337,DoS attacks-Slowloris,14.749573707580566,14.749570846557617,2.86102294921875e-06
321899,DoS attacks-Slowloris,15.804490089416504,15.80449104309082,9.5367431640625e-07
337460,DoS attacks-Slowloris,14.295669555664062,14.295665740966797,3.814697265625e-06
353960,DoS attacks-Slowloris,21.414613723754883,21.41462516784668,1.1444091796875e-05
360226,DoS attacks-Slowloris,14.28815746307373,14.288154602050781,2.86102294921875e-06
363736,DoS attacks-Slowloris,14.28815746307373,14.288154602050781,2.86102294921875e-06
368177,DoS attacks-Slowloris,14.309587478637695,14.309581756591797,5.7220458984375e-06
386515,DoS attacks-Slowloris,21.414613723754883,21.414623260498047,9.5367431640625e-06
397403,DoS attacks-Slowloris,21.414613723754883,21.41462516784668,1.1444091796875e-05
402013,DoS attacks-Slowloris,16.703763961791992,16.703758239746094,5.7220458984375e-06
419261,DoS attacks-Slowloris,14.457196235656738,14.457193374633789,2.86102294921875e-06
421472,DoS attacks-Slowloris,7.954198360443115,7.954198837280273,4.76837158203125e-07
422784,DoS attacks-Slowloris,15.804490089416504,15.80449104309082,9.5367431640625e-07
437602,DoS attacks-Slowloris,16.404287338256836,16.40428924560547,1.9073486328125e-06
437912,DoS attacks-Slowloris,16.32038116455078,16.320375442504883,5.7220458984375e-06
464739,DoS attacks-Slowloris,14.325833320617676,14.325828552246094,4.76837158203125e-06
498997,DoS attacks-Slowloris,14.309587478637695,14.309581756591797,5.7220458984375e-06
499490,DoS attacks-Slowloris,21.414613723754883,21.414623260498047,9.5367431640625e-06
501470,DoS attacks-Slowloris,21.414613723754883,21.414623260498047,9.5367431640625e-06
505240,DoS attacks-Slowloris,21.414613723754883,21.41462516784668,1.1444091796875e-05
505412,DoS attacks-Slowloris,14.140548706054688,14.140544891357422,3.814697265625e-06
521057,DoS attacks-Slowloris,7.654350280761719,7.654351234436035,9.5367431640625e-07
524329,DoS attacks-Slowloris,14.845561981201172,14.845560073852539,1.9073486328125e-06
535079,DoS attacks-Slowloris,8.307998657226562,8.308000564575195,1.9073486328125e-06
543532,DoS attacks-Slowloris,13.77498722076416,13.774982452392578,4.76837158203125e-06
554807,DoS attacks-Slowloris,16.32038116455078,16.320375442504883,5.7220458984375e-06
559812,DoS attacks-Slowloris,12.650147438049316,12.650148391723633,9.5367431640625e-07
560414,DoS attacks-Slowloris,16.527873992919922,16.52787208557129,1.9073486328125e-06
565256,DoS attacks-Slowloris,16.32038116455078,16.320375442504883,5.7220458984375e-06
565416,DoS attacks-Slowloris,16.527873992919922,16.52787208557129,1.9073486328125e-06
580624,DoS attacks-Slowloris,21.414613723754883,21.414621353149414,7.62939453125e-06
582483,DoS attacks-Slowloris,21.414613723754883,21.41462516784668,1.1444091796875e-05
600730,DoS attacks-Slowloris,14.140548706054688,14.140544891357422,3.814697265625e-06
600892,DoS attacks-Slowloris,14.140548706054688,14.140544891357422,3.814697265625e-06
608141,DoS attacks-Slowloris,14.140548706054688,14.140544891357422,3.814697265625e-06
609461,DoS attacks-Slowloris,13.77498722076416,13.774984359741211,2.86102294921875e-06
613720,DoS attacks-Slowloris,13.84817123413086,13.848167419433594,3.814697265625e-06
634987,DoS attacks-Slowloris,15.804490089416504,15.80449104309082,9.5367431640625e-07
640355,DoS attacks-Slowloris,7.568630695343018,7.568633079528809,2.384185791015625e-06
647653,DoS attacks-Slowloris,21.414613723754883,21.414623260498047,9.5367431640625e-06
681440,DoS attacks-Slowloris,13.84817123413086,13.848165512084961,5.7220458984375e-06
682774,DoS attacks-Slowloris,14.295669555664062,14.295665740966797,3.814697265625e-06
689278,DoS attacks-Slowloris,21.414613723754883,21.414621353149414,7.62939453125e-06
693292,DoS attacks-Slowloris,14.580534934997559,14.580533981323242,9.5367431640625e-07
2031,FTP-BruteForce,6.440126419067383,6.440126419067383,0.0
14986,FTP-BruteForce,5.910172939300537,5.9101715087890625,1.430511474609375e-06
29814,FTP-BruteForce,6.0981903076171875,6.098191261291504,9.5367431640625e-07
44367,FTP-BruteForce,6.13718843460083,6.1371870040893555,1.430511474609375e-06
52407,FTP-BruteForce,5.997387886047363,5.997389793395996,1.9073486328125e-06
67376,FTP-BruteForce,6.0981903076171875,6.098191261291504,9.5367431640625e-07
68854,FTP-BruteForce,6.0981903076171875,6.098191261291504,9.5367431640625e-07
91265,FTP-BruteForce,6.953959941864014,6.953956604003906,3.337860107421875e-06
91364,DoS attacks-SlowHTTPTest,5.879360198974609,5.879359245300293,9.5367431640625e-07
95356,DoS attacks-SlowHTTPTest,5.951261520385742,5.951260566711426,9.5367431640625e-07
110687,FTP-BruteForce,7.317795276641846,7.317795753479004,4.76837158203125e-07
110779,FTP-BruteForce,5.997387886047363,5.997389793395996,1.9073486328125e-06
111388,FTP-BruteForce,5.997387886047363,5.997389793395996,1.9073486328125e-06
126898,FTP-BruteForce,7.376864910125732,7.376864433288574,4.76837158203125e-07
129651,FTP-BruteForce,6.0981903076171875,6.098191261291504,9.5367431640625e-07
140183,FTP-BruteForce,7.159193515777588,7.159191131591797,2.384185791015625e-06
186449,FTP-BruteForce,7.599193096160889,7.599193572998047,4.76837158203125e-07
197159,FTP-BruteForce,7.317795276641846,7.317795753479004,4.76837158203125e-07
197243,DoS attacks-SlowHTTPTest,9.22480297088623,9.224803924560547,9.5367431640625e-07
197800,FTP-BruteForce,7.599193096160889,7.599193572998047,4.76837158203125e-07
200357,FTP-BruteForce,6.953959941864014,6.953956604003906,3.337860107421875e-06
202871,FTP-BruteForce,7.376864910125732,7.376864433288574,4.76837158203125e-07
210856,FTP-BruteForce,6.953959941864014,6.953956604003906,3.337860107421875e-06
212949,DoS attacks-SlowHTTPTest,9.22480297088623,9.224803924560547,9.5367431640625e-07
216779,FTP-BruteForce,7.317795276641846,7.317795753479004,4.76837158203125e-07
222514,FTP-BruteForce,5.910172939300537,5.9101715087890625,1.430511474609375e-06
231177,DoS attacks-SlowHTTPTest,5.939066410064697,5.939065933227539,4.76837158203125e-07
234687,FTP-BruteForce,5.9499192237854,5.949918746948242,4.76837158203125e-07
244272,FTP-BruteForce,6.664882659912109,6.664882659912109,0.0
247162,FTP-BruteForce,6.0981903076171875,6.098191261291504,9.5367431640625e-07
257427,FTP-BruteForce,6.0981903076171875,6.098191261291504,9.5367431640625e-07
261303,FTP-BruteForce,7.376864910125732,7.376864433288574,4.76837158203125e-07
276960,FTP-BruteForce,7.159193515777588,7.159191131591797,2.384185791015625e-06
278703,FTP-BruteForce,6.525886535644531,6.525880813598633,5.7220458984375e-06
281137,FTP-BruteForce,5.997387886047363,5.997389793395996,1.9073486328125e-06
288765,FTP-BruteForce,5.997387886047363,5.997389793395996,1.9073486328125e-06
289197,DoS attacks-SlowHTTPTest,5.939066410064697,5.939065933227539,4.76837158203125e-07
292144,DoS attacks-SlowHTTPTest,5.939066410064697,5.939065933227539,4.76837158203125e-07
292880,DoS attacks-SlowHTTPTest,5.879360198974609,5.879359245300293,9.5367431640625e-07
302593,DoS attacks-SlowHTTPTest,5.939066410064697,5.939065933227539,4.76837158203125e-07
306345,FTP-BruteForce,6.570926189422607,6.570928573608398,2.384185791015625e-06
307159,FTP-BruteForce,7.159193515777588,7.159191131591797,2.384185791015625e-06
315862,FTP-BruteForce,5.910172939300537,5.9101715087890625,1.430511474609375e-06
319237,FTP-BruteForce,7.599193096160889,7.599193572998047,4.76837158203125e-07
320940,DoS attacks-SlowHTTPTest,9.147292137145996,9.147292137145996,0.0
321094,FTP-BruteForce,7.320801734924316,7.320802688598633,9.5367431640625e-07
323541,FTP-BruteForce,7.159193515777588,7.159191131591797,2.384185791015625e-06
330423,FTP-BruteForce,6.525886535644531,6.525880813598633,5.7220458984375e-06
330578,FTP-BruteForce,7.376864910125732,7.376864433288574,4.76837158203125e-07
343987,FTP-BruteForce,7.376864910125732,7.376864433288574,4.76837158203125e-07
358821,DoS attacks-SlowHTTPTest,10.086873054504395,10.086874008178711,9.5367431640625e-07
366543,FTP-BruteForce,6.664882659912109,6.664882659912109,0.0
366662,FTP-BruteForce,7.317795276641846,7.317795753479004,4.76837158203125e-07
371991,FTP-BruteForce,7.317795276641846,7.317795753479004,4.76837158203125e-07
379220,FTP-BruteForce,5.997387886047363,5.997389793395996,1.9073486328125e-06
384136,FTP-BruteForce,6.0981903076171875,6.098191261291504,9.5367431640625e-07
392452,FTP-BruteForce,5.910172939300537,5.9101715087890625,1.430511474609375e-06
406851,FTP-BruteForce,5.997387886047363,5.997389793395996,1.9073486328125e-06
413123,FTP-BruteForce,7.317795276641846,7.317795753479004,4.76837158203125e-07
416055,DoS attacks-SlowHTTPTest,5.939066410064697,5.939065933227539,4.76837158203125e-07
429318,FTP-BruteForce,6.0981903076171875,6.098191261291504,9.5367431640625e-07
439173,FTP-BruteForce,7.317795276641846,7.317795753479004,4.76837158203125e-07
441291,FTP-BruteForce,7.317795276641846,7.317795753479004,4.76837158203125e-07
448846,FTP-BruteForce,6.0981903076171875,6.098191261291504,9.5367431640625e-07
458267,FTP-BruteForce,7.320801734924316,7.320802688598633,9.5367431640625e-07
459340,FTP-BruteForce,5.997387886047363,5.997389793395996,1.9073486328125e-06
459873,FTP-BruteForce,6.0981903076171875,6.098191261291504,9.5367431640625e-07
463180,DoS attacks-SlowHTTPTest,5.939066410064697,5.939065933227539,4.76837158203125e-07
464868,FTP-BruteForce,7.376864910125732,7.376864433288574,4.76837158203125e-07
468962,FTP-BruteForce,5.997387886047363,5.997389793395996,1.9073486328125e-06
470805,FTP-BruteForce,7.320801734924316,7.320802688598633,9.5367431640625e-07
471936,FTP-BruteForce,5.997387886047363,5.997389793395996,1.9073486328125e-06
490272,FTP-BruteForce,6.525886535644531,6.525880813598633,5.7220458984375e-06
498342,FTP-BruteForce,6.0981903076171875,6.098191261291504,9.5367431640625e-07
499837,FTP-BruteForce,6.0981903076171875,6.098191261291504,9.5367431640625e-07
501996,FTP-BruteForce,6.664882659912109,6.664882659912109,0.0
502996,FTP-BruteForce,5.997387886047363,5.997389793395996,1.9073486328125e-06
506851,DoS attacks-SlowHTTPTest,6.040821552276611,6.040821075439453,4.76837158203125e-07
512569,FTP-BruteForce,5.936131954193115,5.936132431030273,4.76837158203125e-07
514171,FTP-BruteForce,7.376864910125732,7.376864433288574,4.76837158203125e-07
514465,FTP-BruteForce,7.599193096160889,7.599193572998047,4.76837158203125e-07
515870,FTP-BruteForce,7.320801734924316,7.320802688598633,9.5367431640625e-07
517481,FTP-BruteForce,6.0981903076171875,6.098191261291504,9.5367431640625e-07
519779,FTP-BruteForce,7.599193096160889,7.599193572998047,4.76837158203125e-07
521894,FTP-BruteForce,7.376864910125732,7.376864433288574,4.76837158203125e-07
543202,FTP-BruteForce,7.376864910125732,7.376864433288574,4.76837158203125e-07
549881,FTP-BruteForce,5.997387886047363,5.997389793395996,1.9073486328125e-06
581397,FTP-BruteForce,7.320801734924316,7.320802688598633,9.5367431640625e-07
586268,FTP-BruteForce,7.317795276641846,7.317795753479004,4.76837158203125e-07
601558,FTP-BruteForce,7.376864910125732,7.376864433288574,4.76837158203125e-07
616576,FTP-BruteForce,6.525886535644531,6.525880813598633,5.7220458984375e-06
620441,FTP-BruteForce,5.997387886047363,5.997389793395996,1.9073486328125e-06
629903,FTP-BruteForce,7.376864910125732,7.376864433288574,4.76837158203125e-07
629988,FTP-BruteForce,7.376864910125732,7.376864433288574,4.76837158203125e-07
653327,FTP-BruteForce,6.0981903076171875,6.098191261291504,9.5367431640625e-07
655883,FTP-BruteForce,6.0981903076171875,6.098191261291504,9.5367431640625e-07
679271,FTP-BruteForce,6.363862991333008,6.363862991333008,0.0
681375,FTP-BruteForce,7.376864910125732,7.376864433288574,4.76837158203125e-07
683039,FTP-BruteForce,5.910172939300537,5.9101715087890625,1.430511474609375e-06
687036,FTP-BruteForce,5.910172939300537,5.9101715087890625,1.430511474609375e-06
850,Benign,6.34910774230957,6.349109649658203,1.9073486328125e-06
5168,Benign,6.291711330413818,6.291712760925293,1.430511474609375e-06
17406,Benign,6.34910774230957,6.349110126495361,2.384185791015625e-06
18793,Benign,6.161604404449463,6.161604881286621,4.76837158203125e-07
23166,Benign,4.727016448974609,4.727017402648926,9.5367431640625e-07
28502,Benign,6.34910774230957,6.349110126495361,2.384185791015625e-06
37222,Benign,4.727016448974609,4.727017402648926,9.5367431640625e-07
48920,Benign,6.34197998046875,6.341981887817383,1.9073486328125e-06
66623,Infilteration,4.945160865783691,4.945160388946533,4.76837158203125e-07
74919,Benign,6.314948558807373,6.314950942993164,2.384185791015625e-06
78638,Benign,6.34910774230957,6.349109649658203,1.9073486328125e-06
81246,Benign,6.428428649902344,6.42842960357666,9.5367431640625e-07
81343,Benign,5.953995227813721,5.953993320465088,1.9073486328125e-06
83540,Benign,4.726555824279785,4.726556301116943,4.76837158203125e-07
95283,Infilteration,4.976868629455566,4.976866722106934,1.9073486328125e-06
98249,Benign,5.858978271484375,5.858978271484375,0.0
98394,Benign,6.34910774230957,6.349110126495361,2.384185791015625e-06
109251,Benign,6.314948558807373,6.314950942993164,2.384185791015625e-06
110863,Benign,6.301109313964844,6.301111698150635,2.384185791015625e-06
118883,Benign,6.253202438354492,6.253203392028809,9.5367431640625e-07
124505,Benign,6.339803695678711,6.339806079864502,2.384185791015625e-06
125655,Benign,4.599012851715088,4.599013805389404,9.5367431640625e-07
134703,Infilteration,4.908168792724609,4.908169269561768,4.76837158203125e-07
148614,Infilteration,5.164265155792236,5.164264678955078,4.76837158203125e-07
154291,Benign,4.677855491638184,4.6778564453125,9.5367431640625e-07
158206,Benign,6.312528133392334,6.312530517578125,2.384185791015625e-06
165573,Infilteration,5.0780792236328125,5.07807731628418,1.9073486328125e-06
172712,Benign,6.2457356452941895,6.245735168457031,4.76837158203125e-07
176229,Benign,5.917782306671143,5.917782783508301,4.76837158203125e-07
190670,Benign,6.37835693359375,6.378358840942383,1.9073486328125e-06
200623,Benign,6.253202438354492,6.253203392028809,9.5367431640625e-07
200894,Benign,6.263326644897461,6.2633280754089355,1.430511474609375e-06
202802,Benign,6.330228805541992,6.330231189727783,2.384185791015625e-06
203089,Benign,6.34910774230957,6.349109649658203,1.9073486328125e-06
207578,Benign,5.899763584136963,5.8997626304626465,9.5367431640625e-07
208642,Benign,5.941783428192139,5.9417829513549805,4.76837158203125e-07
222690,Benign,5.7608537673950195,5.760853290557861,4.76837158203125e-07
223721,Benign,6.576370716094971,6.576372146606445,1.430511474609375e-06
226182,Benign,6.301109313964844,6.301111698150635,2.384185791015625e-06
232823,Benign,4.739925384521484,4.739926338195801,9.5367431640625e-07
246025,Benign,6.3031487464904785,6.303150653839111,1.9073486328125e-06
250559,Benign,6.2102155685424805,6.21021842956543,2.86102294921875e-06
252669,Infilteration,5.03758430480957,5.037583351135254,9.5367431640625e-07
255685,Benign,5.934484481811523,5.934482097625732,2.384185791015625e-06
270265,Infilteration,5.201671123504639,5.201668739318848,2.384185791015625e-06
278766,Benign,6.348182201385498,6.348184585571289,2.384185791015625e-06
284638,Benign,5.8325581550598145,5.8325581550598145,0.0
294098,Benign,6.253202438354492,6.253203392028809,9.5367431640625e-07
295395,Benign,5.7535576820373535,5.753555774688721,1.9073486328125e-06
297623,Benign,6.431784152984619,6.4317827224731445,1.430511474609375e-06
312727,Benign,5.924483776092529,5.924481391906738,2.384185791015625e-06
314695,Benign,6.301109313964844,6.301111221313477,1.9073486328125e-06
315095,Benign,5.895405292510986,5.895404815673828,4.76837158203125e-07
321646,Benign,6.527894020080566,6.527896881103516,2.86102294921875e-06
330667,Benign,6.659299850463867,6.659302711486816,2.86102294921875e-06
348185,Benign,5.904128551483154,5.90412712097168,1.430511474609375e-06
352085,Benign,6.374273300170898,6.374275207519531,1.9073486328125e-06
359605,Benign,6.543702602386475,6.543703079223633,4.76837158203125e-07
384104,Benign,5.72590446472168,5.725900650024414,3.814697265625e-06
396205,Benign,6.287335395812988,6.28733491897583,4.76837158203125e-07
400666,Benign,6.360270977020264,6.360273838043213,2.86102294921875e-06
406788,Infilteration,5.116098880767822,5.116097450256348,1.430511474609375e-06
409793,Benign,4.726555824279785,4.726556301116943,4.76837158203125e-07
421356,Benign,6.34910774230957,6.349109649658203,1.9073486328125e-06
433226,Benign,6.323508262634277,6.32351016998291,1.9073486328125e-06
441871,Benign,5.933087348937988,5.933084964752197,2.384185791015625e-06
457162,Benign,6.34910774230957,6.349110126495361,2.384185791015625e-06
458616,Benign,6.263290882110596,6.26329231262207,1.430511474609375e-06
464943,Infilteration,5.010505676269531,5.010503768920898,1.9073486328125e-06
472146,Infilteration,5.9415740966796875,5.94157600402832,1.9073486328125e-06
478207,Benign,4.677855491638184,4.6778564453125,9.5367431640625e-07
479119,Benign,5.750807285308838,5.750805854797363,1.430511474609375e-06
480885,Benign,4.726555824279785,4.726556301116943,4.76837158203125e-07
488637,Infilteration,6.227458953857422,6.227461338043213,2.384185791015625e-06
497001,Benign,4.703199863433838,4.703200817108154,9.5367431640625e-07
510189,Benign,6.669590950012207,6.669593811035156,2.86102294921875e-06
534321,Benign,6.047459125518799,6.047459602355957,4.76837158203125e-07
540297,Benign,6.37835693359375,6.378358840942383,1.9073486328125e-06
552417,Infilteration,4.626681804656982,4.626680374145508,1.430511474609375e-06
552907,Benign,4.703199863433838,4.703200340270996,4.76837158203125e-07
556391,Benign,5.6036834716796875,5.603686332702637,2.86102294921875e-06
557853,Benign,6.37835693359375,6.378358840942383,1.9073486328125e-06
569261,Benign,5.969973564147949,5.969972610473633,9.5367431640625e-07
576155,Benign,5.596634864807129,5.5966362953186035,1.430511474609375e-06
581941,Benign,4.739925384521484,4.739925861358643,4.76837158203125e-07
583406,Benign,6.330228805541992,6.330230712890625,1.9073486328125e-06
585066,Benign,6.8814263343811035,6.88142728805542,9.5367431640625e-07
598110,Benign,6.1492719650268555,6.149271488189697,4.76837158203125e-07
611124,Benign,6.30723237991333,6.307233810424805,1.430511474609375e-06
616267,Infilteration,4.810436248779297,4.810434341430664,1.9073486328125e-06
633493,Infilteration,5.03758430480957,5.037583351135254,9.5367431640625e-07
649006,Benign,6.34910774230957,6.349110126495361,2.384185791015625e-06
653096,Benign,4.739925384521484,4.739925861358643,4.76837158203125e-07
654121,Benign,5.971144676208496,5.971141815185547,2.86102294921875e-06
657262,Benign,6.523487091064453,6.523489475250244,2.384185791015625e-06
681495,Benign,6.368902683258057,6.368904113769531,1.430511474609375e-06
682893,Benign,5.966758728027344,5.966757297515869,1.430511474609375e-06
692944,Benign,4.733776569366455,4.733777046203613,4.76837158203125e-07
695561,Benign,5.679642677307129,5.679643630981445,9.5367431640625e-07
698152,Benign,6.34910774230957,6.349110126495361,2.384185791015625e-06
46168,SQL Injection,7.576079845428467,7.576081275939941,1.430511474609375e-06
59485,Brute Force -Web,7.40834379196167,7.408345699310303,1.9073486328125e-06
68799,SQL Injection,9.039523124694824,9.039521217346191,1.9073486328125e-06
74289,Brute Force -Web,8.932280540466309,8.93228530883789,4.76837158203125e-06
155941,SQL Injection,9.295077323913574,9.295072555541992,4.76837158203125e-06
158360,Brute Force -Web,7.40834379196167,7.408345699310303,1.9073486328125e-06
166311,SQL Injection,7.1085429191589355,7.108543395996094,4.76837158203125e-07
211181,Brute Force -Web,7.40834379196167,7.408345699310303,1.9073486328125e-06
239166,Brute Force -Web,6.479118347167969,6.479118824005127,4.76837158203125e-07
265648,Benign,2.0711252689361572,2.0711264610290527,1.1920928955078125e-06
294434,SQL Injection,8.992074012756348,8.992071151733398,2.86102294921875e-06
358097,SQL Injection,8.366130828857422,8.366129875183105,9.5367431640625e-07
379791,SQL Injection,8.798534393310547,8.798534393310547,0.0
404988,Brute Force -Web,7.268466472625732,7.268467426300049,9.5367431640625e-07
415297,SQL Injection,9.448044776916504,9.448042869567871,1.9073486328125e-06
514970,Brute Force -Web,7.40834379196167,7.408345699310303,1.9073486328125e-06
557077,SQL Injection,9.295077323913574,9.295073509216309,3.814697265625e-06
700,SSH-Bruteforce,8.76289176940918,8.762890815734863,9.5367431640625e-07
3615,SSH-Bruteforce,8.76289176940918,8.762890815734863,9.5367431640625e-07
6532,SSH-Bruteforce,8.76289176940918,8.762890815734863,9.5367431640625e-07
18306,SSH-Bruteforce,8.76289176940918,8.762890815734863,9.5367431640625e-07
18567,SSH-Bruteforce,8.76289176940918,8.762890815734863,9.5367431640625e-07
34761,SSH-Bruteforce,8.76289176940918,8.762890815734863,9.5367431640625e-07
38683,SSH-Bruteforce,8.76289176940918,8.762890815734863,9.5367431640625e-07
41679,SSH-Bruteforce,8.76289176940918,8.762890815734863,9.5367431640625e-07
46154,SSH-Bruteforce,8.76289176940918,8.762890815734863,9.5367431640625e-07
53758,SSH-Bruteforce,8.76289176940918,8.762890815734863,9.5367431640625e-07
65720,SSH-Bruteforce,8.752484321594238,8.752483367919922,9.5367431640625e-07
69155,SSH-Bruteforce,8.76289176940918,8.762890815734863,9.5367431640625e-07
71804,SSH-Bruteforce,8.76289176940918,8.762890815734863,9.5367431640625e-07
72552,SSH-Bruteforce,8.76289176940918,8.762890815734863,9.5367431640625e-07
89189,SSH-Bruteforce,8.76289176940918,8.762890815734863,9.5367431640625e-07
91729,SSH-Bruteforce,8.76289176940918,8.762890815734863,9.5367431640625e-07
105863,SSH-Bruteforce,8.76289176940918,8.762890815734863,9.5367431640625e-07
108676,SSH-Bruteforce,8.76289176940918,8.762890815734863,9.5367431640625e-07
115009,SSH-Bruteforce,8.76289176940918,8.762890815734863,9.5367431640625e-07
118301,SSH-Bruteforce,8.76289176940918,8.762890815734863,9.5367431640625e-07
120869,SSH-Bruteforce,8.76289176940918,8.762890815734863,9.5367431640625e-07
128499,SSH-Bruteforce,8.76289176940918,8.762890815734863,9.5367431640625e-07
132093,SSH-Bruteforce,8.76289176940918,8.762890815734863,9.5367431640625e-07
140273,SSH-Bruteforce,8.76289176940918,8.762890815734863,9.5367431640625e-07
144566,SSH-Bruteforce,8.76289176940918,8.762890815734863,9.5367431640625e-07
146352,SSH-Bruteforce,8.76289176940918,8.762890815734863,9.5367431640625e-07
147149,SSH-Bruteforce,8.76289176940918,8.762890815734863,9.5367431640625e-07
149972,SSH-Bruteforce,8.76289176940918,8.762890815734863,9.5367431640625e-07
166815,SSH-Bruteforce,8.76289176940918,8.762890815734863,9.5367431640625e-07
170698,SSH-Bruteforce,8.76289176940918,8.762890815734863,9.5367431640625e-07
176656,SSH-Bruteforce,8.76289176940918,8.762890815734863,9.5367431640625e-07
178179,SSH-Bruteforce,8.76289176940918,8.762890815734863,9.5367431640625e-07
185649,SSH-Bruteforce,8.76289176940918,8.762890815734863,9.5367431640625e-07
197309,SSH-Bruteforce,8.76289176940918,8.762890815734863,9.5367431640625e-07
197350,SSH-Bruteforce,8.76289176940918,8.762890815734863,9.5367431640625e-07
207278,SSH-Bruteforce,8.76289176940918,8.762890815734863,9.5367431640625e-07
216128,SSH-Bruteforce,7.674991130828857,7.674989223480225,1.9073486328125e-06
220751,SSH-Bruteforce,8.752484321594238,8.752483367919922,9.5367431640625e-07
234638,SSH-Bruteforce,7.710742473602295,7.7107415199279785,9.5367431640625e-07
237186,SSH-Bruteforce,8.76289176940918,8.762890815734863,9.5367431640625e-07
239077,SSH-Bruteforce,8.76289176940918,8.762890815734863,9.5367431640625e-07
248240,SSH-Bruteforce,8.76289176940918,8.762890815734863,9.5367431640625e-07
253627,SSH-Bruteforce,8.76289176940918,8.762890815734863,9.5367431640625e-07
255004,SSH-Bruteforce,6.072427749633789,6.072427749633789,0.0
262642,SSH-Bruteforce,8.76289176940918,8.762890815734863,9.5367431640625e-07
264254,SSH-Bruteforce,8.76289176940918,8.762890815734863,9.5367431640625e-07
286658,SSH-Bruteforce,8.76289176940918,8.762890815734863,9.5367431640625e-07
287729,SSH-Bruteforce,8.76289176940918,8.762890815734863,9.5367431640625e-07
292441,SSH-Bruteforce,8.76289176940918,8.762890815734863,9.5367431640625e-07
311164,SSH-Bruteforce,8.76289176940918,8.762890815734863,9.5367431640625e-07
312349,SSH-Bruteforce,8.76289176940918,8.762890815734863,9.5367431640625e-07
320545,SSH-Bruteforce,8.76289176940918,8.762890815734863,9.5367431640625e-07
322400,SSH-Bruteforce,8.76289176940918,8.762890815734863,9.5367431640625e-07
326393,SSH-Bruteforce,8.752484321594238,8.752484321594238,0.0
326877,SSH-Bruteforce,8.76289176940918,8.762890815734863,9.5367431640625e-07
329911,SSH-Bruteforce,8.777813911437988,8.777812004089355,1.9073486328125e-06
330142,SSH-Bruteforce,8.752484321594238,8.752484321594238,0.0
331268,SSH-Bruteforce,8.76289176940918,8.762890815734863,9.5367431640625e-07
338060,SSH-Bruteforce,8.76289176940918,8.762890815734863,9.5367431640625e-07
364927,SSH-Bruteforce,8.76289176940918,8.762890815734863,9.5367431640625e-07
366374,SSH-Bruteforce,8.76289176940918,8.762890815734863,9.5367431640625e-07
370476,SSH-Bruteforce,8.752484321594238,8.752484321594238,0.0
384401,SSH-Bruteforce,8.560497283935547,8.560497283935547,0.0
392295,SSH-Bruteforce,8.76289176940918,8.762890815734863,9.5367431640625e-07
394399,SSH-Bruteforce,8.76289176940918,8.762890815734863,9.5367431640625e-07
394609,SSH-Bruteforce,8.76289176940918,8.762890815734863,9.5367431640625e-07
409941,SSH-Bruteforce,8.76289176940918,8.762890815734863,9.5367431640625e-07
419103,SSH-Bruteforce,8.76289176940918,8.762890815734863,9.5367431640625e-07
419955,SSH-Bruteforce,8.694775581359863,8.694775581359863,0.0
431716,SSH-Bruteforce,8.76289176940918,8.762890815734863,9.5367431640625e-07
434728,SSH-Bruteforce,8.76289176940918,8.762890815734863,9.5367431640625e-07
449710,SSH-Bruteforce,8.76289176940918,8.762890815734863,9.5367431640625e-07
455128,SSH-Bruteforce,8.76289176940918,8.762890815734863,9.5367431640625e-07
459322,SSH-Bruteforce,8.752484321594238,8.752484321594238,0.0
459759,SSH-Bruteforce,8.76289176940918,8.762890815734863,9.5367431640625e-07
474837,SSH-Bruteforce,8.76289176940918,8.762890815734863,9.5367431640625e-07
479497,SSH-Bruteforce,8.76289176940918,8.762890815734863,9.5367431640625e-07
496963,SSH-Bruteforce,8.76289176940918,8.762890815734863,9.5367431640625e-07
513187,SSH-Bruteforce,8.76289176940918,8.762890815734863,9.5367431640625e-07
521774,SSH-Bruteforce,8.76289176940918,8.762890815734863,9.5367431640625e-07
529046,SSH-Bruteforce,8.76289176940918,8.762890815734863,9.5367431640625e-07
530712,SSH-Bruteforce,8.694775581359863,8.69477653503418,9.5367431640625e-07
544121,SSH-Bruteforce,8.752484321594238,8.752484321594238,0.0
547214,SSH-Bruteforce,8.76289176940918,8.762890815734863,9.5367431640625e-07
577853,SSH-Bruteforce,8.76289176940918,8.762890815734863,9.5367431640625e-07
578272,SSH-Bruteforce,8.76289176940918,8.762890815734863,9.5367431640625e-07
582255,SSH-Bruteforce,8.694775581359863,8.694775581359863,0.0
588968,SSH-Bruteforce,8.752484321594238,8.752483367919922,9.5367431640625e-07
589935,SSH-Bruteforce,8.777813911437988,8.777812004089355,1.9073486328125e-06
591621,SSH-Bruteforce,8.76289176940918,8.762890815734863,9.5367431640625e-07
604435,SSH-Bruteforce,8.752484321594238,8.752483367919922,9.5367431640625e-07
608020,SSH-Bruteforce,8.76289176940918,8.762890815734863,9.5367431640625e-07
623534,SSH-Bruteforce,8.76289176940918,8.762890815734863,9.5367431640625e-07
626096,SSH-Bruteforce,8.76289176940918,8.762890815734863,9.5367431640625e-07
649553,SSH-Bruteforce,8.752484321594238,8.752483367919922,9.5367431640625e-07
656508,SSH-Bruteforce,8.76289176940918,8.762890815734863,9.5367431640625e-07
660211,SSH-Bruteforce,8.76289176940918,8.762890815734863,9.5367431640625e-07
665712,SSH-Bruteforce,8.752484321594238,8.752484321594238,0.0
698290,SSH-Bruteforce,8.76289176940918,8.762890815734863,9.5367431640625e-07
699715,SSH-Bruteforce,8.752484321594238,8.752484321594238,0.0
