sample_id,true_label,predicted_label,is_correct,rank,feature,feature_key,shap_value,abs_shap_value
30494,Benign,Benign,True,1,Fwd Pkt Len Max,fwdpktlenmax,0.409204363822937,0.409204363822937
30494,Benign,Benign,True,2,Fwd IAT Tot,fwdiattot,0.30485591292381287,0.30485591292381287
30494,Benign,Benign,True,3,Init Fwd Win Byts,initfwdwinbyts,0.23888945579528809,0.23888945579528809
30494,Benign,Benign,True,4,Dst Port,dstport,0.14344905316829681,0.14344905316829681
30494,Benign,Benign,True,5,RST Flag Cnt,rstflagcnt,0.1109335646033287,0.1109335646033287
44615,Benign,Benign,True,1,Fwd Pkt Len Max,fwdpktlenmax,-1.1796914339065552,1.1796914339065552
44615,Benign,Benign,True,2,Dst Port,dstport,0.6687344908714294,0.6687344908714294
44615,Benign,Benign,True,3,Fwd Pkt Len Mean,fwdpktlenmean,0.5994831919670105,0.5994831919670105
44615,Benign,Benign,True,4,Fwd Seg Size Min,fwdsegsizemin,-0.5055411458015442,0.5055411458015442
44615,Benign,Benign,True,5,Fwd IAT Tot,fwdiattot,0.19491665065288544,0.19491665065288544
47536,Benign,Benign,True,1,Fwd Pkt Len Max,fwdpktlenmax,-0.7657533884048462,0.7657533884048462
47536,Benign,Benign,True,2,Dst Port,dstport,0.5905099511146545,0.5905099511146545
47536,Benign,Benign,True,3,Fwd Pkt Len Mean,fwdpktlenmean,0.5709245204925537,0.5709245204925537
47536,Benign,Benign,True,4,Fwd IAT Tot,fwdiattot,0.345241516828537,0.345241516828537
47536,Benign,Benign,True,5,Init Fwd Win Byts,initfwdwinbyts,0.2802888751029968,0.2802888751029968
53524,Benign,Benign,True,1,Fwd Pkt Len Max,fwdpktlenmax,0.4096873104572296,0.4096873104572296
53524,Benign,Benign,True,2,Fwd IAT Tot,fwdiattot,0.3048980236053467,0.3048980236053467
53524,Benign,Benign,True,3,Init Fwd Win Byts,initfwdwinbyts,0.2387382686138153,0.2387382686138153
53524,Benign,Benign,True,4,Dst Port,dstport,0.14336802065372467,0.14336802065372467
53524,Benign,Benign,True,5,RST Flag Cnt,rstflagcnt,0.1109333410859108,0.1109333410859108
60185,Benign,Benign,True,1,Fwd Pkt Len Max,fwdpktlenmax,0.406008243560791,0.406008243560791
60185,Benign,Benign,True,2,Fwd IAT Tot,fwdiattot,0.2912340760231018,0.2912340760231018
60185,Benign,Benign,True,3,Init Fwd Win Byts,initfwdwinbyts,0.24722963571548462,0.24722963571548462
60185,Benign,Benign,True,4,Dst Port,dstport,0.1735774129629135,0.1735774129629135
60185,Benign,Benign,True,5,RST Flag Cnt,rstflagcnt,0.11153700947761536,0.11153700947761536
62519,Benign,Benign,True,1,Fwd Pkt Len Max,fwdpktlenmax,0.37117335200309753,0.37117335200309753
62519,Benign,Benign,True,2,Fwd IAT Tot,fwdiattot,0.29364216327667236,0.29364216327667236
62519,Benign,Benign,True,3,Init Fwd Win Byts,initfwdwinbyts,0.22643238306045532,0.22643238306045532
62519,Benign,Benign,True,4,Dst Port,dstport,0.17050454020500183,0.17050454020500183
62519,Benign,Benign,True,5,ECE Flag Cnt,eceflagcnt,0.1482100635766983,0.1482100635766983
64530,Benign,Benign,True,1,Dst Port,dstport,0.9108723998069763,0.9108723998069763
64530,Benign,Benign,True,2,Fwd IAT Tot,fwdiattot,0.44103679060935974,0.44103679060935974
64530,Benign,Benign,True,3,Fwd Pkt Len Mean,fwdpktlenmean,0.30724090337753296,0.30724090337753296
64530,Benign,Benign,True,4,URG Flag Cnt,urgflagcnt,-0.2768618166446686,0.2768618166446686
64530,Benign,Benign,True,5,Fwd Pkt Len Max,fwdpktlenmax,-0.19861821830272675,0.19861821830272675
65941,Benign,Benign,True,1,Fwd Pkt Len Max,fwdpktlenmax,0.6887738704681396,0.6887738704681396
65941,Benign,Benign,True,2,Dst Port,dstport,0.24399910867214203,0.24399910867214203
65941,Benign,Benign,True,3,Init Fwd Win Byts,initfwdwinbyts,0.17512080073356628,0.17512080073356628
65941,Benign,Benign,True,4,RST Flag Cnt,rstflagcnt,0.1178717240691185,0.1178717240691185
65941,Benign,Benign,True,5,Flow IAT Min,flowiatmin,0.07207591086626053,0.07207591086626053
68041,Benign,Benign,True,1,Fwd Pkt Len Max,fwdpktlenmax,-0.9071069359779358,0.9071069359779358
68041,Benign,Benign,True,2,Fwd IAT Tot,fwdiattot,0.8763349652290344,0.8763349652290344
68041,Benign,Benign,True,3,Fwd Pkt Len Mean,fwdpktlenmean,0.5711708664894104,0.5711708664894104
68041,Benign,Benign,True,4,Init Fwd Win Byts,initfwdwinbyts,0.5540376901626587,0.5540376901626587
68041,Benign,Benign,True,5,Fwd Seg Size Min,fwdsegsizemin,0.43036437034606934,0.43036437034606934
89608,Benign,Benign,True,1,Fwd Pkt Len Max,fwdpktlenmax,0.409697026014328,0.409697026014328
89608,Benign,Benign,True,2,Fwd IAT Tot,fwdiattot,0.30488747358322144,0.30488747358322144
89608,Benign,Benign,True,3,Init Fwd Win Byts,initfwdwinbyts,0.23874901235103607,0.23874901235103607
89608,Benign,Benign,True,4,Dst Port,dstport,0.14336802065372467,0.14336802065372467
89608,Benign,Benign,True,5,RST Flag Cnt,rstflagcnt,0.1109333410859108,0.1109333410859108
90857,Benign,Benign,True,1,Fwd Pkt Len Max,fwdpktlenmax,0.41158080101013184,0.41158080101013184
90857,Benign,Benign,True,2,Fwd IAT Tot,fwdiattot,0.3048689663410187,0.3048689663410187
90857,Benign,Benign,True,3,Init Fwd Win Byts,initfwdwinbyts,0.23764321208000183,0.23764321208000183
90857,Benign,Benign,True,4,Dst Port,dstport,0.1431112140417099,0.1431112140417099
90857,Benign,Benign,True,5,RST Flag Cnt,rstflagcnt,0.10895729064941406,0.10895729064941406
97737,Benign,Benign,True,1,Dst Port,dstport,0.9642012119293213,0.9642012119293213
97737,Benign,Benign,True,2,Fwd IAT Tot,fwdiattot,0.3067778944969177,0.3067778944969177
97737,Benign,Benign,True,3,Fwd Pkt Len Mean,fwdpktlenmean,0.30608677864074707,0.30608677864074707
97737,Benign,Benign,True,4,Init Fwd Win Byts,initfwdwinbyts,0.3029657304286957,0.3029657304286957
97737,Benign,Benign,True,5,URG Flag Cnt,urgflagcnt,-0.25854742527008057,0.25854742527008057
107855,Benign,Benign,True,1,Fwd Pkt Len Max,fwdpktlenmax,0.7157304883003235,0.7157304883003235
107855,Benign,Benign,True,2,Init Fwd Win Byts,initfwdwinbyts,0.245559424161911,0.245559424161911
107855,Benign,Benign,True,3,Dst Port,dstport,0.2347114235162735,0.2347114235162735
107855,Benign,Benign,True,4,RST Flag Cnt,rstflagcnt,0.1240055188536644,0.1240055188536644
107855,Benign,Benign,True,5,Bwd Pkts/s,bwdpktss,-0.0690116286277771,0.0690116286277771
112382,Benign,Benign,True,1,Fwd Pkt Len Max,fwdpktlenmax,0.4075380563735962,0.4075380563735962
112382,Benign,Benign,True,2,Fwd IAT Tot,fwdiattot,0.30278608202934265,0.30278608202934265
112382,Benign,Benign,True,3,Init Fwd Win Byts,initfwdwinbyts,0.24280299246311188,0.24280299246311188
112382,Benign,Benign,True,4,Dst Port,dstport,0.12292923033237457,0.12292923033237457
112382,Benign,Benign,True,5,Fwd Seg Size Min,fwdsegsizemin,0.11531899869441986,0.11531899869441986
115515,Benign,Benign,True,1,Dst Port,dstport,0.28898078203201294,0.28898078203201294
115515,Benign,Benign,True,2,Fwd Pkt Len Max,fwdpktlenmax,0.25715190172195435,0.25715190172195435
115515,Benign,Benign,True,3,RST Flag Cnt,rstflagcnt,0.21338732540607452,0.21338732540607452
115515,Benign,Benign,True,4,Fwd Pkt Len Mean,fwdpktlenmean,0.1576511710882187,0.1576511710882187
115515,Benign,Benign,True,5,Fwd Pkt Len Std,fwdpktlenstd,0.15661396086215973,0.15661396086215973
127737,Benign,Benign,True,1,Fwd Pkt Len Max,fwdpktlenmax,0.6229405403137207,0.6229405403137207
127737,Benign,Benign,True,2,Dst Port,dstport,0.3506457507610321,0.3506457507610321
127737,Benign,Benign,True,3,Fwd IAT Std,fwdiatstd,0.2766241133213043,0.2766241133213043
127737,Benign,Benign,True,4,Init Fwd Win Byts,initfwdwinbyts,0.16530556976795197,0.16530556976795197
127737,Benign,Benign,True,5,Bwd Pkt Len Std,bwdpktlenstd,0.14129185676574707,0.14129185676574707
132592,Benign,Benign,True,1,Dst Port,dstport,1.6586976051330566,1.6586976051330566
132592,Benign,Benign,True,2,Init Fwd Win Byts,initfwdwinbyts,1.5079292058944702,1.5079292058944702
132592,Benign,Benign,True,3,Fwd Pkt Len Max,fwdpktlenmax,0.40357545018196106,0.40357545018196106
132592,Benign,Benign,True,4,Tot Bwd Pkts,totbwdpkts,-0.16159462928771973,0.16159462928771973
132592,Benign,Benign,True,5,Fwd Pkt Len Std,fwdpktlenstd,0.1611628234386444,0.1611628234386444
136157,Benign,Benign,True,1,Flow Duration,flowduration,1.4609732627868652,1.4609732627868652
136157,Benign,Benign,True,2,Init Fwd Win Byts,initfwdwinbyts,0.9973574280738831,0.9973574280738831
136157,Benign,Benign,True,3,Fwd Pkt Len Max,fwdpktlenmax,-0.9011847972869873,0.9011847972869873
136157,Benign,Benign,True,4,Idle Max,idlemax,0.8428493142127991,0.8428493142127991
136157,Benign,Benign,True,5,Fwd Pkt Len Mean,fwdpktlenmean,0.5819103717803955,0.5819103717803955
141031,Benign,Benign,True,1,Init Fwd Win Byts,initfwdwinbyts,1.7570463418960571,1.7570463418960571
141031,Benign,Benign,True,2,Dst Port,dstport,1.661664605140686,1.661664605140686
141031,Benign,Benign,True,3,Fwd Pkt Len Max,fwdpktlenmax,0.39858299493789673,0.39858299493789673
141031,Benign,Benign,True,4,Fwd Pkt Len Std,fwdpktlenstd,0.16144795715808868,0.16144795715808868
141031,Benign,Benign,True,5,Tot Bwd Pkts,totbwdpkts,-0.16010265052318573,0.16010265052318573
158748,Benign,Benign,True,1,Fwd Pkt Len Max,fwdpktlenmax,0.4078335464000702,0.4078335464000702
158748,Benign,Benign,True,2,Fwd IAT Tot,fwdiattot,0.30492207407951355,0.30492207407951355
158748,Benign,Benign,True,3,Init Fwd Win Byts,initfwdwinbyts,0.2401123344898224,0.2401123344898224
158748,Benign,Benign,True,4,Dst Port,dstport,0.14561296999454498,0.14561296999454498
158748,Benign,Benign,True,5,RST Flag Cnt,rstflagcnt,0.11095152795314789,0.11095152795314789
158954,Benign,Infilteration,False,1,Fwd Header Len,fwdheaderlen,1.2449429035186768,1.2449429035186768
158954,Benign,Infilteration,False,2,Fwd Seg Size Min,fwdsegsizemin,0.7888041138648987,0.7888041138648987
158954,Benign,Infilteration,False,3,PSH Flag Cnt,pshflagcnt,0.4835312068462372,0.4835312068462372
158954,Benign,Infilteration,False,4,Dst Port,dstport,-0.07626373320817947,0.07626373320817947
158954,Benign,Infilteration,False,5,Fwd Pkt Len Max,fwdpktlenmax,-0.0660596415400505,0.0660596415400505
167490,Benign,Benign,True,1,Fwd Pkt Len Max,fwdpktlenmax,0.6247442960739136,0.6247442960739136
167490,Benign,Benign,True,2,Dst Port,dstport,0.3540654182434082,0.3540654182434082
167490,Benign,Benign,True,3,Fwd IAT Std,fwdiatstd,0.2768189013004303,0.2768189013004303
167490,Benign,Benign,True,4,Init Fwd Win Byts,initfwdwinbyts,0.18795785307884216,0.18795785307884216
167490,Benign,Benign,True,5,Bwd Pkt Len Std,bwdpktlenstd,0.1412084549665451,0.1412084549665451
193452,Benign,Benign,True,1,Fwd Pkt Len Max,fwdpktlenmax,0.5275673866271973,0.5275673866271973
193452,Benign,Benign,True,2,Dst Port,dstport,0.39981234073638916,0.39981234073638916
193452,Benign,Benign,True,3,Fwd IAT Std,fwdiatstd,0.2644988000392914,0.2644988000392914
193452,Benign,Benign,True,4,RST Flag Cnt,rstflagcnt,-0.24652351438999176,0.24652351438999176
193452,Benign,Benign,True,5,Flow IAT Min,flowiatmin,0.1770343780517578,0.1770343780517578
201691,Benign,Benign,True,1,Dst Port,dstport,0.4991847276687622,0.4991847276687622
201691,Benign,Benign,True,2,Bwd Pkt Len Mean,bwdpktlenmean,0.408733606338501,0.408733606338501
201691,Benign,Benign,True,3,RST Flag Cnt,rstflagcnt,0.22451873123645782,0.22451873123645782
201691,Benign,Benign,True,4,Fwd Pkt Len Mean,fwdpktlenmean,0.18246150016784668,0.18246150016784668
201691,Benign,Benign,True,5,Fwd IAT Tot,fwdiattot,0.17185044288635254,0.17185044288635254
218539,Benign,Benign,True,1,Fwd Pkt Len Max,fwdpktlenmax,0.3959687650203705,0.3959687650203705
218539,Benign,Benign,True,2,Fwd IAT Tot,fwdiattot,0.31338629126548767,0.31338629126548767
218539,Benign,Benign,True,3,Init Fwd Win Byts,initfwdwinbyts,0.23284673690795898,0.23284673690795898
218539,Benign,Benign,True,4,ECE Flag Cnt,eceflagcnt,0.14828890562057495,0.14828890562057495
218539,Benign,Benign,True,5,Dst Port,dstport,0.14765070378780365,0.14765070378780365
227976,Benign,Benign,True,1,Dst Port,dstport,1.6785165071487427,1.6785165071487427
227976,Benign,Benign,True,2,Init Fwd Win Byts,initfwdwinbyts,1.5045346021652222,1.5045346021652222
227976,Benign,Benign,True,3,Fwd Pkt Len Max,fwdpktlenmax,0.4020247161388397,0.4020247161388397
227976,Benign,Benign,True,4,Tot Bwd Pkts,totbwdpkts,-0.1592370569705963,0.1592370569705963
227976,Benign,Benign,True,5,Fwd Pkt Len Std,fwdpktlenstd,0.1570470780134201,0.1570470780134201
231084,Benign,Benign,True,1,Fwd Pkt Len Max,fwdpktlenmax,-0.8806158900260925,0.8806158900260925
231084,Benign,Benign,True,2,Fwd IAT Std,fwdiatstd,0.7409481406211853,0.7409481406211853
231084,Benign,Benign,True,3,Fwd Pkt Len Mean,fwdpktlenmean,0.578599750995636,0.578599750995636
231084,Benign,Benign,True,4,Dst Port,dstport,0.45708581805229187,0.45708581805229187
231084,Benign,Benign,True,5,Fwd Seg Size Min,fwdsegsizemin,0.16617617011070251,0.16617617011070251
248229,Benign,Benign,True,1,Bwd Pkt Len Max,bwdpktlenmax,0.5005319714546204,0.5005319714546204
248229,Benign,Benign,True,2,Fwd Pkt Len Max,fwdpktlenmax,0.5004212856292725,0.5004212856292725
248229,Benign,Benign,True,3,Dst Port,dstport,0.32903751730918884,0.32903751730918884
248229,Benign,Benign,True,4,Init Fwd Win Byts,initfwdwinbyts,0.25037455558776855,0.25037455558776855
248229,Benign,Benign,True,5,Flow Duration,flowduration,0.2269178330898285,0.2269178330898285
254778,Benign,Benign,True,1,Fwd Pkt Len Max,fwdpktlenmax,0.5215870141983032,0.5215870141983032
254778,Benign,Benign,True,2,Dst Port,dstport,0.3987673223018646,0.3987673223018646
254778,Benign,Benign,True,3,RST Flag Cnt,rstflagcnt,-0.2809504270553589,0.2809504270553589
254778,Benign,Benign,True,4,Fwd IAT Std,fwdiatstd,0.2586536705493927,0.2586536705493927
254778,Benign,Benign,True,5,Bwd Header Len,bwdheaderlen,0.14665499329566956,0.14665499329566956
256740,Benign,Benign,True,1,ECE Flag Cnt,eceflagcnt,-0.4267875850200653,0.4267875850200653
256740,Benign,Benign,True,2,Fwd IAT Tot,fwdiattot,0.41995441913604736,0.41995441913604736
256740,Benign,Benign,True,3,Dst Port,dstport,0.3780314326286316,0.3780314326286316
256740,Benign,Benign,True,4,RST Flag Cnt,rstflagcnt,-0.3683581054210663,0.3683581054210663
256740,Benign,Benign,True,5,Fwd Pkt Len Max,fwdpktlenmax,0.30121245980262756,0.30121245980262756
259401,Benign,Benign,True,1,Fwd IAT Tot,fwdiattot,1.146044135093689,1.146044135093689
259401,Benign,Benign,True,2,Fwd Pkt Len Max,fwdpktlenmax,-0.8219138979911804,0.8219138979911804
259401,Benign,Benign,True,3,Init Fwd Win Byts,initfwdwinbyts,0.8097315430641174,0.8097315430641174
259401,Benign,Benign,True,4,Fwd Pkt Len Mean,fwdpktlenmean,0.5749966502189636,0.5749966502189636
259401,Benign,Benign,True,5,Fwd Seg Size Min,fwdsegsizemin,0.497651070356369,0.497651070356369
259614,Benign,Benign,True,1,Dst Port,dstport,1.442502737045288,1.442502737045288
259614,Benign,Benign,True,2,Init Fwd Win Byts,initfwdwinbyts,0.8888176083564758,0.8888176083564758
259614,Benign,Benign,True,3,Fwd Pkts/s,fwdpktss,0.36720556020736694,0.36720556020736694
259614,Benign,Benign,True,4,Flow Duration,flowduration,0.36655324697494507,0.36655324697494507
259614,Benign,Benign,True,5,Fwd Pkt Len Max,fwdpktlenmax,-0.2964588701725006,0.2964588701725006
271317,Benign,Benign,True,1,Fwd Pkt Len Max,fwdpktlenmax,0.41007545590400696,0.41007545590400696
271317,Benign,Benign,True,2,Fwd IAT Tot,fwdiattot,0.30489739775657654,0.30489739775657654
271317,Benign,Benign,True,3,Init Fwd Win Byts,initfwdwinbyts,0.23686447739601135,0.23686447739601135
271317,Benign,Benign,True,4,Dst Port,dstport,0.14315946400165558,0.14315946400165558
271317,Benign,Benign,True,5,RST Flag Cnt,rstflagcnt,0.10884972661733627,0.10884972661733627
281657,Benign,Benign,True,1,Flow Duration,flowduration,1.4609732627868652,1.4609732627868652
281657,Benign,Benign,True,2,Init Fwd Win Byts,initfwdwinbyts,0.9973574280738831,0.9973574280738831
281657,Benign,Benign,True,3,Fwd Pkt Len Max,fwdpktlenmax,-0.9011847972869873,0.9011847972869873
281657,Benign,Benign,True,4,Idle Max,idlemax,0.8428493142127991,0.8428493142127991
281657,Benign,Benign,True,5,Fwd Pkt Len Mean,fwdpktlenmean,0.5819103717803955,0.5819103717803955
287611,Benign,Benign,True,1,Fwd Pkt Len Max,fwdpktlenmax,0.7365275621414185,0.7365275621414185
287611,Benign,Benign,True,2,Init Fwd Win Byts,initfwdwinbyts,0.26673024892807007,0.26673024892807007
287611,Benign,Benign,True,3,Dst Port,dstport,0.26522600650787354,0.26522600650787354
287611,Benign,Benign,True,4,RST Flag Cnt,rstflagcnt,0.14996258914470673,0.14996258914470673
287611,Benign,Benign,True,5,Bwd Pkts/s,bwdpktss,-0.07854694873094559,0.07854694873094559
303191,Benign,Benign,True,1,Dst Port,dstport,0.5007463097572327,0.5007463097572327
303191,Benign,Benign,True,2,Fwd Pkt Len Max,fwdpktlenmax,0.48249223828315735,0.48249223828315735
303191,Benign,Benign,True,3,RST Flag Cnt,rstflagcnt,-0.3374670743942261,0.3374670743942261
303191,Benign,Benign,True,4,ECE Flag Cnt,eceflagcnt,-0.2244712859392166,0.2244712859392166
303191,Benign,Benign,True,5,Fwd IAT Std,fwdiatstd,0.19693265855312347,0.19693265855312347
304773,Benign,Benign,True,1,Fwd Pkt Len Max,fwdpktlenmax,0.4186054468154907,0.4186054468154907
304773,Benign,Benign,True,2,Fwd IAT Tot,fwdiattot,0.2911273241043091,0.2911273241043091
304773,Benign,Benign,True,3,Init Fwd Win Byts,initfwdwinbyts,0.24205027520656586,0.24205027520656586
304773,Benign,Benign,True,4,Dst Port,dstport,0.17113466560840607,0.17113466560840607
304773,Benign,Benign,True,5,RST Flag Cnt,rstflagcnt,0.10398897528648376,0.10398897528648376
306115,Benign,Benign,True,1,Fwd Pkt Len Max,fwdpktlenmax,0.5147862434387207,0.5147862434387207
306115,Benign,Benign,True,2,Dst Port,dstport,0.36715054512023926,0.36715054512023926
306115,Benign,Benign,True,3,RST Flag Cnt,rstflagcnt,-0.2768133580684662,0.2768133580684662
306115,Benign,Benign,True,4,Fwd IAT Std,fwdiatstd,0.2249184548854828,0.2249184548854828
306115,Benign,Benign,True,5,Bwd Header Len,bwdheaderlen,0.1711643785238266,0.1711643785238266
307273,Benign,Benign,True,1,Fwd Pkt Len Max,fwdpktlenmax,0.6079340577125549,0.6079340577125549
307273,Benign,Benign,True,2,Dst Port,dstport,0.3091939091682434,0.3091939091682434
307273,Benign,Benign,True,3,Fwd IAT Std,fwdiatstd,0.25001809000968933,0.25001809000968933
307273,Benign,Benign,True,4,Init Fwd Win Byts,initfwdwinbyts,0.17504927515983582,0.17504927515983582
307273,Benign,Benign,True,5,Bwd Pkt Len Std,bwdpktlenstd,0.11683707684278488,0.11683707684278488
310460,Benign,Benign,True,1,Fwd Pkt Len Max,fwdpktlenmax,1.332108736038208,1.332108736038208
310460,Benign,Benign,True,2,Init Fwd Win Byts,initfwdwinbyts,0.6385033130645752,0.6385033130645752
310460,Benign,Benign,True,3,Bwd Pkt Len Std,bwdpktlenstd,0.22974586486816406,0.22974586486816406
310460,Benign,Benign,True,4,Flow IAT Mean,flowiatmean,0.1868436336517334,0.1868436336517334
310460,Benign,Benign,True,5,Bwd Pkt Len Mean,bwdpktlenmean,0.08758226037025452,0.08758226037025452
312057,Benign,Benign,True,1,Fwd Pkt Len Max,fwdpktlenmax,0.4155147075653076,0.4155147075653076
312057,Benign,Benign,True,2,Fwd IAT Tot,fwdiattot,0.29564833641052246,0.29564833641052246
312057,Benign,Benign,True,3,Init Fwd Win Byts,initfwdwinbyts,0.24845504760742188,0.24845504760742188
312057,Benign,Benign,True,4,Dst Port,dstport,0.17274898290634155,0.17274898290634155
312057,Benign,Benign,True,5,RST Flag Cnt,rstflagcnt,0.11093541234731674,0.11093541234731674
315340,Benign,Benign,True,1,Dst Port,dstport,1.380576491355896,1.380576491355896
315340,Benign,Benign,True,2,Fwd Pkt Len Max,fwdpktlenmax,-1.0554766654968262,1.0554766654968262
315340,Benign,Benign,True,3,Fwd Pkt Len Mean,fwdpktlenmean,0.5907163619995117,0.5907163619995117
315340,Benign,Benign,True,4,Flow IAT Min,flowiatmin,0.17536139488220215,0.17536139488220215
315340,Benign,Benign,True,5,Flow IAT Std,flowiatstd,0.16718196868896484,0.16718196868896484
315405,Benign,Benign,True,1,Dst Port,dstport,0.5656662583351135,0.5656662583351135
315405,Benign,Benign,True,2,Pkt Len Mean,pktlenmean,0.4156656861305237,0.4156656861305237
315405,Benign,Benign,True,3,Fwd Pkt Len Max,fwdpktlenmax,0.36575180292129517,0.36575180292129517
315405,Benign,Benign,True,4,Bwd Pkt Len Mean,bwdpktlenmean,-0.3608987629413605,0.3608987629413605
315405,Benign,Benign,True,5,RST Flag Cnt,rstflagcnt,0.25439485907554626,0.25439485907554626
324215,Benign,Benign,True,1,Fwd Pkt Len Max,fwdpktlenmax,1.36329984664917,1.36329984664917
324215,Benign,Benign,True,2,Dst Port,dstport,0.9759534001350403,0.9759534001350403
324215,Benign,Benign,True,3,Fwd IAT Std,fwdiatstd,0.27332204580307007,0.27332204580307007
324215,Benign,Benign,True,4,RST Flag Cnt,rstflagcnt,0.24675056338310242,0.24675056338310242
324215,Benign,Benign,True,5,Fwd Seg Size Min,fwdsegsizemin,0.21464000642299652,0.21464000642299652
326870,Benign,Benign,True,1,Fwd Pkt Len Mean,fwdpktlenmean,0.39069148898124695,0.39069148898124695
326870,Benign,Benign,True,2,Dst Port,dstport,0.34174761176109314,0.34174761176109314
326870,Benign,Benign,True,3,Fwd IAT Tot,fwdiattot,0.3323209285736084,0.3323209285736084
326870,Benign,Benign,True,4,Init Fwd Win Byts,initfwdwinbyts,0.3258260190486908,0.3258260190486908
326870,Benign,Benign,True,5,Fwd Pkt Len Max,fwdpktlenmax,-0.3028697073459625,0.3028697073459625
328846,Benign,Benign,True,1,Dst Port,dstport,1.643815040588379,1.643815040588379
328846,Benign,Benign,True,2,Init Fwd Win Byts,initfwdwinbyts,0.8932988047599792,0.8932988047599792
328846,Benign,Benign,True,3,Fwd Pkt Len Max,fwdpktlenmax,-0.3421761691570282,0.3421761691570282
328846,Benign,Benign,True,4,Fwd Pkt Len Mean,fwdpktlenmean,0.27841055393218994,0.27841055393218994
328846,Benign,Benign,True,5,Fwd Pkts/s,fwdpktss,0.2579329013824463,0.2579329013824463
333229,Benign,Benign,True,1,Dst Port,dstport,1.7794513702392578,1.7794513702392578
333229,Benign,Benign,True,2,Fwd Pkt Len Max,fwdpktlenmax,1.079429268836975,1.079429268836975
333229,Benign,Benign,True,3,URG Flag Cnt,urgflagcnt,-0.5867560505867004,0.5867560505867004
333229,Benign,Benign,True,4,Fwd Seg Size Min,fwdsegsizemin,0.33732208609580994,0.33732208609580994
333229,Benign,Benign,True,5,Fwd IAT Std,fwdiatstd,0.2667011618614197,0.2667011618614197
348726,Benign,Benign,True,1,RST Flag Cnt,rstflagcnt,-0.3783206343650818,0.3783206343650818
348726,Benign,Benign,True,2,Dst Port,dstport,0.37575623393058777,0.37575623393058777
348726,Benign,Benign,True,3,ECE Flag Cnt,eceflagcnt,-0.3732320964336395,0.3732320964336395
348726,Benign,Benign,True,4,Fwd Pkt Len Max,fwdpktlenmax,0.30485278367996216,0.30485278367996216
348726,Benign,Benign,True,5,Flow Duration,flowduration,0.2525327801704407,0.2525327801704407
350511,Benign,Benign,True,1,Fwd Pkt Len Max,fwdpktlenmax,0.41690218448638916,0.41690218448638916
350511,Benign,Benign,True,2,Fwd IAT Tot,fwdiattot,0.290728896856308,0.290728896856308
350511,Benign,Benign,True,3,Init Fwd Win Byts,initfwdwinbyts,0.24331097304821014,0.24331097304821014
350511,Benign,Benign,True,4,Dst Port,dstport,0.16852065920829773,0.16852065920829773
350511,Benign,Benign,True,5,RST Flag Cnt,rstflagcnt,0.10398735851049423,0.10398735851049423
359556,Benign,Benign,True,1,Fwd Pkt Len Max,fwdpktlenmax,0.39019134640693665,0.39019134640693665
359556,Benign,Benign,True,2,Fwd IAT Tot,fwdiattot,0.3135305643081665,0.3135305643081665
359556,Benign,Benign,True,3,Init Fwd Win Byts,initfwdwinbyts,0.23171938955783844,0.23171938955783844
359556,Benign,Benign,True,4,ECE Flag Cnt,eceflagcnt,0.14828890562057495,0.14828890562057495
359556,Benign,Benign,True,5,Dst Port,dstport,0.14652349054813385,0.14652349054813385
368816,Benign,Benign,True,1,Dst Port,dstport,1.3065781593322754,1.3065781593322754
368816,Benign,Benign,True,2,Fwd Pkt Len Max,fwdpktlenmax,0.37711620330810547,0.37711620330810547
368816,Benign,Benign,True,3,Fwd IAT Std,fwdiatstd,0.23373019695281982,0.23373019695281982
368816,Benign,Benign,True,4,Flow Duration,flowduration,0.11411993205547333,0.11411993205547333
368816,Benign,Benign,True,5,Fwd IAT Tot,fwdiattot,0.09486538171768188,0.09486538171768188
382065,Benign,Benign,True,1,Fwd Pkt Len Max,fwdpktlenmax,0.40831083059310913,0.40831083059310913
382065,Benign,Benign,True,2,Fwd IAT Tot,fwdiattot,0.3048963248729706,0.3048963248729706
382065,Benign,Benign,True,3,Init Fwd Win Byts,initfwdwinbyts,0.23893415927886963,0.23893415927886963
382065,Benign,Benign,True,4,Dst Port,dstport,0.14571212232112885,0.14571212232112885
382065,Benign,Benign,True,5,RST Flag Cnt,rstflagcnt,0.11094991117715836,0.11094991117715836
382888,Benign,Benign,True,1,Dst Port,dstport,0.6154847145080566,0.6154847145080566
382888,Benign,Benign,True,2,Fwd Pkt Len Max,fwdpktlenmax,0.4228578209877014,0.4228578209877014
382888,Benign,Benign,True,3,Bwd Pkt Len Mean,bwdpktlenmean,-0.23012956976890564,0.23012956976890564
382888,Benign,Benign,True,4,Fwd Pkt Len Std,fwdpktlenstd,0.1692391037940979,0.1692391037940979
382888,Benign,Benign,True,5,Fwd Pkt Len Mean,fwdpktlenmean,0.08088166266679764,0.08088166266679764
388416,Benign,Benign,True,1,Fwd Pkt Len Max,fwdpktlenmax,0.6009394526481628,0.6009394526481628
388416,Benign,Benign,True,2,Dst Port,dstport,0.39996668696403503,0.39996668696403503
388416,Benign,Benign,True,3,Fwd IAT Std,fwdiatstd,0.26739972829818726,0.26739972829818726
388416,Benign,Benign,True,4,RST Flag Cnt,rstflagcnt,-0.22721153497695923,0.22721153497695923
388416,Benign,Benign,True,5,Bwd Header Len,bwdheaderlen,0.17942988872528076,0.17942988872528076
395421,Benign,Benign,True,1,Fwd Pkt Len Max,fwdpktlenmax,0.3429473042488098,0.3429473042488098
395421,Benign,Benign,True,2,Dst Port,dstport,0.2552816867828369,0.2552816867828369
395421,Benign,Benign,True,3,Pkt Len Mean,pktlenmean,-0.17657290399074554,0.17657290399074554
395421,Benign,Benign,True,4,Fwd Pkt Len Std,fwdpktlenstd,0.16165727376937866,0.16165727376937866
395421,Benign,Benign,True,5,Fwd Pkt Len Mean,fwdpktlenmean,0.13534435629844666,0.13534435629844666
440965,Benign,Benign,True,1,Dst Port,dstport,1.624367356300354,1.624367356300354
440965,Benign,Benign,True,2,Fwd Pkt Len Max,fwdpktlenmax,-0.6074864268302917,0.6074864268302917
440965,Benign,Benign,True,3,Fwd Pkt Len Mean,fwdpktlenmean,0.27405446767807007,0.27405446767807007
440965,Benign,Benign,True,4,Fwd Pkts/s,fwdpktss,0.16185647249221802,0.16185647249221802
440965,Benign,Benign,True,5,Init Fwd Win Byts,initfwdwinbyts,-0.12030906230211258,0.12030906230211258
442249,Benign,Benign,True,1,Fwd Pkt Len Max,fwdpktlenmax,1.0867630243301392,1.0867630243301392
442249,Benign,Benign,True,2,ECE Flag Cnt,eceflagcnt,-0.28877824544906616,0.28877824544906616
442249,Benign,Benign,True,3,Init Fwd Win Byts,initfwdwinbyts,0.2806622087955475,0.2806622087955475
442249,Benign,Benign,True,4,RST Flag Cnt,rstflagcnt,-0.2623310089111328,0.2623310089111328
442249,Benign,Benign,True,5,Flow IAT Std,flowiatstd,0.13141854107379913,0.13141854107379913
445821,Benign,Benign,True,1,Fwd Pkt Len Max,fwdpktlenmax,0.7994513511657715,0.7994513511657715
445821,Benign,Benign,True,2,Init Fwd Win Byts,initfwdwinbyts,0.25621864199638367,0.25621864199638367
445821,Benign,Benign,True,3,Dst Port,dstport,0.18847326934337616,0.18847326934337616
445821,Benign,Benign,True,4,RST Flag Cnt,rstflagcnt,0.14078108966350555,0.14078108966350555
445821,Benign,Benign,True,5,Bwd Pkts/s,bwdpktss,-0.11474429070949554,0.11474429070949554
450718,Benign,Benign,True,1,Fwd Pkt Len Max,fwdpktlenmax,0.7054969072341919,0.7054969072341919
450718,Benign,Benign,True,2,Fwd IAT Std,fwdiatstd,0.47277724742889404,0.47277724742889404
450718,Benign,Benign,True,3,Init Fwd Win Byts,initfwdwinbyts,0.3014204502105713,0.3014204502105713
450718,Benign,Benign,True,4,ECE Flag Cnt,eceflagcnt,-0.2926272749900818,0.2926272749900818
450718,Benign,Benign,True,5,RST Flag Cnt,rstflagcnt,-0.2908179461956024,0.2908179461956024
458140,Benign,Benign,True,1,Fwd Pkt Len Max,fwdpktlenmax,0.5779264569282532,0.5779264569282532
458140,Benign,Benign,True,2,Dst Port,dstport,0.5484051704406738,0.5484051704406738
458140,Benign,Benign,True,3,Init Fwd Win Byts,initfwdwinbyts,0.1054934486746788,0.1054934486746788
458140,Benign,Benign,True,4,RST Flag Cnt,rstflagcnt,0.06928006559610367,0.06928006559610367
458140,Benign,Benign,True,5,ECE Flag Cnt,eceflagcnt,0.053712885826826096,0.053712885826826096
468836,Benign,Benign,True,1,Fwd Pkt Len Max,fwdpktlenmax,0.4411863088607788,0.4411863088607788
468836,Benign,Benign,True,2,Dst Port,dstport,0.4061571955680847,0.4061571955680847
468836,Benign,Benign,True,3,Fwd IAT Std,fwdiatstd,0.2952382266521454,0.2952382266521454
468836,Benign,Benign,True,4,Init Fwd Win Byts,initfwdwinbyts,0.10184289515018463,0.10184289515018463
468836,Benign,Benign,True,5,RST Flag Cnt,rstflagcnt,0.06418338418006897,0.06418338418006897
474565,Benign,Benign,True,1,Fwd Pkt Len Max,fwdpktlenmax,0.646183431148529,0.646183431148529
474565,Benign,Benign,True,2,Init Fwd Win Byts,initfwdwinbyts,0.5113792419433594,0.5113792419433594
474565,Benign,Benign,True,3,Fwd IAT Std,fwdiatstd,0.46316495537757874,0.46316495537757874
474565,Benign,Benign,True,4,Bwd Pkt Len Max,bwdpktlenmax,0.4222150146961212,0.4222150146961212
474565,Benign,Benign,True,5,RST Flag Cnt,rstflagcnt,0.2084590047597885,0.2084590047597885
477782,Benign,Benign,True,1,Fwd Pkt Len Max,fwdpktlenmax,0.4082934856414795,0.4082934856414795
477782,Benign,Benign,True,2,Fwd IAT Tot,fwdiattot,0.3049171566963196,0.3049171566963196
477782,Benign,Benign,True,3,Init Fwd Win Byts,initfwdwinbyts,0.24205443263053894,0.24205443263053894
477782,Benign,Benign,True,4,Dst Port,dstport,0.147445410490036,0.147445410490036
477782,Benign,Benign,True,5,RST Flag Cnt,rstflagcnt,0.11179543286561966,0.11179543286561966
478129,Benign,Benign,True,1,Fwd Pkt Len Max,fwdpktlenmax,0.3964928388595581,0.3964928388595581
478129,Benign,Benign,True,2,Fwd IAT Tot,fwdiattot,0.31322166323661804,0.31322166323661804
478129,Benign,Benign,True,3,Init Fwd Win Byts,initfwdwinbyts,0.234544038772583,0.234544038772583
478129,Benign,Benign,True,4,ECE Flag Cnt,eceflagcnt,0.14835289120674133,0.14835289120674133
478129,Benign,Benign,True,5,Dst Port,dstport,0.1452859491109848,0.1452859491109848
480566,Benign,Benign,True,1,Dst Port,dstport,0.4533555507659912,0.4533555507659912
480566,Benign,Benign,True,2,Fwd Pkt Len Max,fwdpktlenmax,0.27162596583366394,0.27162596583366394
480566,Benign,Benign,True,3,Fwd IAT Tot,fwdiattot,0.1862877607345581,0.1862877607345581
480566,Benign,Benign,True,4,Init Fwd Win Byts,initfwdwinbyts,0.1737159788608551,0.1737159788608551
480566,Benign,Benign,True,5,Fwd Pkt Len Std,fwdpktlenstd,0.1693202704191208,0.1693202704191208
488114,Benign,Benign,True,1,Dst Port,dstport,1.6817922592163086,1.6817922592163086
488114,Benign,Benign,True,2,Init Fwd Win Byts,initfwdwinbyts,1.5042505264282227,1.5042505264282227
488114,Benign,Benign,True,3,Fwd Pkt Len Max,fwdpktlenmax,0.4051233232021332,0.4051233232021332
488114,Benign,Benign,True,4,Fwd Pkt Len Std,fwdpktlenstd,0.16116279363632202,0.16116279363632202
488114,Benign,Benign,True,5,Tot Bwd Pkts,totbwdpkts,-0.15924061834812164,0.15924061834812164
490267,Benign,Benign,True,1,RST Flag Cnt,rstflagcnt,-0.3980635106563568,0.3980635106563568
490267,Benign,Benign,True,2,Dst Port,dstport,0.3659268021583557,0.3659268021583557
490267,Benign,Benign,True,3,ECE Flag Cnt,eceflagcnt,-0.36199504137039185,0.36199504137039185
490267,Benign,Benign,True,4,Fwd Pkt Len Max,fwdpktlenmax,0.29594847559928894,0.29594847559928894
490267,Benign,Benign,True,5,Flow Duration,flowduration,0.2513338029384613,0.2513338029384613
490402,Benign,Benign,True,1,Bwd Pkt Len Max,bwdpktlenmax,0.5477375984191895,0.5477375984191895
490402,Benign,Benign,True,2,Fwd Pkt Len Max,fwdpktlenmax,0.49244338274002075,0.49244338274002075
490402,Benign,Benign,True,3,Dst Port,dstport,0.43084216117858887,0.43084216117858887
490402,Benign,Benign,True,4,Fwd IAT Std,fwdiatstd,0.2612641453742981,0.2612641453742981
490402,Benign,Benign,True,5,Init Fwd Win Byts,initfwdwinbyts,0.2592907249927521,0.2592907249927521
502336,Benign,Benign,True,1,Fwd IAT Tot,fwdiattot,1.143943428993225,1.143943428993225
502336,Benign,Benign,True,2,Init Fwd Win Byts,initfwdwinbyts,0.8067564368247986,0.8067564368247986
502336,Benign,Benign,True,3,Fwd Pkt Len Max,fwdpktlenmax,-0.7836536765098572,0.7836536765098572
502336,Benign,Benign,True,4,Fwd Pkt Len Mean,fwdpktlenmean,0.5702083110809326,0.5702083110809326
502336,Benign,Benign,True,5,Fwd Seg Size Min,fwdsegsizemin,0.4972207844257355,0.4972207844257355
515236,Benign,Benign,True,1,Dst Port,dstport,0.5798933506011963,0.5798933506011963
515236,Benign,Benign,True,2,Fwd Pkt Len Max,fwdpktlenmax,-0.4473595917224884,0.4473595917224884
515236,Benign,Benign,True,3,Fwd IAT Tot,fwdiattot,0.4081672728061676,0.4081672728061676
515236,Benign,Benign,True,4,Fwd Pkt Len Mean,fwdpktlenmean,0.3925464451313019,0.3925464451313019
515236,Benign,Benign,True,5,Fwd Seg Size Min,fwdsegsizemin,0.13400015234947205,0.13400015234947205
520643,Benign,Benign,True,1,Fwd Pkt Len Max,fwdpktlenmax,0.4077119529247284,0.4077119529247284
520643,Benign,Benign,True,2,Fwd IAT Tot,fwdiattot,0.2912176251411438,0.2912176251411438
520643,Benign,Benign,True,3,Init Fwd Win Byts,initfwdwinbyts,0.24517099559307098,0.24517099559307098
520643,Benign,Benign,True,4,Dst Port,dstport,0.18415449559688568,0.18415449559688568
520643,Benign,Benign,True,5,RST Flag Cnt,rstflagcnt,0.11076104640960693,0.11076104640960693
521602,Benign,Benign,True,1,Fwd Pkt Len Max,fwdpktlenmax,0.44649362564086914,0.44649362564086914
521602,Benign,Benign,True,2,Dst Port,dstport,0.3971216380596161,0.3971216380596161
521602,Benign,Benign,True,3,Fwd IAT Std,fwdiatstd,0.2929965853691101,0.2929965853691101
521602,Benign,Benign,True,4,Init Fwd Win Byts,initfwdwinbyts,0.10085561871528625,0.10085561871528625
521602,Benign,Benign,True,5,RST Flag Cnt,rstflagcnt,0.06588133424520493,0.06588133424520493
530908,Benign,Benign,True,1,Fwd IAT Tot,fwdiattot,1.1447803974151611,1.1447803974151611
530908,Benign,Benign,True,2,Init Fwd Win Byts,initfwdwinbyts,0.8068612813949585,0.8068612813949585
530908,Benign,Benign,True,3,Fwd Pkt Len Max,fwdpktlenmax,-0.786109983921051,0.786109983921051
530908,Benign,Benign,True,4,Fwd Pkt Len Mean,fwdpktlenmean,0.5702078342437744,0.5702078342437744
530908,Benign,Benign,True,5,Fwd Seg Size Min,fwdsegsizemin,0.4971563518047333,0.4971563518047333
532192,Benign,Benign,True,1,Dst Port,dstport,0.8116689920425415,0.8116689920425415
532192,Benign,Benign,True,2,Fwd IAT Tot,fwdiattot,0.34578660130500793,0.34578660130500793
532192,Benign,Benign,True,3,Fwd Pkt Len Mean,fwdpktlenmean,0.3051006495952606,0.3051006495952606
532192,Benign,Benign,True,4,Init Fwd Win Byts,initfwdwinbyts,0.2796468734741211,0.2796468734741211
532192,Benign,Benign,True,5,URG Flag Cnt,urgflagcnt,-0.2745375633239746,0.2745375633239746
533020,Benign,Benign,True,1,Fwd Pkt Len Max,fwdpktlenmax,0.39745891094207764,0.39745891094207764
533020,Benign,Benign,True,2,Fwd IAT Tot,fwdiattot,0.31339237093925476,0.31339237093925476
533020,Benign,Benign,True,3,Init Fwd Win Byts,initfwdwinbyts,0.23306210339069366,0.23306210339069366
533020,Benign,Benign,True,4,ECE Flag Cnt,eceflagcnt,0.14835289120674133,0.14835289120674133
533020,Benign,Benign,True,5,Dst Port,dstport,0.14539816975593567,0.14539816975593567
537698,Benign,Benign,True,1,Fwd Pkt Len Max,fwdpktlenmax,-0.7641983032226562,0.7641983032226562
537698,Benign,Benign,True,2,Fwd Seg Size Min,fwdsegsizemin,-0.5229272246360779,0.5229272246360779
537698,Benign,Benign,True,3,Dst Port,dstport,0.47581011056900024,0.47581011056900024
537698,Benign,Benign,True,4,Fwd Pkt Len Mean,fwdpktlenmean,0.3928186297416687,0.3928186297416687
537698,Benign,Benign,True,5,Fwd IAT Tot,fwdiattot,0.19486601650714874,0.19486601650714874
541910,Benign,Benign,True,1,Fwd Pkt Len Max,fwdpktlenmax,-0.7672148942947388,0.7672148942947388
541910,Benign,Benign,True,2,Dst Port,dstport,0.5836441516876221,0.5836441516876221
541910,Benign,Benign,True,3,Fwd Pkt Len Mean,fwdpktlenmean,0.5709196329116821,0.5709196329116821
541910,Benign,Benign,True,4,Fwd IAT Tot,fwdiattot,0.3603481948375702,0.3603481948375702
541910,Benign,Benign,True,5,Init Fwd Win Byts,initfwdwinbyts,0.2716876268386841,0.2716876268386841
545079,Benign,Benign,True,1,RST Flag Cnt,rstflagcnt,-0.4002763330936432,0.4002763330936432
545079,Benign,Benign,True,2,ECE Flag Cnt,eceflagcnt,-0.3979116976261139,0.3979116976261139
545079,Benign,Benign,True,3,Dst Port,dstport,0.3867722153663635,0.3867722153663635
545079,Benign,Benign,True,4,Fwd Pkt Len Max,fwdpktlenmax,0.2960507273674011,0.2960507273674011
545079,Benign,Benign,True,5,Flow Duration,flowduration,0.24896737933158875,0.24896737933158875
547283,Benign,Benign,True,1,Fwd Pkt Len Max,fwdpktlenmax,0.5796921253204346,0.5796921253204346
547283,Benign,Benign,True,2,Dst Port,dstport,0.397261381149292,0.397261381149292
547283,Benign,Benign,True,3,Fwd IAT Std,fwdiatstd,0.2654547691345215,0.2654547691345215
547283,Benign,Benign,True,4,RST Flag Cnt,rstflagcnt,-0.2467072308063507,0.2467072308063507
547283,Benign,Benign,True,5,Bwd Header Len,bwdheaderlen,0.17198993265628815,0.17198993265628815
550403,Benign,Benign,True,1,Dst Port,dstport,0.5790742039680481,0.5790742039680481
550403,Benign,Benign,True,2,Fwd IAT Tot,fwdiattot,0.38858848810195923,0.38858848810195923
550403,Benign,Benign,True,3,Fwd Pkt Len Mean,fwdpktlenmean,0.37955009937286377,0.37955009937286377
550403,Benign,Benign,True,4,Init Fwd Win Byts,initfwdwinbyts,0.3214706480503082,0.3214706480503082
550403,Benign,Benign,True,5,Flow IAT Min,flowiatmin,0.21691690385341644,0.21691690385341644
557142,Benign,Benign,True,1,Fwd Pkt Len Max,fwdpktlenmax,0.40843430161476135,0.40843430161476135
557142,Benign,Benign,True,2,Fwd IAT Tot,fwdiattot,0.3027532696723938,0.3027532696723938
557142,Benign,Benign,True,3,Init Fwd Win Byts,initfwdwinbyts,0.24270953238010406,0.24270953238010406
557142,Benign,Benign,True,4,ECE Flag Cnt,eceflagcnt,0.12808334827423096,0.12808334827423096
557142,Benign,Benign,True,5,Dst Port,dstport,0.12325713038444519,0.12325713038444519
563564,Benign,Benign,True,1,Fwd IAT Tot,fwdiattot,0.9978846311569214,0.9978846311569214
563564,Benign,Benign,True,2,Init Fwd Win Byts,initfwdwinbyts,0.8079028129577637,0.8079028129577637
563564,Benign,Benign,True,3,Fwd Pkt Len Max,fwdpktlenmax,-0.7669641971588135,0.7669641971588135
563564,Benign,Benign,True,4,Fwd Pkt Len Mean,fwdpktlenmean,0.5702651739120483,0.5702651739120483
563564,Benign,Benign,True,5,Fwd Seg Size Min,fwdsegsizemin,0.5104700326919556,0.5104700326919556
576124,Benign,Benign,True,1,Fwd Pkt Len Max,fwdpktlenmax,0.5505620837211609,0.5505620837211609
576124,Benign,Benign,True,2,Init Bwd Win Byts,initbwdwinbyts,0.5367637872695923,0.5367637872695923
576124,Benign,Benign,True,3,Dst Port,dstport,0.435669481754303,0.435669481754303
576124,Benign,Benign,True,4,RST Flag Cnt,rstflagcnt,-0.23455505073070526,0.23455505073070526
576124,Benign,Benign,True,5,Fwd IAT Std,fwdiatstd,0.22243881225585938,0.22243881225585938
579563,Benign,Benign,True,1,Dst Port,dstport,1.6719274520874023,1.6719274520874023
579563,Benign,Benign,True,2,Fwd Pkt Len Max,fwdpktlenmax,-0.9765633344650269,0.9765633344650269
579563,Benign,Benign,True,3,Fwd Pkt Len Mean,fwdpktlenmean,0.5778975486755371,0.5778975486755371
579563,Benign,Benign,True,4,Flow IAT Min,flowiatmin,0.29912716150283813,0.29912716150283813
579563,Benign,Benign,True,5,Init Bwd Win Byts,initbwdwinbyts,0.1545964479446411,0.1545964479446411
582808,Benign,Benign,True,1,Fwd Pkt Len Max,fwdpktlenmax,1.3313524723052979,1.3313524723052979
582808,Benign,Benign,True,2,Init Fwd Win Byts,initfwdwinbyts,0.6440159678459167,0.6440159678459167
582808,Benign,Benign,True,3,Bwd Pkt Len Std,bwdpktlenstd,0.22976179420948029,0.22976179420948029
582808,Benign,Benign,True,4,Flow IAT Mean,flowiatmean,0.18684956431388855,0.18684956431388855
582808,Benign,Benign,True,5,Bwd Pkt Len Mean,bwdpktlenmean,0.08817767351865768,0.08817767351865768
583078,Benign,Benign,True,1,Dst Port,dstport,0.5272251963615417,0.5272251963615417
583078,Benign,Benign,True,2,Init Fwd Win Byts,initfwdwinbyts,0.32490217685699463,0.32490217685699463
583078,Benign,Benign,True,3,Fwd IAT Tot,fwdiattot,0.3060794472694397,0.3060794472694397
583078,Benign,Benign,True,4,Fwd Pkt Len Mean,fwdpktlenmean,0.30445945262908936,0.30445945262908936
583078,Benign,Benign,True,5,URG Flag Cnt,urgflagcnt,-0.2770732343196869,0.2770732343196869
588062,Benign,Benign,True,1,RST Flag Cnt,rstflagcnt,-0.4260822832584381,0.4260822832584381
588062,Benign,Benign,True,2,ECE Flag Cnt,eceflagcnt,-0.41506269574165344,0.41506269574165344
588062,Benign,Benign,True,3,Dst Port,dstport,0.4001273512840271,0.4001273512840271
588062,Benign,Benign,True,4,Fwd Pkt Len Max,fwdpktlenmax,0.30645811557769775,0.30645811557769775
588062,Benign,Benign,True,5,Bwd Pkt Len Max,bwdpktlenmax,0.25133129954338074,0.25133129954338074
589521,Benign,Benign,True,1,Fwd Pkt Len Max,fwdpktlenmax,0.6284149885177612,0.6284149885177612
589521,Benign,Benign,True,2,Dst Port,dstport,0.3630058765411377,0.3630058765411377
589521,Benign,Benign,True,3,Fwd IAT Std,fwdiatstd,0.27363842725753784,0.27363842725753784
589521,Benign,Benign,True,4,Init Fwd Win Byts,initfwdwinbyts,0.20150983333587646,0.20150983333587646
589521,Benign,Benign,True,5,Bwd Pkt Len Std,bwdpktlenstd,0.12004188448190689,0.12004188448190689
601078,Benign,Benign,True,1,Dst Port,dstport,1.7030351161956787,1.7030351161956787
601078,Benign,Benign,True,2,Init Fwd Win Byts,initfwdwinbyts,1.0618908405303955,1.0618908405303955
601078,Benign,Benign,True,3,Fwd Pkt Len Max,fwdpktlenmax,-0.3443640172481537,0.3443640172481537
601078,Benign,Benign,True,4,Flow Duration,flowduration,0.32531318068504333,0.32531318068504333
601078,Benign,Benign,True,5,Fwd Pkts/s,fwdpktss,0.29087379574775696,0.29087379574775696
601254,Benign,Benign,True,1,Fwd Pkt Len Max,fwdpktlenmax,0.5200412273406982,0.5200412273406982
601254,Benign,Benign,True,2,Dst Port,dstport,0.3981877863407135,0.3981877863407135
601254,Benign,Benign,True,3,Fwd IAT Std,fwdiatstd,0.2769375443458557,0.2769375443458557
601254,Benign,Benign,True,4,Bwd Pkt Len Std,bwdpktlenstd,0.185543954372406,0.185543954372406
601254,Benign,Benign,True,5,Init Fwd Win Byts,initfwdwinbyts,0.13994856178760529,0.13994856178760529
621731,Benign,Benign,True,1,Bwd Pkt Len Max,bwdpktlenmax,0.5980656743049622,0.5980656743049622
621731,Benign,Benign,True,2,Fwd Pkt Len Max,fwdpktlenmax,0.4252547323703766,0.4252547323703766
621731,Benign,Benign,True,3,Dst Port,dstport,0.36948108673095703,0.36948108673095703
621731,Benign,Benign,True,4,Init Fwd Win Byts,initfwdwinbyts,0.26289957761764526,0.26289957761764526
621731,Benign,Benign,True,5,Flow Duration,flowduration,0.25106799602508545,0.25106799602508545
625391,Benign,Benign,True,1,Dst Port,dstport,0.4358641505241394,0.4358641505241394
625391,Benign,Benign,True,2,Fwd Pkt Len Max,fwdpktlenmax,0.33479055762290955,0.33479055762290955
625391,Benign,Benign,True,3,RST Flag Cnt,rstflagcnt,0.22670838236808777,0.22670838236808777
625391,Benign,Benign,True,4,Pkt Len Mean,pktlenmean,-0.1763228327035904,0.1763228327035904
625391,Benign,Benign,True,5,Fwd Pkt Len Std,fwdpktlenstd,0.17012712359428406,0.17012712359428406
628883,Benign,Benign,True,1,Fwd Pkt Len Max,fwdpktlenmax,0.39149177074432373,0.39149177074432373
628883,Benign,Benign,True,2,Fwd IAT Tot,fwdiattot,0.3135488033294678,0.3135488033294678
628883,Benign,Benign,True,3,Init Fwd Win Byts,initfwdwinbyts,0.23063959181308746,0.23063959181308746
628883,Benign,Benign,True,4,ECE Flag Cnt,eceflagcnt,0.14940503239631653,0.14940503239631653
628883,Benign,Benign,True,5,Dst Port,dstport,0.14616329967975616,0.14616329967975616
634090,Benign,Benign,True,1,Bwd Pkt Len Max,bwdpktlenmax,0.5555287599563599,0.5555287599563599
634090,Benign,Benign,True,2,Fwd Pkt Len Max,fwdpktlenmax,0.3847090005874634,0.3847090005874634
634090,Benign,Benign,True,3,Dst Port,dstport,0.34573739767074585,0.34573739767074585
634090,Benign,Benign,True,4,Init Fwd Win Byts,initfwdwinbyts,0.2513589859008789,0.2513589859008789
634090,Benign,Benign,True,5,Flow Duration,flowduration,0.23450854420661926,0.23450854420661926
645819,Benign,Benign,True,1,Fwd Pkt Len Max,fwdpktlenmax,0.5576098561286926,0.5576098561286926
645819,Benign,Benign,True,2,Dst Port,dstport,0.31004971265792847,0.31004971265792847
645819,Benign,Benign,True,3,Init Fwd Win Byts,initfwdwinbyts,0.1992066204547882,0.1992066204547882
645819,Benign,Benign,True,4,RST Flag Cnt,rstflagcnt,0.12508685886859894,0.12508685886859894
645819,Benign,Benign,True,5,Flow IAT Min,flowiatmin,0.07592269778251648,0.07592269778251648
648787,Benign,Benign,True,1,Init Fwd Win Byts,initfwdwinbyts,0.4909433126449585,0.4909433126449585
648787,Benign,Benign,True,2,Fwd Pkt Len Max,fwdpktlenmax,0.4011881947517395,0.4011881947517395
648787,Benign,Benign,True,3,Flow Duration,flowduration,0.32969191670417786,0.32969191670417786
648787,Benign,Benign,True,4,Fwd IAT Std,fwdiatstd,0.3105739653110504,0.3105739653110504
648787,Benign,Benign,True,5,Bwd Pkt Len Std,bwdpktlenstd,0.16977065801620483,0.16977065801620483
658274,Benign,Benign,True,1,Dst Port,dstport,1.691125750541687,1.691125750541687
658274,Benign,Benign,True,2,Init Fwd Win Byts,initfwdwinbyts,1.6403857469558716,1.6403857469558716
658274,Benign,Benign,True,3,Fwd Pkt Len Max,fwdpktlenmax,0.40019214153289795,0.40019214153289795
658274,Benign,Benign,True,4,Fwd Pkt Len Std,fwdpktlenstd,0.1594063639640808,0.1594063639640808
658274,Benign,Benign,True,5,Tot Bwd Pkts,totbwdpkts,-0.15924061834812164,0.15924061834812164
677415,Benign,Benign,True,1,Dst Port,dstport,0.3840939700603485,0.3840939700603485
677415,Benign,Benign,True,2,RST Flag Cnt,rstflagcnt,-0.37210142612457275,0.37210142612457275
677415,Benign,Benign,True,3,Bwd IAT Tot,bwdiattot,0.3690944015979767,0.3690944015979767
677415,Benign,Benign,True,4,ECE Flag Cnt,eceflagcnt,-0.35641616582870483,0.35641616582870483
677415,Benign,Benign,True,5,Fwd Pkt Len Max,fwdpktlenmax,0.2936784029006958,0.2936784029006958
679623,Benign,Benign,True,1,Fwd Pkt Len Max,fwdpktlenmax,0.406008243560791,0.406008243560791
679623,Benign,Benign,True,2,Fwd IAT Tot,fwdiattot,0.2912340760231018,0.2912340760231018
679623,Benign,Benign,True,3,Init Fwd Win Byts,initfwdwinbyts,0.24558645486831665,0.24558645486831665
679623,Benign,Benign,True,4,Dst Port,dstport,0.1726960390806198,0.1726960390806198
679623,Benign,Benign,True,5,RST Flag Cnt,rstflagcnt,0.11153700947761536,0.11153700947761536
683031,Benign,Benign,True,1,Dst Port,dstport,0.3705497682094574,0.3705497682094574
683031,Benign,Benign,True,2,RST Flag Cnt,rstflagcnt,-0.34252503514289856,0.34252503514289856
683031,Benign,Benign,True,3,ECE Flag Cnt,eceflagcnt,-0.34244513511657715,0.34244513511657715
683031,Benign,Benign,True,4,Fwd Pkt Len Max,fwdpktlenmax,0.31130826473236084,0.31130826473236084
683031,Benign,Benign,True,5,Flow Duration,flowduration,0.24936580657958984,0.24936580657958984
14173,Bot,Bot,True,1,Dst Port,dstport,7.544024467468262,7.544024467468262
14173,Bot,Bot,True,2,Fwd Act Data Pkts,fwdactdatapkts,-0.018949829041957855,0.018949829041957855
14173,Bot,Bot,True,3,RST Flag Cnt,rstflagcnt,-0.016761045902967453,0.016761045902967453
14173,Bot,Bot,True,4,Protocol,protocol,-0.01155360322445631,0.01155360322445631
14173,Bot,Bot,True,5,Tot Fwd Pkts,totfwdpkts,-0.007813524454832077,0.007813524454832077
16360,Bot,Bot,True,1,Dst Port,dstport,7.544024467468262,7.544024467468262
16360,Bot,Bot,True,2,Fwd Act Data Pkts,fwdactdatapkts,-0.018949829041957855,0.018949829041957855
16360,Bot,Bot,True,3,RST Flag Cnt,rstflagcnt,-0.016761045902967453,0.016761045902967453
16360,Bot,Bot,True,4,Protocol,protocol,-0.01155360322445631,0.01155360322445631
16360,Bot,Bot,True,5,Tot Fwd Pkts,totfwdpkts,-0.007813524454832077,0.007813524454832077
30548,Bot,Bot,True,1,Dst Port,dstport,7.5440473556518555,7.5440473556518555
30548,Bot,Bot,True,2,Fwd Act Data Pkts,fwdactdatapkts,-0.01895005628466606,0.01895005628466606
30548,Bot,Bot,True,3,RST Flag Cnt,rstflagcnt,-0.016761045902967453,0.016761045902967453
30548,Bot,Bot,True,4,Protocol,protocol,-0.01153466384857893,0.01153466384857893
30548,Bot,Bot,True,5,Tot Fwd Pkts,totfwdpkts,-0.007813524454832077,0.007813524454832077
46299,Bot,Bot,True,1,Dst Port,dstport,7.544024467468262,7.544024467468262
46299,Bot,Bot,True,2,Fwd Act Data Pkts,fwdactdatapkts,-0.018949829041957855,0.018949829041957855
46299,Bot,Bot,True,3,RST Flag Cnt,rstflagcnt,-0.016761045902967453,0.016761045902967453
46299,Bot,Bot,True,4,Protocol,protocol,-0.01155360322445631,0.01155360322445631
46299,Bot,Bot,True,5,Tot Fwd Pkts,totfwdpkts,-0.007813524454832077,0.007813524454832077
56216,Bot,Bot,True,1,Fwd Act Data Pkts,fwdactdatapkts,4.167893409729004,4.167893409729004
56216,Bot,Bot,True,2,Dst Port,dstport,1.7352849245071411,1.7352849245071411
56216,Bot,Bot,True,3,RST Flag Cnt,rstflagcnt,0.8549031615257263,0.8549031615257263
56216,Bot,Bot,True,4,Bwd Pkt Len Mean,bwdpktlenmean,0.41819801926612854,0.41819801926612854
56216,Bot,Bot,True,5,TotLen Fwd Pkts,totlenfwdpkts,0.11742187291383743,0.11742187291383743
59199,Bot,Bot,True,1,Dst Port,dstport,7.544024467468262,7.544024467468262
59199,Bot,Bot,True,2,Fwd Act Data Pkts,fwdactdatapkts,-0.018949829041957855,0.018949829041957855
59199,Bot,Bot,True,3,RST Flag Cnt,rstflagcnt,-0.016761045902967453,0.016761045902967453
59199,Bot,Bot,True,4,Protocol,protocol,-0.01155360322445631,0.01155360322445631
59199,Bot,Bot,True,5,Tot Fwd Pkts,totfwdpkts,-0.007813524454832077,0.007813524454832077
60182,Bot,Bot,True,1,Dst Port,dstport,7.511868000030518,7.511868000030518
60182,Bot,Bot,True,2,RST Flag Cnt,rstflagcnt,0.04775337502360344,0.04775337502360344
60182,Bot,Bot,True,3,TotLen Fwd Pkts,totlenfwdpkts,-0.02623702399432659,0.02623702399432659
60182,Bot,Bot,True,4,Fwd Act Data Pkts,fwdactdatapkts,-0.02102702297270298,0.02102702297270298
60182,Bot,Bot,True,5,Protocol,protocol,-0.014827515929937363,0.014827515929937363
67293,Bot,Bot,True,1,Dst Port,dstport,7.543872833251953,7.543872833251953
67293,Bot,Bot,True,2,Fwd Act Data Pkts,fwdactdatapkts,-0.018941335380077362,0.018941335380077362
67293,Bot,Bot,True,3,RST Flag Cnt,rstflagcnt,-0.016761045902967453,0.016761045902967453
67293,Bot,Bot,True,4,Protocol,protocol,-0.011547005735337734,0.011547005735337734
67293,Bot,Bot,True,5,Tot Fwd Pkts,totfwdpkts,-0.007813524454832077,0.007813524454832077
68662,Bot,Bot,True,1,Dst Port,dstport,7.5112810134887695,7.5112810134887695
68662,Bot,Bot,True,2,RST Flag Cnt,rstflagcnt,0.04775337502360344,0.04775337502360344
68662,Bot,Bot,True,3,TotLen Fwd Pkts,totlenfwdpkts,-0.02623702399432659,0.02623702399432659
68662,Bot,Bot,True,4,Fwd Act Data Pkts,fwdactdatapkts,-0.021027209237217903,0.021027209237217903
68662,Bot,Bot,True,5,Protocol,protocol,-0.01541810855269432,0.01541810855269432
73646,Bot,Bot,True,1,Dst Port,dstport,7.544024467468262,7.544024467468262
73646,Bot,Bot,True,2,Fwd Act Data Pkts,fwdactdatapkts,-0.018949829041957855,0.018949829041957855
73646,Bot,Bot,True,3,RST Flag Cnt,rstflagcnt,-0.016761045902967453,0.016761045902967453
73646,Bot,Bot,True,4,Protocol,protocol,-0.01155360322445631,0.01155360322445631
73646,Bot,Bot,True,5,Tot Fwd Pkts,totfwdpkts,-0.007813524454832077,0.007813524454832077
91415,Bot,Bot,True,1,Dst Port,dstport,7.510181903839111,7.510181903839111
91415,Bot,Bot,True,2,RST Flag Cnt,rstflagcnt,0.04959260672330856,0.04959260672330856
91415,Bot,Bot,True,3,TotLen Fwd Pkts,totlenfwdpkts,-0.027922553941607475,0.027922553941607475
91415,Bot,Bot,True,4,Fwd Act Data Pkts,fwdactdatapkts,-0.02102702297270298,0.02102702297270298
91415,Bot,Bot,True,5,Protocol,protocol,-0.014827515929937363,0.014827515929937363
99758,Bot,Bot,True,1,Dst Port,dstport,7.544031143188477,7.544031143188477
99758,Bot,Bot,True,2,Fwd Act Data Pkts,fwdactdatapkts,-0.018949829041957855,0.018949829041957855
99758,Bot,Bot,True,3,RST Flag Cnt,rstflagcnt,-0.016761045902967453,0.016761045902967453
99758,Bot,Bot,True,4,Protocol,protocol,-0.011547005735337734,0.011547005735337734
99758,Bot,Bot,True,5,Tot Fwd Pkts,totfwdpkts,-0.007813524454832077,0.007813524454832077
102683,Bot,Bot,True,1,Dst Port,dstport,7.510181903839111,7.510181903839111
102683,Bot,Bot,True,2,RST Flag Cnt,rstflagcnt,0.04959260672330856,0.04959260672330856
102683,Bot,Bot,True,3,TotLen Fwd Pkts,totlenfwdpkts,-0.027922553941607475,0.027922553941607475
102683,Bot,Bot,True,4,Fwd Act Data Pkts,fwdactdatapkts,-0.02102702297270298,0.02102702297270298
102683,Bot,Bot,True,5,Protocol,protocol,-0.014827515929937363,0.014827515929937363
107435,Bot,Bot,True,1,Dst Port,dstport,7.544031143188477,7.544031143188477
107435,Bot,Bot,True,2,Fwd Act Data Pkts,fwdactdatapkts,-0.018949829041957855,0.018949829041957855
107435,Bot,Bot,True,3,RST Flag Cnt,rstflagcnt,-0.016761045902967453,0.016761045902967453
107435,Bot,Bot,True,4,Protocol,protocol,-0.011547005735337734,0.011547005735337734
107435,Bot,Bot,True,5,Tot Fwd Pkts,totfwdpkts,-0.007813524454832077,0.007813524454832077
113993,Bot,Bot,True,1,Dst Port,dstport,7.544024467468262,7.544024467468262
113993,Bot,Bot,True,2,Fwd Act Data Pkts,fwdactdatapkts,-0.018949829041957855,0.018949829041957855
113993,Bot,Bot,True,3,RST Flag Cnt,rstflagcnt,-0.016761045902967453,0.016761045902967453
113993,Bot,Bot,True,4,Protocol,protocol,-0.01155360322445631,0.01155360322445631
113993,Bot,Bot,True,5,Tot Fwd Pkts,totfwdpkts,-0.007813524454832077,0.007813524454832077
119747,Bot,Bot,True,1,Dst Port,dstport,7.511867523193359,7.511867523193359
119747,Bot,Bot,True,2,RST Flag Cnt,rstflagcnt,0.04775337502360344,0.04775337502360344
119747,Bot,Bot,True,3,TotLen Fwd Pkts,totlenfwdpkts,-0.02623702399432659,0.02623702399432659
119747,Bot,Bot,True,4,Fwd Act Data Pkts,fwdactdatapkts,-0.021027209237217903,0.021027209237217903
119747,Bot,Bot,True,5,Protocol,protocol,-0.014832353219389915,0.014832353219389915
122949,Bot,Bot,True,1,Dst Port,dstport,7.511867523193359,7.511867523193359
122949,Bot,Bot,True,2,RST Flag Cnt,rstflagcnt,0.04775337502360344,0.04775337502360344
122949,Bot,Bot,True,3,TotLen Fwd Pkts,totlenfwdpkts,-0.02623702399432659,0.02623702399432659
122949,Bot,Bot,True,4,Fwd Act Data Pkts,fwdactdatapkts,-0.021027209237217903,0.021027209237217903
122949,Bot,Bot,True,5,Protocol,protocol,-0.014832353219389915,0.014832353219389915
123816,Bot,Bot,True,1,Dst Port,dstport,7.509596347808838,7.509596347808838
123816,Bot,Bot,True,2,RST Flag Cnt,rstflagcnt,0.04959260672330856,0.04959260672330856
123816,Bot,Bot,True,3,TotLen Fwd Pkts,totlenfwdpkts,-0.027922553941607475,0.027922553941607475
123816,Bot,Bot,True,4,Fwd Act Data Pkts,fwdactdatapkts,-0.02102702297270298,0.02102702297270298
123816,Bot,Bot,True,5,Protocol,protocol,-0.015413273125886917,0.015413273125886917
126309,Bot,Bot,True,1,Dst Port,dstport,7.511866569519043,7.511866569519043
126309,Bot,Bot,True,2,RST Flag Cnt,rstflagcnt,0.04775337502360344,0.04775337502360344
126309,Bot,Bot,True,3,TotLen Fwd Pkts,totlenfwdpkts,-0.02623702399432659,0.02623702399432659
126309,Bot,Bot,True,4,Fwd Act Data Pkts,fwdactdatapkts,-0.02102716825902462,0.02102716825902462
126309,Bot,Bot,True,5,Protocol,protocol,-0.014832353219389915,0.014832353219389915
132210,Bot,Bot,True,1,Dst Port,dstport,7.511871337890625,7.511871337890625
132210,Bot,Bot,True,2,RST Flag Cnt,rstflagcnt,0.04775337502360344,0.04775337502360344
132210,Bot,Bot,True,3,TotLen Fwd Pkts,totlenfwdpkts,-0.02623702399432659,0.02623702399432659
132210,Bot,Bot,True,4,Fwd Act Data Pkts,fwdactdatapkts,-0.02102716825902462,0.02102716825902462
132210,Bot,Bot,True,5,Protocol,protocol,-0.014827515929937363,0.014827515929937363
141904,Bot,Bot,True,1,Dst Port,dstport,7.5112810134887695,7.5112810134887695
141904,Bot,Bot,True,2,RST Flag Cnt,rstflagcnt,0.04775337502360344,0.04775337502360344
141904,Bot,Bot,True,3,TotLen Fwd Pkts,totlenfwdpkts,-0.02623702399432659,0.02623702399432659
141904,Bot,Bot,True,4,Fwd Act Data Pkts,fwdactdatapkts,-0.021027209237217903,0.021027209237217903
141904,Bot,Bot,True,5,Protocol,protocol,-0.01541810855269432,0.01541810855269432
183491,Bot,Bot,True,1,Fwd Act Data Pkts,fwdactdatapkts,4.167893409729004,4.167893409729004
183491,Bot,Bot,True,2,Dst Port,dstport,1.737302541732788,1.737302541732788
183491,Bot,Bot,True,3,RST Flag Cnt,rstflagcnt,0.856283962726593,0.856283962726593
183491,Bot,Bot,True,4,Bwd Pkt Len Mean,bwdpktlenmean,0.41819801926612854,0.41819801926612854
183491,Bot,Bot,True,5,Fwd Pkt Len Mean,fwdpktlenmean,0.11705315858125687,0.11705315858125687
185504,Bot,Bot,True,1,Dst Port,dstport,7.5121073722839355,7.5121073722839355
185504,Bot,Bot,True,2,RST Flag Cnt,rstflagcnt,0.04775337502360344,0.04775337502360344
185504,Bot,Bot,True,3,TotLen Fwd Pkts,totlenfwdpkts,-0.02623702399432659,0.02623702399432659
185504,Bot,Bot,True,4,Fwd Act Data Pkts,fwdactdatapkts,-0.021027209237217903,0.021027209237217903
185504,Bot,Bot,True,5,Protocol,protocol,-0.014591421000659466,0.014591421000659466
187617,Bot,Bot,True,1,Dst Port,dstport,7.511867523193359,7.511867523193359
187617,Bot,Bot,True,2,RST Flag Cnt,rstflagcnt,0.04775337502360344,0.04775337502360344
187617,Bot,Bot,True,3,TotLen Fwd Pkts,totlenfwdpkts,-0.02623702399432659,0.02623702399432659
187617,Bot,Bot,True,4,Fwd Act Data Pkts,fwdactdatapkts,-0.021027209237217903,0.021027209237217903
187617,Bot,Bot,True,5,Protocol,protocol,-0.014832353219389915,0.014832353219389915
188726,Bot,Bot,True,1,Dst Port,dstport,7.548181533813477,7.548181533813477
188726,Bot,Bot,True,2,Fwd Act Data Pkts,fwdactdatapkts,-0.018950147554278374,0.018950147554278374
188726,Bot,Bot,True,3,RST Flag Cnt,rstflagcnt,-0.016761045902967453,0.016761045902967453
188726,Bot,Bot,True,4,Protocol,protocol,-0.007401396986097097,0.007401396986097097
188726,Bot,Bot,True,5,Fwd IAT Tot,fwdiattot,0.007079511880874634,0.007079511880874634
191740,Bot,Bot,True,1,Dst Port,dstport,7.513364791870117,7.513364791870117
191740,Bot,Bot,True,2,RST Flag Cnt,rstflagcnt,0.049902115017175674,0.049902115017175674
191740,Bot,Bot,True,3,TotLen Fwd Pkts,totlenfwdpkts,-0.02836168184876442,0.02836168184876442
191740,Bot,Bot,True,4,Fwd Act Data Pkts,fwdactdatapkts,-0.020635202527046204,0.020635202527046204
191740,Bot,Bot,True,5,Protocol,protocol,-0.011561055667698383,0.011561055667698383
194338,Bot,Bot,True,1,Dst Port,dstport,7.5112810134887695,7.5112810134887695
194338,Bot,Bot,True,2,RST Flag Cnt,rstflagcnt,0.04775337502360344,0.04775337502360344
194338,Bot,Bot,True,3,TotLen Fwd Pkts,totlenfwdpkts,-0.02623702399432659,0.02623702399432659
194338,Bot,Bot,True,4,Fwd Act Data Pkts,fwdactdatapkts,-0.021027209237217903,0.021027209237217903
194338,Bot,Bot,True,5,Protocol,protocol,-0.01541810855269432,0.01541810855269432
200364,Bot,Bot,True,1,Dst Port,dstport,7.5112810134887695,7.5112810134887695
200364,Bot,Bot,True,2,RST Flag Cnt,rstflagcnt,0.04775337502360344,0.04775337502360344
200364,Bot,Bot,True,3,TotLen Fwd Pkts,totlenfwdpkts,-0.02623702399432659,0.02623702399432659
200364,Bot,Bot,True,4,Fwd Act Data Pkts,fwdactdatapkts,-0.021027209237217903,0.021027209237217903
200364,Bot,Bot,True,5,Protocol,protocol,-0.01541810855269432,0.01541810855269432
207430,Bot,Bot,True,1,Dst Port,dstport,7.512323379516602,7.512323379516602
207430,Bot,Bot,True,2,RST Flag Cnt,rstflagcnt,0.04948018491268158,0.04948018491268158
207430,Bot,Bot,True,3,TotLen Fwd Pkts,totlenfwdpkts,-0.027776170521974564,0.027776170521974564
207430,Bot,Bot,True,4,Fwd Act Data Pkts,fwdactdatapkts,-0.02102702297270298,0.02102702297270298
207430,Bot,Bot,True,5,Protocol,protocol,-0.012833436951041222,0.012833436951041222
211126,Bot,Bot,True,1,Dst Port,dstport,7.511282444000244,7.511282444000244
211126,Bot,Bot,True,2,RST Flag Cnt,rstflagcnt,0.04775337502360344,0.04775337502360344
211126,Bot,Bot,True,3,TotLen Fwd Pkts,totlenfwdpkts,-0.02623702399432659,0.02623702399432659
211126,Bot,Bot,True,4,Fwd Act Data Pkts,fwdactdatapkts,-0.02102702297270298,0.02102702297270298
211126,Bot,Bot,True,5,Protocol,protocol,-0.015413273125886917,0.015413273125886917
214885,Bot,Bot,True,1,Dst Port,dstport,7.543872833251953,7.543872833251953
214885,Bot,Bot,True,2,Fwd Act Data Pkts,fwdactdatapkts,-0.018941335380077362,0.018941335380077362
214885,Bot,Bot,True,3,RST Flag Cnt,rstflagcnt,-0.016761045902967453,0.016761045902967453
214885,Bot,Bot,True,4,Protocol,protocol,-0.011547005735337734,0.011547005735337734
214885,Bot,Bot,True,5,Tot Fwd Pkts,totfwdpkts,-0.007813524454832077,0.007813524454832077
216754,Bot,Bot,True,1,Dst Port,dstport,7.511277675628662,7.511277675628662
216754,Bot,Bot,True,2,RST Flag Cnt,rstflagcnt,0.04775337502360344,0.04775337502360344
216754,Bot,Bot,True,3,TotLen Fwd Pkts,totlenfwdpkts,-0.02623702399432659,0.02623702399432659
216754,Bot,Bot,True,4,Fwd Act Data Pkts,fwdactdatapkts,-0.02102702297270298,0.02102702297270298
216754,Bot,Bot,True,5,Protocol,protocol,-0.01541810855269432,0.01541810855269432
231694,Bot,Bot,True,1,Dst Port,dstport,7.511277675628662,7.511277675628662
231694,Bot,Bot,True,2,RST Flag Cnt,rstflagcnt,0.04775337502360344,0.04775337502360344
231694,Bot,Bot,True,3,TotLen Fwd Pkts,totlenfwdpkts,-0.02623702399432659,0.02623702399432659
231694,Bot,Bot,True,4,Fwd Act Data Pkts,fwdactdatapkts,-0.02102702297270298,0.02102702297270298
231694,Bot,Bot,True,5,Protocol,protocol,-0.01541810855269432,0.01541810855269432
233709,Bot,Bot,True,1,Dst Port,dstport,7.543874740600586,7.543874740600586
233709,Bot,Bot,True,2,Fwd Act Data Pkts,fwdactdatapkts,-0.018941335380077362,0.018941335380077362
233709,Bot,Bot,True,3,RST Flag Cnt,rstflagcnt,-0.016761045902967453,0.016761045902967453
233709,Bot,Bot,True,4,Protocol,protocol,-0.011545849032700062,0.011545849032700062
233709,Bot,Bot,True,5,Tot Fwd Pkts,totfwdpkts,-0.007813524454832077,0.007813524454832077
243609,Bot,Bot,True,1,Dst Port,dstport,7.511868000030518,7.511868000030518
243609,Bot,Bot,True,2,RST Flag Cnt,rstflagcnt,0.04775337502360344,0.04775337502360344
243609,Bot,Bot,True,3,TotLen Fwd Pkts,totlenfwdpkts,-0.02623702399432659,0.02623702399432659
243609,Bot,Bot,True,4,Fwd Act Data Pkts,fwdactdatapkts,-0.02102702297270298,0.02102702297270298
243609,Bot,Bot,True,5,Protocol,protocol,-0.014827515929937363,0.014827515929937363
256618,Bot,Bot,True,1,Dst Port,dstport,7.544024467468262,7.544024467468262
256618,Bot,Bot,True,2,Fwd Act Data Pkts,fwdactdatapkts,-0.018949829041957855,0.018949829041957855
256618,Bot,Bot,True,3,RST Flag Cnt,rstflagcnt,-0.016761045902967453,0.016761045902967453
256618,Bot,Bot,True,4,Protocol,protocol,-0.01155360322445631,0.01155360322445631
256618,Bot,Bot,True,5,Tot Fwd Pkts,totfwdpkts,-0.007813524454832077,0.007813524454832077
291403,Bot,Bot,True,1,Dst Port,dstport,7.511871337890625,7.511871337890625
291403,Bot,Bot,True,2,RST Flag Cnt,rstflagcnt,0.04775337502360344,0.04775337502360344
291403,Bot,Bot,True,3,TotLen Fwd Pkts,totlenfwdpkts,-0.02623702399432659,0.02623702399432659
291403,Bot,Bot,True,4,Fwd Act Data Pkts,fwdactdatapkts,-0.02102716825902462,0.02102716825902462
291403,Bot,Bot,True,5,Protocol,protocol,-0.014827515929937363,0.014827515929937363
293431,Bot,Bot,True,1,Dst Port,dstport,7.511866569519043,7.511866569519043
293431,Bot,Bot,True,2,RST Flag Cnt,rstflagcnt,0.04775337502360344,0.04775337502360344
293431,Bot,Bot,True,3,TotLen Fwd Pkts,totlenfwdpkts,-0.02623702399432659,0.02623702399432659
293431,Bot,Bot,True,4,Fwd Act Data Pkts,fwdactdatapkts,-0.02102716825902462,0.02102716825902462
293431,Bot,Bot,True,5,Protocol,protocol,-0.014832353219389915,0.014832353219389915
302253,Bot,Bot,True,1,Dst Port,dstport,7.548179626464844,7.548179626464844
302253,Bot,Bot,True,2,Fwd Act Data Pkts,fwdactdatapkts,-0.018950024619698524,0.018950024619698524
302253,Bot,Bot,True,3,RST Flag Cnt,rstflagcnt,-0.016761045902967453,0.016761045902967453
302253,Bot,Bot,True,4,Protocol,protocol,-0.007401396986097097,0.007401396986097097
302253,Bot,Bot,True,5,Fwd IAT Tot,fwdiattot,0.007079511880874634,0.007079511880874634
307519,Bot,Bot,True,1,Dst Port,dstport,7.544024467468262,7.544024467468262
307519,Bot,Bot,True,2,Fwd Act Data Pkts,fwdactdatapkts,-0.018949829041957855,0.018949829041957855
307519,Bot,Bot,True,3,RST Flag Cnt,rstflagcnt,-0.016761045902967453,0.016761045902967453
307519,Bot,Bot,True,4,Protocol,protocol,-0.01155360322445631,0.01155360322445631
307519,Bot,Bot,True,5,Tot Fwd Pkts,totfwdpkts,-0.007813524454832077,0.007813524454832077
309132,Bot,Bot,True,1,Dst Port,dstport,7.509596347808838,7.509596347808838
309132,Bot,Bot,True,2,RST Flag Cnt,rstflagcnt,0.04959260672330856,0.04959260672330856
309132,Bot,Bot,True,3,TotLen Fwd Pkts,totlenfwdpkts,-0.027922553941607475,0.027922553941607475
309132,Bot,Bot,True,4,Fwd Act Data Pkts,fwdactdatapkts,-0.02102702297270298,0.02102702297270298
309132,Bot,Bot,True,5,Protocol,protocol,-0.015413273125886917,0.015413273125886917
312250,Bot,Bot,True,1,Dst Port,dstport,7.512689113616943,7.512689113616943
312250,Bot,Bot,True,2,RST Flag Cnt,rstflagcnt,0.04775337502360344,0.04775337502360344
312250,Bot,Bot,True,3,TotLen Fwd Pkts,totlenfwdpkts,-0.02623702399432659,0.02623702399432659
312250,Bot,Bot,True,4,Fwd Act Data Pkts,fwdactdatapkts,-0.021027209237217903,0.021027209237217903
312250,Bot,Bot,True,5,Protocol,protocol,-0.014010938815772533,0.014010938815772533
312713,Bot,Bot,True,1,Dst Port,dstport,7.511867523193359,7.511867523193359
312713,Bot,Bot,True,2,RST Flag Cnt,rstflagcnt,0.04775337502360344,0.04775337502360344
312713,Bot,Bot,True,3,TotLen Fwd Pkts,totlenfwdpkts,-0.02623702399432659,0.02623702399432659
312713,Bot,Bot,True,4,Fwd Act Data Pkts,fwdactdatapkts,-0.021027209237217903,0.021027209237217903
312713,Bot,Bot,True,5,Protocol,protocol,-0.014832353219389915,0.014832353219389915
313806,Bot,Bot,True,1,Fwd Act Data Pkts,fwdactdatapkts,4.167893409729004,4.167893409729004
313806,Bot,Bot,True,2,Dst Port,dstport,1.7372976541519165,1.7372976541519165
313806,Bot,Bot,True,3,RST Flag Cnt,rstflagcnt,0.856283962726593,0.856283962726593
313806,Bot,Bot,True,4,Bwd Pkt Len Mean,bwdpktlenmean,0.41819801926612854,0.41819801926612854
313806,Bot,Bot,True,5,Fwd Pkt Len Mean,fwdpktlenmean,0.11705315858125687,0.11705315858125687
317767,Bot,Bot,True,1,Dst Port,dstport,7.511868000030518,7.511868000030518
317767,Bot,Bot,True,2,RST Flag Cnt,rstflagcnt,0.04775337502360344,0.04775337502360344
317767,Bot,Bot,True,3,TotLen Fwd Pkts,totlenfwdpkts,-0.02623702399432659,0.02623702399432659
317767,Bot,Bot,True,4,Fwd Act Data Pkts,fwdactdatapkts,-0.02102702297270298,0.02102702297270298
317767,Bot,Bot,True,5,Protocol,protocol,-0.014827515929937363,0.014827515929937363
318998,Bot,Bot,True,1,Dst Port,dstport,7.543872833251953,7.543872833251953
318998,Bot,Bot,True,2,Fwd Act Data Pkts,fwdactdatapkts,-0.018941335380077362,0.018941335380077362
318998,Bot,Bot,True,3,RST Flag Cnt,rstflagcnt,-0.016761045902967453,0.016761045902967453
318998,Bot,Bot,True,4,Protocol,protocol,-0.011547005735337734,0.011547005735337734
318998,Bot,Bot,True,5,Tot Fwd Pkts,totfwdpkts,-0.007813524454832077,0.007813524454832077
323358,Bot,Bot,True,1,Dst Port,dstport,7.511754989624023,7.511754989624023
323358,Bot,Bot,True,2,RST Flag Cnt,rstflagcnt,0.04775337502360344,0.04775337502360344
323358,Bot,Bot,True,3,TotLen Fwd Pkts,totlenfwdpkts,-0.02623702399432659,0.02623702399432659
323358,Bot,Bot,True,4,Fwd Act Data Pkts,fwdactdatapkts,-0.021027209237217903,0.021027209237217903
323358,Bot,Bot,True,5,Protocol,protocol,-0.014944778755307198,0.014944778755307198
326555,Bot,Bot,True,1,Dst Port,dstport,7.511867523193359,7.511867523193359
326555,Bot,Bot,True,2,RST Flag Cnt,rstflagcnt,0.04775337502360344,0.04775337502360344
326555,Bot,Bot,True,3,TotLen Fwd Pkts,totlenfwdpkts,-0.02623702399432659,0.02623702399432659
326555,Bot,Bot,True,4,Fwd Act Data Pkts,fwdactdatapkts,-0.021027209237217903,0.021027209237217903
326555,Bot,Bot,True,5,Protocol,protocol,-0.014832353219389915,0.014832353219389915
330877,Bot,Bot,True,1,Dst Port,dstport,7.512621879577637,7.512621879577637
330877,Bot,Bot,True,2,RST Flag Cnt,rstflagcnt,0.04959260672330856,0.04959260672330856
330877,Bot,Bot,True,3,TotLen Fwd Pkts,totlenfwdpkts,-0.027922553941607475,0.027922553941607475
330877,Bot,Bot,True,4,Fwd Act Data Pkts,fwdactdatapkts,-0.02102702297270298,0.02102702297270298
330877,Bot,Bot,True,5,Protocol,protocol,-0.012387992814183235,0.012387992814183235
336988,Bot,Bot,True,1,Dst Port,dstport,7.543872833251953,7.543872833251953
336988,Bot,Bot,True,2,Fwd Act Data Pkts,fwdactdatapkts,-0.018941335380077362,0.018941335380077362
336988,Bot,Bot,True,3,RST Flag Cnt,rstflagcnt,-0.016761045902967453,0.016761045902967453
336988,Bot,Bot,True,4,Protocol,protocol,-0.011547005735337734,0.011547005735337734
336988,Bot,Bot,True,5,Tot Fwd Pkts,totfwdpkts,-0.007813524454832077,0.007813524454832077
340208,Bot,Bot,True,1,Dst Port,dstport,7.544024467468262,7.544024467468262
340208,Bot,Bot,True,2,Fwd Act Data Pkts,fwdactdatapkts,-0.018949829041957855,0.018949829041957855
340208,Bot,Bot,True,3,RST Flag Cnt,rstflagcnt,-0.016761045902967453,0.016761045902967453
340208,Bot,Bot,True,4,Protocol,protocol,-0.01155360322445631,0.01155360322445631
340208,Bot,Bot,True,5,Tot Fwd Pkts,totfwdpkts,-0.007813524454832077,0.007813524454832077
343077,Bot,Bot,True,1,Dst Port,dstport,7.5440263748168945,7.5440263748168945
343077,Bot,Bot,True,2,Fwd Act Data Pkts,fwdactdatapkts,-0.018949829041957855,0.018949829041957855
343077,Bot,Bot,True,3,RST Flag Cnt,rstflagcnt,-0.016761045902967453,0.016761045902967453
343077,Bot,Bot,True,4,Protocol,protocol,-0.011551166884601116,0.011551166884601116
343077,Bot,Bot,True,5,Tot Fwd Pkts,totfwdpkts,-0.007813524454832077,0.007813524454832077
344132,Bot,Bot,True,1,Dst Port,dstport,7.543876647949219,7.543876647949219
344132,Bot,Bot,True,2,Fwd Act Data Pkts,fwdactdatapkts,-0.018941335380077362,0.018941335380077362
344132,Bot,Bot,True,3,RST Flag Cnt,rstflagcnt,-0.016761045902967453,0.016761045902967453
344132,Bot,Bot,True,4,Protocol,protocol,-0.01154342945665121,0.01154342945665121
344132,Bot,Bot,True,5,Tot Fwd Pkts,totfwdpkts,-0.007813524454832077,0.007813524454832077
345039,Bot,Bot,True,1,Dst Port,dstport,7.5440263748168945,7.5440263748168945
345039,Bot,Bot,True,2,Fwd Act Data Pkts,fwdactdatapkts,-0.018949829041957855,0.018949829041957855
345039,Bot,Bot,True,3,RST Flag Cnt,rstflagcnt,-0.016761045902967453,0.016761045902967453
345039,Bot,Bot,True,4,Protocol,protocol,-0.011551166884601116,0.011551166884601116
345039,Bot,Bot,True,5,Tot Fwd Pkts,totfwdpkts,-0.007813524454832077,0.007813524454832077
345049,Bot,Bot,True,1,Dst Port,dstport,7.507508277893066,7.507508277893066
345049,Bot,Bot,True,2,RST Flag Cnt,rstflagcnt,0.05249270424246788,0.05249270424246788
345049,Bot,Bot,True,3,TotLen Fwd Pkts,totlenfwdpkts,-0.031717557460069656,0.031717557460069656
345049,Bot,Bot,True,4,Fwd Act Data Pkts,fwdactdatapkts,-0.02102702297270298,0.02102702297270298
345049,Bot,Bot,True,5,Protocol,protocol,-0.013707118108868599,0.013707118108868599
363090,Bot,Bot,True,1,Dst Port,dstport,7.512998580932617,7.512998580932617
363090,Bot,Bot,True,2,RST Flag Cnt,rstflagcnt,0.04775337502360344,0.04775337502360344
363090,Bot,Bot,True,3,TotLen Fwd Pkts,totlenfwdpkts,-0.02623702399432659,0.02623702399432659
363090,Bot,Bot,True,4,Fwd Act Data Pkts,fwdactdatapkts,-0.021027209237217903,0.021027209237217903
363090,Bot,Bot,True,5,Protocol,protocol,-0.01370215229690075,0.01370215229690075
377181,Bot,Bot,True,1,Dst Port,dstport,7.544031143188477,7.544031143188477
377181,Bot,Bot,True,2,Fwd Act Data Pkts,fwdactdatapkts,-0.018949829041957855,0.018949829041957855
377181,Bot,Bot,True,3,RST Flag Cnt,rstflagcnt,-0.016761045902967453,0.016761045902967453
377181,Bot,Bot,True,4,Protocol,protocol,-0.011547005735337734,0.011547005735337734
377181,Bot,Bot,True,5,Tot Fwd Pkts,totfwdpkts,-0.007813524454832077,0.007813524454832077
379049,Bot,Bot,True,1,Dst Port,dstport,7.511866569519043,7.511866569519043
379049,Bot,Bot,True,2,RST Flag Cnt,rstflagcnt,0.04775337502360344,0.04775337502360344
379049,Bot,Bot,True,3,TotLen Fwd Pkts,totlenfwdpkts,-0.02623702399432659,0.02623702399432659
379049,Bot,Bot,True,4,Fwd Act Data Pkts,fwdactdatapkts,-0.02102716825902462,0.02102716825902462
379049,Bot,Bot,True,5,Protocol,protocol,-0.014832353219389915,0.014832353219389915
379341,Bot,Bot,True,1,Dst Port,dstport,7.544024467468262,7.544024467468262
379341,Bot,Bot,True,2,Fwd Act Data Pkts,fwdactdatapkts,-0.018949829041957855,0.018949829041957855
379341,Bot,Bot,True,3,RST Flag Cnt,rstflagcnt,-0.016761045902967453,0.016761045902967453
379341,Bot,Bot,True,4,Protocol,protocol,-0.01155360322445631,0.01155360322445631
379341,Bot,Bot,True,5,Tot Fwd Pkts,totfwdpkts,-0.007813524454832077,0.007813524454832077
397490,Bot,Bot,True,1,Dst Port,dstport,7.548181533813477,7.548181533813477
397490,Bot,Bot,True,2,Fwd Act Data Pkts,fwdactdatapkts,-0.018950147554278374,0.018950147554278374
397490,Bot,Bot,True,3,RST Flag Cnt,rstflagcnt,-0.016761045902967453,0.016761045902967453
397490,Bot,Bot,True,4,Protocol,protocol,-0.007401396986097097,0.007401396986097097
397490,Bot,Bot,True,5,Fwd IAT Tot,fwdiattot,0.007079511880874634,0.007079511880874634
402197,Bot,Bot,True,1,Dst Port,dstport,7.511867523193359,7.511867523193359
402197,Bot,Bot,True,2,RST Flag Cnt,rstflagcnt,0.04775337502360344,0.04775337502360344
402197,Bot,Bot,True,3,TotLen Fwd Pkts,totlenfwdpkts,-0.02623702399432659,0.02623702399432659
402197,Bot,Bot,True,4,Fwd Act Data Pkts,fwdactdatapkts,-0.021027209237217903,0.021027209237217903
402197,Bot,Bot,True,5,Protocol,protocol,-0.014832353219389915,0.014832353219389915
404377,Bot,Bot,True,1,Dst Port,dstport,7.510181903839111,7.510181903839111
404377,Bot,Bot,True,2,RST Flag Cnt,rstflagcnt,0.04959260672330856,0.04959260672330856
404377,Bot,Bot,True,3,TotLen Fwd Pkts,totlenfwdpkts,-0.027922553941607475,0.027922553941607475
404377,Bot,Bot,True,4,Fwd Act Data Pkts,fwdactdatapkts,-0.02102702297270298,0.02102702297270298
404377,Bot,Bot,True,5,Protocol,protocol,-0.014827515929937363,0.014827515929937363
406035,Bot,Bot,True,1,Dst Port,dstport,7.544024467468262,7.544024467468262
406035,Bot,Bot,True,2,Fwd Act Data Pkts,fwdactdatapkts,-0.018949704244732857,0.018949704244732857
406035,Bot,Bot,True,3,RST Flag Cnt,rstflagcnt,-0.016761045902967453,0.016761045902967453
406035,Bot,Bot,True,4,Protocol,protocol,-0.011551166884601116,0.011551166884601116
406035,Bot,Bot,True,5,Tot Fwd Pkts,totfwdpkts,-0.007813524454832077,0.007813524454832077
408593,Bot,Bot,True,1,Dst Port,dstport,7.544024467468262,7.544024467468262
408593,Bot,Bot,True,2,Fwd Act Data Pkts,fwdactdatapkts,-0.018949829041957855,0.018949829041957855
408593,Bot,Bot,True,3,RST Flag Cnt,rstflagcnt,-0.016761045902967453,0.016761045902967453
408593,Bot,Bot,True,4,Protocol,protocol,-0.01155360322445631,0.01155360322445631
408593,Bot,Bot,True,5,Tot Fwd Pkts,totfwdpkts,-0.007813524454832077,0.007813524454832077
410845,Bot,Bot,True,1,Dst Port,dstport,7.513854503631592,7.513854503631592
410845,Bot,Bot,True,2,RST Flag Cnt,rstflagcnt,0.04775337502360344,0.04775337502360344
410845,Bot,Bot,True,3,TotLen Fwd Pkts,totlenfwdpkts,-0.02623702399432659,0.02623702399432659
410845,Bot,Bot,True,4,Fwd Act Data Pkts,fwdactdatapkts,-0.021027209237217903,0.021027209237217903
410845,Bot,Bot,True,5,Protocol,protocol,-0.012845751829445362,0.012845751829445362
424607,Bot,Bot,True,1,Dst Port,dstport,7.51400089263916,7.51400089263916
424607,Bot,Bot,True,2,RST Flag Cnt,rstflagcnt,0.04764094948768616,0.04764094948768616
424607,Bot,Bot,True,3,TotLen Fwd Pkts,totlenfwdpkts,-0.02609064057469368,0.02609064057469368
424607,Bot,Bot,True,4,Fwd Act Data Pkts,fwdactdatapkts,-0.021027209237217903,0.021027209237217903
424607,Bot,Bot,True,5,Protocol,protocol,-0.012845751829445362,0.012845751829445362
435398,Bot,Bot,True,1,Dst Port,dstport,7.544024467468262,7.544024467468262
435398,Bot,Bot,True,2,Fwd Act Data Pkts,fwdactdatapkts,-0.018949829041957855,0.018949829041957855
435398,Bot,Bot,True,3,RST Flag Cnt,rstflagcnt,-0.016761045902967453,0.016761045902967453
435398,Bot,Bot,True,4,Protocol,protocol,-0.01155360322445631,0.01155360322445631
435398,Bot,Bot,True,5,Tot Fwd Pkts,totfwdpkts,-0.007813524454832077,0.007813524454832077
436253,Bot,Bot,True,1,Dst Port,dstport,7.544024467468262,7.544024467468262
436253,Bot,Bot,True,2,Fwd Act Data Pkts,fwdactdatapkts,-0.018949829041957855,0.018949829041957855
436253,Bot,Bot,True,3,RST Flag Cnt,rstflagcnt,-0.016761045902967453,0.016761045902967453
436253,Bot,Bot,True,4,Protocol,protocol,-0.01155360322445631,0.01155360322445631
436253,Bot,Bot,True,5,Tot Fwd Pkts,totfwdpkts,-0.007813524454832077,0.007813524454832077
450779,Bot,Bot,True,1,Dst Port,dstport,7.544024467468262,7.544024467468262
450779,Bot,Bot,True,2,Fwd Act Data Pkts,fwdactdatapkts,-0.018949829041957855,0.018949829041957855
450779,Bot,Bot,True,3,RST Flag Cnt,rstflagcnt,-0.016761045902967453,0.016761045902967453
450779,Bot,Bot,True,4,Protocol,protocol,-0.01155360322445631,0.01155360322445631
450779,Bot,Bot,True,5,Tot Fwd Pkts,totfwdpkts,-0.007813524454832077,0.007813524454832077
458210,Bot,Bot,True,1,Dst Port,dstport,7.5440473556518555,7.5440473556518555
458210,Bot,Bot,True,2,Fwd Act Data Pkts,fwdactdatapkts,-0.01895005628466606,0.01895005628466606
458210,Bot,Bot,True,3,RST Flag Cnt,rstflagcnt,-0.016761045902967453,0.016761045902967453
458210,Bot,Bot,True,4,Protocol,protocol,-0.01153466384857893,0.01153466384857893
458210,Bot,Bot,True,5,Tot Fwd Pkts,totfwdpkts,-0.007813524454832077,0.007813524454832077
459739,Bot,Bot,True,1,Dst Port,dstport,7.510181903839111,7.510181903839111
459739,Bot,Bot,True,2,RST Flag Cnt,rstflagcnt,0.04959260672330856,0.04959260672330856
459739,Bot,Bot,True,3,TotLen Fwd Pkts,totlenfwdpkts,-0.027922553941607475,0.027922553941607475
459739,Bot,Bot,True,4,Fwd Act Data Pkts,fwdactdatapkts,-0.02102702297270298,0.02102702297270298
459739,Bot,Bot,True,5,Protocol,protocol,-0.014827515929937363,0.014827515929937363
466558,Bot,Bot,True,1,Dst Port,dstport,7.511867523193359,7.511867523193359
466558,Bot,Bot,True,2,RST Flag Cnt,rstflagcnt,0.04775337502360344,0.04775337502360344
466558,Bot,Bot,True,3,TotLen Fwd Pkts,totlenfwdpkts,-0.02623702399432659,0.02623702399432659
466558,Bot,Bot,True,4,Fwd Act Data Pkts,fwdactdatapkts,-0.021027209237217903,0.021027209237217903
466558,Bot,Bot,True,5,Protocol,protocol,-0.014832353219389915,0.014832353219389915
470293,Bot,Bot,True,1,Dst Port,dstport,7.513854503631592,7.513854503631592
470293,Bot,Bot,True,2,RST Flag Cnt,rstflagcnt,0.04775337502360344,0.04775337502360344
470293,Bot,Bot,True,3,TotLen Fwd Pkts,totlenfwdpkts,-0.02623702399432659,0.02623702399432659
470293,Bot,Bot,True,4,Fwd Act Data Pkts,fwdactdatapkts,-0.021027209237217903,0.021027209237217903
470293,Bot,Bot,True,5,Protocol,protocol,-0.012845751829445362,0.012845751829445362
484737,Bot,Bot,True,1,Dst Port,dstport,7.5112810134887695,7.5112810134887695
484737,Bot,Bot,True,2,RST Flag Cnt,rstflagcnt,0.04775337502360344,0.04775337502360344
484737,Bot,Bot,True,3,TotLen Fwd Pkts,totlenfwdpkts,-0.02623702399432659,0.02623702399432659
484737,Bot,Bot,True,4,Fwd Act Data Pkts,fwdactdatapkts,-0.021027209237217903,0.021027209237217903
484737,Bot,Bot,True,5,Protocol,protocol,-0.01541810855269432,0.01541810855269432
488249,Bot,Bot,True,1,Dst Port,dstport,7.548181533813477,7.548181533813477
488249,Bot,Bot,True,2,Fwd Act Data Pkts,fwdactdatapkts,-0.018950147554278374,0.018950147554278374
488249,Bot,Bot,True,3,RST Flag Cnt,rstflagcnt,-0.016761045902967453,0.016761045902967453
488249,Bot,Bot,True,4,Protocol,protocol,-0.007401396986097097,0.007401396986097097
488249,Bot,Bot,True,5,Fwd IAT Tot,fwdiattot,0.007079511880874634,0.007079511880874634
496800,Bot,Bot,True,1,Dst Port,dstport,7.511758804321289,7.511758804321289
496800,Bot,Bot,True,2,RST Flag Cnt,rstflagcnt,0.04775337502360344,0.04775337502360344
496800,Bot,Bot,True,3,TotLen Fwd Pkts,totlenfwdpkts,-0.02623702399432659,0.02623702399432659
496800,Bot,Bot,True,4,Fwd Act Data Pkts,fwdactdatapkts,-0.02102716825902462,0.02102716825902462
496800,Bot,Bot,True,5,Protocol,protocol,-0.014939941465854645,0.014939941465854645
499022,Bot,Bot,True,1,Dst Port,dstport,7.5121073722839355,7.5121073722839355
499022,Bot,Bot,True,2,RST Flag Cnt,rstflagcnt,0.04775337502360344,0.04775337502360344
499022,Bot,Bot,True,3,TotLen Fwd Pkts,totlenfwdpkts,-0.02623702399432659,0.02623702399432659
499022,Bot,Bot,True,4,Fwd Act Data Pkts,fwdactdatapkts,-0.021027209237217903,0.021027209237217903
499022,Bot,Bot,True,5,Protocol,protocol,-0.014591421000659466,0.014591421000659466
500197,Bot,Bot,True,1,Dst Port,dstport,7.511867523193359,7.511867523193359
500197,Bot,Bot,True,2,RST Flag Cnt,rstflagcnt,0.04775337502360344,0.04775337502360344
500197,Bot,Bot,True,3,TotLen Fwd Pkts,totlenfwdpkts,-0.02623702399432659,0.02623702399432659
500197,Bot,Bot,True,4,Fwd Act Data Pkts,fwdactdatapkts,-0.021027209237217903,0.021027209237217903
500197,Bot,Bot,True,5,Protocol,protocol,-0.014832353219389915,0.014832353219389915
510651,Bot,Bot,True,1,Dst Port,dstport,7.544024467468262,7.544024467468262
510651,Bot,Bot,True,2,Fwd Act Data Pkts,fwdactdatapkts,-0.018949829041957855,0.018949829041957855
510651,Bot,Bot,True,3,RST Flag Cnt,rstflagcnt,-0.016761045902967453,0.016761045902967453
510651,Bot,Bot,True,4,Protocol,protocol,-0.01155360322445631,0.01155360322445631
510651,Bot,Bot,True,5,Tot Fwd Pkts,totfwdpkts,-0.007813524454832077,0.007813524454832077
524766,Bot,Bot,True,1,Dst Port,dstport,7.511867523193359,7.511867523193359
524766,Bot,Bot,True,2,RST Flag Cnt,rstflagcnt,0.04775337502360344,0.04775337502360344
524766,Bot,Bot,True,3,TotLen Fwd Pkts,totlenfwdpkts,-0.02623702399432659,0.02623702399432659
524766,Bot,Bot,True,4,Fwd Act Data Pkts,fwdactdatapkts,-0.021027209237217903,0.021027209237217903
524766,Bot,Bot,True,5,Protocol,protocol,-0.014832353219389915,0.014832353219389915
525284,Bot,Bot,True,1,Dst Port,dstport,7.511868000030518,7.511868000030518
525284,Bot,Bot,True,2,RST Flag Cnt,rstflagcnt,0.04775337502360344,0.04775337502360344
525284,Bot,Bot,True,3,TotLen Fwd Pkts,totlenfwdpkts,-0.02623702399432659,0.02623702399432659
525284,Bot,Bot,True,4,Fwd Act Data Pkts,fwdactdatapkts,-0.02102702297270298,0.02102702297270298
525284,Bot,Bot,True,5,Protocol,protocol,-0.014827515929937363,0.014827515929937363
528273,Bot,Bot,True,1,Dst Port,dstport,7.544024467468262,7.544024467468262
528273,Bot,Bot,True,2,Fwd Act Data Pkts,fwdactdatapkts,-0.018949829041957855,0.018949829041957855
528273,Bot,Bot,True,3,RST Flag Cnt,rstflagcnt,-0.016761045902967453,0.016761045902967453
528273,Bot,Bot,True,4,Protocol,protocol,-0.01155360322445631,0.01155360322445631
528273,Bot,Bot,True,5,Tot Fwd Pkts,totfwdpkts,-0.007813524454832077,0.007813524454832077
538116,Bot,Bot,True,1,Dst Port,dstport,7.544024467468262,7.544024467468262
538116,Bot,Bot,True,2,Fwd Act Data Pkts,fwdactdatapkts,-0.018949704244732857,0.018949704244732857
538116,Bot,Bot,True,3,RST Flag Cnt,rstflagcnt,-0.016761045902967453,0.016761045902967453
538116,Bot,Bot,True,4,Protocol,protocol,-0.011551166884601116,0.011551166884601116
538116,Bot,Bot,True,5,Tot Fwd Pkts,totfwdpkts,-0.007813524454832077,0.007813524454832077
542520,Bot,Bot,True,1,Dst Port,dstport,7.544024467468262,7.544024467468262
542520,Bot,Bot,True,2,Fwd Act Data Pkts,fwdactdatapkts,-0.018949829041957855,0.018949829041957855
542520,Bot,Bot,True,3,RST Flag Cnt,rstflagcnt,-0.016761045902967453,0.016761045902967453
542520,Bot,Bot,True,4,Protocol,protocol,-0.01155360322445631,0.01155360322445631
542520,Bot,Bot,True,5,Tot Fwd Pkts,totfwdpkts,-0.007813524454832077,0.007813524454832077
544866,Bot,Bot,True,1,Dst Port,dstport,7.544031143188477,7.544031143188477
544866,Bot,Bot,True,2,Fwd Act Data Pkts,fwdactdatapkts,-0.018949829041957855,0.018949829041957855
544866,Bot,Bot,True,3,RST Flag Cnt,rstflagcnt,-0.016761045902967453,0.016761045902967453
544866,Bot,Bot,True,4,Protocol,protocol,-0.011547005735337734,0.011547005735337734
544866,Bot,Bot,True,5,Tot Fwd Pkts,totfwdpkts,-0.007813524454832077,0.007813524454832077
545812,Bot,Bot,True,1,Dst Port,dstport,7.544024467468262,7.544024467468262
545812,Bot,Bot,True,2,Fwd Act Data Pkts,fwdactdatapkts,-0.018949829041957855,0.018949829041957855
545812,Bot,Bot,True,3,RST Flag Cnt,rstflagcnt,-0.016761045902967453,0.016761045902967453
545812,Bot,Bot,True,4,Protocol,protocol,-0.01155360322445631,0.01155360322445631
545812,Bot,Bot,True,5,Tot Fwd Pkts,totfwdpkts,-0.007813524454832077,0.007813524454832077
550240,Bot,Bot,True,1,Dst Port,dstport,7.511867523193359,7.511867523193359
550240,Bot,Bot,True,2,RST Flag Cnt,rstflagcnt,0.04775337502360344,0.04775337502360344
550240,Bot,Bot,True,3,TotLen Fwd Pkts,totlenfwdpkts,-0.02623702399432659,0.02623702399432659
550240,Bot,Bot,True,4,Fwd Act Data Pkts,fwdactdatapkts,-0.021027209237217903,0.021027209237217903
550240,Bot,Bot,True,5,Protocol,protocol,-0.014832353219389915,0.014832353219389915
560539,Bot,Bot,True,1,Dst Port,dstport,7.544024467468262,7.544024467468262
560539,Bot,Bot,True,2,Fwd Act Data Pkts,fwdactdatapkts,-0.018949829041957855,0.018949829041957855
560539,Bot,Bot,True,3,RST Flag Cnt,rstflagcnt,-0.016761045902967453,0.016761045902967453
560539,Bot,Bot,True,4,Protocol,protocol,-0.01155360322445631,0.01155360322445631
560539,Bot,Bot,True,5,Tot Fwd Pkts,totfwdpkts,-0.007813524454832077,0.007813524454832077
561240,Bot,Bot,True,1,Dst Port,dstport,7.512689113616943,7.512689113616943
561240,Bot,Bot,True,2,RST Flag Cnt,rstflagcnt,0.04775337502360344,0.04775337502360344
561240,Bot,Bot,True,3,TotLen Fwd Pkts,totlenfwdpkts,-0.02623702399432659,0.02623702399432659
561240,Bot,Bot,True,4,Fwd Act Data Pkts,fwdactdatapkts,-0.021027209237217903,0.021027209237217903
561240,Bot,Bot,True,5,Protocol,protocol,-0.014010938815772533,0.014010938815772533
590538,Bot,Bot,True,1,Dst Port,dstport,7.511868000030518,7.511868000030518
590538,Bot,Bot,True,2,RST Flag Cnt,rstflagcnt,0.04775337502360344,0.04775337502360344
590538,Bot,Bot,True,3,TotLen Fwd Pkts,totlenfwdpkts,-0.02623702399432659,0.02623702399432659
590538,Bot,Bot,True,4,Fwd Act Data Pkts,fwdactdatapkts,-0.02102702297270298,0.02102702297270298
590538,Bot,Bot,True,5,Protocol,protocol,-0.014827515929937363,0.014827515929937363
593714,Bot,Bot,True,1,Dst Port,dstport,7.544031143188477,7.544031143188477
593714,Bot,Bot,True,2,Fwd Act Data Pkts,fwdactdatapkts,-0.018949829041957855,0.018949829041957855
593714,Bot,Bot,True,3,RST Flag Cnt,rstflagcnt,-0.016761045902967453,0.016761045902967453
593714,Bot,Bot,True,4,Protocol,protocol,-0.011547005735337734,0.011547005735337734
593714,Bot,Bot,True,5,Tot Fwd Pkts,totfwdpkts,-0.007813524454832077,0.007813524454832077
626470,Bot,Bot,True,1,Dst Port,dstport,7.543874740600586,7.543874740600586
626470,Bot,Bot,True,2,Fwd Act Data Pkts,fwdactdatapkts,-0.018941335380077362,0.018941335380077362
626470,Bot,Bot,True,3,RST Flag Cnt,rstflagcnt,-0.016761045902967453,0.016761045902967453
626470,Bot,Bot,True,4,Protocol,protocol,-0.011545849032700062,0.011545849032700062
626470,Bot,Bot,True,5,Tot Fwd Pkts,totfwdpkts,-0.007813524454832077,0.007813524454832077
629865,Bot,Bot,True,1,Dst Port,dstport,7.543872833251953,7.543872833251953
629865,Bot,Bot,True,2,Fwd Act Data Pkts,fwdactdatapkts,-0.018941335380077362,0.018941335380077362
629865,Bot,Bot,True,3,RST Flag Cnt,rstflagcnt,-0.016761045902967453,0.016761045902967453
629865,Bot,Bot,True,4,Protocol,protocol,-0.011547005735337734,0.011547005735337734
629865,Bot,Bot,True,5,Tot Fwd Pkts,totfwdpkts,-0.007813524454832077,0.007813524454832077
643020,Bot,Bot,True,1,Dst Port,dstport,7.544024467468262,7.544024467468262
643020,Bot,Bot,True,2,Fwd Act Data Pkts,fwdactdatapkts,-0.018949829041957855,0.018949829041957855
643020,Bot,Bot,True,3,RST Flag Cnt,rstflagcnt,-0.016761045902967453,0.016761045902967453
643020,Bot,Bot,True,4,Protocol,protocol,-0.01155360322445631,0.01155360322445631
643020,Bot,Bot,True,5,Tot Fwd Pkts,totfwdpkts,-0.007813524454832077,0.007813524454832077
652891,Bot,Bot,True,1,Dst Port,dstport,7.513854503631592,7.513854503631592
652891,Bot,Bot,True,2,RST Flag Cnt,rstflagcnt,0.04775337502360344,0.04775337502360344
652891,Bot,Bot,True,3,TotLen Fwd Pkts,totlenfwdpkts,-0.02623702399432659,0.02623702399432659
652891,Bot,Bot,True,4,Fwd Act Data Pkts,fwdactdatapkts,-0.021027209237217903,0.021027209237217903
652891,Bot,Bot,True,5,Protocol,protocol,-0.012845751829445362,0.012845751829445362
665093,Bot,Bot,True,1,Dst Port,dstport,7.548181533813477,7.548181533813477
665093,Bot,Bot,True,2,Fwd Act Data Pkts,fwdactdatapkts,-0.018950147554278374,0.018950147554278374
665093,Bot,Bot,True,3,RST Flag Cnt,rstflagcnt,-0.016761045902967453,0.016761045902967453
665093,Bot,Bot,True,4,Protocol,protocol,-0.007401396986097097,0.007401396986097097
665093,Bot,Bot,True,5,Fwd IAT Tot,fwdiattot,0.007079511880874634,0.007079511880874634
667959,Bot,Bot,True,1,Dst Port,dstport,7.510181903839111,7.510181903839111
667959,Bot,Bot,True,2,RST Flag Cnt,rstflagcnt,0.04959260672330856,0.04959260672330856
667959,Bot,Bot,True,3,TotLen Fwd Pkts,totlenfwdpkts,-0.027922553941607475,0.027922553941607475
667959,Bot,Bot,True,4,Fwd Act Data Pkts,fwdactdatapkts,-0.02102702297270298,0.02102702297270298
667959,Bot,Bot,True,5,Protocol,protocol,-0.014827515929937363,0.014827515929937363
668300,Bot,Bot,True,1,Protocol,protocol,5.312745571136475,5.312745571136475
668300,Bot,Bot,True,2,Fwd IAT Std,fwdiatstd,1.4304466247558594,1.4304466247558594
668300,Bot,Bot,True,3,Fwd IAT Min,fwdiatmin,1.2363338470458984,1.2363338470458984
668300,Bot,Bot,True,4,Fwd IAT Max,fwdiatmax,-0.5838942527770996,0.5838942527770996
668300,Bot,Bot,True,5,Idle Mean,idlemean,0.5478970408439636,0.5478970408439636
674573,Bot,Bot,True,1,Dst Port,dstport,7.544024467468262,7.544024467468262
674573,Bot,Bot,True,2,Fwd Act Data Pkts,fwdactdatapkts,-0.018949829041957855,0.018949829041957855
674573,Bot,Bot,True,3,RST Flag Cnt,rstflagcnt,-0.016761045902967453,0.016761045902967453
674573,Bot,Bot,True,4,Protocol,protocol,-0.01155360322445631,0.01155360322445631
674573,Bot,Bot,True,5,Tot Fwd Pkts,totfwdpkts,-0.007813524454832077,0.007813524454832077
690668,Bot,Bot,True,1,Dst Port,dstport,7.512621879577637,7.512621879577637
690668,Bot,Bot,True,2,RST Flag Cnt,rstflagcnt,0.04959260672330856,0.04959260672330856
690668,Bot,Bot,True,3,TotLen Fwd Pkts,totlenfwdpkts,-0.027922553941607475,0.027922553941607475
690668,Bot,Bot,True,4,Fwd Act Data Pkts,fwdactdatapkts,-0.02102702297270298,0.02102702297270298
690668,Bot,Bot,True,5,Protocol,protocol,-0.012387992814183235,0.012387992814183235
1582,Brute Force -Web,Brute Force -Web,True,1,Init Fwd Win Byts,initfwdwinbyts,3.848939895629883,3.848939895629883
1582,Brute Force -Web,Brute Force -Web,True,2,Fwd Pkts/s,fwdpktss,2.5304088592529297,2.5304088592529297
1582,Brute Force -Web,Brute Force -Web,True,3,Dst Port,dstport,2.494337320327759,2.494337320327759
1582,Brute Force -Web,Brute Force -Web,True,4,Bwd Pkts/s,bwdpktss,1.3916536569595337,1.3916536569595337
1582,Brute Force -Web,Brute Force -Web,True,5,Fwd IAT Min,fwdiatmin,0.7752852439880371,0.7752852439880371
4054,Brute Force -Web,Brute Force -Web,True,1,Init Fwd Win Byts,initfwdwinbyts,3.9726245403289795,3.9726245403289795
4054,Brute Force -Web,Brute Force -Web,True,2,Fwd Pkts/s,fwdpktss,2.5357279777526855,2.5357279777526855
4054,Brute Force -Web,Brute Force -Web,True,3,Dst Port,dstport,2.5239250659942627,2.5239250659942627
4054,Brute Force -Web,Brute Force -Web,True,4,Bwd Pkts/s,bwdpktss,1.3986411094665527,1.3986411094665527
4054,Brute Force -Web,Brute Force -Web,True,5,Fwd IAT Min,fwdiatmin,0.7348443865776062,0.7348443865776062
12970,Brute Force -Web,SQL Injection,False,1,Init Fwd Win Byts,initfwdwinbyts,4.394041061401367,4.394041061401367
12970,Brute Force -Web,SQL Injection,False,2,Fwd Pkts/s,fwdpktss,3.9239253997802734,3.9239253997802734
12970,Brute Force -Web,SQL Injection,False,3,Dst Port,dstport,1.4913043975830078,1.4913043975830078
12970,Brute Force -Web,SQL Injection,False,4,Flow IAT Min,flowiatmin,1.3230302333831787,1.3230302333831787
12970,Brute Force -Web,SQL Injection,False,5,Fwd Pkt Len Std,fwdpktlenstd,0.23637907207012177,0.23637907207012177
20922,Brute Force -Web,Brute Force -Web,True,1,Fwd Pkt Len Std,fwdpktlenstd,3.9602766036987305,3.9602766036987305
20922,Brute Force -Web,Brute Force -Web,True,2,Dst Port,dstport,2.2254791259765625,2.2254791259765625
20922,Brute Force -Web,Brute Force -Web,True,3,Pkt Len Mean,pktlenmean,2.2119297981262207,2.2119297981262207
20922,Brute Force -Web,Brute Force -Web,True,4,Bwd Pkts/s,bwdpktss,1.3841081857681274,1.3841081857681274
20922,Brute Force -Web,Brute Force -Web,True,5,TotLen Fwd Pkts,totlenfwdpkts,0.8680413365364075,0.8680413365364075
26662,Brute Force -Web,Brute Force -Web,True,1,Fwd Pkt Len Std,fwdpktlenstd,3.959857225418091,3.959857225418091
26662,Brute Force -Web,Brute Force -Web,True,2,Dst Port,dstport,2.224027633666992,2.224027633666992
26662,Brute Force -Web,Brute Force -Web,True,3,Pkt Len Mean,pktlenmean,2.2119297981262207,2.2119297981262207
26662,Brute Force -Web,Brute Force -Web,True,4,Bwd Pkts/s,bwdpktss,1.3951125144958496,1.3951125144958496
26662,Brute Force -Web,Brute Force -Web,True,5,TotLen Fwd Pkts,totlenfwdpkts,0.8680413365364075,0.8680413365364075
29535,Brute Force -Web,Brute Force -Web,True,1,Fwd Pkt Len Mean,fwdpktlenmean,5.567584991455078,5.567584991455078
29535,Brute Force -Web,Brute Force -Web,True,2,Fwd Pkt Len Max,fwdpktlenmax,3.0081405639648438,3.0081405639648438
29535,Brute Force -Web,Brute Force -Web,True,3,Dst Port,dstport,2.19478702545166,2.19478702545166
29535,Brute Force -Web,Brute Force -Web,True,4,Bwd Pkts/s,bwdpktss,1.017640233039856,1.017640233039856
29535,Brute Force -Web,Brute Force -Web,True,5,Fwd Pkt Len Std,fwdpktlenstd,0.8983500003814697,0.8983500003814697
42573,Brute Force -Web,Brute Force -Web,True,1,Init Fwd Win Byts,initfwdwinbyts,2.777439832687378,2.777439832687378
42573,Brute Force -Web,Brute Force -Web,True,2,Dst Port,dstport,2.7614588737487793,2.7614588737487793
42573,Brute Force -Web,Brute Force -Web,True,3,Bwd Pkts/s,bwdpktss,1.9491387605667114,1.9491387605667114
42573,Brute Force -Web,Brute Force -Web,True,4,Fwd IAT Min,fwdiatmin,1.426659345626831,1.426659345626831
42573,Brute Force -Web,Brute Force -Web,True,5,Flow Byts/s,flowbytss,0.6647727489471436,0.6647727489471436
49728,Brute Force -Web,Brute Force -Web,True,1,Fwd Pkt Len Mean,fwdpktlenmean,5.567584991455078,5.567584991455078
49728,Brute Force -Web,Brute Force -Web,True,2,Fwd Pkt Len Max,fwdpktlenmax,3.0081405639648438,3.0081405639648438
49728,Brute Force -Web,Brute Force -Web,True,3,Dst Port,dstport,2.1932802200317383,2.1932802200317383
49728,Brute Force -Web,Brute Force -Web,True,4,Bwd Pkts/s,bwdpktss,1.0173614025115967,1.0173614025115967
49728,Brute Force -Web,Brute Force -Web,True,5,Fwd Pkt Len Std,fwdpktlenstd,0.9060584306716919,0.9060584306716919
63181,Brute Force -Web,Benign,False,1,Dst Port,dstport,0.3913327753543854,0.3913327753543854
63181,Brute Force -Web,Benign,False,2,Bwd Pkt Len Mean,bwdpktlenmean,-0.3182430863380432,0.3182430863380432
63181,Brute Force -Web,Benign,False,3,Pkt Len Mean,pktlenmean,0.2994462847709656,0.2994462847709656
63181,Brute Force -Web,Benign,False,4,Fwd IAT Std,fwdiatstd,0.2275945097208023,0.2275945097208023
63181,Brute Force -Web,Benign,False,5,Fwd Pkt Len Mean,fwdpktlenmean,-0.22116592526435852,0.22116592526435852
63228,Brute Force -Web,Brute Force -Web,True,1,Init Fwd Win Byts,initfwdwinbyts,4.679093360900879,4.679093360900879
63228,Brute Force -Web,Brute Force -Web,True,2,Fwd Pkts/s,fwdpktss,2.7323243618011475,2.7323243618011475
63228,Brute Force -Web,Brute Force -Web,True,3,Dst Port,dstport,2.5767908096313477,2.5767908096313477
63228,Brute Force -Web,Brute Force -Web,True,4,Bwd Pkts/s,bwdpktss,1.4760327339172363,1.4760327339172363
63228,Brute Force -Web,Brute Force -Web,True,5,Fwd IAT Min,fwdiatmin,0.9525523781776428,0.9525523781776428
68427,Brute Force -Web,Brute Force -Web,True,1,Init Fwd Win Byts,initfwdwinbyts,3.981250286102295,3.981250286102295
68427,Brute Force -Web,Brute Force -Web,True,2,Fwd Pkts/s,fwdpktss,2.529681444168091,2.529681444168091
68427,Brute Force -Web,Brute Force -Web,True,3,Dst Port,dstport,2.5153756141662598,2.5153756141662598
68427,Brute Force -Web,Brute Force -Web,True,4,Bwd Pkts/s,bwdpktss,1.39182448387146,1.39182448387146
68427,Brute Force -Web,Brute Force -Web,True,5,Fwd IAT Min,fwdiatmin,0.8565089106559753,0.8565089106559753
81969,Brute Force -Web,Benign,False,1,Fwd Pkt Len Max,fwdpktlenmax,0.5849336981773376,0.5849336981773376
81969,Brute Force -Web,Benign,False,2,Fwd IAT Std,fwdiatstd,0.43201568722724915,0.43201568722724915
81969,Brute Force -Web,Benign,False,3,RST Flag Cnt,rstflagcnt,-0.42677193880081177,0.42677193880081177
81969,Brute Force -Web,Benign,False,4,ECE Flag Cnt,eceflagcnt,-0.41088438034057617,0.41088438034057617
81969,Brute Force -Web,Benign,False,5,Init Fwd Win Byts,initfwdwinbyts,0.2549007534980774,0.2549007534980774
86164,Brute Force -Web,Brute Force -Web,True,1,Init Fwd Win Byts,initfwdwinbyts,4.679093360900879,4.679093360900879
86164,Brute Force -Web,Brute Force -Web,True,2,Fwd Pkts/s,fwdpktss,2.7323243618011475,2.7323243618011475
86164,Brute Force -Web,Brute Force -Web,True,3,Dst Port,dstport,2.5767908096313477,2.5767908096313477
86164,Brute Force -Web,Brute Force -Web,True,4,Bwd Pkts/s,bwdpktss,1.4760327339172363,1.4760327339172363
86164,Brute Force -Web,Brute Force -Web,True,5,Fwd IAT Min,fwdiatmin,0.9525523781776428,0.9525523781776428
88816,Brute Force -Web,Brute Force -Web,True,1,Fwd Pkt Len Mean,fwdpktlenmean,5.567884922027588,5.567884922027588
88816,Brute Force -Web,Brute Force -Web,True,2,Fwd Pkt Len Max,fwdpktlenmax,2.989682674407959,2.989682674407959
88816,Brute Force -Web,Brute Force -Web,True,3,Dst Port,dstport,2.192509174346924,2.192509174346924
88816,Brute Force -Web,Brute Force -Web,True,4,Bwd Pkts/s,bwdpktss,1.016580581665039,1.016580581665039
88816,Brute Force -Web,Brute Force -Web,True,5,Fwd Pkt Len Std,fwdpktlenstd,0.9060584306716919,0.9060584306716919
92264,Brute Force -Web,Brute Force -Web,True,1,Init Fwd Win Byts,initfwdwinbyts,4.210192680358887,4.210192680358887
92264,Brute Force -Web,Brute Force -Web,True,2,Dst Port,dstport,2.902665615081787,2.902665615081787
92264,Brute Force -Web,Brute Force -Web,True,3,Fwd Pkts/s,fwdpktss,2.4744985103607178,2.4744985103607178
92264,Brute Force -Web,Brute Force -Web,True,4,Bwd Pkts/s,bwdpktss,1.4829143285751343,1.4829143285751343
92264,Brute Force -Web,Brute Force -Web,True,5,Flow IAT Min,flowiatmin,1.0274068117141724,1.0274068117141724
106461,Brute Force -Web,Benign,False,1,Dst Port,dstport,0.3913327753543854,0.3913327753543854
106461,Brute Force -Web,Benign,False,2,Bwd Pkt Len Mean,bwdpktlenmean,-0.31824254989624023,0.31824254989624023
106461,Brute Force -Web,Benign,False,3,Pkt Len Mean,pktlenmean,0.2994462847709656,0.2994462847709656
106461,Brute Force -Web,Benign,False,4,Fwd IAT Std,fwdiatstd,0.22760143876075745,0.22760143876075745
106461,Brute Force -Web,Benign,False,5,Fwd Pkt Len Mean,fwdpktlenmean,-0.22116592526435852,0.22116592526435852
147870,Brute Force -Web,Brute Force -Web,True,1,Fwd Pkt Len Mean,fwdpktlenmean,5.567884922027588,5.567884922027588
147870,Brute Force -Web,Brute Force -Web,True,2,Fwd Pkt Len Max,fwdpktlenmax,3.0081405639648438,3.0081405639648438
147870,Brute Force -Web,Brute Force -Web,True,3,Dst Port,dstport,2.1932802200317383,2.1932802200317383
147870,Brute Force -Web,Brute Force -Web,True,4,Bwd Pkts/s,bwdpktss,1.0229122638702393,1.0229122638702393
147870,Brute Force -Web,Brute Force -Web,True,5,Fwd Pkt Len Std,fwdpktlenstd,0.9060584306716919,0.9060584306716919
149080,Brute Force -Web,Brute Force -Web,True,1,Init Fwd Win Byts,initfwdwinbyts,4.752796173095703,4.752796173095703
149080,Brute Force -Web,Brute Force -Web,True,2,Fwd Pkts/s,fwdpktss,2.7323527336120605,2.7323527336120605
149080,Brute Force -Web,Brute Force -Web,True,3,Dst Port,dstport,2.573488235473633,2.573488235473633
149080,Brute Force -Web,Brute Force -Web,True,4,Bwd Pkts/s,bwdpktss,1.47696852684021,1.47696852684021
149080,Brute Force -Web,Brute Force -Web,True,5,Fwd IAT Min,fwdiatmin,0.9500985741615295,0.9500985741615295
149794,Brute Force -Web,Brute Force -Web,True,1,Fwd Pkt Len Mean,fwdpktlenmean,5.567584991455078,5.567584991455078
149794,Brute Force -Web,Brute Force -Web,True,2,Fwd Pkt Len Max,fwdpktlenmax,3.0081405639648438,3.0081405639648438
149794,Brute Force -Web,Brute Force -Web,True,3,Dst Port,dstport,2.195002555847168,2.195002555847168
149794,Brute Force -Web,Brute Force -Web,True,4,Bwd Pkts/s,bwdpktss,1.0176652669906616,1.0176652669906616
149794,Brute Force -Web,Brute Force -Web,True,5,Fwd Pkt Len Std,fwdpktlenstd,0.8983500003814697,0.8983500003814697
182417,Brute Force -Web,Brute Force -Web,True,1,Init Fwd Win Byts,initfwdwinbyts,2.777439832687378,2.777439832687378
182417,Brute Force -Web,Brute Force -Web,True,2,Dst Port,dstport,2.7614588737487793,2.7614588737487793
182417,Brute Force -Web,Brute Force -Web,True,3,Bwd Pkts/s,bwdpktss,1.9491387605667114,1.9491387605667114
182417,Brute Force -Web,Brute Force -Web,True,4,Fwd IAT Min,fwdiatmin,1.426659345626831,1.426659345626831
182417,Brute Force -Web,Brute Force -Web,True,5,Flow Byts/s,flowbytss,0.6647727489471436,0.6647727489471436
201841,Brute Force -Web,Brute Force -Web,True,1,Init Fwd Win Byts,initfwdwinbyts,4.275967597961426,4.275967597961426
201841,Brute Force -Web,Brute Force -Web,True,2,Fwd Pkts/s,fwdpktss,2.7270052433013916,2.7270052433013916
201841,Brute Force -Web,Brute Force -Web,True,3,Dst Port,dstport,2.368525266647339,2.368525266647339
201841,Brute Force -Web,Brute Force -Web,True,4,Bwd Pkts/s,bwdpktss,1.373478889465332,1.373478889465332
201841,Brute Force -Web,Brute Force -Web,True,5,Fwd IAT Min,fwdiatmin,0.8669263124465942,0.8669263124465942
211898,Brute Force -Web,Brute Force -Web,True,1,Fwd Pkt Len Std,fwdpktlenstd,3.935147762298584,3.935147762298584
211898,Brute Force -Web,Brute Force -Web,True,2,Pkt Len Mean,pktlenmean,2.2119297981262207,2.2119297981262207
211898,Brute Force -Web,Brute Force -Web,True,3,Dst Port,dstport,2.202241897583008,2.202241897583008
211898,Brute Force -Web,Brute Force -Web,True,4,Bwd Pkts/s,bwdpktss,1.3414684534072876,1.3414684534072876
211898,Brute Force -Web,Brute Force -Web,True,5,TotLen Fwd Pkts,totlenfwdpkts,0.8890991806983948,0.8890991806983948
225404,Brute Force -Web,Benign,False,1,Flow Duration,flowduration,0.9743526577949524,0.9743526577949524
225404,Brute Force -Web,Benign,False,2,Fwd Pkt Len Max,fwdpktlenmax,-0.7710253596305847,0.7710253596305847
225404,Brute Force -Web,Benign,False,3,Dst Port,dstport,0.6285951137542725,0.6285951137542725
225404,Brute Force -Web,Benign,False,4,Fwd Pkt Len Mean,fwdpktlenmean,0.5857716202735901,0.5857716202735901
225404,Brute Force -Web,Benign,False,5,Init Fwd Win Byts,initfwdwinbyts,0.26997825503349304,0.26997825503349304
235209,Brute Force -Web,Benign,False,1,Dst Port,dstport,0.3913327753543854,0.3913327753543854
235209,Brute Force -Web,Benign,False,2,Pkt Len Mean,pktlenmean,0.31793129444122314,0.31793129444122314
235209,Brute Force -Web,Benign,False,3,Bwd Pkt Len Mean,bwdpktlenmean,-0.29540351033210754,0.29540351033210754
235209,Brute Force -Web,Benign,False,4,Fwd IAT Std,fwdiatstd,0.2301114797592163,0.2301114797592163
235209,Brute Force -Web,Benign,False,5,Flow Duration,flowduration,0.22088894248008728,0.22088894248008728
243512,Brute Force -Web,Brute Force -Web,True,1,Fwd Pkt Len Mean,fwdpktlenmean,5.567584991455078,5.567584991455078
243512,Brute Force -Web,Brute Force -Web,True,2,Fwd Pkt Len Max,fwdpktlenmax,3.0081405639648438,3.0081405639648438
243512,Brute Force -Web,Brute Force -Web,True,3,Dst Port,dstport,2.1932802200317383,2.1932802200317383
243512,Brute Force -Web,Brute Force -Web,True,4,Bwd Pkts/s,bwdpktss,1.0173614025115967,1.0173614025115967
243512,Brute Force -Web,Brute Force -Web,True,5,Fwd Pkt Len Std,fwdpktlenstd,0.9060584306716919,0.9060584306716919
244749,Brute Force -Web,Brute Force -Web,True,1,Fwd Pkt Len Std,fwdpktlenstd,3.9602766036987305,3.9602766036987305
244749,Brute Force -Web,Brute Force -Web,True,2,Pkt Len Mean,pktlenmean,2.2119297981262207,2.2119297981262207
244749,Brute Force -Web,Brute Force -Web,True,3,Dst Port,dstport,2.192575693130493,2.192575693130493
244749,Brute Force -Web,Brute Force -Web,True,4,Bwd Pkts/s,bwdpktss,1.3544667959213257,1.3544667959213257
244749,Brute Force -Web,Brute Force -Web,True,5,TotLen Fwd Pkts,totlenfwdpkts,0.8680413365364075,0.8680413365364075
245086,Brute Force -Web,Benign,False,1,Flow Duration,flowduration,0.9780070185661316,0.9780070185661316
245086,Brute Force -Web,Benign,False,2,Fwd Pkt Len Max,fwdpktlenmax,-0.7689582109451294,0.7689582109451294
245086,Brute Force -Web,Benign,False,3,Dst Port,dstport,0.6299962997436523,0.6299962997436523
245086,Brute Force -Web,Benign,False,4,Fwd Pkt Len Mean,fwdpktlenmean,0.5857716202735901,0.5857716202735901
245086,Brute Force -Web,Benign,False,5,Init Fwd Win Byts,initfwdwinbyts,0.26997825503349304,0.26997825503349304
246629,Brute Force -Web,Brute Force -Web,True,1,Fwd Pkt Len Std,fwdpktlenstd,3.959920883178711,3.959920883178711
246629,Brute Force -Web,Brute Force -Web,True,2,Dst Port,dstport,2.2254791259765625,2.2254791259765625
246629,Brute Force -Web,Brute Force -Web,True,3,Pkt Len Mean,pktlenmean,2.2119297981262207,2.2119297981262207
246629,Brute Force -Web,Brute Force -Web,True,4,Bwd Pkts/s,bwdpktss,1.3841081857681274,1.3841081857681274
246629,Brute Force -Web,Brute Force -Web,True,5,TotLen Fwd Pkts,totlenfwdpkts,0.8680413365364075,0.8680413365364075
247717,Brute Force -Web,Brute Force -Web,True,1,Fwd Pkt Len Mean,fwdpktlenmean,5.567584991455078,5.567584991455078
247717,Brute Force -Web,Brute Force -Web,True,2,Fwd Pkt Len Max,fwdpktlenmax,3.0081405639648438,3.0081405639648438
247717,Brute Force -Web,Brute Force -Web,True,3,Dst Port,dstport,2.1932802200317383,2.1932802200317383
247717,Brute Force -Web,Brute Force -Web,True,4,Bwd Pkts/s,bwdpktss,1.0173614025115967,1.0173614025115967
247717,Brute Force -Web,Brute Force -Web,True,5,Fwd Pkt Len Std,fwdpktlenstd,0.9060584306716919,0.9060584306716919
250642,Brute Force -Web,Brute Force -Web,True,1,Fwd Pkt Len Std,fwdpktlenstd,3.959857225418091,3.959857225418091
250642,Brute Force -Web,Brute Force -Web,True,2,Pkt Len Mean,pktlenmean,2.2119297981262207,2.2119297981262207
250642,Brute Force -Web,Brute Force -Web,True,3,Dst Port,dstport,2.1913399696350098,2.1913399696350098
250642,Brute Force -Web,Brute Force -Web,True,4,Bwd Pkts/s,bwdpktss,1.365496039390564,1.365496039390564
250642,Brute Force -Web,Brute Force -Web,True,5,TotLen Fwd Pkts,totlenfwdpkts,0.8680413365364075,0.8680413365364075
252676,Brute Force -Web,Brute Force -Web,True,1,Fwd Pkt Len Std,fwdpktlenstd,3.935922622680664,3.935922622680664
252676,Brute Force -Web,Brute Force -Web,True,2,Pkt Len Mean,pktlenmean,2.2119297981262207,2.2119297981262207
252676,Brute Force -Web,Brute Force -Web,True,3,Dst Port,dstport,2.2011101245880127,2.2011101245880127
252676,Brute Force -Web,Brute Force -Web,True,4,Bwd Pkts/s,bwdpktss,1.3374124765396118,1.3374124765396118
252676,Brute Force -Web,Brute Force -Web,True,5,TotLen Fwd Pkts,totlenfwdpkts,0.8950551748275757,0.8950551748275757
253046,Brute Force -Web,Brute Force -Web,True,1,Fwd Pkt Len Mean,fwdpktlenmean,5.567884922027588,5.567884922027588
253046,Brute Force -Web,Brute Force -Web,True,2,Fwd Pkt Len Max,fwdpktlenmax,3.0081405639648438,3.0081405639648438
253046,Brute Force -Web,Brute Force -Web,True,3,Dst Port,dstport,2.1932802200317383,2.1932802200317383
253046,Brute Force -Web,Brute Force -Web,True,4,Bwd Pkts/s,bwdpktss,1.0176610946655273,1.0176610946655273
253046,Brute Force -Web,Brute Force -Web,True,5,Fwd Pkt Len Std,fwdpktlenstd,0.9060584306716919,0.9060584306716919
254715,Brute Force -Web,Brute Force -Web,True,1,Init Fwd Win Byts,initfwdwinbyts,4.744129180908203,4.744129180908203
254715,Brute Force -Web,Brute Force -Web,True,2,Fwd Pkts/s,fwdpktss,2.733018636703491,2.733018636703491
254715,Brute Force -Web,Brute Force -Web,True,3,Dst Port,dstport,2.5749528408050537,2.5749528408050537
254715,Brute Force -Web,Brute Force -Web,True,4,Bwd Pkts/s,bwdpktss,1.4771145582199097,1.4771145582199097
254715,Brute Force -Web,Brute Force -Web,True,5,Fwd IAT Min,fwdiatmin,0.9505159258842468,0.9505159258842468
262898,Brute Force -Web,Brute Force -Web,True,1,Fwd Pkt Len Mean,fwdpktlenmean,5.567584991455078,5.567584991455078
262898,Brute Force -Web,Brute Force -Web,True,2,Fwd Pkt Len Max,fwdpktlenmax,3.0081405639648438,3.0081405639648438
262898,Brute Force -Web,Brute Force -Web,True,3,Dst Port,dstport,2.1932802200317383,2.1932802200317383
262898,Brute Force -Web,Brute Force -Web,True,4,Bwd Pkts/s,bwdpktss,1.0173614025115967,1.0173614025115967
262898,Brute Force -Web,Brute Force -Web,True,5,Fwd Pkt Len Std,fwdpktlenstd,0.9060584306716919,0.9060584306716919
292102,Brute Force -Web,Benign,False,1,Dst Port,dstport,0.3913327753543854,0.3913327753543854
292102,Brute Force -Web,Benign,False,2,Bwd Pkt Len Mean,bwdpktlenmean,-0.31824254989624023,0.31824254989624023
292102,Brute Force -Web,Benign,False,3,Pkt Len Mean,pktlenmean,0.2994462847709656,0.2994462847709656
292102,Brute Force -Web,Benign,False,4,Fwd IAT Std,fwdiatstd,0.22760143876075745,0.22760143876075745
292102,Brute Force -Web,Benign,False,5,Fwd Pkt Len Mean,fwdpktlenmean,-0.22116592526435852,0.22116592526435852
297866,Brute Force -Web,Brute Force -Web,True,1,Fwd Pkt Len Std,fwdpktlenstd,3.9602766036987305,3.9602766036987305
297866,Brute Force -Web,Brute Force -Web,True,2,Dst Port,dstport,2.2254791259765625,2.2254791259765625
297866,Brute Force -Web,Brute Force -Web,True,3,Pkt Len Mean,pktlenmean,2.2119297981262207,2.2119297981262207
297866,Brute Force -Web,Brute Force -Web,True,4,Bwd Pkts/s,bwdpktss,1.3841081857681274,1.3841081857681274
297866,Brute Force -Web,Brute Force -Web,True,5,TotLen Fwd Pkts,totlenfwdpkts,0.8680413365364075,0.8680413365364075
302291,Brute Force -Web,Brute Force -Web,True,1,Fwd Pkt Len Std,fwdpktlenstd,3.9355032444000244,3.9355032444000244
302291,Brute Force -Web,Brute Force -Web,True,2,Dst Port,dstport,2.234607458114624,2.234607458114624
302291,Brute Force -Web,Brute Force -Web,True,3,Pkt Len Mean,pktlenmean,2.2119297981262207,2.2119297981262207
302291,Brute Force -Web,Brute Force -Web,True,4,Bwd Pkts/s,bwdpktss,1.3769813776016235,1.3769813776016235
302291,Brute Force -Web,Brute Force -Web,True,5,TotLen Fwd Pkts,totlenfwdpkts,0.8950551748275757,0.8950551748275757
307982,Brute Force -Web,Brute Force -Web,True,1,Fwd Pkt Len Std,fwdpktlenstd,3.959857225418091,3.959857225418091
307982,Brute Force -Web,Brute Force -Web,True,2,Pkt Len Mean,pktlenmean,2.2119297981262207,2.2119297981262207
307982,Brute Force -Web,Brute Force -Web,True,3,Dst Port,dstport,2.1913399696350098,2.1913399696350098
307982,Brute Force -Web,Brute Force -Web,True,4,Bwd Pkts/s,bwdpktss,1.365496039390564,1.365496039390564
307982,Brute Force -Web,Brute Force -Web,True,5,TotLen Fwd Pkts,totlenfwdpkts,0.8680413365364075,0.8680413365364075
315063,Brute Force -Web,Brute Force -Web,True,1,Fwd Pkt Len Mean,fwdpktlenmean,5.567584991455078,5.567584991455078
315063,Brute Force -Web,Brute Force -Web,True,2,Fwd Pkt Len Max,fwdpktlenmax,2.989682674407959,2.989682674407959
315063,Brute Force -Web,Brute Force -Web,True,3,Dst Port,dstport,2.192509174346924,2.192509174346924
315063,Brute Force -Web,Brute Force -Web,True,4,Bwd Pkts/s,bwdpktss,1.0162808895111084,1.0162808895111084
315063,Brute Force -Web,Brute Force -Web,True,5,Fwd Pkt Len Std,fwdpktlenstd,0.9060584306716919,0.9060584306716919
315736,Brute Force -Web,Benign,False,1,Dst Port,dstport,0.3913327753543854,0.3913327753543854
315736,Brute Force -Web,Benign,False,2,Bwd Pkt Len Mean,bwdpktlenmean,-0.3182430863380432,0.3182430863380432
315736,Brute Force -Web,Benign,False,3,Pkt Len Mean,pktlenmean,0.2994462847709656,0.2994462847709656
315736,Brute Force -Web,Benign,False,4,Fwd IAT Std,fwdiatstd,0.2275945097208023,0.2275945097208023
315736,Brute Force -Web,Benign,False,5,Fwd Pkt Len Mean,fwdpktlenmean,-0.22116592526435852,0.22116592526435852
318492,Brute Force -Web,Brute Force -Web,True,1,Fwd Pkt Len Mean,fwdpktlenmean,5.5663862228393555,5.5663862228393555
318492,Brute Force -Web,Brute Force -Web,True,2,Fwd Pkt Len Max,fwdpktlenmax,3.00325345993042,3.00325345993042
318492,Brute Force -Web,Brute Force -Web,True,3,Dst Port,dstport,2.199286699295044,2.199286699295044
318492,Brute Force -Web,Brute Force -Web,True,4,Bwd Pkts/s,bwdpktss,1.1975431442260742,1.1975431442260742
318492,Brute Force -Web,Brute Force -Web,True,5,Fwd Pkt Len Std,fwdpktlenstd,0.9417726397514343,0.9417726397514343
322974,Brute Force -Web,Benign,False,1,Flow Duration,flowduration,0.9743526577949524,0.9743526577949524
322974,Brute Force -Web,Benign,False,2,Fwd Pkt Len Max,fwdpktlenmax,-0.7710253596305847,0.7710253596305847
322974,Brute Force -Web,Benign,False,3,Dst Port,dstport,0.6285951137542725,0.6285951137542725
322974,Brute Force -Web,Benign,False,4,Fwd Pkt Len Mean,fwdpktlenmean,0.5857716202735901,0.5857716202735901
322974,Brute Force -Web,Benign,False,5,Init Fwd Win Byts,initfwdwinbyts,0.26997825503349304,0.26997825503349304
332620,Brute Force -Web,Benign,False,1,Fwd IAT Std,fwdiatstd,1.0583655834197998,1.0583655834197998
332620,Brute Force -Web,Benign,False,2,Fwd Pkt Len Max,fwdpktlenmax,-0.8151662349700928,0.8151662349700928
332620,Brute Force -Web,Benign,False,3,Fwd Pkt Len Mean,fwdpktlenmean,0.5708416700363159,0.5708416700363159
332620,Brute Force -Web,Benign,False,4,ECE Flag Cnt,eceflagcnt,-0.2957735061645508,0.2957735061645508
332620,Brute Force -Web,Benign,False,5,RST Flag Cnt,rstflagcnt,-0.2868897616863251,0.2868897616863251
335757,Brute Force -Web,Benign,False,1,Dst Port,dstport,0.3913327753543854,0.3913327753543854
335757,Brute Force -Web,Benign,False,2,Bwd Pkt Len Mean,bwdpktlenmean,-0.3091296851634979,0.3091296851634979
335757,Brute Force -Web,Benign,False,3,Pkt Len Mean,pktlenmean,0.30262184143066406,0.30262184143066406
335757,Brute Force -Web,Benign,False,4,Fwd IAT Std,fwdiatstd,0.22760143876075745,0.22760143876075745
335757,Brute Force -Web,Benign,False,5,Flow Duration,flowduration,0.22088894248008728,0.22088894248008728
339667,Brute Force -Web,Brute Force -Web,True,1,Init Fwd Win Byts,initfwdwinbyts,3.981250286102295,3.981250286102295
339667,Brute Force -Web,Brute Force -Web,True,2,Fwd Pkts/s,fwdpktss,2.529681444168091,2.529681444168091
339667,Brute Force -Web,Brute Force -Web,True,3,Dst Port,dstport,2.5153756141662598,2.5153756141662598
339667,Brute Force -Web,Brute Force -Web,True,4,Bwd Pkts/s,bwdpktss,1.39182448387146,1.39182448387146
339667,Brute Force -Web,Brute Force -Web,True,5,Fwd IAT Min,fwdiatmin,0.8565089106559753,0.8565089106559753
349906,Brute Force -Web,Brute Force -Web,True,1,Fwd Pkt Len Mean,fwdpktlenmean,5.567584991455078,5.567584991455078
349906,Brute Force -Web,Brute Force -Web,True,2,Fwd Pkt Len Max,fwdpktlenmax,3.0081405639648438,3.0081405639648438
349906,Brute Force -Web,Brute Force -Web,True,3,Dst Port,dstport,2.1932802200317383,2.1932802200317383
349906,Brute Force -Web,Brute Force -Web,True,4,Bwd Pkts/s,bwdpktss,1.0173614025115967,1.0173614025115967
349906,Brute Force -Web,Brute Force -Web,True,5,Fwd Pkt Len Std,fwdpktlenstd,0.9060584306716919,0.9060584306716919
351886,Brute Force -Web,Benign,False,1,Fwd Pkt Len Max,fwdpktlenmax,0.4017069935798645,0.4017069935798645
351886,Brute Force -Web,Benign,False,2,Dst Port,dstport,0.3716810345649719,0.3716810345649719
351886,Brute Force -Web,Benign,False,3,Fwd IAT Std,fwdiatstd,0.22671480476856232,0.22671480476856232
351886,Brute Force -Web,Benign,False,4,RST Flag Cnt,rstflagcnt,0.16664978861808777,0.16664978861808777
351886,Brute Force -Web,Benign,False,5,Bwd Pkt Len Std,bwdpktlenstd,0.14040914177894592,0.14040914177894592
360489,Brute Force -Web,Benign,False,1,Fwd Pkt Len Max,fwdpktlenmax,0.5462799668312073,0.5462799668312073
360489,Brute Force -Web,Benign,False,2,Fwd IAT Tot,fwdiattot,0.4247589409351349,0.4247589409351349
360489,Brute Force -Web,Benign,False,3,Init Fwd Win Byts,initfwdwinbyts,0.2354855239391327,0.2354855239391327
360489,Brute Force -Web,Benign,False,4,RST Flag Cnt,rstflagcnt,0.10135972499847412,0.10135972499847412
360489,Brute Force -Web,Benign,False,5,Fwd Seg Size Min,fwdsegsizemin,0.09425952285528183,0.09425952285528183
365833,Brute Force -Web,Brute Force -Web,True,1,Init Fwd Win Byts,initfwdwinbyts,3.850583553314209,3.850583553314209
365833,Brute Force -Web,Brute Force -Web,True,2,Fwd Pkts/s,fwdpktss,2.5304088592529297,2.5304088592529297
365833,Brute Force -Web,Brute Force -Web,True,3,Dst Port,dstport,2.4861841201782227,2.4861841201782227
365833,Brute Force -Web,Brute Force -Web,True,4,Bwd Pkts/s,bwdpktss,1.3897920846939087,1.3897920846939087
365833,Brute Force -Web,Brute Force -Web,True,5,Fwd IAT Min,fwdiatmin,0.7765122056007385,0.7765122056007385
366290,Brute Force -Web,Brute Force -Web,True,1,Init Fwd Win Byts,initfwdwinbyts,4.718434810638428,4.718434810638428
366290,Brute Force -Web,Brute Force -Web,True,2,Fwd Pkts/s,fwdpktss,2.7323243618011475,2.7323243618011475
366290,Brute Force -Web,Brute Force -Web,True,3,Dst Port,dstport,2.5244476795196533,2.5244476795196533
366290,Brute Force -Web,Brute Force -Web,True,4,Bwd Pkts/s,bwdpktss,1.4320331811904907,1.4320331811904907
366290,Brute Force -Web,Brute Force -Web,True,5,Fwd IAT Min,fwdiatmin,0.865929365158081,0.865929365158081
371708,Brute Force -Web,Benign,False,1,Flow Duration,flowduration,0.9744428396224976,0.9744428396224976
371708,Brute Force -Web,Benign,False,2,Fwd Pkt Len Max,fwdpktlenmax,-0.7709819674491882,0.7709819674491882
371708,Brute Force -Web,Benign,False,3,Dst Port,dstport,0.6286311745643616,0.6286311745643616
371708,Brute Force -Web,Benign,False,4,Fwd Pkt Len Mean,fwdpktlenmean,0.5857716202735901,0.5857716202735901
371708,Brute Force -Web,Benign,False,5,Init Fwd Win Byts,initfwdwinbyts,0.2699878513813019,0.2699878513813019
383599,Brute Force -Web,Brute Force -Web,True,1,Fwd Pkt Len Mean,fwdpktlenmean,5.567884922027588,5.567884922027588
383599,Brute Force -Web,Brute Force -Web,True,2,Fwd Pkt Len Max,fwdpktlenmax,3.0081405639648438,3.0081405639648438
383599,Brute Force -Web,Brute Force -Web,True,3,Dst Port,dstport,2.19478702545166,2.19478702545166
383599,Brute Force -Web,Brute Force -Web,True,4,Bwd Pkts/s,bwdpktss,1.0231910943984985,1.0231910943984985
383599,Brute Force -Web,Brute Force -Web,True,5,Fwd Pkt Len Std,fwdpktlenstd,0.8991857767105103,0.8991857767105103
385336,Brute Force -Web,Brute Force -Web,True,1,Fwd Pkt Len Mean,fwdpktlenmean,5.567584991455078,5.567584991455078
385336,Brute Force -Web,Brute Force -Web,True,2,Fwd Pkt Len Max,fwdpktlenmax,2.989682674407959,2.989682674407959
385336,Brute Force -Web,Brute Force -Web,True,3,Dst Port,dstport,2.192509174346924,2.192509174346924
385336,Brute Force -Web,Brute Force -Web,True,4,Bwd Pkts/s,bwdpktss,1.0162808895111084,1.0162808895111084
385336,Brute Force -Web,Brute Force -Web,True,5,Fwd Pkt Len Std,fwdpktlenstd,0.9060584306716919,0.9060584306716919
387556,Brute Force -Web,Brute Force -Web,True,1,Init Fwd Win Byts,initfwdwinbyts,3.1440954208374023,3.1440954208374023
387556,Brute Force -Web,Brute Force -Web,True,2,Dst Port,dstport,2.2133359909057617,2.2133359909057617
387556,Brute Force -Web,Brute Force -Web,True,3,Bwd Pkts/s,bwdpktss,1.4577794075012207,1.4577794075012207
387556,Brute Force -Web,Brute Force -Web,True,4,Flow Pkts/s,flowpktss,0.6776584386825562,0.6776584386825562
387556,Brute Force -Web,Brute Force -Web,True,5,Flow Byts/s,flowbytss,0.6036883592605591,0.6036883592605591
392548,Brute Force -Web,Brute Force -Web,True,1,Init Fwd Win Byts,initfwdwinbyts,4.752796173095703,4.752796173095703
392548,Brute Force -Web,Brute Force -Web,True,2,Fwd Pkts/s,fwdpktss,2.7323527336120605,2.7323527336120605
392548,Brute Force -Web,Brute Force -Web,True,3,Dst Port,dstport,2.573488235473633,2.573488235473633
392548,Brute Force -Web,Brute Force -Web,True,4,Bwd Pkts/s,bwdpktss,1.47696852684021,1.47696852684021
392548,Brute Force -Web,Brute Force -Web,True,5,Fwd IAT Min,fwdiatmin,0.9500985741615295,0.9500985741615295
394927,Brute Force -Web,Benign,False,1,Dst Port,dstport,0.3913327753543854,0.3913327753543854
394927,Brute Force -Web,Benign,False,2,Pkt Len Mean,pktlenmean,0.31793129444122314,0.31793129444122314
394927,Brute Force -Web,Benign,False,3,Bwd Pkt Len Mean,bwdpktlenmean,-0.29540351033210754,0.29540351033210754
394927,Brute Force -Web,Benign,False,4,Fwd IAT Std,fwdiatstd,0.2301114797592163,0.2301114797592163
394927,Brute Force -Web,Benign,False,5,Flow Duration,flowduration,0.22088894248008728,0.22088894248008728
417634,Brute Force -Web,Brute Force -Web,True,1,Init Fwd Win Byts,initfwdwinbyts,3.850583553314209,3.850583553314209
417634,Brute Force -Web,Brute Force -Web,True,2,Fwd Pkts/s,fwdpktss,2.5304088592529297,2.5304088592529297
417634,Brute Force -Web,Brute Force -Web,True,3,Dst Port,dstport,2.4861841201782227,2.4861841201782227
417634,Brute Force -Web,Brute Force -Web,True,4,Bwd Pkts/s,bwdpktss,1.3897920846939087,1.3897920846939087
417634,Brute Force -Web,Brute Force -Web,True,5,Fwd IAT Min,fwdiatmin,0.7765122056007385,0.7765122056007385
421817,Brute Force -Web,Brute Force -Web,True,1,Fwd Pkt Len Std,fwdpktlenstd,3.9355032444000244,3.9355032444000244
421817,Brute Force -Web,Brute Force -Web,True,2,Dst Port,dstport,2.234607458114624,2.234607458114624
421817,Brute Force -Web,Brute Force -Web,True,3,Pkt Len Mean,pktlenmean,2.2119297981262207,2.2119297981262207
421817,Brute Force -Web,Brute Force -Web,True,4,Bwd Pkts/s,bwdpktss,1.3769813776016235,1.3769813776016235
421817,Brute Force -Web,Brute Force -Web,True,5,TotLen Fwd Pkts,totlenfwdpkts,0.8950551748275757,0.8950551748275757
430855,Brute Force -Web,Brute Force -Web,True,1,Init Fwd Win Byts,initfwdwinbyts,2.853825092315674,2.853825092315674
430855,Brute Force -Web,Brute Force -Web,True,2,Dst Port,dstport,2.7607364654541016,2.7607364654541016
430855,Brute Force -Web,Brute Force -Web,True,3,Bwd Pkts/s,bwdpktss,1.9488979578018188,1.9488979578018188
430855,Brute Force -Web,Brute Force -Web,True,4,Fwd IAT Min,fwdiatmin,1.4076614379882812,1.4076614379882812
430855,Brute Force -Web,Brute Force -Web,True,5,Flow Byts/s,flowbytss,0.6647727489471436,0.6647727489471436
432334,Brute Force -Web,Benign,False,1,Dst Port,dstport,0.3913327753543854,0.3913327753543854
432334,Brute Force -Web,Benign,False,2,Bwd Pkt Len Mean,bwdpktlenmean,-0.31824254989624023,0.31824254989624023
432334,Brute Force -Web,Benign,False,3,Pkt Len Mean,pktlenmean,0.2994462847709656,0.2994462847709656
432334,Brute Force -Web,Benign,False,4,Fwd IAT Std,fwdiatstd,0.22760143876075745,0.22760143876075745
432334,Brute Force -Web,Benign,False,5,Fwd Pkt Len Mean,fwdpktlenmean,-0.22116592526435852,0.22116592526435852
435082,Brute Force -Web,Brute Force -Web,True,1,Init Fwd Win Byts,initfwdwinbyts,4.218226432800293,4.218226432800293
435082,Brute Force -Web,Brute Force -Web,True,2,Dst Port,dstport,2.9058358669281006,2.9058358669281006
435082,Brute Force -Web,Brute Force -Web,True,3,Fwd Pkts/s,fwdpktss,2.4744985103607178,2.4744985103607178
435082,Brute Force -Web,Brute Force -Web,True,4,Bwd Pkts/s,bwdpktss,1.4842132329940796,1.4842132329940796
435082,Brute Force -Web,Brute Force -Web,True,5,Flow IAT Min,flowiatmin,1.0228242874145508,1.0228242874145508
438174,Brute Force -Web,Brute Force -Web,True,1,Fwd Pkt Len Mean,fwdpktlenmean,5.567884922027588,5.567884922027588
438174,Brute Force -Web,Brute Force -Web,True,2,Fwd Pkt Len Max,fwdpktlenmax,3.0081405639648438,3.0081405639648438
438174,Brute Force -Web,Brute Force -Web,True,3,Dst Port,dstport,2.1932802200317383,2.1932802200317383
438174,Brute Force -Web,Brute Force -Web,True,4,Bwd Pkts/s,bwdpktss,1.0176610946655273,1.0176610946655273
438174,Brute Force -Web,Brute Force -Web,True,5,Fwd Pkt Len Std,fwdpktlenstd,0.9060584306716919,0.9060584306716919
445619,Brute Force -Web,Brute Force -Web,True,1,Fwd Pkt Len Std,fwdpktlenstd,3.9570248126983643,3.9570248126983643
445619,Brute Force -Web,Brute Force -Web,True,2,Pkt Len Mean,pktlenmean,2.2119297981262207,2.2119297981262207
445619,Brute Force -Web,Brute Force -Web,True,3,Dst Port,dstport,2.1915283203125,2.1915283203125
445619,Brute Force -Web,Brute Force -Web,True,4,Bwd Pkts/s,bwdpktss,1.3656401634216309,1.3656401634216309
445619,Brute Force -Web,Brute Force -Web,True,5,TotLen Fwd Pkts,totlenfwdpkts,0.8680413365364075,0.8680413365364075
462813,Brute Force -Web,Brute Force -Web,True,1,Init Fwd Win Byts,initfwdwinbyts,4.738135814666748,4.738135814666748
462813,Brute Force -Web,Brute Force -Web,True,2,Fwd Pkts/s,fwdpktss,2.733018636703491,2.733018636703491
462813,Brute Force -Web,Brute Force -Web,True,3,Dst Port,dstport,2.576136827468872,2.576136827468872
462813,Brute Force -Web,Brute Force -Web,True,4,Bwd Pkts/s,bwdpktss,1.4772398471832275,1.4772398471832275
462813,Brute Force -Web,Brute Force -Web,True,5,Fwd IAT Min,fwdiatmin,0.9505159258842468,0.9505159258842468
465061,Brute Force -Web,Brute Force -Web,True,1,Init Fwd Win Byts,initfwdwinbyts,2.5575289726257324,2.5575289726257324
465061,Brute Force -Web,Brute Force -Web,True,2,Dst Port,dstport,1.949001669883728,1.949001669883728
465061,Brute Force -Web,Brute Force -Web,True,3,Bwd Pkts/s,bwdpktss,1.236993432044983,1.236993432044983
465061,Brute Force -Web,Brute Force -Web,True,4,Flow Pkts/s,flowpktss,0.7105460166931152,0.7105460166931152
465061,Brute Force -Web,Brute Force -Web,True,5,Fwd IAT Min,fwdiatmin,-0.653586208820343,0.653586208820343
469032,Brute Force -Web,Benign,False,1,Dst Port,dstport,0.3913327753543854,0.3913327753543854
469032,Brute Force -Web,Benign,False,2,Bwd Pkt Len Mean,bwdpktlenmean,-0.31824254989624023,0.31824254989624023
469032,Brute Force -Web,Benign,False,3,Pkt Len Mean,pktlenmean,0.2994462847709656,0.2994462847709656
469032,Brute Force -Web,Benign,False,4,Fwd IAT Std,fwdiatstd,0.22760143876075745,0.22760143876075745
469032,Brute Force -Web,Benign,False,5,Fwd Pkt Len Mean,fwdpktlenmean,-0.22116592526435852,0.22116592526435852
470325,Brute Force -Web,Brute Force -Web,True,1,Fwd Pkt Len Std,fwdpktlenstd,3.9595015048980713,3.9595015048980713
470325,Brute Force -Web,Brute Force -Web,True,2,Pkt Len Mean,pktlenmean,2.2119297981262207,2.2119297981262207
470325,Brute Force -Web,Brute Force -Web,True,3,Dst Port,dstport,2.191124439239502,2.191124439239502
470325,Brute Force -Web,Brute Force -Web,True,4,Bwd Pkts/s,bwdpktss,1.3654711246490479,1.3654711246490479
470325,Brute Force -Web,Brute Force -Web,True,5,TotLen Fwd Pkts,totlenfwdpkts,0.8680413365364075,0.8680413365364075
474363,Brute Force -Web,Benign,False,1,Dst Port,dstport,0.3913327753543854,0.3913327753543854
474363,Brute Force -Web,Benign,False,2,Bwd Pkt Len Mean,bwdpktlenmean,-0.31824254989624023,0.31824254989624023
474363,Brute Force -Web,Benign,False,3,Pkt Len Mean,pktlenmean,0.2994462847709656,0.2994462847709656
474363,Brute Force -Web,Benign,False,4,Fwd IAT Std,fwdiatstd,0.22760143876075745,0.22760143876075745
474363,Brute Force -Web,Benign,False,5,Fwd Pkt Len Mean,fwdpktlenmean,-0.22116592526435852,0.22116592526435852
498379,Brute Force -Web,Brute Force -Web,True,1,Fwd Pkt Len Mean,fwdpktlenmean,5.567884922027588,5.567884922027588
498379,Brute Force -Web,Brute Force -Web,True,2,Fwd Pkt Len Max,fwdpktlenmax,3.0081405639648438,3.0081405639648438
498379,Brute Force -Web,Brute Force -Web,True,3,Dst Port,dstport,2.1932802200317383,2.1932802200317383
498379,Brute Force -Web,Brute Force -Web,True,4,Bwd Pkts/s,bwdpktss,1.0229122638702393,1.0229122638702393
498379,Brute Force -Web,Brute Force -Web,True,5,Fwd Pkt Len Std,fwdpktlenstd,0.9068942070007324,0.9068942070007324
498647,Brute Force -Web,Brute Force -Web,True,1,Fwd Pkt Len Std,fwdpktlenstd,3.935147762298584,3.935147762298584
498647,Brute Force -Web,Brute Force -Web,True,2,Dst Port,dstport,2.2349298000335693,2.2349298000335693
498647,Brute Force -Web,Brute Force -Web,True,3,Pkt Len Mean,pktlenmean,2.2119297981262207,2.2119297981262207
498647,Brute Force -Web,Brute Force -Web,True,4,Bwd Pkts/s,bwdpktss,1.3710850477218628,1.3710850477218628
498647,Brute Force -Web,Brute Force -Web,True,5,TotLen Fwd Pkts,totlenfwdpkts,0.8890991806983948,0.8890991806983948
512591,Brute Force -Web,Brute Force -XSS,False,1,Init Fwd Win Byts,initfwdwinbyts,3.194822311401367,3.194822311401367
512591,Brute Force -Web,Brute Force -XSS,False,2,Fwd Pkts/s,fwdpktss,2.9470205307006836,2.9470205307006836
512591,Brute Force -Web,Brute Force -XSS,False,3,Dst Port,dstport,1.8057804107666016,1.8057804107666016
512591,Brute Force -Web,Brute Force -XSS,False,4,Flow IAT Mean,flowiatmean,0.5837597846984863,0.5837597846984863
512591,Brute Force -Web,Brute Force -XSS,False,5,Flow IAT Max,flowiatmax,0.5687397122383118,0.5687397122383118
514378,Brute Force -Web,Brute Force -Web,True,1,Init Fwd Win Byts,initfwdwinbyts,4.218226432800293,4.218226432800293
514378,Brute Force -Web,Brute Force -Web,True,2,Dst Port,dstport,2.9100444316864014,2.9100444316864014
514378,Brute Force -Web,Brute Force -Web,True,3,Fwd Pkts/s,fwdpktss,2.4744985103607178,2.4744985103607178
514378,Brute Force -Web,Brute Force -Web,True,4,Bwd Pkts/s,bwdpktss,1.485068917274475,1.485068917274475
514378,Brute Force -Web,Brute Force -Web,True,5,Flow IAT Min,flowiatmin,1.0228428840637207,1.0228428840637207
517291,Brute Force -Web,Brute Force -Web,True,1,Init Fwd Win Byts,initfwdwinbyts,4.662932395935059,4.662932395935059
517291,Brute Force -Web,Brute Force -Web,True,2,Fwd Pkts/s,fwdpktss,2.7323243618011475,2.7323243618011475
517291,Brute Force -Web,Brute Force -Web,True,3,Dst Port,dstport,2.577993631362915,2.577993631362915
517291,Brute Force -Web,Brute Force -Web,True,4,Bwd Pkts/s,bwdpktss,1.476589560508728,1.476589560508728
517291,Brute Force -Web,Brute Force -Web,True,5,Fwd IAT Min,fwdiatmin,0.9525523781776428,0.9525523781776428
519990,Brute Force -Web,Brute Force -Web,True,1,Fwd Pkt Len Mean,fwdpktlenmean,5.567584991455078,5.567584991455078
519990,Brute Force -Web,Brute Force -Web,True,2,Fwd Pkt Len Max,fwdpktlenmax,3.0081405639648438,3.0081405639648438
519990,Brute Force -Web,Brute Force -Web,True,3,Dst Port,dstport,2.1932802200317383,2.1932802200317383
519990,Brute Force -Web,Brute Force -Web,True,4,Bwd Pkts/s,bwdpktss,1.0173614025115967,1.0173614025115967
519990,Brute Force -Web,Brute Force -Web,True,5,Fwd Pkt Len Std,fwdpktlenstd,0.9060584306716919,0.9060584306716919
524341,Brute Force -Web,Brute Force -Web,True,1,Init Fwd Win Byts,initfwdwinbyts,3.850583553314209,3.850583553314209
524341,Brute Force -Web,Brute Force -Web,True,2,Fwd Pkts/s,fwdpktss,2.5304088592529297,2.5304088592529297
524341,Brute Force -Web,Brute Force -Web,True,3,Dst Port,dstport,2.4861841201782227,2.4861841201782227
524341,Brute Force -Web,Brute Force -Web,True,4,Bwd Pkts/s,bwdpktss,1.3897920846939087,1.3897920846939087
524341,Brute Force -Web,Brute Force -Web,True,5,Fwd IAT Min,fwdiatmin,0.7765122056007385,0.7765122056007385
527604,Brute Force -Web,Brute Force -Web,True,1,Init Fwd Win Byts,initfwdwinbyts,2.777439832687378,2.777439832687378
527604,Brute Force -Web,Brute Force -Web,True,2,Dst Port,dstport,2.7614588737487793,2.7614588737487793
527604,Brute Force -Web,Brute Force -Web,True,3,Bwd Pkts/s,bwdpktss,1.9491387605667114,1.9491387605667114
527604,Brute Force -Web,Brute Force -Web,True,4,Fwd IAT Min,fwdiatmin,1.426659345626831,1.426659345626831
527604,Brute Force -Web,Brute Force -Web,True,5,Flow Byts/s,flowbytss,0.6647727489471436,0.6647727489471436
549022,Brute Force -Web,Brute Force -Web,True,1,Init Fwd Win Byts,initfwdwinbyts,4.750601291656494,4.750601291656494
549022,Brute Force -Web,Brute Force -Web,True,2,Fwd Pkts/s,fwdpktss,2.733018636703491,2.733018636703491
549022,Brute Force -Web,Brute Force -Web,True,3,Dst Port,dstport,2.5737128257751465,2.5737128257751465
549022,Brute Force -Web,Brute Force -Web,True,4,Bwd Pkts/s,bwdpktss,1.47696852684021,1.47696852684021
549022,Brute Force -Web,Brute Force -Web,True,5,Fwd IAT Min,fwdiatmin,0.9505159258842468,0.9505159258842468
559290,Brute Force -Web,SQL Injection,False,1,Flow IAT Std,flowiatstd,2.1451761722564697,2.1451761722564697
559290,Brute Force -Web,SQL Injection,False,2,Fwd Pkt Len Std,fwdpktlenstd,1.982979416847229,1.982979416847229
559290,Brute Force -Web,SQL Injection,False,3,Flow Duration,flowduration,1.8157683610916138,1.8157683610916138
559290,Brute Force -Web,SQL Injection,False,4,Dst Port,dstport,1.3921096324920654,1.3921096324920654
559290,Brute Force -Web,SQL Injection,False,5,Fwd IAT Min,fwdiatmin,1.0606446266174316,1.0606446266174316
563547,Brute Force -Web,Benign,False,1,Dst Port,dstport,0.3913327753543854,0.3913327753543854
563547,Brute Force -Web,Benign,False,2,Bwd Pkt Len Mean,bwdpktlenmean,-0.31824254989624023,0.31824254989624023
563547,Brute Force -Web,Benign,False,3,Pkt Len Mean,pktlenmean,0.2994462847709656,0.2994462847709656
563547,Brute Force -Web,Benign,False,4,Fwd IAT Std,fwdiatstd,0.22760143876075745,0.22760143876075745
563547,Brute Force -Web,Benign,False,5,Fwd Pkt Len Mean,fwdpktlenmean,-0.22116592526435852,0.22116592526435852
567714,Brute Force -Web,Brute Force -Web,True,1,Fwd Pkt Len Mean,fwdpktlenmean,5.567584991455078,5.567584991455078
567714,Brute Force -Web,Brute Force -Web,True,2,Fwd Pkt Len Max,fwdpktlenmax,3.0081405639648438,3.0081405639648438
567714,Brute Force -Web,Brute Force -Web,True,3,Dst Port,dstport,2.1932802200317383,2.1932802200317383
567714,Brute Force -Web,Brute Force -Web,True,4,Bwd Pkts/s,bwdpktss,1.0173614025115967,1.0173614025115967
567714,Brute Force -Web,Brute Force -Web,True,5,Fwd Pkt Len Std,fwdpktlenstd,0.9060584306716919,0.9060584306716919
590448,Brute Force -Web,Benign,False,1,Dst Port,dstport,0.3913327753543854,0.3913327753543854
590448,Brute Force -Web,Benign,False,2,Bwd Pkt Len Mean,bwdpktlenmean,-0.31824254989624023,0.31824254989624023
590448,Brute Force -Web,Benign,False,3,Pkt Len Mean,pktlenmean,0.2994462847709656,0.2994462847709656
590448,Brute Force -Web,Benign,False,4,Fwd IAT Std,fwdiatstd,0.22760143876075745,0.22760143876075745
590448,Brute Force -Web,Benign,False,5,Fwd Pkt Len Mean,fwdpktlenmean,-0.22116592526435852,0.22116592526435852
594394,Brute Force -Web,Benign,False,1,Dst Port,dstport,0.3913327753543854,0.3913327753543854
594394,Brute Force -Web,Benign,False,2,Bwd Pkt Len Mean,bwdpktlenmean,-0.31824254989624023,0.31824254989624023
594394,Brute Force -Web,Benign,False,3,Pkt Len Mean,pktlenmean,0.2994462847709656,0.2994462847709656
594394,Brute Force -Web,Benign,False,4,Fwd IAT Std,fwdiatstd,0.22760143876075745,0.22760143876075745
594394,Brute Force -Web,Benign,False,5,Fwd Pkt Len Mean,fwdpktlenmean,-0.22116592526435852,0.22116592526435852
612695,Brute Force -Web,Brute Force -Web,True,1,Fwd Pkt Len Mean,fwdpktlenmean,5.567584991455078,5.567584991455078
612695,Brute Force -Web,Brute Force -Web,True,2,Fwd Pkt Len Max,fwdpktlenmax,2.989682674407959,2.989682674407959
612695,Brute Force -Web,Brute Force -Web,True,3,Dst Port,dstport,2.192509174346924,2.192509174346924
612695,Brute Force -Web,Brute Force -Web,True,4,Bwd Pkts/s,bwdpktss,1.0162808895111084,1.0162808895111084
612695,Brute Force -Web,Brute Force -Web,True,5,Fwd Pkt Len Std,fwdpktlenstd,0.9060584306716919,0.9060584306716919
614266,Brute Force -Web,Brute Force -Web,True,1,Init Fwd Win Byts,initfwdwinbyts,3.848939895629883,3.848939895629883
614266,Brute Force -Web,Brute Force -Web,True,2,Fwd Pkts/s,fwdpktss,2.5304088592529297,2.5304088592529297
614266,Brute Force -Web,Brute Force -Web,True,3,Dst Port,dstport,2.494337320327759,2.494337320327759
614266,Brute Force -Web,Brute Force -Web,True,4,Bwd Pkts/s,bwdpktss,1.3916536569595337,1.3916536569595337
614266,Brute Force -Web,Brute Force -Web,True,5,Fwd IAT Min,fwdiatmin,0.7752852439880371,0.7752852439880371
614472,Brute Force -Web,Brute Force -Web,True,1,Fwd Pkt Len Mean,fwdpktlenmean,5.567584991455078,5.567584991455078
614472,Brute Force -Web,Brute Force -Web,True,2,Fwd Pkt Len Max,fwdpktlenmax,3.0081405639648438,3.0081405639648438
614472,Brute Force -Web,Brute Force -Web,True,3,Dst Port,dstport,2.2276902198791504,2.2276902198791504
614472,Brute Force -Web,Brute Force -Web,True,4,Bwd Pkts/s,bwdpktss,1.0472818613052368,1.0472818613052368
614472,Brute Force -Web,Brute Force -Web,True,5,Fwd Pkt Len Std,fwdpktlenstd,0.8983500003814697,0.8983500003814697
624217,Brute Force -Web,Benign,False,1,Dst Port,dstport,0.3913327753543854,0.3913327753543854
624217,Brute Force -Web,Benign,False,2,Bwd Pkt Len Mean,bwdpktlenmean,-0.3182430863380432,0.3182430863380432
624217,Brute Force -Web,Benign,False,3,Pkt Len Mean,pktlenmean,0.2994462847709656,0.2994462847709656
624217,Brute Force -Web,Benign,False,4,Fwd IAT Std,fwdiatstd,0.2275945097208023,0.2275945097208023
624217,Brute Force -Web,Benign,False,5,Fwd Pkt Len Mean,fwdpktlenmean,-0.22116592526435852,0.22116592526435852
625897,Brute Force -Web,Brute Force -Web,True,1,Fwd Pkt Len Std,fwdpktlenstd,3.943387269973755,3.943387269973755
625897,Brute Force -Web,Brute Force -Web,True,2,Dst Port,dstport,2.233212947845459,2.233212947845459
625897,Brute Force -Web,Brute Force -Web,True,3,Pkt Len Mean,pktlenmean,2.2119297981262207,2.2119297981262207
625897,Brute Force -Web,Brute Force -Web,True,4,Bwd Pkts/s,bwdpktss,1.3766683340072632,1.3766683340072632
625897,Brute Force -Web,Brute Force -Web,True,5,TotLen Fwd Pkts,totlenfwdpkts,0.8950551748275757,0.8950551748275757
629919,Brute Force -Web,Benign,False,1,Dst Port,dstport,0.3913327753543854,0.3913327753543854
629919,Brute Force -Web,Benign,False,2,Bwd Pkt Len Mean,bwdpktlenmean,-0.31824254989624023,0.31824254989624023
629919,Brute Force -Web,Benign,False,3,Pkt Len Mean,pktlenmean,0.2994462847709656,0.2994462847709656
629919,Brute Force -Web,Benign,False,4,Fwd IAT Std,fwdiatstd,0.22760143876075745,0.22760143876075745
629919,Brute Force -Web,Benign,False,5,Fwd Pkt Len Mean,fwdpktlenmean,-0.22116592526435852,0.22116592526435852
631883,Brute Force -Web,Benign,False,1,Dst Port,dstport,0.3913327753543854,0.3913327753543854
631883,Brute Force -Web,Benign,False,2,Bwd Pkt Len Mean,bwdpktlenmean,-0.31824254989624023,0.31824254989624023
631883,Brute Force -Web,Benign,False,3,Pkt Len Mean,pktlenmean,0.2994462847709656,0.2994462847709656
631883,Brute Force -Web,Benign,False,4,Fwd IAT Std,fwdiatstd,0.22760143876075745,0.22760143876075745
631883,Brute Force -Web,Benign,False,5,Fwd Pkt Len Mean,fwdpktlenmean,-0.22116592526435852,0.22116592526435852
632388,Brute Force -Web,Benign,False,1,Flow Duration,flowduration,0.9743526577949524,0.9743526577949524
632388,Brute Force -Web,Benign,False,2,Fwd Pkt Len Max,fwdpktlenmax,-0.7710253596305847,0.7710253596305847
632388,Brute Force -Web,Benign,False,3,Dst Port,dstport,0.6285951137542725,0.6285951137542725
632388,Brute Force -Web,Benign,False,4,Fwd Pkt Len Mean,fwdpktlenmean,0.5857716202735901,0.5857716202735901
632388,Brute Force -Web,Benign,False,5,Init Fwd Win Byts,initfwdwinbyts,0.26997825503349304,0.26997825503349304
647185,Brute Force -Web,Benign,False,1,Dst Port,dstport,0.3913327753543854,0.3913327753543854
647185,Brute Force -Web,Benign,False,2,Bwd Pkt Len Mean,bwdpktlenmean,-0.31824254989624023,0.31824254989624023
647185,Brute Force -Web,Benign,False,3,Pkt Len Mean,pktlenmean,0.2994462847709656,0.2994462847709656
647185,Brute Force -Web,Benign,False,4,Fwd IAT Std,fwdiatstd,0.22760143876075745,0.22760143876075745
647185,Brute Force -Web,Benign,False,5,Fwd Pkt Len Mean,fwdpktlenmean,-0.22116592526435852,0.22116592526435852
654276,Brute Force -Web,Brute Force -Web,True,1,Fwd Pkt Len Std,fwdpktlenstd,3.942560911178589,3.942560911178589
654276,Brute Force -Web,Brute Force -Web,True,2,Pkt Len Mean,pktlenmean,2.2119297981262207,2.2119297981262207
654276,Brute Force -Web,Brute Force -Web,True,3,Dst Port,dstport,2.1931941509246826,2.1931941509246826
654276,Brute Force -Web,Brute Force -Web,True,4,Bwd Pkts/s,bwdpktss,1.3354939222335815,1.3354939222335815
654276,Brute Force -Web,Brute Force -Web,True,5,TotLen Fwd Pkts,totlenfwdpkts,0.8950551748275757,0.8950551748275757
662079,Brute Force -Web,Brute Force -Web,True,1,Init Fwd Win Byts,initfwdwinbyts,3.993746280670166,3.993746280670166
662079,Brute Force -Web,Brute Force -Web,True,2,Dst Port,dstport,2.5986666679382324,2.5986666679382324
662079,Brute Force -Web,Brute Force -Web,True,3,Fwd Pkts/s,fwdpktss,2.541055679321289,2.541055679321289
662079,Brute Force -Web,Brute Force -Web,True,4,Bwd Pkts/s,bwdpktss,1.4126496315002441,1.4126496315002441
662079,Brute Force -Web,Brute Force -Web,True,5,Fwd IAT Min,fwdiatmin,0.7832914590835571,0.7832914590835571
663020,Brute Force -Web,Brute Force -Web,True,1,Init Fwd Win Byts,initfwdwinbyts,3.850583553314209,3.850583553314209
663020,Brute Force -Web,Brute Force -Web,True,2,Fwd Pkts/s,fwdpktss,2.5304088592529297,2.5304088592529297
663020,Brute Force -Web,Brute Force -Web,True,3,Dst Port,dstport,2.4861841201782227,2.4861841201782227
663020,Brute Force -Web,Brute Force -Web,True,4,Bwd Pkts/s,bwdpktss,1.3897920846939087,1.3897920846939087
663020,Brute Force -Web,Brute Force -Web,True,5,Fwd IAT Min,fwdiatmin,0.7765122056007385,0.7765122056007385
665585,Brute Force -Web,Benign,False,1,Dst Port,dstport,0.3913327753543854,0.3913327753543854
665585,Brute Force -Web,Benign,False,2,Pkt Len Mean,pktlenmean,0.31475573778152466,0.31475573778152466
665585,Brute Force -Web,Benign,False,3,Bwd Pkt Len Mean,bwdpktlenmean,-0.30451634526252747,0.30451634526252747
665585,Brute Force -Web,Benign,False,4,Fwd IAT Std,fwdiatstd,0.2301114797592163,0.2301114797592163
665585,Brute Force -Web,Benign,False,5,Flow Duration,flowduration,0.22088894248008728,0.22088894248008728
665639,Brute Force -Web,Brute Force -Web,True,1,Fwd Pkt Len Mean,fwdpktlenmean,5.567584991455078,5.567584991455078
665639,Brute Force -Web,Brute Force -Web,True,2,Fwd Pkt Len Max,fwdpktlenmax,3.0081405639648438,3.0081405639648438
665639,Brute Force -Web,Brute Force -Web,True,3,Dst Port,dstport,2.2276902198791504,2.2276902198791504
665639,Brute Force -Web,Brute Force -Web,True,4,Bwd Pkts/s,bwdpktss,1.0472818613052368,1.0472818613052368
665639,Brute Force -Web,Brute Force -Web,True,5,Fwd Pkt Len Std,fwdpktlenstd,0.8991857767105103,0.8991857767105103
676095,Brute Force -Web,Brute Force -Web,True,1,Fwd Pkt Len Mean,fwdpktlenmean,5.567584991455078,5.567584991455078
676095,Brute Force -Web,Brute Force -Web,True,2,Fwd Pkt Len Max,fwdpktlenmax,2.989682674407959,2.989682674407959
676095,Brute Force -Web,Brute Force -Web,True,3,Dst Port,dstport,2.192509174346924,2.192509174346924
676095,Brute Force -Web,Brute Force -Web,True,4,Bwd Pkts/s,bwdpktss,1.0162808895111084,1.0162808895111084
676095,Brute Force -Web,Brute Force -Web,True,5,Fwd Pkt Len Std,fwdpktlenstd,0.9060584306716919,0.9060584306716919
685591,Brute Force -Web,Brute Force -Web,True,1,Fwd Pkt Len Mean,fwdpktlenmean,5.567584991455078,5.567584991455078
685591,Brute Force -Web,Brute Force -Web,True,2,Fwd Pkt Len Max,fwdpktlenmax,3.0081405639648438,3.0081405639648438
685591,Brute Force -Web,Brute Force -Web,True,3,Dst Port,dstport,2.1932802200317383,2.1932802200317383
685591,Brute Force -Web,Brute Force -Web,True,4,Bwd Pkts/s,bwdpktss,1.0173614025115967,1.0173614025115967
685591,Brute Force -Web,Brute Force -Web,True,5,Fwd Pkt Len Std,fwdpktlenstd,0.9060584306716919,0.9060584306716919
691430,Brute Force -Web,Brute Force -Web,True,1,Fwd Pkt Len Std,fwdpktlenstd,3.959857225418091,3.959857225418091
691430,Brute Force -Web,Brute Force -Web,True,2,Dst Port,dstport,2.224027633666992,2.224027633666992
691430,Brute Force -Web,Brute Force -Web,True,3,Pkt Len Mean,pktlenmean,2.2119297981262207,2.2119297981262207
691430,Brute Force -Web,Brute Force -Web,True,4,Bwd Pkts/s,bwdpktss,1.3951125144958496,1.3951125144958496
691430,Brute Force -Web,Brute Force -Web,True,5,TotLen Fwd Pkts,totlenfwdpkts,0.8680413365364075,0.8680413365364075
697769,Brute Force -Web,Brute Force -Web,True,1,Fwd Pkt Len Mean,fwdpktlenmean,5.567884922027588,5.567884922027588
697769,Brute Force -Web,Brute Force -Web,True,2,Fwd Pkt Len Max,fwdpktlenmax,2.989682674407959,2.989682674407959
697769,Brute Force -Web,Brute Force -Web,True,3,Dst Port,dstport,2.192509174346924,2.192509174346924
697769,Brute Force -Web,Brute Force -Web,True,4,Bwd Pkts/s,bwdpktss,1.016580581665039,1.016580581665039
697769,Brute Force -Web,Brute Force -Web,True,5,Fwd Pkt Len Std,fwdpktlenstd,0.9060584306716919,0.9060584306716919
4725,Brute Force -XSS,Brute Force -XSS,True,1,Pkt Len Std,pktlenstd,3.5442135334014893,3.5442135334014893
4725,Brute Force -XSS,Brute Force -XSS,True,2,Tot Fwd Pkts,totfwdpkts,3.434457540512085,3.434457540512085
4725,Brute Force -XSS,Brute Force -XSS,True,3,Fwd Pkt Len Mean,fwdpktlenmean,2.43163800239563,2.43163800239563
4725,Brute Force -XSS,Brute Force -XSS,True,4,Pkt Len Mean,pktlenmean,1.1243501901626587,1.1243501901626587
4725,Brute Force -XSS,Brute Force -XSS,True,5,Dst Port,dstport,0.6184475421905518,0.6184475421905518
15658,Brute Force -XSS,Brute Force -XSS,True,1,Pkt Len Std,pktlenstd,3.5442135334014893,3.5442135334014893
15658,Brute Force -XSS,Brute Force -XSS,True,2,Tot Fwd Pkts,totfwdpkts,3.434457540512085,3.434457540512085
15658,Brute Force -XSS,Brute Force -XSS,True,3,Fwd Pkt Len Mean,fwdpktlenmean,2.43163800239563,2.43163800239563
15658,Brute Force -XSS,Brute Force -XSS,True,4,Pkt Len Mean,pktlenmean,1.1331641674041748,1.1331641674041748
15658,Brute Force -XSS,Brute Force -XSS,True,5,Dst Port,dstport,0.6309912800788879,0.6309912800788879
19068,Brute Force -XSS,Brute Force -XSS,True,1,Pkt Len Std,pktlenstd,3.5442135334014893,3.5442135334014893
19068,Brute Force -XSS,Brute Force -XSS,True,2,Tot Fwd Pkts,totfwdpkts,3.434457540512085,3.434457540512085
19068,Brute Force -XSS,Brute Force -XSS,True,3,Fwd Pkt Len Mean,fwdpktlenmean,2.43163800239563,2.43163800239563
19068,Brute Force -XSS,Brute Force -XSS,True,4,Pkt Len Mean,pktlenmean,1.1331641674041748,1.1331641674041748
19068,Brute Force -XSS,Brute Force -XSS,True,5,Dst Port,dstport,0.6309912800788879,0.6309912800788879
20056,Brute Force -XSS,Brute Force -XSS,True,1,Pkt Len Std,pktlenstd,3.556150436401367,3.556150436401367
20056,Brute Force -XSS,Brute Force -XSS,True,2,Tot Fwd Pkts,totfwdpkts,3.434457540512085,3.434457540512085
20056,Brute Force -XSS,Brute Force -XSS,True,3,Fwd Pkt Len Mean,fwdpktlenmean,2.4390499591827393,2.4390499591827393
20056,Brute Force -XSS,Brute Force -XSS,True,4,Pkt Len Mean,pktlenmean,1.1331641674041748,1.1331641674041748
20056,Brute Force -XSS,Brute Force -XSS,True,5,Dst Port,dstport,0.6309912800788879,0.6309912800788879
27421,Brute Force -XSS,Brute Force -XSS,True,1,Pkt Len Std,pktlenstd,3.5136632919311523,3.5136632919311523
27421,Brute Force -XSS,Brute Force -XSS,True,2,Tot Fwd Pkts,totfwdpkts,3.434457540512085,3.434457540512085
27421,Brute Force -XSS,Brute Force -XSS,True,3,Fwd Pkt Len Mean,fwdpktlenmean,2.4241909980773926,2.4241909980773926
27421,Brute Force -XSS,Brute Force -XSS,True,4,Pkt Len Mean,pktlenmean,1.1248071193695068,1.1248071193695068
27421,Brute Force -XSS,Brute Force -XSS,True,5,Flow IAT Min,flowiatmin,0.6332473158836365,0.6332473158836365
40324,Brute Force -XSS,Brute Force -XSS,True,1,Pkt Len Std,pktlenstd,3.5442135334014893,3.5442135334014893
40324,Brute Force -XSS,Brute Force -XSS,True,2,Tot Fwd Pkts,totfwdpkts,3.434457540512085,3.434457540512085
40324,Brute Force -XSS,Brute Force -XSS,True,3,Fwd Pkt Len Mean,fwdpktlenmean,2.43163800239563,2.43163800239563
40324,Brute Force -XSS,Brute Force -XSS,True,4,Pkt Len Mean,pktlenmean,1.1331641674041748,1.1331641674041748
40324,Brute Force -XSS,Brute Force -XSS,True,5,Dst Port,dstport,0.6308263540267944,0.6308263540267944
108720,Brute Force -XSS,Brute Force -XSS,True,1,Init Fwd Win Byts,initfwdwinbyts,5.288190841674805,5.288190841674805
108720,Brute Force -XSS,Brute Force -XSS,True,2,Fwd Pkts/s,fwdpktss,4.164256572723389,4.164256572723389
108720,Brute Force -XSS,Brute Force -XSS,True,3,Dst Port,dstport,1.480733871459961,1.480733871459961
108720,Brute Force -XSS,Brute Force -XSS,True,4,Bwd Pkts/s,bwdpktss,0.5656301379203796,0.5656301379203796
108720,Brute Force -XSS,Brute Force -XSS,True,5,Flow Duration,flowduration,0.363921582698822,0.363921582698822
131703,Brute Force -XSS,Brute Force -XSS,True,1,Init Fwd Win Byts,initfwdwinbyts,5.288190841674805,5.288190841674805
131703,Brute Force -XSS,Brute Force -XSS,True,2,Fwd Pkts/s,fwdpktss,4.164256572723389,4.164256572723389
131703,Brute Force -XSS,Brute Force -XSS,True,3,Dst Port,dstport,1.480733871459961,1.480733871459961
131703,Brute Force -XSS,Brute Force -XSS,True,4,Bwd Pkts/s,bwdpktss,0.5656301379203796,0.5656301379203796
131703,Brute Force -XSS,Brute Force -XSS,True,5,Flow Duration,flowduration,0.363921582698822,0.363921582698822
157284,Brute Force -XSS,Brute Force -XSS,True,1,Pkt Len Std,pktlenstd,3.556150436401367,3.556150436401367
157284,Brute Force -XSS,Brute Force -XSS,True,2,Tot Fwd Pkts,totfwdpkts,3.434457540512085,3.434457540512085
157284,Brute Force -XSS,Brute Force -XSS,True,3,Fwd Pkt Len Mean,fwdpktlenmean,2.430159091949463,2.430159091949463
157284,Brute Force -XSS,Brute Force -XSS,True,4,Pkt Len Mean,pktlenmean,1.1331641674041748,1.1331641674041748
157284,Brute Force -XSS,Brute Force -XSS,True,5,Dst Port,dstport,0.6236645579338074,0.6236645579338074
183932,Brute Force -XSS,Brute Force -XSS,True,1,Pkt Len Std,pktlenstd,3.542243242263794,3.542243242263794
183932,Brute Force -XSS,Brute Force -XSS,True,2,Tot Fwd Pkts,totfwdpkts,3.434457540512085,3.434457540512085
183932,Brute Force -XSS,Brute Force -XSS,True,3,Fwd Pkt Len Mean,fwdpktlenmean,2.430168867111206,2.430168867111206
183932,Brute Force -XSS,Brute Force -XSS,True,4,Pkt Len Mean,pktlenmean,1.1248071193695068,1.1248071193695068
183932,Brute Force -XSS,Brute Force -XSS,True,5,Dst Port,dstport,0.6102324724197388,0.6102324724197388
204165,Brute Force -XSS,Brute Force -XSS,True,1,Init Fwd Win Byts,initfwdwinbyts,4.563944339752197,4.563944339752197
204165,Brute Force -XSS,Brute Force -XSS,True,2,Fwd Pkts/s,fwdpktss,3.9697139263153076,3.9697139263153076
204165,Brute Force -XSS,Brute Force -XSS,True,3,Dst Port,dstport,1.217292070388794,1.217292070388794
204165,Brute Force -XSS,Brute Force -XSS,True,4,Bwd Pkts/s,bwdpktss,0.5580838918685913,0.5580838918685913
204165,Brute Force -XSS,Brute Force -XSS,True,5,Flow IAT Max,flowiatmax,-0.45585665106773376,0.45585665106773376
214964,Brute Force -XSS,Brute Force -XSS,True,1,Init Fwd Win Byts,initfwdwinbyts,5.0030517578125,5.0030517578125
214964,Brute Force -XSS,Brute Force -XSS,True,2,Fwd Pkts/s,fwdpktss,4.1745805740356445,4.1745805740356445
214964,Brute Force -XSS,Brute Force -XSS,True,3,Dst Port,dstport,1.5652352571487427,1.5652352571487427
214964,Brute Force -XSS,Brute Force -XSS,True,4,Flow IAT Min,flowiatmin,0.9530270099639893,0.9530270099639893
214964,Brute Force -XSS,Brute Force -XSS,True,5,Bwd Pkts/s,bwdpktss,0.5970369577407837,0.5970369577407837
220146,Brute Force -XSS,Brute Force -XSS,True,1,Pkt Len Std,pktlenstd,3.5423851013183594,3.5423851013183594
220146,Brute Force -XSS,Brute Force -XSS,True,2,Tot Fwd Pkts,totfwdpkts,3.434457540512085,3.434457540512085
220146,Brute Force -XSS,Brute Force -XSS,True,3,Fwd Pkt Len Mean,fwdpktlenmean,2.4295599460601807,2.4295599460601807
220146,Brute Force -XSS,Brute Force -XSS,True,4,Pkt Len Mean,pktlenmean,1.1309880018234253,1.1309880018234253
220146,Brute Force -XSS,Brute Force -XSS,True,5,Dst Port,dstport,0.6183597445487976,0.6183597445487976
225548,Brute Force -XSS,Brute Force -XSS,True,1,Init Fwd Win Byts,initfwdwinbyts,5.01516056060791,5.01516056060791
225548,Brute Force -XSS,Brute Force -XSS,True,2,Fwd Pkts/s,fwdpktss,4.141962051391602,4.141962051391602
225548,Brute Force -XSS,Brute Force -XSS,True,3,Dst Port,dstport,1.5398975610733032,1.5398975610733032
225548,Brute Force -XSS,Brute Force -XSS,True,4,Bwd Pkts/s,bwdpktss,0.5888960957527161,0.5888960957527161
225548,Brute Force -XSS,Brute Force -XSS,True,5,Flow Duration,flowduration,0.423757940530777,0.423757940530777
241153,Brute Force -XSS,Brute Force -XSS,True,1,Init Fwd Win Byts,initfwdwinbyts,5.0175371170043945,5.0175371170043945
241153,Brute Force -XSS,Brute Force -XSS,True,2,Fwd Pkts/s,fwdpktss,4.1950154304504395,4.1950154304504395
241153,Brute Force -XSS,Brute Force -XSS,True,3,Dst Port,dstport,1.5526171922683716,1.5526171922683716
241153,Brute Force -XSS,Brute Force -XSS,True,4,Bwd Pkts/s,bwdpktss,0.5875995755195618,0.5875995755195618
241153,Brute Force -XSS,Brute Force -XSS,True,5,Flow Duration,flowduration,0.44447198510169983,0.44447198510169983
252600,Brute Force -XSS,Brute Force -XSS,True,1,Pkt Len Std,pktlenstd,3.542243242263794,3.542243242263794
252600,Brute Force -XSS,Brute Force -XSS,True,2,Tot Fwd Pkts,totfwdpkts,3.434457540512085,3.434457540512085
252600,Brute Force -XSS,Brute Force -XSS,True,3,Fwd Pkt Len Mean,fwdpktlenmean,2.430168867111206,2.430168867111206
252600,Brute Force -XSS,Brute Force -XSS,True,4,Pkt Len Mean,pktlenmean,1.1248071193695068,1.1248071193695068
252600,Brute Force -XSS,Brute Force -XSS,True,5,Dst Port,dstport,0.6227794885635376,0.6227794885635376
260305,Brute Force -XSS,Benign,False,1,Fwd Pkt Len Max,fwdpktlenmax,-2.0837275981903076,2.0837275981903076
260305,Brute Force -XSS,Benign,False,2,Dst Port,dstport,-0.781554102897644,0.781554102897644
260305,Brute Force -XSS,Benign,False,3,Fwd Pkt Len Mean,fwdpktlenmean,0.5839900374412537,0.5839900374412537
260305,Brute Force -XSS,Benign,False,4,Init Fwd Win Byts,initfwdwinbyts,-0.4163888990879059,0.4163888990879059
260305,Brute Force -XSS,Benign,False,5,Fwd IAT Tot,fwdiattot,-0.14882144331932068,0.14882144331932068
286975,Brute Force -XSS,Brute Force -XSS,True,1,Init Fwd Win Byts,initfwdwinbyts,3.901604413986206,3.901604413986206
286975,Brute Force -XSS,Brute Force -XSS,True,2,Fwd Pkts/s,fwdpktss,3.01133394241333,3.01133394241333
286975,Brute Force -XSS,Brute Force -XSS,True,3,Dst Port,dstport,1.9820005893707275,1.9820005893707275
286975,Brute Force -XSS,Brute Force -XSS,True,4,Bwd Pkts/s,bwdpktss,0.5885834097862244,0.5885834097862244
286975,Brute Force -XSS,Brute Force -XSS,True,5,Flow IAT Max,flowiatmax,0.5176244974136353,0.5176244974136353
288753,Brute Force -XSS,Brute Force -XSS,True,1,Init Fwd Win Byts,initfwdwinbyts,3.008894681930542,3.008894681930542
288753,Brute Force -XSS,Brute Force -XSS,True,2,Dst Port,dstport,1.7689108848571777,1.7689108848571777
288753,Brute Force -XSS,Brute Force -XSS,True,3,Fwd Pkts/s,fwdpktss,1.7357276678085327,1.7357276678085327
288753,Brute Force -XSS,Brute Force -XSS,True,4,Flow IAT Mean,flowiatmean,0.6376105546951294,0.6376105546951294
288753,Brute Force -XSS,Brute Force -XSS,True,5,Flow IAT Max,flowiatmax,0.6151118278503418,0.6151118278503418
313529,Brute Force -XSS,Brute Force -XSS,True,1,Init Fwd Win Byts,initfwdwinbyts,5.470202445983887,5.470202445983887
313529,Brute Force -XSS,Brute Force -XSS,True,2,Fwd Pkts/s,fwdpktss,4.330632209777832,4.330632209777832
313529,Brute Force -XSS,Brute Force -XSS,True,3,Dst Port,dstport,1.544568657875061,1.544568657875061
313529,Brute Force -XSS,Brute Force -XSS,True,4,Flow IAT Mean,flowiatmean,0.6248128414154053,0.6248128414154053
313529,Brute Force -XSS,Brute Force -XSS,True,5,Bwd Pkts/s,bwdpktss,0.5637691617012024,0.5637691617012024
314183,Brute Force -XSS,Brute Force -XSS,True,1,Pkt Len Std,pktlenstd,3.5136632919311523,3.5136632919311523
314183,Brute Force -XSS,Brute Force -XSS,True,2,Tot Fwd Pkts,totfwdpkts,3.434457540512085,3.434457540512085
314183,Brute Force -XSS,Brute Force -XSS,True,3,Fwd Pkt Len Mean,fwdpktlenmean,2.4241909980773926,2.4241909980773926
314183,Brute Force -XSS,Brute Force -XSS,True,4,Pkt Len Mean,pktlenmean,1.1331641674041748,1.1331641674041748
314183,Brute Force -XSS,Brute Force -XSS,True,5,Flow IAT Min,flowiatmin,0.6332473158836365,0.6332473158836365
317120,Brute Force -XSS,Brute Force -XSS,True,1,Init Fwd Win Byts,initfwdwinbyts,5.2200846672058105,5.2200846672058105
317120,Brute Force -XSS,Brute Force -XSS,True,2,Fwd Pkts/s,fwdpktss,4.04099702835083,4.04099702835083
317120,Brute Force -XSS,Brute Force -XSS,True,3,Dst Port,dstport,1.3960487842559814,1.3960487842559814
317120,Brute Force -XSS,Brute Force -XSS,True,4,Bwd Pkts/s,bwdpktss,0.5624194145202637,0.5624194145202637
317120,Brute Force -XSS,Brute Force -XSS,True,5,Flow IAT Max,flowiatmax,0.23419243097305298,0.23419243097305298
320952,Brute Force -XSS,Brute Force -XSS,True,1,Pkt Len Std,pktlenstd,3.5136632919311523,3.5136632919311523
320952,Brute Force -XSS,Brute Force -XSS,True,2,Tot Fwd Pkts,totfwdpkts,3.434457540512085,3.434457540512085
320952,Brute Force -XSS,Brute Force -XSS,True,3,Fwd Pkt Len Mean,fwdpktlenmean,2.428173303604126,2.428173303604126
320952,Brute Force -XSS,Brute Force -XSS,True,4,Pkt Len Mean,pktlenmean,1.1331641674041748,1.1331641674041748
320952,Brute Force -XSS,Brute Force -XSS,True,5,Flow IAT Min,flowiatmin,0.6502411961555481,0.6502411961555481
338824,Brute Force -XSS,Brute Force -XSS,True,1,Init Fwd Win Byts,initfwdwinbyts,4.056970119476318,4.056970119476318
338824,Brute Force -XSS,Brute Force -XSS,True,2,Fwd Pkts/s,fwdpktss,2.922363042831421,2.922363042831421
338824,Brute Force -XSS,Brute Force -XSS,True,3,Dst Port,dstport,1.856401801109314,1.856401801109314
338824,Brute Force -XSS,Brute Force -XSS,True,4,Flow IAT Mean,flowiatmean,0.620672345161438,0.620672345161438
338824,Brute Force -XSS,Brute Force -XSS,True,5,Flow IAT Max,flowiatmax,0.5872321724891663,0.5872321724891663
346512,Brute Force -XSS,Brute Force -XSS,True,1,Init Fwd Win Byts,initfwdwinbyts,5.014847755432129,5.014847755432129
346512,Brute Force -XSS,Brute Force -XSS,True,2,Fwd Pkts/s,fwdpktss,4.241885662078857,4.241885662078857
346512,Brute Force -XSS,Brute Force -XSS,True,3,Dst Port,dstport,1.5581755638122559,1.5581755638122559
346512,Brute Force -XSS,Brute Force -XSS,True,4,Bwd Pkts/s,bwdpktss,0.5875995755195618,0.5875995755195618
346512,Brute Force -XSS,Brute Force -XSS,True,5,Flow Duration,flowduration,0.39775124192237854,0.39775124192237854
374398,Brute Force -XSS,Brute Force -XSS,True,1,Init Fwd Win Byts,initfwdwinbyts,5.0175371170043945,5.0175371170043945
374398,Brute Force -XSS,Brute Force -XSS,True,2,Fwd Pkts/s,fwdpktss,4.1950154304504395,4.1950154304504395
374398,Brute Force -XSS,Brute Force -XSS,True,3,Dst Port,dstport,1.5510793924331665,1.5510793924331665
374398,Brute Force -XSS,Brute Force -XSS,True,4,Bwd Pkts/s,bwdpktss,0.5836767554283142,0.5836767554283142
374398,Brute Force -XSS,Brute Force -XSS,True,5,Flow Duration,flowduration,0.44447198510169983,0.44447198510169983
390292,Brute Force -XSS,Brute Force -XSS,True,1,Pkt Len Std,pktlenstd,3.5442135334014893,3.5442135334014893
390292,Brute Force -XSS,Brute Force -XSS,True,2,Tot Fwd Pkts,totfwdpkts,3.434457540512085,3.434457540512085
390292,Brute Force -XSS,Brute Force -XSS,True,3,Fwd Pkt Len Mean,fwdpktlenmean,2.43163800239563,2.43163800239563
390292,Brute Force -XSS,Brute Force -XSS,True,4,Pkt Len Mean,pktlenmean,1.1331641674041748,1.1331641674041748
390292,Brute Force -XSS,Brute Force -XSS,True,5,Dst Port,dstport,0.6309912800788879,0.6309912800788879
423486,Brute Force -XSS,Brute Force -XSS,True,1,Init Fwd Win Byts,initfwdwinbyts,5.12710428237915,5.12710428237915
423486,Brute Force -XSS,Brute Force -XSS,True,2,Fwd Pkts/s,fwdpktss,4.2351179122924805,4.2351179122924805
423486,Brute Force -XSS,Brute Force -XSS,True,3,Dst Port,dstport,1.5923535823822021,1.5923535823822021
423486,Brute Force -XSS,Brute Force -XSS,True,4,Bwd Pkts/s,bwdpktss,0.5884288549423218,0.5884288549423218
423486,Brute Force -XSS,Brute Force -XSS,True,5,Flow IAT Max,flowiatmax,0.5176195502281189,0.5176195502281189
434271,Brute Force -XSS,Brute Force -XSS,True,1,Init Fwd Win Byts,initfwdwinbyts,5.01516056060791,5.01516056060791
434271,Brute Force -XSS,Brute Force -XSS,True,2,Fwd Pkts/s,fwdpktss,4.150524139404297,4.150524139404297
434271,Brute Force -XSS,Brute Force -XSS,True,3,Dst Port,dstport,1.541147232055664,1.541147232055664
434271,Brute Force -XSS,Brute Force -XSS,True,4,Bwd Pkts/s,bwdpktss,0.5888960957527161,0.5888960957527161
434271,Brute Force -XSS,Brute Force -XSS,True,5,Flow Duration,flowduration,0.4272981286048889,0.4272981286048889
460443,Brute Force -XSS,Brute Force -XSS,True,1,Pkt Len Std,pktlenstd,3.5136632919311523,3.5136632919311523
460443,Brute Force -XSS,Brute Force -XSS,True,2,Tot Fwd Pkts,totfwdpkts,3.434457540512085,3.434457540512085
460443,Brute Force -XSS,Brute Force -XSS,True,3,Fwd Pkt Len Mean,fwdpktlenmean,2.4192824363708496,2.4192824363708496
460443,Brute Force -XSS,Brute Force -XSS,True,4,Pkt Len Mean,pktlenmean,1.1331641674041748,1.1331641674041748
460443,Brute Force -XSS,Brute Force -XSS,True,5,Flow IAT Min,flowiatmin,0.6502411961555481,0.6502411961555481
476206,Brute Force -XSS,Brute Force -XSS,True,1,Pkt Len Std,pktlenstd,3.556150436401367,3.556150436401367
476206,Brute Force -XSS,Brute Force -XSS,True,2,Tot Fwd Pkts,totfwdpkts,3.434457540512085,3.434457540512085
476206,Brute Force -XSS,Brute Force -XSS,True,3,Fwd Pkt Len Mean,fwdpktlenmean,2.4390499591827393,2.4390499591827393
476206,Brute Force -XSS,Brute Force -XSS,True,4,Pkt Len Mean,pktlenmean,1.1331641674041748,1.1331641674041748
476206,Brute Force -XSS,Brute Force -XSS,True,5,Dst Port,dstport,0.6308263540267944,0.6308263540267944
476336,Brute Force -XSS,Brute Force -XSS,True,1,Pkt Len Std,pktlenstd,3.556150436401367,3.556150436401367
476336,Brute Force -XSS,Brute Force -XSS,True,2,Tot Fwd Pkts,totfwdpkts,3.434457540512085,3.434457540512085
476336,Brute Force -XSS,Brute Force -XSS,True,3,Fwd Pkt Len Mean,fwdpktlenmean,2.4390499591827393,2.4390499591827393
476336,Brute Force -XSS,Brute Force -XSS,True,4,Pkt Len Mean,pktlenmean,1.1304683685302734,1.1304683685302734
476336,Brute Force -XSS,Brute Force -XSS,True,5,Dst Port,dstport,0.624238133430481,0.624238133430481
496226,Brute Force -XSS,SQL Injection,False,1,Init Fwd Win Byts,initfwdwinbyts,4.424851894378662,4.424851894378662
496226,Brute Force -XSS,SQL Injection,False,2,Fwd Pkts/s,fwdpktss,3.6005373001098633,3.6005373001098633
496226,Brute Force -XSS,SQL Injection,False,3,Dst Port,dstport,1.43326735496521,1.43326735496521
496226,Brute Force -XSS,SQL Injection,False,4,Flow IAT Min,flowiatmin,0.7290123701095581,0.7290123701095581
496226,Brute Force -XSS,SQL Injection,False,5,Fwd Pkt Len Std,fwdpktlenstd,0.23286621272563934,0.23286621272563934
503052,Brute Force -XSS,Brute Force -XSS,True,1,Pkt Len Std,pktlenstd,3.5442135334014893,3.5442135334014893
503052,Brute Force -XSS,Brute Force -XSS,True,2,Tot Fwd Pkts,totfwdpkts,3.434457540512085,3.434457540512085
503052,Brute Force -XSS,Brute Force -XSS,True,3,Fwd Pkt Len Mean,fwdpktlenmean,2.43163800239563,2.43163800239563
503052,Brute Force -XSS,Brute Force -XSS,True,4,Pkt Len Mean,pktlenmean,1.1331641674041748,1.1331641674041748
503052,Brute Force -XSS,Brute Force -XSS,True,5,Dst Port,dstport,0.6184442639350891,0.6184442639350891
521700,Brute Force -XSS,Brute Force -XSS,True,1,Init Fwd Win Byts,initfwdwinbyts,3.4974441528320312,3.4974441528320312
521700,Brute Force -XSS,Brute Force -XSS,True,2,Fwd Pkts/s,fwdpktss,2.3793187141418457,2.3793187141418457
521700,Brute Force -XSS,Brute Force -XSS,True,3,Dst Port,dstport,2.0194246768951416,2.0194246768951416
521700,Brute Force -XSS,Brute Force -XSS,True,4,Flow IAT Max,flowiatmax,0.8351944088935852,0.8351944088935852
521700,Brute Force -XSS,Brute Force -XSS,True,5,Fwd IAT Min,fwdiatmin,-0.7818072438240051,0.7818072438240051
522204,Brute Force -XSS,Brute Force -XSS,True,1,Init Fwd Win Byts,initfwdwinbyts,3.0486772060394287,3.0486772060394287
522204,Brute Force -XSS,Brute Force -XSS,True,2,Fwd Pkts/s,fwdpktss,2.4562156200408936,2.4562156200408936
522204,Brute Force -XSS,Brute Force -XSS,True,3,Dst Port,dstport,2.267289161682129,2.267289161682129
522204,Brute Force -XSS,Brute Force -XSS,True,4,Flow Pkts/s,flowpktss,0.6945582628250122,0.6945582628250122
522204,Brute Force -XSS,Brute Force -XSS,True,5,Flow IAT Mean,flowiatmean,0.6180686950683594,0.6180686950683594
556032,Brute Force -XSS,Brute Force -XSS,True,1,Pkt Len Std,pktlenstd,3.5442135334014893,3.5442135334014893
556032,Brute Force -XSS,Brute Force -XSS,True,2,Tot Fwd Pkts,totfwdpkts,3.434457540512085,3.434457540512085
556032,Brute Force -XSS,Brute Force -XSS,True,3,Fwd Pkt Len Mean,fwdpktlenmean,2.43163800239563,2.43163800239563
556032,Brute Force -XSS,Brute Force -XSS,True,4,Pkt Len Mean,pktlenmean,1.1331641674041748,1.1331641674041748
556032,Brute Force -XSS,Brute Force -XSS,True,5,Dst Port,dstport,0.6309912800788879,0.6309912800788879
559418,Brute Force -XSS,Brute Force -XSS,True,1,Pkt Len Std,pktlenstd,3.556150436401367,3.556150436401367
559418,Brute Force -XSS,Brute Force -XSS,True,2,Tot Fwd Pkts,totfwdpkts,3.434457540512085,3.434457540512085
559418,Brute Force -XSS,Brute Force -XSS,True,3,Fwd Pkt Len Mean,fwdpktlenmean,2.4390499591827393,2.4390499591827393
559418,Brute Force -XSS,Brute Force -XSS,True,4,Pkt Len Mean,pktlenmean,1.1331641674041748,1.1331641674041748
559418,Brute Force -XSS,Brute Force -XSS,True,5,Dst Port,dstport,0.6308263540267944,0.6308263540267944
572379,Brute Force -XSS,Brute Force -XSS,True,1,Init Fwd Win Byts,initfwdwinbyts,4.985503673553467,4.985503673553467
572379,Brute Force -XSS,Brute Force -XSS,True,2,Fwd Pkts/s,fwdpktss,4.2573676109313965,4.2573676109313965
572379,Brute Force -XSS,Brute Force -XSS,True,3,Dst Port,dstport,1.4656955003738403,1.4656955003738403
572379,Brute Force -XSS,Brute Force -XSS,True,4,Bwd Pkts/s,bwdpktss,0.5864092111587524,0.5864092111587524
572379,Brute Force -XSS,Brute Force -XSS,True,5,Flow IAT Max,flowiatmax,0.2217041254043579,0.2217041254043579
573424,Brute Force -XSS,Brute Force -XSS,True,1,Init Fwd Win Byts,initfwdwinbyts,5.288190841674805,5.288190841674805
573424,Brute Force -XSS,Brute Force -XSS,True,2,Fwd Pkts/s,fwdpktss,4.164256572723389,4.164256572723389
573424,Brute Force -XSS,Brute Force -XSS,True,3,Dst Port,dstport,1.480733871459961,1.480733871459961
573424,Brute Force -XSS,Brute Force -XSS,True,4,Bwd Pkts/s,bwdpktss,0.5656301379203796,0.5656301379203796
573424,Brute Force -XSS,Brute Force -XSS,True,5,Flow Duration,flowduration,0.363921582698822,0.363921582698822
598293,Brute Force -XSS,Brute Force -XSS,True,1,Pkt Len Std,pktlenstd,3.5442135334014893,3.5442135334014893
598293,Brute Force -XSS,Brute Force -XSS,True,2,Tot Fwd Pkts,totfwdpkts,3.434457540512085,3.434457540512085
598293,Brute Force -XSS,Brute Force -XSS,True,3,Fwd Pkt Len Mean,fwdpktlenmean,2.43163800239563,2.43163800239563
598293,Brute Force -XSS,Brute Force -XSS,True,4,Pkt Len Mean,pktlenmean,1.1331641674041748,1.1331641674041748
598293,Brute Force -XSS,Brute Force -XSS,True,5,Dst Port,dstport,0.6308263540267944,0.6308263540267944
630081,Brute Force -XSS,Brute Force -XSS,True,1,Init Fwd Win Byts,initfwdwinbyts,5.288190841674805,5.288190841674805
630081,Brute Force -XSS,Brute Force -XSS,True,2,Fwd Pkts/s,fwdpktss,4.1466779708862305,4.1466779708862305
630081,Brute Force -XSS,Brute Force -XSS,True,3,Dst Port,dstport,1.473105788230896,1.473105788230896
630081,Brute Force -XSS,Brute Force -XSS,True,4,Bwd Pkts/s,bwdpktss,0.5656301379203796,0.5656301379203796
630081,Brute Force -XSS,Brute Force -XSS,True,5,Flow Duration,flowduration,0.34384918212890625,0.34384918212890625
651743,Brute Force -XSS,Brute Force -XSS,True,1,Pkt Len Std,pktlenstd,3.5118348598480225,3.5118348598480225
651743,Brute Force -XSS,Brute Force -XSS,True,2,Tot Fwd Pkts,totfwdpkts,3.434457540512085,3.434457540512085
651743,Brute Force -XSS,Brute Force -XSS,True,3,Fwd Pkt Len Mean,fwdpktlenmean,2.4241909980773926,2.4241909980773926
651743,Brute Force -XSS,Brute Force -XSS,True,4,Pkt Len Mean,pktlenmean,1.1309880018234253,1.1309880018234253
651743,Brute Force -XSS,Brute Force -XSS,True,5,Flow IAT Min,flowiatmin,0.639430046081543,0.639430046081543
669816,Brute Force -XSS,Brute Force -XSS,True,1,Pkt Len Std,pktlenstd,3.5442135334014893,3.5442135334014893
669816,Brute Force -XSS,Brute Force -XSS,True,2,Tot Fwd Pkts,totfwdpkts,3.434457540512085,3.434457540512085
669816,Brute Force -XSS,Brute Force -XSS,True,3,Fwd Pkt Len Mean,fwdpktlenmean,2.4295599460601807,2.4295599460601807
669816,Brute Force -XSS,Brute Force -XSS,True,4,Pkt Len Mean,pktlenmean,1.1226309537887573,1.1226309537887573
669816,Brute Force -XSS,Brute Force -XSS,True,5,Dst Port,dstport,0.6191679835319519,0.6191679835319519
695058,Brute Force -XSS,Brute Force -XSS,True,1,Init Fwd Win Byts,initfwdwinbyts,5.125877857208252,5.125877857208252
695058,Brute Force -XSS,Brute Force -XSS,True,2,Fwd Pkts/s,fwdpktss,4.235121726989746,4.235121726989746
695058,Brute Force -XSS,Brute Force -XSS,True,3,Dst Port,dstport,1.59088134765625,1.59088134765625
695058,Brute Force -XSS,Brute Force -XSS,True,4,Bwd Pkts/s,bwdpktss,0.5845707058906555,0.5845707058906555
695058,Brute Force -XSS,Brute Force -XSS,True,5,Flow IAT Max,flowiatmax,0.5176244974136353,0.5176244974136353
695843,Brute Force -XSS,Brute Force -XSS,True,1,Init Fwd Win Byts,initfwdwinbyts,4.567257881164551,4.567257881164551
695843,Brute Force -XSS,Brute Force -XSS,True,2,Fwd Pkts/s,fwdpktss,3.9697139263153076,3.9697139263153076
695843,Brute Force -XSS,Brute Force -XSS,True,3,Dst Port,dstport,1.2159898281097412,1.2159898281097412
695843,Brute Force -XSS,Brute Force -XSS,True,4,Bwd Pkts/s,bwdpktss,0.5585328340530396,0.5585328340530396
695843,Brute Force -XSS,Brute Force -XSS,True,5,Flow IAT Max,flowiatmax,-0.45585665106773376,0.45585665106773376
24329,DDOS attack-HOIC,DDOS attack-HOIC,True,1,Init Fwd Win Byts,initfwdwinbyts,6.57236909866333,6.57236909866333
24329,DDOS attack-HOIC,DDOS attack-HOIC,True,2,Dst Port,dstport,0.5738213062286377,0.5738213062286377
24329,DDOS attack-HOIC,DDOS attack-HOIC,True,3,Tot Bwd Pkts,totbwdpkts,-0.26849743723869324,0.26849743723869324
24329,DDOS attack-HOIC,DDOS attack-HOIC,True,4,Fwd IAT Tot,fwdiattot,0.005026224534958601,0.005026224534958601
24329,DDOS attack-HOIC,DDOS attack-HOIC,True,5,Flow IAT Max,flowiatmax,0.002507149474695325,0.002507149474695325
42365,DDOS attack-HOIC,DDOS attack-HOIC,True,1,Init Fwd Win Byts,initfwdwinbyts,6.174546718597412,6.174546718597412
42365,DDOS attack-HOIC,DDOS attack-HOIC,True,2,Dst Port,dstport,0.5769719481468201,0.5769719481468201
42365,DDOS attack-HOIC,DDOS attack-HOIC,True,3,Tot Bwd Pkts,totbwdpkts,0.08553703129291534,0.08553703129291534
42365,DDOS attack-HOIC,DDOS attack-HOIC,True,4,Fwd IAT Tot,fwdiattot,0.024083374068140984,0.024083374068140984
42365,DDOS attack-HOIC,DDOS attack-HOIC,True,5,Flow Duration,flowduration,0.003508953610435128,0.003508953610435128
50260,DDOS attack-HOIC,DDOS attack-HOIC,True,1,Init Fwd Win Byts,initfwdwinbyts,6.174546718597412,6.174546718597412
50260,DDOS attack-HOIC,DDOS attack-HOIC,True,2,Dst Port,dstport,0.5769719481468201,0.5769719481468201
50260,DDOS attack-HOIC,DDOS attack-HOIC,True,3,Tot Bwd Pkts,totbwdpkts,0.08553703129291534,0.08553703129291534
50260,DDOS attack-HOIC,DDOS attack-HOIC,True,4,Fwd IAT Tot,fwdiattot,0.024083374068140984,0.024083374068140984
50260,DDOS attack-HOIC,DDOS attack-HOIC,True,5,Flow Duration,flowduration,0.003508953610435128,0.003508953610435128
58795,DDOS attack-HOIC,DDOS attack-HOIC,True,1,Init Fwd Win Byts,initfwdwinbyts,6.57236909866333,6.57236909866333
58795,DDOS attack-HOIC,DDOS attack-HOIC,True,2,Dst Port,dstport,0.5738213062286377,0.5738213062286377
58795,DDOS attack-HOIC,DDOS attack-HOIC,True,3,Tot Bwd Pkts,totbwdpkts,-0.26849743723869324,0.26849743723869324
58795,DDOS attack-HOIC,DDOS attack-HOIC,True,4,Fwd IAT Tot,fwdiattot,0.005026224534958601,0.005026224534958601
58795,DDOS attack-HOIC,DDOS attack-HOIC,True,5,Flow IAT Max,flowiatmax,0.002507149474695325,0.002507149474695325
62692,DDOS attack-HOIC,DDOS attack-HOIC,True,1,Init Fwd Win Byts,initfwdwinbyts,6.57236909866333,6.57236909866333
62692,DDOS attack-HOIC,DDOS attack-HOIC,True,2,Dst Port,dstport,0.5738213062286377,0.5738213062286377
62692,DDOS attack-HOIC,DDOS attack-HOIC,True,3,Tot Bwd Pkts,totbwdpkts,-0.26849743723869324,0.26849743723869324
62692,DDOS attack-HOIC,DDOS attack-HOIC,True,4,Fwd IAT Tot,fwdiattot,0.005026224534958601,0.005026224534958601
62692,DDOS attack-HOIC,DDOS attack-HOIC,True,5,Flow IAT Max,flowiatmax,0.002507149474695325,0.002507149474695325
66148,DDOS attack-HOIC,DDOS attack-HOIC,True,1,Init Fwd Win Byts,initfwdwinbyts,6.57236909866333,6.57236909866333
66148,DDOS attack-HOIC,DDOS attack-HOIC,True,2,Dst Port,dstport,0.5738213062286377,0.5738213062286377
66148,DDOS attack-HOIC,DDOS attack-HOIC,True,3,Tot Bwd Pkts,totbwdpkts,-0.26849743723869324,0.26849743723869324
66148,DDOS attack-HOIC,DDOS attack-HOIC,True,4,Fwd IAT Tot,fwdiattot,0.005026224534958601,0.005026224534958601
66148,DDOS attack-HOIC,DDOS attack-HOIC,True,5,Flow IAT Max,flowiatmax,0.002507149474695325,0.002507149474695325
91477,DDOS attack-HOIC,DDOS attack-HOIC,True,1,Init Fwd Win Byts,initfwdwinbyts,6.57236909866333,6.57236909866333
91477,DDOS attack-HOIC,DDOS attack-HOIC,True,2,Dst Port,dstport,0.5738213062286377,0.5738213062286377
91477,DDOS attack-HOIC,DDOS attack-HOIC,True,3,Tot Bwd Pkts,totbwdpkts,-0.26849743723869324,0.26849743723869324
91477,DDOS attack-HOIC,DDOS attack-HOIC,True,4,Fwd IAT Tot,fwdiattot,0.005026224534958601,0.005026224534958601
91477,DDOS attack-HOIC,DDOS attack-HOIC,True,5,Flow IAT Max,flowiatmax,0.002507149474695325,0.002507149474695325
92938,DDOS attack-HOIC,DDOS attack-HOIC,True,1,Init Fwd Win Byts,initfwdwinbyts,6.606494903564453,6.606494903564453
92938,DDOS attack-HOIC,DDOS attack-HOIC,True,2,Dst Port,dstport,0.5773088932037354,0.5773088932037354
92938,DDOS attack-HOIC,DDOS attack-HOIC,True,3,Tot Bwd Pkts,totbwdpkts,-0.2613714933395386,0.2613714933395386
92938,DDOS attack-HOIC,DDOS attack-HOIC,True,4,Flow Duration,flowduration,0.08733624964952469,0.08733624964952469
92938,DDOS attack-HOIC,DDOS attack-HOIC,True,5,Fwd IAT Tot,fwdiattot,0.005098686087876558,0.005098686087876558
95181,DDOS attack-HOIC,DDOS attack-HOIC,True,1,Init Fwd Win Byts,initfwdwinbyts,6.57236909866333,6.57236909866333
95181,DDOS attack-HOIC,DDOS attack-HOIC,True,2,Dst Port,dstport,0.5738213062286377,0.5738213062286377
95181,DDOS attack-HOIC,DDOS attack-HOIC,True,3,Tot Bwd Pkts,totbwdpkts,-0.26849743723869324,0.26849743723869324
95181,DDOS attack-HOIC,DDOS attack-HOIC,True,4,Fwd IAT Tot,fwdiattot,0.005026224534958601,0.005026224534958601
95181,DDOS attack-HOIC,DDOS attack-HOIC,True,5,Flow IAT Max,flowiatmax,0.002507149474695325,0.002507149474695325
96758,DDOS attack-HOIC,DDOS attack-HOIC,True,1,Init Fwd Win Byts,initfwdwinbyts,6.174546718597412,6.174546718597412
96758,DDOS attack-HOIC,DDOS attack-HOIC,True,2,Dst Port,dstport,0.5769719481468201,0.5769719481468201
96758,DDOS attack-HOIC,DDOS attack-HOIC,True,3,Tot Bwd Pkts,totbwdpkts,0.08553703129291534,0.08553703129291534
96758,DDOS attack-HOIC,DDOS attack-HOIC,True,4,Fwd IAT Tot,fwdiattot,0.024083374068140984,0.024083374068140984
96758,DDOS attack-HOIC,DDOS attack-HOIC,True,5,Flow Duration,flowduration,0.003508953610435128,0.003508953610435128
115327,DDOS attack-HOIC,DDOS attack-HOIC,True,1,Init Fwd Win Byts,initfwdwinbyts,6.174546718597412,6.174546718597412
115327,DDOS attack-HOIC,DDOS attack-HOIC,True,2,Dst Port,dstport,0.5769719481468201,0.5769719481468201
115327,DDOS attack-HOIC,DDOS attack-HOIC,True,3,Tot Bwd Pkts,totbwdpkts,0.08553703129291534,0.08553703129291534
115327,DDOS attack-HOIC,DDOS attack-HOIC,True,4,Fwd IAT Tot,fwdiattot,0.024083374068140984,0.024083374068140984
115327,DDOS attack-HOIC,DDOS attack-HOIC,True,5,Flow Duration,flowduration,0.003508953610435128,0.003508953610435128
118474,DDOS attack-HOIC,DDOS attack-HOIC,True,1,Init Fwd Win Byts,initfwdwinbyts,6.57236909866333,6.57236909866333
118474,DDOS attack-HOIC,DDOS attack-HOIC,True,2,Dst Port,dstport,0.5738213062286377,0.5738213062286377
118474,DDOS attack-HOIC,DDOS attack-HOIC,True,3,Tot Bwd Pkts,totbwdpkts,-0.26849743723869324,0.26849743723869324
118474,DDOS attack-HOIC,DDOS attack-HOIC,True,4,Fwd IAT Tot,fwdiattot,0.005026224534958601,0.005026224534958601
118474,DDOS attack-HOIC,DDOS attack-HOIC,True,5,Flow IAT Max,flowiatmax,0.002507149474695325,0.002507149474695325
123673,DDOS attack-HOIC,DDOS attack-HOIC,True,1,Init Fwd Win Byts,initfwdwinbyts,6.57236909866333,6.57236909866333
123673,DDOS attack-HOIC,DDOS attack-HOIC,True,2,Dst Port,dstport,0.5738213062286377,0.5738213062286377
123673,DDOS attack-HOIC,DDOS attack-HOIC,True,3,Tot Bwd Pkts,totbwdpkts,-0.26849743723869324,0.26849743723869324
123673,DDOS attack-HOIC,DDOS attack-HOIC,True,4,Fwd IAT Tot,fwdiattot,0.005026224534958601,0.005026224534958601
123673,DDOS attack-HOIC,DDOS attack-HOIC,True,5,Flow IAT Max,flowiatmax,0.002507149474695325,0.002507149474695325
127991,DDOS attack-HOIC,DDOS attack-HOIC,True,1,Init Fwd Win Byts,initfwdwinbyts,6.57236909866333,6.57236909866333
127991,DDOS attack-HOIC,DDOS attack-HOIC,True,2,Dst Port,dstport,0.5738213062286377,0.5738213062286377
127991,DDOS attack-HOIC,DDOS attack-HOIC,True,3,Tot Bwd Pkts,totbwdpkts,-0.26849743723869324,0.26849743723869324
127991,DDOS attack-HOIC,DDOS attack-HOIC,True,4,Fwd IAT Tot,fwdiattot,0.005026224534958601,0.005026224534958601
127991,DDOS attack-HOIC,DDOS attack-HOIC,True,5,Flow IAT Max,flowiatmax,0.002507149474695325,0.002507149474695325
141671,DDOS attack-HOIC,DDOS attack-HOIC,True,1,Init Fwd Win Byts,initfwdwinbyts,6.57236909866333,6.57236909866333
141671,DDOS attack-HOIC,DDOS attack-HOIC,True,2,Dst Port,dstport,0.5738213062286377,0.5738213062286377
141671,DDOS attack-HOIC,DDOS attack-HOIC,True,3,Tot Bwd Pkts,totbwdpkts,-0.26849743723869324,0.26849743723869324
141671,DDOS attack-HOIC,DDOS attack-HOIC,True,4,Fwd IAT Tot,fwdiattot,0.005026224534958601,0.005026224534958601
141671,DDOS attack-HOIC,DDOS attack-HOIC,True,5,Flow IAT Max,flowiatmax,0.002507149474695325,0.002507149474695325
141707,DDOS attack-HOIC,DDOS attack-HOIC,True,1,Init Fwd Win Byts,initfwdwinbyts,6.57236909866333,6.57236909866333
141707,DDOS attack-HOIC,DDOS attack-HOIC,True,2,Dst Port,dstport,0.5738213062286377,0.5738213062286377
141707,DDOS attack-HOIC,DDOS attack-HOIC,True,3,Tot Bwd Pkts,totbwdpkts,-0.26849743723869324,0.26849743723869324
141707,DDOS attack-HOIC,DDOS attack-HOIC,True,4,Fwd IAT Tot,fwdiattot,0.005026224534958601,0.005026224534958601
141707,DDOS attack-HOIC,DDOS attack-HOIC,True,5,Flow IAT Max,flowiatmax,0.002507149474695325,0.002507149474695325
163104,DDOS attack-HOIC,DDOS attack-HOIC,True,1,Init Fwd Win Byts,initfwdwinbyts,6.57236909866333,6.57236909866333
163104,DDOS attack-HOIC,DDOS attack-HOIC,True,2,Dst Port,dstport,0.5738213062286377,0.5738213062286377
163104,DDOS attack-HOIC,DDOS attack-HOIC,True,3,Tot Bwd Pkts,totbwdpkts,-0.26849743723869324,0.26849743723869324
163104,DDOS attack-HOIC,DDOS attack-HOIC,True,4,Fwd IAT Tot,fwdiattot,0.005026224534958601,0.005026224534958601
163104,DDOS attack-HOIC,DDOS attack-HOIC,True,5,Flow IAT Max,flowiatmax,0.002507149474695325,0.002507149474695325
165151,DDOS attack-HOIC,DDOS attack-HOIC,True,1,Init Fwd Win Byts,initfwdwinbyts,6.57236909866333,6.57236909866333
165151,DDOS attack-HOIC,DDOS attack-HOIC,True,2,Dst Port,dstport,0.5738213062286377,0.5738213062286377
165151,DDOS attack-HOIC,DDOS attack-HOIC,True,3,Tot Bwd Pkts,totbwdpkts,-0.26849743723869324,0.26849743723869324
165151,DDOS attack-HOIC,DDOS attack-HOIC,True,4,Fwd IAT Tot,fwdiattot,0.005026224534958601,0.005026224534958601
165151,DDOS attack-HOIC,DDOS attack-HOIC,True,5,Flow IAT Max,flowiatmax,0.002507149474695325,0.002507149474695325
175192,DDOS attack-HOIC,DDOS attack-HOIC,True,1,Init Fwd Win Byts,initfwdwinbyts,6.57236909866333,6.57236909866333
175192,DDOS attack-HOIC,DDOS attack-HOIC,True,2,Dst Port,dstport,0.5738213062286377,0.5738213062286377
175192,DDOS attack-HOIC,DDOS attack-HOIC,True,3,Tot Bwd Pkts,totbwdpkts,-0.26849743723869324,0.26849743723869324
175192,DDOS attack-HOIC,DDOS attack-HOIC,True,4,Fwd IAT Tot,fwdiattot,0.005026224534958601,0.005026224534958601
175192,DDOS attack-HOIC,DDOS attack-HOIC,True,5,Flow IAT Max,flowiatmax,0.002507149474695325,0.002507149474695325
178043,DDOS attack-HOIC,DDOS attack-HOIC,True,1,Init Fwd Win Byts,initfwdwinbyts,6.57236909866333,6.57236909866333
178043,DDOS attack-HOIC,DDOS attack-HOIC,True,2,Dst Port,dstport,0.5738213062286377,0.5738213062286377
178043,DDOS attack-HOIC,DDOS attack-HOIC,True,3,Tot Bwd Pkts,totbwdpkts,-0.26849743723869324,0.26849743723869324
178043,DDOS attack-HOIC,DDOS attack-HOIC,True,4,Fwd IAT Tot,fwdiattot,0.005026224534958601,0.005026224534958601
178043,DDOS attack-HOIC,DDOS attack-HOIC,True,5,Flow IAT Max,flowiatmax,0.002507149474695325,0.002507149474695325
186764,DDOS attack-HOIC,DDOS attack-HOIC,True,1,Init Fwd Win Byts,initfwdwinbyts,6.57236909866333,6.57236909866333
186764,DDOS attack-HOIC,DDOS attack-HOIC,True,2,Dst Port,dstport,0.5738213062286377,0.5738213062286377
186764,DDOS attack-HOIC,DDOS attack-HOIC,True,3,Tot Bwd Pkts,totbwdpkts,-0.26849743723869324,0.26849743723869324
186764,DDOS attack-HOIC,DDOS attack-HOIC,True,4,Fwd IAT Tot,fwdiattot,0.005026224534958601,0.005026224534958601
186764,DDOS attack-HOIC,DDOS attack-HOIC,True,5,Flow IAT Max,flowiatmax,0.002507149474695325,0.002507149474695325
201783,DDOS attack-HOIC,DDOS attack-HOIC,True,1,Init Fwd Win Byts,initfwdwinbyts,6.57236909866333,6.57236909866333
201783,DDOS attack-HOIC,DDOS attack-HOIC,True,2,Dst Port,dstport,0.5738213062286377,0.5738213062286377
201783,DDOS attack-HOIC,DDOS attack-HOIC,True,3,Tot Bwd Pkts,totbwdpkts,-0.26849743723869324,0.26849743723869324
201783,DDOS attack-HOIC,DDOS attack-HOIC,True,4,Fwd IAT Tot,fwdiattot,0.005026224534958601,0.005026224534958601
201783,DDOS attack-HOIC,DDOS attack-HOIC,True,5,Flow IAT Max,flowiatmax,0.002507149474695325,0.002507149474695325
207926,DDOS attack-HOIC,DDOS attack-HOIC,True,1,Init Fwd Win Byts,initfwdwinbyts,6.57236909866333,6.57236909866333
207926,DDOS attack-HOIC,DDOS attack-HOIC,True,2,Dst Port,dstport,0.5738213062286377,0.5738213062286377
207926,DDOS attack-HOIC,DDOS attack-HOIC,True,3,Tot Bwd Pkts,totbwdpkts,-0.26849743723869324,0.26849743723869324
207926,DDOS attack-HOIC,DDOS attack-HOIC,True,4,Fwd IAT Tot,fwdiattot,0.005026224534958601,0.005026224534958601
207926,DDOS attack-HOIC,DDOS attack-HOIC,True,5,Flow IAT Max,flowiatmax,0.002507149474695325,0.002507149474695325
226533,DDOS attack-HOIC,DDOS attack-HOIC,True,1,Init Fwd Win Byts,initfwdwinbyts,6.174546718597412,6.174546718597412
226533,DDOS attack-HOIC,DDOS attack-HOIC,True,2,Dst Port,dstport,0.5769719481468201,0.5769719481468201
226533,DDOS attack-HOIC,DDOS attack-HOIC,True,3,Tot Bwd Pkts,totbwdpkts,0.08553703129291534,0.08553703129291534
226533,DDOS attack-HOIC,DDOS attack-HOIC,True,4,Fwd IAT Tot,fwdiattot,0.024083374068140984,0.024083374068140984
226533,DDOS attack-HOIC,DDOS attack-HOIC,True,5,Flow Duration,flowduration,0.003508953610435128,0.003508953610435128
229680,DDOS attack-HOIC,DDOS attack-HOIC,True,1,Init Fwd Win Byts,initfwdwinbyts,6.57236909866333,6.57236909866333
229680,DDOS attack-HOIC,DDOS attack-HOIC,True,2,Dst Port,dstport,0.5738213062286377,0.5738213062286377
229680,DDOS attack-HOIC,DDOS attack-HOIC,True,3,Tot Bwd Pkts,totbwdpkts,-0.26849743723869324,0.26849743723869324
229680,DDOS attack-HOIC,DDOS attack-HOIC,True,4,Fwd IAT Tot,fwdiattot,0.005026224534958601,0.005026224534958601
229680,DDOS attack-HOIC,DDOS attack-HOIC,True,5,Flow IAT Max,flowiatmax,0.002507149474695325,0.002507149474695325
230336,DDOS attack-HOIC,DDOS attack-HOIC,True,1,Init Fwd Win Byts,initfwdwinbyts,6.167311191558838,6.167311191558838
230336,DDOS attack-HOIC,DDOS attack-HOIC,True,2,Dst Port,dstport,0.5772878527641296,0.5772878527641296
230336,DDOS attack-HOIC,DDOS attack-HOIC,True,3,Tot Bwd Pkts,totbwdpkts,0.08553703129291534,0.08553703129291534
230336,DDOS attack-HOIC,DDOS attack-HOIC,True,4,Fwd IAT Tot,fwdiattot,0.024088378995656967,0.024088378995656967
230336,DDOS attack-HOIC,DDOS attack-HOIC,True,5,Flow Pkts/s,flowpktss,0.006748951505869627,0.006748951505869627
237013,DDOS attack-HOIC,DDOS attack-HOIC,True,1,Init Fwd Win Byts,initfwdwinbyts,6.57236909866333,6.57236909866333
237013,DDOS attack-HOIC,DDOS attack-HOIC,True,2,Dst Port,dstport,0.5738213062286377,0.5738213062286377
237013,DDOS attack-HOIC,DDOS attack-HOIC,True,3,Tot Bwd Pkts,totbwdpkts,-0.26849743723869324,0.26849743723869324
237013,DDOS attack-HOIC,DDOS attack-HOIC,True,4,Fwd IAT Tot,fwdiattot,0.005026224534958601,0.005026224534958601
237013,DDOS attack-HOIC,DDOS attack-HOIC,True,5,Flow IAT Max,flowiatmax,0.002507149474695325,0.002507149474695325
256795,DDOS attack-HOIC,DDOS attack-HOIC,True,1,Init Fwd Win Byts,initfwdwinbyts,6.174546718597412,6.174546718597412
256795,DDOS attack-HOIC,DDOS attack-HOIC,True,2,Dst Port,dstport,0.5769719481468201,0.5769719481468201
256795,DDOS attack-HOIC,DDOS attack-HOIC,True,3,Tot Bwd Pkts,totbwdpkts,0.08553703129291534,0.08553703129291534
256795,DDOS attack-HOIC,DDOS attack-HOIC,True,4,Fwd IAT Tot,fwdiattot,0.024083374068140984,0.024083374068140984
256795,DDOS attack-HOIC,DDOS attack-HOIC,True,5,Flow Duration,flowduration,0.003508953610435128,0.003508953610435128
257574,DDOS attack-HOIC,DDOS attack-HOIC,True,1,Init Fwd Win Byts,initfwdwinbyts,6.57236909866333,6.57236909866333
257574,DDOS attack-HOIC,DDOS attack-HOIC,True,2,Dst Port,dstport,0.5738213062286377,0.5738213062286377
257574,DDOS attack-HOIC,DDOS attack-HOIC,True,3,Tot Bwd Pkts,totbwdpkts,-0.26849743723869324,0.26849743723869324
257574,DDOS attack-HOIC,DDOS attack-HOIC,True,4,Fwd IAT Tot,fwdiattot,0.005026224534958601,0.005026224534958601
257574,DDOS attack-HOIC,DDOS attack-HOIC,True,5,Flow IAT Max,flowiatmax,0.002507149474695325,0.002507149474695325
265943,DDOS attack-HOIC,DDOS attack-HOIC,True,1,Init Fwd Win Byts,initfwdwinbyts,6.57236909866333,6.57236909866333
265943,DDOS attack-HOIC,DDOS attack-HOIC,True,2,Dst Port,dstport,0.5738213062286377,0.5738213062286377
265943,DDOS attack-HOIC,DDOS attack-HOIC,True,3,Tot Bwd Pkts,totbwdpkts,-0.26849743723869324,0.26849743723869324
265943,DDOS attack-HOIC,DDOS attack-HOIC,True,4,Fwd IAT Tot,fwdiattot,0.005026224534958601,0.005026224534958601
265943,DDOS attack-HOIC,DDOS attack-HOIC,True,5,Flow IAT Max,flowiatmax,0.002507149474695325,0.002507149474695325
269640,DDOS attack-HOIC,DDOS attack-HOIC,True,1,Init Fwd Win Byts,initfwdwinbyts,6.57236909866333,6.57236909866333
269640,DDOS attack-HOIC,DDOS attack-HOIC,True,2,Dst Port,dstport,0.5738213062286377,0.5738213062286377
269640,DDOS attack-HOIC,DDOS attack-HOIC,True,3,Tot Bwd Pkts,totbwdpkts,-0.26849743723869324,0.26849743723869324
269640,DDOS attack-HOIC,DDOS attack-HOIC,True,4,Fwd IAT Tot,fwdiattot,0.005026224534958601,0.005026224534958601
269640,DDOS attack-HOIC,DDOS attack-HOIC,True,5,Flow IAT Max,flowiatmax,0.002507149474695325,0.002507149474695325
285515,DDOS attack-HOIC,DDOS attack-HOIC,True,1,Init Fwd Win Byts,initfwdwinbyts,6.57236909866333,6.57236909866333
285515,DDOS attack-HOIC,DDOS attack-HOIC,True,2,Dst Port,dstport,0.5738213062286377,0.5738213062286377
285515,DDOS attack-HOIC,DDOS attack-HOIC,True,3,Tot Bwd Pkts,totbwdpkts,-0.26849743723869324,0.26849743723869324
285515,DDOS attack-HOIC,DDOS attack-HOIC,True,4,Fwd IAT Tot,fwdiattot,0.005026224534958601,0.005026224534958601
285515,DDOS attack-HOIC,DDOS attack-HOIC,True,5,Flow IAT Max,flowiatmax,0.002507149474695325,0.002507149474695325
292418,DDOS attack-HOIC,DDOS attack-HOIC,True,1,Init Fwd Win Byts,initfwdwinbyts,6.57236909866333,6.57236909866333
292418,DDOS attack-HOIC,DDOS attack-HOIC,True,2,Dst Port,dstport,0.5738213062286377,0.5738213062286377
292418,DDOS attack-HOIC,DDOS attack-HOIC,True,3,Tot Bwd Pkts,totbwdpkts,-0.26849743723869324,0.26849743723869324
292418,DDOS attack-HOIC,DDOS attack-HOIC,True,4,Fwd IAT Tot,fwdiattot,0.005026224534958601,0.005026224534958601
292418,DDOS attack-HOIC,DDOS attack-HOIC,True,5,Flow IAT Max,flowiatmax,0.002507149474695325,0.002507149474695325
303787,DDOS attack-HOIC,DDOS attack-HOIC,True,1,Init Fwd Win Byts,initfwdwinbyts,6.57236909866333,6.57236909866333
303787,DDOS attack-HOIC,DDOS attack-HOIC,True,2,Dst Port,dstport,0.5738213062286377,0.5738213062286377
303787,DDOS attack-HOIC,DDOS attack-HOIC,True,3,Tot Bwd Pkts,totbwdpkts,-0.26849743723869324,0.26849743723869324
303787,DDOS attack-HOIC,DDOS attack-HOIC,True,4,Fwd IAT Tot,fwdiattot,0.005026224534958601,0.005026224534958601
303787,DDOS attack-HOIC,DDOS attack-HOIC,True,5,Flow IAT Max,flowiatmax,0.002507149474695325,0.002507149474695325
303976,DDOS attack-HOIC,DDOS attack-HOIC,True,1,Init Fwd Win Byts,initfwdwinbyts,6.57236909866333,6.57236909866333
303976,DDOS attack-HOIC,DDOS attack-HOIC,True,2,Dst Port,dstport,0.5738213062286377,0.5738213062286377
303976,DDOS attack-HOIC,DDOS attack-HOIC,True,3,Tot Bwd Pkts,totbwdpkts,-0.26849743723869324,0.26849743723869324
303976,DDOS attack-HOIC,DDOS attack-HOIC,True,4,Fwd IAT Tot,fwdiattot,0.005026224534958601,0.005026224534958601
303976,DDOS attack-HOIC,DDOS attack-HOIC,True,5,Flow IAT Max,flowiatmax,0.002507149474695325,0.002507149474695325
311918,DDOS attack-HOIC,DDOS attack-HOIC,True,1,Init Fwd Win Byts,initfwdwinbyts,6.57236909866333,6.57236909866333
311918,DDOS attack-HOIC,DDOS attack-HOIC,True,2,Dst Port,dstport,0.5738213062286377,0.5738213062286377
311918,DDOS attack-HOIC,DDOS attack-HOIC,True,3,Tot Bwd Pkts,totbwdpkts,-0.26849743723869324,0.26849743723869324
311918,DDOS attack-HOIC,DDOS attack-HOIC,True,4,Fwd IAT Tot,fwdiattot,0.005026224534958601,0.005026224534958601
311918,DDOS attack-HOIC,DDOS attack-HOIC,True,5,Flow IAT Max,flowiatmax,0.002507149474695325,0.002507149474695325
322303,DDOS attack-HOIC,DDOS attack-HOIC,True,1,Init Fwd Win Byts,initfwdwinbyts,6.57236909866333,6.57236909866333
322303,DDOS attack-HOIC,DDOS attack-HOIC,True,2,Dst Port,dstport,0.5738213062286377,0.5738213062286377
322303,DDOS attack-HOIC,DDOS attack-HOIC,True,3,Tot Bwd Pkts,totbwdpkts,-0.26849743723869324,0.26849743723869324
322303,DDOS attack-HOIC,DDOS attack-HOIC,True,4,Fwd IAT Tot,fwdiattot,0.005026224534958601,0.005026224534958601
322303,DDOS attack-HOIC,DDOS attack-HOIC,True,5,Flow IAT Max,flowiatmax,0.002507149474695325,0.002507149474695325
323615,DDOS attack-HOIC,DDOS attack-HOIC,True,1,Init Fwd Win Byts,initfwdwinbyts,6.174546718597412,6.174546718597412
323615,DDOS attack-HOIC,DDOS attack-HOIC,True,2,Dst Port,dstport,0.5769719481468201,0.5769719481468201
323615,DDOS attack-HOIC,DDOS attack-HOIC,True,3,Tot Bwd Pkts,totbwdpkts,0.08553703129291534,0.08553703129291534
323615,DDOS attack-HOIC,DDOS attack-HOIC,True,4,Fwd IAT Tot,fwdiattot,0.024083374068140984,0.024083374068140984
323615,DDOS attack-HOIC,DDOS attack-HOIC,True,5,Flow Duration,flowduration,0.003508953610435128,0.003508953610435128
334211,DDOS attack-HOIC,DDOS attack-HOIC,True,1,Init Fwd Win Byts,initfwdwinbyts,6.57236909866333,6.57236909866333
334211,DDOS attack-HOIC,DDOS attack-HOIC,True,2,Dst Port,dstport,0.5738213062286377,0.5738213062286377
334211,DDOS attack-HOIC,DDOS attack-HOIC,True,3,Tot Bwd Pkts,totbwdpkts,-0.26849743723869324,0.26849743723869324
334211,DDOS attack-HOIC,DDOS attack-HOIC,True,4,Fwd IAT Tot,fwdiattot,0.005026224534958601,0.005026224534958601
334211,DDOS attack-HOIC,DDOS attack-HOIC,True,5,Flow IAT Max,flowiatmax,0.002507149474695325,0.002507149474695325
336288,DDOS attack-HOIC,DDOS attack-HOIC,True,1,Init Fwd Win Byts,initfwdwinbyts,6.174546718597412,6.174546718597412
336288,DDOS attack-HOIC,DDOS attack-HOIC,True,2,Dst Port,dstport,0.5769719481468201,0.5769719481468201
336288,DDOS attack-HOIC,DDOS attack-HOIC,True,3,Tot Bwd Pkts,totbwdpkts,0.08553703129291534,0.08553703129291534
336288,DDOS attack-HOIC,DDOS attack-HOIC,True,4,Fwd IAT Tot,fwdiattot,0.024083374068140984,0.024083374068140984
336288,DDOS attack-HOIC,DDOS attack-HOIC,True,5,Flow Duration,flowduration,0.003508953610435128,0.003508953610435128
342417,DDOS attack-HOIC,DDOS attack-HOIC,True,1,Init Fwd Win Byts,initfwdwinbyts,6.174546718597412,6.174546718597412
342417,DDOS attack-HOIC,DDOS attack-HOIC,True,2,Dst Port,dstport,0.5769719481468201,0.5769719481468201
342417,DDOS attack-HOIC,DDOS attack-HOIC,True,3,Tot Bwd Pkts,totbwdpkts,0.08553703129291534,0.08553703129291534
342417,DDOS attack-HOIC,DDOS attack-HOIC,True,4,Fwd IAT Tot,fwdiattot,0.024083374068140984,0.024083374068140984
342417,DDOS attack-HOIC,DDOS attack-HOIC,True,5,Flow Duration,flowduration,0.003508953610435128,0.003508953610435128
352439,DDOS attack-HOIC,DDOS attack-HOIC,True,1,Init Fwd Win Byts,initfwdwinbyts,6.57236909866333,6.57236909866333
352439,DDOS attack-HOIC,DDOS attack-HOIC,True,2,Dst Port,dstport,0.5738213062286377,0.5738213062286377
352439,DDOS attack-HOIC,DDOS attack-HOIC,True,3,Tot Bwd Pkts,totbwdpkts,-0.26849743723869324,0.26849743723869324
352439,DDOS attack-HOIC,DDOS attack-HOIC,True,4,Fwd IAT Tot,fwdiattot,0.005026224534958601,0.005026224534958601
352439,DDOS attack-HOIC,DDOS attack-HOIC,True,5,Flow IAT Max,flowiatmax,0.002507149474695325,0.002507149474695325
353341,DDOS attack-HOIC,DDOS attack-HOIC,True,1,Init Fwd Win Byts,initfwdwinbyts,6.57236909866333,6.57236909866333
353341,DDOS attack-HOIC,DDOS attack-HOIC,True,2,Dst Port,dstport,0.5738213062286377,0.5738213062286377
353341,DDOS attack-HOIC,DDOS attack-HOIC,True,3,Tot Bwd Pkts,totbwdpkts,-0.26849743723869324,0.26849743723869324
353341,DDOS attack-HOIC,DDOS attack-HOIC,True,4,Fwd IAT Tot,fwdiattot,0.005026224534958601,0.005026224534958601
353341,DDOS attack-HOIC,DDOS attack-HOIC,True,5,Flow IAT Max,flowiatmax,0.002507149474695325,0.002507149474695325
359209,DDOS attack-HOIC,DDOS attack-HOIC,True,1,Init Fwd Win Byts,initfwdwinbyts,6.167386531829834,6.167386531829834
359209,DDOS attack-HOIC,DDOS attack-HOIC,True,2,Dst Port,dstport,0.5772901773452759,0.5772901773452759
359209,DDOS attack-HOIC,DDOS attack-HOIC,True,3,Tot Bwd Pkts,totbwdpkts,0.08553703129291534,0.08553703129291534
359209,DDOS attack-HOIC,DDOS attack-HOIC,True,4,Fwd IAT Tot,fwdiattot,0.0240885391831398,0.0240885391831398
359209,DDOS attack-HOIC,DDOS attack-HOIC,True,5,Flow Pkts/s,flowpktss,0.006831662729382515,0.006831662729382515
366133,DDOS attack-HOIC,DDOS attack-HOIC,True,1,Init Fwd Win Byts,initfwdwinbyts,6.174546718597412,6.174546718597412
366133,DDOS attack-HOIC,DDOS attack-HOIC,True,2,Dst Port,dstport,0.5769719481468201,0.5769719481468201
366133,DDOS attack-HOIC,DDOS attack-HOIC,True,3,Tot Bwd Pkts,totbwdpkts,0.08553703129291534,0.08553703129291534
366133,DDOS attack-HOIC,DDOS attack-HOIC,True,4,Fwd IAT Tot,fwdiattot,0.024083374068140984,0.024083374068140984
366133,DDOS attack-HOIC,DDOS attack-HOIC,True,5,Flow Duration,flowduration,0.003508953610435128,0.003508953610435128
372872,DDOS attack-HOIC,DDOS attack-HOIC,True,1,Init Fwd Win Byts,initfwdwinbyts,6.174546718597412,6.174546718597412
372872,DDOS attack-HOIC,DDOS attack-HOIC,True,2,Dst Port,dstport,0.5769719481468201,0.5769719481468201
372872,DDOS attack-HOIC,DDOS attack-HOIC,True,3,Tot Bwd Pkts,totbwdpkts,0.08553703129291534,0.08553703129291534
372872,DDOS attack-HOIC,DDOS attack-HOIC,True,4,Fwd IAT Tot,fwdiattot,0.024083374068140984,0.024083374068140984
372872,DDOS attack-HOIC,DDOS attack-HOIC,True,5,Flow Duration,flowduration,0.003508953610435128,0.003508953610435128
374461,DDOS attack-HOIC,DDOS attack-HOIC,True,1,Init Fwd Win Byts,initfwdwinbyts,6.57236909866333,6.57236909866333
374461,DDOS attack-HOIC,DDOS attack-HOIC,True,2,Dst Port,dstport,0.5738213062286377,0.5738213062286377
374461,DDOS attack-HOIC,DDOS attack-HOIC,True,3,Tot Bwd Pkts,totbwdpkts,-0.26849743723869324,0.26849743723869324
374461,DDOS attack-HOIC,DDOS attack-HOIC,True,4,Fwd IAT Tot,fwdiattot,0.005026224534958601,0.005026224534958601
374461,DDOS attack-HOIC,DDOS attack-HOIC,True,5,Flow IAT Max,flowiatmax,0.002507149474695325,0.002507149474695325
374681,DDOS attack-HOIC,DDOS attack-HOIC,True,1,Init Fwd Win Byts,initfwdwinbyts,6.57236909866333,6.57236909866333
374681,DDOS attack-HOIC,DDOS attack-HOIC,True,2,Dst Port,dstport,0.5738213062286377,0.5738213062286377
374681,DDOS attack-HOIC,DDOS attack-HOIC,True,3,Tot Bwd Pkts,totbwdpkts,-0.26849743723869324,0.26849743723869324
374681,DDOS attack-HOIC,DDOS attack-HOIC,True,4,Fwd IAT Tot,fwdiattot,0.005026224534958601,0.005026224534958601
374681,DDOS attack-HOIC,DDOS attack-HOIC,True,5,Flow IAT Max,flowiatmax,0.002507149474695325,0.002507149474695325
387090,DDOS attack-HOIC,DDOS attack-HOIC,True,1,Init Fwd Win Byts,initfwdwinbyts,6.57236909866333,6.57236909866333
387090,DDOS attack-HOIC,DDOS attack-HOIC,True,2,Dst Port,dstport,0.5738213062286377,0.5738213062286377
387090,DDOS attack-HOIC,DDOS attack-HOIC,True,3,Tot Bwd Pkts,totbwdpkts,-0.26849743723869324,0.26849743723869324
387090,DDOS attack-HOIC,DDOS attack-HOIC,True,4,Fwd IAT Tot,fwdiattot,0.005026224534958601,0.005026224534958601
387090,DDOS attack-HOIC,DDOS attack-HOIC,True,5,Flow IAT Max,flowiatmax,0.002507149474695325,0.002507149474695325
406304,DDOS attack-HOIC,DDOS attack-HOIC,True,1,Init Fwd Win Byts,initfwdwinbyts,6.57236909866333,6.57236909866333
406304,DDOS attack-HOIC,DDOS attack-HOIC,True,2,Dst Port,dstport,0.5738213062286377,0.5738213062286377
406304,DDOS attack-HOIC,DDOS attack-HOIC,True,3,Tot Bwd Pkts,totbwdpkts,-0.26849743723869324,0.26849743723869324
406304,DDOS attack-HOIC,DDOS attack-HOIC,True,4,Fwd IAT Tot,fwdiattot,0.005026224534958601,0.005026224534958601
406304,DDOS attack-HOIC,DDOS attack-HOIC,True,5,Flow IAT Max,flowiatmax,0.002507149474695325,0.002507149474695325
415528,DDOS attack-HOIC,DDOS attack-HOIC,True,1,Init Fwd Win Byts,initfwdwinbyts,6.57236909866333,6.57236909866333
415528,DDOS attack-HOIC,DDOS attack-HOIC,True,2,Dst Port,dstport,0.5738213062286377,0.5738213062286377
415528,DDOS attack-HOIC,DDOS attack-HOIC,True,3,Tot Bwd Pkts,totbwdpkts,-0.26849743723869324,0.26849743723869324
415528,DDOS attack-HOIC,DDOS attack-HOIC,True,4,Fwd IAT Tot,fwdiattot,0.005026224534958601,0.005026224534958601
415528,DDOS attack-HOIC,DDOS attack-HOIC,True,5,Flow IAT Max,flowiatmax,0.002507149474695325,0.002507149474695325
417893,DDOS attack-HOIC,DDOS attack-HOIC,True,1,Init Fwd Win Byts,initfwdwinbyts,6.57236909866333,6.57236909866333
417893,DDOS attack-HOIC,DDOS attack-HOIC,True,2,Dst Port,dstport,0.5738213062286377,0.5738213062286377
417893,DDOS attack-HOIC,DDOS attack-HOIC,True,3,Tot Bwd Pkts,totbwdpkts,-0.26849743723869324,0.26849743723869324
417893,DDOS attack-HOIC,DDOS attack-HOIC,True,4,Fwd IAT Tot,fwdiattot,0.005026224534958601,0.005026224534958601
417893,DDOS attack-HOIC,DDOS attack-HOIC,True,5,Flow IAT Max,flowiatmax,0.002507149474695325,0.002507149474695325
422384,DDOS attack-HOIC,DDOS attack-HOIC,True,1,Init Fwd Win Byts,initfwdwinbyts,6.174546718597412,6.174546718597412
422384,DDOS attack-HOIC,DDOS attack-HOIC,True,2,Dst Port,dstport,0.5769719481468201,0.5769719481468201
422384,DDOS attack-HOIC,DDOS attack-HOIC,True,3,Tot Bwd Pkts,totbwdpkts,0.08553703129291534,0.08553703129291534
422384,DDOS attack-HOIC,DDOS attack-HOIC,True,4,Fwd IAT Tot,fwdiattot,0.024083374068140984,0.024083374068140984
422384,DDOS attack-HOIC,DDOS attack-HOIC,True,5,Flow Duration,flowduration,0.003508953610435128,0.003508953610435128
429876,DDOS attack-HOIC,DDOS attack-HOIC,True,1,Init Fwd Win Byts,initfwdwinbyts,6.57236909866333,6.57236909866333
429876,DDOS attack-HOIC,DDOS attack-HOIC,True,2,Dst Port,dstport,0.5738213062286377,0.5738213062286377
429876,DDOS attack-HOIC,DDOS attack-HOIC,True,3,Tot Bwd Pkts,totbwdpkts,-0.26849743723869324,0.26849743723869324
429876,DDOS attack-HOIC,DDOS attack-HOIC,True,4,Fwd IAT Tot,fwdiattot,0.005026224534958601,0.005026224534958601
429876,DDOS attack-HOIC,DDOS attack-HOIC,True,5,Flow IAT Max,flowiatmax,0.002507149474695325,0.002507149474695325
430648,DDOS attack-HOIC,DDOS attack-HOIC,True,1,Init Fwd Win Byts,initfwdwinbyts,6.57236909866333,6.57236909866333
430648,DDOS attack-HOIC,DDOS attack-HOIC,True,2,Dst Port,dstport,0.5738213062286377,0.5738213062286377
430648,DDOS attack-HOIC,DDOS attack-HOIC,True,3,Tot Bwd Pkts,totbwdpkts,-0.26849743723869324,0.26849743723869324
430648,DDOS attack-HOIC,DDOS attack-HOIC,True,4,Fwd IAT Tot,fwdiattot,0.005026224534958601,0.005026224534958601
430648,DDOS attack-HOIC,DDOS attack-HOIC,True,5,Flow IAT Max,flowiatmax,0.002507149474695325,0.002507149474695325
435041,DDOS attack-HOIC,DDOS attack-HOIC,True,1,Init Fwd Win Byts,initfwdwinbyts,6.57236909866333,6.57236909866333
435041,DDOS attack-HOIC,DDOS attack-HOIC,True,2,Dst Port,dstport,0.5738213062286377,0.5738213062286377
435041,DDOS attack-HOIC,DDOS attack-HOIC,True,3,Tot Bwd Pkts,totbwdpkts,-0.26849743723869324,0.26849743723869324
435041,DDOS attack-HOIC,DDOS attack-HOIC,True,4,Fwd IAT Tot,fwdiattot,0.005026224534958601,0.005026224534958601
435041,DDOS attack-HOIC,DDOS attack-HOIC,True,5,Flow IAT Max,flowiatmax,0.002507149474695325,0.002507149474695325
438484,DDOS attack-HOIC,DDOS attack-HOIC,True,1,Init Fwd Win Byts,initfwdwinbyts,6.174546718597412,6.174546718597412
438484,DDOS attack-HOIC,DDOS attack-HOIC,True,2,Dst Port,dstport,0.5769719481468201,0.5769719481468201
438484,DDOS attack-HOIC,DDOS attack-HOIC,True,3,Tot Bwd Pkts,totbwdpkts,0.08553703129291534,0.08553703129291534
438484,DDOS attack-HOIC,DDOS attack-HOIC,True,4,Fwd IAT Tot,fwdiattot,0.024083374068140984,0.024083374068140984
438484,DDOS attack-HOIC,DDOS attack-HOIC,True,5,Flow Duration,flowduration,0.003508953610435128,0.003508953610435128
442759,DDOS attack-HOIC,DDOS attack-HOIC,True,1,Init Fwd Win Byts,initfwdwinbyts,6.57236909866333,6.57236909866333
442759,DDOS attack-HOIC,DDOS attack-HOIC,True,2,Dst Port,dstport,0.5738213062286377,0.5738213062286377
442759,DDOS attack-HOIC,DDOS attack-HOIC,True,3,Tot Bwd Pkts,totbwdpkts,-0.26849743723869324,0.26849743723869324
442759,DDOS attack-HOIC,DDOS attack-HOIC,True,4,Fwd IAT Tot,fwdiattot,0.005026224534958601,0.005026224534958601
442759,DDOS attack-HOIC,DDOS attack-HOIC,True,5,Flow IAT Max,flowiatmax,0.002507149474695325,0.002507149474695325
445271,DDOS attack-HOIC,DDOS attack-HOIC,True,1,Init Fwd Win Byts,initfwdwinbyts,6.57236909866333,6.57236909866333
445271,DDOS attack-HOIC,DDOS attack-HOIC,True,2,Dst Port,dstport,0.5738213062286377,0.5738213062286377
445271,DDOS attack-HOIC,DDOS attack-HOIC,True,3,Tot Bwd Pkts,totbwdpkts,-0.26849743723869324,0.26849743723869324
445271,DDOS attack-HOIC,DDOS attack-HOIC,True,4,Fwd IAT Tot,fwdiattot,0.005026224534958601,0.005026224534958601
445271,DDOS attack-HOIC,DDOS attack-HOIC,True,5,Flow IAT Max,flowiatmax,0.002507149474695325,0.002507149474695325
447343,DDOS attack-HOIC,DDOS attack-HOIC,True,1,Init Fwd Win Byts,initfwdwinbyts,6.57236909866333,6.57236909866333
447343,DDOS attack-HOIC,DDOS attack-HOIC,True,2,Dst Port,dstport,0.5738213062286377,0.5738213062286377
447343,DDOS attack-HOIC,DDOS attack-HOIC,True,3,Tot Bwd Pkts,totbwdpkts,-0.26849743723869324,0.26849743723869324
447343,DDOS attack-HOIC,DDOS attack-HOIC,True,4,Fwd IAT Tot,fwdiattot,0.005026224534958601,0.005026224534958601
447343,DDOS attack-HOIC,DDOS attack-HOIC,True,5,Flow IAT Max,flowiatmax,0.002507149474695325,0.002507149474695325
449431,DDOS attack-HOIC,DDOS attack-HOIC,True,1,Init Fwd Win Byts,initfwdwinbyts,6.174546718597412,6.174546718597412
449431,DDOS attack-HOIC,DDOS attack-HOIC,True,2,Dst Port,dstport,0.5769719481468201,0.5769719481468201
449431,DDOS attack-HOIC,DDOS attack-HOIC,True,3,Tot Bwd Pkts,totbwdpkts,0.08553703129291534,0.08553703129291534
449431,DDOS attack-HOIC,DDOS attack-HOIC,True,4,Fwd IAT Tot,fwdiattot,0.024083374068140984,0.024083374068140984
449431,DDOS attack-HOIC,DDOS attack-HOIC,True,5,Flow Duration,flowduration,0.003508953610435128,0.003508953610435128
456876,DDOS attack-HOIC,DDOS attack-HOIC,True,1,Init Fwd Win Byts,initfwdwinbyts,6.57236909866333,6.57236909866333
456876,DDOS attack-HOIC,DDOS attack-HOIC,True,2,Dst Port,dstport,0.5738213062286377,0.5738213062286377
456876,DDOS attack-HOIC,DDOS attack-HOIC,True,3,Tot Bwd Pkts,totbwdpkts,-0.26849743723869324,0.26849743723869324
456876,DDOS attack-HOIC,DDOS attack-HOIC,True,4,Fwd IAT Tot,fwdiattot,0.005026224534958601,0.005026224534958601
456876,DDOS attack-HOIC,DDOS attack-HOIC,True,5,Flow IAT Max,flowiatmax,0.002507149474695325,0.002507149474695325
469980,DDOS attack-HOIC,DDOS attack-HOIC,True,1,Init Fwd Win Byts,initfwdwinbyts,6.57236909866333,6.57236909866333
469980,DDOS attack-HOIC,DDOS attack-HOIC,True,2,Dst Port,dstport,0.5738213062286377,0.5738213062286377
469980,DDOS attack-HOIC,DDOS attack-HOIC,True,3,Tot Bwd Pkts,totbwdpkts,-0.26849743723869324,0.26849743723869324
469980,DDOS attack-HOIC,DDOS attack-HOIC,True,4,Fwd IAT Tot,fwdiattot,0.005026224534958601,0.005026224534958601
469980,DDOS attack-HOIC,DDOS attack-HOIC,True,5,Flow IAT Max,flowiatmax,0.002507149474695325,0.002507149474695325
480797,DDOS attack-HOIC,DDOS attack-HOIC,True,1,Init Fwd Win Byts,initfwdwinbyts,6.57236909866333,6.57236909866333
480797,DDOS attack-HOIC,DDOS attack-HOIC,True,2,Dst Port,dstport,0.5738213062286377,0.5738213062286377
480797,DDOS attack-HOIC,DDOS attack-HOIC,True,3,Tot Bwd Pkts,totbwdpkts,-0.26849743723869324,0.26849743723869324
480797,DDOS attack-HOIC,DDOS attack-HOIC,True,4,Fwd IAT Tot,fwdiattot,0.005026224534958601,0.005026224534958601
480797,DDOS attack-HOIC,DDOS attack-HOIC,True,5,Flow IAT Max,flowiatmax,0.002507149474695325,0.002507149474695325
480944,DDOS attack-HOIC,DDOS attack-HOIC,True,1,Init Fwd Win Byts,initfwdwinbyts,6.174546718597412,6.174546718597412
480944,DDOS attack-HOIC,DDOS attack-HOIC,True,2,Dst Port,dstport,0.5769719481468201,0.5769719481468201
480944,DDOS attack-HOIC,DDOS attack-HOIC,True,3,Tot Bwd Pkts,totbwdpkts,0.08553703129291534,0.08553703129291534
480944,DDOS attack-HOIC,DDOS attack-HOIC,True,4,Fwd IAT Tot,fwdiattot,0.024083374068140984,0.024083374068140984
480944,DDOS attack-HOIC,DDOS attack-HOIC,True,5,Flow Duration,flowduration,0.003508953610435128,0.003508953610435128
487667,DDOS attack-HOIC,DDOS attack-HOIC,True,1,Init Fwd Win Byts,initfwdwinbyts,6.57236909866333,6.57236909866333
487667,DDOS attack-HOIC,DDOS attack-HOIC,True,2,Dst Port,dstport,0.5738213062286377,0.5738213062286377
487667,DDOS attack-HOIC,DDOS attack-HOIC,True,3,Tot Bwd Pkts,totbwdpkts,-0.26849743723869324,0.26849743723869324
487667,DDOS attack-HOIC,DDOS attack-HOIC,True,4,Fwd IAT Tot,fwdiattot,0.005026224534958601,0.005026224534958601
487667,DDOS attack-HOIC,DDOS attack-HOIC,True,5,Flow IAT Max,flowiatmax,0.002507149474695325,0.002507149474695325
506935,DDOS attack-HOIC,DDOS attack-HOIC,True,1,Init Fwd Win Byts,initfwdwinbyts,6.57236909866333,6.57236909866333
506935,DDOS attack-HOIC,DDOS attack-HOIC,True,2,Dst Port,dstport,0.5738213062286377,0.5738213062286377
506935,DDOS attack-HOIC,DDOS attack-HOIC,True,3,Tot Bwd Pkts,totbwdpkts,-0.26849743723869324,0.26849743723869324
506935,DDOS attack-HOIC,DDOS attack-HOIC,True,4,Fwd IAT Tot,fwdiattot,0.005026224534958601,0.005026224534958601
506935,DDOS attack-HOIC,DDOS attack-HOIC,True,5,Flow IAT Max,flowiatmax,0.002507149474695325,0.002507149474695325
507814,DDOS attack-HOIC,DDOS attack-HOIC,True,1,Init Fwd Win Byts,initfwdwinbyts,6.174546718597412,6.174546718597412
507814,DDOS attack-HOIC,DDOS attack-HOIC,True,2,Dst Port,dstport,0.5769719481468201,0.5769719481468201
507814,DDOS attack-HOIC,DDOS attack-HOIC,True,3,Tot Bwd Pkts,totbwdpkts,0.08553703129291534,0.08553703129291534
507814,DDOS attack-HOIC,DDOS attack-HOIC,True,4,Fwd IAT Tot,fwdiattot,0.024083374068140984,0.024083374068140984
507814,DDOS attack-HOIC,DDOS attack-HOIC,True,5,Flow Duration,flowduration,0.003508953610435128,0.003508953610435128
509229,DDOS attack-HOIC,DDOS attack-HOIC,True,1,Init Fwd Win Byts,initfwdwinbyts,6.57236909866333,6.57236909866333
509229,DDOS attack-HOIC,DDOS attack-HOIC,True,2,Dst Port,dstport,0.5738213062286377,0.5738213062286377
509229,DDOS attack-HOIC,DDOS attack-HOIC,True,3,Tot Bwd Pkts,totbwdpkts,-0.26849743723869324,0.26849743723869324
509229,DDOS attack-HOIC,DDOS attack-HOIC,True,4,Fwd IAT Tot,fwdiattot,0.005026224534958601,0.005026224534958601
509229,DDOS attack-HOIC,DDOS attack-HOIC,True,5,Flow IAT Max,flowiatmax,0.002507149474695325,0.002507149474695325
515271,DDOS attack-HOIC,DDOS attack-HOIC,True,1,Init Fwd Win Byts,initfwdwinbyts,6.174546718597412,6.174546718597412
515271,DDOS attack-HOIC,DDOS attack-HOIC,True,2,Dst Port,dstport,0.5769719481468201,0.5769719481468201
515271,DDOS attack-HOIC,DDOS attack-HOIC,True,3,Tot Bwd Pkts,totbwdpkts,0.08553703129291534,0.08553703129291534
515271,DDOS attack-HOIC,DDOS attack-HOIC,True,4,Fwd IAT Tot,fwdiattot,0.024083374068140984,0.024083374068140984
515271,DDOS attack-HOIC,DDOS attack-HOIC,True,5,Flow Duration,flowduration,0.003508953610435128,0.003508953610435128
516611,DDOS attack-HOIC,DDOS attack-HOIC,True,1,Init Fwd Win Byts,initfwdwinbyts,6.174546718597412,6.174546718597412
516611,DDOS attack-HOIC,DDOS attack-HOIC,True,2,Dst Port,dstport,0.5769719481468201,0.5769719481468201
516611,DDOS attack-HOIC,DDOS attack-HOIC,True,3,Tot Bwd Pkts,totbwdpkts,0.08553703129291534,0.08553703129291534
516611,DDOS attack-HOIC,DDOS attack-HOIC,True,4,Fwd IAT Tot,fwdiattot,0.024083374068140984,0.024083374068140984
516611,DDOS attack-HOIC,DDOS attack-HOIC,True,5,Flow Duration,flowduration,0.003508953610435128,0.003508953610435128
517885,DDOS attack-HOIC,DDOS attack-HOIC,True,1,Init Fwd Win Byts,initfwdwinbyts,6.57236909866333,6.57236909866333
517885,DDOS attack-HOIC,DDOS attack-HOIC,True,2,Dst Port,dstport,0.5738213062286377,0.5738213062286377
517885,DDOS attack-HOIC,DDOS attack-HOIC,True,3,Tot Bwd Pkts,totbwdpkts,-0.26849743723869324,0.26849743723869324
517885,DDOS attack-HOIC,DDOS attack-HOIC,True,4,Fwd IAT Tot,fwdiattot,0.005026224534958601,0.005026224534958601
517885,DDOS attack-HOIC,DDOS attack-HOIC,True,5,Flow IAT Max,flowiatmax,0.002507149474695325,0.002507149474695325
537566,DDOS attack-HOIC,DDOS attack-HOIC,True,1,Init Fwd Win Byts,initfwdwinbyts,6.57236909866333,6.57236909866333
537566,DDOS attack-HOIC,DDOS attack-HOIC,True,2,Dst Port,dstport,0.5738213062286377,0.5738213062286377
537566,DDOS attack-HOIC,DDOS attack-HOIC,True,3,Tot Bwd Pkts,totbwdpkts,-0.26849743723869324,0.26849743723869324
537566,DDOS attack-HOIC,DDOS attack-HOIC,True,4,Fwd IAT Tot,fwdiattot,0.005026224534958601,0.005026224534958601
537566,DDOS attack-HOIC,DDOS attack-HOIC,True,5,Flow IAT Max,flowiatmax,0.002507149474695325,0.002507149474695325
540301,DDOS attack-HOIC,DDOS attack-HOIC,True,1,Init Fwd Win Byts,initfwdwinbyts,6.57236909866333,6.57236909866333
540301,DDOS attack-HOIC,DDOS attack-HOIC,True,2,Dst Port,dstport,0.5738213062286377,0.5738213062286377
540301,DDOS attack-HOIC,DDOS attack-HOIC,True,3,Tot Bwd Pkts,totbwdpkts,-0.26849743723869324,0.26849743723869324
540301,DDOS attack-HOIC,DDOS attack-HOIC,True,4,Fwd IAT Tot,fwdiattot,0.005026224534958601,0.005026224534958601
540301,DDOS attack-HOIC,DDOS attack-HOIC,True,5,Flow IAT Max,flowiatmax,0.002507149474695325,0.002507149474695325
545497,DDOS attack-HOIC,DDOS attack-HOIC,True,1,Init Fwd Win Byts,initfwdwinbyts,6.57236909866333,6.57236909866333
545497,DDOS attack-HOIC,DDOS attack-HOIC,True,2,Dst Port,dstport,0.5738213062286377,0.5738213062286377
545497,DDOS attack-HOIC,DDOS attack-HOIC,True,3,Tot Bwd Pkts,totbwdpkts,-0.26849743723869324,0.26849743723869324
545497,DDOS attack-HOIC,DDOS attack-HOIC,True,4,Fwd IAT Tot,fwdiattot,0.005026224534958601,0.005026224534958601
545497,DDOS attack-HOIC,DDOS attack-HOIC,True,5,Flow IAT Max,flowiatmax,0.002507149474695325,0.002507149474695325
545809,DDOS attack-HOIC,DDOS attack-HOIC,True,1,Init Fwd Win Byts,initfwdwinbyts,6.57236909866333,6.57236909866333
545809,DDOS attack-HOIC,DDOS attack-HOIC,True,2,Dst Port,dstport,0.5738213062286377,0.5738213062286377
545809,DDOS attack-HOIC,DDOS attack-HOIC,True,3,Tot Bwd Pkts,totbwdpkts,-0.26849743723869324,0.26849743723869324
545809,DDOS attack-HOIC,DDOS attack-HOIC,True,4,Fwd IAT Tot,fwdiattot,0.005026224534958601,0.005026224534958601
545809,DDOS attack-HOIC,DDOS attack-HOIC,True,5,Flow IAT Max,flowiatmax,0.002507149474695325,0.002507149474695325
548836,DDOS attack-HOIC,DDOS attack-HOIC,True,1,Init Fwd Win Byts,initfwdwinbyts,6.57236909866333,6.57236909866333
548836,DDOS attack-HOIC,DDOS attack-HOIC,True,2,Dst Port,dstport,0.5738213062286377,0.5738213062286377
548836,DDOS attack-HOIC,DDOS attack-HOIC,True,3,Tot Bwd Pkts,totbwdpkts,-0.26849743723869324,0.26849743723869324
548836,DDOS attack-HOIC,DDOS attack-HOIC,True,4,Fwd IAT Tot,fwdiattot,0.005026224534958601,0.005026224534958601
548836,DDOS attack-HOIC,DDOS attack-HOIC,True,5,Flow IAT Max,flowiatmax,0.002507149474695325,0.002507149474695325
549118,DDOS attack-HOIC,DDOS attack-HOIC,True,1,Init Fwd Win Byts,initfwdwinbyts,6.57236909866333,6.57236909866333
549118,DDOS attack-HOIC,DDOS attack-HOIC,True,2,Dst Port,dstport,0.5738213062286377,0.5738213062286377
549118,DDOS attack-HOIC,DDOS attack-HOIC,True,3,Tot Bwd Pkts,totbwdpkts,-0.26849743723869324,0.26849743723869324
549118,DDOS attack-HOIC,DDOS attack-HOIC,True,4,Fwd IAT Tot,fwdiattot,0.005026224534958601,0.005026224534958601
549118,DDOS attack-HOIC,DDOS attack-HOIC,True,5,Flow IAT Max,flowiatmax,0.002507149474695325,0.002507149474695325
555702,DDOS attack-HOIC,DDOS attack-HOIC,True,1,Init Fwd Win Byts,initfwdwinbyts,6.57236909866333,6.57236909866333
555702,DDOS attack-HOIC,DDOS attack-HOIC,True,2,Dst Port,dstport,0.5738213062286377,0.5738213062286377
555702,DDOS attack-HOIC,DDOS attack-HOIC,True,3,Tot Bwd Pkts,totbwdpkts,-0.26849743723869324,0.26849743723869324
555702,DDOS attack-HOIC,DDOS attack-HOIC,True,4,Fwd IAT Tot,fwdiattot,0.005026224534958601,0.005026224534958601
555702,DDOS attack-HOIC,DDOS attack-HOIC,True,5,Flow IAT Max,flowiatmax,0.002507149474695325,0.002507149474695325
558089,DDOS attack-HOIC,DDOS attack-HOIC,True,1,Init Fwd Win Byts,initfwdwinbyts,6.57236909866333,6.57236909866333
558089,DDOS attack-HOIC,DDOS attack-HOIC,True,2,Dst Port,dstport,0.5738213062286377,0.5738213062286377
558089,DDOS attack-HOIC,DDOS attack-HOIC,True,3,Tot Bwd Pkts,totbwdpkts,-0.26849743723869324,0.26849743723869324
558089,DDOS attack-HOIC,DDOS attack-HOIC,True,4,Fwd IAT Tot,fwdiattot,0.005026224534958601,0.005026224534958601
558089,DDOS attack-HOIC,DDOS attack-HOIC,True,5,Flow IAT Max,flowiatmax,0.002507149474695325,0.002507149474695325
561797,DDOS attack-HOIC,DDOS attack-HOIC,True,1,Init Fwd Win Byts,initfwdwinbyts,6.174546718597412,6.174546718597412
561797,DDOS attack-HOIC,DDOS attack-HOIC,True,2,Dst Port,dstport,0.5769719481468201,0.5769719481468201
561797,DDOS attack-HOIC,DDOS attack-HOIC,True,3,Tot Bwd Pkts,totbwdpkts,0.08553703129291534,0.08553703129291534
561797,DDOS attack-HOIC,DDOS attack-HOIC,True,4,Fwd IAT Tot,fwdiattot,0.024083374068140984,0.024083374068140984
561797,DDOS attack-HOIC,DDOS attack-HOIC,True,5,Flow Duration,flowduration,0.003508953610435128,0.003508953610435128
564126,DDOS attack-HOIC,DDOS attack-HOIC,True,1,Init Fwd Win Byts,initfwdwinbyts,6.57236909866333,6.57236909866333
564126,DDOS attack-HOIC,DDOS attack-HOIC,True,2,Dst Port,dstport,0.5738213062286377,0.5738213062286377
564126,DDOS attack-HOIC,DDOS attack-HOIC,True,3,Tot Bwd Pkts,totbwdpkts,-0.26849743723869324,0.26849743723869324
564126,DDOS attack-HOIC,DDOS attack-HOIC,True,4,Fwd IAT Tot,fwdiattot,0.005026224534958601,0.005026224534958601
564126,DDOS attack-HOIC,DDOS attack-HOIC,True,5,Flow IAT Max,flowiatmax,0.002507149474695325,0.002507149474695325
578498,DDOS attack-HOIC,DDOS attack-HOIC,True,1,Init Fwd Win Byts,initfwdwinbyts,6.57236909866333,6.57236909866333
578498,DDOS attack-HOIC,DDOS attack-HOIC,True,2,Dst Port,dstport,0.5738213062286377,0.5738213062286377
578498,DDOS attack-HOIC,DDOS attack-HOIC,True,3,Tot Bwd Pkts,totbwdpkts,-0.26849743723869324,0.26849743723869324
578498,DDOS attack-HOIC,DDOS attack-HOIC,True,4,Fwd IAT Tot,fwdiattot,0.005026224534958601,0.005026224534958601
578498,DDOS attack-HOIC,DDOS attack-HOIC,True,5,Flow IAT Max,flowiatmax,0.002507149474695325,0.002507149474695325
583919,DDOS attack-HOIC,DDOS attack-HOIC,True,1,Init Fwd Win Byts,initfwdwinbyts,6.174546718597412,6.174546718597412
583919,DDOS attack-HOIC,DDOS attack-HOIC,True,2,Dst Port,dstport,0.5769719481468201,0.5769719481468201
583919,DDOS attack-HOIC,DDOS attack-HOIC,True,3,Tot Bwd Pkts,totbwdpkts,0.08553703129291534,0.08553703129291534
583919,DDOS attack-HOIC,DDOS attack-HOIC,True,4,Fwd IAT Tot,fwdiattot,0.024083374068140984,0.024083374068140984
583919,DDOS attack-HOIC,DDOS attack-HOIC,True,5,Flow Duration,flowduration,0.003508953610435128,0.003508953610435128
594330,DDOS attack-HOIC,DDOS attack-HOIC,True,1,Init Fwd Win Byts,initfwdwinbyts,6.57236909866333,6.57236909866333
594330,DDOS attack-HOIC,DDOS attack-HOIC,True,2,Dst Port,dstport,0.5738213062286377,0.5738213062286377
594330,DDOS attack-HOIC,DDOS attack-HOIC,True,3,Tot Bwd Pkts,totbwdpkts,-0.26849743723869324,0.26849743723869324
594330,DDOS attack-HOIC,DDOS attack-HOIC,True,4,Fwd IAT Tot,fwdiattot,0.005026224534958601,0.005026224534958601
594330,DDOS attack-HOIC,DDOS attack-HOIC,True,5,Flow IAT Max,flowiatmax,0.002507149474695325,0.002507149474695325
598141,DDOS attack-HOIC,DDOS attack-HOIC,True,1,Init Fwd Win Byts,initfwdwinbyts,6.57236909866333,6.57236909866333
598141,DDOS attack-HOIC,DDOS attack-HOIC,True,2,Dst Port,dstport,0.5738213062286377,0.5738213062286377
598141,DDOS attack-HOIC,DDOS attack-HOIC,True,3,Tot Bwd Pkts,totbwdpkts,-0.26849743723869324,0.26849743723869324
598141,DDOS attack-HOIC,DDOS attack-HOIC,True,4,Fwd IAT Tot,fwdiattot,0.005026224534958601,0.005026224534958601
598141,DDOS attack-HOIC,DDOS attack-HOIC,True,5,Flow IAT Max,flowiatmax,0.002507149474695325,0.002507149474695325
600130,DDOS attack-HOIC,DDOS attack-HOIC,True,1,Init Fwd Win Byts,initfwdwinbyts,6.57236909866333,6.57236909866333
600130,DDOS attack-HOIC,DDOS attack-HOIC,True,2,Dst Port,dstport,0.5738213062286377,0.5738213062286377
600130,DDOS attack-HOIC,DDOS attack-HOIC,True,3,Tot Bwd Pkts,totbwdpkts,-0.26849743723869324,0.26849743723869324
600130,DDOS attack-HOIC,DDOS attack-HOIC,True,4,Fwd IAT Tot,fwdiattot,0.005026224534958601,0.005026224534958601
600130,DDOS attack-HOIC,DDOS attack-HOIC,True,5,Flow IAT Max,flowiatmax,0.002507149474695325,0.002507149474695325
602770,DDOS attack-HOIC,DDOS attack-HOIC,True,1,Init Fwd Win Byts,initfwdwinbyts,6.174546718597412,6.174546718597412
602770,DDOS attack-HOIC,DDOS attack-HOIC,True,2,Dst Port,dstport,0.5769719481468201,0.5769719481468201
602770,DDOS attack-HOIC,DDOS attack-HOIC,True,3,Tot Bwd Pkts,totbwdpkts,0.08553703129291534,0.08553703129291534
602770,DDOS attack-HOIC,DDOS attack-HOIC,True,4,Fwd IAT Tot,fwdiattot,0.024083374068140984,0.024083374068140984
602770,DDOS attack-HOIC,DDOS attack-HOIC,True,5,Flow Duration,flowduration,0.003508953610435128,0.003508953610435128
641626,DDOS attack-HOIC,DDOS attack-HOIC,True,1,Init Fwd Win Byts,initfwdwinbyts,6.174546718597412,6.174546718597412
641626,DDOS attack-HOIC,DDOS attack-HOIC,True,2,Dst Port,dstport,0.5769719481468201,0.5769719481468201
641626,DDOS attack-HOIC,DDOS attack-HOIC,True,3,Tot Bwd Pkts,totbwdpkts,0.08553703129291534,0.08553703129291534
641626,DDOS attack-HOIC,DDOS attack-HOIC,True,4,Fwd IAT Tot,fwdiattot,0.024083374068140984,0.024083374068140984
641626,DDOS attack-HOIC,DDOS attack-HOIC,True,5,Flow Duration,flowduration,0.003508953610435128,0.003508953610435128
643744,DDOS attack-HOIC,DDOS attack-HOIC,True,1,Init Fwd Win Byts,initfwdwinbyts,6.174546718597412,6.174546718597412
643744,DDOS attack-HOIC,DDOS attack-HOIC,True,2,Dst Port,dstport,0.5769719481468201,0.5769719481468201
643744,DDOS attack-HOIC,DDOS attack-HOIC,True,3,Tot Bwd Pkts,totbwdpkts,0.08553703129291534,0.08553703129291534
643744,DDOS attack-HOIC,DDOS attack-HOIC,True,4,Fwd IAT Tot,fwdiattot,0.024083374068140984,0.024083374068140984
643744,DDOS attack-HOIC,DDOS attack-HOIC,True,5,Flow Duration,flowduration,0.003508953610435128,0.003508953610435128
651780,DDOS attack-HOIC,DDOS attack-HOIC,True,1,Init Fwd Win Byts,initfwdwinbyts,6.57236909866333,6.57236909866333
651780,DDOS attack-HOIC,DDOS attack-HOIC,True,2,Dst Port,dstport,0.5738213062286377,0.5738213062286377
651780,DDOS attack-HOIC,DDOS attack-HOIC,True,3,Tot Bwd Pkts,totbwdpkts,-0.26849743723869324,0.26849743723869324
651780,DDOS attack-HOIC,DDOS attack-HOIC,True,4,Fwd IAT Tot,fwdiattot,0.005026224534958601,0.005026224534958601
651780,DDOS attack-HOIC,DDOS attack-HOIC,True,5,Flow IAT Max,flowiatmax,0.002507149474695325,0.002507149474695325
655073,DDOS attack-HOIC,DDOS attack-HOIC,True,1,Init Fwd Win Byts,initfwdwinbyts,6.57236909866333,6.57236909866333
655073,DDOS attack-HOIC,DDOS attack-HOIC,True,2,Dst Port,dstport,0.5738213062286377,0.5738213062286377
655073,DDOS attack-HOIC,DDOS attack-HOIC,True,3,Tot Bwd Pkts,totbwdpkts,-0.26849743723869324,0.26849743723869324
655073,DDOS attack-HOIC,DDOS attack-HOIC,True,4,Fwd IAT Tot,fwdiattot,0.005026224534958601,0.005026224534958601
655073,DDOS attack-HOIC,DDOS attack-HOIC,True,5,Flow IAT Max,flowiatmax,0.002507149474695325,0.002507149474695325
662130,DDOS attack-HOIC,DDOS attack-HOIC,True,1,Init Fwd Win Byts,initfwdwinbyts,6.174546718597412,6.174546718597412
662130,DDOS attack-HOIC,DDOS attack-HOIC,True,2,Dst Port,dstport,0.5769719481468201,0.5769719481468201
662130,DDOS attack-HOIC,DDOS attack-HOIC,True,3,Tot Bwd Pkts,totbwdpkts,0.08553703129291534,0.08553703129291534
662130,DDOS attack-HOIC,DDOS attack-HOIC,True,4,Fwd IAT Tot,fwdiattot,0.024083374068140984,0.024083374068140984
662130,DDOS attack-HOIC,DDOS attack-HOIC,True,5,Flow Duration,flowduration,0.003508953610435128,0.003508953610435128
663687,DDOS attack-HOIC,DDOS attack-HOIC,True,1,Init Fwd Win Byts,initfwdwinbyts,6.573986053466797,6.573986053466797
663687,DDOS attack-HOIC,DDOS attack-HOIC,True,2,Dst Port,dstport,0.573803186416626,0.573803186416626
663687,DDOS attack-HOIC,DDOS attack-HOIC,True,3,Tot Bwd Pkts,totbwdpkts,-0.26849743723869324,0.26849743723869324
663687,DDOS attack-HOIC,DDOS attack-HOIC,True,4,Fwd IAT Tot,fwdiattot,0.005025120452046394,0.005025120452046394
663687,DDOS attack-HOIC,DDOS attack-HOIC,True,5,Flow IAT Max,flowiatmax,0.0025070845149457455,0.0025070845149457455
666562,DDOS attack-HOIC,DDOS attack-HOIC,True,1,Init Fwd Win Byts,initfwdwinbyts,6.57236909866333,6.57236909866333
666562,DDOS attack-HOIC,DDOS attack-HOIC,True,2,Dst Port,dstport,0.5738213062286377,0.5738213062286377
666562,DDOS attack-HOIC,DDOS attack-HOIC,True,3,Tot Bwd Pkts,totbwdpkts,-0.26849743723869324,0.26849743723869324
666562,DDOS attack-HOIC,DDOS attack-HOIC,True,4,Fwd IAT Tot,fwdiattot,0.005026224534958601,0.005026224534958601
666562,DDOS attack-HOIC,DDOS attack-HOIC,True,5,Flow IAT Max,flowiatmax,0.002507149474695325,0.002507149474695325
671185,DDOS attack-HOIC,DDOS attack-HOIC,True,1,Init Fwd Win Byts,initfwdwinbyts,6.174546718597412,6.174546718597412
671185,DDOS attack-HOIC,DDOS attack-HOIC,True,2,Dst Port,dstport,0.5769719481468201,0.5769719481468201
671185,DDOS attack-HOIC,DDOS attack-HOIC,True,3,Tot Bwd Pkts,totbwdpkts,0.08553703129291534,0.08553703129291534
671185,DDOS attack-HOIC,DDOS attack-HOIC,True,4,Fwd IAT Tot,fwdiattot,0.024083374068140984,0.024083374068140984
671185,DDOS attack-HOIC,DDOS attack-HOIC,True,5,Flow Duration,flowduration,0.003508953610435128,0.003508953610435128
671925,DDOS attack-HOIC,DDOS attack-HOIC,True,1,Init Fwd Win Byts,initfwdwinbyts,6.57236909866333,6.57236909866333
671925,DDOS attack-HOIC,DDOS attack-HOIC,True,2,Dst Port,dstport,0.5738213062286377,0.5738213062286377
671925,DDOS attack-HOIC,DDOS attack-HOIC,True,3,Tot Bwd Pkts,totbwdpkts,-0.26849743723869324,0.26849743723869324
671925,DDOS attack-HOIC,DDOS attack-HOIC,True,4,Fwd IAT Tot,fwdiattot,0.005026224534958601,0.005026224534958601
671925,DDOS attack-HOIC,DDOS attack-HOIC,True,5,Flow IAT Max,flowiatmax,0.002507149474695325,0.002507149474695325
671935,DDOS attack-HOIC,DDOS attack-HOIC,True,1,Init Fwd Win Byts,initfwdwinbyts,6.174546718597412,6.174546718597412
671935,DDOS attack-HOIC,DDOS attack-HOIC,True,2,Dst Port,dstport,0.5769719481468201,0.5769719481468201
671935,DDOS attack-HOIC,DDOS attack-HOIC,True,3,Tot Bwd Pkts,totbwdpkts,0.08553703129291534,0.08553703129291534
671935,DDOS attack-HOIC,DDOS attack-HOIC,True,4,Fwd IAT Tot,fwdiattot,0.024083374068140984,0.024083374068140984
671935,DDOS attack-HOIC,DDOS attack-HOIC,True,5,Flow Duration,flowduration,0.003508953610435128,0.003508953610435128
675677,DDOS attack-HOIC,DDOS attack-HOIC,True,1,Init Fwd Win Byts,initfwdwinbyts,6.57236909866333,6.57236909866333
675677,DDOS attack-HOIC,DDOS attack-HOIC,True,2,Dst Port,dstport,0.5738213062286377,0.5738213062286377
675677,DDOS attack-HOIC,DDOS attack-HOIC,True,3,Tot Bwd Pkts,totbwdpkts,-0.26849743723869324,0.26849743723869324
675677,DDOS attack-HOIC,DDOS attack-HOIC,True,4,Fwd IAT Tot,fwdiattot,0.005026224534958601,0.005026224534958601
675677,DDOS attack-HOIC,DDOS attack-HOIC,True,5,Flow IAT Max,flowiatmax,0.002507149474695325,0.002507149474695325
697160,DDOS attack-HOIC,DDOS attack-HOIC,True,1,Init Fwd Win Byts,initfwdwinbyts,6.57236909866333,6.57236909866333
697160,DDOS attack-HOIC,DDOS attack-HOIC,True,2,Dst Port,dstport,0.5738213062286377,0.5738213062286377
697160,DDOS attack-HOIC,DDOS attack-HOIC,True,3,Tot Bwd Pkts,totbwdpkts,-0.26849743723869324,0.26849743723869324
697160,DDOS attack-HOIC,DDOS attack-HOIC,True,4,Fwd IAT Tot,fwdiattot,0.005026224534958601,0.005026224534958601
697160,DDOS attack-HOIC,DDOS attack-HOIC,True,5,Flow IAT Max,flowiatmax,0.002507149474695325,0.002507149474695325
861,DDOS attack-LOIC-UDP,DDOS attack-LOIC-UDP,True,1,Tot Fwd Pkts,totfwdpkts,9.11422348022461,9.11422348022461
861,DDOS attack-LOIC-UDP,DDOS attack-LOIC-UDP,True,2,Fwd IAT Tot,fwdiattot,3.7168703079223633,3.7168703079223633
861,DDOS attack-LOIC-UDP,DDOS attack-LOIC-UDP,True,3,Fwd Act Data Pkts,fwdactdatapkts,0.6770108342170715,0.6770108342170715
861,DDOS attack-LOIC-UDP,DDOS attack-LOIC-UDP,True,4,Flow IAT Min,flowiatmin,0.41705211997032166,0.41705211997032166
861,DDOS attack-LOIC-UDP,DDOS attack-LOIC-UDP,True,5,Fwd Header Len,fwdheaderlen,0.34000295400619507,0.34000295400619507
4691,DDOS attack-LOIC-UDP,DDOS attack-LOIC-UDP,True,1,Tot Fwd Pkts,totfwdpkts,9.18487548828125,9.18487548828125
4691,DDOS attack-LOIC-UDP,DDOS attack-LOIC-UDP,True,2,Fwd IAT Tot,fwdiattot,3.7163102626800537,3.7163102626800537
4691,DDOS attack-LOIC-UDP,DDOS attack-LOIC-UDP,True,3,Fwd Act Data Pkts,fwdactdatapkts,0.820976197719574,0.820976197719574
4691,DDOS attack-LOIC-UDP,DDOS attack-LOIC-UDP,True,4,Flow IAT Std,flowiatstd,0.38586264848709106,0.38586264848709106
4691,DDOS attack-LOIC-UDP,DDOS attack-LOIC-UDP,True,5,Fwd Header Len,fwdheaderlen,0.34000295400619507,0.34000295400619507
5712,DDOS attack-LOIC-UDP,DDOS attack-LOIC-UDP,True,1,Tot Fwd Pkts,totfwdpkts,9.203680992126465,9.203680992126465
5712,DDOS attack-LOIC-UDP,DDOS attack-LOIC-UDP,True,2,Fwd IAT Tot,fwdiattot,3.757253885269165,3.757253885269165
5712,DDOS attack-LOIC-UDP,DDOS attack-LOIC-UDP,True,3,Fwd Act Data Pkts,fwdactdatapkts,0.9494751691818237,0.9494751691818237
5712,DDOS attack-LOIC-UDP,DDOS attack-LOIC-UDP,True,4,Flow IAT Max,flowiatmax,0.702846884727478,0.702846884727478
5712,DDOS attack-LOIC-UDP,DDOS attack-LOIC-UDP,True,5,Flow IAT Std,flowiatstd,0.5233208537101746,0.5233208537101746
5966,DDOS attack-LOIC-UDP,Benign,False,1,Bwd Pkt Len Mean,bwdpktlenmean,-0.9650974869728088,0.9650974869728088
5966,DDOS attack-LOIC-UDP,Benign,False,2,Tot Fwd Pkts,totfwdpkts,-0.7539649605751038,0.7539649605751038
5966,DDOS attack-LOIC-UDP,Benign,False,3,Fwd Pkt Len Max,fwdpktlenmax,0.6883812546730042,0.6883812546730042
5966,DDOS attack-LOIC-UDP,Benign,False,4,TotLen Fwd Pkts,totlenfwdpkts,-0.4736228883266449,0.4736228883266449
5966,DDOS attack-LOIC-UDP,Benign,False,5,Fwd Header Len,fwdheaderlen,-0.34086447954177856,0.34086447954177856
12235,DDOS attack-LOIC-UDP,DDOS attack-LOIC-UDP,True,1,Tot Fwd Pkts,totfwdpkts,9.17127513885498,9.17127513885498
12235,DDOS attack-LOIC-UDP,DDOS attack-LOIC-UDP,True,2,Fwd IAT Tot,fwdiattot,3.7236289978027344,3.7236289978027344
12235,DDOS attack-LOIC-UDP,DDOS attack-LOIC-UDP,True,3,Fwd Act Data Pkts,fwdactdatapkts,0.7560560703277588,0.7560560703277588
12235,DDOS attack-LOIC-UDP,DDOS attack-LOIC-UDP,True,4,Flow IAT Std,flowiatstd,0.6031556129455566,0.6031556129455566
12235,DDOS attack-LOIC-UDP,DDOS attack-LOIC-UDP,True,5,Fwd Header Len,fwdheaderlen,0.34268924593925476,0.34268924593925476
14881,DDOS attack-LOIC-UDP,DDOS attack-LOIC-UDP,True,1,Tot Fwd Pkts,totfwdpkts,9.261245727539062,9.261245727539062
14881,DDOS attack-LOIC-UDP,DDOS attack-LOIC-UDP,True,2,Fwd IAT Tot,fwdiattot,3.914027214050293,3.914027214050293
14881,DDOS attack-LOIC-UDP,DDOS attack-LOIC-UDP,True,3,Fwd Act Data Pkts,fwdactdatapkts,0.8006343841552734,0.8006343841552734
14881,DDOS attack-LOIC-UDP,DDOS attack-LOIC-UDP,True,4,Flow IAT Mean,flowiatmean,0.7220518589019775,0.7220518589019775
14881,DDOS attack-LOIC-UDP,DDOS attack-LOIC-UDP,True,5,Flow Byts/s,flowbytss,0.4691450893878937,0.4691450893878937
16063,DDOS attack-LOIC-UDP,DDOS attack-LOIC-UDP,True,1,Tot Fwd Pkts,totfwdpkts,9.230670928955078,9.230670928955078
16063,DDOS attack-LOIC-UDP,DDOS attack-LOIC-UDP,True,2,Flow Duration,flowduration,0.9080840349197388,0.9080840349197388
16063,DDOS attack-LOIC-UDP,DDOS attack-LOIC-UDP,True,3,Fwd Act Data Pkts,fwdactdatapkts,0.8198114037513733,0.8198114037513733
16063,DDOS attack-LOIC-UDP,DDOS attack-LOIC-UDP,True,4,Fwd Header Len,fwdheaderlen,0.808201014995575,0.808201014995575
16063,DDOS attack-LOIC-UDP,DDOS attack-LOIC-UDP,True,5,Flow IAT Std,flowiatstd,-0.4286837875843048,0.4286837875843048
17866,DDOS attack-LOIC-UDP,DDOS attack-LOIC-UDP,True,1,Tot Fwd Pkts,totfwdpkts,9.088133811950684,9.088133811950684
17866,DDOS attack-LOIC-UDP,DDOS attack-LOIC-UDP,True,2,Fwd IAT Tot,fwdiattot,3.7219443321228027,3.7219443321228027
17866,DDOS attack-LOIC-UDP,DDOS attack-LOIC-UDP,True,3,Fwd Act Data Pkts,fwdactdatapkts,0.724018931388855,0.724018931388855
17866,DDOS attack-LOIC-UDP,DDOS attack-LOIC-UDP,True,4,Fwd Header Len,fwdheaderlen,0.34268924593925476,0.34268924593925476
17866,DDOS attack-LOIC-UDP,DDOS attack-LOIC-UDP,True,5,Flow IAT Min,flowiatmin,0.32923001050949097,0.32923001050949097
29423,DDOS attack-LOIC-UDP,DDOS attack-LOIC-UDP,True,1,Tot Fwd Pkts,totfwdpkts,9.232978820800781,9.232978820800781
29423,DDOS attack-LOIC-UDP,DDOS attack-LOIC-UDP,True,2,Fwd Act Data Pkts,fwdactdatapkts,0.905981183052063,0.905981183052063
29423,DDOS attack-LOIC-UDP,DDOS attack-LOIC-UDP,True,3,Flow IAT Std,flowiatstd,-0.6795172095298767,0.6795172095298767
29423,DDOS attack-LOIC-UDP,DDOS attack-LOIC-UDP,True,4,Flow IAT Max,flowiatmax,0.5276148915290833,0.5276148915290833
29423,DDOS attack-LOIC-UDP,DDOS attack-LOIC-UDP,True,5,Fwd IAT Mean,fwdiatmean,0.4730510711669922,0.4730510711669922
34755,DDOS attack-LOIC-UDP,DDOS attack-LOIC-UDP,True,1,Tot Fwd Pkts,totfwdpkts,9.023873329162598,9.023873329162598
34755,DDOS attack-LOIC-UDP,DDOS attack-LOIC-UDP,True,2,Fwd IAT Tot,fwdiattot,3.706188201904297,3.706188201904297
34755,DDOS attack-LOIC-UDP,DDOS attack-LOIC-UDP,True,3,Fwd Act Data Pkts,fwdactdatapkts,0.7220857739448547,0.7220857739448547
34755,DDOS attack-LOIC-UDP,DDOS attack-LOIC-UDP,True,4,Flow IAT Std,flowiatstd,-0.4871046245098114,0.4871046245098114
34755,DDOS attack-LOIC-UDP,DDOS attack-LOIC-UDP,True,5,Flow Pkts/s,flowpktss,0.41998985409736633,0.41998985409736633
41161,DDOS attack-LOIC-UDP,DDOS attack-LOIC-UDP,True,1,Tot Fwd Pkts,totfwdpkts,9.230484008789062,9.230484008789062
41161,DDOS attack-LOIC-UDP,DDOS attack-LOIC-UDP,True,2,Fwd IAT Tot,fwdiattot,3.8962771892547607,3.8962771892547607
41161,DDOS attack-LOIC-UDP,DDOS attack-LOIC-UDP,True,3,Fwd Act Data Pkts,fwdactdatapkts,0.9144020676612854,0.9144020676612854
41161,DDOS attack-LOIC-UDP,DDOS attack-LOIC-UDP,True,4,Flow IAT Std,flowiatstd,-0.6877332329750061,0.6877332329750061
41161,DDOS attack-LOIC-UDP,DDOS attack-LOIC-UDP,True,5,Flow IAT Mean,flowiatmean,0.6248677968978882,0.6248677968978882
54845,DDOS attack-LOIC-UDP,DDOS attack-LOIC-UDP,True,1,Tot Fwd Pkts,totfwdpkts,9.141291618347168,9.141291618347168
54845,DDOS attack-LOIC-UDP,DDOS attack-LOIC-UDP,True,2,Fwd IAT Tot,fwdiattot,3.7176218032836914,3.7176218032836914
54845,DDOS attack-LOIC-UDP,DDOS attack-LOIC-UDP,True,3,Fwd Act Data Pkts,fwdactdatapkts,0.7430364489555359,0.7430364489555359
54845,DDOS attack-LOIC-UDP,DDOS attack-LOIC-UDP,True,4,Flow IAT Min,flowiatmin,0.38250479102134705,0.38250479102134705
54845,DDOS attack-LOIC-UDP,DDOS attack-LOIC-UDP,True,5,Fwd Header Len,fwdheaderlen,0.3365341126918793,0.3365341126918793
63033,DDOS attack-LOIC-UDP,DDOS attack-LOIC-UDP,True,1,Tot Fwd Pkts,totfwdpkts,9.149203300476074,9.149203300476074
63033,DDOS attack-LOIC-UDP,DDOS attack-LOIC-UDP,True,2,Fwd IAT Tot,fwdiattot,3.7207143306732178,3.7207143306732178
63033,DDOS attack-LOIC-UDP,DDOS attack-LOIC-UDP,True,3,Fwd Act Data Pkts,fwdactdatapkts,0.7908121943473816,0.7908121943473816
63033,DDOS attack-LOIC-UDP,DDOS attack-LOIC-UDP,True,4,Flow IAT Std,flowiatstd,0.4631889760494232,0.4631889760494232
63033,DDOS attack-LOIC-UDP,DDOS attack-LOIC-UDP,True,5,Fwd Header Len,fwdheaderlen,0.33922040462493896,0.33922040462493896
76270,DDOS attack-LOIC-UDP,DDOS attack-LOIC-UDP,True,1,Tot Fwd Pkts,totfwdpkts,9.249895095825195,9.249895095825195
76270,DDOS attack-LOIC-UDP,DDOS attack-LOIC-UDP,True,2,Fwd IAT Tot,fwdiattot,3.9194600582122803,3.9194600582122803
76270,DDOS attack-LOIC-UDP,DDOS attack-LOIC-UDP,True,3,Fwd Act Data Pkts,fwdactdatapkts,0.8091809153556824,0.8091809153556824
76270,DDOS attack-LOIC-UDP,DDOS attack-LOIC-UDP,True,4,Flow IAT Std,flowiatstd,-0.6728007197380066,0.6728007197380066
76270,DDOS attack-LOIC-UDP,DDOS attack-LOIC-UDP,True,5,Fwd IAT Mean,fwdiatmean,0.5870704054832458,0.5870704054832458
76830,DDOS attack-LOIC-UDP,DDOS attack-LOIC-UDP,True,1,Tot Fwd Pkts,totfwdpkts,9.082507133483887,9.082507133483887
76830,DDOS attack-LOIC-UDP,DDOS attack-LOIC-UDP,True,2,Fwd IAT Tot,fwdiattot,3.7189736366271973,3.7189736366271973
76830,DDOS attack-LOIC-UDP,DDOS attack-LOIC-UDP,True,3,Fwd Act Data Pkts,fwdactdatapkts,0.7429357767105103,0.7429357767105103
76830,DDOS attack-LOIC-UDP,DDOS attack-LOIC-UDP,True,4,Fwd Header Len,fwdheaderlen,0.34268924593925476,0.34268924593925476
76830,DDOS attack-LOIC-UDP,DDOS attack-LOIC-UDP,True,5,Flow IAT Min,flowiatmin,0.3060735762119293,0.3060735762119293
83841,DDOS attack-LOIC-UDP,DDOS attack-LOIC-UDP,True,1,Tot Fwd Pkts,totfwdpkts,9.135777473449707,9.135777473449707
83841,DDOS attack-LOIC-UDP,DDOS attack-LOIC-UDP,True,2,Fwd IAT Tot,fwdiattot,3.706296443939209,3.706296443939209
83841,DDOS attack-LOIC-UDP,DDOS attack-LOIC-UDP,True,3,Fwd Act Data Pkts,fwdactdatapkts,0.7803581357002258,0.7803581357002258
83841,DDOS attack-LOIC-UDP,DDOS attack-LOIC-UDP,True,4,Flow IAT Mean,flowiatmean,0.6829540133476257,0.6829540133476257
83841,DDOS attack-LOIC-UDP,DDOS attack-LOIC-UDP,True,5,Fwd Header Len,fwdheaderlen,0.368933767080307,0.368933767080307
89459,DDOS attack-LOIC-UDP,DDOS attack-LOIC-UDP,True,1,Tot Fwd Pkts,totfwdpkts,9.168506622314453,9.168506622314453
89459,DDOS attack-LOIC-UDP,DDOS attack-LOIC-UDP,True,2,Fwd IAT Tot,fwdiattot,3.9246180057525635,3.9246180057525635
89459,DDOS attack-LOIC-UDP,DDOS attack-LOIC-UDP,True,3,Flow Pkts/s,flowpktss,0.9218068718910217,0.9218068718910217
89459,DDOS attack-LOIC-UDP,DDOS attack-LOIC-UDP,True,4,Fwd Act Data Pkts,fwdactdatapkts,0.892157793045044,0.892157793045044
89459,DDOS attack-LOIC-UDP,DDOS attack-LOIC-UDP,True,5,Flow IAT Mean,flowiatmean,0.6471973061561584,0.6471973061561584
99717,DDOS attack-LOIC-UDP,DDOS attack-LOIC-UDP,True,1,Tot Fwd Pkts,totfwdpkts,9.065641403198242,9.065641403198242
99717,DDOS attack-LOIC-UDP,DDOS attack-LOIC-UDP,True,2,Fwd IAT Tot,fwdiattot,3.7200615406036377,3.7200615406036377
99717,DDOS attack-LOIC-UDP,DDOS attack-LOIC-UDP,True,3,Fwd Act Data Pkts,fwdactdatapkts,0.7440967559814453,0.7440967559814453
99717,DDOS attack-LOIC-UDP,DDOS attack-LOIC-UDP,True,4,Fwd Header Len,fwdheaderlen,0.34245941042900085,0.34245941042900085
99717,DDOS attack-LOIC-UDP,DDOS attack-LOIC-UDP,True,5,Flow IAT Std,flowiatstd,0.29494673013687134,0.29494673013687134
107048,DDOS attack-LOIC-UDP,DDOS attack-LOIC-UDP,True,1,Tot Fwd Pkts,totfwdpkts,9.140020370483398,9.140020370483398
107048,DDOS attack-LOIC-UDP,DDOS attack-LOIC-UDP,True,2,Fwd IAT Tot,fwdiattot,3.7199156284332275,3.7199156284332275
107048,DDOS attack-LOIC-UDP,DDOS attack-LOIC-UDP,True,3,Fwd Act Data Pkts,fwdactdatapkts,0.7479649186134338,0.7479649186134338
107048,DDOS attack-LOIC-UDP,DDOS attack-LOIC-UDP,True,4,Flow IAT Std,flowiatstd,0.4070533514022827,0.4070533514022827
107048,DDOS attack-LOIC-UDP,DDOS attack-LOIC-UDP,True,5,Fwd Header Len,fwdheaderlen,0.34268924593925476,0.34268924593925476
125172,DDOS attack-LOIC-UDP,DDOS attack-LOIC-UDP,True,1,Tot Fwd Pkts,totfwdpkts,9.089706420898438,9.089706420898438
125172,DDOS attack-LOIC-UDP,DDOS attack-LOIC-UDP,True,2,Fwd IAT Tot,fwdiattot,3.720172166824341,3.720172166824341
125172,DDOS attack-LOIC-UDP,DDOS attack-LOIC-UDP,True,3,Fwd Act Data Pkts,fwdactdatapkts,0.7429360151290894,0.7429360151290894
125172,DDOS attack-LOIC-UDP,DDOS attack-LOIC-UDP,True,4,Fwd Header Len,fwdheaderlen,0.34268924593925476,0.34268924593925476
125172,DDOS attack-LOIC-UDP,DDOS attack-LOIC-UDP,True,5,Flow IAT Min,flowiatmin,0.3057926893234253,0.3057926893234253
133135,DDOS attack-LOIC-UDP,DDOS attack-LOIC-UDP,True,1,Tot Fwd Pkts,totfwdpkts,9.137046813964844,9.137046813964844
133135,DDOS attack-LOIC-UDP,DDOS attack-LOIC-UDP,True,2,Fwd IAT Tot,fwdiattot,3.70642352104187,3.70642352104187
133135,DDOS attack-LOIC-UDP,DDOS attack-LOIC-UDP,True,3,Fwd Act Data Pkts,fwdactdatapkts,0.8125635981559753,0.8125635981559753
133135,DDOS attack-LOIC-UDP,DDOS attack-LOIC-UDP,True,4,Flow IAT Std,flowiatstd,0.4511994421482086,0.4511994421482086
133135,DDOS attack-LOIC-UDP,DDOS attack-LOIC-UDP,True,5,Flow IAT Mean,flowiatmean,0.4407227635383606,0.4407227635383606
134124,DDOS attack-LOIC-UDP,DDOS attack-LOIC-UDP,True,1,Tot Fwd Pkts,totfwdpkts,9.164278030395508,9.164278030395508
134124,DDOS attack-LOIC-UDP,DDOS attack-LOIC-UDP,True,2,Fwd IAT Tot,fwdiattot,3.714160203933716,3.714160203933716
134124,DDOS attack-LOIC-UDP,DDOS attack-LOIC-UDP,True,3,Fwd Act Data Pkts,fwdactdatapkts,0.6936151385307312,0.6936151385307312
134124,DDOS attack-LOIC-UDP,DDOS attack-LOIC-UDP,True,4,Fwd Header Len,fwdheaderlen,0.34000295400619507,0.34000295400619507
134124,DDOS attack-LOIC-UDP,DDOS attack-LOIC-UDP,True,5,Flow Byts/s,flowbytss,0.2991199791431427,0.2991199791431427
136921,DDOS attack-LOIC-UDP,DDOS attack-LOIC-UDP,True,1,Tot Fwd Pkts,totfwdpkts,9.11762809753418,9.11762809753418
136921,DDOS attack-LOIC-UDP,DDOS attack-LOIC-UDP,True,2,Flow Duration,flowduration,1.0571190118789673,1.0571190118789673
136921,DDOS attack-LOIC-UDP,DDOS attack-LOIC-UDP,True,3,Fwd Header Len,fwdheaderlen,0.922706127166748,0.922706127166748
136921,DDOS attack-LOIC-UDP,DDOS attack-LOIC-UDP,True,4,Fwd Act Data Pkts,fwdactdatapkts,0.9186872243881226,0.9186872243881226
136921,DDOS attack-LOIC-UDP,DDOS attack-LOIC-UDP,True,5,Fwd IAT Tot,fwdiattot,0.19913926720619202,0.19913926720619202
143637,DDOS attack-LOIC-UDP,DDOS attack-LOIC-UDP,True,1,Tot Fwd Pkts,totfwdpkts,9.182637214660645,9.182637214660645
143637,DDOS attack-LOIC-UDP,DDOS attack-LOIC-UDP,True,2,Fwd IAT Tot,fwdiattot,3.7170445919036865,3.7170445919036865
143637,DDOS attack-LOIC-UDP,DDOS attack-LOIC-UDP,True,3,Fwd Act Data Pkts,fwdactdatapkts,0.8129141330718994,0.8129141330718994
143637,DDOS attack-LOIC-UDP,DDOS attack-LOIC-UDP,True,4,Fwd IAT Std,fwdiatstd,0.345754474401474,0.345754474401474
143637,DDOS attack-LOIC-UDP,DDOS attack-LOIC-UDP,True,5,Fwd Header Len,fwdheaderlen,0.34000295400619507,0.34000295400619507
145983,DDOS attack-LOIC-UDP,DDOS attack-LOIC-UDP,True,1,Tot Fwd Pkts,totfwdpkts,9.247986793518066,9.247986793518066
145983,DDOS attack-LOIC-UDP,DDOS attack-LOIC-UDP,True,2,Flow Duration,flowduration,8.63074779510498,8.63074779510498
145983,DDOS attack-LOIC-UDP,DDOS attack-LOIC-UDP,True,3,Fwd Header Len,fwdheaderlen,2.241421699523926,2.241421699523926
145983,DDOS attack-LOIC-UDP,DDOS attack-LOIC-UDP,True,4,Fwd Act Data Pkts,fwdactdatapkts,1.7807399034500122,1.7807399034500122
145983,DDOS attack-LOIC-UDP,DDOS attack-LOIC-UDP,True,5,Flow Byts/s,flowbytss,0.4295909106731415,0.4295909106731415
147287,DDOS attack-LOIC-UDP,DDOS attack-LOIC-UDP,True,1,Tot Fwd Pkts,totfwdpkts,9.1585693359375,9.1585693359375
147287,DDOS attack-LOIC-UDP,DDOS attack-LOIC-UDP,True,2,Fwd IAT Tot,fwdiattot,3.7182226181030273,3.7182226181030273
147287,DDOS attack-LOIC-UDP,DDOS attack-LOIC-UDP,True,3,Fwd Act Data Pkts,fwdactdatapkts,0.7800097465515137,0.7800097465515137
147287,DDOS attack-LOIC-UDP,DDOS attack-LOIC-UDP,True,4,Flow IAT Min,flowiatmin,0.3783416748046875,0.3783416748046875
147287,DDOS attack-LOIC-UDP,DDOS attack-LOIC-UDP,True,5,Flow Byts/s,flowbytss,0.3771168887615204,0.3771168887615204
148018,DDOS attack-LOIC-UDP,DDOS attack-LOIC-UDP,True,1,Tot Fwd Pkts,totfwdpkts,9.141119956970215,9.141119956970215
148018,DDOS attack-LOIC-UDP,DDOS attack-LOIC-UDP,True,2,Fwd IAT Tot,fwdiattot,3.7199156284332275,3.7199156284332275
148018,DDOS attack-LOIC-UDP,DDOS attack-LOIC-UDP,True,3,Fwd Act Data Pkts,fwdactdatapkts,0.7480810880661011,0.7480810880661011
148018,DDOS attack-LOIC-UDP,DDOS attack-LOIC-UDP,True,4,Flow IAT Std,flowiatstd,0.3428758680820465,0.3428758680820465
148018,DDOS attack-LOIC-UDP,DDOS attack-LOIC-UDP,True,5,Fwd Header Len,fwdheaderlen,0.34268924593925476,0.34268924593925476
150353,DDOS attack-LOIC-UDP,DDOS attack-LOIC-UDP,True,1,Tot Fwd Pkts,totfwdpkts,9.062667846679688,9.062667846679688
150353,DDOS attack-LOIC-UDP,DDOS attack-LOIC-UDP,True,2,Fwd IAT Tot,fwdiattot,3.7193777561187744,3.7193777561187744
150353,DDOS attack-LOIC-UDP,DDOS attack-LOIC-UDP,True,3,Fwd Act Data Pkts,fwdactdatapkts,0.7305631637573242,0.7305631637573242
150353,DDOS attack-LOIC-UDP,DDOS attack-LOIC-UDP,True,4,Fwd Header Len,fwdheaderlen,0.34220531582832336,0.34220531582832336
150353,DDOS attack-LOIC-UDP,DDOS attack-LOIC-UDP,True,5,Flow IAT Std,flowiatstd,0.312897652387619,0.312897652387619
150894,DDOS attack-LOIC-UDP,DDOS attack-LOIC-UDP,True,1,Tot Fwd Pkts,totfwdpkts,9.250277519226074,9.250277519226074
150894,DDOS attack-LOIC-UDP,DDOS attack-LOIC-UDP,True,2,Fwd IAT Tot,fwdiattot,3.928069829940796,3.928069829940796
150894,DDOS attack-LOIC-UDP,DDOS attack-LOIC-UDP,True,3,Fwd Act Data Pkts,fwdactdatapkts,0.8797311186790466,0.8797311186790466
150894,DDOS attack-LOIC-UDP,DDOS attack-LOIC-UDP,True,4,Flow IAT Std,flowiatstd,-0.6726487278938293,0.6726487278938293
150894,DDOS attack-LOIC-UDP,DDOS attack-LOIC-UDP,True,5,Fwd IAT Mean,fwdiatmean,0.6102800369262695,0.6102800369262695
160738,DDOS attack-LOIC-UDP,DDOS attack-LOIC-UDP,True,1,Tot Fwd Pkts,totfwdpkts,9.086905479431152,9.086905479431152
160738,DDOS attack-LOIC-UDP,DDOS attack-LOIC-UDP,True,2,Fwd IAT Tot,fwdiattot,3.720172166824341,3.720172166824341
160738,DDOS attack-LOIC-UDP,DDOS attack-LOIC-UDP,True,3,Fwd Act Data Pkts,fwdactdatapkts,0.7427720427513123,0.7427720427513123
160738,DDOS attack-LOIC-UDP,DDOS attack-LOIC-UDP,True,4,Fwd Header Len,fwdheaderlen,0.34268924593925476,0.34268924593925476
160738,DDOS attack-LOIC-UDP,DDOS attack-LOIC-UDP,True,5,Flow IAT Min,flowiatmin,0.32701554894447327,0.32701554894447327
167503,DDOS attack-LOIC-UDP,DDOS attack-LOIC-UDP,True,1,Tot Fwd Pkts,totfwdpkts,9.169060707092285,9.169060707092285
167503,DDOS attack-LOIC-UDP,DDOS attack-LOIC-UDP,True,2,Fwd IAT Tot,fwdiattot,2.0827548503875732,2.0827548503875732
167503,DDOS attack-LOIC-UDP,DDOS attack-LOIC-UDP,True,3,Flow IAT Mean,flowiatmean,-1.1336151361465454,1.1336151361465454
167503,DDOS attack-LOIC-UDP,DDOS attack-LOIC-UDP,True,4,Flow Pkts/s,flowpktss,1.0118577480316162,1.0118577480316162
167503,DDOS attack-LOIC-UDP,DDOS attack-LOIC-UDP,True,5,Fwd Act Data Pkts,fwdactdatapkts,0.9942095279693604,0.9942095279693604
178197,DDOS attack-LOIC-UDP,DDOS attack-LOIC-UDP,True,1,Tot Fwd Pkts,totfwdpkts,9.155853271484375,9.155853271484375
178197,DDOS attack-LOIC-UDP,DDOS attack-LOIC-UDP,True,2,Fwd IAT Tot,fwdiattot,3.7723593711853027,3.7723593711853027
178197,DDOS attack-LOIC-UDP,DDOS attack-LOIC-UDP,True,3,Fwd Act Data Pkts,fwdactdatapkts,0.8508397936820984,0.8508397936820984
178197,DDOS attack-LOIC-UDP,DDOS attack-LOIC-UDP,True,4,Flow IAT Max,flowiatmax,0.6853492856025696,0.6853492856025696
178197,DDOS attack-LOIC-UDP,DDOS attack-LOIC-UDP,True,5,Flow IAT Std,flowiatstd,-0.5962859392166138,0.5962859392166138
197033,DDOS attack-LOIC-UDP,DDOS attack-LOIC-UDP,True,1,Tot Fwd Pkts,totfwdpkts,9.151503562927246,9.151503562927246
197033,DDOS attack-LOIC-UDP,DDOS attack-LOIC-UDP,True,2,Fwd IAT Tot,fwdiattot,3.757058620452881,3.757058620452881
197033,DDOS attack-LOIC-UDP,DDOS attack-LOIC-UDP,True,3,Fwd Act Data Pkts,fwdactdatapkts,0.8405508995056152,0.8405508995056152
197033,DDOS attack-LOIC-UDP,DDOS attack-LOIC-UDP,True,4,Flow IAT Min,flowiatmin,0.42348596453666687,0.42348596453666687
197033,DDOS attack-LOIC-UDP,DDOS attack-LOIC-UDP,True,5,Flow Duration,flowduration,0.33986765146255493,0.33986765146255493
210208,DDOS attack-LOIC-UDP,DDOS attack-LOIC-UDP,True,1,Tot Fwd Pkts,totfwdpkts,9.258017539978027,9.258017539978027
210208,DDOS attack-LOIC-UDP,DDOS attack-LOIC-UDP,True,2,Fwd IAT Tot,fwdiattot,3.912879228591919,3.912879228591919
210208,DDOS attack-LOIC-UDP,DDOS attack-LOIC-UDP,True,3,Fwd Act Data Pkts,fwdactdatapkts,0.7869279980659485,0.7869279980659485
210208,DDOS attack-LOIC-UDP,DDOS attack-LOIC-UDP,True,4,Flow IAT Std,flowiatstd,-0.7342766523361206,0.7342766523361206
210208,DDOS attack-LOIC-UDP,DDOS attack-LOIC-UDP,True,5,Flow IAT Mean,flowiatmean,0.7183246612548828,0.7183246612548828
219679,DDOS attack-LOIC-UDP,DDOS attack-LOIC-UDP,True,1,Tot Fwd Pkts,totfwdpkts,9.291028022766113,9.291028022766113
219679,DDOS attack-LOIC-UDP,DDOS attack-LOIC-UDP,True,2,Fwd Act Data Pkts,fwdactdatapkts,0.8094589710235596,0.8094589710235596
219679,DDOS attack-LOIC-UDP,DDOS attack-LOIC-UDP,True,3,Flow IAT Std,flowiatstd,-0.6739640235900879,0.6739640235900879
219679,DDOS attack-LOIC-UDP,DDOS attack-LOIC-UDP,True,4,Fwd IAT Mean,fwdiatmean,0.48963019251823425,0.48963019251823425
219679,DDOS attack-LOIC-UDP,DDOS attack-LOIC-UDP,True,5,Flow IAT Mean,flowiatmean,0.376507043838501,0.376507043838501
251124,DDOS attack-LOIC-UDP,DDOS attack-LOIC-UDP,True,1,Tot Fwd Pkts,totfwdpkts,9.060590744018555,9.060590744018555
251124,DDOS attack-LOIC-UDP,DDOS attack-LOIC-UDP,True,2,Fwd Act Data Pkts,fwdactdatapkts,0.7511672377586365,0.7511672377586365
251124,DDOS attack-LOIC-UDP,DDOS attack-LOIC-UDP,True,3,Fwd Header Len,fwdheaderlen,0.3380928933620453,0.3380928933620453
251124,DDOS attack-LOIC-UDP,DDOS attack-LOIC-UDP,True,4,Flow IAT Std,flowiatstd,0.30840864777565,0.30840864777565
251124,DDOS attack-LOIC-UDP,DDOS attack-LOIC-UDP,True,5,Flow IAT Min,flowiatmin,0.3007385730743408,0.3007385730743408
252162,DDOS attack-LOIC-UDP,DDOS attack-LOIC-UDP,True,1,Tot Fwd Pkts,totfwdpkts,9.268933296203613,9.268933296203613
252162,DDOS attack-LOIC-UDP,DDOS attack-LOIC-UDP,True,2,Fwd IAT Tot,fwdiattot,3.7357046604156494,3.7357046604156494
252162,DDOS attack-LOIC-UDP,DDOS attack-LOIC-UDP,True,3,Fwd Act Data Pkts,fwdactdatapkts,0.8308234810829163,0.8308234810829163
252162,DDOS attack-LOIC-UDP,DDOS attack-LOIC-UDP,True,4,Flow IAT Mean,flowiatmean,0.6014312505722046,0.6014312505722046
252162,DDOS attack-LOIC-UDP,DDOS attack-LOIC-UDP,True,5,Flow Byts/s,flowbytss,0.3806120753288269,0.3806120753288269
274707,DDOS attack-LOIC-UDP,DDOS attack-LOIC-UDP,True,1,Tot Fwd Pkts,totfwdpkts,9.169410705566406,9.169410705566406
274707,DDOS attack-LOIC-UDP,DDOS attack-LOIC-UDP,True,2,Fwd IAT Tot,fwdiattot,3.7182226181030273,3.7182226181030273
274707,DDOS attack-LOIC-UDP,DDOS attack-LOIC-UDP,True,3,Fwd Act Data Pkts,fwdactdatapkts,0.7297952771186829,0.7297952771186829
274707,DDOS attack-LOIC-UDP,DDOS attack-LOIC-UDP,True,4,Flow IAT Std,flowiatstd,-0.4150771200656891,0.4150771200656891
274707,DDOS attack-LOIC-UDP,DDOS attack-LOIC-UDP,True,5,Flow Pkts/s,flowpktss,0.40775325894355774,0.40775325894355774
281156,DDOS attack-LOIC-UDP,DDOS attack-LOIC-UDP,True,1,Tot Fwd Pkts,totfwdpkts,9.27892017364502,9.27892017364502
281156,DDOS attack-LOIC-UDP,DDOS attack-LOIC-UDP,True,2,Fwd IAT Tot,fwdiattot,3.7457525730133057,3.7457525730133057
281156,DDOS attack-LOIC-UDP,DDOS attack-LOIC-UDP,True,3,Fwd Act Data Pkts,fwdactdatapkts,0.8071786165237427,0.8071786165237427
281156,DDOS attack-LOIC-UDP,DDOS attack-LOIC-UDP,True,4,Flow IAT Mean,flowiatmean,0.6934302449226379,0.6934302449226379
281156,DDOS attack-LOIC-UDP,DDOS attack-LOIC-UDP,True,5,Flow Byts/s,flowbytss,0.5944273471832275,0.5944273471832275
287792,DDOS attack-LOIC-UDP,DDOS attack-LOIC-UDP,True,1,Tot Fwd Pkts,totfwdpkts,9.237502098083496,9.237502098083496
287792,DDOS attack-LOIC-UDP,DDOS attack-LOIC-UDP,True,2,Fwd IAT Tot,fwdiattot,3.89863657951355,3.89863657951355
287792,DDOS attack-LOIC-UDP,DDOS attack-LOIC-UDP,True,3,Fwd Act Data Pkts,fwdactdatapkts,0.8402525782585144,0.8402525782585144
287792,DDOS attack-LOIC-UDP,DDOS attack-LOIC-UDP,True,4,Flow Pkts/s,flowpktss,0.6875433325767517,0.6875433325767517
287792,DDOS attack-LOIC-UDP,DDOS attack-LOIC-UDP,True,5,Flow IAT Std,flowiatstd,-0.6814338564872742,0.6814338564872742
294997,DDOS attack-LOIC-UDP,DDOS attack-LOIC-UDP,True,1,Tot Fwd Pkts,totfwdpkts,9.276777267456055,9.276777267456055
294997,DDOS attack-LOIC-UDP,DDOS attack-LOIC-UDP,True,2,Fwd IAT Tot,fwdiattot,3.745168447494507,3.745168447494507
294997,DDOS attack-LOIC-UDP,DDOS attack-LOIC-UDP,True,3,Fwd Act Data Pkts,fwdactdatapkts,0.7937109470367432,0.7937109470367432
294997,DDOS attack-LOIC-UDP,DDOS attack-LOIC-UDP,True,4,Flow IAT Mean,flowiatmean,0.6737114787101746,0.6737114787101746
294997,DDOS attack-LOIC-UDP,DDOS attack-LOIC-UDP,True,5,Flow IAT Std,flowiatstd,-0.4433990716934204,0.4433990716934204
349516,DDOS attack-LOIC-UDP,DDOS attack-LOIC-UDP,True,1,Tot Fwd Pkts,totfwdpkts,9.167908668518066,9.167908668518066
349516,DDOS attack-LOIC-UDP,DDOS attack-LOIC-UDP,True,2,Fwd IAT Tot,fwdiattot,3.8990416526794434,3.8990416526794434
349516,DDOS attack-LOIC-UDP,DDOS attack-LOIC-UDP,True,3,Fwd Act Data Pkts,fwdactdatapkts,0.8047742247581482,0.8047742247581482
349516,DDOS attack-LOIC-UDP,DDOS attack-LOIC-UDP,True,4,Flow Pkts/s,flowpktss,0.7174951434135437,0.7174951434135437
349516,DDOS attack-LOIC-UDP,DDOS attack-LOIC-UDP,True,5,Flow IAT Std,flowiatstd,-0.594235897064209,0.594235897064209
364922,DDOS attack-LOIC-UDP,DDOS attack-LOIC-UDP,True,1,Tot Fwd Pkts,totfwdpkts,9.107443809509277,9.107443809509277
364922,DDOS attack-LOIC-UDP,DDOS attack-LOIC-UDP,True,2,Fwd IAT Tot,fwdiattot,3.7527377605438232,3.7527377605438232
364922,DDOS attack-LOIC-UDP,DDOS attack-LOIC-UDP,True,3,Fwd Act Data Pkts,fwdactdatapkts,0.8785820603370667,0.8785820603370667
364922,DDOS attack-LOIC-UDP,DDOS attack-LOIC-UDP,True,4,Flow IAT Max,flowiatmax,0.6888030767440796,0.6888030767440796
364922,DDOS attack-LOIC-UDP,DDOS attack-LOIC-UDP,True,5,Flow IAT Min,flowiatmin,0.657764196395874,0.657764196395874
376923,DDOS attack-LOIC-UDP,DDOS attack-LOIC-UDP,True,1,Tot Fwd Pkts,totfwdpkts,9.089706420898438,9.089706420898438
376923,DDOS attack-LOIC-UDP,DDOS attack-LOIC-UDP,True,2,Fwd IAT Tot,fwdiattot,3.720172166824341,3.720172166824341
376923,DDOS attack-LOIC-UDP,DDOS attack-LOIC-UDP,True,3,Fwd Act Data Pkts,fwdactdatapkts,0.7429360151290894,0.7429360151290894
376923,DDOS attack-LOIC-UDP,DDOS attack-LOIC-UDP,True,4,Fwd Header Len,fwdheaderlen,0.34268924593925476,0.34268924593925476
376923,DDOS attack-LOIC-UDP,DDOS attack-LOIC-UDP,True,5,Flow IAT Min,flowiatmin,0.3056045472621918,0.3056045472621918
378868,DDOS attack-LOIC-UDP,DDOS attack-LOIC-UDP,True,1,Tot Fwd Pkts,totfwdpkts,9.197151184082031,9.197151184082031
378868,DDOS attack-LOIC-UDP,DDOS attack-LOIC-UDP,True,2,Fwd IAT Tot,fwdiattot,3.721684217453003,3.721684217453003
378868,DDOS attack-LOIC-UDP,DDOS attack-LOIC-UDP,True,3,Fwd Act Data Pkts,fwdactdatapkts,0.827023446559906,0.827023446559906
378868,DDOS attack-LOIC-UDP,DDOS attack-LOIC-UDP,True,4,Flow Duration,flowduration,0.34953153133392334,0.34953153133392334
378868,DDOS attack-LOIC-UDP,DDOS attack-LOIC-UDP,True,5,Flow IAT Min,flowiatmin,0.3369706869125366,0.3369706869125366
379323,DDOS attack-LOIC-UDP,DDOS attack-LOIC-UDP,True,1,Tot Fwd Pkts,totfwdpkts,9.11889934539795,9.11889934539795
379323,DDOS attack-LOIC-UDP,DDOS attack-LOIC-UDP,True,2,Fwd IAT Tot,fwdiattot,3.7168936729431152,3.7168936729431152
379323,DDOS attack-LOIC-UDP,DDOS attack-LOIC-UDP,True,3,Fwd Act Data Pkts,fwdactdatapkts,0.7641697525978088,0.7641697525978088
379323,DDOS attack-LOIC-UDP,DDOS attack-LOIC-UDP,True,4,Flow IAT Min,flowiatmin,0.433574914932251,0.433574914932251
379323,DDOS attack-LOIC-UDP,DDOS attack-LOIC-UDP,True,5,Fwd Header Len,fwdheaderlen,0.34000295400619507,0.34000295400619507
381582,DDOS attack-LOIC-UDP,DDOS attack-LOIC-UDP,True,1,Tot Fwd Pkts,totfwdpkts,9.26645278930664,9.26645278930664
381582,DDOS attack-LOIC-UDP,DDOS attack-LOIC-UDP,True,2,Fwd IAT Tot,fwdiattot,3.8158247470855713,3.8158247470855713
381582,DDOS attack-LOIC-UDP,DDOS attack-LOIC-UDP,True,3,Fwd Act Data Pkts,fwdactdatapkts,0.9254050254821777,0.9254050254821777
381582,DDOS attack-LOIC-UDP,DDOS attack-LOIC-UDP,True,4,Flow IAT Max,flowiatmax,0.5910881757736206,0.5910881757736206
381582,DDOS attack-LOIC-UDP,DDOS attack-LOIC-UDP,True,5,Flow IAT Mean,flowiatmean,0.4906257092952728,0.4906257092952728
384140,DDOS attack-LOIC-UDP,DDOS attack-LOIC-UDP,True,1,Tot Fwd Pkts,totfwdpkts,9.21723461151123,9.21723461151123
384140,DDOS attack-LOIC-UDP,DDOS attack-LOIC-UDP,True,2,Fwd IAT Tot,fwdiattot,3.7189552783966064,3.7189552783966064
384140,DDOS attack-LOIC-UDP,DDOS attack-LOIC-UDP,True,3,Fwd Act Data Pkts,fwdactdatapkts,0.8225849270820618,0.8225849270820618
384140,DDOS attack-LOIC-UDP,DDOS attack-LOIC-UDP,True,4,Flow IAT Std,flowiatstd,0.3451310098171234,0.3451310098171234
384140,DDOS attack-LOIC-UDP,DDOS attack-LOIC-UDP,True,5,Flow Duration,flowduration,0.34451308846473694,0.34451308846473694
398799,DDOS attack-LOIC-UDP,DDOS attack-LOIC-UDP,True,1,Tot Fwd Pkts,totfwdpkts,9.104100227355957,9.104100227355957
398799,DDOS attack-LOIC-UDP,DDOS attack-LOIC-UDP,True,2,Fwd Act Data Pkts,fwdactdatapkts,0.8347287774085999,0.8347287774085999
398799,DDOS attack-LOIC-UDP,DDOS attack-LOIC-UDP,True,3,Flow Pkts/s,flowpktss,0.7576127648353577,0.7576127648353577
398799,DDOS attack-LOIC-UDP,DDOS attack-LOIC-UDP,True,4,Flow IAT Std,flowiatstd,-0.5935905575752258,0.5935905575752258
398799,DDOS attack-LOIC-UDP,DDOS attack-LOIC-UDP,True,5,Fwd IAT Mean,fwdiatmean,0.3590478003025055,0.3590478003025055
400457,DDOS attack-LOIC-UDP,DDOS attack-LOIC-UDP,True,1,Tot Fwd Pkts,totfwdpkts,9.088086128234863,9.088086128234863
400457,DDOS attack-LOIC-UDP,DDOS attack-LOIC-UDP,True,2,Fwd IAT Tot,fwdiattot,3.720172166824341,3.720172166824341
400457,DDOS attack-LOIC-UDP,DDOS attack-LOIC-UDP,True,3,Fwd Act Data Pkts,fwdactdatapkts,0.7449257373809814,0.7449257373809814
400457,DDOS attack-LOIC-UDP,DDOS attack-LOIC-UDP,True,4,Fwd Header Len,fwdheaderlen,0.34228771924972534,0.34228771924972534
400457,DDOS attack-LOIC-UDP,DDOS attack-LOIC-UDP,True,5,Fwd IAT Mean,fwdiatmean,-0.3180580735206604,0.3180580735206604
412307,DDOS attack-LOIC-UDP,DDOS attack-LOIC-UDP,True,1,Tot Fwd Pkts,totfwdpkts,9.11889934539795,9.11889934539795
412307,DDOS attack-LOIC-UDP,DDOS attack-LOIC-UDP,True,2,Fwd IAT Tot,fwdiattot,3.717057228088379,3.717057228088379
412307,DDOS attack-LOIC-UDP,DDOS attack-LOIC-UDP,True,3,Fwd Act Data Pkts,fwdactdatapkts,0.8007717132568359,0.8007717132568359
412307,DDOS attack-LOIC-UDP,DDOS attack-LOIC-UDP,True,4,Flow IAT Min,flowiatmin,0.4458010792732239,0.4458010792732239
412307,DDOS attack-LOIC-UDP,DDOS attack-LOIC-UDP,True,5,Fwd Header Len,fwdheaderlen,0.34000295400619507,0.34000295400619507
419496,DDOS attack-LOIC-UDP,DDOS attack-LOIC-UDP,True,1,Tot Fwd Pkts,totfwdpkts,9.176969528198242,9.176969528198242
419496,DDOS attack-LOIC-UDP,DDOS attack-LOIC-UDP,True,2,Fwd IAT Tot,fwdiattot,3.7079200744628906,3.7079200744628906
419496,DDOS attack-LOIC-UDP,DDOS attack-LOIC-UDP,True,3,Fwd Act Data Pkts,fwdactdatapkts,0.7557913064956665,0.7557913064956665
419496,DDOS attack-LOIC-UDP,DDOS attack-LOIC-UDP,True,4,Flow IAT Std,flowiatstd,0.5526286959648132,0.5526286959648132
419496,DDOS attack-LOIC-UDP,DDOS attack-LOIC-UDP,True,5,Fwd Header Len,fwdheaderlen,0.3488990366458893,0.3488990366458893
421353,DDOS attack-LOIC-UDP,DDOS attack-LOIC-UDP,True,1,Tot Fwd Pkts,totfwdpkts,9.282940864562988,9.282940864562988
421353,DDOS attack-LOIC-UDP,DDOS attack-LOIC-UDP,True,2,Fwd IAT Tot,fwdiattot,3.739166021347046,3.739166021347046
421353,DDOS attack-LOIC-UDP,DDOS attack-LOIC-UDP,True,3,Fwd Act Data Pkts,fwdactdatapkts,0.8487443327903748,0.8487443327903748
421353,DDOS attack-LOIC-UDP,DDOS attack-LOIC-UDP,True,4,Flow Duration,flowduration,0.40003201365470886,0.40003201365470886
421353,DDOS attack-LOIC-UDP,DDOS attack-LOIC-UDP,True,5,Flow IAT Mean,flowiatmean,0.39670488238334656,0.39670488238334656
424072,DDOS attack-LOIC-UDP,DDOS attack-LOIC-UDP,True,1,Tot Fwd Pkts,totfwdpkts,9.093091011047363,9.093091011047363
424072,DDOS attack-LOIC-UDP,DDOS attack-LOIC-UDP,True,2,Fwd IAT Tot,fwdiattot,3.718234062194824,3.718234062194824
424072,DDOS attack-LOIC-UDP,DDOS attack-LOIC-UDP,True,3,Fwd Act Data Pkts,fwdactdatapkts,0.701654851436615,0.701654851436615
424072,DDOS attack-LOIC-UDP,DDOS attack-LOIC-UDP,True,4,Flow IAT Std,flowiatstd,-0.6252383589744568,0.6252383589744568
424072,DDOS attack-LOIC-UDP,DDOS attack-LOIC-UDP,True,5,Flow IAT Min,flowiatmin,0.485798180103302,0.485798180103302
452004,DDOS attack-LOIC-UDP,DDOS attack-LOIC-UDP,True,1,Tot Fwd Pkts,totfwdpkts,9.114975929260254,9.114975929260254
452004,DDOS attack-LOIC-UDP,DDOS attack-LOIC-UDP,True,2,Fwd IAT Tot,fwdiattot,3.7213294506073,3.7213294506073
452004,DDOS attack-LOIC-UDP,DDOS attack-LOIC-UDP,True,3,Fwd Act Data Pkts,fwdactdatapkts,0.8192033171653748,0.8192033171653748
452004,DDOS attack-LOIC-UDP,DDOS attack-LOIC-UDP,True,4,Flow IAT Min,flowiatmin,0.3679938316345215,0.3679938316345215
452004,DDOS attack-LOIC-UDP,DDOS attack-LOIC-UDP,True,5,Fwd Header Len,fwdheaderlen,0.3365341126918793,0.3365341126918793
453905,DDOS attack-LOIC-UDP,DDOS attack-LOIC-UDP,True,1,Tot Fwd Pkts,totfwdpkts,9.119902610778809,9.119902610778809
453905,DDOS attack-LOIC-UDP,DDOS attack-LOIC-UDP,True,2,Fwd IAT Tot,fwdiattot,3.758408784866333,3.758408784866333
453905,DDOS attack-LOIC-UDP,DDOS attack-LOIC-UDP,True,3,Fwd Act Data Pkts,fwdactdatapkts,0.8782601356506348,0.8782601356506348
453905,DDOS attack-LOIC-UDP,DDOS attack-LOIC-UDP,True,4,Flow IAT Max,flowiatmax,0.7257891297340393,0.7257891297340393
453905,DDOS attack-LOIC-UDP,DDOS attack-LOIC-UDP,True,5,Flow IAT Min,flowiatmin,0.5565231442451477,0.5565231442451477
464247,DDOS attack-LOIC-UDP,DDOS attack-LOIC-UDP,True,1,Tot Fwd Pkts,totfwdpkts,8.896868705749512,8.896868705749512
464247,DDOS attack-LOIC-UDP,DDOS attack-LOIC-UDP,True,2,Fwd IAT Tot,fwdiattot,3.713797092437744,3.713797092437744
464247,DDOS attack-LOIC-UDP,DDOS attack-LOIC-UDP,True,3,Fwd Act Data Pkts,fwdactdatapkts,0.7537486553192139,0.7537486553192139
464247,DDOS attack-LOIC-UDP,DDOS attack-LOIC-UDP,True,4,Flow IAT Std,flowiatstd,0.39723989367485046,0.39723989367485046
464247,DDOS attack-LOIC-UDP,DDOS attack-LOIC-UDP,True,5,Fwd Header Len,fwdheaderlen,0.3716200590133667,0.3716200590133667
468192,DDOS attack-LOIC-UDP,DDOS attack-LOIC-UDP,True,1,Tot Fwd Pkts,totfwdpkts,9.17119026184082,9.17119026184082
468192,DDOS attack-LOIC-UDP,DDOS attack-LOIC-UDP,True,2,Fwd IAT Tot,fwdiattot,3.7582714557647705,3.7582714557647705
468192,DDOS attack-LOIC-UDP,DDOS attack-LOIC-UDP,True,3,Fwd Act Data Pkts,fwdactdatapkts,0.8328457474708557,0.8328457474708557
468192,DDOS attack-LOIC-UDP,DDOS attack-LOIC-UDP,True,4,Flow IAT Min,flowiatmin,0.4356563687324524,0.4356563687324524
468192,DDOS attack-LOIC-UDP,DDOS attack-LOIC-UDP,True,5,Flow Duration,flowduration,0.3433822691440582,0.3433822691440582
468943,DDOS attack-LOIC-UDP,DDOS attack-LOIC-UDP,True,1,Tot Fwd Pkts,totfwdpkts,9.208375930786133,9.208375930786133
468943,DDOS attack-LOIC-UDP,DDOS attack-LOIC-UDP,True,2,Fwd IAT Tot,fwdiattot,3.7179081439971924,3.7179081439971924
468943,DDOS attack-LOIC-UDP,DDOS attack-LOIC-UDP,True,3,Fwd Act Data Pkts,fwdactdatapkts,0.8480142951011658,0.8480142951011658
468943,DDOS attack-LOIC-UDP,DDOS attack-LOIC-UDP,True,4,Flow Duration,flowduration,0.3601492643356323,0.3601492643356323
468943,DDOS attack-LOIC-UDP,DDOS attack-LOIC-UDP,True,5,Fwd Header Len,fwdheaderlen,0.34000295400619507,0.34000295400619507
476835,DDOS attack-LOIC-UDP,DDOS attack-LOIC-UDP,True,1,Tot Fwd Pkts,totfwdpkts,9.222627639770508,9.222627639770508
476835,DDOS attack-LOIC-UDP,DDOS attack-LOIC-UDP,True,2,Fwd IAT Tot,fwdiattot,3.7579569816589355,3.7579569816589355
476835,DDOS attack-LOIC-UDP,DDOS attack-LOIC-UDP,True,3,Fwd Act Data Pkts,fwdactdatapkts,0.8694199919700623,0.8694199919700623
476835,DDOS attack-LOIC-UDP,DDOS attack-LOIC-UDP,True,4,Flow Duration,flowduration,0.3763360381126404,0.3763360381126404
476835,DDOS attack-LOIC-UDP,DDOS attack-LOIC-UDP,True,5,Fwd Header Len,fwdheaderlen,0.32368797063827515,0.32368797063827515
486614,DDOS attack-LOIC-UDP,DDOS attack-LOIC-UDP,True,1,Tot Fwd Pkts,totfwdpkts,9.202376365661621,9.202376365661621
486614,DDOS attack-LOIC-UDP,DDOS attack-LOIC-UDP,True,2,Fwd IAT Tot,fwdiattot,3.7528603076934814,3.7528603076934814
486614,DDOS attack-LOIC-UDP,DDOS attack-LOIC-UDP,True,3,Fwd Act Data Pkts,fwdactdatapkts,0.7913417220115662,0.7913417220115662
486614,DDOS attack-LOIC-UDP,DDOS attack-LOIC-UDP,True,4,Fwd Header Len,fwdheaderlen,0.4114983379840851,0.4114983379840851
486614,DDOS attack-LOIC-UDP,DDOS attack-LOIC-UDP,True,5,Flow IAT Mean,flowiatmean,0.3583166003227234,0.3583166003227234
487263,DDOS attack-LOIC-UDP,DDOS attack-LOIC-UDP,True,1,Tot Fwd Pkts,totfwdpkts,9.204984664916992,9.204984664916992
487263,DDOS attack-LOIC-UDP,DDOS attack-LOIC-UDP,True,2,Fwd IAT Tot,fwdiattot,3.7183308601379395,3.7183308601379395
487263,DDOS attack-LOIC-UDP,DDOS attack-LOIC-UDP,True,3,Fwd Act Data Pkts,fwdactdatapkts,0.7941306829452515,0.7941306829452515
487263,DDOS attack-LOIC-UDP,DDOS attack-LOIC-UDP,True,4,Flow Byts/s,flowbytss,0.38959944248199463,0.38959944248199463
487263,DDOS attack-LOIC-UDP,DDOS attack-LOIC-UDP,True,5,Flow IAT Mean,flowiatmean,0.3752002418041229,0.3752002418041229
490210,DDOS attack-LOIC-UDP,DDOS attack-LOIC-UDP,True,1,Tot Fwd Pkts,totfwdpkts,9.191041946411133,9.191041946411133
490210,DDOS attack-LOIC-UDP,DDOS attack-LOIC-UDP,True,2,Fwd IAT Tot,fwdiattot,3.7198262214660645,3.7198262214660645
490210,DDOS attack-LOIC-UDP,DDOS attack-LOIC-UDP,True,3,Fwd Act Data Pkts,fwdactdatapkts,0.8407005071640015,0.8407005071640015
490210,DDOS attack-LOIC-UDP,DDOS attack-LOIC-UDP,True,4,Flow Duration,flowduration,0.3595830798149109,0.3595830798149109
490210,DDOS attack-LOIC-UDP,DDOS attack-LOIC-UDP,True,5,Fwd Header Len,fwdheaderlen,0.3365341126918793,0.3365341126918793
491728,DDOS attack-LOIC-UDP,DDOS attack-LOIC-UDP,True,1,Tot Fwd Pkts,totfwdpkts,9.102168083190918,9.102168083190918
491728,DDOS attack-LOIC-UDP,DDOS attack-LOIC-UDP,True,2,Fwd IAT Tot,fwdiattot,3.7074742317199707,3.7074742317199707
491728,DDOS attack-LOIC-UDP,DDOS attack-LOIC-UDP,True,3,Fwd Act Data Pkts,fwdactdatapkts,0.8080933094024658,0.8080933094024658
491728,DDOS attack-LOIC-UDP,DDOS attack-LOIC-UDP,True,4,Fwd IAT Std,fwdiatstd,0.3996358811855316,0.3996358811855316
491728,DDOS attack-LOIC-UDP,DDOS attack-LOIC-UDP,True,5,Flow IAT Std,flowiatstd,0.38319456577301025,0.38319456577301025
492815,DDOS attack-LOIC-UDP,DDOS attack-LOIC-UDP,True,1,Tot Fwd Pkts,totfwdpkts,9.263715744018555,9.263715744018555
492815,DDOS attack-LOIC-UDP,DDOS attack-LOIC-UDP,True,2,Fwd IAT Tot,fwdiattot,3.774440288543701,3.774440288543701
492815,DDOS attack-LOIC-UDP,DDOS attack-LOIC-UDP,True,3,Fwd Act Data Pkts,fwdactdatapkts,0.925317108631134,0.925317108631134
492815,DDOS attack-LOIC-UDP,DDOS attack-LOIC-UDP,True,4,Flow IAT Max,flowiatmax,0.7086629867553711,0.7086629867553711
492815,DDOS attack-LOIC-UDP,DDOS attack-LOIC-UDP,True,5,Flow Duration,flowduration,0.37618687748908997,0.37618687748908997
492969,DDOS attack-LOIC-UDP,DDOS attack-LOIC-UDP,True,1,Tot Fwd Pkts,totfwdpkts,9.17442798614502,9.17442798614502
492969,DDOS attack-LOIC-UDP,DDOS attack-LOIC-UDP,True,2,Fwd IAT Tot,fwdiattot,3.924102544784546,3.924102544784546
492969,DDOS attack-LOIC-UDP,DDOS attack-LOIC-UDP,True,3,Fwd Act Data Pkts,fwdactdatapkts,0.895499587059021,0.895499587059021
492969,DDOS attack-LOIC-UDP,DDOS attack-LOIC-UDP,True,4,Flow IAT Std,flowiatstd,-0.6214175820350647,0.6214175820350647
492969,DDOS attack-LOIC-UDP,DDOS attack-LOIC-UDP,True,5,Flow IAT Max,flowiatmax,0.5880987644195557,0.5880987644195557
493029,DDOS attack-LOIC-UDP,DDOS attack-LOIC-UDP,True,1,Tot Fwd Pkts,totfwdpkts,9.078644752502441,9.078644752502441
493029,DDOS attack-LOIC-UDP,DDOS attack-LOIC-UDP,True,2,Fwd IAT Tot,fwdiattot,3.7147724628448486,3.7147724628448486
493029,DDOS attack-LOIC-UDP,DDOS attack-LOIC-UDP,True,3,Flow IAT Std,flowiatstd,-0.783082127571106,0.783082127571106
493029,DDOS attack-LOIC-UDP,DDOS attack-LOIC-UDP,True,4,Fwd Act Data Pkts,fwdactdatapkts,0.6141473054885864,0.6141473054885864
493029,DDOS attack-LOIC-UDP,DDOS attack-LOIC-UDP,True,5,Flow IAT Min,flowiatmin,0.4066631495952606,0.4066631495952606
495050,DDOS attack-LOIC-UDP,DDOS attack-LOIC-UDP,True,1,Tot Fwd Pkts,totfwdpkts,9.088582992553711,9.088582992553711
495050,DDOS attack-LOIC-UDP,DDOS attack-LOIC-UDP,True,2,Fwd IAT Tot,fwdiattot,3.720186948776245,3.720186948776245
495050,DDOS attack-LOIC-UDP,DDOS attack-LOIC-UDP,True,3,Fwd Act Data Pkts,fwdactdatapkts,0.7372458577156067,0.7372458577156067
495050,DDOS attack-LOIC-UDP,DDOS attack-LOIC-UDP,True,4,Flow IAT Std,flowiatstd,0.4112764298915863,0.4112764298915863
495050,DDOS attack-LOIC-UDP,DDOS attack-LOIC-UDP,True,5,Flow IAT Min,flowiatmin,0.3796996474266052,0.3796996474266052
497795,DDOS attack-LOIC-UDP,DDOS attack-LOIC-UDP,True,1,Tot Fwd Pkts,totfwdpkts,9.086962699890137,9.086962699890137
497795,DDOS attack-LOIC-UDP,DDOS attack-LOIC-UDP,True,2,Fwd IAT Tot,fwdiattot,3.720186948776245,3.720186948776245
497795,DDOS attack-LOIC-UDP,DDOS attack-LOIC-UDP,True,3,Fwd Act Data Pkts,fwdactdatapkts,0.7392356395721436,0.7392356395721436
497795,DDOS attack-LOIC-UDP,DDOS attack-LOIC-UDP,True,4,Flow IAT Std,flowiatstd,0.3815069794654846,0.3815069794654846
497795,DDOS attack-LOIC-UDP,DDOS attack-LOIC-UDP,True,5,Fwd Header Len,fwdheaderlen,0.34325113892555237,0.34325113892555237
517575,DDOS attack-LOIC-UDP,DDOS attack-LOIC-UDP,True,1,Tot Fwd Pkts,totfwdpkts,9.121346473693848,9.121346473693848
517575,DDOS attack-LOIC-UDP,DDOS attack-LOIC-UDP,True,2,Fwd IAT Tot,fwdiattot,3.7169559001922607,3.7169559001922607
517575,DDOS attack-LOIC-UDP,DDOS attack-LOIC-UDP,True,3,Fwd Act Data Pkts,fwdactdatapkts,0.7888978123664856,0.7888978123664856
517575,DDOS attack-LOIC-UDP,DDOS attack-LOIC-UDP,True,4,Flow IAT Min,flowiatmin,0.4479128420352936,0.4479128420352936
517575,DDOS attack-LOIC-UDP,DDOS attack-LOIC-UDP,True,5,Fwd Header Len,fwdheaderlen,0.3400140404701233,0.3400140404701233
517942,DDOS attack-LOIC-UDP,DDOS attack-LOIC-UDP,True,1,Tot Fwd Pkts,totfwdpkts,9.256209373474121,9.256209373474121
517942,DDOS attack-LOIC-UDP,DDOS attack-LOIC-UDP,True,2,Fwd IAT Tot,fwdiattot,3.7812843322753906,3.7812843322753906
517942,DDOS attack-LOIC-UDP,DDOS attack-LOIC-UDP,True,3,Fwd Act Data Pkts,fwdactdatapkts,0.8280304074287415,0.8280304074287415
517942,DDOS attack-LOIC-UDP,DDOS attack-LOIC-UDP,True,4,Flow IAT Mean,flowiatmean,0.46425312757492065,0.46425312757492065
517942,DDOS attack-LOIC-UDP,DDOS attack-LOIC-UDP,True,5,Flow Byts/s,flowbytss,0.3967801332473755,0.3967801332473755
528023,DDOS attack-LOIC-UDP,DDOS attack-LOIC-UDP,True,1,Tot Fwd Pkts,totfwdpkts,9.237722396850586,9.237722396850586
528023,DDOS attack-LOIC-UDP,DDOS attack-LOIC-UDP,True,2,Fwd IAT Tot,fwdiattot,3.734710931777954,3.734710931777954
528023,DDOS attack-LOIC-UDP,DDOS attack-LOIC-UDP,True,3,Fwd Act Data Pkts,fwdactdatapkts,0.7643012404441833,0.7643012404441833
528023,DDOS attack-LOIC-UDP,DDOS attack-LOIC-UDP,True,4,Flow Byts/s,flowbytss,0.36644500494003296,0.36644500494003296
528023,DDOS attack-LOIC-UDP,DDOS attack-LOIC-UDP,True,5,Fwd Header Len,fwdheaderlen,0.35173603892326355,0.35173603892326355
530571,DDOS attack-LOIC-UDP,DDOS attack-LOIC-UDP,True,1,Tot Fwd Pkts,totfwdpkts,9.053339004516602,9.053339004516602
530571,DDOS attack-LOIC-UDP,DDOS attack-LOIC-UDP,True,2,Fwd IAT Tot,fwdiattot,3.7206456661224365,3.7206456661224365
530571,DDOS attack-LOIC-UDP,DDOS attack-LOIC-UDP,True,3,Fwd Act Data Pkts,fwdactdatapkts,0.7186397910118103,0.7186397910118103
530571,DDOS attack-LOIC-UDP,DDOS attack-LOIC-UDP,True,4,Flow Byts/s,flowbytss,-0.4878843128681183,0.4878843128681183
530571,DDOS attack-LOIC-UDP,DDOS attack-LOIC-UDP,True,5,Flow IAT Min,flowiatmin,0.37090688943862915,0.37090688943862915
533710,DDOS attack-LOIC-UDP,DDOS attack-LOIC-UDP,True,1,Tot Fwd Pkts,totfwdpkts,9.22907543182373,9.22907543182373
533710,DDOS attack-LOIC-UDP,DDOS attack-LOIC-UDP,True,2,Fwd IAT Tot,fwdiattot,3.734819173812866,3.734819173812866
533710,DDOS attack-LOIC-UDP,DDOS attack-LOIC-UDP,True,3,Fwd Act Data Pkts,fwdactdatapkts,0.7756431698799133,0.7756431698799133
533710,DDOS attack-LOIC-UDP,DDOS attack-LOIC-UDP,True,4,Flow Byts/s,flowbytss,0.3724565804004669,0.3724565804004669
533710,DDOS attack-LOIC-UDP,DDOS attack-LOIC-UDP,True,5,Flow Pkts/s,flowpktss,0.3578253984451294,0.3578253984451294
535137,DDOS attack-LOIC-UDP,DDOS attack-LOIC-UDP,True,1,Tot Fwd Pkts,totfwdpkts,9.305037498474121,9.305037498474121
535137,DDOS attack-LOIC-UDP,DDOS attack-LOIC-UDP,True,2,Fwd IAT Tot,fwdiattot,3.7403030395507812,3.7403030395507812
535137,DDOS attack-LOIC-UDP,DDOS attack-LOIC-UDP,True,3,Fwd Act Data Pkts,fwdactdatapkts,0.8407168984413147,0.8407168984413147
535137,DDOS attack-LOIC-UDP,DDOS attack-LOIC-UDP,True,4,Flow IAT Mean,flowiatmean,0.389637291431427,0.389637291431427
535137,DDOS attack-LOIC-UDP,DDOS attack-LOIC-UDP,True,5,Flow Duration,flowduration,0.3515458405017853,0.3515458405017853
537029,DDOS attack-LOIC-UDP,DDOS attack-LOIC-UDP,True,1,Tot Fwd Pkts,totfwdpkts,9.21723461151123,9.21723461151123
537029,DDOS attack-LOIC-UDP,DDOS attack-LOIC-UDP,True,2,Fwd IAT Tot,fwdiattot,3.7189552783966064,3.7189552783966064
537029,DDOS attack-LOIC-UDP,DDOS attack-LOIC-UDP,True,3,Fwd Act Data Pkts,fwdactdatapkts,0.8225849270820618,0.8225849270820618
537029,DDOS attack-LOIC-UDP,DDOS attack-LOIC-UDP,True,4,Flow IAT Std,flowiatstd,0.3451310098171234,0.3451310098171234
537029,DDOS attack-LOIC-UDP,DDOS attack-LOIC-UDP,True,5,Flow Duration,flowduration,0.34451308846473694,0.34451308846473694
548625,DDOS attack-LOIC-UDP,DDOS attack-LOIC-UDP,True,1,Tot Fwd Pkts,totfwdpkts,9.191041946411133,9.191041946411133
548625,DDOS attack-LOIC-UDP,DDOS attack-LOIC-UDP,True,2,Fwd IAT Tot,fwdiattot,3.7198262214660645,3.7198262214660645
548625,DDOS attack-LOIC-UDP,DDOS attack-LOIC-UDP,True,3,Fwd Act Data Pkts,fwdactdatapkts,0.8407005071640015,0.8407005071640015
548625,DDOS attack-LOIC-UDP,DDOS attack-LOIC-UDP,True,4,Flow Duration,flowduration,0.3595830798149109,0.3595830798149109
548625,DDOS attack-LOIC-UDP,DDOS attack-LOIC-UDP,True,5,Fwd Header Len,fwdheaderlen,0.3365341126918793,0.3365341126918793
564613,DDOS attack-LOIC-UDP,DDOS attack-LOIC-UDP,True,1,Tot Fwd Pkts,totfwdpkts,9.162820816040039,9.162820816040039
564613,DDOS attack-LOIC-UDP,DDOS attack-LOIC-UDP,True,2,Fwd IAT Tot,fwdiattot,3.7721803188323975,3.7721803188323975
564613,DDOS attack-LOIC-UDP,DDOS attack-LOIC-UDP,True,3,Fwd Act Data Pkts,fwdactdatapkts,0.7752685546875,0.7752685546875
564613,DDOS attack-LOIC-UDP,DDOS attack-LOIC-UDP,True,4,Fwd IAT Std,fwdiatstd,-0.7675070762634277,0.7675070762634277
564613,DDOS attack-LOIC-UDP,DDOS attack-LOIC-UDP,True,5,Flow IAT Std,flowiatstd,-0.6043429374694824,0.6043429374694824
567075,DDOS attack-LOIC-UDP,DDOS attack-LOIC-UDP,True,1,Tot Fwd Pkts,totfwdpkts,9.086795806884766,9.086795806884766
567075,DDOS attack-LOIC-UDP,DDOS attack-LOIC-UDP,True,2,Fwd IAT Tot,fwdiattot,3.720172166824341,3.720172166824341
567075,DDOS attack-LOIC-UDP,DDOS attack-LOIC-UDP,True,3,Fwd Act Data Pkts,fwdactdatapkts,0.7427720427513123,0.7427720427513123
567075,DDOS attack-LOIC-UDP,DDOS attack-LOIC-UDP,True,4,Fwd Header Len,fwdheaderlen,0.34268924593925476,0.34268924593925476
567075,DDOS attack-LOIC-UDP,DDOS attack-LOIC-UDP,True,5,Flow IAT Min,flowiatmin,0.30893778800964355,0.30893778800964355
584763,DDOS attack-LOIC-UDP,DDOS attack-LOIC-UDP,True,1,Tot Fwd Pkts,totfwdpkts,9.072516441345215,9.072516441345215
584763,DDOS attack-LOIC-UDP,DDOS attack-LOIC-UDP,True,2,Fwd Act Data Pkts,fwdactdatapkts,0.9317408800125122,0.9317408800125122
584763,DDOS attack-LOIC-UDP,DDOS attack-LOIC-UDP,True,3,Fwd Header Len,fwdheaderlen,0.900245189666748,0.900245189666748
584763,DDOS attack-LOIC-UDP,DDOS attack-LOIC-UDP,True,4,Flow Duration,flowduration,0.6519376039505005,0.6519376039505005
584763,DDOS attack-LOIC-UDP,DDOS attack-LOIC-UDP,True,5,Flow IAT Min,flowiatmin,0.60364830493927,0.60364830493927
590730,DDOS attack-LOIC-UDP,DDOS attack-LOIC-UDP,True,1,Tot Fwd Pkts,totfwdpkts,9.186006546020508,9.186006546020508
590730,DDOS attack-LOIC-UDP,DDOS attack-LOIC-UDP,True,2,Fwd IAT Tot,fwdiattot,3.7169902324676514,3.7169902324676514
590730,DDOS attack-LOIC-UDP,DDOS attack-LOIC-UDP,True,3,Fwd Act Data Pkts,fwdactdatapkts,0.8192418813705444,0.8192418813705444
590730,DDOS attack-LOIC-UDP,DDOS attack-LOIC-UDP,True,4,Fwd IAT Std,fwdiatstd,0.3455982208251953,0.3455982208251953
590730,DDOS attack-LOIC-UDP,DDOS attack-LOIC-UDP,True,5,Fwd Header Len,fwdheaderlen,0.34000295400619507,0.34000295400619507
600283,DDOS attack-LOIC-UDP,DDOS attack-LOIC-UDP,True,1,Tot Fwd Pkts,totfwdpkts,9.117793083190918,9.117793083190918
600283,DDOS attack-LOIC-UDP,DDOS attack-LOIC-UDP,True,2,Flow Duration,flowduration,1.0571345090866089,1.0571345090866089
600283,DDOS attack-LOIC-UDP,DDOS attack-LOIC-UDP,True,3,Fwd Header Len,fwdheaderlen,0.922706127166748,0.922706127166748
600283,DDOS attack-LOIC-UDP,DDOS attack-LOIC-UDP,True,4,Fwd Act Data Pkts,fwdactdatapkts,0.9186872243881226,0.9186872243881226
600283,DDOS attack-LOIC-UDP,DDOS attack-LOIC-UDP,True,5,Fwd IAT Tot,fwdiattot,0.19913926720619202,0.19913926720619202
602757,DDOS attack-LOIC-UDP,DDoS attacks-LOIC-HTTP,False,1,Fwd IAT Tot,fwdiattot,4.308346271514893,4.308346271514893
602757,DDOS attack-LOIC-UDP,DDoS attacks-LOIC-HTTP,False,2,Tot Fwd Pkts,totfwdpkts,2.821394920349121,2.821394920349121
602757,DDOS attack-LOIC-UDP,DDoS attacks-LOIC-HTTP,False,3,Fwd Pkts/s,fwdpktss,1.0849040746688843,1.0849040746688843
602757,DDOS attack-LOIC-UDP,DDoS attacks-LOIC-HTTP,False,4,Init Fwd Win Byts,initfwdwinbyts,-0.8950273394584656,0.8950273394584656
602757,DDOS attack-LOIC-UDP,DDoS attacks-LOIC-HTTP,False,5,Fwd Act Data Pkts,fwdactdatapkts,0.4010201692581177,0.4010201692581177
607812,DDOS attack-LOIC-UDP,DDOS attack-LOIC-UDP,True,1,Tot Fwd Pkts,totfwdpkts,9.230573654174805,9.230573654174805
607812,DDOS attack-LOIC-UDP,DDOS attack-LOIC-UDP,True,2,Fwd IAT Tot,fwdiattot,3.8689768314361572,3.8689768314361572
607812,DDOS attack-LOIC-UDP,DDOS attack-LOIC-UDP,True,3,Fwd Act Data Pkts,fwdactdatapkts,0.7888957262039185,0.7888957262039185
607812,DDOS attack-LOIC-UDP,DDOS attack-LOIC-UDP,True,4,Flow IAT Std,flowiatstd,-0.5780627131462097,0.5780627131462097
607812,DDOS attack-LOIC-UDP,DDOS attack-LOIC-UDP,True,5,Fwd IAT Std,fwdiatstd,-0.5777943134307861,0.5777943134307861
615012,DDOS attack-LOIC-UDP,DDOS attack-LOIC-UDP,True,1,Tot Fwd Pkts,totfwdpkts,9.296125411987305,9.296125411987305
615012,DDOS attack-LOIC-UDP,DDOS attack-LOIC-UDP,True,2,Fwd IAT Tot,fwdiattot,3.7397501468658447,3.7397501468658447
615012,DDOS attack-LOIC-UDP,DDOS attack-LOIC-UDP,True,3,Fwd Act Data Pkts,fwdactdatapkts,0.8364206552505493,0.8364206552505493
615012,DDOS attack-LOIC-UDP,DDOS attack-LOIC-UDP,True,4,Flow Duration,flowduration,0.4123585522174835,0.4123585522174835
615012,DDOS attack-LOIC-UDP,DDOS attack-LOIC-UDP,True,5,Flow IAT Mean,flowiatmean,0.3723956048488617,0.3723956048488617
620068,DDOS attack-LOIC-UDP,DDOS attack-LOIC-UDP,True,1,Tot Fwd Pkts,totfwdpkts,9.233717918395996,9.233717918395996
620068,DDOS attack-LOIC-UDP,DDOS attack-LOIC-UDP,True,2,Fwd Act Data Pkts,fwdactdatapkts,0.9115588665008545,0.9115588665008545
620068,DDOS attack-LOIC-UDP,DDOS attack-LOIC-UDP,True,3,Fwd Header Len,fwdheaderlen,0.8055806756019592,0.8055806756019592
620068,DDOS attack-LOIC-UDP,DDOS attack-LOIC-UDP,True,4,Flow Duration,flowduration,0.8016278743743896,0.8016278743743896
620068,DDOS attack-LOIC-UDP,DDOS attack-LOIC-UDP,True,5,Flow IAT Std,flowiatstd,0.25562363862991333,0.25562363862991333
622113,DDOS attack-LOIC-UDP,DDOS attack-LOIC-UDP,True,1,Tot Fwd Pkts,totfwdpkts,9.268933296203613,9.268933296203613
622113,DDOS attack-LOIC-UDP,DDOS attack-LOIC-UDP,True,2,Fwd IAT Tot,fwdiattot,3.7357046604156494,3.7357046604156494
622113,DDOS attack-LOIC-UDP,DDOS attack-LOIC-UDP,True,3,Fwd Act Data Pkts,fwdactdatapkts,0.8308234810829163,0.8308234810829163
622113,DDOS attack-LOIC-UDP,DDOS attack-LOIC-UDP,True,4,Flow IAT Mean,flowiatmean,0.6014312505722046,0.6014312505722046
622113,DDOS attack-LOIC-UDP,DDOS attack-LOIC-UDP,True,5,Flow Byts/s,flowbytss,0.3806120753288269,0.3806120753288269
626359,DDOS attack-LOIC-UDP,DDOS attack-LOIC-UDP,True,1,Tot Fwd Pkts,totfwdpkts,9.151493072509766,9.151493072509766
626359,DDOS attack-LOIC-UDP,DDOS attack-LOIC-UDP,True,2,Fwd IAT Tot,fwdiattot,3.7570323944091797,3.7570323944091797
626359,DDOS attack-LOIC-UDP,DDOS attack-LOIC-UDP,True,3,Fwd Act Data Pkts,fwdactdatapkts,0.9171642661094666,0.9171642661094666
626359,DDOS attack-LOIC-UDP,DDOS attack-LOIC-UDP,True,4,Flow IAT Max,flowiatmax,0.7858697772026062,0.7858697772026062
626359,DDOS attack-LOIC-UDP,DDOS attack-LOIC-UDP,True,5,Flow IAT Min,flowiatmin,0.384452760219574,0.384452760219574
639271,DDOS attack-LOIC-UDP,DDOS attack-LOIC-UDP,True,1,Tot Fwd Pkts,totfwdpkts,9.12036418914795,9.12036418914795
639271,DDOS attack-LOIC-UDP,DDOS attack-LOIC-UDP,True,2,Fwd IAT Tot,fwdiattot,3.7170026302337646,3.7170026302337646
639271,DDOS attack-LOIC-UDP,DDOS attack-LOIC-UDP,True,3,Fwd Act Data Pkts,fwdactdatapkts,0.807099461555481,0.807099461555481
639271,DDOS attack-LOIC-UDP,DDOS attack-LOIC-UDP,True,4,Flow IAT Min,flowiatmin,0.45002567768096924,0.45002567768096924
639271,DDOS attack-LOIC-UDP,DDOS attack-LOIC-UDP,True,5,Fwd Header Len,fwdheaderlen,0.34000295400619507,0.34000295400619507
644516,DDOS attack-LOIC-UDP,DDOS attack-LOIC-UDP,True,1,Tot Fwd Pkts,totfwdpkts,9.086905479431152,9.086905479431152
644516,DDOS attack-LOIC-UDP,DDOS attack-LOIC-UDP,True,2,Fwd IAT Tot,fwdiattot,3.720172166824341,3.720172166824341
644516,DDOS attack-LOIC-UDP,DDOS attack-LOIC-UDP,True,3,Fwd Act Data Pkts,fwdactdatapkts,0.7427720427513123,0.7427720427513123
644516,DDOS attack-LOIC-UDP,DDOS attack-LOIC-UDP,True,4,Fwd Header Len,fwdheaderlen,0.34268924593925476,0.34268924593925476
644516,DDOS attack-LOIC-UDP,DDOS attack-LOIC-UDP,True,5,Flow IAT Min,flowiatmin,0.32701554894447327,0.32701554894447327
645970,DDOS attack-LOIC-UDP,DDOS attack-LOIC-UDP,True,1,Tot Fwd Pkts,totfwdpkts,9.208375930786133,9.208375930786133
645970,DDOS attack-LOIC-UDP,DDOS attack-LOIC-UDP,True,2,Fwd IAT Tot,fwdiattot,3.7179081439971924,3.7179081439971924
645970,DDOS attack-LOIC-UDP,DDOS attack-LOIC-UDP,True,3,Fwd Act Data Pkts,fwdactdatapkts,0.8480142951011658,0.8480142951011658
645970,DDOS attack-LOIC-UDP,DDOS attack-LOIC-UDP,True,4,Flow Duration,flowduration,0.3601492643356323,0.3601492643356323
645970,DDOS attack-LOIC-UDP,DDOS attack-LOIC-UDP,True,5,Fwd Header Len,fwdheaderlen,0.34000295400619507,0.34000295400619507
646159,DDOS attack-LOIC-UDP,DDOS attack-LOIC-UDP,True,1,Tot Fwd Pkts,totfwdpkts,9.193414688110352,9.193414688110352
646159,DDOS attack-LOIC-UDP,DDOS attack-LOIC-UDP,True,2,Fwd IAT Tot,fwdiattot,3.833246946334839,3.833246946334839
646159,DDOS attack-LOIC-UDP,DDOS attack-LOIC-UDP,True,3,Fwd Act Data Pkts,fwdactdatapkts,0.8921493887901306,0.8921493887901306
646159,DDOS attack-LOIC-UDP,DDOS attack-LOIC-UDP,True,4,Flow IAT Std,flowiatstd,-0.6975995898246765,0.6975995898246765
646159,DDOS attack-LOIC-UDP,DDOS attack-LOIC-UDP,True,5,Flow IAT Max,flowiatmax,0.5629959106445312,0.5629959106445312
654258,DDOS attack-LOIC-UDP,DDOS attack-LOIC-UDP,True,1,Tot Fwd Pkts,totfwdpkts,9.088086128234863,9.088086128234863
654258,DDOS attack-LOIC-UDP,DDOS attack-LOIC-UDP,True,2,Fwd IAT Tot,fwdiattot,3.720172166824341,3.720172166824341
654258,DDOS attack-LOIC-UDP,DDOS attack-LOIC-UDP,True,3,Fwd Act Data Pkts,fwdactdatapkts,0.7421869039535522,0.7421869039535522
654258,DDOS attack-LOIC-UDP,DDOS attack-LOIC-UDP,True,4,Fwd Header Len,fwdheaderlen,0.3422693610191345,0.3422693610191345
654258,DDOS attack-LOIC-UDP,DDOS attack-LOIC-UDP,True,5,Fwd IAT Mean,fwdiatmean,-0.31807154417037964,0.31807154417037964
665523,DDOS attack-LOIC-UDP,DDOS attack-LOIC-UDP,True,1,Tot Fwd Pkts,totfwdpkts,9.185993194580078,9.185993194580078
665523,DDOS attack-LOIC-UDP,DDOS attack-LOIC-UDP,True,2,Fwd IAT Tot,fwdiattot,3.7169902324676514,3.7169902324676514
665523,DDOS attack-LOIC-UDP,DDOS attack-LOIC-UDP,True,3,Fwd Act Data Pkts,fwdactdatapkts,0.8192418813705444,0.8192418813705444
665523,DDOS attack-LOIC-UDP,DDOS attack-LOIC-UDP,True,4,Fwd IAT Std,fwdiatstd,0.3461953103542328,0.3461953103542328
665523,DDOS attack-LOIC-UDP,DDOS attack-LOIC-UDP,True,5,Fwd Header Len,fwdheaderlen,0.34000295400619507,0.34000295400619507
672393,DDOS attack-LOIC-UDP,DDOS attack-LOIC-UDP,True,1,Tot Fwd Pkts,totfwdpkts,9.145170211791992,9.145170211791992
672393,DDOS attack-LOIC-UDP,DDOS attack-LOIC-UDP,True,2,Fwd IAT Tot,fwdiattot,3.7204642295837402,3.7204642295837402
672393,DDOS attack-LOIC-UDP,DDOS attack-LOIC-UDP,True,3,Fwd Act Data Pkts,fwdactdatapkts,0.8383165001869202,0.8383165001869202
672393,DDOS attack-LOIC-UDP,DDOS attack-LOIC-UDP,True,4,Flow IAT Min,flowiatmin,0.41965726017951965,0.41965726017951965
672393,DDOS attack-LOIC-UDP,DDOS attack-LOIC-UDP,True,5,Flow Duration,flowduration,0.3462625741958618,0.3462625741958618
677076,DDOS attack-LOIC-UDP,DDOS attack-LOIC-UDP,True,1,Tot Fwd Pkts,totfwdpkts,9.277148246765137,9.277148246765137
677076,DDOS attack-LOIC-UDP,DDOS attack-LOIC-UDP,True,2,Fwd IAT Tot,fwdiattot,3.7327611446380615,3.7327611446380615
677076,DDOS attack-LOIC-UDP,DDOS attack-LOIC-UDP,True,3,Fwd Act Data Pkts,fwdactdatapkts,0.8079661130905151,0.8079661130905151
677076,DDOS attack-LOIC-UDP,DDOS attack-LOIC-UDP,True,4,Flow IAT Mean,flowiatmean,0.4563281834125519,0.4563281834125519
677076,DDOS attack-LOIC-UDP,DDOS attack-LOIC-UDP,True,5,Flow IAT Std,flowiatstd,-0.38079148530960083,0.38079148530960083
686093,DDOS attack-LOIC-UDP,DDOS attack-LOIC-UDP,True,1,Tot Fwd Pkts,totfwdpkts,9.166780471801758,9.166780471801758
686093,DDOS attack-LOIC-UDP,DDOS attack-LOIC-UDP,True,2,Fwd IAT Tot,fwdiattot,3.8990416526794434,3.8990416526794434
686093,DDOS attack-LOIC-UDP,DDOS attack-LOIC-UDP,True,3,Fwd Act Data Pkts,fwdactdatapkts,0.8047742247581482,0.8047742247581482
686093,DDOS attack-LOIC-UDP,DDOS attack-LOIC-UDP,True,4,Flow Pkts/s,flowpktss,0.7142779231071472,0.7142779231071472
686093,DDOS attack-LOIC-UDP,DDOS attack-LOIC-UDP,True,5,Flow IAT Std,flowiatstd,-0.594235897064209,0.594235897064209
687064,DDOS attack-LOIC-UDP,DDOS attack-LOIC-UDP,True,1,Tot Fwd Pkts,totfwdpkts,9.279244422912598,9.279244422912598
687064,DDOS attack-LOIC-UDP,DDOS attack-LOIC-UDP,True,2,Fwd IAT Tot,fwdiattot,3.7445435523986816,3.7445435523986816
687064,DDOS attack-LOIC-UDP,DDOS attack-LOIC-UDP,True,3,Fwd Act Data Pkts,fwdactdatapkts,0.8214337825775146,0.8214337825775146
687064,DDOS attack-LOIC-UDP,DDOS attack-LOIC-UDP,True,4,Flow IAT Mean,flowiatmean,0.46178680658340454,0.46178680658340454
687064,DDOS attack-LOIC-UDP,DDOS attack-LOIC-UDP,True,5,Flow Duration,flowduration,0.3973403573036194,0.3973403573036194
691842,DDOS attack-LOIC-UDP,DDOS attack-LOIC-UDP,True,1,Tot Fwd Pkts,totfwdpkts,9.102301597595215,9.102301597595215
691842,DDOS attack-LOIC-UDP,DDOS attack-LOIC-UDP,True,2,Fwd IAT Tot,fwdiattot,3.7196457386016846,3.7196457386016846
691842,DDOS attack-LOIC-UDP,DDOS attack-LOIC-UDP,True,3,Fwd Act Data Pkts,fwdactdatapkts,0.7422003149986267,0.7422003149986267
691842,DDOS attack-LOIC-UDP,DDOS attack-LOIC-UDP,True,4,Fwd Header Len,fwdheaderlen,0.34268924593925476,0.34268924593925476
691842,DDOS attack-LOIC-UDP,DDOS attack-LOIC-UDP,True,5,Flow IAT Min,flowiatmin,0.21870994567871094,0.21870994567871094
692514,DDOS attack-LOIC-UDP,DDOS attack-LOIC-UDP,True,1,Tot Fwd Pkts,totfwdpkts,9.195466995239258,9.195466995239258
692514,DDOS attack-LOIC-UDP,DDOS attack-LOIC-UDP,True,2,Fwd IAT Tot,fwdiattot,3.7205770015716553,3.7205770015716553
692514,DDOS attack-LOIC-UDP,DDOS attack-LOIC-UDP,True,3,Fwd Act Data Pkts,fwdactdatapkts,0.8454971313476562,0.8454971313476562
692514,DDOS attack-LOIC-UDP,DDOS attack-LOIC-UDP,True,4,Flow IAT Std,flowiatstd,0.48186689615249634,0.48186689615249634
692514,DDOS attack-LOIC-UDP,DDOS attack-LOIC-UDP,True,5,Flow Duration,flowduration,0.3765048682689667,0.3765048682689667
7748,DDoS attacks-LOIC-HTTP,DDoS attacks-LOIC-HTTP,True,1,Fwd Pkts/s,fwdpktss,1.3529576063156128,1.3529576063156128
7748,DDoS attacks-LOIC-HTTP,DDoS attacks-LOIC-HTTP,True,2,Bwd Pkt Len Std,bwdpktlenstd,1.3489233255386353,1.3489233255386353
7748,DDoS attacks-LOIC-HTTP,DDoS attacks-LOIC-HTTP,True,3,Fwd IAT Std,fwdiatstd,0.9546675682067871,0.9546675682067871
7748,DDoS attacks-LOIC-HTTP,DDoS attacks-LOIC-HTTP,True,4,Fwd IAT Tot,fwdiattot,0.702093243598938,0.702093243598938
7748,DDoS attacks-LOIC-HTTP,DDoS attacks-LOIC-HTTP,True,5,Flow IAT Max,flowiatmax,0.5096601843833923,0.5096601843833923
10519,DDoS attacks-LOIC-HTTP,DDoS attacks-LOIC-HTTP,True,1,Init Fwd Win Byts,initfwdwinbyts,1.7163792848587036,1.7163792848587036
10519,DDoS attacks-LOIC-HTTP,DDoS attacks-LOIC-HTTP,True,2,Fwd IAT Std,fwdiatstd,1.6677155494689941,1.6677155494689941
10519,DDoS attacks-LOIC-HTTP,DDoS attacks-LOIC-HTTP,True,3,Fwd Pkts/s,fwdpktss,1.1742342710494995,1.1742342710494995
10519,DDoS attacks-LOIC-HTTP,DDoS attacks-LOIC-HTTP,True,4,Flow IAT Min,flowiatmin,1.0830174684524536,1.0830174684524536
10519,DDoS attacks-LOIC-HTTP,DDoS attacks-LOIC-HTTP,True,5,Flow IAT Max,flowiatmax,0.5613419413566589,0.5613419413566589
29392,DDoS attacks-LOIC-HTTP,DDoS attacks-LOIC-HTTP,True,1,Fwd Pkts/s,fwdpktss,1.3554672002792358,1.3554672002792358
29392,DDoS attacks-LOIC-HTTP,DDoS attacks-LOIC-HTTP,True,2,Bwd Pkt Len Std,bwdpktlenstd,1.3492971658706665,1.3492971658706665
29392,DDoS attacks-LOIC-HTTP,DDoS attacks-LOIC-HTTP,True,3,Fwd IAT Std,fwdiatstd,0.9546675682067871,0.9546675682067871
29392,DDoS attacks-LOIC-HTTP,DDoS attacks-LOIC-HTTP,True,4,Fwd IAT Tot,fwdiattot,0.7000145316123962,0.7000145316123962
29392,DDoS attacks-LOIC-HTTP,DDoS attacks-LOIC-HTTP,True,5,Flow IAT Max,flowiatmax,0.5208401083946228,0.5208401083946228
38545,DDoS attacks-LOIC-HTTP,DDoS attacks-LOIC-HTTP,True,1,Init Fwd Win Byts,initfwdwinbyts,1.7299984693527222,1.7299984693527222
38545,DDoS attacks-LOIC-HTTP,DDoS attacks-LOIC-HTTP,True,2,Fwd IAT Std,fwdiatstd,1.3534091711044312,1.3534091711044312
38545,DDoS attacks-LOIC-HTTP,DDoS attacks-LOIC-HTTP,True,3,Fwd Pkts/s,fwdpktss,1.136595368385315,1.136595368385315
38545,DDoS attacks-LOIC-HTTP,DDoS attacks-LOIC-HTTP,True,4,Flow IAT Min,flowiatmin,1.0596442222595215,1.0596442222595215
38545,DDoS attacks-LOIC-HTTP,DDoS attacks-LOIC-HTTP,True,5,Flow IAT Max,flowiatmax,0.6083992123603821,0.6083992123603821
38819,DDoS attacks-LOIC-HTTP,DDoS attacks-LOIC-HTTP,True,1,Fwd Pkts/s,fwdpktss,1.3531405925750732,1.3531405925750732
38819,DDoS attacks-LOIC-HTTP,DDoS attacks-LOIC-HTTP,True,2,Bwd Pkt Len Std,bwdpktlenstd,1.3491064310073853,1.3491064310073853
38819,DDoS attacks-LOIC-HTTP,DDoS attacks-LOIC-HTTP,True,3,Fwd IAT Std,fwdiatstd,0.9572689533233643,0.9572689533233643
38819,DDoS attacks-LOIC-HTTP,DDoS attacks-LOIC-HTTP,True,4,Fwd IAT Tot,fwdiattot,0.7116959095001221,0.7116959095001221
38819,DDoS attacks-LOIC-HTTP,DDoS attacks-LOIC-HTTP,True,5,Flow IAT Max,flowiatmax,0.4516479969024658,0.4516479969024658
46253,DDoS attacks-LOIC-HTTP,DDoS attacks-LOIC-HTTP,True,1,Fwd IAT Std,fwdiatstd,1.6462289094924927,1.6462289094924927
46253,DDoS attacks-LOIC-HTTP,DDoS attacks-LOIC-HTTP,True,2,Init Fwd Win Byts,initfwdwinbyts,1.3626919984817505,1.3626919984817505
46253,DDoS attacks-LOIC-HTTP,DDoS attacks-LOIC-HTTP,True,3,Fwd Pkts/s,fwdpktss,1.270894169807434,1.270894169807434
46253,DDoS attacks-LOIC-HTTP,DDoS attacks-LOIC-HTTP,True,4,Flow IAT Min,flowiatmin,1.0519665479660034,1.0519665479660034
46253,DDoS attacks-LOIC-HTTP,DDoS attacks-LOIC-HTTP,True,5,Flow IAT Max,flowiatmax,0.5798901319503784,0.5798901319503784
49548,DDoS attacks-LOIC-HTTP,DDoS attacks-LOIC-HTTP,True,1,Bwd Pkt Len Std,bwdpktlenstd,1.423289179801941,1.423289179801941
49548,DDoS attacks-LOIC-HTTP,DDoS attacks-LOIC-HTTP,True,2,Fwd Pkts/s,fwdpktss,1.1623605489730835,1.1623605489730835
49548,DDoS attacks-LOIC-HTTP,DDoS attacks-LOIC-HTTP,True,3,Fwd IAT Std,fwdiatstd,0.9081158638000488,0.9081158638000488
49548,DDoS attacks-LOIC-HTTP,DDoS attacks-LOIC-HTTP,True,4,Fwd IAT Tot,fwdiattot,0.7893511652946472,0.7893511652946472
49548,DDoS attacks-LOIC-HTTP,DDoS attacks-LOIC-HTTP,True,5,Flow IAT Max,flowiatmax,0.45572346448898315,0.45572346448898315
52573,DDoS attacks-LOIC-HTTP,DDoS attacks-LOIC-HTTP,True,1,Init Fwd Win Byts,initfwdwinbyts,1.7161937952041626,1.7161937952041626
52573,DDoS attacks-LOIC-HTTP,DDoS attacks-LOIC-HTTP,True,2,Fwd IAT Std,fwdiatstd,1.6681005954742432,1.6681005954742432
52573,DDoS attacks-LOIC-HTTP,DDoS attacks-LOIC-HTTP,True,3,Fwd Pkts/s,fwdpktss,1.1860449314117432,1.1860449314117432
52573,DDoS attacks-LOIC-HTTP,DDoS attacks-LOIC-HTTP,True,4,Flow IAT Min,flowiatmin,1.081811785697937,1.081811785697937
52573,DDoS attacks-LOIC-HTTP,DDoS attacks-LOIC-HTTP,True,5,Flow IAT Max,flowiatmax,0.5577613115310669,0.5577613115310669
53471,DDoS attacks-LOIC-HTTP,DDoS attacks-LOIC-HTTP,True,1,Init Fwd Win Byts,initfwdwinbyts,1.7163792848587036,1.7163792848587036
53471,DDoS attacks-LOIC-HTTP,DDoS attacks-LOIC-HTTP,True,2,Fwd IAT Std,fwdiatstd,1.6677155494689941,1.6677155494689941
53471,DDoS attacks-LOIC-HTTP,DDoS attacks-LOIC-HTTP,True,3,Fwd Pkts/s,fwdpktss,1.1742342710494995,1.1742342710494995
53471,DDoS attacks-LOIC-HTTP,DDoS attacks-LOIC-HTTP,True,4,Flow IAT Min,flowiatmin,1.0830174684524536,1.0830174684524536
53471,DDoS attacks-LOIC-HTTP,DDoS attacks-LOIC-HTTP,True,5,Flow IAT Max,flowiatmax,0.5613419413566589,0.5613419413566589
80739,DDoS attacks-LOIC-HTTP,DDoS attacks-LOIC-HTTP,True,1,Bwd Pkt Len Std,bwdpktlenstd,1.3194947242736816,1.3194947242736816
80739,DDoS attacks-LOIC-HTTP,DDoS attacks-LOIC-HTTP,True,2,Fwd Pkts/s,fwdpktss,1.3148020505905151,1.3148020505905151
80739,DDoS attacks-LOIC-HTTP,DDoS attacks-LOIC-HTTP,True,3,Fwd IAT Std,fwdiatstd,1.0227733850479126,1.0227733850479126
80739,DDoS attacks-LOIC-HTTP,DDoS attacks-LOIC-HTTP,True,4,Fwd IAT Tot,fwdiattot,0.6987432241439819,0.6987432241439819
80739,DDoS attacks-LOIC-HTTP,DDoS attacks-LOIC-HTTP,True,5,Flow IAT Max,flowiatmax,0.5347844362258911,0.5347844362258911
83455,DDoS attacks-LOIC-HTTP,DDoS attacks-LOIC-HTTP,True,1,Fwd Pkts/s,fwdpktss,1.3529576063156128,1.3529576063156128
83455,DDoS attacks-LOIC-HTTP,DDoS attacks-LOIC-HTTP,True,2,Bwd Pkt Len Std,bwdpktlenstd,1.3489233255386353,1.3489233255386353
83455,DDoS attacks-LOIC-HTTP,DDoS attacks-LOIC-HTTP,True,3,Fwd IAT Std,fwdiatstd,0.9572689533233643,0.9572689533233643
83455,DDoS attacks-LOIC-HTTP,DDoS attacks-LOIC-HTTP,True,4,Fwd IAT Tot,fwdiattot,0.7116959095001221,0.7116959095001221
83455,DDoS attacks-LOIC-HTTP,DDoS attacks-LOIC-HTTP,True,5,Flow IAT Max,flowiatmax,0.4516479969024658,0.4516479969024658
89524,DDoS attacks-LOIC-HTTP,DDoS attacks-LOIC-HTTP,True,1,Fwd Pkts/s,fwdpktss,1.3529146909713745,1.3529146909713745
89524,DDoS attacks-LOIC-HTTP,DDoS attacks-LOIC-HTTP,True,2,Bwd Pkt Len Std,bwdpktlenstd,1.3489233255386353,1.3489233255386353
89524,DDoS attacks-LOIC-HTTP,DDoS attacks-LOIC-HTTP,True,3,Fwd IAT Std,fwdiatstd,0.957388162612915,0.957388162612915
89524,DDoS attacks-LOIC-HTTP,DDoS attacks-LOIC-HTTP,True,4,Fwd IAT Tot,fwdiattot,0.7118151187896729,0.7118151187896729
89524,DDoS attacks-LOIC-HTTP,DDoS attacks-LOIC-HTTP,True,5,Flow IAT Max,flowiatmax,0.4516479969024658,0.4516479969024658
99090,DDoS attacks-LOIC-HTTP,DDoS attacks-LOIC-HTTP,True,1,Init Fwd Win Byts,initfwdwinbyts,1.7299984693527222,1.7299984693527222
99090,DDoS attacks-LOIC-HTTP,DDoS attacks-LOIC-HTTP,True,2,Fwd IAT Std,fwdiatstd,1.3534091711044312,1.3534091711044312
99090,DDoS attacks-LOIC-HTTP,DDoS attacks-LOIC-HTTP,True,3,Fwd Pkts/s,fwdpktss,1.136595368385315,1.136595368385315
99090,DDoS attacks-LOIC-HTTP,DDoS attacks-LOIC-HTTP,True,4,Flow IAT Min,flowiatmin,1.0596442222595215,1.0596442222595215
99090,DDoS attacks-LOIC-HTTP,DDoS attacks-LOIC-HTTP,True,5,Flow IAT Max,flowiatmax,0.6083992123603821,0.6083992123603821
100887,DDoS attacks-LOIC-HTTP,DDoS attacks-LOIC-HTTP,True,1,Bwd Pkt Len Std,bwdpktlenstd,1.3460053205490112,1.3460053205490112
100887,DDoS attacks-LOIC-HTTP,DDoS attacks-LOIC-HTTP,True,2,Fwd Pkts/s,fwdpktss,1.3443653583526611,1.3443653583526611
100887,DDoS attacks-LOIC-HTTP,DDoS attacks-LOIC-HTTP,True,3,Fwd IAT Std,fwdiatstd,0.9906265735626221,0.9906265735626221
100887,DDoS attacks-LOIC-HTTP,DDoS attacks-LOIC-HTTP,True,4,Fwd IAT Tot,fwdiattot,0.7281167507171631,0.7281167507171631
100887,DDoS attacks-LOIC-HTTP,DDoS attacks-LOIC-HTTP,True,5,Flow IAT Max,flowiatmax,0.4431505799293518,0.4431505799293518
107653,DDoS attacks-LOIC-HTTP,DDoS attacks-LOIC-HTTP,True,1,Fwd Pkts/s,fwdpktss,1.3557461500167847,1.3557461500167847
107653,DDoS attacks-LOIC-HTTP,DDoS attacks-LOIC-HTTP,True,2,Bwd Pkt Len Std,bwdpktlenstd,1.3496190309524536,1.3496190309524536
107653,DDoS attacks-LOIC-HTTP,DDoS attacks-LOIC-HTTP,True,3,Fwd IAT Std,fwdiatstd,0.9573885798454285,0.9573885798454285
107653,DDoS attacks-LOIC-HTTP,DDoS attacks-LOIC-HTTP,True,4,Fwd IAT Tot,fwdiattot,0.6972955465316772,0.6972955465316772
107653,DDoS attacks-LOIC-HTTP,DDoS attacks-LOIC-HTTP,True,5,Flow IAT Max,flowiatmax,0.539442777633667,0.539442777633667
114761,DDoS attacks-LOIC-HTTP,DDoS attacks-LOIC-HTTP,True,1,Bwd Pkt Len Std,bwdpktlenstd,1.3460040092468262,1.3460040092468262
114761,DDoS attacks-LOIC-HTTP,DDoS attacks-LOIC-HTTP,True,2,Fwd Pkts/s,fwdpktss,1.3413516283035278,1.3413516283035278
114761,DDoS attacks-LOIC-HTTP,DDoS attacks-LOIC-HTTP,True,3,Fwd IAT Std,fwdiatstd,1.0252273082733154,1.0252273082733154
114761,DDoS attacks-LOIC-HTTP,DDoS attacks-LOIC-HTTP,True,4,Fwd IAT Tot,fwdiattot,0.7137739062309265,0.7137739062309265
114761,DDoS attacks-LOIC-HTTP,DDoS attacks-LOIC-HTTP,True,5,Flow IAT Max,flowiatmax,0.44099730253219604,0.44099730253219604
116210,DDoS attacks-LOIC-HTTP,DDoS attacks-LOIC-HTTP,True,1,Init Fwd Win Byts,initfwdwinbyts,1.7182388305664062,1.7182388305664062
116210,DDoS attacks-LOIC-HTTP,DDoS attacks-LOIC-HTTP,True,2,Fwd IAT Std,fwdiatstd,1.6675136089324951,1.6675136089324951
116210,DDoS attacks-LOIC-HTTP,DDoS attacks-LOIC-HTTP,True,3,Fwd Pkts/s,fwdpktss,1.183293342590332,1.183293342590332
116210,DDoS attacks-LOIC-HTTP,DDoS attacks-LOIC-HTTP,True,4,Flow IAT Min,flowiatmin,1.081811785697937,1.081811785697937
116210,DDoS attacks-LOIC-HTTP,DDoS attacks-LOIC-HTTP,True,5,Flow IAT Max,flowiatmax,0.5577458143234253,0.5577458143234253
120901,DDoS attacks-LOIC-HTTP,DDoS attacks-LOIC-HTTP,True,1,Fwd Pkts/s,fwdpktss,1.3529576063156128,1.3529576063156128
120901,DDoS attacks-LOIC-HTTP,DDoS attacks-LOIC-HTTP,True,2,Bwd Pkt Len Std,bwdpktlenstd,1.3489233255386353,1.3489233255386353
120901,DDoS attacks-LOIC-HTTP,DDoS attacks-LOIC-HTTP,True,3,Fwd IAT Std,fwdiatstd,0.9572689533233643,0.9572689533233643
120901,DDoS attacks-LOIC-HTTP,DDoS attacks-LOIC-HTTP,True,4,Fwd IAT Tot,fwdiattot,0.7116959095001221,0.7116959095001221
120901,DDoS attacks-LOIC-HTTP,DDoS attacks-LOIC-HTTP,True,5,Flow IAT Max,flowiatmax,0.4516479969024658,0.4516479969024658
139701,DDoS attacks-LOIC-HTTP,DDoS attacks-LOIC-HTTP,True,1,Init Fwd Win Byts,initfwdwinbyts,2.7167317867279053,2.7167317867279053
139701,DDoS attacks-LOIC-HTTP,DDoS attacks-LOIC-HTTP,True,2,Fwd IAT Std,fwdiatstd,1.4296070337295532,1.4296070337295532
139701,DDoS attacks-LOIC-HTTP,DDoS attacks-LOIC-HTTP,True,3,Fwd Pkts/s,fwdpktss,1.0583511590957642,1.0583511590957642
139701,DDoS attacks-LOIC-HTTP,DDoS attacks-LOIC-HTTP,True,4,Flow IAT Min,flowiatmin,1.0577938556671143,1.0577938556671143
139701,DDoS attacks-LOIC-HTTP,DDoS attacks-LOIC-HTTP,True,5,Flow IAT Max,flowiatmax,0.5306025147438049,0.5306025147438049
145300,DDoS attacks-LOIC-HTTP,DDoS attacks-LOIC-HTTP,True,1,Init Fwd Win Byts,initfwdwinbyts,1.7570081949234009,1.7570081949234009
145300,DDoS attacks-LOIC-HTTP,DDoS attacks-LOIC-HTTP,True,2,Fwd IAT Std,fwdiatstd,1.3184094429016113,1.3184094429016113
145300,DDoS attacks-LOIC-HTTP,DDoS attacks-LOIC-HTTP,True,3,Fwd Pkts/s,fwdpktss,1.1986297369003296,1.1986297369003296
145300,DDoS attacks-LOIC-HTTP,DDoS attacks-LOIC-HTTP,True,4,Flow IAT Min,flowiatmin,1.0636906623840332,1.0636906623840332
145300,DDoS attacks-LOIC-HTTP,DDoS attacks-LOIC-HTTP,True,5,Flow IAT Max,flowiatmax,0.6135298013687134,0.6135298013687134
167214,DDoS attacks-LOIC-HTTP,DDoS attacks-LOIC-HTTP,True,1,Init Fwd Win Byts,initfwdwinbyts,1.7570081949234009,1.7570081949234009
167214,DDoS attacks-LOIC-HTTP,DDoS attacks-LOIC-HTTP,True,2,Fwd IAT Std,fwdiatstd,1.3184094429016113,1.3184094429016113
167214,DDoS attacks-LOIC-HTTP,DDoS attacks-LOIC-HTTP,True,3,Fwd Pkts/s,fwdpktss,1.1986297369003296,1.1986297369003296
167214,DDoS attacks-LOIC-HTTP,DDoS attacks-LOIC-HTTP,True,4,Flow IAT Min,flowiatmin,1.0636906623840332,1.0636906623840332
167214,DDoS attacks-LOIC-HTTP,DDoS attacks-LOIC-HTTP,True,5,Flow IAT Max,flowiatmax,0.6135298013687134,0.6135298013687134
171578,DDoS attacks-LOIC-HTTP,DDoS attacks-LOIC-HTTP,True,1,Init Fwd Win Byts,initfwdwinbyts,1.7570081949234009,1.7570081949234009
171578,DDoS attacks-LOIC-HTTP,DDoS attacks-LOIC-HTTP,True,2,Fwd IAT Std,fwdiatstd,1.3184094429016113,1.3184094429016113
171578,DDoS attacks-LOIC-HTTP,DDoS attacks-LOIC-HTTP,True,3,Fwd Pkts/s,fwdpktss,1.1986297369003296,1.1986297369003296
171578,DDoS attacks-LOIC-HTTP,DDoS attacks-LOIC-HTTP,True,4,Flow IAT Min,flowiatmin,1.0636906623840332,1.0636906623840332
171578,DDoS attacks-LOIC-HTTP,DDoS attacks-LOIC-HTTP,True,5,Flow IAT Max,flowiatmax,0.6135298013687134,0.6135298013687134
188081,DDoS attacks-LOIC-HTTP,DDoS attacks-LOIC-HTTP,True,1,Bwd Pkt Len Std,bwdpktlenstd,1.3460053205490112,1.3460053205490112
188081,DDoS attacks-LOIC-HTTP,DDoS attacks-LOIC-HTTP,True,2,Fwd Pkts/s,fwdpktss,1.3413957357406616,1.3413957357406616
188081,DDoS attacks-LOIC-HTTP,DDoS attacks-LOIC-HTTP,True,3,Fwd IAT Std,fwdiatstd,1.0251082181930542,1.0251082181930542
188081,DDoS attacks-LOIC-HTTP,DDoS attacks-LOIC-HTTP,True,4,Fwd IAT Tot,fwdiattot,0.7136546969413757,0.7136546969413757
188081,DDoS attacks-LOIC-HTTP,DDoS attacks-LOIC-HTTP,True,5,Flow IAT Max,flowiatmax,0.44099730253219604,0.44099730253219604
196189,DDoS attacks-LOIC-HTTP,DDoS attacks-LOIC-HTTP,True,1,Fwd Pkts/s,fwdpktss,1.352914571762085,1.352914571762085
196189,DDoS attacks-LOIC-HTTP,DDoS attacks-LOIC-HTTP,True,2,Bwd Pkt Len Std,bwdpktlenstd,1.3489233255386353,1.3489233255386353
196189,DDoS attacks-LOIC-HTTP,DDoS attacks-LOIC-HTTP,True,3,Fwd IAT Std,fwdiatstd,0.9573885798454285,0.9573885798454285
196189,DDoS attacks-LOIC-HTTP,DDoS attacks-LOIC-HTTP,True,4,Fwd IAT Tot,fwdiattot,0.7118155360221863,0.7118155360221863
196189,DDoS attacks-LOIC-HTTP,DDoS attacks-LOIC-HTTP,True,5,Flow IAT Max,flowiatmax,0.4516479969024658,0.4516479969024658
217416,DDoS attacks-LOIC-HTTP,DDoS attacks-LOIC-HTTP,True,1,Init Fwd Win Byts,initfwdwinbyts,1.7299984693527222,1.7299984693527222
217416,DDoS attacks-LOIC-HTTP,DDoS attacks-LOIC-HTTP,True,2,Fwd IAT Std,fwdiatstd,1.398102879524231,1.398102879524231
217416,DDoS attacks-LOIC-HTTP,DDoS attacks-LOIC-HTTP,True,3,Fwd Pkts/s,fwdpktss,1.1366052627563477,1.1366052627563477
217416,DDoS attacks-LOIC-HTTP,DDoS attacks-LOIC-HTTP,True,4,Flow IAT Min,flowiatmin,1.0596586465835571,1.0596586465835571
217416,DDoS attacks-LOIC-HTTP,DDoS attacks-LOIC-HTTP,True,5,Flow IAT Max,flowiatmax,0.5856302976608276,0.5856302976608276
219538,DDoS attacks-LOIC-HTTP,DDoS attacks-LOIC-HTTP,True,1,Init Fwd Win Byts,initfwdwinbyts,1.7182388305664062,1.7182388305664062
219538,DDoS attacks-LOIC-HTTP,DDoS attacks-LOIC-HTTP,True,2,Fwd IAT Std,fwdiatstd,1.6675136089324951,1.6675136089324951
219538,DDoS attacks-LOIC-HTTP,DDoS attacks-LOIC-HTTP,True,3,Fwd Pkts/s,fwdpktss,1.183293342590332,1.183293342590332
219538,DDoS attacks-LOIC-HTTP,DDoS attacks-LOIC-HTTP,True,4,Flow IAT Min,flowiatmin,1.081811785697937,1.081811785697937
219538,DDoS attacks-LOIC-HTTP,DDoS attacks-LOIC-HTTP,True,5,Flow IAT Max,flowiatmax,0.5577458143234253,0.5577458143234253
219843,DDoS attacks-LOIC-HTTP,DDoS attacks-LOIC-HTTP,True,1,Init Fwd Win Byts,initfwdwinbyts,1.7299984693527222,1.7299984693527222
219843,DDoS attacks-LOIC-HTTP,DDoS attacks-LOIC-HTTP,True,2,Fwd IAT Std,fwdiatstd,1.398102879524231,1.398102879524231
219843,DDoS attacks-LOIC-HTTP,DDoS attacks-LOIC-HTTP,True,3,Fwd Pkts/s,fwdpktss,1.1366052627563477,1.1366052627563477
219843,DDoS attacks-LOIC-HTTP,DDoS attacks-LOIC-HTTP,True,4,Flow IAT Min,flowiatmin,1.0596586465835571,1.0596586465835571
219843,DDoS attacks-LOIC-HTTP,DDoS attacks-LOIC-HTTP,True,5,Flow IAT Max,flowiatmax,0.5856302976608276,0.5856302976608276
230269,DDoS attacks-LOIC-HTTP,DDoS attacks-LOIC-HTTP,True,1,Init Fwd Win Byts,initfwdwinbyts,1.7299984693527222,1.7299984693527222
230269,DDoS attacks-LOIC-HTTP,DDoS attacks-LOIC-HTTP,True,2,Fwd IAT Std,fwdiatstd,1.398102879524231,1.398102879524231
230269,DDoS attacks-LOIC-HTTP,DDoS attacks-LOIC-HTTP,True,3,Fwd Pkts/s,fwdpktss,1.1366052627563477,1.1366052627563477
230269,DDoS attacks-LOIC-HTTP,DDoS attacks-LOIC-HTTP,True,4,Flow IAT Min,flowiatmin,1.0596586465835571,1.0596586465835571
230269,DDoS attacks-LOIC-HTTP,DDoS attacks-LOIC-HTTP,True,5,Flow IAT Max,flowiatmax,0.5856302976608276,0.5856302976608276
233436,DDoS attacks-LOIC-HTTP,DDoS attacks-LOIC-HTTP,True,1,Fwd Pkts/s,fwdpktss,1.3529576063156128,1.3529576063156128
233436,DDoS attacks-LOIC-HTTP,DDoS attacks-LOIC-HTTP,True,2,Bwd Pkt Len Std,bwdpktlenstd,1.3489233255386353,1.3489233255386353
233436,DDoS attacks-LOIC-HTTP,DDoS attacks-LOIC-HTTP,True,3,Fwd IAT Std,fwdiatstd,0.9572689533233643,0.9572689533233643
233436,DDoS attacks-LOIC-HTTP,DDoS attacks-LOIC-HTTP,True,4,Fwd IAT Tot,fwdiattot,0.7116959095001221,0.7116959095001221
233436,DDoS attacks-LOIC-HTTP,DDoS attacks-LOIC-HTTP,True,5,Flow IAT Max,flowiatmax,0.4516479969024658,0.4516479969024658
233539,DDoS attacks-LOIC-HTTP,DDoS attacks-LOIC-HTTP,True,1,Bwd Pkt Len Std,bwdpktlenstd,1.3193596601486206,1.3193596601486206
233539,DDoS attacks-LOIC-HTTP,DDoS attacks-LOIC-HTTP,True,2,Fwd Pkts/s,fwdpktss,1.3147099018096924,1.3147099018096924
233539,DDoS attacks-LOIC-HTTP,DDoS attacks-LOIC-HTTP,True,3,Fwd IAT Std,fwdiatstd,1.0252556800842285,1.0252556800842285
233539,DDoS attacks-LOIC-HTTP,DDoS attacks-LOIC-HTTP,True,4,Fwd IAT Tot,fwdiattot,0.7138007879257202,0.7138007879257202
233539,DDoS attacks-LOIC-HTTP,DDoS attacks-LOIC-HTTP,True,5,Flow IAT Max,flowiatmax,0.4409979581832886,0.4409979581832886
252296,DDoS attacks-LOIC-HTTP,DDoS attacks-LOIC-HTTP,True,1,Bwd Pkt Len Std,bwdpktlenstd,1.423289179801941,1.423289179801941
252296,DDoS attacks-LOIC-HTTP,DDoS attacks-LOIC-HTTP,True,2,Fwd Pkts/s,fwdpktss,1.1624034643173218,1.1624034643173218
252296,DDoS attacks-LOIC-HTTP,DDoS attacks-LOIC-HTTP,True,3,Fwd IAT Std,fwdiatstd,0.9087352752685547,0.9087352752685547
252296,DDoS attacks-LOIC-HTTP,DDoS attacks-LOIC-HTTP,True,4,Fwd IAT Tot,fwdiattot,0.7892315983772278,0.7892315983772278
252296,DDoS attacks-LOIC-HTTP,DDoS attacks-LOIC-HTTP,True,5,Flow IAT Max,flowiatmax,0.4570578336715698,0.4570578336715698
255405,DDoS attacks-LOIC-HTTP,DDoS attacks-LOIC-HTTP,True,1,Fwd Pkts/s,fwdpktss,1.3531405925750732,1.3531405925750732
255405,DDoS attacks-LOIC-HTTP,DDoS attacks-LOIC-HTTP,True,2,Bwd Pkt Len Std,bwdpktlenstd,1.3491064310073853,1.3491064310073853
255405,DDoS attacks-LOIC-HTTP,DDoS attacks-LOIC-HTTP,True,3,Fwd IAT Std,fwdiatstd,0.9572689533233643,0.9572689533233643
255405,DDoS attacks-LOIC-HTTP,DDoS attacks-LOIC-HTTP,True,4,Fwd IAT Tot,fwdiattot,0.7116959095001221,0.7116959095001221
255405,DDoS attacks-LOIC-HTTP,DDoS attacks-LOIC-HTTP,True,5,Flow IAT Max,flowiatmax,0.4516479969024658,0.4516479969024658
260644,DDoS attacks-LOIC-HTTP,DDoS attacks-LOIC-HTTP,True,1,Init Fwd Win Byts,initfwdwinbyts,1.7163792848587036,1.7163792848587036
260644,DDoS attacks-LOIC-HTTP,DDoS attacks-LOIC-HTTP,True,2,Fwd IAT Std,fwdiatstd,1.6677131652832031,1.6677131652832031
260644,DDoS attacks-LOIC-HTTP,DDoS attacks-LOIC-HTTP,True,3,Fwd Pkts/s,fwdpktss,1.1742351055145264,1.1742351055145264
260644,DDoS attacks-LOIC-HTTP,DDoS attacks-LOIC-HTTP,True,4,Flow IAT Min,flowiatmin,1.0830174684524536,1.0830174684524536
260644,DDoS attacks-LOIC-HTTP,DDoS attacks-LOIC-HTTP,True,5,Flow IAT Max,flowiatmax,0.5613419413566589,0.5613419413566589
268520,DDoS attacks-LOIC-HTTP,DDoS attacks-LOIC-HTTP,True,1,Init Fwd Win Byts,initfwdwinbyts,1.7299984693527222,1.7299984693527222
268520,DDoS attacks-LOIC-HTTP,DDoS attacks-LOIC-HTTP,True,2,Fwd IAT Std,fwdiatstd,1.398102879524231,1.398102879524231
268520,DDoS attacks-LOIC-HTTP,DDoS attacks-LOIC-HTTP,True,3,Fwd Pkts/s,fwdpktss,1.1366052627563477,1.1366052627563477
268520,DDoS attacks-LOIC-HTTP,DDoS attacks-LOIC-HTTP,True,4,Flow IAT Min,flowiatmin,1.0596586465835571,1.0596586465835571
268520,DDoS attacks-LOIC-HTTP,DDoS attacks-LOIC-HTTP,True,5,Flow IAT Max,flowiatmax,0.5856302976608276,0.5856302976608276
271368,DDoS attacks-LOIC-HTTP,DDoS attacks-LOIC-HTTP,True,1,Fwd Pkts/s,fwdpktss,1.3529133796691895,1.3529133796691895
271368,DDoS attacks-LOIC-HTTP,DDoS attacks-LOIC-HTTP,True,2,Bwd Pkt Len Std,bwdpktlenstd,1.3489221334457397,1.3489221334457397
271368,DDoS attacks-LOIC-HTTP,DDoS attacks-LOIC-HTTP,True,3,Fwd IAT Std,fwdiatstd,0.9573885798454285,0.9573885798454285
271368,DDoS attacks-LOIC-HTTP,DDoS attacks-LOIC-HTTP,True,4,Fwd IAT Tot,fwdiattot,0.7118155360221863,0.7118155360221863
271368,DDoS attacks-LOIC-HTTP,DDoS attacks-LOIC-HTTP,True,5,Flow IAT Max,flowiatmax,0.4516479969024658,0.4516479969024658
274792,DDoS attacks-LOIC-HTTP,DDoS attacks-LOIC-HTTP,True,1,Init Fwd Win Byts,initfwdwinbyts,1.754103183746338,1.754103183746338
274792,DDoS attacks-LOIC-HTTP,DDoS attacks-LOIC-HTTP,True,2,Fwd IAT Std,fwdiatstd,1.3184094429016113,1.3184094429016113
274792,DDoS attacks-LOIC-HTTP,DDoS attacks-LOIC-HTTP,True,3,Fwd Pkts/s,fwdpktss,1.1389907598495483,1.1389907598495483
274792,DDoS attacks-LOIC-HTTP,DDoS attacks-LOIC-HTTP,True,4,Flow IAT Min,flowiatmin,1.0596221685409546,1.0596221685409546
274792,DDoS attacks-LOIC-HTTP,DDoS attacks-LOIC-HTTP,True,5,Flow IAT Max,flowiatmax,0.6135298013687134,0.6135298013687134
290172,DDoS attacks-LOIC-HTTP,DDoS attacks-LOIC-HTTP,True,1,Bwd Pkt Len Std,bwdpktlenstd,1.3460040092468262,1.3460040092468262
290172,DDoS attacks-LOIC-HTTP,DDoS attacks-LOIC-HTTP,True,2,Fwd Pkts/s,fwdpktss,1.3413983583450317,1.3413983583450317
290172,DDoS attacks-LOIC-HTTP,DDoS attacks-LOIC-HTTP,True,3,Fwd IAT Std,fwdiatstd,1.0250746011734009,1.0250746011734009
290172,DDoS attacks-LOIC-HTTP,DDoS attacks-LOIC-HTTP,True,4,Fwd IAT Tot,fwdiattot,0.7136210799217224,0.7136210799217224
290172,DDoS attacks-LOIC-HTTP,DDoS attacks-LOIC-HTTP,True,5,Flow IAT Max,flowiatmax,0.44100427627563477,0.44100427627563477
292109,DDoS attacks-LOIC-HTTP,DDoS attacks-LOIC-HTTP,True,1,Init Fwd Win Byts,initfwdwinbyts,1.7134301662445068,1.7134301662445068
292109,DDoS attacks-LOIC-HTTP,DDoS attacks-LOIC-HTTP,True,2,Fwd IAT Std,fwdiatstd,1.6682982444763184,1.6682982444763184
292109,DDoS attacks-LOIC-HTTP,DDoS attacks-LOIC-HTTP,True,3,Fwd Pkts/s,fwdpktss,1.1882045269012451,1.1882045269012451
292109,DDoS attacks-LOIC-HTTP,DDoS attacks-LOIC-HTTP,True,4,Flow IAT Min,flowiatmin,1.0821528434753418,1.0821528434753418
292109,DDoS attacks-LOIC-HTTP,DDoS attacks-LOIC-HTTP,True,5,Flow IAT Max,flowiatmax,0.5577613115310669,0.5577613115310669
297101,DDoS attacks-LOIC-HTTP,DDoS attacks-LOIC-HTTP,True,1,Init Fwd Win Byts,initfwdwinbyts,1.7648736238479614,1.7648736238479614
297101,DDoS attacks-LOIC-HTTP,DDoS attacks-LOIC-HTTP,True,2,Fwd IAT Std,fwdiatstd,1.66771399974823,1.66771399974823
297101,DDoS attacks-LOIC-HTTP,DDoS attacks-LOIC-HTTP,True,3,Fwd Pkts/s,fwdpktss,1.1958684921264648,1.1958684921264648
297101,DDoS attacks-LOIC-HTTP,DDoS attacks-LOIC-HTTP,True,4,Flow IAT Min,flowiatmin,1.168405294418335,1.168405294418335
297101,DDoS attacks-LOIC-HTTP,DDoS attacks-LOIC-HTTP,True,5,Flow IAT Max,flowiatmax,0.5862002968788147,0.5862002968788147
305302,DDoS attacks-LOIC-HTTP,DDoS attacks-LOIC-HTTP,True,1,Fwd Pkts/s,fwdpktss,1.355582356452942,1.355582356452942
305302,DDoS attacks-LOIC-HTTP,DDoS attacks-LOIC-HTTP,True,2,Bwd Pkt Len Std,bwdpktlenstd,1.349412441253662,1.349412441253662
305302,DDoS attacks-LOIC-HTTP,DDoS attacks-LOIC-HTTP,True,3,Fwd IAT Std,fwdiatstd,0.9570385813713074,0.9570385813713074
305302,DDoS attacks-LOIC-HTTP,DDoS attacks-LOIC-HTTP,True,4,Fwd IAT Tot,fwdiattot,0.7123636603355408,0.7123636603355408
305302,DDoS attacks-LOIC-HTTP,DDoS attacks-LOIC-HTTP,True,5,Flow IAT Max,flowiatmax,0.45151621103286743,0.45151621103286743
314362,DDoS attacks-LOIC-HTTP,DDoS attacks-LOIC-HTTP,True,1,Fwd Pkts/s,fwdpktss,1.3554683923721313,1.3554683923721313
314362,DDoS attacks-LOIC-HTTP,DDoS attacks-LOIC-HTTP,True,2,Bwd Pkt Len Std,bwdpktlenstd,1.3492984771728516,1.3492984771728516
314362,DDoS attacks-LOIC-HTTP,DDoS attacks-LOIC-HTTP,True,3,Fwd IAT Std,fwdiatstd,0.9546675682067871,0.9546675682067871
314362,DDoS attacks-LOIC-HTTP,DDoS attacks-LOIC-HTTP,True,4,Fwd IAT Tot,fwdiattot,0.702750027179718,0.702750027179718
314362,DDoS attacks-LOIC-HTTP,DDoS attacks-LOIC-HTTP,True,5,Flow IAT Max,flowiatmax,0.5090675950050354,0.5090675950050354
315034,DDoS attacks-LOIC-HTTP,DDoS attacks-LOIC-HTTP,True,1,Init Fwd Win Byts,initfwdwinbyts,1.7301090955734253,1.7301090955734253
315034,DDoS attacks-LOIC-HTTP,DDoS attacks-LOIC-HTTP,True,2,Fwd IAT Std,fwdiatstd,1.3200443983078003,1.3200443983078003
315034,DDoS attacks-LOIC-HTTP,DDoS attacks-LOIC-HTTP,True,3,Fwd Pkts/s,fwdpktss,1.150896668434143,1.150896668434143
315034,DDoS attacks-LOIC-HTTP,DDoS attacks-LOIC-HTTP,True,4,Flow IAT Min,flowiatmin,1.0596221685409546,1.0596221685409546
315034,DDoS attacks-LOIC-HTTP,DDoS attacks-LOIC-HTTP,True,5,Flow IAT Max,flowiatmax,0.6135298013687134,0.6135298013687134
326940,DDoS attacks-LOIC-HTTP,DDoS attacks-LOIC-HTTP,True,1,Fwd Pkts/s,fwdpktss,1.3529576063156128,1.3529576063156128
326940,DDoS attacks-LOIC-HTTP,DDoS attacks-LOIC-HTTP,True,2,Bwd Pkt Len Std,bwdpktlenstd,1.3489233255386353,1.3489233255386353
326940,DDoS attacks-LOIC-HTTP,DDoS attacks-LOIC-HTTP,True,3,Fwd IAT Std,fwdiatstd,0.9572689533233643,0.9572689533233643
326940,DDoS attacks-LOIC-HTTP,DDoS attacks-LOIC-HTTP,True,4,Fwd IAT Tot,fwdiattot,0.7116959095001221,0.7116959095001221
326940,DDoS attacks-LOIC-HTTP,DDoS attacks-LOIC-HTTP,True,5,Flow IAT Max,flowiatmax,0.4516479969024658,0.4516479969024658
340220,DDoS attacks-LOIC-HTTP,DDoS attacks-LOIC-HTTP,True,1,Fwd Pkts/s,fwdpktss,1.352914571762085,1.352914571762085
340220,DDoS attacks-LOIC-HTTP,DDoS attacks-LOIC-HTTP,True,2,Bwd Pkt Len Std,bwdpktlenstd,1.3489233255386353,1.3489233255386353
340220,DDoS attacks-LOIC-HTTP,DDoS attacks-LOIC-HTTP,True,3,Fwd IAT Std,fwdiatstd,0.9573885798454285,0.9573885798454285
340220,DDoS attacks-LOIC-HTTP,DDoS attacks-LOIC-HTTP,True,4,Fwd IAT Tot,fwdiattot,0.7118155360221863,0.7118155360221863
340220,DDoS attacks-LOIC-HTTP,DDoS attacks-LOIC-HTTP,True,5,Flow IAT Max,flowiatmax,0.4516479969024658,0.4516479969024658
344706,DDoS attacks-LOIC-HTTP,DDoS attacks-LOIC-HTTP,True,1,Fwd Pkts/s,fwdpktss,1.3529576063156128,1.3529576063156128
344706,DDoS attacks-LOIC-HTTP,DDoS attacks-LOIC-HTTP,True,2,Bwd Pkt Len Std,bwdpktlenstd,1.3489233255386353,1.3489233255386353
344706,DDoS attacks-LOIC-HTTP,DDoS attacks-LOIC-HTTP,True,3,Fwd IAT Std,fwdiatstd,0.9572689533233643,0.9572689533233643
344706,DDoS attacks-LOIC-HTTP,DDoS attacks-LOIC-HTTP,True,4,Fwd IAT Tot,fwdiattot,0.7116959095001221,0.7116959095001221
344706,DDoS attacks-LOIC-HTTP,DDoS attacks-LOIC-HTTP,True,5,Flow IAT Max,flowiatmax,0.4516479969024658,0.4516479969024658
350054,DDoS attacks-LOIC-HTTP,DDoS attacks-LOIC-HTTP,True,1,Init Fwd Win Byts,initfwdwinbyts,1.7648736238479614,1.7648736238479614
350054,DDoS attacks-LOIC-HTTP,DDoS attacks-LOIC-HTTP,True,2,Fwd IAT Std,fwdiatstd,1.66771399974823,1.66771399974823
350054,DDoS attacks-LOIC-HTTP,DDoS attacks-LOIC-HTTP,True,3,Fwd Pkts/s,fwdpktss,1.1958684921264648,1.1958684921264648
350054,DDoS attacks-LOIC-HTTP,DDoS attacks-LOIC-HTTP,True,4,Flow IAT Min,flowiatmin,1.168405294418335,1.168405294418335
350054,DDoS attacks-LOIC-HTTP,DDoS attacks-LOIC-HTTP,True,5,Flow IAT Max,flowiatmax,0.5862002968788147,0.5862002968788147
351029,DDoS attacks-LOIC-HTTP,DDoS attacks-LOIC-HTTP,True,1,Fwd Pkts/s,fwdpktss,1.3531417846679688,1.3531417846679688
351029,DDoS attacks-LOIC-HTTP,DDoS attacks-LOIC-HTTP,True,2,Bwd Pkt Len Std,bwdpktlenstd,1.3491076231002808,1.3491076231002808
351029,DDoS attacks-LOIC-HTTP,DDoS attacks-LOIC-HTTP,True,3,Fwd IAT Std,fwdiatstd,0.9572689533233643,0.9572689533233643
351029,DDoS attacks-LOIC-HTTP,DDoS attacks-LOIC-HTTP,True,4,Fwd IAT Tot,fwdiattot,0.7116959095001221,0.7116959095001221
351029,DDoS attacks-LOIC-HTTP,DDoS attacks-LOIC-HTTP,True,5,Flow IAT Max,flowiatmax,0.4516479969024658,0.4516479969024658
351085,DDoS attacks-LOIC-HTTP,DDoS attacks-LOIC-HTTP,True,1,Init Fwd Win Byts,initfwdwinbyts,1.7570081949234009,1.7570081949234009
351085,DDoS attacks-LOIC-HTTP,DDoS attacks-LOIC-HTTP,True,2,Fwd IAT Std,fwdiatstd,1.3184094429016113,1.3184094429016113
351085,DDoS attacks-LOIC-HTTP,DDoS attacks-LOIC-HTTP,True,3,Fwd Pkts/s,fwdpktss,1.1986297369003296,1.1986297369003296
351085,DDoS attacks-LOIC-HTTP,DDoS attacks-LOIC-HTTP,True,4,Flow IAT Min,flowiatmin,1.0636906623840332,1.0636906623840332
351085,DDoS attacks-LOIC-HTTP,DDoS attacks-LOIC-HTTP,True,5,Flow IAT Max,flowiatmax,0.6135298013687134,0.6135298013687134
354554,DDoS attacks-LOIC-HTTP,DDoS attacks-LOIC-HTTP,True,1,Bwd Pkt Len Std,bwdpktlenstd,1.319359540939331,1.319359540939331
354554,DDoS attacks-LOIC-HTTP,DDoS attacks-LOIC-HTTP,True,2,Fwd Pkts/s,fwdpktss,1.314749836921692,1.314749836921692
354554,DDoS attacks-LOIC-HTTP,DDoS attacks-LOIC-HTTP,True,3,Fwd IAT Std,fwdiatstd,1.0251082181930542,1.0251082181930542
354554,DDoS attacks-LOIC-HTTP,DDoS attacks-LOIC-HTTP,True,4,Fwd IAT Tot,fwdiattot,0.7136533260345459,0.7136533260345459
354554,DDoS attacks-LOIC-HTTP,DDoS attacks-LOIC-HTTP,True,5,Flow IAT Max,flowiatmax,0.4409979581832886,0.4409979581832886
357321,DDoS attacks-LOIC-HTTP,DDoS attacks-LOIC-HTTP,True,1,Init Fwd Win Byts,initfwdwinbyts,1.7162903547286987,1.7162903547286987
357321,DDoS attacks-LOIC-HTTP,DDoS attacks-LOIC-HTTP,True,2,Fwd IAT Std,fwdiatstd,1.6678447723388672,1.6678447723388672
357321,DDoS attacks-LOIC-HTTP,DDoS attacks-LOIC-HTTP,True,3,Fwd Pkts/s,fwdpktss,1.174585223197937,1.174585223197937
357321,DDoS attacks-LOIC-HTTP,DDoS attacks-LOIC-HTTP,True,4,Flow IAT Min,flowiatmin,1.081811785697937,1.081811785697937
357321,DDoS attacks-LOIC-HTTP,DDoS attacks-LOIC-HTTP,True,5,Flow IAT Max,flowiatmax,0.5613419413566589,0.5613419413566589
361757,DDoS attacks-LOIC-HTTP,DDoS attacks-LOIC-HTTP,True,1,Fwd IAT Std,fwdiatstd,1.6460517644882202,1.6460517644882202
361757,DDoS attacks-LOIC-HTTP,DDoS attacks-LOIC-HTTP,True,2,Init Fwd Win Byts,initfwdwinbyts,1.3646920919418335,1.3646920919418335
361757,DDoS attacks-LOIC-HTTP,DDoS attacks-LOIC-HTTP,True,3,Fwd Pkts/s,fwdpktss,1.2692290544509888,1.2692290544509888
361757,DDoS attacks-LOIC-HTTP,DDoS attacks-LOIC-HTTP,True,4,Flow IAT Min,flowiatmin,1.0519665479660034,1.0519665479660034
361757,DDoS attacks-LOIC-HTTP,DDoS attacks-LOIC-HTTP,True,5,Flow IAT Max,flowiatmax,0.5798746347427368,0.5798746347427368
362480,DDoS attacks-LOIC-HTTP,DDoS attacks-LOIC-HTTP,True,1,Init Fwd Win Byts,initfwdwinbyts,2.7167317867279053,2.7167317867279053
362480,DDoS attacks-LOIC-HTTP,DDoS attacks-LOIC-HTTP,True,2,Fwd IAT Std,fwdiatstd,1.4296070337295532,1.4296070337295532
362480,DDoS attacks-LOIC-HTTP,DDoS attacks-LOIC-HTTP,True,3,Fwd Pkts/s,fwdpktss,1.0583511590957642,1.0583511590957642
362480,DDoS attacks-LOIC-HTTP,DDoS attacks-LOIC-HTTP,True,4,Flow IAT Min,flowiatmin,1.0577938556671143,1.0577938556671143
362480,DDoS attacks-LOIC-HTTP,DDoS attacks-LOIC-HTTP,True,5,Flow IAT Max,flowiatmax,0.5306025147438049,0.5306025147438049
366587,DDoS attacks-LOIC-HTTP,DDoS attacks-LOIC-HTTP,True,1,Fwd Pkts/s,fwdpktss,1.3529576063156128,1.3529576063156128
366587,DDoS attacks-LOIC-HTTP,DDoS attacks-LOIC-HTTP,True,2,Bwd Pkt Len Std,bwdpktlenstd,1.3489233255386353,1.3489233255386353
366587,DDoS attacks-LOIC-HTTP,DDoS attacks-LOIC-HTTP,True,3,Fwd IAT Std,fwdiatstd,0.9572689533233643,0.9572689533233643
366587,DDoS attacks-LOIC-HTTP,DDoS attacks-LOIC-HTTP,True,4,Fwd IAT Tot,fwdiattot,0.7116959095001221,0.7116959095001221
366587,DDoS attacks-LOIC-HTTP,DDoS attacks-LOIC-HTTP,True,5,Flow IAT Max,flowiatmax,0.4516479969024658,0.4516479969024658
366950,DDoS attacks-LOIC-HTTP,DDoS attacks-LOIC-HTTP,True,1,Init Fwd Win Byts,initfwdwinbyts,1.7162903547286987,1.7162903547286987
366950,DDoS attacks-LOIC-HTTP,DDoS attacks-LOIC-HTTP,True,2,Fwd IAT Std,fwdiatstd,1.6678447723388672,1.6678447723388672
366950,DDoS attacks-LOIC-HTTP,DDoS attacks-LOIC-HTTP,True,3,Fwd Pkts/s,fwdpktss,1.174585223197937,1.174585223197937
366950,DDoS attacks-LOIC-HTTP,DDoS attacks-LOIC-HTTP,True,4,Flow IAT Min,flowiatmin,1.081811785697937,1.081811785697937
366950,DDoS attacks-LOIC-HTTP,DDoS attacks-LOIC-HTTP,True,5,Flow IAT Max,flowiatmax,0.5613419413566589,0.5613419413566589
388932,DDoS attacks-LOIC-HTTP,DDoS attacks-LOIC-HTTP,True,1,Init Fwd Win Byts,initfwdwinbyts,1.7570081949234009,1.7570081949234009
388932,DDoS attacks-LOIC-HTTP,DDoS attacks-LOIC-HTTP,True,2,Fwd IAT Std,fwdiatstd,1.3184094429016113,1.3184094429016113
388932,DDoS attacks-LOIC-HTTP,DDoS attacks-LOIC-HTTP,True,3,Fwd Pkts/s,fwdpktss,1.1986297369003296,1.1986297369003296
388932,DDoS attacks-LOIC-HTTP,DDoS attacks-LOIC-HTTP,True,4,Flow IAT Min,flowiatmin,1.0636906623840332,1.0636906623840332
388932,DDoS attacks-LOIC-HTTP,DDoS attacks-LOIC-HTTP,True,5,Flow IAT Max,flowiatmax,0.6135298013687134,0.6135298013687134
389856,DDoS attacks-LOIC-HTTP,DDoS attacks-LOIC-HTTP,True,1,Fwd Pkts/s,fwdpktss,1.3529576063156128,1.3529576063156128
389856,DDoS attacks-LOIC-HTTP,DDoS attacks-LOIC-HTTP,True,2,Bwd Pkt Len Std,bwdpktlenstd,1.3489233255386353,1.3489233255386353
389856,DDoS attacks-LOIC-HTTP,DDoS attacks-LOIC-HTTP,True,3,Fwd IAT Std,fwdiatstd,0.9572689533233643,0.9572689533233643
389856,DDoS attacks-LOIC-HTTP,DDoS attacks-LOIC-HTTP,True,4,Fwd IAT Tot,fwdiattot,0.7116959095001221,0.7116959095001221
389856,DDoS attacks-LOIC-HTTP,DDoS attacks-LOIC-HTTP,True,5,Flow IAT Max,flowiatmax,0.4516479969024658,0.4516479969024658
394969,DDoS attacks-LOIC-HTTP,DDoS attacks-LOIC-HTTP,True,1,Init Fwd Win Byts,initfwdwinbyts,1.7163792848587036,1.7163792848587036
394969,DDoS attacks-LOIC-HTTP,DDoS attacks-LOIC-HTTP,True,2,Fwd IAT Std,fwdiatstd,1.6677131652832031,1.6677131652832031
394969,DDoS attacks-LOIC-HTTP,DDoS attacks-LOIC-HTTP,True,3,Fwd Pkts/s,fwdpktss,1.1742351055145264,1.1742351055145264
394969,DDoS attacks-LOIC-HTTP,DDoS attacks-LOIC-HTTP,True,4,Flow IAT Min,flowiatmin,1.0830174684524536,1.0830174684524536
394969,DDoS attacks-LOIC-HTTP,DDoS attacks-LOIC-HTTP,True,5,Flow IAT Max,flowiatmax,0.5613419413566589,0.5613419413566589
419962,DDoS attacks-LOIC-HTTP,DDoS attacks-LOIC-HTTP,True,1,Bwd Pkt Len Std,bwdpktlenstd,1.3193583488464355,1.3193583488464355
419962,DDoS attacks-LOIC-HTTP,DDoS attacks-LOIC-HTTP,True,2,Fwd Pkts/s,fwdpktss,1.3147085905075073,1.3147085905075073
419962,DDoS attacks-LOIC-HTTP,DDoS attacks-LOIC-HTTP,True,3,Fwd IAT Std,fwdiatstd,1.0252556800842285,1.0252556800842285
419962,DDoS attacks-LOIC-HTTP,DDoS attacks-LOIC-HTTP,True,4,Fwd IAT Tot,fwdiattot,0.7138007879257202,0.7138007879257202
419962,DDoS attacks-LOIC-HTTP,DDoS attacks-LOIC-HTTP,True,5,Flow IAT Max,flowiatmax,0.4409979581832886,0.4409979581832886
437233,DDoS attacks-LOIC-HTTP,DDoS attacks-LOIC-HTTP,True,1,Init Fwd Win Byts,initfwdwinbyts,1.7162903547286987,1.7162903547286987
437233,DDoS attacks-LOIC-HTTP,DDoS attacks-LOIC-HTTP,True,2,Fwd IAT Std,fwdiatstd,1.6678447723388672,1.6678447723388672
437233,DDoS attacks-LOIC-HTTP,DDoS attacks-LOIC-HTTP,True,3,Fwd Pkts/s,fwdpktss,1.174585223197937,1.174585223197937
437233,DDoS attacks-LOIC-HTTP,DDoS attacks-LOIC-HTTP,True,4,Flow IAT Min,flowiatmin,1.081811785697937,1.081811785697937
437233,DDoS attacks-LOIC-HTTP,DDoS attacks-LOIC-HTTP,True,5,Flow IAT Max,flowiatmax,0.5613419413566589,0.5613419413566589
448252,DDoS attacks-LOIC-HTTP,DDoS attacks-LOIC-HTTP,True,1,Fwd Pkts/s,fwdpktss,1.3554397821426392,1.3554397821426392
448252,DDoS attacks-LOIC-HTTP,DDoS attacks-LOIC-HTTP,True,2,Bwd Pkt Len Std,bwdpktlenstd,1.3492978811264038,1.3492978811264038
448252,DDoS attacks-LOIC-HTTP,DDoS attacks-LOIC-HTTP,True,3,Fwd IAT Std,fwdiatstd,0.9477983117103577,0.9477983117103577
448252,DDoS attacks-LOIC-HTTP,DDoS attacks-LOIC-HTTP,True,4,Fwd IAT Tot,fwdiattot,0.6898140907287598,0.6898140907287598
448252,DDoS attacks-LOIC-HTTP,DDoS attacks-LOIC-HTTP,True,5,Flow IAT Max,flowiatmax,0.6182448863983154,0.6182448863983154
455485,DDoS attacks-LOIC-HTTP,DDoS attacks-LOIC-HTTP,True,1,Init Fwd Win Byts,initfwdwinbyts,1.7299984693527222,1.7299984693527222
455485,DDoS attacks-LOIC-HTTP,DDoS attacks-LOIC-HTTP,True,2,Fwd IAT Std,fwdiatstd,1.398102879524231,1.398102879524231
455485,DDoS attacks-LOIC-HTTP,DDoS attacks-LOIC-HTTP,True,3,Fwd Pkts/s,fwdpktss,1.1366052627563477,1.1366052627563477
455485,DDoS attacks-LOIC-HTTP,DDoS attacks-LOIC-HTTP,True,4,Flow IAT Min,flowiatmin,1.0596586465835571,1.0596586465835571
455485,DDoS attacks-LOIC-HTTP,DDoS attacks-LOIC-HTTP,True,5,Flow IAT Max,flowiatmax,0.5856302976608276,0.5856302976608276
467300,DDoS attacks-LOIC-HTTP,DDoS attacks-LOIC-HTTP,True,1,Init Fwd Win Byts,initfwdwinbyts,1.7301090955734253,1.7301090955734253
467300,DDoS attacks-LOIC-HTTP,DDoS attacks-LOIC-HTTP,True,2,Fwd IAT Std,fwdiatstd,1.3534008264541626,1.3534008264541626
467300,DDoS attacks-LOIC-HTTP,DDoS attacks-LOIC-HTTP,True,3,Fwd Pkts/s,fwdpktss,1.1365731954574585,1.1365731954574585
467300,DDoS attacks-LOIC-HTTP,DDoS attacks-LOIC-HTTP,True,4,Flow IAT Min,flowiatmin,1.0596238374710083,1.0596238374710083
467300,DDoS attacks-LOIC-HTTP,DDoS attacks-LOIC-HTTP,True,5,Flow IAT Max,flowiatmax,0.6083992123603821,0.6083992123603821
472033,DDoS attacks-LOIC-HTTP,DDoS attacks-LOIC-HTTP,True,1,Fwd Pkts/s,fwdpktss,1.352372407913208,1.352372407913208
472033,DDoS attacks-LOIC-HTTP,DDoS attacks-LOIC-HTTP,True,2,Bwd Pkt Len Std,bwdpktlenstd,1.3461403846740723,1.3461403846740723
472033,DDoS attacks-LOIC-HTTP,DDoS attacks-LOIC-HTTP,True,3,Fwd IAT Std,fwdiatstd,0.9515050053596497,0.9515050053596497
472033,DDoS attacks-LOIC-HTTP,DDoS attacks-LOIC-HTTP,True,4,Fwd IAT Tot,fwdiattot,0.693408191204071,0.693408191204071
472033,DDoS attacks-LOIC-HTTP,DDoS attacks-LOIC-HTTP,True,5,Flow IAT Max,flowiatmax,0.5448328256607056,0.5448328256607056
480439,DDoS attacks-LOIC-HTTP,DDoS attacks-LOIC-HTTP,True,1,Fwd Pkts/s,fwdpktss,1.3529014587402344,1.3529014587402344
480439,DDoS attacks-LOIC-HTTP,DDoS attacks-LOIC-HTTP,True,2,Bwd Pkt Len Std,bwdpktlenstd,1.3489100933074951,1.3489100933074951
480439,DDoS attacks-LOIC-HTTP,DDoS attacks-LOIC-HTTP,True,3,Fwd IAT Std,fwdiatstd,0.9573885798454285,0.9573885798454285
480439,DDoS attacks-LOIC-HTTP,DDoS attacks-LOIC-HTTP,True,4,Fwd IAT Tot,fwdiattot,0.7118155360221863,0.7118155360221863
480439,DDoS attacks-LOIC-HTTP,DDoS attacks-LOIC-HTTP,True,5,Flow IAT Max,flowiatmax,0.4516479969024658,0.4516479969024658
492289,DDoS attacks-LOIC-HTTP,DDoS attacks-LOIC-HTTP,True,1,Init Fwd Win Byts,initfwdwinbyts,1.7301090955734253,1.7301090955734253
492289,DDoS attacks-LOIC-HTTP,DDoS attacks-LOIC-HTTP,True,2,Fwd IAT Std,fwdiatstd,1.3534008264541626,1.3534008264541626
492289,DDoS attacks-LOIC-HTTP,DDoS attacks-LOIC-HTTP,True,3,Fwd Pkts/s,fwdpktss,1.1365731954574585,1.1365731954574585
492289,DDoS attacks-LOIC-HTTP,DDoS attacks-LOIC-HTTP,True,4,Flow IAT Min,flowiatmin,1.0596238374710083,1.0596238374710083
492289,DDoS attacks-LOIC-HTTP,DDoS attacks-LOIC-HTTP,True,5,Flow IAT Max,flowiatmax,0.6083992123603821,0.6083992123603821
492654,DDoS attacks-LOIC-HTTP,DDoS attacks-LOIC-HTTP,True,1,Bwd Pkt Len Std,bwdpktlenstd,1.423289179801941,1.423289179801941
492654,DDoS attacks-LOIC-HTTP,DDoS attacks-LOIC-HTTP,True,2,Fwd Pkts/s,fwdpktss,1.162360668182373,1.162360668182373
492654,DDoS attacks-LOIC-HTTP,DDoS attacks-LOIC-HTTP,True,3,Fwd IAT Std,fwdiatstd,0.9016532301902771,0.9016532301902771
492654,DDoS attacks-LOIC-HTTP,DDoS attacks-LOIC-HTTP,True,4,Fwd IAT Tot,fwdiattot,0.7893508076667786,0.7893508076667786
492654,DDoS attacks-LOIC-HTTP,DDoS attacks-LOIC-HTTP,True,5,Flow IAT Max,flowiatmax,0.4440668821334839,0.4440668821334839
494591,DDoS attacks-LOIC-HTTP,DDoS attacks-LOIC-HTTP,True,1,Init Fwd Win Byts,initfwdwinbyts,1.7162903547286987,1.7162903547286987
494591,DDoS attacks-LOIC-HTTP,DDoS attacks-LOIC-HTTP,True,2,Fwd IAT Std,fwdiatstd,1.6678447723388672,1.6678447723388672
494591,DDoS attacks-LOIC-HTTP,DDoS attacks-LOIC-HTTP,True,3,Fwd Pkts/s,fwdpktss,1.174585223197937,1.174585223197937
494591,DDoS attacks-LOIC-HTTP,DDoS attacks-LOIC-HTTP,True,4,Flow IAT Min,flowiatmin,1.081811785697937,1.081811785697937
494591,DDoS attacks-LOIC-HTTP,DDoS attacks-LOIC-HTTP,True,5,Flow IAT Max,flowiatmax,0.5613419413566589,0.5613419413566589
496507,DDoS attacks-LOIC-HTTP,DDoS attacks-LOIC-HTTP,True,1,Bwd Pkt Len Std,bwdpktlenstd,1.3194624185562134,1.3194624185562134
496507,DDoS attacks-LOIC-HTTP,DDoS attacks-LOIC-HTTP,True,2,Fwd Pkts/s,fwdpktss,1.2981175184249878,1.2981175184249878
496507,DDoS attacks-LOIC-HTTP,DDoS attacks-LOIC-HTTP,True,3,Fwd IAT Std,fwdiatstd,1.138994812965393,1.138994812965393
496507,DDoS attacks-LOIC-HTTP,DDoS attacks-LOIC-HTTP,True,4,Fwd IAT Tot,fwdiattot,0.6430111527442932,0.6430111527442932
496507,DDoS attacks-LOIC-HTTP,DDoS attacks-LOIC-HTTP,True,5,Flow IAT Max,flowiatmax,0.5998403429985046,0.5998403429985046
508789,DDoS attacks-LOIC-HTTP,DDoS attacks-LOIC-HTTP,True,1,Fwd Pkts/s,fwdpktss,1.3556528091430664,1.3556528091430664
508789,DDoS attacks-LOIC-HTTP,DDoS attacks-LOIC-HTTP,True,2,Bwd Pkt Len Std,bwdpktlenstd,1.349482774734497,1.349482774734497
508789,DDoS attacks-LOIC-HTTP,DDoS attacks-LOIC-HTTP,True,3,Fwd IAT Std,fwdiatstd,0.9572689533233643,0.9572689533233643
508789,DDoS attacks-LOIC-HTTP,DDoS attacks-LOIC-HTTP,True,4,Fwd IAT Tot,fwdiattot,0.7123526930809021,0.7123526930809021
508789,DDoS attacks-LOIC-HTTP,DDoS attacks-LOIC-HTTP,True,5,Flow IAT Max,flowiatmax,0.4510553777217865,0.4510553777217865
510541,DDoS attacks-LOIC-HTTP,DDoS attacks-LOIC-HTTP,True,1,Init Fwd Win Byts,initfwdwinbyts,1.7299984693527222,1.7299984693527222
510541,DDoS attacks-LOIC-HTTP,DDoS attacks-LOIC-HTTP,True,2,Fwd IAT Std,fwdiatstd,1.3534091711044312,1.3534091711044312
510541,DDoS attacks-LOIC-HTTP,DDoS attacks-LOIC-HTTP,True,3,Fwd Pkts/s,fwdpktss,1.136595368385315,1.136595368385315
510541,DDoS attacks-LOIC-HTTP,DDoS attacks-LOIC-HTTP,True,4,Flow IAT Min,flowiatmin,1.0596442222595215,1.0596442222595215
510541,DDoS attacks-LOIC-HTTP,DDoS attacks-LOIC-HTTP,True,5,Flow IAT Max,flowiatmax,0.6083992123603821,0.6083992123603821
512845,DDoS attacks-LOIC-HTTP,DDoS attacks-LOIC-HTTP,True,1,Fwd IAT Std,fwdiatstd,1.4570305347442627,1.4570305347442627
512845,DDoS attacks-LOIC-HTTP,DDoS attacks-LOIC-HTTP,True,2,Init Fwd Win Byts,initfwdwinbyts,1.3276894092559814,1.3276894092559814
512845,DDoS attacks-LOIC-HTTP,DDoS attacks-LOIC-HTTP,True,3,Fwd Pkts/s,fwdpktss,1.210631012916565,1.210631012916565
512845,DDoS attacks-LOIC-HTTP,DDoS attacks-LOIC-HTTP,True,4,Flow IAT Min,flowiatmin,1.0331406593322754,1.0331406593322754
512845,DDoS attacks-LOIC-HTTP,DDoS attacks-LOIC-HTTP,True,5,Flow IAT Max,flowiatmax,0.6169229745864868,0.6169229745864868
517332,DDoS attacks-LOIC-HTTP,DDoS attacks-LOIC-HTTP,True,1,Init Fwd Win Byts,initfwdwinbyts,1.7134301662445068,1.7134301662445068
517332,DDoS attacks-LOIC-HTTP,DDoS attacks-LOIC-HTTP,True,2,Fwd IAT Std,fwdiatstd,1.6682982444763184,1.6682982444763184
517332,DDoS attacks-LOIC-HTTP,DDoS attacks-LOIC-HTTP,True,3,Fwd Pkts/s,fwdpktss,1.1882045269012451,1.1882045269012451
517332,DDoS attacks-LOIC-HTTP,DDoS attacks-LOIC-HTTP,True,4,Flow IAT Min,flowiatmin,1.0821528434753418,1.0821528434753418
517332,DDoS attacks-LOIC-HTTP,DDoS attacks-LOIC-HTTP,True,5,Flow IAT Max,flowiatmax,0.5577613115310669,0.5577613115310669
525060,DDoS attacks-LOIC-HTTP,DDoS attacks-LOIC-HTTP,True,1,Fwd Pkts/s,fwdpktss,1.3531405925750732,1.3531405925750732
525060,DDoS attacks-LOIC-HTTP,DDoS attacks-LOIC-HTTP,True,2,Bwd Pkt Len Std,bwdpktlenstd,1.3491064310073853,1.3491064310073853
525060,DDoS attacks-LOIC-HTTP,DDoS attacks-LOIC-HTTP,True,3,Fwd IAT Std,fwdiatstd,0.9572689533233643,0.9572689533233643
525060,DDoS attacks-LOIC-HTTP,DDoS attacks-LOIC-HTTP,True,4,Fwd IAT Tot,fwdiattot,0.7116959095001221,0.7116959095001221
525060,DDoS attacks-LOIC-HTTP,DDoS attacks-LOIC-HTTP,True,5,Flow IAT Max,flowiatmax,0.4516479969024658,0.4516479969024658
527593,DDoS attacks-LOIC-HTTP,DDoS attacks-LOIC-HTTP,True,1,Fwd Pkts/s,fwdpktss,1.3677127361297607,1.3677127361297607
527593,DDoS attacks-LOIC-HTTP,DDoS attacks-LOIC-HTTP,True,2,Bwd Pkt Len Std,bwdpktlenstd,1.349411129951477,1.349411129951477
527593,DDoS attacks-LOIC-HTTP,DDoS attacks-LOIC-HTTP,True,3,Fwd IAT Std,fwdiatstd,0.9581127762794495,0.9581127762794495
527593,DDoS attacks-LOIC-HTTP,DDoS attacks-LOIC-HTTP,True,4,Fwd IAT Tot,fwdiattot,0.7123636603355408,0.7123636603355408
527593,DDoS attacks-LOIC-HTTP,DDoS attacks-LOIC-HTTP,True,5,Flow IAT Max,flowiatmax,0.45151621103286743,0.45151621103286743
537684,DDoS attacks-LOIC-HTTP,DDoS attacks-LOIC-HTTP,True,1,Init Fwd Win Byts,initfwdwinbyts,1.7134301662445068,1.7134301662445068
537684,DDoS attacks-LOIC-HTTP,DDoS attacks-LOIC-HTTP,True,2,Fwd IAT Std,fwdiatstd,1.6682982444763184,1.6682982444763184
537684,DDoS attacks-LOIC-HTTP,DDoS attacks-LOIC-HTTP,True,3,Fwd Pkts/s,fwdpktss,1.1882045269012451,1.1882045269012451
537684,DDoS attacks-LOIC-HTTP,DDoS attacks-LOIC-HTTP,True,4,Flow IAT Min,flowiatmin,1.0821528434753418,1.0821528434753418
537684,DDoS attacks-LOIC-HTTP,DDoS attacks-LOIC-HTTP,True,5,Flow IAT Max,flowiatmax,0.5577613115310669,0.5577613115310669
538574,DDoS attacks-LOIC-HTTP,DDoS attacks-LOIC-HTTP,True,1,Fwd Pkts/s,fwdpktss,1.3522802591323853,1.3522802591323853
538574,DDoS attacks-LOIC-HTTP,DDoS attacks-LOIC-HTTP,True,2,Bwd Pkt Len Std,bwdpktlenstd,1.3460053205490112,1.3460053205490112
538574,DDoS attacks-LOIC-HTTP,DDoS attacks-LOIC-HTTP,True,3,Fwd IAT Std,fwdiatstd,0.9572689533233643,0.9572689533233643
538574,DDoS attacks-LOIC-HTTP,DDoS attacks-LOIC-HTTP,True,4,Fwd IAT Tot,fwdiattot,0.7084653377532959,0.7084653377532959
538574,DDoS attacks-LOIC-HTTP,DDoS attacks-LOIC-HTTP,True,5,Flow IAT Max,flowiatmax,0.4442249536514282,0.4442249536514282
556808,DDoS attacks-LOIC-HTTP,DDoS attacks-LOIC-HTTP,True,1,Init Fwd Win Byts,initfwdwinbyts,1.7301090955734253,1.7301090955734253
556808,DDoS attacks-LOIC-HTTP,DDoS attacks-LOIC-HTTP,True,2,Fwd IAT Std,fwdiatstd,1.3200443983078003,1.3200443983078003
556808,DDoS attacks-LOIC-HTTP,DDoS attacks-LOIC-HTTP,True,3,Fwd Pkts/s,fwdpktss,1.150896668434143,1.150896668434143
556808,DDoS attacks-LOIC-HTTP,DDoS attacks-LOIC-HTTP,True,4,Flow IAT Min,flowiatmin,1.0596221685409546,1.0596221685409546
556808,DDoS attacks-LOIC-HTTP,DDoS attacks-LOIC-HTTP,True,5,Flow IAT Max,flowiatmax,0.6135298013687134,0.6135298013687134
558833,DDoS attacks-LOIC-HTTP,DDoS attacks-LOIC-HTTP,True,1,Init Fwd Win Byts,initfwdwinbyts,1.756964087486267,1.756964087486267
558833,DDoS attacks-LOIC-HTTP,DDoS attacks-LOIC-HTTP,True,2,Fwd IAT Std,fwdiatstd,1.3178911209106445,1.3178911209106445
558833,DDoS attacks-LOIC-HTTP,DDoS attacks-LOIC-HTTP,True,3,Fwd Pkts/s,fwdpktss,1.1972769498825073,1.1972769498825073
558833,DDoS attacks-LOIC-HTTP,DDoS attacks-LOIC-HTTP,True,4,Flow IAT Min,flowiatmin,1.0632041692733765,1.0632041692733765
558833,DDoS attacks-LOIC-HTTP,DDoS attacks-LOIC-HTTP,True,5,Flow IAT Max,flowiatmax,0.6135298013687134,0.6135298013687134
562679,DDoS attacks-LOIC-HTTP,DDoS attacks-LOIC-HTTP,True,1,Bwd Pkt Len Std,bwdpktlenstd,3.8106582164764404,3.8106582164764404
562679,DDoS attacks-LOIC-HTTP,DDoS attacks-LOIC-HTTP,True,2,Bwd Pkt Len Mean,bwdpktlenmean,1.0063085556030273,1.0063085556030273
562679,DDoS attacks-LOIC-HTTP,DDoS attacks-LOIC-HTTP,True,3,Fwd IAT Tot,fwdiattot,0.8497763276100159,0.8497763276100159
562679,DDoS attacks-LOIC-HTTP,DDoS attacks-LOIC-HTTP,True,4,Bwd IAT Std,bwdiatstd,0.8414687514305115,0.8414687514305115
562679,DDoS attacks-LOIC-HTTP,DDoS attacks-LOIC-HTTP,True,5,Fwd Pkts/s,fwdpktss,-0.7440235614776611,0.7440235614776611
572685,DDoS attacks-LOIC-HTTP,DDoS attacks-LOIC-HTTP,True,1,Init Fwd Win Byts,initfwdwinbyts,1.7299984693527222,1.7299984693527222
572685,DDoS attacks-LOIC-HTTP,DDoS attacks-LOIC-HTTP,True,2,Fwd IAT Std,fwdiatstd,1.398102879524231,1.398102879524231
572685,DDoS attacks-LOIC-HTTP,DDoS attacks-LOIC-HTTP,True,3,Fwd Pkts/s,fwdpktss,1.1366052627563477,1.1366052627563477
572685,DDoS attacks-LOIC-HTTP,DDoS attacks-LOIC-HTTP,True,4,Flow IAT Min,flowiatmin,1.0596586465835571,1.0596586465835571
572685,DDoS attacks-LOIC-HTTP,DDoS attacks-LOIC-HTTP,True,5,Flow IAT Max,flowiatmax,0.5856302976608276,0.5856302976608276
576482,DDoS attacks-LOIC-HTTP,DDoS attacks-LOIC-HTTP,True,1,Fwd Pkts/s,fwdpktss,1.3530510663986206,1.3530510663986206
576482,DDoS attacks-LOIC-HTTP,DDoS attacks-LOIC-HTTP,True,2,Bwd Pkt Len Std,bwdpktlenstd,1.3490597009658813,1.3490597009658813
576482,DDoS attacks-LOIC-HTTP,DDoS attacks-LOIC-HTTP,True,3,Fwd IAT Std,fwdiatstd,0.9515045881271362,0.9515045881271362
576482,DDoS attacks-LOIC-HTTP,DDoS attacks-LOIC-HTTP,True,4,Fwd IAT Tot,fwdiattot,0.6966383457183838,0.6966383457183838
576482,DDoS attacks-LOIC-HTTP,DDoS attacks-LOIC-HTTP,True,5,Flow IAT Max,flowiatmax,0.5657190084457397,0.5657190084457397
583558,DDoS attacks-LOIC-HTTP,DDoS attacks-LOIC-HTTP,True,1,Init Fwd Win Byts,initfwdwinbyts,1.7301090955734253,1.7301090955734253
583558,DDoS attacks-LOIC-HTTP,DDoS attacks-LOIC-HTTP,True,2,Fwd IAT Std,fwdiatstd,1.3534008264541626,1.3534008264541626
583558,DDoS attacks-LOIC-HTTP,DDoS attacks-LOIC-HTTP,True,3,Fwd Pkts/s,fwdpktss,1.1365731954574585,1.1365731954574585
583558,DDoS attacks-LOIC-HTTP,DDoS attacks-LOIC-HTTP,True,4,Flow IAT Min,flowiatmin,1.0596238374710083,1.0596238374710083
583558,DDoS attacks-LOIC-HTTP,DDoS attacks-LOIC-HTTP,True,5,Flow IAT Max,flowiatmax,0.6083992123603821,0.6083992123603821
583568,DDoS attacks-LOIC-HTTP,DDoS attacks-LOIC-HTTP,True,1,Fwd Pkts/s,fwdpktss,1.3531417846679688,1.3531417846679688
583568,DDoS attacks-LOIC-HTTP,DDoS attacks-LOIC-HTTP,True,2,Bwd Pkt Len Std,bwdpktlenstd,1.3491076231002808,1.3491076231002808
583568,DDoS attacks-LOIC-HTTP,DDoS attacks-LOIC-HTTP,True,3,Fwd IAT Std,fwdiatstd,0.9572689533233643,0.9572689533233643
583568,DDoS attacks-LOIC-HTTP,DDoS attacks-LOIC-HTTP,True,4,Fwd IAT Tot,fwdiattot,0.7116959095001221,0.7116959095001221
583568,DDoS attacks-LOIC-HTTP,DDoS attacks-LOIC-HTTP,True,5,Flow IAT Max,flowiatmax,0.4516479969024658,0.4516479969024658
585385,DDoS attacks-LOIC-HTTP,DDoS attacks-LOIC-HTTP,True,1,Init Fwd Win Byts,initfwdwinbyts,1.7182388305664062,1.7182388305664062
585385,DDoS attacks-LOIC-HTTP,DDoS attacks-LOIC-HTTP,True,2,Fwd IAT Std,fwdiatstd,1.6675136089324951,1.6675136089324951
585385,DDoS attacks-LOIC-HTTP,DDoS attacks-LOIC-HTTP,True,3,Fwd Pkts/s,fwdpktss,1.183293342590332,1.183293342590332
585385,DDoS attacks-LOIC-HTTP,DDoS attacks-LOIC-HTTP,True,4,Flow IAT Min,flowiatmin,1.081811785697937,1.081811785697937
585385,DDoS attacks-LOIC-HTTP,DDoS attacks-LOIC-HTTP,True,5,Flow IAT Max,flowiatmax,0.5577458143234253,0.5577458143234253
586631,DDoS attacks-LOIC-HTTP,DDoS attacks-LOIC-HTTP,True,1,Fwd Pkts/s,fwdpktss,1.3530510663986206,1.3530510663986206
586631,DDoS attacks-LOIC-HTTP,DDoS attacks-LOIC-HTTP,True,2,Bwd Pkt Len Std,bwdpktlenstd,1.3490597009658813,1.3490597009658813
586631,DDoS attacks-LOIC-HTTP,DDoS attacks-LOIC-HTTP,True,3,Fwd IAT Std,fwdiatstd,0.9477983117103577,0.9477983117103577
586631,DDoS attacks-LOIC-HTTP,DDoS attacks-LOIC-HTTP,True,4,Fwd IAT Tot,fwdiattot,0.6933082938194275,0.6933082938194275
586631,DDoS attacks-LOIC-HTTP,DDoS attacks-LOIC-HTTP,True,5,Flow IAT Max,flowiatmax,0.6105167865753174,0.6105167865753174
587899,DDoS attacks-LOIC-HTTP,DDoS attacks-LOIC-HTTP,True,1,Bwd Pkt Len Std,bwdpktlenstd,1.319359540939331,1.319359540939331
587899,DDoS attacks-LOIC-HTTP,DDoS attacks-LOIC-HTTP,True,2,Fwd Pkts/s,fwdpktss,1.314749836921692,1.314749836921692
587899,DDoS attacks-LOIC-HTTP,DDoS attacks-LOIC-HTTP,True,3,Fwd IAT Std,fwdiatstd,1.0251082181930542,1.0251082181930542
587899,DDoS attacks-LOIC-HTTP,DDoS attacks-LOIC-HTTP,True,4,Fwd IAT Tot,fwdiattot,0.7136533260345459,0.7136533260345459
587899,DDoS attacks-LOIC-HTTP,DDoS attacks-LOIC-HTTP,True,5,Flow IAT Max,flowiatmax,0.4409979581832886,0.4409979581832886
592051,DDoS attacks-LOIC-HTTP,DDoS attacks-LOIC-HTTP,True,1,Bwd Pkt Len Std,bwdpktlenstd,1.3193254470825195,1.3193254470825195
592051,DDoS attacks-LOIC-HTTP,DDoS attacks-LOIC-HTTP,True,2,Fwd Pkts/s,fwdpktss,1.2983084917068481,1.2983084917068481
592051,DDoS attacks-LOIC-HTTP,DDoS attacks-LOIC-HTTP,True,3,Fwd IAT Std,fwdiatstd,1.1461349725723267,1.1461349725723267
592051,DDoS attacks-LOIC-HTTP,DDoS attacks-LOIC-HTTP,True,4,Fwd IAT Tot,fwdiattot,0.6625542044639587,0.6625542044639587
592051,DDoS attacks-LOIC-HTTP,DDoS attacks-LOIC-HTTP,True,5,Flow IAT Max,flowiatmax,0.44097086787223816,0.44097086787223816
596858,DDoS attacks-LOIC-HTTP,DDoS attacks-LOIC-HTTP,True,1,Init Fwd Win Byts,initfwdwinbyts,1.7182388305664062,1.7182388305664062
596858,DDoS attacks-LOIC-HTTP,DDoS attacks-LOIC-HTTP,True,2,Fwd IAT Std,fwdiatstd,1.6675136089324951,1.6675136089324951
596858,DDoS attacks-LOIC-HTTP,DDoS attacks-LOIC-HTTP,True,3,Fwd Pkts/s,fwdpktss,1.183293342590332,1.183293342590332
596858,DDoS attacks-LOIC-HTTP,DDoS attacks-LOIC-HTTP,True,4,Flow IAT Min,flowiatmin,1.081811785697937,1.081811785697937
596858,DDoS attacks-LOIC-HTTP,DDoS attacks-LOIC-HTTP,True,5,Flow IAT Max,flowiatmax,0.5577458143234253,0.5577458143234253
605684,DDoS attacks-LOIC-HTTP,DDoS attacks-LOIC-HTTP,True,1,Bwd Pkt Len Std,bwdpktlenstd,1.3193254470825195,1.3193254470825195
605684,DDoS attacks-LOIC-HTTP,DDoS attacks-LOIC-HTTP,True,2,Fwd Pkts/s,fwdpktss,1.3104350566864014,1.3104350566864014
605684,DDoS attacks-LOIC-HTTP,DDoS attacks-LOIC-HTTP,True,3,Fwd IAT Std,fwdiatstd,1.0512733459472656,1.0512733459472656
605684,DDoS attacks-LOIC-HTTP,DDoS attacks-LOIC-HTTP,True,4,Fwd IAT Tot,fwdiattot,0.7038155198097229,0.7038155198097229
605684,DDoS attacks-LOIC-HTTP,DDoS attacks-LOIC-HTTP,True,5,Flow IAT Max,flowiatmax,0.44097086787223816,0.44097086787223816
618009,DDoS attacks-LOIC-HTTP,DDoS attacks-LOIC-HTTP,True,1,Bwd Pkt Len Std,bwdpktlenstd,1.3193254470825195,1.3193254470825195
618009,DDoS attacks-LOIC-HTTP,DDoS attacks-LOIC-HTTP,True,2,Fwd Pkts/s,fwdpktss,1.2983604669570923,1.2983604669570923
618009,DDoS attacks-LOIC-HTTP,DDoS attacks-LOIC-HTTP,True,3,Fwd IAT Std,fwdiatstd,1.1459674835205078,1.1459674835205078
618009,DDoS attacks-LOIC-HTTP,DDoS attacks-LOIC-HTTP,True,4,Fwd IAT Tot,fwdiattot,0.6623867154121399,0.6623867154121399
618009,DDoS attacks-LOIC-HTTP,DDoS attacks-LOIC-HTTP,True,5,Flow IAT Max,flowiatmax,0.44097086787223816,0.44097086787223816
630149,DDoS attacks-LOIC-HTTP,DDoS attacks-LOIC-HTTP,True,1,Bwd Pkt Len Std,bwdpktlenstd,1.3461403846740723,1.3461403846740723
630149,DDoS attacks-LOIC-HTTP,DDoS attacks-LOIC-HTTP,True,2,Fwd Pkts/s,fwdpktss,1.3444573879241943,1.3444573879241943
630149,DDoS attacks-LOIC-HTTP,DDoS attacks-LOIC-HTTP,True,3,Fwd IAT Std,fwdiatstd,0.9907460808753967,0.9907460808753967
630149,DDoS attacks-LOIC-HTTP,DDoS attacks-LOIC-HTTP,True,4,Fwd IAT Tot,fwdiattot,0.7158981561660767,0.7158981561660767
630149,DDoS attacks-LOIC-HTTP,DDoS attacks-LOIC-HTTP,True,5,Flow IAT Max,flowiatmax,0.5131210684776306,0.5131210684776306
642614,DDoS attacks-LOIC-HTTP,DDoS attacks-LOIC-HTTP,True,1,Fwd Pkts/s,fwdpktss,1.3529133796691895,1.3529133796691895
642614,DDoS attacks-LOIC-HTTP,DDoS attacks-LOIC-HTTP,True,2,Bwd Pkt Len Std,bwdpktlenstd,1.3489221334457397,1.3489221334457397
642614,DDoS attacks-LOIC-HTTP,DDoS attacks-LOIC-HTTP,True,3,Fwd IAT Std,fwdiatstd,0.9573885798454285,0.9573885798454285
642614,DDoS attacks-LOIC-HTTP,DDoS attacks-LOIC-HTTP,True,4,Fwd IAT Tot,fwdiattot,0.7118155360221863,0.7118155360221863
642614,DDoS attacks-LOIC-HTTP,DDoS attacks-LOIC-HTTP,True,5,Flow IAT Max,flowiatmax,0.4516479969024658,0.4516479969024658
643225,DDoS attacks-LOIC-HTTP,DDoS attacks-LOIC-HTTP,True,1,Init Fwd Win Byts,initfwdwinbyts,1.7299984693527222,1.7299984693527222
643225,DDoS attacks-LOIC-HTTP,DDoS attacks-LOIC-HTTP,True,2,Fwd IAT Std,fwdiatstd,1.398102879524231,1.398102879524231
643225,DDoS attacks-LOIC-HTTP,DDoS attacks-LOIC-HTTP,True,3,Fwd Pkts/s,fwdpktss,1.1366052627563477,1.1366052627563477
643225,DDoS attacks-LOIC-HTTP,DDoS attacks-LOIC-HTTP,True,4,Flow IAT Min,flowiatmin,1.0596586465835571,1.0596586465835571
643225,DDoS attacks-LOIC-HTTP,DDoS attacks-LOIC-HTTP,True,5,Flow IAT Max,flowiatmax,0.5856302976608276,0.5856302976608276
647051,DDoS attacks-LOIC-HTTP,DDoS attacks-LOIC-HTTP,True,1,Fwd Pkts/s,fwdpktss,1.3529146909713745,1.3529146909713745
647051,DDoS attacks-LOIC-HTTP,DDoS attacks-LOIC-HTTP,True,2,Bwd Pkt Len Std,bwdpktlenstd,1.3489233255386353,1.3489233255386353
647051,DDoS attacks-LOIC-HTTP,DDoS attacks-LOIC-HTTP,True,3,Fwd IAT Std,fwdiatstd,0.957388162612915,0.957388162612915
647051,DDoS attacks-LOIC-HTTP,DDoS attacks-LOIC-HTTP,True,4,Fwd IAT Tot,fwdiattot,0.7118151187896729,0.7118151187896729
647051,DDoS attacks-LOIC-HTTP,DDoS attacks-LOIC-HTTP,True,5,Flow IAT Max,flowiatmax,0.4516479969024658,0.4516479969024658
669243,DDoS attacks-LOIC-HTTP,DDoS attacks-LOIC-HTTP,True,1,Bwd Pkt Len Std,bwdpktlenstd,1.319481372833252,1.319481372833252
669243,DDoS attacks-LOIC-HTTP,DDoS attacks-LOIC-HTTP,True,2,Fwd Pkts/s,fwdpktss,1.314788818359375,1.314788818359375
669243,DDoS attacks-LOIC-HTTP,DDoS attacks-LOIC-HTTP,True,3,Fwd IAT Std,fwdiatstd,1.0194884538650513,1.0194884538650513
669243,DDoS attacks-LOIC-HTTP,DDoS attacks-LOIC-HTTP,True,4,Fwd IAT Tot,fwdiattot,0.6954135894775391,0.6954135894775391
669243,DDoS attacks-LOIC-HTTP,DDoS attacks-LOIC-HTTP,True,5,Flow IAT Max,flowiatmax,0.5921685099601746,0.5921685099601746
669304,DDoS attacks-LOIC-HTTP,DDoS attacks-LOIC-HTTP,True,1,Bwd Pkt Len Std,bwdpktlenstd,1.701264500617981,1.701264500617981
669304,DDoS attacks-LOIC-HTTP,DDoS attacks-LOIC-HTTP,True,2,Fwd IAT Tot,fwdiattot,0.8556526899337769,0.8556526899337769
669304,DDoS attacks-LOIC-HTTP,DDoS attacks-LOIC-HTTP,True,3,Fwd IAT Std,fwdiatstd,0.8513715267181396,0.8513715267181396
669304,DDoS attacks-LOIC-HTTP,DDoS attacks-LOIC-HTTP,True,4,Fwd Pkts/s,fwdpktss,0.7570425868034363,0.7570425868034363
669304,DDoS attacks-LOIC-HTTP,DDoS attacks-LOIC-HTTP,True,5,Flow IAT Max,flowiatmax,0.46640387177467346,0.46640387177467346
670823,DDoS attacks-LOIC-HTTP,DDoS attacks-LOIC-HTTP,True,1,Init Fwd Win Byts,initfwdwinbyts,1.7182388305664062,1.7182388305664062
670823,DDoS attacks-LOIC-HTTP,DDoS attacks-LOIC-HTTP,True,2,Fwd IAT Std,fwdiatstd,1.6675136089324951,1.6675136089324951
670823,DDoS attacks-LOIC-HTTP,DDoS attacks-LOIC-HTTP,True,3,Fwd Pkts/s,fwdpktss,1.183293342590332,1.183293342590332
670823,DDoS attacks-LOIC-HTTP,DDoS attacks-LOIC-HTTP,True,4,Flow IAT Min,flowiatmin,1.081811785697937,1.081811785697937
670823,DDoS attacks-LOIC-HTTP,DDoS attacks-LOIC-HTTP,True,5,Flow IAT Max,flowiatmax,0.5577458143234253,0.5577458143234253
691963,DDoS attacks-LOIC-HTTP,DDoS attacks-LOIC-HTTP,True,1,Init Fwd Win Byts,initfwdwinbyts,1.754103183746338,1.754103183746338
691963,DDoS attacks-LOIC-HTTP,DDoS attacks-LOIC-HTTP,True,2,Fwd IAT Std,fwdiatstd,1.3184094429016113,1.3184094429016113
691963,DDoS attacks-LOIC-HTTP,DDoS attacks-LOIC-HTTP,True,3,Fwd Pkts/s,fwdpktss,1.1389907598495483,1.1389907598495483
691963,DDoS attacks-LOIC-HTTP,DDoS attacks-LOIC-HTTP,True,4,Flow IAT Min,flowiatmin,1.0596221685409546,1.0596221685409546
691963,DDoS attacks-LOIC-HTTP,DDoS attacks-LOIC-HTTP,True,5,Flow IAT Max,flowiatmax,0.6135298013687134,0.6135298013687134
692894,DDoS attacks-LOIC-HTTP,DDoS attacks-LOIC-HTTP,True,1,Fwd Pkts/s,fwdpktss,1.3678004741668701,1.3678004741668701
692894,DDoS attacks-LOIC-HTTP,DDoS attacks-LOIC-HTTP,True,2,Bwd Pkt Len Std,bwdpktlenstd,1.3495417833328247,1.3495417833328247
692894,DDoS attacks-LOIC-HTTP,DDoS attacks-LOIC-HTTP,True,3,Fwd IAT Std,fwdiatstd,0.9523487687110901,0.9523487687110901
692894,DDoS attacks-LOIC-HTTP,DDoS attacks-LOIC-HTTP,True,4,Fwd IAT Tot,fwdiattot,0.6973091959953308,0.6973091959953308
692894,DDoS attacks-LOIC-HTTP,DDoS attacks-LOIC-HTTP,True,5,Flow IAT Max,flowiatmax,0.5656026601791382,0.5656026601791382
696098,DDoS attacks-LOIC-HTTP,DDoS attacks-LOIC-HTTP,True,1,Fwd Pkts/s,fwdpktss,1.3530510663986206,1.3530510663986206
696098,DDoS attacks-LOIC-HTTP,DDoS attacks-LOIC-HTTP,True,2,Bwd Pkt Len Std,bwdpktlenstd,1.3490597009658813,1.3490597009658813
696098,DDoS attacks-LOIC-HTTP,DDoS attacks-LOIC-HTTP,True,3,Fwd IAT Std,fwdiatstd,0.9515014886856079,0.9515014886856079
696098,DDoS attacks-LOIC-HTTP,DDoS attacks-LOIC-HTTP,True,4,Fwd IAT Tot,fwdiattot,0.6933082938194275,0.6933082938194275
696098,DDoS attacks-LOIC-HTTP,DDoS attacks-LOIC-HTTP,True,5,Flow IAT Max,flowiatmax,0.6028185486793518,0.6028185486793518
3348,DoS attacks-GoldenEye,DoS attacks-GoldenEye,True,1,Fwd Seg Size Min,fwdsegsizemin,7.9817094802856445,7.9817094802856445
3348,DoS attacks-GoldenEye,DoS attacks-GoldenEye,True,2,Flow IAT Min,flowiatmin,4.0377373695373535,4.0377373695373535
3348,DoS attacks-GoldenEye,DoS attacks-GoldenEye,True,3,Flow IAT Mean,flowiatmean,0.9897290468215942,0.9897290468215942
3348,DoS attacks-GoldenEye,DoS attacks-GoldenEye,True,4,Init Fwd Win Byts,initfwdwinbyts,0.7084916234016418,0.7084916234016418
3348,DoS attacks-GoldenEye,DoS attacks-GoldenEye,True,5,Dst Port,dstport,0.4432133436203003,0.4432133436203003
3758,DoS attacks-GoldenEye,DoS attacks-GoldenEye,True,1,Fwd Seg Size Min,fwdsegsizemin,8.899114608764648,8.899114608764648
3758,DoS attacks-GoldenEye,DoS attacks-GoldenEye,True,2,Bwd Pkt Len Std,bwdpktlenstd,1.9966886043548584,1.9966886043548584
3758,DoS attacks-GoldenEye,DoS attacks-GoldenEye,True,3,Flow IAT Mean,flowiatmean,1.10038161277771,1.10038161277771
3758,DoS attacks-GoldenEye,DoS attacks-GoldenEye,True,4,Bwd IAT Std,bwdiatstd,0.8788895606994629,0.8788895606994629
3758,DoS attacks-GoldenEye,DoS attacks-GoldenEye,True,5,Fwd Pkt Len Max,fwdpktlenmax,0.4478185474872589,0.4478185474872589
5725,DoS attacks-GoldenEye,DoS attacks-GoldenEye,True,1,Fwd Seg Size Min,fwdsegsizemin,6.629592418670654,6.629592418670654
5725,DoS attacks-GoldenEye,DoS attacks-GoldenEye,True,2,Bwd Pkt Len Std,bwdpktlenstd,2.0830016136169434,2.0830016136169434
5725,DoS attacks-GoldenEye,DoS attacks-GoldenEye,True,3,TotLen Bwd Pkts,totlenbwdpkts,2.051852226257324,2.051852226257324
5725,DoS attacks-GoldenEye,DoS attacks-GoldenEye,True,4,Flow IAT Mean,flowiatmean,1.609070062637329,1.609070062637329
5725,DoS attacks-GoldenEye,DoS attacks-GoldenEye,True,5,Fwd Pkt Len Max,fwdpktlenmax,0.4283923804759979,0.4283923804759979
29800,DoS attacks-GoldenEye,DoS attacks-GoldenEye,True,1,Fwd Seg Size Min,fwdsegsizemin,7.992969989776611,7.992969989776611
29800,DoS attacks-GoldenEye,DoS attacks-GoldenEye,True,2,Bwd IAT Std,bwdiatstd,2.227155923843384,2.227155923843384
29800,DoS attacks-GoldenEye,DoS attacks-GoldenEye,True,3,Flow Byts/s,flowbytss,1.6960594654083252,1.6960594654083252
29800,DoS attacks-GoldenEye,DoS attacks-GoldenEye,True,4,Bwd Pkt Len Mean,bwdpktlenmean,0.5740373730659485,0.5740373730659485
29800,DoS attacks-GoldenEye,DoS attacks-GoldenEye,True,5,Fwd Pkt Len Max,fwdpktlenmax,0.4458903968334198,0.4458903968334198
32898,DoS attacks-GoldenEye,DoS attacks-GoldenEye,True,1,Fwd Seg Size Min,fwdsegsizemin,7.606481075286865,7.606481075286865
32898,DoS attacks-GoldenEye,DoS attacks-GoldenEye,True,2,Flow Byts/s,flowbytss,1.6955417394638062,1.6955417394638062
32898,DoS attacks-GoldenEye,DoS attacks-GoldenEye,True,3,Flow IAT Mean,flowiatmean,1.680253267288208,1.680253267288208
32898,DoS attacks-GoldenEye,DoS attacks-GoldenEye,True,4,Bwd IAT Std,bwdiatstd,1.2650835514068604,1.2650835514068604
32898,DoS attacks-GoldenEye,DoS attacks-GoldenEye,True,5,TotLen Bwd Pkts,totlenbwdpkts,0.5278356671333313,0.5278356671333313
40108,DoS attacks-GoldenEye,DoS attacks-GoldenEye,True,1,Fwd Seg Size Min,fwdsegsizemin,8.911858558654785,8.911858558654785
40108,DoS attacks-GoldenEye,DoS attacks-GoldenEye,True,2,Bwd Pkt Len Std,bwdpktlenstd,1.9968314170837402,1.9968314170837402
40108,DoS attacks-GoldenEye,DoS attacks-GoldenEye,True,3,Flow IAT Mean,flowiatmean,1.0535740852355957,1.0535740852355957
40108,DoS attacks-GoldenEye,DoS attacks-GoldenEye,True,4,Bwd IAT Std,bwdiatstd,0.8788895606994629,0.8788895606994629
40108,DoS attacks-GoldenEye,DoS attacks-GoldenEye,True,5,Flow Byts/s,flowbytss,0.4368691146373749,0.4368691146373749
40430,DoS attacks-GoldenEye,DoS attacks-GoldenEye,True,1,Fwd Seg Size Min,fwdsegsizemin,8.10003662109375,8.10003662109375
40430,DoS attacks-GoldenEye,DoS attacks-GoldenEye,True,2,Flow Byts/s,flowbytss,1.6960594654083252,1.6960594654083252
40430,DoS attacks-GoldenEye,DoS attacks-GoldenEye,True,3,Bwd IAT Std,bwdiatstd,1.2646112442016602,1.2646112442016602
40430,DoS attacks-GoldenEye,DoS attacks-GoldenEye,True,4,Bwd Pkt Len Std,bwdpktlenstd,0.5767025947570801,0.5767025947570801
40430,DoS attacks-GoldenEye,DoS attacks-GoldenEye,True,5,Flow IAT Mean,flowiatmean,0.569649338722229,0.569649338722229
43950,DoS attacks-GoldenEye,DoS attacks-GoldenEye,True,1,Fwd Seg Size Min,fwdsegsizemin,7.994130611419678,7.994130611419678
43950,DoS attacks-GoldenEye,DoS attacks-GoldenEye,True,2,Flow IAT Min,flowiatmin,4.050196170806885,4.050196170806885
43950,DoS attacks-GoldenEye,DoS attacks-GoldenEye,True,3,Flow IAT Mean,flowiatmean,0.9079145789146423,0.9079145789146423
43950,DoS attacks-GoldenEye,DoS attacks-GoldenEye,True,4,Init Fwd Win Byts,initfwdwinbyts,0.7295193672180176,0.7295193672180176
43950,DoS attacks-GoldenEye,DoS attacks-GoldenEye,True,5,Dst Port,dstport,0.4424670934677124,0.4424670934677124
53429,DoS attacks-GoldenEye,DoS attacks-GoldenEye,True,1,Fwd Seg Size Min,fwdsegsizemin,7.994130611419678,7.994130611419678
53429,DoS attacks-GoldenEye,DoS attacks-GoldenEye,True,2,Flow IAT Min,flowiatmin,4.050196170806885,4.050196170806885
53429,DoS attacks-GoldenEye,DoS attacks-GoldenEye,True,3,Flow IAT Mean,flowiatmean,0.9079145789146423,0.9079145789146423
53429,DoS attacks-GoldenEye,DoS attacks-GoldenEye,True,4,Init Fwd Win Byts,initfwdwinbyts,0.7295193672180176,0.7295193672180176
53429,DoS attacks-GoldenEye,DoS attacks-GoldenEye,True,5,Dst Port,dstport,0.4424670934677124,0.4424670934677124
53986,DoS attacks-GoldenEye,DoS attacks-GoldenEye,True,1,Fwd Seg Size Min,fwdsegsizemin,8.052787780761719,8.052787780761719
53986,DoS attacks-GoldenEye,DoS attacks-GoldenEye,True,2,Flow IAT Min,flowiatmin,4.079543113708496,4.079543113708496
53986,DoS attacks-GoldenEye,DoS attacks-GoldenEye,True,3,Init Fwd Win Byts,initfwdwinbyts,0.7361717820167542,0.7361717820167542
53986,DoS attacks-GoldenEye,DoS attacks-GoldenEye,True,4,Flow IAT Mean,flowiatmean,0.690915584564209,0.690915584564209
53986,DoS attacks-GoldenEye,DoS attacks-GoldenEye,True,5,Dst Port,dstport,0.449898898601532,0.449898898601532
60849,DoS attacks-GoldenEye,DoS attacks-GoldenEye,True,1,Fwd Seg Size Min,fwdsegsizemin,8.040366172790527,8.040366172790527
60849,DoS attacks-GoldenEye,DoS attacks-GoldenEye,True,2,Flow IAT Min,flowiatmin,4.067084789276123,4.067084789276123
60849,DoS attacks-GoldenEye,DoS attacks-GoldenEye,True,3,Flow IAT Mean,flowiatmean,0.7727301716804504,0.7727301716804504
60849,DoS attacks-GoldenEye,DoS attacks-GoldenEye,True,4,Init Fwd Win Byts,initfwdwinbyts,0.7151439785957336,0.7151439785957336
60849,DoS attacks-GoldenEye,DoS attacks-GoldenEye,True,5,Dst Port,dstport,0.4506451487541199,0.4506451487541199
72213,DoS attacks-GoldenEye,DoS attacks-GoldenEye,True,1,Fwd Seg Size Min,fwdsegsizemin,8.092338562011719,8.092338562011719
72213,DoS attacks-GoldenEye,DoS attacks-GoldenEye,True,2,Flow Byts/s,flowbytss,1.6960594654083252,1.6960594654083252
72213,DoS attacks-GoldenEye,DoS attacks-GoldenEye,True,3,Bwd IAT Std,bwdiatstd,1.2646112442016602,1.2646112442016602
72213,DoS attacks-GoldenEye,DoS attacks-GoldenEye,True,4,Flow IAT Mean,flowiatmean,0.5861102342605591,0.5861102342605591
72213,DoS attacks-GoldenEye,DoS attacks-GoldenEye,True,5,Bwd Pkt Len Std,bwdpktlenstd,0.5767025947570801,0.5767025947570801
75008,DoS attacks-GoldenEye,DoS attacks-GoldenEye,True,1,Fwd Seg Size Min,fwdsegsizemin,9.065526008605957,9.065526008605957
75008,DoS attacks-GoldenEye,DoS attacks-GoldenEye,True,2,Bwd Pkt Len Std,bwdpktlenstd,2.0165562629699707,2.0165562629699707
75008,DoS attacks-GoldenEye,DoS attacks-GoldenEye,True,3,Bwd IAT Std,bwdiatstd,0.8761098384857178,0.8761098384857178
75008,DoS attacks-GoldenEye,DoS attacks-GoldenEye,True,4,Flow IAT Mean,flowiatmean,0.6297101974487305,0.6297101974487305
75008,DoS attacks-GoldenEye,DoS attacks-GoldenEye,True,5,Fwd Pkt Len Max,fwdpktlenmax,0.4415551722049713,0.4415551722049713
76779,DoS attacks-GoldenEye,DoS attacks-GoldenEye,True,1,Fwd Seg Size Min,fwdsegsizemin,7.269863605499268,7.269863605499268
76779,DoS attacks-GoldenEye,DoS attacks-GoldenEye,True,2,Flow IAT Mean,flowiatmean,4.3703718185424805,4.3703718185424805
76779,DoS attacks-GoldenEye,DoS attacks-GoldenEye,True,3,Dst Port,dstport,0.44534680247306824,0.44534680247306824
76779,DoS attacks-GoldenEye,DoS attacks-GoldenEye,True,4,TotLen Fwd Pkts,totlenfwdpkts,0.3622229993343353,0.3622229993343353
76779,DoS attacks-GoldenEye,DoS attacks-GoldenEye,True,5,Fwd Pkt Len Max,fwdpktlenmax,0.2500292658805847,0.2500292658805847
79343,DoS attacks-GoldenEye,DoS attacks-GoldenEye,True,1,Fwd Seg Size Min,fwdsegsizemin,8.94646167755127,8.94646167755127
79343,DoS attacks-GoldenEye,DoS attacks-GoldenEye,True,2,Bwd Pkt Len Std,bwdpktlenstd,1.9924508333206177,1.9924508333206177
79343,DoS attacks-GoldenEye,DoS attacks-GoldenEye,True,3,Flow IAT Mean,flowiatmean,1.067850947380066,1.067850947380066
79343,DoS attacks-GoldenEye,DoS attacks-GoldenEye,True,4,Bwd IAT Std,bwdiatstd,0.8788895606994629,0.8788895606994629
79343,DoS attacks-GoldenEye,DoS attacks-GoldenEye,True,5,Fwd Pkt Len Max,fwdpktlenmax,0.44142720103263855,0.44142720103263855
88215,DoS attacks-GoldenEye,DoS attacks-GoldenEye,True,1,Fwd Seg Size Min,fwdsegsizemin,8.938745498657227,8.938745498657227
88215,DoS attacks-GoldenEye,DoS attacks-GoldenEye,True,2,Bwd Pkt Len Std,bwdpktlenstd,1.9928568601608276,1.9928568601608276
88215,DoS attacks-GoldenEye,DoS attacks-GoldenEye,True,3,Flow IAT Mean,flowiatmean,1.0871200561523438,1.0871200561523438
88215,DoS attacks-GoldenEye,DoS attacks-GoldenEye,True,4,Bwd IAT Std,bwdiatstd,0.8788895606994629,0.8788895606994629
88215,DoS attacks-GoldenEye,DoS attacks-GoldenEye,True,5,Fwd Pkt Len Max,fwdpktlenmax,0.4415264427661896,0.4415264427661896
107991,DoS attacks-GoldenEye,DoS attacks-GoldenEye,True,1,Fwd Seg Size Min,fwdsegsizemin,7.994130611419678,7.994130611419678
107991,DoS attacks-GoldenEye,DoS attacks-GoldenEye,True,2,Flow IAT Min,flowiatmin,4.050196170806885,4.050196170806885
107991,DoS attacks-GoldenEye,DoS attacks-GoldenEye,True,3,Flow IAT Mean,flowiatmean,0.9079145789146423,0.9079145789146423
107991,DoS attacks-GoldenEye,DoS attacks-GoldenEye,True,4,Init Fwd Win Byts,initfwdwinbyts,0.7295193672180176,0.7295193672180176
107991,DoS attacks-GoldenEye,DoS attacks-GoldenEye,True,5,Dst Port,dstport,0.4424670934677124,0.4424670934677124
150198,DoS attacks-GoldenEye,DoS attacks-GoldenEye,True,1,Fwd Seg Size Min,fwdsegsizemin,9.06397533416748,9.06397533416748
150198,DoS attacks-GoldenEye,DoS attacks-GoldenEye,True,2,Bwd Pkt Len Std,bwdpktlenstd,2.0121757984161377,2.0121757984161377
150198,DoS attacks-GoldenEye,DoS attacks-GoldenEye,True,3,Bwd IAT Std,bwdiatstd,0.8761098384857178,0.8761098384857178
150198,DoS attacks-GoldenEye,DoS attacks-GoldenEye,True,4,Flow IAT Mean,flowiatmean,0.6300139427185059,0.6300139427185059
150198,DoS attacks-GoldenEye,DoS attacks-GoldenEye,True,5,Fwd Pkt Len Max,fwdpktlenmax,0.441888689994812,0.441888689994812
162254,DoS attacks-GoldenEye,DoS attacks-GoldenEye,True,1,Fwd Seg Size Min,fwdsegsizemin,8.796587944030762,8.796587944030762
162254,DoS attacks-GoldenEye,DoS attacks-GoldenEye,True,2,Bwd Pkt Len Std,bwdpktlenstd,1.9925686120986938,1.9925686120986938
162254,DoS attacks-GoldenEye,DoS attacks-GoldenEye,True,3,Flow IAT Mean,flowiatmean,1.4334272146224976,1.4334272146224976
162254,DoS attacks-GoldenEye,DoS attacks-GoldenEye,True,4,Bwd IAT Std,bwdiatstd,0.8768796324729919,0.8768796324729919
162254,DoS attacks-GoldenEye,DoS attacks-GoldenEye,True,5,Fwd Pkt Len Max,fwdpktlenmax,0.44187864661216736,0.44187864661216736
162611,DoS attacks-GoldenEye,DoS attacks-GoldenEye,True,1,Fwd Seg Size Min,fwdsegsizemin,7.273813724517822,7.273813724517822
162611,DoS attacks-GoldenEye,DoS attacks-GoldenEye,True,2,Flow IAT Mean,flowiatmean,4.364588260650635,4.364588260650635
162611,DoS attacks-GoldenEye,DoS attacks-GoldenEye,True,3,Dst Port,dstport,0.44534778594970703,0.44534778594970703
162611,DoS attacks-GoldenEye,DoS attacks-GoldenEye,True,4,TotLen Fwd Pkts,totlenfwdpkts,0.3622229993343353,0.3622229993343353
162611,DoS attacks-GoldenEye,DoS attacks-GoldenEye,True,5,Fwd Pkt Len Max,fwdpktlenmax,0.2499043196439743,0.2499043196439743
163878,DoS attacks-GoldenEye,DoS attacks-GoldenEye,True,1,Fwd Seg Size Min,fwdsegsizemin,7.669044017791748,7.669044017791748
163878,DoS attacks-GoldenEye,DoS attacks-GoldenEye,True,2,Flow Byts/s,flowbytss,1.6955883502960205,1.6955883502960205
163878,DoS attacks-GoldenEye,DoS attacks-GoldenEye,True,3,Flow IAT Mean,flowiatmean,1.610079288482666,1.610079288482666
163878,DoS attacks-GoldenEye,DoS attacks-GoldenEye,True,4,Bwd IAT Std,bwdiatstd,1.2647751569747925,1.2647751569747925
163878,DoS attacks-GoldenEye,DoS attacks-GoldenEye,True,5,TotLen Bwd Pkts,totlenbwdpkts,0.5278351306915283,0.5278351306915283
166887,DoS attacks-GoldenEye,DoS attacks-GoldenEye,True,1,Fwd Seg Size Min,fwdsegsizemin,7.994130611419678,7.994130611419678
166887,DoS attacks-GoldenEye,DoS attacks-GoldenEye,True,2,Flow IAT Min,flowiatmin,4.050196170806885,4.050196170806885
166887,DoS attacks-GoldenEye,DoS attacks-GoldenEye,True,3,Flow IAT Mean,flowiatmean,0.9079145789146423,0.9079145789146423
166887,DoS attacks-GoldenEye,DoS attacks-GoldenEye,True,4,Init Fwd Win Byts,initfwdwinbyts,0.7295193672180176,0.7295193672180176
166887,DoS attacks-GoldenEye,DoS attacks-GoldenEye,True,5,Dst Port,dstport,0.4424670934677124,0.4424670934677124
186573,DoS attacks-GoldenEye,DoS attacks-GoldenEye,True,1,Fwd Seg Size Min,fwdsegsizemin,7.684100151062012,7.684100151062012
186573,DoS attacks-GoldenEye,DoS attacks-GoldenEye,True,2,Flow Byts/s,flowbytss,1.6955883502960205,1.6955883502960205
186573,DoS attacks-GoldenEye,DoS attacks-GoldenEye,True,3,Flow IAT Mean,flowiatmean,1.6100356578826904,1.6100356578826904
186573,DoS attacks-GoldenEye,DoS attacks-GoldenEye,True,4,Bwd IAT Std,bwdiatstd,1.2647751569747925,1.2647751569747925
186573,DoS attacks-GoldenEye,DoS attacks-GoldenEye,True,5,TotLen Bwd Pkts,totlenbwdpkts,0.5278351306915283,0.5278351306915283
196912,DoS attacks-GoldenEye,DoS attacks-GoldenEye,True,1,Fwd Seg Size Min,fwdsegsizemin,8.910674095153809,8.910674095153809
196912,DoS attacks-GoldenEye,DoS attacks-GoldenEye,True,2,Bwd Pkt Len Std,bwdpktlenstd,1.9968314170837402,1.9968314170837402
196912,DoS attacks-GoldenEye,DoS attacks-GoldenEye,True,3,Flow IAT Mean,flowiatmean,1.077266812324524,1.077266812324524
196912,DoS attacks-GoldenEye,DoS attacks-GoldenEye,True,4,Bwd IAT Std,bwdiatstd,0.8788895606994629,0.8788895606994629
196912,DoS attacks-GoldenEye,DoS attacks-GoldenEye,True,5,Flow Byts/s,flowbytss,0.4368691146373749,0.4368691146373749
201056,DoS attacks-GoldenEye,DoS attacks-GoldenEye,True,1,Fwd Seg Size Min,fwdsegsizemin,8.071921348571777,8.071921348571777
201056,DoS attacks-GoldenEye,DoS attacks-GoldenEye,True,2,Flow Byts/s,flowbytss,1.6960594654083252,1.6960594654083252
201056,DoS attacks-GoldenEye,DoS attacks-GoldenEye,True,3,Bwd IAT Std,bwdiatstd,1.2646112442016602,1.2646112442016602
201056,DoS attacks-GoldenEye,DoS attacks-GoldenEye,True,4,Flow IAT Mean,flowiatmean,0.5898213386535645,0.5898213386535645
201056,DoS attacks-GoldenEye,DoS attacks-GoldenEye,True,5,Bwd Pkt Len Std,bwdpktlenstd,0.5767025947570801,0.5767025947570801
207519,DoS attacks-GoldenEye,DoS attacks-GoldenEye,True,1,Fwd Seg Size Min,fwdsegsizemin,8.774779319763184,8.774779319763184
207519,DoS attacks-GoldenEye,DoS attacks-GoldenEye,True,2,Bwd Pkt Len Std,bwdpktlenstd,1.9925686120986938,1.9925686120986938
207519,DoS attacks-GoldenEye,DoS attacks-GoldenEye,True,3,Flow IAT Mean,flowiatmean,1.4389046430587769,1.4389046430587769
207519,DoS attacks-GoldenEye,DoS attacks-GoldenEye,True,4,Bwd IAT Std,bwdiatstd,0.8768796324729919,0.8768796324729919
207519,DoS attacks-GoldenEye,DoS attacks-GoldenEye,True,5,Flow Byts/s,flowbytss,0.4365712106227875,0.4365712106227875
227031,DoS attacks-GoldenEye,DoS attacks-GoldenEye,True,1,Fwd Seg Size Min,fwdsegsizemin,8.099709510803223,8.099709510803223
227031,DoS attacks-GoldenEye,DoS attacks-GoldenEye,True,2,Flow Byts/s,flowbytss,1.6960594654083252,1.6960594654083252
227031,DoS attacks-GoldenEye,DoS attacks-GoldenEye,True,3,Bwd IAT Std,bwdiatstd,1.2646112442016602,1.2646112442016602
227031,DoS attacks-GoldenEye,DoS attacks-GoldenEye,True,4,Bwd Pkt Len Std,bwdpktlenstd,0.5759100317955017,0.5759100317955017
227031,DoS attacks-GoldenEye,DoS attacks-GoldenEye,True,5,Flow IAT Mean,flowiatmean,0.5717518329620361,0.5717518329620361
242004,DoS attacks-GoldenEye,DoS attacks-GoldenEye,True,1,Fwd Seg Size Min,fwdsegsizemin,8.040366172790527,8.040366172790527
242004,DoS attacks-GoldenEye,DoS attacks-GoldenEye,True,2,Flow IAT Min,flowiatmin,4.067084789276123,4.067084789276123
242004,DoS attacks-GoldenEye,DoS attacks-GoldenEye,True,3,Flow IAT Mean,flowiatmean,0.7727301716804504,0.7727301716804504
242004,DoS attacks-GoldenEye,DoS attacks-GoldenEye,True,4,Init Fwd Win Byts,initfwdwinbyts,0.7151439785957336,0.7151439785957336
242004,DoS attacks-GoldenEye,DoS attacks-GoldenEye,True,5,Dst Port,dstport,0.4506451487541199,0.4506451487541199
259543,DoS attacks-GoldenEye,DoS attacks-GoldenEye,True,1,Fwd Seg Size Min,fwdsegsizemin,8.052787780761719,8.052787780761719
259543,DoS attacks-GoldenEye,DoS attacks-GoldenEye,True,2,Flow IAT Min,flowiatmin,4.079543113708496,4.079543113708496
259543,DoS attacks-GoldenEye,DoS attacks-GoldenEye,True,3,Init Fwd Win Byts,initfwdwinbyts,0.7361717820167542,0.7361717820167542
259543,DoS attacks-GoldenEye,DoS attacks-GoldenEye,True,4,Flow IAT Mean,flowiatmean,0.690915584564209,0.690915584564209
259543,DoS attacks-GoldenEye,DoS attacks-GoldenEye,True,5,Dst Port,dstport,0.449898898601532,0.449898898601532
260608,DoS attacks-GoldenEye,DoS attacks-GoldenEye,True,1,Fwd Seg Size Min,fwdsegsizemin,7.639650821685791,7.639650821685791
260608,DoS attacks-GoldenEye,DoS attacks-GoldenEye,True,2,Flow Byts/s,flowbytss,1.6955783367156982,1.6955783367156982
260608,DoS attacks-GoldenEye,DoS attacks-GoldenEye,True,3,Flow IAT Mean,flowiatmean,1.6864750385284424,1.6864750385284424
260608,DoS attacks-GoldenEye,DoS attacks-GoldenEye,True,4,Bwd IAT Std,bwdiatstd,1.2646374702453613,1.2646374702453613
260608,DoS attacks-GoldenEye,DoS attacks-GoldenEye,True,5,TotLen Bwd Pkts,totlenbwdpkts,0.5278116464614868,0.5278116464614868
268945,DoS attacks-GoldenEye,DoS attacks-GoldenEye,True,1,Fwd Seg Size Min,fwdsegsizemin,8.052787780761719,8.052787780761719
268945,DoS attacks-GoldenEye,DoS attacks-GoldenEye,True,2,Flow IAT Min,flowiatmin,4.079543113708496,4.079543113708496
268945,DoS attacks-GoldenEye,DoS attacks-GoldenEye,True,3,Init Fwd Win Byts,initfwdwinbyts,0.7361717820167542,0.7361717820167542
268945,DoS attacks-GoldenEye,DoS attacks-GoldenEye,True,4,Flow IAT Mean,flowiatmean,0.690915584564209,0.690915584564209
268945,DoS attacks-GoldenEye,DoS attacks-GoldenEye,True,5,Dst Port,dstport,0.449898898601532,0.449898898601532
276244,DoS attacks-GoldenEye,DoS attacks-GoldenEye,True,1,Fwd Seg Size Min,fwdsegsizemin,7.661354064941406,7.661354064941406
276244,DoS attacks-GoldenEye,DoS attacks-GoldenEye,True,2,Flow IAT Mean,flowiatmean,1.6833863258361816,1.6833863258361816
276244,DoS attacks-GoldenEye,DoS attacks-GoldenEye,True,3,Flow Byts/s,flowbytss,1.6656876802444458,1.6656876802444458
276244,DoS attacks-GoldenEye,DoS attacks-GoldenEye,True,4,Bwd IAT Std,bwdiatstd,1.2748730182647705,1.2748730182647705
276244,DoS attacks-GoldenEye,DoS attacks-GoldenEye,True,5,TotLen Bwd Pkts,totlenbwdpkts,0.5278356671333313,0.5278356671333313
284611,DoS attacks-GoldenEye,DoS attacks-GoldenEye,True,1,Fwd Seg Size Min,fwdsegsizemin,8.791013717651367,8.791013717651367
284611,DoS attacks-GoldenEye,DoS attacks-GoldenEye,True,2,Bwd Pkt Len Std,bwdpktlenstd,1.9925686120986938,1.9925686120986938
284611,DoS attacks-GoldenEye,DoS attacks-GoldenEye,True,3,Flow IAT Mean,flowiatmean,1.386788249015808,1.386788249015808
284611,DoS attacks-GoldenEye,DoS attacks-GoldenEye,True,4,Bwd IAT Std,bwdiatstd,0.8768796324729919,0.8768796324729919
284611,DoS attacks-GoldenEye,DoS attacks-GoldenEye,True,5,Flow Byts/s,flowbytss,0.4368021488189697,0.4368021488189697
286041,DoS attacks-GoldenEye,DoS attacks-GoldenEye,True,1,Fwd Seg Size Min,fwdsegsizemin,7.994130611419678,7.994130611419678
286041,DoS attacks-GoldenEye,DoS attacks-GoldenEye,True,2,Flow IAT Min,flowiatmin,4.050196170806885,4.050196170806885
286041,DoS attacks-GoldenEye,DoS attacks-GoldenEye,True,3,Flow IAT Mean,flowiatmean,0.9079145789146423,0.9079145789146423
286041,DoS attacks-GoldenEye,DoS attacks-GoldenEye,True,4,Init Fwd Win Byts,initfwdwinbyts,0.7295193672180176,0.7295193672180176
286041,DoS attacks-GoldenEye,DoS attacks-GoldenEye,True,5,Dst Port,dstport,0.4424670934677124,0.4424670934677124
302037,DoS attacks-GoldenEye,DoS attacks-GoldenEye,True,1,Fwd Seg Size Min,fwdsegsizemin,7.986954212188721,7.986954212188721
302037,DoS attacks-GoldenEye,DoS attacks-GoldenEye,True,2,Flow Byts/s,flowbytss,1.6960594654083252,1.6960594654083252
302037,DoS attacks-GoldenEye,DoS attacks-GoldenEye,True,3,Bwd IAT Std,bwdiatstd,1.2646112442016602,1.2646112442016602
302037,DoS attacks-GoldenEye,DoS attacks-GoldenEye,True,4,Bwd Pkt Len Std,bwdpktlenstd,0.576400101184845,0.576400101184845
302037,DoS attacks-GoldenEye,DoS attacks-GoldenEye,True,5,Flow IAT Mean,flowiatmean,0.5733087658882141,0.5733087658882141
308023,DoS attacks-GoldenEye,DoS attacks-GoldenEye,True,1,Fwd Seg Size Min,fwdsegsizemin,8.897629737854004,8.897629737854004
308023,DoS attacks-GoldenEye,DoS attacks-GoldenEye,True,2,Bwd Pkt Len Std,bwdpktlenstd,1.9966886043548584,1.9966886043548584
308023,DoS attacks-GoldenEye,DoS attacks-GoldenEye,True,3,Flow IAT Mean,flowiatmean,1.0972089767456055,1.0972089767456055
308023,DoS attacks-GoldenEye,DoS attacks-GoldenEye,True,4,Bwd IAT Std,bwdiatstd,0.8788895606994629,0.8788895606994629
308023,DoS attacks-GoldenEye,DoS attacks-GoldenEye,True,5,Flow Byts/s,flowbytss,0.4368691146373749,0.4368691146373749
309586,DoS attacks-GoldenEye,DoS attacks-GoldenEye,True,1,Fwd Seg Size Min,fwdsegsizemin,9.039581298828125,9.039581298828125
309586,DoS attacks-GoldenEye,DoS attacks-GoldenEye,True,2,Bwd Pkt Len Std,bwdpktlenstd,2.0165562629699707,2.0165562629699707
309586,DoS attacks-GoldenEye,DoS attacks-GoldenEye,True,3,Bwd IAT Std,bwdiatstd,0.8761098384857178,0.8761098384857178
309586,DoS attacks-GoldenEye,DoS attacks-GoldenEye,True,4,Flow IAT Mean,flowiatmean,0.6446866989135742,0.6446866989135742
309586,DoS attacks-GoldenEye,DoS attacks-GoldenEye,True,5,Flow Byts/s,flowbytss,0.4368691146373749,0.4368691146373749
313855,DoS attacks-GoldenEye,DoS attacks-GoldenEye,True,1,Fwd Seg Size Min,fwdsegsizemin,8.052787780761719,8.052787780761719
313855,DoS attacks-GoldenEye,DoS attacks-GoldenEye,True,2,Flow IAT Min,flowiatmin,4.079543113708496,4.079543113708496
313855,DoS attacks-GoldenEye,DoS attacks-GoldenEye,True,3,Init Fwd Win Byts,initfwdwinbyts,0.7361717820167542,0.7361717820167542
313855,DoS attacks-GoldenEye,DoS attacks-GoldenEye,True,4,Flow IAT Mean,flowiatmean,0.690915584564209,0.690915584564209
313855,DoS attacks-GoldenEye,DoS attacks-GoldenEye,True,5,Dst Port,dstport,0.449898898601532,0.449898898601532
320587,DoS attacks-GoldenEye,DoS attacks-GoldenEye,True,1,Fwd Seg Size Min,fwdsegsizemin,8.910674095153809,8.910674095153809
320587,DoS attacks-GoldenEye,DoS attacks-GoldenEye,True,2,Bwd Pkt Len Std,bwdpktlenstd,1.9968314170837402,1.9968314170837402
320587,DoS attacks-GoldenEye,DoS attacks-GoldenEye,True,3,Flow IAT Mean,flowiatmean,1.077266812324524,1.077266812324524
320587,DoS attacks-GoldenEye,DoS attacks-GoldenEye,True,4,Bwd IAT Std,bwdiatstd,0.8788895606994629,0.8788895606994629
320587,DoS attacks-GoldenEye,DoS attacks-GoldenEye,True,5,Flow Byts/s,flowbytss,0.4368691146373749,0.4368691146373749
324523,DoS attacks-GoldenEye,DoS attacks-GoldenEye,True,1,Fwd Seg Size Min,fwdsegsizemin,8.925736427307129,8.925736427307129
324523,DoS attacks-GoldenEye,DoS attacks-GoldenEye,True,2,Bwd Pkt Len Std,bwdpktlenstd,1.9968314170837402,1.9968314170837402
324523,DoS attacks-GoldenEye,DoS attacks-GoldenEye,True,3,Flow IAT Mean,flowiatmean,1.0763963460922241,1.0763963460922241
324523,DoS attacks-GoldenEye,DoS attacks-GoldenEye,True,4,Bwd IAT Std,bwdiatstd,0.8788895606994629,0.8788895606994629
324523,DoS attacks-GoldenEye,DoS attacks-GoldenEye,True,5,Fwd Pkt Len Max,fwdpktlenmax,0.441058486700058,0.441058486700058
336776,DoS attacks-GoldenEye,DoS attacks-GoldenEye,True,1,Fwd Seg Size Min,fwdsegsizemin,8.040366172790527,8.040366172790527
336776,DoS attacks-GoldenEye,DoS attacks-GoldenEye,True,2,Flow IAT Min,flowiatmin,4.067084789276123,4.067084789276123
336776,DoS attacks-GoldenEye,DoS attacks-GoldenEye,True,3,Flow IAT Mean,flowiatmean,0.7727301716804504,0.7727301716804504
336776,DoS attacks-GoldenEye,DoS attacks-GoldenEye,True,4,Init Fwd Win Byts,initfwdwinbyts,0.7151439785957336,0.7151439785957336
336776,DoS attacks-GoldenEye,DoS attacks-GoldenEye,True,5,Dst Port,dstport,0.4506451487541199,0.4506451487541199
344079,DoS attacks-GoldenEye,DoS attacks-GoldenEye,True,1,Fwd Seg Size Min,fwdsegsizemin,8.305087089538574,8.305087089538574
344079,DoS attacks-GoldenEye,DoS attacks-GoldenEye,True,2,Bwd Pkt Len Std,bwdpktlenstd,2.1753695011138916,2.1753695011138916
344079,DoS attacks-GoldenEye,DoS attacks-GoldenEye,True,3,Bwd Pkt Len Mean,bwdpktlenmean,1.7614374160766602,1.7614374160766602
344079,DoS attacks-GoldenEye,DoS attacks-GoldenEye,True,4,Bwd IAT Std,bwdiatstd,0.8763054609298706,0.8763054609298706
344079,DoS attacks-GoldenEye,DoS attacks-GoldenEye,True,5,Flow Byts/s,flowbytss,0.4425880014896393,0.4425880014896393
347061,DoS attacks-GoldenEye,DoS attacks-GoldenEye,True,1,Fwd Seg Size Min,fwdsegsizemin,8.800419807434082,8.800419807434082
347061,DoS attacks-GoldenEye,DoS attacks-GoldenEye,True,2,Bwd Pkt Len Std,bwdpktlenstd,1.9925686120986938,1.9925686120986938
347061,DoS attacks-GoldenEye,DoS attacks-GoldenEye,True,3,Flow IAT Mean,flowiatmean,1.4219762086868286,1.4219762086868286
347061,DoS attacks-GoldenEye,DoS attacks-GoldenEye,True,4,Bwd IAT Std,bwdiatstd,0.8768796324729919,0.8768796324729919
347061,DoS attacks-GoldenEye,DoS attacks-GoldenEye,True,5,Fwd Pkt Len Max,fwdpktlenmax,0.44188570976257324,0.44188570976257324
348046,DoS attacks-GoldenEye,DoS attacks-GoldenEye,True,1,Fwd Seg Size Min,fwdsegsizemin,8.793100357055664,8.793100357055664
348046,DoS attacks-GoldenEye,DoS attacks-GoldenEye,True,2,Bwd Pkt Len Std,bwdpktlenstd,1.9925686120986938,1.9925686120986938
348046,DoS attacks-GoldenEye,DoS attacks-GoldenEye,True,3,Flow IAT Mean,flowiatmean,1.376065731048584,1.376065731048584
348046,DoS attacks-GoldenEye,DoS attacks-GoldenEye,True,4,Bwd IAT Std,bwdiatstd,0.8768796324729919,0.8768796324729919
348046,DoS attacks-GoldenEye,DoS attacks-GoldenEye,True,5,Flow Byts/s,flowbytss,0.4365712106227875,0.4365712106227875
355333,DoS attacks-GoldenEye,DoS attacks-GoldenEye,True,1,Fwd Seg Size Min,fwdsegsizemin,8.052787780761719,8.052787780761719
355333,DoS attacks-GoldenEye,DoS attacks-GoldenEye,True,2,Flow IAT Min,flowiatmin,4.079543113708496,4.079543113708496
355333,DoS attacks-GoldenEye,DoS attacks-GoldenEye,True,3,Init Fwd Win Byts,initfwdwinbyts,0.7361717820167542,0.7361717820167542
355333,DoS attacks-GoldenEye,DoS attacks-GoldenEye,True,4,Flow IAT Mean,flowiatmean,0.690915584564209,0.690915584564209
355333,DoS attacks-GoldenEye,DoS attacks-GoldenEye,True,5,Dst Port,dstport,0.449898898601532,0.449898898601532
371366,DoS attacks-GoldenEye,DoS attacks-GoldenEye,True,1,Fwd Seg Size Min,fwdsegsizemin,8.040366172790527,8.040366172790527
371366,DoS attacks-GoldenEye,DoS attacks-GoldenEye,True,2,Flow IAT Min,flowiatmin,4.067084789276123,4.067084789276123
371366,DoS attacks-GoldenEye,DoS attacks-GoldenEye,True,3,Flow IAT Mean,flowiatmean,0.7727301716804504,0.7727301716804504
371366,DoS attacks-GoldenEye,DoS attacks-GoldenEye,True,4,Init Fwd Win Byts,initfwdwinbyts,0.7151439785957336,0.7151439785957336
371366,DoS attacks-GoldenEye,DoS attacks-GoldenEye,True,5,Dst Port,dstport,0.4506451487541199,0.4506451487541199
375076,DoS attacks-GoldenEye,DoS attacks-GoldenEye,True,1,Fwd Seg Size Min,fwdsegsizemin,8.227221488952637,8.227221488952637
375076,DoS attacks-GoldenEye,DoS attacks-GoldenEye,True,2,Bwd Pkt Len Std,bwdpktlenstd,4.034005641937256,4.034005641937256
375076,DoS attacks-GoldenEye,DoS attacks-GoldenEye,True,3,Flow IAT Mean,flowiatmean,1.0766832828521729,1.0766832828521729
375076,DoS attacks-GoldenEye,DoS attacks-GoldenEye,True,4,Fwd Pkt Len Max,fwdpktlenmax,0.4204731583595276,0.4204731583595276
375076,DoS attacks-GoldenEye,DoS attacks-GoldenEye,True,5,Dst Port,dstport,0.39020219445228577,0.39020219445228577
380393,DoS attacks-GoldenEye,DoS attacks-GoldenEye,True,1,Fwd Seg Size Min,fwdsegsizemin,8.052787780761719,8.052787780761719
380393,DoS attacks-GoldenEye,DoS attacks-GoldenEye,True,2,Flow IAT Min,flowiatmin,4.079543113708496,4.079543113708496
380393,DoS attacks-GoldenEye,DoS attacks-GoldenEye,True,3,Init Fwd Win Byts,initfwdwinbyts,0.7361717820167542,0.7361717820167542
380393,DoS attacks-GoldenEye,DoS attacks-GoldenEye,True,4,Flow IAT Mean,flowiatmean,0.690915584564209,0.690915584564209
380393,DoS attacks-GoldenEye,DoS attacks-GoldenEye,True,5,Dst Port,dstport,0.449898898601532,0.449898898601532
423643,DoS attacks-GoldenEye,DoS attacks-GoldenEye,True,1,Fwd Seg Size Min,fwdsegsizemin,8.00281810760498,8.00281810760498
423643,DoS attacks-GoldenEye,DoS attacks-GoldenEye,True,2,Flow IAT Min,flowiatmin,4.028576850891113,4.028576850891113
423643,DoS attacks-GoldenEye,DoS attacks-GoldenEye,True,3,Flow IAT Mean,flowiatmean,0.920038104057312,0.920038104057312
423643,DoS attacks-GoldenEye,DoS attacks-GoldenEye,True,4,Init Fwd Win Byts,initfwdwinbyts,0.7295193672180176,0.7295193672180176
423643,DoS attacks-GoldenEye,DoS attacks-GoldenEye,True,5,Dst Port,dstport,0.4424470067024231,0.4424470067024231
426361,DoS attacks-GoldenEye,DoS attacks-GoldenEye,True,1,Fwd Seg Size Min,fwdsegsizemin,8.040366172790527,8.040366172790527
426361,DoS attacks-GoldenEye,DoS attacks-GoldenEye,True,2,Flow IAT Min,flowiatmin,4.067084789276123,4.067084789276123
426361,DoS attacks-GoldenEye,DoS attacks-GoldenEye,True,3,Flow IAT Mean,flowiatmean,0.7727301716804504,0.7727301716804504
426361,DoS attacks-GoldenEye,DoS attacks-GoldenEye,True,4,Init Fwd Win Byts,initfwdwinbyts,0.7151439785957336,0.7151439785957336
426361,DoS attacks-GoldenEye,DoS attacks-GoldenEye,True,5,Dst Port,dstport,0.4506451487541199,0.4506451487541199
432543,DoS attacks-GoldenEye,DoS attacks-GoldenEye,True,1,Fwd Seg Size Min,fwdsegsizemin,8.765175819396973,8.765175819396973
432543,DoS attacks-GoldenEye,DoS attacks-GoldenEye,True,2,Bwd Pkt Len Std,bwdpktlenstd,1.9925686120986938,1.9925686120986938
432543,DoS attacks-GoldenEye,DoS attacks-GoldenEye,True,3,Flow IAT Mean,flowiatmean,1.4313921928405762,1.4313921928405762
432543,DoS attacks-GoldenEye,DoS attacks-GoldenEye,True,4,Bwd IAT Std,bwdiatstd,0.8768796324729919,0.8768796324729919
432543,DoS attacks-GoldenEye,DoS attacks-GoldenEye,True,5,Flow Byts/s,flowbytss,0.4365712106227875,0.4365712106227875
437289,DoS attacks-GoldenEye,DoS attacks-GoldenEye,True,1,Fwd Seg Size Min,fwdsegsizemin,7.553064346313477,7.553064346313477
437289,DoS attacks-GoldenEye,DoS attacks-GoldenEye,True,2,Bwd Pkt Len Std,bwdpktlenstd,4.222639083862305,4.222639083862305
437289,DoS attacks-GoldenEye,DoS attacks-GoldenEye,True,3,Bwd Pkt Len Mean,bwdpktlenmean,1.8827579021453857,1.8827579021453857
437289,DoS attacks-GoldenEye,DoS attacks-GoldenEye,True,4,Flow IAT Mean,flowiatmean,-0.4518064856529236,0.4518064856529236
437289,DoS attacks-GoldenEye,DoS attacks-GoldenEye,True,5,Fwd Pkt Len Max,fwdpktlenmax,0.2291145622730255,0.2291145622730255
440197,DoS attacks-GoldenEye,DoS attacks-GoldenEye,True,1,Fwd Seg Size Min,fwdsegsizemin,6.668638229370117,6.668638229370117
440197,DoS attacks-GoldenEye,DoS attacks-GoldenEye,True,2,Bwd Pkt Len Std,bwdpktlenstd,2.0830016136169434,2.0830016136169434
440197,DoS attacks-GoldenEye,DoS attacks-GoldenEye,True,3,TotLen Bwd Pkts,totlenbwdpkts,2.051852226257324,2.051852226257324
440197,DoS attacks-GoldenEye,DoS attacks-GoldenEye,True,4,Flow IAT Mean,flowiatmean,1.6081476211547852,1.6081476211547852
440197,DoS attacks-GoldenEye,DoS attacks-GoldenEye,True,5,Fwd Pkt Len Max,fwdpktlenmax,0.4595611095428467,0.4595611095428467
446291,DoS attacks-GoldenEye,DoS attacks-GoldenEye,True,1,Fwd Seg Size Min,fwdsegsizemin,8.040602684020996,8.040602684020996
446291,DoS attacks-GoldenEye,DoS attacks-GoldenEye,True,2,Flow IAT Min,flowiatmin,4.067084789276123,4.067084789276123
446291,DoS attacks-GoldenEye,DoS attacks-GoldenEye,True,3,Flow IAT Mean,flowiatmean,0.7728747725486755,0.7728747725486755
446291,DoS attacks-GoldenEye,DoS attacks-GoldenEye,True,4,Init Fwd Win Byts,initfwdwinbyts,0.7142294645309448,0.7142294645309448
446291,DoS attacks-GoldenEye,DoS attacks-GoldenEye,True,5,Dst Port,dstport,0.4506632089614868,0.4506632089614868
447003,DoS attacks-GoldenEye,DoS attacks-GoldenEye,True,1,Fwd Seg Size Min,fwdsegsizemin,7.532321453094482,7.532321453094482
447003,DoS attacks-GoldenEye,DoS attacks-GoldenEye,True,2,Bwd Pkt Len Std,bwdpktlenstd,4.2173285484313965,4.2173285484313965
447003,DoS attacks-GoldenEye,DoS attacks-GoldenEye,True,3,Bwd Pkt Len Mean,bwdpktlenmean,1.8893983364105225,1.8893983364105225
447003,DoS attacks-GoldenEye,DoS attacks-GoldenEye,True,4,Flow IAT Mean,flowiatmean,-0.45042210817337036,0.45042210817337036
447003,DoS attacks-GoldenEye,DoS attacks-GoldenEye,True,5,Fwd Pkt Len Max,fwdpktlenmax,0.19959354400634766,0.19959354400634766
450511,DoS attacks-GoldenEye,DoS attacks-GoldenEye,True,1,Fwd Seg Size Min,fwdsegsizemin,7.464925765991211,7.464925765991211
450511,DoS attacks-GoldenEye,DoS attacks-GoldenEye,True,2,Bwd IAT Std,bwdiatstd,2.227180004119873,2.227180004119873
450511,DoS attacks-GoldenEye,DoS attacks-GoldenEye,True,3,Flow IAT Mean,flowiatmean,1.7445317506790161,1.7445317506790161
450511,DoS attacks-GoldenEye,DoS attacks-GoldenEye,True,4,Flow Byts/s,flowbytss,1.6955417394638062,1.6955417394638062
450511,DoS attacks-GoldenEye,DoS attacks-GoldenEye,True,5,Fwd Pkt Len Max,fwdpktlenmax,0.45911717414855957,0.45911717414855957
452011,DoS attacks-GoldenEye,DoS attacks-GoldenEye,True,1,Fwd Seg Size Min,fwdsegsizemin,8.816003799438477,8.816003799438477
452011,DoS attacks-GoldenEye,DoS attacks-GoldenEye,True,2,Bwd Pkt Len Std,bwdpktlenstd,1.9925686120986938,1.9925686120986938
452011,DoS attacks-GoldenEye,DoS attacks-GoldenEye,True,3,Flow IAT Mean,flowiatmean,1.3751534223556519,1.3751534223556519
452011,DoS attacks-GoldenEye,DoS attacks-GoldenEye,True,4,Bwd IAT Std,bwdiatstd,0.8768796324729919,0.8768796324729919
452011,DoS attacks-GoldenEye,DoS attacks-GoldenEye,True,5,Fwd Pkt Len Max,fwdpktlenmax,0.4423360824584961,0.4423360824584961
460888,DoS attacks-GoldenEye,DoS attacks-GoldenEye,True,1,Fwd Seg Size Min,fwdsegsizemin,8.29853343963623,8.29853343963623
460888,DoS attacks-GoldenEye,DoS attacks-GoldenEye,True,2,Flow IAT Min,flowiatmin,3.31219744682312,3.31219744682312
460888,DoS attacks-GoldenEye,DoS attacks-GoldenEye,True,3,Flow IAT Mean,flowiatmean,1.4335803985595703,1.4335803985595703
460888,DoS attacks-GoldenEye,DoS attacks-GoldenEye,True,4,Init Fwd Win Byts,initfwdwinbyts,0.7110564112663269,0.7110564112663269
460888,DoS attacks-GoldenEye,DoS attacks-GoldenEye,True,5,Dst Port,dstport,0.43226808309555054,0.43226808309555054
470183,DoS attacks-GoldenEye,DoS attacks-GoldenEye,True,1,Fwd Seg Size Min,fwdsegsizemin,8.929594039916992,8.929594039916992
470183,DoS attacks-GoldenEye,DoS attacks-GoldenEye,True,2,Bwd Pkt Len Std,bwdpktlenstd,1.9968314170837402,1.9968314170837402
470183,DoS attacks-GoldenEye,DoS attacks-GoldenEye,True,3,Flow IAT Mean,flowiatmean,1.0638518333435059,1.0638518333435059
470183,DoS attacks-GoldenEye,DoS attacks-GoldenEye,True,4,Bwd IAT Std,bwdiatstd,0.8788895606994629,0.8788895606994629
470183,DoS attacks-GoldenEye,DoS attacks-GoldenEye,True,5,Flow Byts/s,flowbytss,0.4368691146373749,0.4368691146373749
485873,DoS attacks-GoldenEye,DoS attacks-GoldenEye,True,1,Fwd Seg Size Min,fwdsegsizemin,8.436965942382812,8.436965942382812
485873,DoS attacks-GoldenEye,DoS attacks-GoldenEye,True,2,Bwd Pkt Len Std,bwdpktlenstd,4.0098557472229,4.0098557472229
485873,DoS attacks-GoldenEye,DoS attacks-GoldenEye,True,3,Flow IAT Mean,flowiatmean,0.8674375414848328,0.8674375414848328
485873,DoS attacks-GoldenEye,DoS attacks-GoldenEye,True,4,Fwd Pkt Len Max,fwdpktlenmax,0.45598194003105164,0.45598194003105164
485873,DoS attacks-GoldenEye,DoS attacks-GoldenEye,True,5,Dst Port,dstport,0.40920084714889526,0.40920084714889526
492225,DoS attacks-GoldenEye,DoS attacks-GoldenEye,True,1,Fwd Seg Size Min,fwdsegsizemin,8.971214294433594,8.971214294433594
492225,DoS attacks-GoldenEye,DoS attacks-GoldenEye,True,2,Bwd Pkt Len Std,bwdpktlenstd,2.0009710788726807,2.0009710788726807
492225,DoS attacks-GoldenEye,DoS attacks-GoldenEye,True,3,Flow IAT Mean,flowiatmean,0.9615660905838013,0.9615660905838013
492225,DoS attacks-GoldenEye,DoS attacks-GoldenEye,True,4,Bwd IAT Std,bwdiatstd,0.8788895606994629,0.8788895606994629
492225,DoS attacks-GoldenEye,DoS attacks-GoldenEye,True,5,Fwd Pkt Len Max,fwdpktlenmax,0.4410760700702667,0.4410760700702667
494957,DoS attacks-GoldenEye,DoS attacks-GoldenEye,True,1,Fwd Seg Size Min,fwdsegsizemin,8.040366172790527,8.040366172790527
494957,DoS attacks-GoldenEye,DoS attacks-GoldenEye,True,2,Flow IAT Min,flowiatmin,4.067084789276123,4.067084789276123
494957,DoS attacks-GoldenEye,DoS attacks-GoldenEye,True,3,Flow IAT Mean,flowiatmean,0.7727301716804504,0.7727301716804504
494957,DoS attacks-GoldenEye,DoS attacks-GoldenEye,True,4,Init Fwd Win Byts,initfwdwinbyts,0.7151439785957336,0.7151439785957336
494957,DoS attacks-GoldenEye,DoS attacks-GoldenEye,True,5,Dst Port,dstport,0.4506451487541199,0.4506451487541199
499757,DoS attacks-GoldenEye,DoS attacks-GoldenEye,True,1,Fwd Seg Size Min,fwdsegsizemin,8.924943923950195,8.924943923950195
499757,DoS attacks-GoldenEye,DoS attacks-GoldenEye,True,2,Bwd Pkt Len Std,bwdpktlenstd,1.9928091764450073,1.9928091764450073
499757,DoS attacks-GoldenEye,DoS attacks-GoldenEye,True,3,Flow IAT Mean,flowiatmean,1.0817495584487915,1.0817495584487915
499757,DoS attacks-GoldenEye,DoS attacks-GoldenEye,True,4,Bwd IAT Std,bwdiatstd,0.8788895606994629,0.8788895606994629
499757,DoS attacks-GoldenEye,DoS attacks-GoldenEye,True,5,Flow Byts/s,flowbytss,0.4368691146373749,0.4368691146373749
503277,DoS attacks-GoldenEye,DoS attacks-GoldenEye,True,1,Fwd Seg Size Min,fwdsegsizemin,7.9815168380737305,7.9815168380737305
503277,DoS attacks-GoldenEye,DoS attacks-GoldenEye,True,2,Flow IAT Min,flowiatmin,4.0377373695373535,4.0377373695373535
503277,DoS attacks-GoldenEye,DoS attacks-GoldenEye,True,3,Flow IAT Mean,flowiatmean,0.9896109104156494,0.9896109104156494
503277,DoS attacks-GoldenEye,DoS attacks-GoldenEye,True,4,Init Fwd Win Byts,initfwdwinbyts,0.7084916234016418,0.7084916234016418
503277,DoS attacks-GoldenEye,DoS attacks-GoldenEye,True,5,Dst Port,dstport,0.44319623708724976,0.44319623708724976
513309,DoS attacks-GoldenEye,DoS attacks-GoldenEye,True,1,Fwd Seg Size Min,fwdsegsizemin,8.00281810760498,8.00281810760498
513309,DoS attacks-GoldenEye,DoS attacks-GoldenEye,True,2,Flow IAT Min,flowiatmin,4.028576850891113,4.028576850891113
513309,DoS attacks-GoldenEye,DoS attacks-GoldenEye,True,3,Flow IAT Mean,flowiatmean,0.920038104057312,0.920038104057312
513309,DoS attacks-GoldenEye,DoS attacks-GoldenEye,True,4,Init Fwd Win Byts,initfwdwinbyts,0.7295193672180176,0.7295193672180176
513309,DoS attacks-GoldenEye,DoS attacks-GoldenEye,True,5,Dst Port,dstport,0.4424470067024231,0.4424470067024231
513502,DoS attacks-GoldenEye,DoS attacks-GoldenEye,True,1,Fwd Seg Size Min,fwdsegsizemin,8.080475807189941,8.080475807189941
513502,DoS attacks-GoldenEye,DoS attacks-GoldenEye,True,2,Flow Byts/s,flowbytss,1.6960594654083252,1.6960594654083252
513502,DoS attacks-GoldenEye,DoS attacks-GoldenEye,True,3,Bwd IAT Std,bwdiatstd,1.2646112442016602,1.2646112442016602
513502,DoS attacks-GoldenEye,DoS attacks-GoldenEye,True,4,Flow IAT Mean,flowiatmean,0.5859363079071045,0.5859363079071045
513502,DoS attacks-GoldenEye,DoS attacks-GoldenEye,True,5,Bwd Pkt Len Std,bwdpktlenstd,0.5767025947570801,0.5767025947570801
514339,DoS attacks-GoldenEye,DoS attacks-GoldenEye,True,1,Fwd Seg Size Min,fwdsegsizemin,8.927809715270996,8.927809715270996
514339,DoS attacks-GoldenEye,DoS attacks-GoldenEye,True,2,Bwd Pkt Len Std,bwdpktlenstd,1.9924508333206177,1.9924508333206177
514339,DoS attacks-GoldenEye,DoS attacks-GoldenEye,True,3,Flow IAT Mean,flowiatmean,1.080657720565796,1.080657720565796
514339,DoS attacks-GoldenEye,DoS attacks-GoldenEye,True,4,Bwd IAT Std,bwdiatstd,0.8788895606994629,0.8788895606994629
514339,DoS attacks-GoldenEye,DoS attacks-GoldenEye,True,5,Fwd Pkt Len Max,fwdpktlenmax,0.4414096176624298,0.4414096176624298
518027,DoS attacks-GoldenEye,DoS attacks-GoldenEye,True,1,Fwd Seg Size Min,fwdsegsizemin,6.669338226318359,6.669338226318359
518027,DoS attacks-GoldenEye,DoS attacks-GoldenEye,True,2,Bwd Pkt Len Std,bwdpktlenstd,2.0830016136169434,2.0830016136169434
518027,DoS attacks-GoldenEye,DoS attacks-GoldenEye,True,3,TotLen Bwd Pkts,totlenbwdpkts,2.051852226257324,2.051852226257324
518027,DoS attacks-GoldenEye,DoS attacks-GoldenEye,True,4,Flow IAT Mean,flowiatmean,1.609184741973877,1.609184741973877
518027,DoS attacks-GoldenEye,DoS attacks-GoldenEye,True,5,Fwd Pkt Len Max,fwdpktlenmax,0.4572943449020386,0.4572943449020386
529287,DoS attacks-GoldenEye,DoS attacks-GoldenEye,True,1,Fwd Seg Size Min,fwdsegsizemin,7.9815168380737305,7.9815168380737305
529287,DoS attacks-GoldenEye,DoS attacks-GoldenEye,True,2,Flow IAT Min,flowiatmin,4.0377373695373535,4.0377373695373535
529287,DoS attacks-GoldenEye,DoS attacks-GoldenEye,True,3,Flow IAT Mean,flowiatmean,0.9896109104156494,0.9896109104156494
529287,DoS attacks-GoldenEye,DoS attacks-GoldenEye,True,4,Init Fwd Win Byts,initfwdwinbyts,0.7084916234016418,0.7084916234016418
529287,DoS attacks-GoldenEye,DoS attacks-GoldenEye,True,5,Dst Port,dstport,0.44319623708724976,0.44319623708724976
532430,DoS attacks-GoldenEye,DoS attacks-GoldenEye,True,1,Fwd Seg Size Min,fwdsegsizemin,7.632236957550049,7.632236957550049
532430,DoS attacks-GoldenEye,DoS attacks-GoldenEye,True,2,Flow Byts/s,flowbytss,1.6955417394638062,1.6955417394638062
532430,DoS attacks-GoldenEye,DoS attacks-GoldenEye,True,3,Flow IAT Mean,flowiatmean,1.681070327758789,1.681070327758789
532430,DoS attacks-GoldenEye,DoS attacks-GoldenEye,True,4,Bwd IAT Std,bwdiatstd,1.2646374702453613,1.2646374702453613
532430,DoS attacks-GoldenEye,DoS attacks-GoldenEye,True,5,TotLen Bwd Pkts,totlenbwdpkts,0.5278356671333313,0.5278356671333313
533907,DoS attacks-GoldenEye,DoS attacks-GoldenEye,True,1,Fwd Seg Size Min,fwdsegsizemin,8.9119234085083,8.9119234085083
533907,DoS attacks-GoldenEye,DoS attacks-GoldenEye,True,2,Bwd Pkt Len Std,bwdpktlenstd,1.9971697330474854,1.9971697330474854
533907,DoS attacks-GoldenEye,DoS attacks-GoldenEye,True,3,Flow IAT Mean,flowiatmean,1.0786031484603882,1.0786031484603882
533907,DoS attacks-GoldenEye,DoS attacks-GoldenEye,True,4,Bwd IAT Std,bwdiatstd,0.8790827393531799,0.8790827393531799
533907,DoS attacks-GoldenEye,DoS attacks-GoldenEye,True,5,Flow Byts/s,flowbytss,0.4368691146373749,0.4368691146373749
536616,DoS attacks-GoldenEye,DoS attacks-GoldenEye,True,1,Fwd Seg Size Min,fwdsegsizemin,7.9815168380737305,7.9815168380737305
536616,DoS attacks-GoldenEye,DoS attacks-GoldenEye,True,2,Flow IAT Min,flowiatmin,4.0377373695373535,4.0377373695373535
536616,DoS attacks-GoldenEye,DoS attacks-GoldenEye,True,3,Flow IAT Mean,flowiatmean,0.9896109104156494,0.9896109104156494
536616,DoS attacks-GoldenEye,DoS attacks-GoldenEye,True,4,Init Fwd Win Byts,initfwdwinbyts,0.7084916234016418,0.7084916234016418
536616,DoS attacks-GoldenEye,DoS attacks-GoldenEye,True,5,Dst Port,dstport,0.44319623708724976,0.44319623708724976
543351,DoS attacks-GoldenEye,DoS attacks-GoldenEye,True,1,Fwd Seg Size Min,fwdsegsizemin,7.659398078918457,7.659398078918457
543351,DoS attacks-GoldenEye,DoS attacks-GoldenEye,True,2,Flow IAT Mean,flowiatmean,1.6863900423049927,1.6863900423049927
543351,DoS attacks-GoldenEye,DoS attacks-GoldenEye,True,3,Flow Byts/s,flowbytss,1.6656876802444458,1.6656876802444458
543351,DoS attacks-GoldenEye,DoS attacks-GoldenEye,True,4,Bwd IAT Std,bwdiatstd,1.2748730182647705,1.2748730182647705
543351,DoS attacks-GoldenEye,DoS attacks-GoldenEye,True,5,TotLen Bwd Pkts,totlenbwdpkts,0.5278356671333313,0.5278356671333313
545858,DoS attacks-GoldenEye,DoS attacks-GoldenEye,True,1,Fwd Seg Size Min,fwdsegsizemin,8.925688743591309,8.925688743591309
545858,DoS attacks-GoldenEye,DoS attacks-GoldenEye,True,2,Bwd Pkt Len Std,bwdpktlenstd,1.9968314170837402,1.9968314170837402
545858,DoS attacks-GoldenEye,DoS attacks-GoldenEye,True,3,Flow IAT Mean,flowiatmean,1.0764853954315186,1.0764853954315186
545858,DoS attacks-GoldenEye,DoS attacks-GoldenEye,True,4,Bwd IAT Std,bwdiatstd,0.8788895606994629,0.8788895606994629
545858,DoS attacks-GoldenEye,DoS attacks-GoldenEye,True,5,Fwd Pkt Len Max,fwdpktlenmax,0.441058486700058,0.441058486700058
552524,DoS attacks-GoldenEye,DoS attacks-GoldenEye,True,1,Fwd Seg Size Min,fwdsegsizemin,8.937582969665527,8.937582969665527
552524,DoS attacks-GoldenEye,DoS attacks-GoldenEye,True,2,Bwd Pkt Len Std,bwdpktlenstd,1.9968314170837402,1.9968314170837402
552524,DoS attacks-GoldenEye,DoS attacks-GoldenEye,True,3,Flow IAT Mean,flowiatmean,1.076676607131958,1.076676607131958
552524,DoS attacks-GoldenEye,DoS attacks-GoldenEye,True,4,Bwd IAT Std,bwdiatstd,0.8788895606994629,0.8788895606994629
552524,DoS attacks-GoldenEye,DoS attacks-GoldenEye,True,5,Fwd Pkt Len Max,fwdpktlenmax,0.44150885939598083,0.44150885939598083
553497,DoS attacks-GoldenEye,DoS attacks-GoldenEye,True,1,Fwd Seg Size Min,fwdsegsizemin,8.052787780761719,8.052787780761719
553497,DoS attacks-GoldenEye,DoS attacks-GoldenEye,True,2,Flow IAT Min,flowiatmin,4.079543113708496,4.079543113708496
553497,DoS attacks-GoldenEye,DoS attacks-GoldenEye,True,3,Init Fwd Win Byts,initfwdwinbyts,0.7361717820167542,0.7361717820167542
553497,DoS attacks-GoldenEye,DoS attacks-GoldenEye,True,4,Flow IAT Mean,flowiatmean,0.690915584564209,0.690915584564209
553497,DoS attacks-GoldenEye,DoS attacks-GoldenEye,True,5,Dst Port,dstport,0.449898898601532,0.449898898601532
556549,DoS attacks-GoldenEye,DoS attacks-GoldenEye,True,1,Fwd Seg Size Min,fwdsegsizemin,7.4381818771362305,7.4381818771362305
556549,DoS attacks-GoldenEye,DoS attacks-GoldenEye,True,2,Bwd Pkt Len Std,bwdpktlenstd,4.200971603393555,4.200971603393555
556549,DoS attacks-GoldenEye,DoS attacks-GoldenEye,True,3,Bwd Pkt Len Mean,bwdpktlenmean,1.808927059173584,1.808927059173584
556549,DoS attacks-GoldenEye,DoS attacks-GoldenEye,True,4,Flow IAT Mean,flowiatmean,-0.4811508059501648,0.4811508059501648
556549,DoS attacks-GoldenEye,DoS attacks-GoldenEye,True,5,Fwd IAT Max,fwdiatmax,0.3162878453731537,0.3162878453731537
562652,DoS attacks-GoldenEye,DoS attacks-GoldenEye,True,1,Fwd Seg Size Min,fwdsegsizemin,8.00281810760498,8.00281810760498
562652,DoS attacks-GoldenEye,DoS attacks-GoldenEye,True,2,Flow IAT Min,flowiatmin,4.028576850891113,4.028576850891113
562652,DoS attacks-GoldenEye,DoS attacks-GoldenEye,True,3,Flow IAT Mean,flowiatmean,0.920038104057312,0.920038104057312
562652,DoS attacks-GoldenEye,DoS attacks-GoldenEye,True,4,Init Fwd Win Byts,initfwdwinbyts,0.7295193672180176,0.7295193672180176
562652,DoS attacks-GoldenEye,DoS attacks-GoldenEye,True,5,Dst Port,dstport,0.4424470067024231,0.4424470067024231
568451,DoS attacks-GoldenEye,DoS attacks-GoldenEye,True,1,Fwd Seg Size Min,fwdsegsizemin,9.039239883422852,9.039239883422852
568451,DoS attacks-GoldenEye,DoS attacks-GoldenEye,True,2,Bwd Pkt Len Std,bwdpktlenstd,2.014434814453125,2.014434814453125
568451,DoS attacks-GoldenEye,DoS attacks-GoldenEye,True,3,Bwd IAT Std,bwdiatstd,0.8766707181930542,0.8766707181930542
568451,DoS attacks-GoldenEye,DoS attacks-GoldenEye,True,4,Flow IAT Mean,flowiatmean,0.6863067746162415,0.6863067746162415
568451,DoS attacks-GoldenEye,DoS attacks-GoldenEye,True,5,Flow Byts/s,flowbytss,0.4368691146373749,0.4368691146373749
591384,DoS attacks-GoldenEye,DoS attacks-GoldenEye,True,1,Fwd Seg Size Min,fwdsegsizemin,7.327299118041992,7.327299118041992
591384,DoS attacks-GoldenEye,DoS attacks-GoldenEye,True,2,Flow IAT Mean,flowiatmean,4.371797561645508,4.371797561645508
591384,DoS attacks-GoldenEye,DoS attacks-GoldenEye,True,3,Dst Port,dstport,0.4546726644039154,0.4546726644039154
591384,DoS attacks-GoldenEye,DoS attacks-GoldenEye,True,4,TotLen Fwd Pkts,totlenfwdpkts,0.3611893653869629,0.3611893653869629
591384,DoS attacks-GoldenEye,DoS attacks-GoldenEye,True,5,Fwd Pkt Len Max,fwdpktlenmax,0.27027013897895813,0.27027013897895813
591719,DoS attacks-GoldenEye,DoS attacks-GoldenEye,True,1,Fwd Seg Size Min,fwdsegsizemin,9.025739669799805,9.025739669799805
591719,DoS attacks-GoldenEye,DoS attacks-GoldenEye,True,2,Bwd Pkt Len Std,bwdpktlenstd,2.0165562629699707,2.0165562629699707
591719,DoS attacks-GoldenEye,DoS attacks-GoldenEye,True,3,Bwd IAT Std,bwdiatstd,0.8761098384857178,0.8761098384857178
591719,DoS attacks-GoldenEye,DoS attacks-GoldenEye,True,4,Flow IAT Mean,flowiatmean,0.648885190486908,0.648885190486908
591719,DoS attacks-GoldenEye,DoS attacks-GoldenEye,True,5,Flow Byts/s,flowbytss,0.4368691146373749,0.4368691146373749
597746,DoS attacks-GoldenEye,DoS attacks-GoldenEye,True,1,Fwd Seg Size Min,fwdsegsizemin,8.745718002319336,8.745718002319336
597746,DoS attacks-GoldenEye,DoS attacks-GoldenEye,True,2,Bwd Pkt Len Std,bwdpktlenstd,1.9925686120986938,1.9925686120986938
597746,DoS attacks-GoldenEye,DoS attacks-GoldenEye,True,3,Flow IAT Mean,flowiatmean,1.511182188987732,1.511182188987732
597746,DoS attacks-GoldenEye,DoS attacks-GoldenEye,True,4,Bwd IAT Std,bwdiatstd,0.8768796324729919,0.8768796324729919
597746,DoS attacks-GoldenEye,DoS attacks-GoldenEye,True,5,Flow Byts/s,flowbytss,0.4365712106227875,0.4365712106227875
598002,DoS attacks-GoldenEye,DoS attacks-GoldenEye,True,1,Fwd Seg Size Min,fwdsegsizemin,7.993937969207764,7.993937969207764
598002,DoS attacks-GoldenEye,DoS attacks-GoldenEye,True,2,Flow IAT Min,flowiatmin,4.050196170806885,4.050196170806885
598002,DoS attacks-GoldenEye,DoS attacks-GoldenEye,True,3,Flow IAT Mean,flowiatmean,0.9077964425086975,0.9077964425086975
598002,DoS attacks-GoldenEye,DoS attacks-GoldenEye,True,4,Init Fwd Win Byts,initfwdwinbyts,0.7295193672180176,0.7295193672180176
598002,DoS attacks-GoldenEye,DoS attacks-GoldenEye,True,5,Dst Port,dstport,0.44244998693466187,0.44244998693466187
602155,DoS attacks-GoldenEye,DoS attacks-GoldenEye,True,1,Fwd Seg Size Min,fwdsegsizemin,7.602991580963135,7.602991580963135
602155,DoS attacks-GoldenEye,DoS attacks-GoldenEye,True,2,Bwd Pkt Len Std,bwdpktlenstd,4.220975399017334,4.220975399017334
602155,DoS attacks-GoldenEye,DoS attacks-GoldenEye,True,3,Bwd Pkt Len Mean,bwdpktlenmean,1.8647655248641968,1.8647655248641968
602155,DoS attacks-GoldenEye,DoS attacks-GoldenEye,True,4,Flow IAT Mean,flowiatmean,-0.4581470489501953,0.4581470489501953
602155,DoS attacks-GoldenEye,DoS attacks-GoldenEye,True,5,Fwd IAT Max,fwdiatmax,0.27082520723342896,0.27082520723342896
603124,DoS attacks-GoldenEye,DoS attacks-GoldenEye,True,1,Fwd Seg Size Min,fwdsegsizemin,8.940409660339355,8.940409660339355
603124,DoS attacks-GoldenEye,DoS attacks-GoldenEye,True,2,Bwd Pkt Len Std,bwdpktlenstd,1.9968314170837402,1.9968314170837402
603124,DoS attacks-GoldenEye,DoS attacks-GoldenEye,True,3,Flow IAT Mean,flowiatmean,1.071710467338562,1.071710467338562
603124,DoS attacks-GoldenEye,DoS attacks-GoldenEye,True,4,Bwd IAT Std,bwdiatstd,0.8788895606994629,0.8788895606994629
603124,DoS attacks-GoldenEye,DoS attacks-GoldenEye,True,5,Fwd Pkt Len Max,fwdpktlenmax,0.4415264427661896,0.4415264427661896
614759,DoS attacks-GoldenEye,DoS attacks-GoldenEye,True,1,Fwd Seg Size Min,fwdsegsizemin,7.6309099197387695,7.6309099197387695
614759,DoS attacks-GoldenEye,DoS attacks-GoldenEye,True,2,Flow Byts/s,flowbytss,1.6955417394638062,1.6955417394638062
614759,DoS attacks-GoldenEye,DoS attacks-GoldenEye,True,3,Flow IAT Mean,flowiatmean,1.6838445663452148,1.6838445663452148
614759,DoS attacks-GoldenEye,DoS attacks-GoldenEye,True,4,Bwd IAT Std,bwdiatstd,1.2646374702453613,1.2646374702453613
614759,DoS attacks-GoldenEye,DoS attacks-GoldenEye,True,5,TotLen Bwd Pkts,totlenbwdpkts,0.5278356671333313,0.5278356671333313
632527,DoS attacks-GoldenEye,DoS attacks-GoldenEye,True,1,Fwd Seg Size Min,fwdsegsizemin,8.052787780761719,8.052787780761719
632527,DoS attacks-GoldenEye,DoS attacks-GoldenEye,True,2,Flow IAT Min,flowiatmin,4.079543113708496,4.079543113708496
632527,DoS attacks-GoldenEye,DoS attacks-GoldenEye,True,3,Init Fwd Win Byts,initfwdwinbyts,0.7361717820167542,0.7361717820167542
632527,DoS attacks-GoldenEye,DoS attacks-GoldenEye,True,4,Flow IAT Mean,flowiatmean,0.690915584564209,0.690915584564209
632527,DoS attacks-GoldenEye,DoS attacks-GoldenEye,True,5,Dst Port,dstport,0.449898898601532,0.449898898601532
639924,DoS attacks-GoldenEye,DoS attacks-GoldenEye,True,1,Fwd Seg Size Min,fwdsegsizemin,8.926002502441406,8.926002502441406
639924,DoS attacks-GoldenEye,DoS attacks-GoldenEye,True,2,Bwd Pkt Len Std,bwdpktlenstd,1.9968314170837402,1.9968314170837402
639924,DoS attacks-GoldenEye,DoS attacks-GoldenEye,True,3,Flow IAT Mean,flowiatmean,1.076676607131958,1.076676607131958
639924,DoS attacks-GoldenEye,DoS attacks-GoldenEye,True,4,Bwd IAT Std,bwdiatstd,0.8788895606994629,0.8788895606994629
639924,DoS attacks-GoldenEye,DoS attacks-GoldenEye,True,5,Fwd Pkt Len Max,fwdpktlenmax,0.44150885939598083,0.44150885939598083
646174,DoS attacks-GoldenEye,DoS attacks-GoldenEye,True,1,Fwd Seg Size Min,fwdsegsizemin,7.366846561431885,7.366846561431885
646174,DoS attacks-GoldenEye,DoS attacks-GoldenEye,True,2,Flow IAT Mean,flowiatmean,4.352555751800537,4.352555751800537
646174,DoS attacks-GoldenEye,DoS attacks-GoldenEye,True,3,Dst Port,dstport,0.45348984003067017,0.45348984003067017
646174,DoS attacks-GoldenEye,DoS attacks-GoldenEye,True,4,TotLen Fwd Pkts,totlenfwdpkts,0.3622229993343353,0.3622229993343353
646174,DoS attacks-GoldenEye,DoS attacks-GoldenEye,True,5,Fwd Pkt Len Max,fwdpktlenmax,0.29946133494377136,0.29946133494377136
656903,DoS attacks-GoldenEye,DoS attacks-GoldenEye,True,1,Fwd Seg Size Min,fwdsegsizemin,7.637756824493408,7.637756824493408
656903,DoS attacks-GoldenEye,DoS attacks-GoldenEye,True,2,Flow Byts/s,flowbytss,1.6955417394638062,1.6955417394638062
656903,DoS attacks-GoldenEye,DoS attacks-GoldenEye,True,3,Flow IAT Mean,flowiatmean,1.6905159950256348,1.6905159950256348
656903,DoS attacks-GoldenEye,DoS attacks-GoldenEye,True,4,Bwd IAT Std,bwdiatstd,1.2646374702453613,1.2646374702453613
656903,DoS attacks-GoldenEye,DoS attacks-GoldenEye,True,5,TotLen Bwd Pkts,totlenbwdpkts,0.5278116464614868,0.5278116464614868
657608,DoS attacks-GoldenEye,DoS attacks-GoldenEye,True,1,Fwd Seg Size Min,fwdsegsizemin,7.603638648986816,7.603638648986816
657608,DoS attacks-GoldenEye,DoS attacks-GoldenEye,True,2,Bwd Pkt Len Std,bwdpktlenstd,4.222639083862305,4.222639083862305
657608,DoS attacks-GoldenEye,DoS attacks-GoldenEye,True,3,Bwd Pkt Len Mean,bwdpktlenmean,1.8670679330825806,1.8670679330825806
657608,DoS attacks-GoldenEye,DoS attacks-GoldenEye,True,4,Flow IAT Mean,flowiatmean,-0.4578011929988861,0.4578011929988861
657608,DoS attacks-GoldenEye,DoS attacks-GoldenEye,True,5,Fwd IAT Max,fwdiatmax,0.2634052634239197,0.2634052634239197
660067,DoS attacks-GoldenEye,DoS attacks-GoldenEye,True,1,Fwd Seg Size Min,fwdsegsizemin,7.684100151062012,7.684100151062012
660067,DoS attacks-GoldenEye,DoS attacks-GoldenEye,True,2,Flow Byts/s,flowbytss,1.6955883502960205,1.6955883502960205
660067,DoS attacks-GoldenEye,DoS attacks-GoldenEye,True,3,Flow IAT Mean,flowiatmean,1.6100356578826904,1.6100356578826904
660067,DoS attacks-GoldenEye,DoS attacks-GoldenEye,True,4,Bwd IAT Std,bwdiatstd,1.2647751569747925,1.2647751569747925
660067,DoS attacks-GoldenEye,DoS attacks-GoldenEye,True,5,TotLen Bwd Pkts,totlenbwdpkts,0.5278351306915283,0.5278351306915283
662682,DoS attacks-GoldenEye,DoS attacks-GoldenEye,True,1,Fwd Seg Size Min,fwdsegsizemin,7.685999870300293,7.685999870300293
662682,DoS attacks-GoldenEye,DoS attacks-GoldenEye,True,2,Flow Byts/s,flowbytss,1.6955883502960205,1.6955883502960205
662682,DoS attacks-GoldenEye,DoS attacks-GoldenEye,True,3,Flow IAT Mean,flowiatmean,1.6098618507385254,1.6098618507385254
662682,DoS attacks-GoldenEye,DoS attacks-GoldenEye,True,4,Bwd IAT Std,bwdiatstd,1.2647751569747925,1.2647751569747925
662682,DoS attacks-GoldenEye,DoS attacks-GoldenEye,True,5,TotLen Bwd Pkts,totlenbwdpkts,0.5278351306915283,0.5278351306915283
664067,DoS attacks-GoldenEye,DoS attacks-GoldenEye,True,1,Fwd Seg Size Min,fwdsegsizemin,8.052787780761719,8.052787780761719
664067,DoS attacks-GoldenEye,DoS attacks-GoldenEye,True,2,Flow IAT Min,flowiatmin,4.079543113708496,4.079543113708496
664067,DoS attacks-GoldenEye,DoS attacks-GoldenEye,True,3,Init Fwd Win Byts,initfwdwinbyts,0.7361717820167542,0.7361717820167542
664067,DoS attacks-GoldenEye,DoS attacks-GoldenEye,True,4,Flow IAT Mean,flowiatmean,0.690915584564209,0.690915584564209
664067,DoS attacks-GoldenEye,DoS attacks-GoldenEye,True,5,Dst Port,dstport,0.449898898601532,0.449898898601532
664833,DoS attacks-GoldenEye,DoS attacks-GoldenEye,True,1,Fwd Seg Size Min,fwdsegsizemin,9.076594352722168,9.076594352722168
664833,DoS attacks-GoldenEye,DoS attacks-GoldenEye,True,2,Bwd Pkt Len Std,bwdpktlenstd,1.9921621084213257,1.9921621084213257
664833,DoS attacks-GoldenEye,DoS attacks-GoldenEye,True,3,Bwd IAT Std,bwdiatstd,0.8760669827461243,0.8760669827461243
664833,DoS attacks-GoldenEye,DoS attacks-GoldenEye,True,4,Flow IAT Mean,flowiatmean,0.7389519214630127,0.7389519214630127
664833,DoS attacks-GoldenEye,DoS attacks-GoldenEye,True,5,Flow Byts/s,flowbytss,0.44092726707458496,0.44092726707458496
665817,DoS attacks-GoldenEye,DoS attacks-GoldenEye,True,1,Fwd Seg Size Min,fwdsegsizemin,8.1003999710083,8.1003999710083
665817,DoS attacks-GoldenEye,DoS attacks-GoldenEye,True,2,Flow Byts/s,flowbytss,1.6960594654083252,1.6960594654083252
665817,DoS attacks-GoldenEye,DoS attacks-GoldenEye,True,3,Bwd IAT Std,bwdiatstd,1.2646112442016602,1.2646112442016602
665817,DoS attacks-GoldenEye,DoS attacks-GoldenEye,True,4,Bwd Pkt Len Std,bwdpktlenstd,0.5767025947570801,0.5767025947570801
665817,DoS attacks-GoldenEye,DoS attacks-GoldenEye,True,5,Flow IAT Mean,flowiatmean,0.5699793100357056,0.5699793100357056
669393,DoS attacks-GoldenEye,DoS attacks-GoldenEye,True,1,Fwd Seg Size Min,fwdsegsizemin,8.040366172790527,8.040366172790527
669393,DoS attacks-GoldenEye,DoS attacks-GoldenEye,True,2,Flow IAT Min,flowiatmin,4.067084789276123,4.067084789276123
669393,DoS attacks-GoldenEye,DoS attacks-GoldenEye,True,3,Flow IAT Mean,flowiatmean,0.7727301716804504,0.7727301716804504
669393,DoS attacks-GoldenEye,DoS attacks-GoldenEye,True,4,Init Fwd Win Byts,initfwdwinbyts,0.7151439785957336,0.7151439785957336
669393,DoS attacks-GoldenEye,DoS attacks-GoldenEye,True,5,Dst Port,dstport,0.4506451487541199,0.4506451487541199
673205,DoS attacks-GoldenEye,DoS attacks-GoldenEye,True,1,Fwd Seg Size Min,fwdsegsizemin,9.046919822692871,9.046919822692871
673205,DoS attacks-GoldenEye,DoS attacks-GoldenEye,True,2,Bwd Pkt Len Std,bwdpktlenstd,2.0165562629699707,2.0165562629699707
673205,DoS attacks-GoldenEye,DoS attacks-GoldenEye,True,3,Bwd IAT Std,bwdiatstd,0.8761098384857178,0.8761098384857178
673205,DoS attacks-GoldenEye,DoS attacks-GoldenEye,True,4,Flow IAT Mean,flowiatmean,0.6429839730262756,0.6429839730262756
673205,DoS attacks-GoldenEye,DoS attacks-GoldenEye,True,5,Fwd Pkt Len Max,fwdpktlenmax,0.4415375590324402,0.4415375590324402
674079,DoS attacks-GoldenEye,DoS attacks-GoldenEye,True,1,Fwd Seg Size Min,fwdsegsizemin,8.053024291992188,8.053024291992188
674079,DoS attacks-GoldenEye,DoS attacks-GoldenEye,True,2,Flow IAT Min,flowiatmin,4.079543113708496,4.079543113708496
674079,DoS attacks-GoldenEye,DoS attacks-GoldenEye,True,3,Init Fwd Win Byts,initfwdwinbyts,0.7352572679519653,0.7352572679519653
674079,DoS attacks-GoldenEye,DoS attacks-GoldenEye,True,4,Flow IAT Mean,flowiatmean,0.6910601854324341,0.6910601854324341
674079,DoS attacks-GoldenEye,DoS attacks-GoldenEye,True,5,Dst Port,dstport,0.4499169588088989,0.4499169588088989
676976,DoS attacks-GoldenEye,DoS attacks-GoldenEye,True,1,Fwd Seg Size Min,fwdsegsizemin,7.993937969207764,7.993937969207764
676976,DoS attacks-GoldenEye,DoS attacks-GoldenEye,True,2,Flow IAT Min,flowiatmin,4.050196170806885,4.050196170806885
676976,DoS attacks-GoldenEye,DoS attacks-GoldenEye,True,3,Flow IAT Mean,flowiatmean,0.9077964425086975,0.9077964425086975
676976,DoS attacks-GoldenEye,DoS attacks-GoldenEye,True,4,Init Fwd Win Byts,initfwdwinbyts,0.7295193672180176,0.7295193672180176
676976,DoS attacks-GoldenEye,DoS attacks-GoldenEye,True,5,Dst Port,dstport,0.44244998693466187,0.44244998693466187
931,DoS attacks-Hulk,DoS attacks-Hulk,True,1,Fwd Seg Size Min,fwdsegsizemin,6.524904251098633,6.524904251098633
931,DoS attacks-Hulk,DoS attacks-Hulk,True,2,Tot Bwd Pkts,totbwdpkts,0.23303323984146118,0.23303323984146118
931,DoS attacks-Hulk,DoS attacks-Hulk,True,3,Init Fwd Win Byts,initfwdwinbyts,0.21674415469169617,0.21674415469169617
931,DoS attacks-Hulk,DoS attacks-Hulk,True,4,Fwd Pkt Len Max,fwdpktlenmax,0.19440652430057526,0.19440652430057526
931,DoS attacks-Hulk,DoS attacks-Hulk,True,5,Fwd IAT Min,fwdiatmin,0.07819259166717529,0.07819259166717529
1127,DoS attacks-Hulk,DoS attacks-Hulk,True,1,Fwd Seg Size Min,fwdsegsizemin,6.524904251098633,6.524904251098633
1127,DoS attacks-Hulk,DoS attacks-Hulk,True,2,Tot Bwd Pkts,totbwdpkts,0.23303323984146118,0.23303323984146118
1127,DoS attacks-Hulk,DoS attacks-Hulk,True,3,Init Fwd Win Byts,initfwdwinbyts,0.21674415469169617,0.21674415469169617
1127,DoS attacks-Hulk,DoS attacks-Hulk,True,4,Fwd Pkt Len Max,fwdpktlenmax,0.19440652430057526,0.19440652430057526
1127,DoS attacks-Hulk,DoS attacks-Hulk,True,5,Fwd IAT Min,fwdiatmin,0.07819259166717529,0.07819259166717529
1170,DoS attacks-Hulk,DoS attacks-Hulk,True,1,Fwd Seg Size Min,fwdsegsizemin,6.524904251098633,6.524904251098633
1170,DoS attacks-Hulk,DoS attacks-Hulk,True,2,Tot Bwd Pkts,totbwdpkts,0.23303323984146118,0.23303323984146118
1170,DoS attacks-Hulk,DoS attacks-Hulk,True,3,Init Fwd Win Byts,initfwdwinbyts,0.21674415469169617,0.21674415469169617
1170,DoS attacks-Hulk,DoS attacks-Hulk,True,4,Fwd Pkt Len Max,fwdpktlenmax,0.19440652430057526,0.19440652430057526
1170,DoS attacks-Hulk,DoS attacks-Hulk,True,5,Fwd IAT Min,fwdiatmin,0.07819259166717529,0.07819259166717529
18251,DoS attacks-Hulk,DoS attacks-Hulk,True,1,Fwd Seg Size Min,fwdsegsizemin,6.294490814208984,6.294490814208984
18251,DoS attacks-Hulk,DoS attacks-Hulk,True,2,Bwd Pkt Len Std,bwdpktlenstd,0.48998498916625977,0.48998498916625977
18251,DoS attacks-Hulk,DoS attacks-Hulk,True,3,Init Fwd Win Byts,initfwdwinbyts,0.2147177755832672,0.2147177755832672
18251,DoS attacks-Hulk,DoS attacks-Hulk,True,4,Fwd Pkt Len Max,fwdpktlenmax,0.21247988939285278,0.21247988939285278
18251,DoS attacks-Hulk,DoS attacks-Hulk,True,5,TotLen Bwd Pkts,totlenbwdpkts,0.12532541155815125,0.12532541155815125
21378,DoS attacks-Hulk,DoS attacks-Hulk,True,1,Fwd Seg Size Min,fwdsegsizemin,6.524904251098633,6.524904251098633
21378,DoS attacks-Hulk,DoS attacks-Hulk,True,2,Tot Bwd Pkts,totbwdpkts,0.23303323984146118,0.23303323984146118
21378,DoS attacks-Hulk,DoS attacks-Hulk,True,3,Init Fwd Win Byts,initfwdwinbyts,0.21674415469169617,0.21674415469169617
21378,DoS attacks-Hulk,DoS attacks-Hulk,True,4,Fwd Pkt Len Max,fwdpktlenmax,0.19440652430057526,0.19440652430057526
21378,DoS attacks-Hulk,DoS attacks-Hulk,True,5,Fwd IAT Min,fwdiatmin,0.07819259166717529,0.07819259166717529
25360,DoS attacks-Hulk,DoS attacks-Hulk,True,1,Fwd Seg Size Min,fwdsegsizemin,6.524904251098633,6.524904251098633
25360,DoS attacks-Hulk,DoS attacks-Hulk,True,2,Tot Bwd Pkts,totbwdpkts,0.23303323984146118,0.23303323984146118
25360,DoS attacks-Hulk,DoS attacks-Hulk,True,3,Init Fwd Win Byts,initfwdwinbyts,0.21674415469169617,0.21674415469169617
25360,DoS attacks-Hulk,DoS attacks-Hulk,True,4,Fwd Pkt Len Max,fwdpktlenmax,0.19440652430057526,0.19440652430057526
25360,DoS attacks-Hulk,DoS attacks-Hulk,True,5,Fwd IAT Min,fwdiatmin,0.07819259166717529,0.07819259166717529
28922,DoS attacks-Hulk,DoS attacks-Hulk,True,1,Fwd Seg Size Min,fwdsegsizemin,6.524466037750244,6.524466037750244
28922,DoS attacks-Hulk,DoS attacks-Hulk,True,2,Tot Bwd Pkts,totbwdpkts,0.23303323984146118,0.23303323984146118
28922,DoS attacks-Hulk,DoS attacks-Hulk,True,3,Init Fwd Win Byts,initfwdwinbyts,0.21684908866882324,0.21684908866882324
28922,DoS attacks-Hulk,DoS attacks-Hulk,True,4,Fwd Pkt Len Max,fwdpktlenmax,0.194403275847435,0.194403275847435
28922,DoS attacks-Hulk,DoS attacks-Hulk,True,5,Fwd IAT Min,fwdiatmin,0.07900825887918472,0.07900825887918472
33407,DoS attacks-Hulk,DoS attacks-Hulk,True,1,Fwd Seg Size Min,fwdsegsizemin,6.524904251098633,6.524904251098633
33407,DoS attacks-Hulk,DoS attacks-Hulk,True,2,Tot Bwd Pkts,totbwdpkts,0.23303323984146118,0.23303323984146118
33407,DoS attacks-Hulk,DoS attacks-Hulk,True,3,Init Fwd Win Byts,initfwdwinbyts,0.21674415469169617,0.21674415469169617
33407,DoS attacks-Hulk,DoS attacks-Hulk,True,4,Fwd Pkt Len Max,fwdpktlenmax,0.19440652430057526,0.19440652430057526
33407,DoS attacks-Hulk,DoS attacks-Hulk,True,5,Fwd IAT Min,fwdiatmin,0.07819259166717529,0.07819259166717529
35939,DoS attacks-Hulk,DoS attacks-Hulk,True,1,Fwd Seg Size Min,fwdsegsizemin,6.524904251098633,6.524904251098633
35939,DoS attacks-Hulk,DoS attacks-Hulk,True,2,Tot Bwd Pkts,totbwdpkts,0.23303323984146118,0.23303323984146118
35939,DoS attacks-Hulk,DoS attacks-Hulk,True,3,Init Fwd Win Byts,initfwdwinbyts,0.21674415469169617,0.21674415469169617
35939,DoS attacks-Hulk,DoS attacks-Hulk,True,4,Fwd Pkt Len Max,fwdpktlenmax,0.19440652430057526,0.19440652430057526
35939,DoS attacks-Hulk,DoS attacks-Hulk,True,5,Fwd IAT Min,fwdiatmin,0.07819259166717529,0.07819259166717529
36121,DoS attacks-Hulk,DoS attacks-Hulk,True,1,Fwd Seg Size Min,fwdsegsizemin,6.524904251098633,6.524904251098633
36121,DoS attacks-Hulk,DoS attacks-Hulk,True,2,Tot Bwd Pkts,totbwdpkts,0.23303323984146118,0.23303323984146118
36121,DoS attacks-Hulk,DoS attacks-Hulk,True,3,Init Fwd Win Byts,initfwdwinbyts,0.21674415469169617,0.21674415469169617
36121,DoS attacks-Hulk,DoS attacks-Hulk,True,4,Fwd Pkt Len Max,fwdpktlenmax,0.19440652430057526,0.19440652430057526
36121,DoS attacks-Hulk,DoS attacks-Hulk,True,5,Fwd IAT Min,fwdiatmin,0.07819259166717529,0.07819259166717529
42554,DoS attacks-Hulk,DoS attacks-Hulk,True,1,Fwd Seg Size Min,fwdsegsizemin,6.523537635803223,6.523537635803223
42554,DoS attacks-Hulk,DoS attacks-Hulk,True,2,Tot Bwd Pkts,totbwdpkts,0.23303323984146118,0.23303323984146118
42554,DoS attacks-Hulk,DoS attacks-Hulk,True,3,Init Fwd Win Byts,initfwdwinbyts,0.21870151162147522,0.21870151162147522
42554,DoS attacks-Hulk,DoS attacks-Hulk,True,4,Fwd Pkt Len Max,fwdpktlenmax,0.19440652430057526,0.19440652430057526
42554,DoS attacks-Hulk,DoS attacks-Hulk,True,5,Fwd IAT Min,fwdiatmin,0.07551582902669907,0.07551582902669907
45968,DoS attacks-Hulk,DoS attacks-Hulk,True,1,Fwd Seg Size Min,fwdsegsizemin,6.524904251098633,6.524904251098633
45968,DoS attacks-Hulk,DoS attacks-Hulk,True,2,Tot Bwd Pkts,totbwdpkts,0.23303323984146118,0.23303323984146118
45968,DoS attacks-Hulk,DoS attacks-Hulk,True,3,Init Fwd Win Byts,initfwdwinbyts,0.21674415469169617,0.21674415469169617
45968,DoS attacks-Hulk,DoS attacks-Hulk,True,4,Fwd Pkt Len Max,fwdpktlenmax,0.19440652430057526,0.19440652430057526
45968,DoS attacks-Hulk,DoS attacks-Hulk,True,5,Fwd IAT Min,fwdiatmin,0.07819259166717529,0.07819259166717529
71707,DoS attacks-Hulk,DoS attacks-Hulk,True,1,Fwd Seg Size Min,fwdsegsizemin,6.524904251098633,6.524904251098633
71707,DoS attacks-Hulk,DoS attacks-Hulk,True,2,Tot Bwd Pkts,totbwdpkts,0.23303323984146118,0.23303323984146118
71707,DoS attacks-Hulk,DoS attacks-Hulk,True,3,Init Fwd Win Byts,initfwdwinbyts,0.21674415469169617,0.21674415469169617
71707,DoS attacks-Hulk,DoS attacks-Hulk,True,4,Fwd Pkt Len Max,fwdpktlenmax,0.19440652430057526,0.19440652430057526
71707,DoS attacks-Hulk,DoS attacks-Hulk,True,5,Fwd IAT Min,fwdiatmin,0.07819259166717529,0.07819259166717529
72438,DoS attacks-Hulk,DoS attacks-Hulk,True,1,Fwd Seg Size Min,fwdsegsizemin,6.524904251098633,6.524904251098633
72438,DoS attacks-Hulk,DoS attacks-Hulk,True,2,Tot Bwd Pkts,totbwdpkts,0.23303323984146118,0.23303323984146118
72438,DoS attacks-Hulk,DoS attacks-Hulk,True,3,Init Fwd Win Byts,initfwdwinbyts,0.21674415469169617,0.21674415469169617
72438,DoS attacks-Hulk,DoS attacks-Hulk,True,4,Fwd Pkt Len Max,fwdpktlenmax,0.19440652430057526,0.19440652430057526
72438,DoS attacks-Hulk,DoS attacks-Hulk,True,5,Fwd IAT Min,fwdiatmin,0.07819259166717529,0.07819259166717529
78174,DoS attacks-Hulk,DoS attacks-Hulk,True,1,Fwd Seg Size Min,fwdsegsizemin,6.295094966888428,6.295094966888428
78174,DoS attacks-Hulk,DoS attacks-Hulk,True,2,Bwd Pkt Len Std,bwdpktlenstd,0.4889935553073883,0.4889935553073883
78174,DoS attacks-Hulk,DoS attacks-Hulk,True,3,Init Fwd Win Byts,initfwdwinbyts,0.21372637152671814,0.21372637152671814
78174,DoS attacks-Hulk,DoS attacks-Hulk,True,4,Fwd Pkt Len Max,fwdpktlenmax,0.21247988939285278,0.21247988939285278
78174,DoS attacks-Hulk,DoS attacks-Hulk,True,5,TotLen Bwd Pkts,totlenbwdpkts,0.12533941864967346,0.12533941864967346
78418,DoS attacks-Hulk,DoS attacks-Hulk,True,1,Fwd Seg Size Min,fwdsegsizemin,6.524904251098633,6.524904251098633
78418,DoS attacks-Hulk,DoS attacks-Hulk,True,2,Tot Bwd Pkts,totbwdpkts,0.23303323984146118,0.23303323984146118
78418,DoS attacks-Hulk,DoS attacks-Hulk,True,3,Init Fwd Win Byts,initfwdwinbyts,0.21674415469169617,0.21674415469169617
78418,DoS attacks-Hulk,DoS attacks-Hulk,True,4,Fwd Pkt Len Max,fwdpktlenmax,0.19440652430057526,0.19440652430057526
78418,DoS attacks-Hulk,DoS attacks-Hulk,True,5,Fwd IAT Min,fwdiatmin,0.07819259166717529,0.07819259166717529
78603,DoS attacks-Hulk,DoS attacks-Hulk,True,1,Fwd Seg Size Min,fwdsegsizemin,6.524904251098633,6.524904251098633
78603,DoS attacks-Hulk,DoS attacks-Hulk,True,2,Tot Bwd Pkts,totbwdpkts,0.23303323984146118,0.23303323984146118
78603,DoS attacks-Hulk,DoS attacks-Hulk,True,3,Init Fwd Win Byts,initfwdwinbyts,0.21674415469169617,0.21674415469169617
78603,DoS attacks-Hulk,DoS attacks-Hulk,True,4,Fwd Pkt Len Max,fwdpktlenmax,0.19440652430057526,0.19440652430057526
78603,DoS attacks-Hulk,DoS attacks-Hulk,True,5,Fwd IAT Min,fwdiatmin,0.07819259166717529,0.07819259166717529
98123,DoS attacks-Hulk,DoS attacks-Hulk,True,1,Fwd Seg Size Min,fwdsegsizemin,6.524839878082275,6.524839878082275
98123,DoS attacks-Hulk,DoS attacks-Hulk,True,2,Tot Bwd Pkts,totbwdpkts,0.23303323984146118,0.23303323984146118
98123,DoS attacks-Hulk,DoS attacks-Hulk,True,3,Init Fwd Win Byts,initfwdwinbyts,0.21683506667613983,0.21683506667613983
98123,DoS attacks-Hulk,DoS attacks-Hulk,True,4,Fwd Pkt Len Max,fwdpktlenmax,0.19440652430057526,0.19440652430057526
98123,DoS attacks-Hulk,DoS attacks-Hulk,True,5,Fwd IAT Min,fwdiatmin,0.07818830013275146,0.07818830013275146
106629,DoS attacks-Hulk,DoS attacks-Hulk,True,1,Fwd Seg Size Min,fwdsegsizemin,6.524904251098633,6.524904251098633
106629,DoS attacks-Hulk,DoS attacks-Hulk,True,2,Tot Bwd Pkts,totbwdpkts,0.23303323984146118,0.23303323984146118
106629,DoS attacks-Hulk,DoS attacks-Hulk,True,3,Init Fwd Win Byts,initfwdwinbyts,0.21674415469169617,0.21674415469169617
106629,DoS attacks-Hulk,DoS attacks-Hulk,True,4,Fwd Pkt Len Max,fwdpktlenmax,0.19440652430057526,0.19440652430057526
106629,DoS attacks-Hulk,DoS attacks-Hulk,True,5,Fwd IAT Min,fwdiatmin,0.07819259166717529,0.07819259166717529
109384,DoS attacks-Hulk,DoS attacks-Hulk,True,1,Fwd Seg Size Min,fwdsegsizemin,6.524904251098633,6.524904251098633
109384,DoS attacks-Hulk,DoS attacks-Hulk,True,2,Tot Bwd Pkts,totbwdpkts,0.23303323984146118,0.23303323984146118
109384,DoS attacks-Hulk,DoS attacks-Hulk,True,3,Init Fwd Win Byts,initfwdwinbyts,0.21674415469169617,0.21674415469169617
109384,DoS attacks-Hulk,DoS attacks-Hulk,True,4,Fwd Pkt Len Max,fwdpktlenmax,0.19440652430057526,0.19440652430057526
109384,DoS attacks-Hulk,DoS attacks-Hulk,True,5,Fwd IAT Min,fwdiatmin,0.07819259166717529,0.07819259166717529
114489,DoS attacks-Hulk,DoS attacks-Hulk,True,1,Fwd Seg Size Min,fwdsegsizemin,6.524904251098633,6.524904251098633
114489,DoS attacks-Hulk,DoS attacks-Hulk,True,2,Tot Bwd Pkts,totbwdpkts,0.23303323984146118,0.23303323984146118
114489,DoS attacks-Hulk,DoS attacks-Hulk,True,3,Init Fwd Win Byts,initfwdwinbyts,0.21674415469169617,0.21674415469169617
114489,DoS attacks-Hulk,DoS attacks-Hulk,True,4,Fwd Pkt Len Max,fwdpktlenmax,0.19440652430057526,0.19440652430057526
114489,DoS attacks-Hulk,DoS attacks-Hulk,True,5,Fwd IAT Min,fwdiatmin,0.07819259166717529,0.07819259166717529
120340,DoS attacks-Hulk,DoS attacks-Hulk,True,1,Fwd Seg Size Min,fwdsegsizemin,6.524904251098633,6.524904251098633
120340,DoS attacks-Hulk,DoS attacks-Hulk,True,2,Tot Bwd Pkts,totbwdpkts,0.23303323984146118,0.23303323984146118
120340,DoS attacks-Hulk,DoS attacks-Hulk,True,3,Init Fwd Win Byts,initfwdwinbyts,0.21674415469169617,0.21674415469169617
120340,DoS attacks-Hulk,DoS attacks-Hulk,True,4,Fwd Pkt Len Max,fwdpktlenmax,0.19440652430057526,0.19440652430057526
120340,DoS attacks-Hulk,DoS attacks-Hulk,True,5,Fwd IAT Min,fwdiatmin,0.07819259166717529,0.07819259166717529
124643,DoS attacks-Hulk,DoS attacks-Hulk,True,1,Fwd Seg Size Min,fwdsegsizemin,6.524904251098633,6.524904251098633
124643,DoS attacks-Hulk,DoS attacks-Hulk,True,2,Tot Bwd Pkts,totbwdpkts,0.23303323984146118,0.23303323984146118
124643,DoS attacks-Hulk,DoS attacks-Hulk,True,3,Init Fwd Win Byts,initfwdwinbyts,0.21674415469169617,0.21674415469169617
124643,DoS attacks-Hulk,DoS attacks-Hulk,True,4,Fwd Pkt Len Max,fwdpktlenmax,0.19440652430057526,0.19440652430057526
124643,DoS attacks-Hulk,DoS attacks-Hulk,True,5,Fwd IAT Min,fwdiatmin,0.07819259166717529,0.07819259166717529
129840,DoS attacks-Hulk,DoS attacks-Hulk,True,1,Fwd Seg Size Min,fwdsegsizemin,6.524904251098633,6.524904251098633
129840,DoS attacks-Hulk,DoS attacks-Hulk,True,2,Tot Bwd Pkts,totbwdpkts,0.23303323984146118,0.23303323984146118
129840,DoS attacks-Hulk,DoS attacks-Hulk,True,3,Init Fwd Win Byts,initfwdwinbyts,0.21674415469169617,0.21674415469169617
129840,DoS attacks-Hulk,DoS attacks-Hulk,True,4,Fwd Pkt Len Max,fwdpktlenmax,0.19440652430057526,0.19440652430057526
129840,DoS attacks-Hulk,DoS attacks-Hulk,True,5,Fwd IAT Min,fwdiatmin,0.07819259166717529,0.07819259166717529
145132,DoS attacks-Hulk,DoS attacks-Hulk,True,1,Fwd Seg Size Min,fwdsegsizemin,6.524904251098633,6.524904251098633
145132,DoS attacks-Hulk,DoS attacks-Hulk,True,2,Tot Bwd Pkts,totbwdpkts,0.23303323984146118,0.23303323984146118
145132,DoS attacks-Hulk,DoS attacks-Hulk,True,3,Init Fwd Win Byts,initfwdwinbyts,0.21674415469169617,0.21674415469169617
145132,DoS attacks-Hulk,DoS attacks-Hulk,True,4,Fwd Pkt Len Max,fwdpktlenmax,0.19440652430057526,0.19440652430057526
145132,DoS attacks-Hulk,DoS attacks-Hulk,True,5,Fwd IAT Min,fwdiatmin,0.07819259166717529,0.07819259166717529
150830,DoS attacks-Hulk,DoS attacks-Hulk,True,1,Fwd Seg Size Min,fwdsegsizemin,6.524726867675781,6.524726867675781
150830,DoS attacks-Hulk,DoS attacks-Hulk,True,2,Tot Bwd Pkts,totbwdpkts,0.23303323984146118,0.23303323984146118
150830,DoS attacks-Hulk,DoS attacks-Hulk,True,3,Init Fwd Win Byts,initfwdwinbyts,0.21647927165031433,0.21647927165031433
150830,DoS attacks-Hulk,DoS attacks-Hulk,True,4,Fwd Pkt Len Max,fwdpktlenmax,0.194403275847435,0.194403275847435
150830,DoS attacks-Hulk,DoS attacks-Hulk,True,5,Fwd IAT Min,fwdiatmin,0.0790247768163681,0.0790247768163681
161739,DoS attacks-Hulk,DoS attacks-Hulk,True,1,Fwd Seg Size Min,fwdsegsizemin,6.524904251098633,6.524904251098633
161739,DoS attacks-Hulk,DoS attacks-Hulk,True,2,Tot Bwd Pkts,totbwdpkts,0.23303323984146118,0.23303323984146118
161739,DoS attacks-Hulk,DoS attacks-Hulk,True,3,Init Fwd Win Byts,initfwdwinbyts,0.21674415469169617,0.21674415469169617
161739,DoS attacks-Hulk,DoS attacks-Hulk,True,4,Fwd Pkt Len Max,fwdpktlenmax,0.19440652430057526,0.19440652430057526
161739,DoS attacks-Hulk,DoS attacks-Hulk,True,5,Fwd IAT Min,fwdiatmin,0.07819259166717529,0.07819259166717529
169330,DoS attacks-Hulk,DoS attacks-Hulk,True,1,Fwd Seg Size Min,fwdsegsizemin,6.524662971496582,6.524662971496582
169330,DoS attacks-Hulk,DoS attacks-Hulk,True,2,Tot Bwd Pkts,totbwdpkts,0.23303323984146118,0.23303323984146118
169330,DoS attacks-Hulk,DoS attacks-Hulk,True,3,Init Fwd Win Byts,initfwdwinbyts,0.2165684849023819,0.2165684849023819
169330,DoS attacks-Hulk,DoS attacks-Hulk,True,4,Fwd Pkt Len Max,fwdpktlenmax,0.194403275847435,0.194403275847435
169330,DoS attacks-Hulk,DoS attacks-Hulk,True,5,Fwd IAT Min,fwdiatmin,0.0790201798081398,0.0790201798081398
172421,DoS attacks-Hulk,DoS attacks-Hulk,True,1,Fwd Seg Size Min,fwdsegsizemin,6.524726867675781,6.524726867675781
172421,DoS attacks-Hulk,DoS attacks-Hulk,True,2,Tot Bwd Pkts,totbwdpkts,0.23303323984146118,0.23303323984146118
172421,DoS attacks-Hulk,DoS attacks-Hulk,True,3,Init Fwd Win Byts,initfwdwinbyts,0.21647927165031433,0.21647927165031433
172421,DoS attacks-Hulk,DoS attacks-Hulk,True,4,Fwd Pkt Len Max,fwdpktlenmax,0.194403275847435,0.194403275847435
172421,DoS attacks-Hulk,DoS attacks-Hulk,True,5,Fwd IAT Min,fwdiatmin,0.0790247768163681,0.0790247768163681
175485,DoS attacks-Hulk,DoS attacks-Hulk,True,1,Fwd Seg Size Min,fwdsegsizemin,6.524904251098633,6.524904251098633
175485,DoS attacks-Hulk,DoS attacks-Hulk,True,2,Tot Bwd Pkts,totbwdpkts,0.23303323984146118,0.23303323984146118
175485,DoS attacks-Hulk,DoS attacks-Hulk,True,3,Init Fwd Win Byts,initfwdwinbyts,0.21674415469169617,0.21674415469169617
175485,DoS attacks-Hulk,DoS attacks-Hulk,True,4,Fwd Pkt Len Max,fwdpktlenmax,0.19440652430057526,0.19440652430057526
175485,DoS attacks-Hulk,DoS attacks-Hulk,True,5,Fwd IAT Min,fwdiatmin,0.07819259166717529,0.07819259166717529
179293,DoS attacks-Hulk,DoS attacks-Hulk,True,1,Fwd Seg Size Min,fwdsegsizemin,6.524772644042969,6.524772644042969
179293,DoS attacks-Hulk,DoS attacks-Hulk,True,2,Tot Bwd Pkts,totbwdpkts,0.23303323984146118,0.23303323984146118
179293,DoS attacks-Hulk,DoS attacks-Hulk,True,3,Init Fwd Win Byts,initfwdwinbyts,0.2169329971075058,0.2169329971075058
179293,DoS attacks-Hulk,DoS attacks-Hulk,True,4,Fwd Pkt Len Max,fwdpktlenmax,0.19440652430057526,0.19440652430057526
179293,DoS attacks-Hulk,DoS attacks-Hulk,True,5,Fwd IAT Min,fwdiatmin,0.0781848356127739,0.0781848356127739
184801,DoS attacks-Hulk,DoS attacks-Hulk,True,1,Fwd Seg Size Min,fwdsegsizemin,6.524726867675781,6.524726867675781
184801,DoS attacks-Hulk,DoS attacks-Hulk,True,2,Tot Bwd Pkts,totbwdpkts,0.23303323984146118,0.23303323984146118
184801,DoS attacks-Hulk,DoS attacks-Hulk,True,3,Init Fwd Win Byts,initfwdwinbyts,0.21647927165031433,0.21647927165031433
184801,DoS attacks-Hulk,DoS attacks-Hulk,True,4,Fwd Pkt Len Max,fwdpktlenmax,0.194403275847435,0.194403275847435
184801,DoS attacks-Hulk,DoS attacks-Hulk,True,5,Fwd IAT Min,fwdiatmin,0.0790247768163681,0.0790247768163681
186801,DoS attacks-Hulk,DoS attacks-Hulk,True,1,Fwd Seg Size Min,fwdsegsizemin,6.524904251098633,6.524904251098633
186801,DoS attacks-Hulk,DoS attacks-Hulk,True,2,Tot Bwd Pkts,totbwdpkts,0.23303323984146118,0.23303323984146118
186801,DoS attacks-Hulk,DoS attacks-Hulk,True,3,Init Fwd Win Byts,initfwdwinbyts,0.21674415469169617,0.21674415469169617
186801,DoS attacks-Hulk,DoS attacks-Hulk,True,4,Fwd Pkt Len Max,fwdpktlenmax,0.19440652430057526,0.19440652430057526
186801,DoS attacks-Hulk,DoS attacks-Hulk,True,5,Fwd IAT Min,fwdiatmin,0.07819259166717529,0.07819259166717529
192699,DoS attacks-Hulk,DoS attacks-Hulk,True,1,Fwd Seg Size Min,fwdsegsizemin,6.524904251098633,6.524904251098633
192699,DoS attacks-Hulk,DoS attacks-Hulk,True,2,Tot Bwd Pkts,totbwdpkts,0.23303323984146118,0.23303323984146118
192699,DoS attacks-Hulk,DoS attacks-Hulk,True,3,Init Fwd Win Byts,initfwdwinbyts,0.21674415469169617,0.21674415469169617
192699,DoS attacks-Hulk,DoS attacks-Hulk,True,4,Fwd Pkt Len Max,fwdpktlenmax,0.19440652430057526,0.19440652430057526
192699,DoS attacks-Hulk,DoS attacks-Hulk,True,5,Fwd IAT Min,fwdiatmin,0.07819259166717529,0.07819259166717529
198034,DoS attacks-Hulk,DoS attacks-Hulk,True,1,Fwd Seg Size Min,fwdsegsizemin,6.524904251098633,6.524904251098633
198034,DoS attacks-Hulk,DoS attacks-Hulk,True,2,Tot Bwd Pkts,totbwdpkts,0.23303323984146118,0.23303323984146118
198034,DoS attacks-Hulk,DoS attacks-Hulk,True,3,Init Fwd Win Byts,initfwdwinbyts,0.21674415469169617,0.21674415469169617
198034,DoS attacks-Hulk,DoS attacks-Hulk,True,4,Fwd Pkt Len Max,fwdpktlenmax,0.19440652430057526,0.19440652430057526
198034,DoS attacks-Hulk,DoS attacks-Hulk,True,5,Fwd IAT Min,fwdiatmin,0.07819259166717529,0.07819259166717529
203251,DoS attacks-Hulk,DoS attacks-Hulk,True,1,Fwd Seg Size Min,fwdsegsizemin,6.524904251098633,6.524904251098633
203251,DoS attacks-Hulk,DoS attacks-Hulk,True,2,Tot Bwd Pkts,totbwdpkts,0.23303323984146118,0.23303323984146118
203251,DoS attacks-Hulk,DoS attacks-Hulk,True,3,Init Fwd Win Byts,initfwdwinbyts,0.21674415469169617,0.21674415469169617
203251,DoS attacks-Hulk,DoS attacks-Hulk,True,4,Fwd Pkt Len Max,fwdpktlenmax,0.19440652430057526,0.19440652430057526
203251,DoS attacks-Hulk,DoS attacks-Hulk,True,5,Fwd IAT Min,fwdiatmin,0.07819259166717529,0.07819259166717529
205588,DoS attacks-Hulk,DoS attacks-Hulk,True,1,Fwd Seg Size Min,fwdsegsizemin,6.524904251098633,6.524904251098633
205588,DoS attacks-Hulk,DoS attacks-Hulk,True,2,Tot Bwd Pkts,totbwdpkts,0.23303323984146118,0.23303323984146118
205588,DoS attacks-Hulk,DoS attacks-Hulk,True,3,Init Fwd Win Byts,initfwdwinbyts,0.21674415469169617,0.21674415469169617
205588,DoS attacks-Hulk,DoS attacks-Hulk,True,4,Fwd Pkt Len Max,fwdpktlenmax,0.19440652430057526,0.19440652430057526
205588,DoS attacks-Hulk,DoS attacks-Hulk,True,5,Fwd IAT Min,fwdiatmin,0.07819259166717529,0.07819259166717529
209188,DoS attacks-Hulk,DoS attacks-Hulk,True,1,Fwd Seg Size Min,fwdsegsizemin,6.524531364440918,6.524531364440918
209188,DoS attacks-Hulk,DoS attacks-Hulk,True,2,Tot Bwd Pkts,totbwdpkts,0.23303323984146118,0.23303323984146118
209188,DoS attacks-Hulk,DoS attacks-Hulk,True,3,Init Fwd Win Byts,initfwdwinbyts,0.21675732731819153,0.21675732731819153
209188,DoS attacks-Hulk,DoS attacks-Hulk,True,4,Fwd Pkt Len Max,fwdpktlenmax,0.194403275847435,0.194403275847435
209188,DoS attacks-Hulk,DoS attacks-Hulk,True,5,Fwd IAT Min,fwdiatmin,0.0790124237537384,0.0790124237537384
209508,DoS attacks-Hulk,DoS attacks-Hulk,True,1,Fwd Seg Size Min,fwdsegsizemin,6.524904251098633,6.524904251098633
209508,DoS attacks-Hulk,DoS attacks-Hulk,True,2,Tot Bwd Pkts,totbwdpkts,0.23303323984146118,0.23303323984146118
209508,DoS attacks-Hulk,DoS attacks-Hulk,True,3,Init Fwd Win Byts,initfwdwinbyts,0.21674415469169617,0.21674415469169617
209508,DoS attacks-Hulk,DoS attacks-Hulk,True,4,Fwd Pkt Len Max,fwdpktlenmax,0.19440652430057526,0.19440652430057526
209508,DoS attacks-Hulk,DoS attacks-Hulk,True,5,Fwd IAT Min,fwdiatmin,0.07819259166717529,0.07819259166717529
211459,DoS attacks-Hulk,DoS attacks-Hulk,True,1,Fwd Seg Size Min,fwdsegsizemin,6.524904251098633,6.524904251098633
211459,DoS attacks-Hulk,DoS attacks-Hulk,True,2,Tot Bwd Pkts,totbwdpkts,0.23303323984146118,0.23303323984146118
211459,DoS attacks-Hulk,DoS attacks-Hulk,True,3,Init Fwd Win Byts,initfwdwinbyts,0.21674415469169617,0.21674415469169617
211459,DoS attacks-Hulk,DoS attacks-Hulk,True,4,Fwd Pkt Len Max,fwdpktlenmax,0.19440652430057526,0.19440652430057526
211459,DoS attacks-Hulk,DoS attacks-Hulk,True,5,Fwd IAT Min,fwdiatmin,0.07819259166717529,0.07819259166717529
218353,DoS attacks-Hulk,DoS attacks-Hulk,True,1,Fwd Seg Size Min,fwdsegsizemin,6.524904251098633,6.524904251098633
218353,DoS attacks-Hulk,DoS attacks-Hulk,True,2,Tot Bwd Pkts,totbwdpkts,0.23303323984146118,0.23303323984146118
218353,DoS attacks-Hulk,DoS attacks-Hulk,True,3,Init Fwd Win Byts,initfwdwinbyts,0.21674415469169617,0.21674415469169617
218353,DoS attacks-Hulk,DoS attacks-Hulk,True,4,Fwd Pkt Len Max,fwdpktlenmax,0.19440652430057526,0.19440652430057526
218353,DoS attacks-Hulk,DoS attacks-Hulk,True,5,Fwd IAT Min,fwdiatmin,0.07819259166717529,0.07819259166717529
222450,DoS attacks-Hulk,DoS attacks-Hulk,True,1,Fwd Seg Size Min,fwdsegsizemin,6.524726867675781,6.524726867675781
222450,DoS attacks-Hulk,DoS attacks-Hulk,True,2,Tot Bwd Pkts,totbwdpkts,0.23303323984146118,0.23303323984146118
222450,DoS attacks-Hulk,DoS attacks-Hulk,True,3,Init Fwd Win Byts,initfwdwinbyts,0.21647927165031433,0.21647927165031433
222450,DoS attacks-Hulk,DoS attacks-Hulk,True,4,Fwd Pkt Len Max,fwdpktlenmax,0.194403275847435,0.194403275847435
222450,DoS attacks-Hulk,DoS attacks-Hulk,True,5,Fwd IAT Min,fwdiatmin,0.0790247768163681,0.0790247768163681
222797,DoS attacks-Hulk,DoS attacks-Hulk,True,1,Fwd Seg Size Min,fwdsegsizemin,6.524904251098633,6.524904251098633
222797,DoS attacks-Hulk,DoS attacks-Hulk,True,2,Tot Bwd Pkts,totbwdpkts,0.23303323984146118,0.23303323984146118
222797,DoS attacks-Hulk,DoS attacks-Hulk,True,3,Init Fwd Win Byts,initfwdwinbyts,0.21674415469169617,0.21674415469169617
222797,DoS attacks-Hulk,DoS attacks-Hulk,True,4,Fwd Pkt Len Max,fwdpktlenmax,0.19440652430057526,0.19440652430057526
222797,DoS attacks-Hulk,DoS attacks-Hulk,True,5,Fwd IAT Min,fwdiatmin,0.07819259166717529,0.07819259166717529
224627,DoS attacks-Hulk,DoS attacks-Hulk,True,1,Fwd Seg Size Min,fwdsegsizemin,6.524726867675781,6.524726867675781
224627,DoS attacks-Hulk,DoS attacks-Hulk,True,2,Tot Bwd Pkts,totbwdpkts,0.23303323984146118,0.23303323984146118
224627,DoS attacks-Hulk,DoS attacks-Hulk,True,3,Init Fwd Win Byts,initfwdwinbyts,0.21647927165031433,0.21647927165031433
224627,DoS attacks-Hulk,DoS attacks-Hulk,True,4,Fwd Pkt Len Max,fwdpktlenmax,0.194403275847435,0.194403275847435
224627,DoS attacks-Hulk,DoS attacks-Hulk,True,5,Fwd IAT Min,fwdiatmin,0.0790247768163681,0.0790247768163681
240437,DoS attacks-Hulk,DoS attacks-Hulk,True,1,Fwd Seg Size Min,fwdsegsizemin,6.524772644042969,6.524772644042969
240437,DoS attacks-Hulk,DoS attacks-Hulk,True,2,Tot Bwd Pkts,totbwdpkts,0.23303323984146118,0.23303323984146118
240437,DoS attacks-Hulk,DoS attacks-Hulk,True,3,Init Fwd Win Byts,initfwdwinbyts,0.2169329971075058,0.2169329971075058
240437,DoS attacks-Hulk,DoS attacks-Hulk,True,4,Fwd Pkt Len Max,fwdpktlenmax,0.19440652430057526,0.19440652430057526
240437,DoS attacks-Hulk,DoS attacks-Hulk,True,5,Fwd IAT Min,fwdiatmin,0.0781848356127739,0.0781848356127739
266734,DoS attacks-Hulk,DoS attacks-Hulk,True,1,Fwd Seg Size Min,fwdsegsizemin,6.524726867675781,6.524726867675781
266734,DoS attacks-Hulk,DoS attacks-Hulk,True,2,Tot Bwd Pkts,totbwdpkts,0.23303323984146118,0.23303323984146118
266734,DoS attacks-Hulk,DoS attacks-Hulk,True,3,Init Fwd Win Byts,initfwdwinbyts,0.21647927165031433,0.21647927165031433
266734,DoS attacks-Hulk,DoS attacks-Hulk,True,4,Fwd Pkt Len Max,fwdpktlenmax,0.194403275847435,0.194403275847435
266734,DoS attacks-Hulk,DoS attacks-Hulk,True,5,Fwd IAT Min,fwdiatmin,0.0790247768163681,0.0790247768163681
273242,DoS attacks-Hulk,DoS attacks-Hulk,True,1,Fwd Seg Size Min,fwdsegsizemin,6.524904251098633,6.524904251098633
273242,DoS attacks-Hulk,DoS attacks-Hulk,True,2,Tot Bwd Pkts,totbwdpkts,0.23303323984146118,0.23303323984146118
273242,DoS attacks-Hulk,DoS attacks-Hulk,True,3,Init Fwd Win Byts,initfwdwinbyts,0.21674415469169617,0.21674415469169617
273242,DoS attacks-Hulk,DoS attacks-Hulk,True,4,Fwd Pkt Len Max,fwdpktlenmax,0.19440652430057526,0.19440652430057526
273242,DoS attacks-Hulk,DoS attacks-Hulk,True,5,Fwd IAT Min,fwdiatmin,0.07819259166717529,0.07819259166717529
288251,DoS attacks-Hulk,DoS attacks-Hulk,True,1,Fwd Seg Size Min,fwdsegsizemin,6.524904251098633,6.524904251098633
288251,DoS attacks-Hulk,DoS attacks-Hulk,True,2,Tot Bwd Pkts,totbwdpkts,0.23303323984146118,0.23303323984146118
288251,DoS attacks-Hulk,DoS attacks-Hulk,True,3,Init Fwd Win Byts,initfwdwinbyts,0.21674415469169617,0.21674415469169617
288251,DoS attacks-Hulk,DoS attacks-Hulk,True,4,Fwd Pkt Len Max,fwdpktlenmax,0.19440652430057526,0.19440652430057526
288251,DoS attacks-Hulk,DoS attacks-Hulk,True,5,Fwd IAT Min,fwdiatmin,0.07819259166717529,0.07819259166717529
289469,DoS attacks-Hulk,DoS attacks-Hulk,True,1,Fwd Seg Size Min,fwdsegsizemin,6.524904251098633,6.524904251098633
289469,DoS attacks-Hulk,DoS attacks-Hulk,True,2,Tot Bwd Pkts,totbwdpkts,0.23303323984146118,0.23303323984146118
289469,DoS attacks-Hulk,DoS attacks-Hulk,True,3,Init Fwd Win Byts,initfwdwinbyts,0.21674415469169617,0.21674415469169617
289469,DoS attacks-Hulk,DoS attacks-Hulk,True,4,Fwd Pkt Len Max,fwdpktlenmax,0.19440652430057526,0.19440652430057526
289469,DoS attacks-Hulk,DoS attacks-Hulk,True,5,Fwd IAT Min,fwdiatmin,0.07819259166717529,0.07819259166717529
295838,DoS attacks-Hulk,DoS attacks-Hulk,True,1,Fwd Seg Size Min,fwdsegsizemin,6.524904251098633,6.524904251098633
295838,DoS attacks-Hulk,DoS attacks-Hulk,True,2,Tot Bwd Pkts,totbwdpkts,0.23303323984146118,0.23303323984146118
295838,DoS attacks-Hulk,DoS attacks-Hulk,True,3,Init Fwd Win Byts,initfwdwinbyts,0.21674415469169617,0.21674415469169617
295838,DoS attacks-Hulk,DoS attacks-Hulk,True,4,Fwd Pkt Len Max,fwdpktlenmax,0.19440652430057526,0.19440652430057526
295838,DoS attacks-Hulk,DoS attacks-Hulk,True,5,Fwd IAT Min,fwdiatmin,0.07819259166717529,0.07819259166717529
299704,DoS attacks-Hulk,DoS attacks-Hulk,True,1,Fwd Seg Size Min,fwdsegsizemin,6.524904251098633,6.524904251098633
299704,DoS attacks-Hulk,DoS attacks-Hulk,True,2,Tot Bwd Pkts,totbwdpkts,0.23303323984146118,0.23303323984146118
299704,DoS attacks-Hulk,DoS attacks-Hulk,True,3,Init Fwd Win Byts,initfwdwinbyts,0.21674415469169617,0.21674415469169617
299704,DoS attacks-Hulk,DoS attacks-Hulk,True,4,Fwd Pkt Len Max,fwdpktlenmax,0.19440652430057526,0.19440652430057526
299704,DoS attacks-Hulk,DoS attacks-Hulk,True,5,Fwd IAT Min,fwdiatmin,0.07819259166717529,0.07819259166717529
303429,DoS attacks-Hulk,DoS attacks-Hulk,True,1,Fwd Seg Size Min,fwdsegsizemin,6.524839878082275,6.524839878082275
303429,DoS attacks-Hulk,DoS attacks-Hulk,True,2,Tot Bwd Pkts,totbwdpkts,0.23303323984146118,0.23303323984146118
303429,DoS attacks-Hulk,DoS attacks-Hulk,True,3,Init Fwd Win Byts,initfwdwinbyts,0.21683506667613983,0.21683506667613983
303429,DoS attacks-Hulk,DoS attacks-Hulk,True,4,Fwd Pkt Len Max,fwdpktlenmax,0.19440652430057526,0.19440652430057526
303429,DoS attacks-Hulk,DoS attacks-Hulk,True,5,Fwd IAT Min,fwdiatmin,0.07818830013275146,0.07818830013275146
311543,DoS attacks-Hulk,DoS attacks-Hulk,True,1,Fwd Seg Size Min,fwdsegsizemin,6.524904251098633,6.524904251098633
311543,DoS attacks-Hulk,DoS attacks-Hulk,True,2,Tot Bwd Pkts,totbwdpkts,0.23303323984146118,0.23303323984146118
311543,DoS attacks-Hulk,DoS attacks-Hulk,True,3,Init Fwd Win Byts,initfwdwinbyts,0.21674415469169617,0.21674415469169617
311543,DoS attacks-Hulk,DoS attacks-Hulk,True,4,Fwd Pkt Len Max,fwdpktlenmax,0.19440652430057526,0.19440652430057526
311543,DoS attacks-Hulk,DoS attacks-Hulk,True,5,Fwd IAT Min,fwdiatmin,0.07819259166717529,0.07819259166717529
315504,DoS attacks-Hulk,DoS attacks-Hulk,True,1,Fwd Seg Size Min,fwdsegsizemin,6.3610968589782715,6.3610968589782715
315504,DoS attacks-Hulk,DoS attacks-Hulk,True,2,Bwd Pkt Len Std,bwdpktlenstd,0.4892795979976654,0.4892795979976654
315504,DoS attacks-Hulk,DoS attacks-Hulk,True,3,Init Fwd Win Byts,initfwdwinbyts,0.2141159027814865,0.2141159027814865
315504,DoS attacks-Hulk,DoS attacks-Hulk,True,4,Fwd Pkt Len Max,fwdpktlenmax,0.21237216889858246,0.21237216889858246
315504,DoS attacks-Hulk,DoS attacks-Hulk,True,5,TotLen Bwd Pkts,totlenbwdpkts,0.12534141540527344,0.12534141540527344
325514,DoS attacks-Hulk,DoS attacks-Hulk,True,1,Fwd Seg Size Min,fwdsegsizemin,6.524904251098633,6.524904251098633
325514,DoS attacks-Hulk,DoS attacks-Hulk,True,2,Tot Bwd Pkts,totbwdpkts,0.23303323984146118,0.23303323984146118
325514,DoS attacks-Hulk,DoS attacks-Hulk,True,3,Init Fwd Win Byts,initfwdwinbyts,0.21674415469169617,0.21674415469169617
325514,DoS attacks-Hulk,DoS attacks-Hulk,True,4,Fwd Pkt Len Max,fwdpktlenmax,0.19440652430057526,0.19440652430057526
325514,DoS attacks-Hulk,DoS attacks-Hulk,True,5,Fwd IAT Min,fwdiatmin,0.07819259166717529,0.07819259166717529
329932,DoS attacks-Hulk,DoS attacks-Hulk,True,1,Fwd Seg Size Min,fwdsegsizemin,6.524904251098633,6.524904251098633
329932,DoS attacks-Hulk,DoS attacks-Hulk,True,2,Tot Bwd Pkts,totbwdpkts,0.23303323984146118,0.23303323984146118
329932,DoS attacks-Hulk,DoS attacks-Hulk,True,3,Init Fwd Win Byts,initfwdwinbyts,0.21674415469169617,0.21674415469169617
329932,DoS attacks-Hulk,DoS attacks-Hulk,True,4,Fwd Pkt Len Max,fwdpktlenmax,0.19440652430057526,0.19440652430057526
329932,DoS attacks-Hulk,DoS attacks-Hulk,True,5,Fwd IAT Min,fwdiatmin,0.07819259166717529,0.07819259166717529
339875,DoS attacks-Hulk,DoS attacks-Hulk,True,1,Fwd Seg Size Min,fwdsegsizemin,6.524904251098633,6.524904251098633
339875,DoS attacks-Hulk,DoS attacks-Hulk,True,2,Tot Bwd Pkts,totbwdpkts,0.23303323984146118,0.23303323984146118
339875,DoS attacks-Hulk,DoS attacks-Hulk,True,3,Init Fwd Win Byts,initfwdwinbyts,0.21674415469169617,0.21674415469169617
339875,DoS attacks-Hulk,DoS attacks-Hulk,True,4,Fwd Pkt Len Max,fwdpktlenmax,0.19440652430057526,0.19440652430057526
339875,DoS attacks-Hulk,DoS attacks-Hulk,True,5,Fwd IAT Min,fwdiatmin,0.07819259166717529,0.07819259166717529
340476,DoS attacks-Hulk,DoS attacks-Hulk,True,1,Fwd Seg Size Min,fwdsegsizemin,6.524904251098633,6.524904251098633
340476,DoS attacks-Hulk,DoS attacks-Hulk,True,2,Tot Bwd Pkts,totbwdpkts,0.23303323984146118,0.23303323984146118
340476,DoS attacks-Hulk,DoS attacks-Hulk,True,3,Init Fwd Win Byts,initfwdwinbyts,0.21674415469169617,0.21674415469169617
340476,DoS attacks-Hulk,DoS attacks-Hulk,True,4,Fwd Pkt Len Max,fwdpktlenmax,0.19440652430057526,0.19440652430057526
340476,DoS attacks-Hulk,DoS attacks-Hulk,True,5,Fwd IAT Min,fwdiatmin,0.07819259166717529,0.07819259166717529
353018,DoS attacks-Hulk,DoS attacks-Hulk,True,1,Fwd Seg Size Min,fwdsegsizemin,6.524904251098633,6.524904251098633
353018,DoS attacks-Hulk,DoS attacks-Hulk,True,2,Tot Bwd Pkts,totbwdpkts,0.23303323984146118,0.23303323984146118
353018,DoS attacks-Hulk,DoS attacks-Hulk,True,3,Init Fwd Win Byts,initfwdwinbyts,0.21674415469169617,0.21674415469169617
353018,DoS attacks-Hulk,DoS attacks-Hulk,True,4,Fwd Pkt Len Max,fwdpktlenmax,0.19440652430057526,0.19440652430057526
353018,DoS attacks-Hulk,DoS attacks-Hulk,True,5,Fwd IAT Min,fwdiatmin,0.07819259166717529,0.07819259166717529
355936,DoS attacks-Hulk,DoS attacks-Hulk,True,1,Fwd Seg Size Min,fwdsegsizemin,6.524904251098633,6.524904251098633
355936,DoS attacks-Hulk,DoS attacks-Hulk,True,2,Tot Bwd Pkts,totbwdpkts,0.23303323984146118,0.23303323984146118
355936,DoS attacks-Hulk,DoS attacks-Hulk,True,3,Init Fwd Win Byts,initfwdwinbyts,0.21674415469169617,0.21674415469169617
355936,DoS attacks-Hulk,DoS attacks-Hulk,True,4,Fwd Pkt Len Max,fwdpktlenmax,0.19440652430057526,0.19440652430057526
355936,DoS attacks-Hulk,DoS attacks-Hulk,True,5,Fwd IAT Min,fwdiatmin,0.07819259166717529,0.07819259166717529
358634,DoS attacks-Hulk,DoS attacks-Hulk,True,1,Fwd Seg Size Min,fwdsegsizemin,6.360585689544678,6.360585689544678
358634,DoS attacks-Hulk,DoS attacks-Hulk,True,2,Bwd Pkt Len Std,bwdpktlenstd,0.48905614018440247,0.48905614018440247
358634,DoS attacks-Hulk,DoS attacks-Hulk,True,3,Init Fwd Win Byts,initfwdwinbyts,0.21475794911384583,0.21475794911384583
358634,DoS attacks-Hulk,DoS attacks-Hulk,True,4,Fwd Pkt Len Max,fwdpktlenmax,0.21191325783729553,0.21191325783729553
358634,DoS attacks-Hulk,DoS attacks-Hulk,True,5,TotLen Bwd Pkts,totlenbwdpkts,0.12533749639987946,0.12533749639987946
390180,DoS attacks-Hulk,DoS attacks-Hulk,True,1,Fwd Seg Size Min,fwdsegsizemin,6.524904251098633,6.524904251098633
390180,DoS attacks-Hulk,DoS attacks-Hulk,True,2,Tot Bwd Pkts,totbwdpkts,0.23303323984146118,0.23303323984146118
390180,DoS attacks-Hulk,DoS attacks-Hulk,True,3,Init Fwd Win Byts,initfwdwinbyts,0.21674415469169617,0.21674415469169617
390180,DoS attacks-Hulk,DoS attacks-Hulk,True,4,Fwd Pkt Len Max,fwdpktlenmax,0.19440652430057526,0.19440652430057526
390180,DoS attacks-Hulk,DoS attacks-Hulk,True,5,Fwd IAT Min,fwdiatmin,0.07819259166717529,0.07819259166717529
390980,DoS attacks-Hulk,DoS attacks-Hulk,True,1,Fwd Seg Size Min,fwdsegsizemin,6.524726867675781,6.524726867675781
390980,DoS attacks-Hulk,DoS attacks-Hulk,True,2,Tot Bwd Pkts,totbwdpkts,0.23303323984146118,0.23303323984146118
390980,DoS attacks-Hulk,DoS attacks-Hulk,True,3,Init Fwd Win Byts,initfwdwinbyts,0.21647927165031433,0.21647927165031433
390980,DoS attacks-Hulk,DoS attacks-Hulk,True,4,Fwd Pkt Len Max,fwdpktlenmax,0.194403275847435,0.194403275847435
390980,DoS attacks-Hulk,DoS attacks-Hulk,True,5,Fwd IAT Min,fwdiatmin,0.0790247768163681,0.0790247768163681
398027,DoS attacks-Hulk,DoS attacks-Hulk,True,1,Fwd Seg Size Min,fwdsegsizemin,6.524904251098633,6.524904251098633
398027,DoS attacks-Hulk,DoS attacks-Hulk,True,2,Tot Bwd Pkts,totbwdpkts,0.23303323984146118,0.23303323984146118
398027,DoS attacks-Hulk,DoS attacks-Hulk,True,3,Init Fwd Win Byts,initfwdwinbyts,0.21674415469169617,0.21674415469169617
398027,DoS attacks-Hulk,DoS attacks-Hulk,True,4,Fwd Pkt Len Max,fwdpktlenmax,0.19440652430057526,0.19440652430057526
398027,DoS attacks-Hulk,DoS attacks-Hulk,True,5,Fwd IAT Min,fwdiatmin,0.07819259166717529,0.07819259166717529
406424,DoS attacks-Hulk,DoS attacks-Hulk,True,1,Fwd Seg Size Min,fwdsegsizemin,6.524904251098633,6.524904251098633
406424,DoS attacks-Hulk,DoS attacks-Hulk,True,2,Tot Bwd Pkts,totbwdpkts,0.23303323984146118,0.23303323984146118
406424,DoS attacks-Hulk,DoS attacks-Hulk,True,3,Init Fwd Win Byts,initfwdwinbyts,0.21674415469169617,0.21674415469169617
406424,DoS attacks-Hulk,DoS attacks-Hulk,True,4,Fwd Pkt Len Max,fwdpktlenmax,0.19440652430057526,0.19440652430057526
406424,DoS attacks-Hulk,DoS attacks-Hulk,True,5,Fwd IAT Min,fwdiatmin,0.07819259166717529,0.07819259166717529
409456,DoS attacks-Hulk,DoS attacks-Hulk,True,1,Fwd Seg Size Min,fwdsegsizemin,6.524904251098633,6.524904251098633
409456,DoS attacks-Hulk,DoS attacks-Hulk,True,2,Tot Bwd Pkts,totbwdpkts,0.23303323984146118,0.23303323984146118
409456,DoS attacks-Hulk,DoS attacks-Hulk,True,3,Init Fwd Win Byts,initfwdwinbyts,0.21674415469169617,0.21674415469169617
409456,DoS attacks-Hulk,DoS attacks-Hulk,True,4,Fwd Pkt Len Max,fwdpktlenmax,0.19440652430057526,0.19440652430057526
409456,DoS attacks-Hulk,DoS attacks-Hulk,True,5,Fwd IAT Min,fwdiatmin,0.07819259166717529,0.07819259166717529
410473,DoS attacks-Hulk,DoS attacks-Hulk,True,1,Fwd Seg Size Min,fwdsegsizemin,6.524904251098633,6.524904251098633
410473,DoS attacks-Hulk,DoS attacks-Hulk,True,2,Tot Bwd Pkts,totbwdpkts,0.23303323984146118,0.23303323984146118
410473,DoS attacks-Hulk,DoS attacks-Hulk,True,3,Init Fwd Win Byts,initfwdwinbyts,0.21674415469169617,0.21674415469169617
410473,DoS attacks-Hulk,DoS attacks-Hulk,True,4,Fwd Pkt Len Max,fwdpktlenmax,0.19440652430057526,0.19440652430057526
410473,DoS attacks-Hulk,DoS attacks-Hulk,True,5,Fwd IAT Min,fwdiatmin,0.07819259166717529,0.07819259166717529
430811,DoS attacks-Hulk,DoS attacks-Hulk,True,1,Fwd Seg Size Min,fwdsegsizemin,6.524904251098633,6.524904251098633
430811,DoS attacks-Hulk,DoS attacks-Hulk,True,2,Tot Bwd Pkts,totbwdpkts,0.23303323984146118,0.23303323984146118
430811,DoS attacks-Hulk,DoS attacks-Hulk,True,3,Init Fwd Win Byts,initfwdwinbyts,0.21674415469169617,0.21674415469169617
430811,DoS attacks-Hulk,DoS attacks-Hulk,True,4,Fwd Pkt Len Max,fwdpktlenmax,0.19440652430057526,0.19440652430057526
430811,DoS attacks-Hulk,DoS attacks-Hulk,True,5,Fwd IAT Min,fwdiatmin,0.07819259166717529,0.07819259166717529
441927,DoS attacks-Hulk,DoS attacks-Hulk,True,1,Fwd Seg Size Min,fwdsegsizemin,6.456707000732422,6.456707000732422
441927,DoS attacks-Hulk,DoS attacks-Hulk,True,2,Tot Bwd Pkts,totbwdpkts,0.4208029508590698,0.4208029508590698
441927,DoS attacks-Hulk,DoS attacks-Hulk,True,3,Init Fwd Win Byts,initfwdwinbyts,0.21919335424900055,0.21919335424900055
441927,DoS attacks-Hulk,DoS attacks-Hulk,True,4,Fwd Pkt Len Max,fwdpktlenmax,0.19065605103969574,0.19065605103969574
441927,DoS attacks-Hulk,DoS attacks-Hulk,True,5,Fwd IAT Min,fwdiatmin,-0.09348347783088684,0.09348347783088684
442875,DoS attacks-Hulk,DoS attacks-Hulk,True,1,Fwd Seg Size Min,fwdsegsizemin,6.524904251098633,6.524904251098633
442875,DoS attacks-Hulk,DoS attacks-Hulk,True,2,Tot Bwd Pkts,totbwdpkts,0.23303323984146118,0.23303323984146118
442875,DoS attacks-Hulk,DoS attacks-Hulk,True,3,Init Fwd Win Byts,initfwdwinbyts,0.21674415469169617,0.21674415469169617
442875,DoS attacks-Hulk,DoS attacks-Hulk,True,4,Fwd Pkt Len Max,fwdpktlenmax,0.19440652430057526,0.19440652430057526
442875,DoS attacks-Hulk,DoS attacks-Hulk,True,5,Fwd IAT Min,fwdiatmin,0.07819259166717529,0.07819259166717529
454595,DoS attacks-Hulk,DoS attacks-Hulk,True,1,Fwd Seg Size Min,fwdsegsizemin,6.524662971496582,6.524662971496582
454595,DoS attacks-Hulk,DoS attacks-Hulk,True,2,Tot Bwd Pkts,totbwdpkts,0.23303323984146118,0.23303323984146118
454595,DoS attacks-Hulk,DoS attacks-Hulk,True,3,Init Fwd Win Byts,initfwdwinbyts,0.2165684849023819,0.2165684849023819
454595,DoS attacks-Hulk,DoS attacks-Hulk,True,4,Fwd Pkt Len Max,fwdpktlenmax,0.194403275847435,0.194403275847435
454595,DoS attacks-Hulk,DoS attacks-Hulk,True,5,Fwd IAT Min,fwdiatmin,0.0790201798081398,0.0790201798081398
454714,DoS attacks-Hulk,DoS attacks-Hulk,True,1,Fwd Seg Size Min,fwdsegsizemin,6.524904251098633,6.524904251098633
454714,DoS attacks-Hulk,DoS attacks-Hulk,True,2,Tot Bwd Pkts,totbwdpkts,0.23303323984146118,0.23303323984146118
454714,DoS attacks-Hulk,DoS attacks-Hulk,True,3,Init Fwd Win Byts,initfwdwinbyts,0.21674415469169617,0.21674415469169617
454714,DoS attacks-Hulk,DoS attacks-Hulk,True,4,Fwd Pkt Len Max,fwdpktlenmax,0.19440652430057526,0.19440652430057526
454714,DoS attacks-Hulk,DoS attacks-Hulk,True,5,Fwd IAT Min,fwdiatmin,0.07819259166717529,0.07819259166717529
467662,DoS attacks-Hulk,DoS attacks-Hulk,True,1,Fwd Seg Size Min,fwdsegsizemin,6.524904251098633,6.524904251098633
467662,DoS attacks-Hulk,DoS attacks-Hulk,True,2,Tot Bwd Pkts,totbwdpkts,0.23303323984146118,0.23303323984146118
467662,DoS attacks-Hulk,DoS attacks-Hulk,True,3,Init Fwd Win Byts,initfwdwinbyts,0.21674415469169617,0.21674415469169617
467662,DoS attacks-Hulk,DoS attacks-Hulk,True,4,Fwd Pkt Len Max,fwdpktlenmax,0.19440652430057526,0.19440652430057526
467662,DoS attacks-Hulk,DoS attacks-Hulk,True,5,Fwd IAT Min,fwdiatmin,0.07819259166717529,0.07819259166717529
469528,DoS attacks-Hulk,DoS attacks-Hulk,True,1,Fwd Seg Size Min,fwdsegsizemin,6.523608684539795,6.523608684539795
469528,DoS attacks-Hulk,DoS attacks-Hulk,True,2,Tot Bwd Pkts,totbwdpkts,0.23303323984146118,0.23303323984146118
469528,DoS attacks-Hulk,DoS attacks-Hulk,True,3,Init Fwd Win Byts,initfwdwinbyts,0.21856769919395447,0.21856769919395447
469528,DoS attacks-Hulk,DoS attacks-Hulk,True,4,Fwd Pkt Len Max,fwdpktlenmax,0.19440652430057526,0.19440652430057526
469528,DoS attacks-Hulk,DoS attacks-Hulk,True,5,Fwd IAT Min,fwdiatmin,0.07571012526750565,0.07571012526750565
485988,DoS attacks-Hulk,DoS attacks-Hulk,True,1,Fwd Seg Size Min,fwdsegsizemin,6.524839878082275,6.524839878082275
485988,DoS attacks-Hulk,DoS attacks-Hulk,True,2,Tot Bwd Pkts,totbwdpkts,0.23303323984146118,0.23303323984146118
485988,DoS attacks-Hulk,DoS attacks-Hulk,True,3,Init Fwd Win Byts,initfwdwinbyts,0.21683506667613983,0.21683506667613983
485988,DoS attacks-Hulk,DoS attacks-Hulk,True,4,Fwd Pkt Len Max,fwdpktlenmax,0.19440652430057526,0.19440652430057526
485988,DoS attacks-Hulk,DoS attacks-Hulk,True,5,Fwd IAT Min,fwdiatmin,0.07818830013275146,0.07818830013275146
514999,DoS attacks-Hulk,DoS attacks-Hulk,True,1,Fwd Seg Size Min,fwdsegsizemin,6.524904251098633,6.524904251098633
514999,DoS attacks-Hulk,DoS attacks-Hulk,True,2,Tot Bwd Pkts,totbwdpkts,0.23303323984146118,0.23303323984146118
514999,DoS attacks-Hulk,DoS attacks-Hulk,True,3,Init Fwd Win Byts,initfwdwinbyts,0.21674415469169617,0.21674415469169617
514999,DoS attacks-Hulk,DoS attacks-Hulk,True,4,Fwd Pkt Len Max,fwdpktlenmax,0.19440652430057526,0.19440652430057526
514999,DoS attacks-Hulk,DoS attacks-Hulk,True,5,Fwd IAT Min,fwdiatmin,0.07819259166717529,0.07819259166717529
516353,DoS attacks-Hulk,DoS attacks-Hulk,True,1,Fwd Seg Size Min,fwdsegsizemin,6.524904251098633,6.524904251098633
516353,DoS attacks-Hulk,DoS attacks-Hulk,True,2,Tot Bwd Pkts,totbwdpkts,0.23303323984146118,0.23303323984146118
516353,DoS attacks-Hulk,DoS attacks-Hulk,True,3,Init Fwd Win Byts,initfwdwinbyts,0.21674415469169617,0.21674415469169617
516353,DoS attacks-Hulk,DoS attacks-Hulk,True,4,Fwd Pkt Len Max,fwdpktlenmax,0.19440652430057526,0.19440652430057526
516353,DoS attacks-Hulk,DoS attacks-Hulk,True,5,Fwd IAT Min,fwdiatmin,0.07819259166717529,0.07819259166717529
542197,DoS attacks-Hulk,DoS attacks-Hulk,True,1,Fwd Seg Size Min,fwdsegsizemin,6.524904251098633,6.524904251098633
542197,DoS attacks-Hulk,DoS attacks-Hulk,True,2,Tot Bwd Pkts,totbwdpkts,0.23303323984146118,0.23303323984146118
542197,DoS attacks-Hulk,DoS attacks-Hulk,True,3,Init Fwd Win Byts,initfwdwinbyts,0.21674415469169617,0.21674415469169617
542197,DoS attacks-Hulk,DoS attacks-Hulk,True,4,Fwd Pkt Len Max,fwdpktlenmax,0.19440652430057526,0.19440652430057526
542197,DoS attacks-Hulk,DoS attacks-Hulk,True,5,Fwd IAT Min,fwdiatmin,0.07819259166717529,0.07819259166717529
543252,DoS attacks-Hulk,DoS attacks-Hulk,True,1,Fwd Seg Size Min,fwdsegsizemin,6.3610968589782715,6.3610968589782715
543252,DoS attacks-Hulk,DoS attacks-Hulk,True,2,Bwd Pkt Len Std,bwdpktlenstd,0.4892795979976654,0.4892795979976654
543252,DoS attacks-Hulk,DoS attacks-Hulk,True,3,Init Fwd Win Byts,initfwdwinbyts,0.2141159027814865,0.2141159027814865
543252,DoS attacks-Hulk,DoS attacks-Hulk,True,4,Fwd Pkt Len Max,fwdpktlenmax,0.21237216889858246,0.21237216889858246
543252,DoS attacks-Hulk,DoS attacks-Hulk,True,5,TotLen Bwd Pkts,totlenbwdpkts,0.12534141540527344,0.12534141540527344
546301,DoS attacks-Hulk,DoS attacks-Hulk,True,1,Fwd Seg Size Min,fwdsegsizemin,6.524904251098633,6.524904251098633
546301,DoS attacks-Hulk,DoS attacks-Hulk,True,2,Tot Bwd Pkts,totbwdpkts,0.23303323984146118,0.23303323984146118
546301,DoS attacks-Hulk,DoS attacks-Hulk,True,3,Init Fwd Win Byts,initfwdwinbyts,0.21674415469169617,0.21674415469169617
546301,DoS attacks-Hulk,DoS attacks-Hulk,True,4,Fwd Pkt Len Max,fwdpktlenmax,0.19440652430057526,0.19440652430057526
546301,DoS attacks-Hulk,DoS attacks-Hulk,True,5,Fwd IAT Min,fwdiatmin,0.07819259166717529,0.07819259166717529
549486,DoS attacks-Hulk,DoS attacks-Hulk,True,1,Fwd Seg Size Min,fwdsegsizemin,6.524904251098633,6.524904251098633
549486,DoS attacks-Hulk,DoS attacks-Hulk,True,2,Tot Bwd Pkts,totbwdpkts,0.23303323984146118,0.23303323984146118
549486,DoS attacks-Hulk,DoS attacks-Hulk,True,3,Init Fwd Win Byts,initfwdwinbyts,0.21674415469169617,0.21674415469169617
549486,DoS attacks-Hulk,DoS attacks-Hulk,True,4,Fwd Pkt Len Max,fwdpktlenmax,0.19440652430057526,0.19440652430057526
549486,DoS attacks-Hulk,DoS attacks-Hulk,True,5,Fwd IAT Min,fwdiatmin,0.07819259166717529,0.07819259166717529
551756,DoS attacks-Hulk,DoS attacks-Hulk,True,1,Fwd Seg Size Min,fwdsegsizemin,6.183730602264404,6.183730602264404
551756,DoS attacks-Hulk,DoS attacks-Hulk,True,2,Bwd Pkt Len Std,bwdpktlenstd,1.0720857381820679,1.0720857381820679
551756,DoS attacks-Hulk,DoS attacks-Hulk,True,3,Init Fwd Win Byts,initfwdwinbyts,-0.46125346422195435,0.46125346422195435
551756,DoS attacks-Hulk,DoS attacks-Hulk,True,4,Fwd Pkt Len Max,fwdpktlenmax,0.21304592490196228,0.21304592490196228
551756,DoS attacks-Hulk,DoS attacks-Hulk,True,5,TotLen Bwd Pkts,totlenbwdpkts,0.12322394549846649,0.12322394549846649
552499,DoS attacks-Hulk,DoS attacks-Hulk,True,1,Fwd Seg Size Min,fwdsegsizemin,6.524904251098633,6.524904251098633
552499,DoS attacks-Hulk,DoS attacks-Hulk,True,2,Tot Bwd Pkts,totbwdpkts,0.23303323984146118,0.23303323984146118
552499,DoS attacks-Hulk,DoS attacks-Hulk,True,3,Init Fwd Win Byts,initfwdwinbyts,0.21674415469169617,0.21674415469169617
552499,DoS attacks-Hulk,DoS attacks-Hulk,True,4,Fwd Pkt Len Max,fwdpktlenmax,0.19440652430057526,0.19440652430057526
552499,DoS attacks-Hulk,DoS attacks-Hulk,True,5,Fwd IAT Min,fwdiatmin,0.07819259166717529,0.07819259166717529
568242,DoS attacks-Hulk,DoS attacks-Hulk,True,1,Fwd Seg Size Min,fwdsegsizemin,6.524904251098633,6.524904251098633
568242,DoS attacks-Hulk,DoS attacks-Hulk,True,2,Tot Bwd Pkts,totbwdpkts,0.23303323984146118,0.23303323984146118
568242,DoS attacks-Hulk,DoS attacks-Hulk,True,3,Init Fwd Win Byts,initfwdwinbyts,0.21674415469169617,0.21674415469169617
568242,DoS attacks-Hulk,DoS attacks-Hulk,True,4,Fwd Pkt Len Max,fwdpktlenmax,0.19440652430057526,0.19440652430057526
568242,DoS attacks-Hulk,DoS attacks-Hulk,True,5,Fwd IAT Min,fwdiatmin,0.07819259166717529,0.07819259166717529
594591,DoS attacks-Hulk,DoS attacks-Hulk,True,1,Fwd Seg Size Min,fwdsegsizemin,6.524466037750244,6.524466037750244
594591,DoS attacks-Hulk,DoS attacks-Hulk,True,2,Tot Bwd Pkts,totbwdpkts,0.23303323984146118,0.23303323984146118
594591,DoS attacks-Hulk,DoS attacks-Hulk,True,3,Init Fwd Win Byts,initfwdwinbyts,0.21684908866882324,0.21684908866882324
594591,DoS attacks-Hulk,DoS attacks-Hulk,True,4,Fwd Pkt Len Max,fwdpktlenmax,0.194403275847435,0.194403275847435
594591,DoS attacks-Hulk,DoS attacks-Hulk,True,5,Fwd IAT Min,fwdiatmin,0.07900825887918472,0.07900825887918472
595335,DoS attacks-Hulk,DoS attacks-Hulk,True,1,Fwd Seg Size Min,fwdsegsizemin,6.524904251098633,6.524904251098633
595335,DoS attacks-Hulk,DoS attacks-Hulk,True,2,Tot Bwd Pkts,totbwdpkts,0.23303323984146118,0.23303323984146118
595335,DoS attacks-Hulk,DoS attacks-Hulk,True,3,Init Fwd Win Byts,initfwdwinbyts,0.21674415469169617,0.21674415469169617
595335,DoS attacks-Hulk,DoS attacks-Hulk,True,4,Fwd Pkt Len Max,fwdpktlenmax,0.19440652430057526,0.19440652430057526
595335,DoS attacks-Hulk,DoS attacks-Hulk,True,5,Fwd IAT Min,fwdiatmin,0.07819259166717529,0.07819259166717529
599978,DoS attacks-Hulk,DoS attacks-Hulk,True,1,Fwd Seg Size Min,fwdsegsizemin,6.524904251098633,6.524904251098633
599978,DoS attacks-Hulk,DoS attacks-Hulk,True,2,Tot Bwd Pkts,totbwdpkts,0.23303323984146118,0.23303323984146118
599978,DoS attacks-Hulk,DoS attacks-Hulk,True,3,Init Fwd Win Byts,initfwdwinbyts,0.21674415469169617,0.21674415469169617
599978,DoS attacks-Hulk,DoS attacks-Hulk,True,4,Fwd Pkt Len Max,fwdpktlenmax,0.19440652430057526,0.19440652430057526
599978,DoS attacks-Hulk,DoS attacks-Hulk,True,5,Fwd IAT Min,fwdiatmin,0.07819259166717529,0.07819259166717529
602579,DoS attacks-Hulk,DoS attacks-Hulk,True,1,Fwd Seg Size Min,fwdsegsizemin,6.524904251098633,6.524904251098633
602579,DoS attacks-Hulk,DoS attacks-Hulk,True,2,Tot Bwd Pkts,totbwdpkts,0.23303323984146118,0.23303323984146118
602579,DoS attacks-Hulk,DoS attacks-Hulk,True,3,Init Fwd Win Byts,initfwdwinbyts,0.21674415469169617,0.21674415469169617
602579,DoS attacks-Hulk,DoS attacks-Hulk,True,4,Fwd Pkt Len Max,fwdpktlenmax,0.19440652430057526,0.19440652430057526
602579,DoS attacks-Hulk,DoS attacks-Hulk,True,5,Fwd IAT Min,fwdiatmin,0.07819259166717529,0.07819259166717529
610020,DoS attacks-Hulk,DoS attacks-Hulk,True,1,Fwd Seg Size Min,fwdsegsizemin,6.524904251098633,6.524904251098633
610020,DoS attacks-Hulk,DoS attacks-Hulk,True,2,Tot Bwd Pkts,totbwdpkts,0.23303323984146118,0.23303323984146118
610020,DoS attacks-Hulk,DoS attacks-Hulk,True,3,Init Fwd Win Byts,initfwdwinbyts,0.21674415469169617,0.21674415469169617
610020,DoS attacks-Hulk,DoS attacks-Hulk,True,4,Fwd Pkt Len Max,fwdpktlenmax,0.19440652430057526,0.19440652430057526
610020,DoS attacks-Hulk,DoS attacks-Hulk,True,5,Fwd IAT Min,fwdiatmin,0.07819259166717529,0.07819259166717529
627371,DoS attacks-Hulk,DoS attacks-Hulk,True,1,Fwd Seg Size Min,fwdsegsizemin,6.524662971496582,6.524662971496582
627371,DoS attacks-Hulk,DoS attacks-Hulk,True,2,Tot Bwd Pkts,totbwdpkts,0.23303323984146118,0.23303323984146118
627371,DoS attacks-Hulk,DoS attacks-Hulk,True,3,Init Fwd Win Byts,initfwdwinbyts,0.2165684849023819,0.2165684849023819
627371,DoS attacks-Hulk,DoS attacks-Hulk,True,4,Fwd Pkt Len Max,fwdpktlenmax,0.194403275847435,0.194403275847435
627371,DoS attacks-Hulk,DoS attacks-Hulk,True,5,Fwd IAT Min,fwdiatmin,0.0790201798081398,0.0790201798081398
630254,DoS attacks-Hulk,DoS attacks-Hulk,True,1,Fwd Seg Size Min,fwdsegsizemin,6.524904251098633,6.524904251098633
630254,DoS attacks-Hulk,DoS attacks-Hulk,True,2,Tot Bwd Pkts,totbwdpkts,0.23303323984146118,0.23303323984146118
630254,DoS attacks-Hulk,DoS attacks-Hulk,True,3,Init Fwd Win Byts,initfwdwinbyts,0.21674415469169617,0.21674415469169617
630254,DoS attacks-Hulk,DoS attacks-Hulk,True,4,Fwd Pkt Len Max,fwdpktlenmax,0.19440652430057526,0.19440652430057526
630254,DoS attacks-Hulk,DoS attacks-Hulk,True,5,Fwd IAT Min,fwdiatmin,0.07819259166717529,0.07819259166717529
653951,DoS attacks-Hulk,DoS attacks-Hulk,True,1,Fwd Seg Size Min,fwdsegsizemin,6.524904251098633,6.524904251098633
653951,DoS attacks-Hulk,DoS attacks-Hulk,True,2,Tot Bwd Pkts,totbwdpkts,0.23303323984146118,0.23303323984146118
653951,DoS attacks-Hulk,DoS attacks-Hulk,True,3,Init Fwd Win Byts,initfwdwinbyts,0.21674415469169617,0.21674415469169617
653951,DoS attacks-Hulk,DoS attacks-Hulk,True,4,Fwd Pkt Len Max,fwdpktlenmax,0.19440652430057526,0.19440652430057526
653951,DoS attacks-Hulk,DoS attacks-Hulk,True,5,Fwd IAT Min,fwdiatmin,0.07819259166717529,0.07819259166717529
656378,DoS attacks-Hulk,DoS attacks-Hulk,True,1,Fwd Seg Size Min,fwdsegsizemin,6.524904251098633,6.524904251098633
656378,DoS attacks-Hulk,DoS attacks-Hulk,True,2,Tot Bwd Pkts,totbwdpkts,0.23303323984146118,0.23303323984146118
656378,DoS attacks-Hulk,DoS attacks-Hulk,True,3,Init Fwd Win Byts,initfwdwinbyts,0.21674415469169617,0.21674415469169617
656378,DoS attacks-Hulk,DoS attacks-Hulk,True,4,Fwd Pkt Len Max,fwdpktlenmax,0.19440652430057526,0.19440652430057526
656378,DoS attacks-Hulk,DoS attacks-Hulk,True,5,Fwd IAT Min,fwdiatmin,0.07819259166717529,0.07819259166717529
664550,DoS attacks-Hulk,DoS attacks-Hulk,True,1,Fwd Seg Size Min,fwdsegsizemin,6.523834228515625,6.523834228515625
664550,DoS attacks-Hulk,DoS attacks-Hulk,True,2,Tot Bwd Pkts,totbwdpkts,0.23303323984146118,0.23303323984146118
664550,DoS attacks-Hulk,DoS attacks-Hulk,True,3,Init Fwd Win Byts,initfwdwinbyts,0.21675732731819153,0.21675732731819153
664550,DoS attacks-Hulk,DoS attacks-Hulk,True,4,Fwd Pkt Len Max,fwdpktlenmax,0.19436176121234894,0.19436176121234894
664550,DoS attacks-Hulk,DoS attacks-Hulk,True,5,Fwd IAT Min,fwdiatmin,0.08212907612323761,0.08212907612323761
668259,DoS attacks-Hulk,DoS attacks-Hulk,True,1,Fwd Seg Size Min,fwdsegsizemin,6.524904251098633,6.524904251098633
668259,DoS attacks-Hulk,DoS attacks-Hulk,True,2,Tot Bwd Pkts,totbwdpkts,0.23303323984146118,0.23303323984146118
668259,DoS attacks-Hulk,DoS attacks-Hulk,True,3,Init Fwd Win Byts,initfwdwinbyts,0.21674415469169617,0.21674415469169617
668259,DoS attacks-Hulk,DoS attacks-Hulk,True,4,Fwd Pkt Len Max,fwdpktlenmax,0.19440652430057526,0.19440652430057526
668259,DoS attacks-Hulk,DoS attacks-Hulk,True,5,Fwd IAT Min,fwdiatmin,0.07819259166717529,0.07819259166717529
671159,DoS attacks-Hulk,DoS attacks-Hulk,True,1,Fwd Seg Size Min,fwdsegsizemin,6.524904251098633,6.524904251098633
671159,DoS attacks-Hulk,DoS attacks-Hulk,True,2,Tot Bwd Pkts,totbwdpkts,0.23303323984146118,0.23303323984146118
671159,DoS attacks-Hulk,DoS attacks-Hulk,True,3,Init Fwd Win Byts,initfwdwinbyts,0.21674415469169617,0.21674415469169617
671159,DoS attacks-Hulk,DoS attacks-Hulk,True,4,Fwd Pkt Len Max,fwdpktlenmax,0.19440652430057526,0.19440652430057526
671159,DoS attacks-Hulk,DoS attacks-Hulk,True,5,Fwd IAT Min,fwdiatmin,0.07819259166717529,0.07819259166717529
683491,DoS attacks-Hulk,DoS attacks-Hulk,True,1,Fwd Seg Size Min,fwdsegsizemin,6.524904251098633,6.524904251098633
683491,DoS attacks-Hulk,DoS attacks-Hulk,True,2,Tot Bwd Pkts,totbwdpkts,0.23303323984146118,0.23303323984146118
683491,DoS attacks-Hulk,DoS attacks-Hulk,True,3,Init Fwd Win Byts,initfwdwinbyts,0.21674415469169617,0.21674415469169617
683491,DoS attacks-Hulk,DoS attacks-Hulk,True,4,Fwd Pkt Len Max,fwdpktlenmax,0.19440652430057526,0.19440652430057526
683491,DoS attacks-Hulk,DoS attacks-Hulk,True,5,Fwd IAT Min,fwdiatmin,0.07819259166717529,0.07819259166717529
687856,DoS attacks-Hulk,DoS attacks-Hulk,True,1,Fwd Seg Size Min,fwdsegsizemin,6.524904251098633,6.524904251098633
687856,DoS attacks-Hulk,DoS attacks-Hulk,True,2,Tot Bwd Pkts,totbwdpkts,0.23303323984146118,0.23303323984146118
687856,DoS attacks-Hulk,DoS attacks-Hulk,True,3,Init Fwd Win Byts,initfwdwinbyts,0.21674415469169617,0.21674415469169617
687856,DoS attacks-Hulk,DoS attacks-Hulk,True,4,Fwd Pkt Len Max,fwdpktlenmax,0.19440652430057526,0.19440652430057526
687856,DoS attacks-Hulk,DoS attacks-Hulk,True,5,Fwd IAT Min,fwdiatmin,0.07819259166717529,0.07819259166717529
695077,DoS attacks-Hulk,DoS attacks-Hulk,True,1,Fwd Seg Size Min,fwdsegsizemin,6.524904251098633,6.524904251098633
695077,DoS attacks-Hulk,DoS attacks-Hulk,True,2,Tot Bwd Pkts,totbwdpkts,0.23303323984146118,0.23303323984146118
695077,DoS attacks-Hulk,DoS attacks-Hulk,True,3,Init Fwd Win Byts,initfwdwinbyts,0.21674415469169617,0.21674415469169617
695077,DoS attacks-Hulk,DoS attacks-Hulk,True,4,Fwd Pkt Len Max,fwdpktlenmax,0.19440652430057526,0.19440652430057526
695077,DoS attacks-Hulk,DoS attacks-Hulk,True,5,Fwd IAT Min,fwdiatmin,0.07819259166717529,0.07819259166717529
699477,DoS attacks-Hulk,DoS attacks-Hulk,True,1,Fwd Seg Size Min,fwdsegsizemin,6.524772644042969,6.524772644042969
699477,DoS attacks-Hulk,DoS attacks-Hulk,True,2,Tot Bwd Pkts,totbwdpkts,0.23303323984146118,0.23303323984146118
699477,DoS attacks-Hulk,DoS attacks-Hulk,True,3,Init Fwd Win Byts,initfwdwinbyts,0.2169329971075058,0.2169329971075058
699477,DoS attacks-Hulk,DoS attacks-Hulk,True,4,Fwd Pkt Len Max,fwdpktlenmax,0.19440652430057526,0.19440652430057526
699477,DoS attacks-Hulk,DoS attacks-Hulk,True,5,Fwd IAT Min,fwdiatmin,0.0781848356127739,0.0781848356127739
1071,DoS attacks-SlowHTTPTest,DoS attacks-SlowHTTPTest,True,1,Fwd Seg Size Min,fwdsegsizemin,6.675480365753174,6.675480365753174
1071,DoS attacks-SlowHTTPTest,DoS attacks-SlowHTTPTest,True,2,Flow IAT Max,flowiatmax,2.769991397857666,2.769991397857666
1071,DoS attacks-SlowHTTPTest,DoS attacks-SlowHTTPTest,True,3,Flow Duration,flowduration,0.9145767688751221,0.9145767688751221
1071,DoS attacks-SlowHTTPTest,DoS attacks-SlowHTTPTest,True,4,Bwd Pkts/s,bwdpktss,-0.8879985213279724,0.8879985213279724
1071,DoS attacks-SlowHTTPTest,DoS attacks-SlowHTTPTest,True,5,Flow IAT Min,flowiatmin,0.47152194380760193,0.47152194380760193
7705,DoS attacks-SlowHTTPTest,FTP-BruteForce,False,1,Fwd Seg Size Min,fwdsegsizemin,5.743864059448242,5.743864059448242
7705,DoS attacks-SlowHTTPTest,FTP-BruteForce,False,2,Flow Pkts/s,flowpktss,0.8255063891410828,0.8255063891410828
7705,DoS attacks-SlowHTTPTest,FTP-BruteForce,False,3,Flow IAT Max,flowiatmax,0.2989501953125,0.2989501953125
7705,DoS attacks-SlowHTTPTest,FTP-BruteForce,False,4,Flow IAT Min,flowiatmin,-0.2947032153606415,0.2947032153606415
7705,DoS attacks-SlowHTTPTest,FTP-BruteForce,False,5,Flow IAT Mean,flowiatmean,-0.23333679139614105,0.23333679139614105
12685,DoS attacks-SlowHTTPTest,DoS attacks-SlowHTTPTest,True,1,Fwd Seg Size Min,fwdsegsizemin,6.8819427490234375,6.8819427490234375
12685,DoS attacks-SlowHTTPTest,DoS attacks-SlowHTTPTest,True,2,Flow IAT Max,flowiatmax,2.7676210403442383,2.7676210403442383
12685,DoS attacks-SlowHTTPTest,DoS attacks-SlowHTTPTest,True,3,Flow Duration,flowduration,1.2512905597686768,1.2512905597686768
12685,DoS attacks-SlowHTTPTest,DoS attacks-SlowHTTPTest,True,4,Bwd Pkts/s,bwdpktss,-0.5335652828216553,0.5335652828216553
12685,DoS attacks-SlowHTTPTest,DoS attacks-SlowHTTPTest,True,5,Flow IAT Min,flowiatmin,0.44464388489723206,0.44464388489723206
13946,DoS attacks-SlowHTTPTest,DoS attacks-SlowHTTPTest,True,1,Fwd Seg Size Min,fwdsegsizemin,5.051698684692383,5.051698684692383
13946,DoS attacks-SlowHTTPTest,DoS attacks-SlowHTTPTest,True,2,Flow Duration,flowduration,1.473873257637024,1.473873257637024
13946,DoS attacks-SlowHTTPTest,DoS attacks-SlowHTTPTest,True,3,Bwd Pkts/s,bwdpktss,0.710692822933197,0.710692822933197
13946,DoS attacks-SlowHTTPTest,DoS attacks-SlowHTTPTest,True,4,Flow IAT Max,flowiatmax,-0.38752469420433044,0.38752469420433044
13946,DoS attacks-SlowHTTPTest,DoS attacks-SlowHTTPTest,True,5,Flow IAT Min,flowiatmin,0.2946729063987732,0.2946729063987732
14273,DoS attacks-SlowHTTPTest,DoS attacks-SlowHTTPTest,True,1,Fwd Seg Size Min,fwdsegsizemin,5.319548606872559,5.319548606872559
14273,DoS attacks-SlowHTTPTest,DoS attacks-SlowHTTPTest,True,2,Flow IAT Max,flowiatmax,0.996654748916626,0.996654748916626
14273,DoS attacks-SlowHTTPTest,DoS attacks-SlowHTTPTest,True,3,Flow Duration,flowduration,0.6615630388259888,0.6615630388259888
14273,DoS attacks-SlowHTTPTest,DoS attacks-SlowHTTPTest,True,4,Flow IAT Min,flowiatmin,0.2525206208229065,0.2525206208229065
14273,DoS attacks-SlowHTTPTest,DoS attacks-SlowHTTPTest,True,5,Dst Port,dstport,0.17669683694839478,0.17669683694839478
25922,DoS attacks-SlowHTTPTest,FTP-BruteForce,False,1,Fwd Seg Size Min,fwdsegsizemin,5.78797721862793,5.78797721862793
25922,DoS attacks-SlowHTTPTest,FTP-BruteForce,False,2,Flow Pkts/s,flowpktss,0.8646196722984314,0.8646196722984314
25922,DoS attacks-SlowHTTPTest,FTP-BruteForce,False,3,Flow IAT Max,flowiatmax,0.2989501953125,0.2989501953125
25922,DoS attacks-SlowHTTPTest,FTP-BruteForce,False,4,Flow IAT Min,flowiatmin,-0.22857584059238434,0.22857584059238434
25922,DoS attacks-SlowHTTPTest,FTP-BruteForce,False,5,Flow IAT Mean,flowiatmean,-0.15678799152374268,0.15678799152374268
36398,DoS attacks-SlowHTTPTest,FTP-BruteForce,False,1,Fwd Seg Size Min,fwdsegsizemin,5.78797721862793,5.78797721862793
36398,DoS attacks-SlowHTTPTest,FTP-BruteForce,False,2,Flow Pkts/s,flowpktss,0.8646196722984314,0.8646196722984314
36398,DoS attacks-SlowHTTPTest,FTP-BruteForce,False,3,Flow IAT Max,flowiatmax,0.2989501953125,0.2989501953125
36398,DoS attacks-SlowHTTPTest,FTP-BruteForce,False,4,Flow IAT Min,flowiatmin,-0.22857584059238434,0.22857584059238434
36398,DoS attacks-SlowHTTPTest,FTP-BruteForce,False,5,Flow IAT Mean,flowiatmean,-0.15678799152374268,0.15678799152374268
37957,DoS attacks-SlowHTTPTest,DoS attacks-SlowHTTPTest,True,1,Fwd Seg Size Min,fwdsegsizemin,5.319548606872559,5.319548606872559
37957,DoS attacks-SlowHTTPTest,DoS attacks-SlowHTTPTest,True,2,Flow IAT Max,flowiatmax,0.996654748916626,0.996654748916626
37957,DoS attacks-SlowHTTPTest,DoS attacks-SlowHTTPTest,True,3,Flow Duration,flowduration,0.6615630388259888,0.6615630388259888
37957,DoS attacks-SlowHTTPTest,DoS attacks-SlowHTTPTest,True,4,Flow IAT Min,flowiatmin,0.2525206208229065,0.2525206208229065
37957,DoS attacks-SlowHTTPTest,DoS attacks-SlowHTTPTest,True,5,Dst Port,dstport,0.17669683694839478,0.17669683694839478
41401,DoS attacks-SlowHTTPTest,FTP-BruteForce,False,1,Fwd Seg Size Min,fwdsegsizemin,5.7662529945373535,5.7662529945373535
41401,DoS attacks-SlowHTTPTest,FTP-BruteForce,False,2,Flow Pkts/s,flowpktss,0.8124192357063293,0.8124192357063293
41401,DoS attacks-SlowHTTPTest,FTP-BruteForce,False,3,Flow IAT Max,flowiatmax,0.2989501953125,0.2989501953125
41401,DoS attacks-SlowHTTPTest,FTP-BruteForce,False,4,Flow IAT Min,flowiatmin,-0.2414916306734085,0.2414916306734085
41401,DoS attacks-SlowHTTPTest,FTP-BruteForce,False,5,Flow IAT Mean,flowiatmean,-0.16353875398635864,0.16353875398635864
63607,DoS attacks-SlowHTTPTest,DoS attacks-SlowHTTPTest,True,1,Fwd Seg Size Min,fwdsegsizemin,6.675480365753174,6.675480365753174
63607,DoS attacks-SlowHTTPTest,DoS attacks-SlowHTTPTest,True,2,Flow IAT Max,flowiatmax,2.769991397857666,2.769991397857666
63607,DoS attacks-SlowHTTPTest,DoS attacks-SlowHTTPTest,True,3,Flow Duration,flowduration,0.9145767688751221,0.9145767688751221
63607,DoS attacks-SlowHTTPTest,DoS attacks-SlowHTTPTest,True,4,Bwd Pkts/s,bwdpktss,-0.8879985213279724,0.8879985213279724
63607,DoS attacks-SlowHTTPTest,DoS attacks-SlowHTTPTest,True,5,Flow IAT Min,flowiatmin,0.47152194380760193,0.47152194380760193
67265,DoS attacks-SlowHTTPTest,FTP-BruteForce,False,1,Fwd Seg Size Min,fwdsegsizemin,5.859584808349609,5.859584808349609
67265,DoS attacks-SlowHTTPTest,FTP-BruteForce,False,2,Flow IAT Min,flowiatmin,0.5929430723190308,0.5929430723190308
67265,DoS attacks-SlowHTTPTest,FTP-BruteForce,False,3,Flow Pkts/s,flowpktss,0.5704309344291687,0.5704309344291687
67265,DoS attacks-SlowHTTPTest,FTP-BruteForce,False,4,Flow IAT Max,flowiatmax,-0.3574025332927704,0.3574025332927704
67265,DoS attacks-SlowHTTPTest,FTP-BruteForce,False,5,Flow Duration,flowduration,0.20958349108695984,0.20958349108695984
84344,DoS attacks-SlowHTTPTest,FTP-BruteForce,False,1,Fwd Seg Size Min,fwdsegsizemin,6.152994632720947,6.152994632720947
84344,DoS attacks-SlowHTTPTest,FTP-BruteForce,False,2,Flow IAT Max,flowiatmax,0.5493417978286743,0.5493417978286743
84344,DoS attacks-SlowHTTPTest,FTP-BruteForce,False,3,Flow IAT Min,flowiatmin,-0.44347134232521057,0.44347134232521057
84344,DoS attacks-SlowHTTPTest,FTP-BruteForce,False,4,Flow IAT Mean,flowiatmean,0.4426613450050354,0.4426613450050354
84344,DoS attacks-SlowHTTPTest,FTP-BruteForce,False,5,Flow Pkts/s,flowpktss,0.41166064143180847,0.41166064143180847
85527,DoS attacks-SlowHTTPTest,DoS attacks-SlowHTTPTest,True,1,Fwd Seg Size Min,fwdsegsizemin,5.051698684692383,5.051698684692383
85527,DoS attacks-SlowHTTPTest,DoS attacks-SlowHTTPTest,True,2,Flow Duration,flowduration,1.473873257637024,1.473873257637024
85527,DoS attacks-SlowHTTPTest,DoS attacks-SlowHTTPTest,True,3,Bwd Pkts/s,bwdpktss,0.710692822933197,0.710692822933197
85527,DoS attacks-SlowHTTPTest,DoS attacks-SlowHTTPTest,True,4,Flow IAT Max,flowiatmax,-0.38752469420433044,0.38752469420433044
85527,DoS attacks-SlowHTTPTest,DoS attacks-SlowHTTPTest,True,5,Flow IAT Min,flowiatmin,0.2946729063987732,0.2946729063987732
88694,DoS attacks-SlowHTTPTest,DoS attacks-SlowHTTPTest,True,1,Fwd Seg Size Min,fwdsegsizemin,5.051698684692383,5.051698684692383
88694,DoS attacks-SlowHTTPTest,DoS attacks-SlowHTTPTest,True,2,Flow Duration,flowduration,1.473873257637024,1.473873257637024
88694,DoS attacks-SlowHTTPTest,DoS attacks-SlowHTTPTest,True,3,Bwd Pkts/s,bwdpktss,0.710692822933197,0.710692822933197
88694,DoS attacks-SlowHTTPTest,DoS attacks-SlowHTTPTest,True,4,Flow IAT Max,flowiatmax,-0.38752469420433044,0.38752469420433044
88694,DoS attacks-SlowHTTPTest,DoS attacks-SlowHTTPTest,True,5,Flow IAT Min,flowiatmin,0.2946729063987732,0.2946729063987732
91864,DoS attacks-SlowHTTPTest,DoS attacks-SlowHTTPTest,True,1,Fwd Seg Size Min,fwdsegsizemin,5.372504711151123,5.372504711151123
91864,DoS attacks-SlowHTTPTest,DoS attacks-SlowHTTPTest,True,2,Flow IAT Max,flowiatmax,0.9838629364967346,0.9838629364967346
91864,DoS attacks-SlowHTTPTest,DoS attacks-SlowHTTPTest,True,3,Flow Duration,flowduration,0.6981530785560608,0.6981530785560608
91864,DoS attacks-SlowHTTPTest,DoS attacks-SlowHTTPTest,True,4,Flow IAT Min,flowiatmin,0.29861360788345337,0.29861360788345337
91864,DoS attacks-SlowHTTPTest,DoS attacks-SlowHTTPTest,True,5,Dst Port,dstport,0.15956903994083405,0.15956903994083405
94056,DoS attacks-SlowHTTPTest,FTP-BruteForce,False,1,Fwd Seg Size Min,fwdsegsizemin,5.859584808349609,5.859584808349609
94056,DoS attacks-SlowHTTPTest,FTP-BruteForce,False,2,Flow IAT Min,flowiatmin,0.5929430723190308,0.5929430723190308
94056,DoS attacks-SlowHTTPTest,FTP-BruteForce,False,3,Flow Pkts/s,flowpktss,0.5704309344291687,0.5704309344291687
94056,DoS attacks-SlowHTTPTest,FTP-BruteForce,False,4,Flow IAT Max,flowiatmax,-0.3574025332927704,0.3574025332927704
94056,DoS attacks-SlowHTTPTest,FTP-BruteForce,False,5,Flow Duration,flowduration,0.20958349108695984,0.20958349108695984
98672,DoS attacks-SlowHTTPTest,FTP-BruteForce,False,1,Fwd Seg Size Min,fwdsegsizemin,5.743864059448242,5.743864059448242
98672,DoS attacks-SlowHTTPTest,FTP-BruteForce,False,2,Flow Pkts/s,flowpktss,0.8255063891410828,0.8255063891410828
98672,DoS attacks-SlowHTTPTest,FTP-BruteForce,False,3,Flow IAT Max,flowiatmax,0.2989501953125,0.2989501953125
98672,DoS attacks-SlowHTTPTest,FTP-BruteForce,False,4,Flow IAT Min,flowiatmin,-0.2947032153606415,0.2947032153606415
98672,DoS attacks-SlowHTTPTest,FTP-BruteForce,False,5,Flow IAT Mean,flowiatmean,-0.23333679139614105,0.23333679139614105
99739,DoS attacks-SlowHTTPTest,FTP-BruteForce,False,1,Fwd Seg Size Min,fwdsegsizemin,5.743864059448242,5.743864059448242
99739,DoS attacks-SlowHTTPTest,FTP-BruteForce,False,2,Flow Pkts/s,flowpktss,0.8255063891410828,0.8255063891410828
99739,DoS attacks-SlowHTTPTest,FTP-BruteForce,False,3,Flow IAT Max,flowiatmax,0.2989501953125,0.2989501953125
99739,DoS attacks-SlowHTTPTest,FTP-BruteForce,False,4,Flow IAT Min,flowiatmin,-0.2947032153606415,0.2947032153606415
99739,DoS attacks-SlowHTTPTest,FTP-BruteForce,False,5,Flow IAT Mean,flowiatmean,-0.23333679139614105,0.23333679139614105
105283,DoS attacks-SlowHTTPTest,DoS attacks-SlowHTTPTest,True,1,Fwd Seg Size Min,fwdsegsizemin,6.675480365753174,6.675480365753174
105283,DoS attacks-SlowHTTPTest,DoS attacks-SlowHTTPTest,True,2,Flow IAT Max,flowiatmax,2.769991397857666,2.769991397857666
105283,DoS attacks-SlowHTTPTest,DoS attacks-SlowHTTPTest,True,3,Flow Duration,flowduration,0.9145767688751221,0.9145767688751221
105283,DoS attacks-SlowHTTPTest,DoS attacks-SlowHTTPTest,True,4,Bwd Pkts/s,bwdpktss,-0.8879985213279724,0.8879985213279724
105283,DoS attacks-SlowHTTPTest,DoS attacks-SlowHTTPTest,True,5,Flow IAT Min,flowiatmin,0.47152194380760193,0.47152194380760193
108001,DoS attacks-SlowHTTPTest,DoS attacks-SlowHTTPTest,True,1,Fwd Seg Size Min,fwdsegsizemin,6.675480365753174,6.675480365753174
108001,DoS attacks-SlowHTTPTest,DoS attacks-SlowHTTPTest,True,2,Flow IAT Max,flowiatmax,2.769991397857666,2.769991397857666
108001,DoS attacks-SlowHTTPTest,DoS attacks-SlowHTTPTest,True,3,Flow Duration,flowduration,0.9145767688751221,0.9145767688751221
108001,DoS attacks-SlowHTTPTest,DoS attacks-SlowHTTPTest,True,4,Bwd Pkts/s,bwdpktss,-0.8879985213279724,0.8879985213279724
108001,DoS attacks-SlowHTTPTest,DoS attacks-SlowHTTPTest,True,5,Flow IAT Min,flowiatmin,0.47152194380760193,0.47152194380760193
110222,DoS attacks-SlowHTTPTest,FTP-BruteForce,False,1,Fwd Seg Size Min,fwdsegsizemin,6.43540096282959,6.43540096282959
110222,DoS attacks-SlowHTTPTest,FTP-BruteForce,False,2,Flow Pkts/s,flowpktss,0.9779026508331299,0.9779026508331299
110222,DoS attacks-SlowHTTPTest,FTP-BruteForce,False,3,Flow IAT Max,flowiatmax,0.4094475507736206,0.4094475507736206
110222,DoS attacks-SlowHTTPTest,FTP-BruteForce,False,4,Flow Duration,flowduration,0.2625958025455475,0.2625958025455475
110222,DoS attacks-SlowHTTPTest,FTP-BruteForce,False,5,Flow IAT Min,flowiatmin,-0.24916982650756836,0.24916982650756836
113901,DoS attacks-SlowHTTPTest,FTP-BruteForce,False,1,Fwd Seg Size Min,fwdsegsizemin,6.152994632720947,6.152994632720947
113901,DoS attacks-SlowHTTPTest,FTP-BruteForce,False,2,Flow IAT Max,flowiatmax,0.5493417978286743,0.5493417978286743
113901,DoS attacks-SlowHTTPTest,FTP-BruteForce,False,3,Flow IAT Min,flowiatmin,-0.44347134232521057,0.44347134232521057
113901,DoS attacks-SlowHTTPTest,FTP-BruteForce,False,4,Flow IAT Mean,flowiatmean,0.4426613450050354,0.4426613450050354
113901,DoS attacks-SlowHTTPTest,FTP-BruteForce,False,5,Flow Pkts/s,flowpktss,0.41166064143180847,0.41166064143180847
118456,DoS attacks-SlowHTTPTest,FTP-BruteForce,False,1,Fwd Seg Size Min,fwdsegsizemin,5.78797721862793,5.78797721862793
118456,DoS attacks-SlowHTTPTest,FTP-BruteForce,False,2,Flow Pkts/s,flowpktss,0.8646196722984314,0.8646196722984314
118456,DoS attacks-SlowHTTPTest,FTP-BruteForce,False,3,Flow IAT Max,flowiatmax,0.2989501953125,0.2989501953125
118456,DoS attacks-SlowHTTPTest,FTP-BruteForce,False,4,Flow IAT Min,flowiatmin,-0.22857584059238434,0.22857584059238434
118456,DoS attacks-SlowHTTPTest,FTP-BruteForce,False,5,Flow IAT Mean,flowiatmean,-0.15678799152374268,0.15678799152374268
124138,DoS attacks-SlowHTTPTest,FTP-BruteForce,False,1,Fwd Seg Size Min,fwdsegsizemin,5.743864059448242,5.743864059448242
124138,DoS attacks-SlowHTTPTest,FTP-BruteForce,False,2,Flow Pkts/s,flowpktss,0.8255063891410828,0.8255063891410828
124138,DoS attacks-SlowHTTPTest,FTP-BruteForce,False,3,Flow IAT Max,flowiatmax,0.2989501953125,0.2989501953125
124138,DoS attacks-SlowHTTPTest,FTP-BruteForce,False,4,Flow IAT Min,flowiatmin,-0.2947032153606415,0.2947032153606415
124138,DoS attacks-SlowHTTPTest,FTP-BruteForce,False,5,Flow IAT Mean,flowiatmean,-0.23333679139614105,0.23333679139614105
128912,DoS attacks-SlowHTTPTest,FTP-BruteForce,False,1,Fwd Seg Size Min,fwdsegsizemin,6.394804000854492,6.394804000854492
128912,DoS attacks-SlowHTTPTest,FTP-BruteForce,False,2,Flow Pkts/s,flowpktss,0.9064421653747559,0.9064421653747559
128912,DoS attacks-SlowHTTPTest,FTP-BruteForce,False,3,Flow IAT Max,flowiatmax,0.4659835994243622,0.4659835994243622
128912,DoS attacks-SlowHTTPTest,FTP-BruteForce,False,4,Flow IAT Mean,flowiatmean,0.44334840774536133,0.44334840774536133
128912,DoS attacks-SlowHTTPTest,FTP-BruteForce,False,5,Flow IAT Min,flowiatmin,-0.32503631711006165,0.32503631711006165
131490,DoS attacks-SlowHTTPTest,DoS attacks-SlowHTTPTest,True,1,Fwd Seg Size Min,fwdsegsizemin,6.675480365753174,6.675480365753174
131490,DoS attacks-SlowHTTPTest,DoS attacks-SlowHTTPTest,True,2,Flow IAT Max,flowiatmax,2.769991397857666,2.769991397857666
131490,DoS attacks-SlowHTTPTest,DoS attacks-SlowHTTPTest,True,3,Flow Duration,flowduration,0.9145767688751221,0.9145767688751221
131490,DoS attacks-SlowHTTPTest,DoS attacks-SlowHTTPTest,True,4,Bwd Pkts/s,bwdpktss,-0.8879985213279724,0.8879985213279724
131490,DoS attacks-SlowHTTPTest,DoS attacks-SlowHTTPTest,True,5,Flow IAT Min,flowiatmin,0.47152194380760193,0.47152194380760193
163706,DoS attacks-SlowHTTPTest,FTP-BruteForce,False,1,Fwd Seg Size Min,fwdsegsizemin,5.7662529945373535,5.7662529945373535
163706,DoS attacks-SlowHTTPTest,FTP-BruteForce,False,2,Flow Pkts/s,flowpktss,0.8124192357063293,0.8124192357063293
163706,DoS attacks-SlowHTTPTest,FTP-BruteForce,False,3,Flow IAT Max,flowiatmax,0.2989501953125,0.2989501953125
163706,DoS attacks-SlowHTTPTest,FTP-BruteForce,False,4,Flow IAT Min,flowiatmin,-0.2414916306734085,0.2414916306734085
163706,DoS attacks-SlowHTTPTest,FTP-BruteForce,False,5,Flow IAT Mean,flowiatmean,-0.16353875398635864,0.16353875398635864
164082,DoS attacks-SlowHTTPTest,DoS attacks-SlowHTTPTest,True,1,Fwd Seg Size Min,fwdsegsizemin,6.598801612854004,6.598801612854004
164082,DoS attacks-SlowHTTPTest,DoS attacks-SlowHTTPTest,True,2,Flow IAT Max,flowiatmax,1.4682230949401855,1.4682230949401855
164082,DoS attacks-SlowHTTPTest,DoS attacks-SlowHTTPTest,True,3,Flow Duration,flowduration,1.0941827297210693,1.0941827297210693
164082,DoS attacks-SlowHTTPTest,DoS attacks-SlowHTTPTest,True,4,Flow IAT Min,flowiatmin,0.4287794530391693,0.4287794530391693
164082,DoS attacks-SlowHTTPTest,DoS attacks-SlowHTTPTest,True,5,Flow Pkts/s,flowpktss,0.2768248915672302,0.2768248915672302
174899,DoS attacks-SlowHTTPTest,FTP-BruteForce,False,1,Fwd Seg Size Min,fwdsegsizemin,5.743864059448242,5.743864059448242
174899,DoS attacks-SlowHTTPTest,FTP-BruteForce,False,2,Flow Pkts/s,flowpktss,0.8255063891410828,0.8255063891410828
174899,DoS attacks-SlowHTTPTest,FTP-BruteForce,False,3,Flow IAT Max,flowiatmax,0.2989501953125,0.2989501953125
174899,DoS attacks-SlowHTTPTest,FTP-BruteForce,False,4,Flow IAT Min,flowiatmin,-0.2947032153606415,0.2947032153606415
174899,DoS attacks-SlowHTTPTest,FTP-BruteForce,False,5,Flow IAT Mean,flowiatmean,-0.23333679139614105,0.23333679139614105
180720,DoS attacks-SlowHTTPTest,FTP-BruteForce,False,1,Fwd Seg Size Min,fwdsegsizemin,5.78797721862793,5.78797721862793
180720,DoS attacks-SlowHTTPTest,FTP-BruteForce,False,2,Flow Pkts/s,flowpktss,0.8646196722984314,0.8646196722984314
180720,DoS attacks-SlowHTTPTest,FTP-BruteForce,False,3,Flow IAT Max,flowiatmax,0.2989501953125,0.2989501953125
180720,DoS attacks-SlowHTTPTest,FTP-BruteForce,False,4,Flow IAT Min,flowiatmin,-0.22857584059238434,0.22857584059238434
180720,DoS attacks-SlowHTTPTest,FTP-BruteForce,False,5,Flow IAT Mean,flowiatmean,-0.15678799152374268,0.15678799152374268
191069,DoS attacks-SlowHTTPTest,FTP-BruteForce,False,1,Fwd Seg Size Min,fwdsegsizemin,6.43540096282959,6.43540096282959
191069,DoS attacks-SlowHTTPTest,FTP-BruteForce,False,2,Flow Pkts/s,flowpktss,0.9779026508331299,0.9779026508331299
191069,DoS attacks-SlowHTTPTest,FTP-BruteForce,False,3,Flow IAT Max,flowiatmax,0.4094475507736206,0.4094475507736206
191069,DoS attacks-SlowHTTPTest,FTP-BruteForce,False,4,Flow Duration,flowduration,0.2625958025455475,0.2625958025455475
191069,DoS attacks-SlowHTTPTest,FTP-BruteForce,False,5,Flow IAT Min,flowiatmin,-0.24916982650756836,0.24916982650756836
209645,DoS attacks-SlowHTTPTest,DoS attacks-SlowHTTPTest,True,1,Fwd Seg Size Min,fwdsegsizemin,4.989038467407227,4.989038467407227
209645,DoS attacks-SlowHTTPTest,DoS attacks-SlowHTTPTest,True,2,Flow Duration,flowduration,1.4339730739593506,1.4339730739593506
209645,DoS attacks-SlowHTTPTest,DoS attacks-SlowHTTPTest,True,3,Bwd Pkts/s,bwdpktss,0.7320009469985962,0.7320009469985962
209645,DoS attacks-SlowHTTPTest,DoS attacks-SlowHTTPTest,True,4,Flow IAT Max,flowiatmax,-0.33931025862693787,0.33931025862693787
209645,DoS attacks-SlowHTTPTest,DoS attacks-SlowHTTPTest,True,5,Flow IAT Mean,flowiatmean,0.19771936535835266,0.19771936535835266
209940,DoS attacks-SlowHTTPTest,FTP-BruteForce,False,1,Fwd Seg Size Min,fwdsegsizemin,5.78797721862793,5.78797721862793
209940,DoS attacks-SlowHTTPTest,FTP-BruteForce,False,2,Flow Pkts/s,flowpktss,0.8646196722984314,0.8646196722984314
209940,DoS attacks-SlowHTTPTest,FTP-BruteForce,False,3,Flow IAT Max,flowiatmax,0.2989501953125,0.2989501953125
209940,DoS attacks-SlowHTTPTest,FTP-BruteForce,False,4,Flow IAT Min,flowiatmin,-0.22857584059238434,0.22857584059238434
209940,DoS attacks-SlowHTTPTest,FTP-BruteForce,False,5,Flow IAT Mean,flowiatmean,-0.15678799152374268,0.15678799152374268
218188,DoS attacks-SlowHTTPTest,DoS attacks-SlowHTTPTest,True,1,Fwd Seg Size Min,fwdsegsizemin,6.675480365753174,6.675480365753174
218188,DoS attacks-SlowHTTPTest,DoS attacks-SlowHTTPTest,True,2,Flow IAT Max,flowiatmax,2.769991397857666,2.769991397857666
218188,DoS attacks-SlowHTTPTest,DoS attacks-SlowHTTPTest,True,3,Flow Duration,flowduration,0.9145767688751221,0.9145767688751221
218188,DoS attacks-SlowHTTPTest,DoS attacks-SlowHTTPTest,True,4,Bwd Pkts/s,bwdpktss,-0.8879985213279724,0.8879985213279724
218188,DoS attacks-SlowHTTPTest,DoS attacks-SlowHTTPTest,True,5,Flow IAT Min,flowiatmin,0.47152194380760193,0.47152194380760193
240188,DoS attacks-SlowHTTPTest,FTP-BruteForce,False,1,Fwd Seg Size Min,fwdsegsizemin,5.743864059448242,5.743864059448242
240188,DoS attacks-SlowHTTPTest,FTP-BruteForce,False,2,Flow Pkts/s,flowpktss,0.8255063891410828,0.8255063891410828
240188,DoS attacks-SlowHTTPTest,FTP-BruteForce,False,3,Flow IAT Max,flowiatmax,0.2989501953125,0.2989501953125
240188,DoS attacks-SlowHTTPTest,FTP-BruteForce,False,4,Flow IAT Min,flowiatmin,-0.2947032153606415,0.2947032153606415
240188,DoS attacks-SlowHTTPTest,FTP-BruteForce,False,5,Flow IAT Mean,flowiatmean,-0.23333679139614105,0.23333679139614105
255965,DoS attacks-SlowHTTPTest,FTP-BruteForce,False,1,Fwd Seg Size Min,fwdsegsizemin,5.7662529945373535,5.7662529945373535
255965,DoS attacks-SlowHTTPTest,FTP-BruteForce,False,2,Flow Pkts/s,flowpktss,0.8124192357063293,0.8124192357063293
255965,DoS attacks-SlowHTTPTest,FTP-BruteForce,False,3,Flow IAT Max,flowiatmax,0.2989501953125,0.2989501953125
255965,DoS attacks-SlowHTTPTest,FTP-BruteForce,False,4,Flow IAT Min,flowiatmin,-0.2414916306734085,0.2414916306734085
255965,DoS attacks-SlowHTTPTest,FTP-BruteForce,False,5,Flow IAT Mean,flowiatmean,-0.16353875398635864,0.16353875398635864
258387,DoS attacks-SlowHTTPTest,DoS attacks-SlowHTTPTest,True,1,Fwd Seg Size Min,fwdsegsizemin,6.675480365753174,6.675480365753174
258387,DoS attacks-SlowHTTPTest,DoS attacks-SlowHTTPTest,True,2,Flow IAT Max,flowiatmax,2.769991397857666,2.769991397857666
258387,DoS attacks-SlowHTTPTest,DoS attacks-SlowHTTPTest,True,3,Flow Duration,flowduration,0.9145767688751221,0.9145767688751221
258387,DoS attacks-SlowHTTPTest,DoS attacks-SlowHTTPTest,True,4,Bwd Pkts/s,bwdpktss,-0.8879985213279724,0.8879985213279724
258387,DoS attacks-SlowHTTPTest,DoS attacks-SlowHTTPTest,True,5,Flow IAT Min,flowiatmin,0.47152194380760193,0.47152194380760193
265444,DoS attacks-SlowHTTPTest,FTP-BruteForce,False,1,Fwd Seg Size Min,fwdsegsizemin,5.7662529945373535,5.7662529945373535
265444,DoS attacks-SlowHTTPTest,FTP-BruteForce,False,2,Flow Pkts/s,flowpktss,0.8124192357063293,0.8124192357063293
265444,DoS attacks-SlowHTTPTest,FTP-BruteForce,False,3,Flow IAT Max,flowiatmax,0.2989501953125,0.2989501953125
265444,DoS attacks-SlowHTTPTest,FTP-BruteForce,False,4,Flow IAT Min,flowiatmin,-0.2414916306734085,0.2414916306734085
265444,DoS attacks-SlowHTTPTest,FTP-BruteForce,False,5,Flow IAT Mean,flowiatmean,-0.16353875398635864,0.16353875398635864
274973,DoS attacks-SlowHTTPTest,DoS attacks-SlowHTTPTest,True,1,Fwd Seg Size Min,fwdsegsizemin,6.8819427490234375,6.8819427490234375
274973,DoS attacks-SlowHTTPTest,DoS attacks-SlowHTTPTest,True,2,Flow IAT Max,flowiatmax,2.7676210403442383,2.7676210403442383
274973,DoS attacks-SlowHTTPTest,DoS attacks-SlowHTTPTest,True,3,Flow Duration,flowduration,1.2512905597686768,1.2512905597686768
274973,DoS attacks-SlowHTTPTest,DoS attacks-SlowHTTPTest,True,4,Bwd Pkts/s,bwdpktss,-0.5335652828216553,0.5335652828216553
274973,DoS attacks-SlowHTTPTest,DoS attacks-SlowHTTPTest,True,5,Flow IAT Min,flowiatmin,0.44464388489723206,0.44464388489723206
285725,DoS attacks-SlowHTTPTest,DoS attacks-SlowHTTPTest,True,1,Fwd Seg Size Min,fwdsegsizemin,4.989038467407227,4.989038467407227
285725,DoS attacks-SlowHTTPTest,DoS attacks-SlowHTTPTest,True,2,Flow Duration,flowduration,1.4339730739593506,1.4339730739593506
285725,DoS attacks-SlowHTTPTest,DoS attacks-SlowHTTPTest,True,3,Bwd Pkts/s,bwdpktss,0.7320009469985962,0.7320009469985962
285725,DoS attacks-SlowHTTPTest,DoS attacks-SlowHTTPTest,True,4,Flow IAT Max,flowiatmax,-0.33931025862693787,0.33931025862693787
285725,DoS attacks-SlowHTTPTest,DoS attacks-SlowHTTPTest,True,5,Flow IAT Mean,flowiatmean,0.19771936535835266,0.19771936535835266
289881,DoS attacks-SlowHTTPTest,FTP-BruteForce,False,1,Fwd Seg Size Min,fwdsegsizemin,5.78797721862793,5.78797721862793
289881,DoS attacks-SlowHTTPTest,FTP-BruteForce,False,2,Flow Pkts/s,flowpktss,0.8646196722984314,0.8646196722984314
289881,DoS attacks-SlowHTTPTest,FTP-BruteForce,False,3,Flow IAT Max,flowiatmax,0.2989501953125,0.2989501953125
289881,DoS attacks-SlowHTTPTest,FTP-BruteForce,False,4,Flow IAT Min,flowiatmin,-0.22857584059238434,0.22857584059238434
289881,DoS attacks-SlowHTTPTest,FTP-BruteForce,False,5,Flow IAT Mean,flowiatmean,-0.15678799152374268,0.15678799152374268
294736,DoS attacks-SlowHTTPTest,FTP-BruteForce,False,1,Fwd Seg Size Min,fwdsegsizemin,6.152994632720947,6.152994632720947
294736,DoS attacks-SlowHTTPTest,FTP-BruteForce,False,2,Flow IAT Max,flowiatmax,0.5493417978286743,0.5493417978286743
294736,DoS attacks-SlowHTTPTest,FTP-BruteForce,False,3,Flow IAT Min,flowiatmin,-0.44347134232521057,0.44347134232521057
294736,DoS attacks-SlowHTTPTest,FTP-BruteForce,False,4,Flow IAT Mean,flowiatmean,0.4426613450050354,0.4426613450050354
294736,DoS attacks-SlowHTTPTest,FTP-BruteForce,False,5,Flow Pkts/s,flowpktss,0.41166064143180847,0.41166064143180847
302331,DoS attacks-SlowHTTPTest,FTP-BruteForce,False,1,Fwd Seg Size Min,fwdsegsizemin,5.594289779663086,5.594289779663086
302331,DoS attacks-SlowHTTPTest,FTP-BruteForce,False,2,Flow IAT Min,flowiatmin,1.1990989446640015,1.1990989446640015
302331,DoS attacks-SlowHTTPTest,FTP-BruteForce,False,3,Flow IAT Max,flowiatmax,-0.9919131994247437,0.9919131994247437
302331,DoS attacks-SlowHTTPTest,FTP-BruteForce,False,4,Flow Pkts/s,flowpktss,0.7916756272315979,0.7916756272315979
302331,DoS attacks-SlowHTTPTest,FTP-BruteForce,False,5,Dst Port,dstport,0.19840969145298004,0.19840969145298004
308224,DoS attacks-SlowHTTPTest,FTP-BruteForce,False,1,Fwd Seg Size Min,fwdsegsizemin,5.7662529945373535,5.7662529945373535
308224,DoS attacks-SlowHTTPTest,FTP-BruteForce,False,2,Flow Pkts/s,flowpktss,0.8124192357063293,0.8124192357063293
308224,DoS attacks-SlowHTTPTest,FTP-BruteForce,False,3,Flow IAT Max,flowiatmax,0.2989501953125,0.2989501953125
308224,DoS attacks-SlowHTTPTest,FTP-BruteForce,False,4,Flow IAT Min,flowiatmin,-0.2414916306734085,0.2414916306734085
308224,DoS attacks-SlowHTTPTest,FTP-BruteForce,False,5,Flow IAT Mean,flowiatmean,-0.16353875398635864,0.16353875398635864
345687,DoS attacks-SlowHTTPTest,FTP-BruteForce,False,1,Fwd Seg Size Min,fwdsegsizemin,5.743864059448242,5.743864059448242
345687,DoS attacks-SlowHTTPTest,FTP-BruteForce,False,2,Flow Pkts/s,flowpktss,0.8255063891410828,0.8255063891410828
345687,DoS attacks-SlowHTTPTest,FTP-BruteForce,False,3,Flow IAT Max,flowiatmax,0.2989501953125,0.2989501953125
345687,DoS attacks-SlowHTTPTest,FTP-BruteForce,False,4,Flow IAT Min,flowiatmin,-0.2947032153606415,0.2947032153606415
345687,DoS attacks-SlowHTTPTest,FTP-BruteForce,False,5,Flow IAT Mean,flowiatmean,-0.23333679139614105,0.23333679139614105
362020,DoS attacks-SlowHTTPTest,FTP-BruteForce,False,1,Fwd Seg Size Min,fwdsegsizemin,5.78797721862793,5.78797721862793
362020,DoS attacks-SlowHTTPTest,FTP-BruteForce,False,2,Flow Pkts/s,flowpktss,0.8646196722984314,0.8646196722984314
362020,DoS attacks-SlowHTTPTest,FTP-BruteForce,False,3,Flow IAT Max,flowiatmax,0.2989501953125,0.2989501953125
362020,DoS attacks-SlowHTTPTest,FTP-BruteForce,False,4,Flow IAT Min,flowiatmin,-0.22857584059238434,0.22857584059238434
362020,DoS attacks-SlowHTTPTest,FTP-BruteForce,False,5,Flow IAT Mean,flowiatmean,-0.15678799152374268,0.15678799152374268
364971,DoS attacks-SlowHTTPTest,FTP-BruteForce,False,1,Fwd Seg Size Min,fwdsegsizemin,5.751722812652588,5.751722812652588
364971,DoS attacks-SlowHTTPTest,FTP-BruteForce,False,2,Flow Pkts/s,flowpktss,0.5534457564353943,0.5534457564353943
364971,DoS attacks-SlowHTTPTest,FTP-BruteForce,False,3,Flow IAT Max,flowiatmax,0.3011228144168854,0.3011228144168854
364971,DoS attacks-SlowHTTPTest,FTP-BruteForce,False,4,Flow IAT Min,flowiatmin,-0.2974352538585663,0.2974352538585663
364971,DoS attacks-SlowHTTPTest,FTP-BruteForce,False,5,Dst Port,dstport,0.14137785136699677,0.14137785136699677
366120,DoS attacks-SlowHTTPTest,FTP-BruteForce,False,1,Fwd Seg Size Min,fwdsegsizemin,6.394804000854492,6.394804000854492
366120,DoS attacks-SlowHTTPTest,FTP-BruteForce,False,2,Flow Pkts/s,flowpktss,0.9064421653747559,0.9064421653747559
366120,DoS attacks-SlowHTTPTest,FTP-BruteForce,False,3,Flow IAT Max,flowiatmax,0.4659835994243622,0.4659835994243622
366120,DoS attacks-SlowHTTPTest,FTP-BruteForce,False,4,Flow IAT Mean,flowiatmean,0.44334840774536133,0.44334840774536133
366120,DoS attacks-SlowHTTPTest,FTP-BruteForce,False,5,Flow IAT Min,flowiatmin,-0.32503631711006165,0.32503631711006165
367222,DoS attacks-SlowHTTPTest,DoS attacks-SlowHTTPTest,True,1,Fwd Seg Size Min,fwdsegsizemin,4.989038467407227,4.989038467407227
367222,DoS attacks-SlowHTTPTest,DoS attacks-SlowHTTPTest,True,2,Flow Duration,flowduration,1.4339730739593506,1.4339730739593506
367222,DoS attacks-SlowHTTPTest,DoS attacks-SlowHTTPTest,True,3,Bwd Pkts/s,bwdpktss,0.7320009469985962,0.7320009469985962
367222,DoS attacks-SlowHTTPTest,DoS attacks-SlowHTTPTest,True,4,Flow IAT Max,flowiatmax,-0.33931025862693787,0.33931025862693787
367222,DoS attacks-SlowHTTPTest,DoS attacks-SlowHTTPTest,True,5,Flow IAT Mean,flowiatmean,0.19771936535835266,0.19771936535835266
372207,DoS attacks-SlowHTTPTest,FTP-BruteForce,False,1,Fwd Seg Size Min,fwdsegsizemin,6.152994632720947,6.152994632720947
372207,DoS attacks-SlowHTTPTest,FTP-BruteForce,False,2,Flow IAT Max,flowiatmax,0.5493417978286743,0.5493417978286743
372207,DoS attacks-SlowHTTPTest,FTP-BruteForce,False,3,Flow IAT Min,flowiatmin,-0.44347134232521057,0.44347134232521057
372207,DoS attacks-SlowHTTPTest,FTP-BruteForce,False,4,Flow IAT Mean,flowiatmean,0.4426613450050354,0.4426613450050354
372207,DoS attacks-SlowHTTPTest,FTP-BruteForce,False,5,Flow Pkts/s,flowpktss,0.41166064143180847,0.41166064143180847
377363,DoS attacks-SlowHTTPTest,DoS attacks-SlowHTTPTest,True,1,Fwd Seg Size Min,fwdsegsizemin,6.8819427490234375,6.8819427490234375
377363,DoS attacks-SlowHTTPTest,DoS attacks-SlowHTTPTest,True,2,Flow IAT Max,flowiatmax,2.7676210403442383,2.7676210403442383
377363,DoS attacks-SlowHTTPTest,DoS attacks-SlowHTTPTest,True,3,Flow Duration,flowduration,1.2512905597686768,1.2512905597686768
377363,DoS attacks-SlowHTTPTest,DoS attacks-SlowHTTPTest,True,4,Bwd Pkts/s,bwdpktss,-0.5335652828216553,0.5335652828216553
377363,DoS attacks-SlowHTTPTest,DoS attacks-SlowHTTPTest,True,5,Flow IAT Min,flowiatmin,0.44464388489723206,0.44464388489723206
384532,DoS attacks-SlowHTTPTest,FTP-BruteForce,False,1,Fwd Seg Size Min,fwdsegsizemin,5.78797721862793,5.78797721862793
384532,DoS attacks-SlowHTTPTest,FTP-BruteForce,False,2,Flow Pkts/s,flowpktss,0.8646196722984314,0.8646196722984314
384532,DoS attacks-SlowHTTPTest,FTP-BruteForce,False,3,Flow IAT Max,flowiatmax,0.2989501953125,0.2989501953125
384532,DoS attacks-SlowHTTPTest,FTP-BruteForce,False,4,Flow IAT Min,flowiatmin,-0.22857584059238434,0.22857584059238434
384532,DoS attacks-SlowHTTPTest,FTP-BruteForce,False,5,Flow IAT Mean,flowiatmean,-0.15678799152374268,0.15678799152374268
389769,DoS attacks-SlowHTTPTest,DoS attacks-SlowHTTPTest,True,1,Fwd Seg Size Min,fwdsegsizemin,5.304339408874512,5.304339408874512
389769,DoS attacks-SlowHTTPTest,DoS attacks-SlowHTTPTest,True,2,Flow IAT Max,flowiatmax,0.98589026927948,0.98589026927948
389769,DoS attacks-SlowHTTPTest,DoS attacks-SlowHTTPTest,True,3,Flow Duration,flowduration,0.5597067475318909,0.5597067475318909
389769,DoS attacks-SlowHTTPTest,DoS attacks-SlowHTTPTest,True,4,Bwd Pkts/s,bwdpktss,-0.20327459275722504,0.20327459275722504
389769,DoS attacks-SlowHTTPTest,DoS attacks-SlowHTTPTest,True,5,Flow IAT Min,flowiatmin,0.19187892973423004,0.19187892973423004
391731,DoS attacks-SlowHTTPTest,DoS attacks-SlowHTTPTest,True,1,Fwd Seg Size Min,fwdsegsizemin,6.675480365753174,6.675480365753174
391731,DoS attacks-SlowHTTPTest,DoS attacks-SlowHTTPTest,True,2,Flow IAT Max,flowiatmax,2.769991397857666,2.769991397857666
391731,DoS attacks-SlowHTTPTest,DoS attacks-SlowHTTPTest,True,3,Flow Duration,flowduration,0.9145767688751221,0.9145767688751221
391731,DoS attacks-SlowHTTPTest,DoS attacks-SlowHTTPTest,True,4,Bwd Pkts/s,bwdpktss,-0.8879985213279724,0.8879985213279724
391731,DoS attacks-SlowHTTPTest,DoS attacks-SlowHTTPTest,True,5,Flow IAT Min,flowiatmin,0.47152194380760193,0.47152194380760193
394804,DoS attacks-SlowHTTPTest,FTP-BruteForce,False,1,Fwd Seg Size Min,fwdsegsizemin,6.330917835235596,6.330917835235596
394804,DoS attacks-SlowHTTPTest,FTP-BruteForce,False,2,Flow Pkts/s,flowpktss,0.6065937280654907,0.6065937280654907
394804,DoS attacks-SlowHTTPTest,FTP-BruteForce,False,3,Flow IAT Max,flowiatmax,0.41212180256843567,0.41212180256843567
394804,DoS attacks-SlowHTTPTest,FTP-BruteForce,False,4,Flow IAT Mean,flowiatmean,0.33162152767181396,0.33162152767181396
394804,DoS attacks-SlowHTTPTest,FTP-BruteForce,False,5,Flow IAT Min,flowiatmin,-0.30983230471611023,0.30983230471611023
395555,DoS attacks-SlowHTTPTest,FTP-BruteForce,False,1,Fwd Seg Size Min,fwdsegsizemin,5.78797721862793,5.78797721862793
395555,DoS attacks-SlowHTTPTest,FTP-BruteForce,False,2,Flow Pkts/s,flowpktss,0.8646196722984314,0.8646196722984314
395555,DoS attacks-SlowHTTPTest,FTP-BruteForce,False,3,Flow IAT Max,flowiatmax,0.2989501953125,0.2989501953125
395555,DoS attacks-SlowHTTPTest,FTP-BruteForce,False,4,Flow IAT Min,flowiatmin,-0.22857584059238434,0.22857584059238434
395555,DoS attacks-SlowHTTPTest,FTP-BruteForce,False,5,Flow IAT Mean,flowiatmean,-0.15678799152374268,0.15678799152374268
397250,DoS attacks-SlowHTTPTest,FTP-BruteForce,False,1,Fwd Seg Size Min,fwdsegsizemin,5.7662529945373535,5.7662529945373535
397250,DoS attacks-SlowHTTPTest,FTP-BruteForce,False,2,Flow Pkts/s,flowpktss,0.8124192357063293,0.8124192357063293
397250,DoS attacks-SlowHTTPTest,FTP-BruteForce,False,3,Flow IAT Max,flowiatmax,0.2989501953125,0.2989501953125
397250,DoS attacks-SlowHTTPTest,FTP-BruteForce,False,4,Flow IAT Min,flowiatmin,-0.2414916306734085,0.2414916306734085
397250,DoS attacks-SlowHTTPTest,FTP-BruteForce,False,5,Flow IAT Mean,flowiatmean,-0.16353875398635864,0.16353875398635864
406663,DoS attacks-SlowHTTPTest,FTP-BruteForce,False,1,Fwd Seg Size Min,fwdsegsizemin,5.7662529945373535,5.7662529945373535
406663,DoS attacks-SlowHTTPTest,FTP-BruteForce,False,2,Flow Pkts/s,flowpktss,0.8124192357063293,0.8124192357063293
406663,DoS attacks-SlowHTTPTest,FTP-BruteForce,False,3,Flow IAT Max,flowiatmax,0.2989501953125,0.2989501953125
406663,DoS attacks-SlowHTTPTest,FTP-BruteForce,False,4,Flow IAT Min,flowiatmin,-0.2414916306734085,0.2414916306734085
406663,DoS attacks-SlowHTTPTest,FTP-BruteForce,False,5,Flow IAT Mean,flowiatmean,-0.16353875398635864,0.16353875398635864
409351,DoS attacks-SlowHTTPTest,FTP-BruteForce,False,1,Fwd Seg Size Min,fwdsegsizemin,5.837823867797852,5.837823867797852
409351,DoS attacks-SlowHTTPTest,FTP-BruteForce,False,2,Flow IAT Min,flowiatmin,0.5711414217948914,0.5711414217948914
409351,DoS attacks-SlowHTTPTest,FTP-BruteForce,False,3,Flow Pkts/s,flowpktss,0.5581798553466797,0.5581798553466797
409351,DoS attacks-SlowHTTPTest,FTP-BruteForce,False,4,Flow IAT Max,flowiatmax,-0.35998621582984924,0.35998621582984924
409351,DoS attacks-SlowHTTPTest,FTP-BruteForce,False,5,Flow Duration,flowduration,0.20570826530456543,0.20570826530456543
419175,DoS attacks-SlowHTTPTest,FTP-BruteForce,False,1,Fwd Seg Size Min,fwdsegsizemin,5.78797721862793,5.78797721862793
419175,DoS attacks-SlowHTTPTest,FTP-BruteForce,False,2,Flow Pkts/s,flowpktss,0.8646196722984314,0.8646196722984314
419175,DoS attacks-SlowHTTPTest,FTP-BruteForce,False,3,Flow IAT Max,flowiatmax,0.2989501953125,0.2989501953125
419175,DoS attacks-SlowHTTPTest,FTP-BruteForce,False,4,Flow IAT Min,flowiatmin,-0.22857584059238434,0.22857584059238434
419175,DoS attacks-SlowHTTPTest,FTP-BruteForce,False,5,Flow IAT Mean,flowiatmean,-0.15678799152374268,0.15678799152374268
420757,DoS attacks-SlowHTTPTest,FTP-BruteForce,False,1,Fwd Seg Size Min,fwdsegsizemin,5.7662529945373535,5.7662529945373535
420757,DoS attacks-SlowHTTPTest,FTP-BruteForce,False,2,Flow Pkts/s,flowpktss,0.8124192357063293,0.8124192357063293
420757,DoS attacks-SlowHTTPTest,FTP-BruteForce,False,3,Flow IAT Max,flowiatmax,0.2989501953125,0.2989501953125
420757,DoS attacks-SlowHTTPTest,FTP-BruteForce,False,4,Flow IAT Min,flowiatmin,-0.2414916306734085,0.2414916306734085
420757,DoS attacks-SlowHTTPTest,FTP-BruteForce,False,5,Flow IAT Mean,flowiatmean,-0.16353875398635864,0.16353875398635864
423616,DoS attacks-SlowHTTPTest,DoS attacks-SlowHTTPTest,True,1,Fwd Seg Size Min,fwdsegsizemin,4.996650695800781,4.996650695800781
423616,DoS attacks-SlowHTTPTest,DoS attacks-SlowHTTPTest,True,2,Flow Duration,flowduration,1.4456321001052856,1.4456321001052856
423616,DoS attacks-SlowHTTPTest,DoS attacks-SlowHTTPTest,True,3,Bwd Pkts/s,bwdpktss,0.737160325050354,0.737160325050354
423616,DoS attacks-SlowHTTPTest,DoS attacks-SlowHTTPTest,True,4,Flow IAT Max,flowiatmax,-0.33768704533576965,0.33768704533576965
423616,DoS attacks-SlowHTTPTest,DoS attacks-SlowHTTPTest,True,5,Flow IAT Mean,flowiatmean,0.20378567278385162,0.20378567278385162
435164,DoS attacks-SlowHTTPTest,DoS attacks-SlowHTTPTest,True,1,Fwd Seg Size Min,fwdsegsizemin,5.318620204925537,5.318620204925537
435164,DoS attacks-SlowHTTPTest,DoS attacks-SlowHTTPTest,True,2,Flow IAT Max,flowiatmax,0.9985864162445068,0.9985864162445068
435164,DoS attacks-SlowHTTPTest,DoS attacks-SlowHTTPTest,True,3,Flow Duration,flowduration,0.6353211998939514,0.6353211998939514
435164,DoS attacks-SlowHTTPTest,DoS attacks-SlowHTTPTest,True,4,Flow IAT Min,flowiatmin,0.23396636545658112,0.23396636545658112
435164,DoS attacks-SlowHTTPTest,DoS attacks-SlowHTTPTest,True,5,Dst Port,dstport,0.1593121588230133,0.1593121588230133
447988,DoS attacks-SlowHTTPTest,DoS attacks-SlowHTTPTest,True,1,Fwd Seg Size Min,fwdsegsizemin,5.3493499755859375,5.3493499755859375
447988,DoS attacks-SlowHTTPTest,DoS attacks-SlowHTTPTest,True,2,Flow IAT Max,flowiatmax,0.998872697353363,0.998872697353363
447988,DoS attacks-SlowHTTPTest,DoS attacks-SlowHTTPTest,True,3,Flow Duration,flowduration,0.6830313205718994,0.6830313205718994
447988,DoS attacks-SlowHTTPTest,DoS attacks-SlowHTTPTest,True,4,Flow IAT Min,flowiatmin,0.27172842621803284,0.27172842621803284
447988,DoS attacks-SlowHTTPTest,DoS attacks-SlowHTTPTest,True,5,Dst Port,dstport,0.15840035676956177,0.15840035676956177
453862,DoS attacks-SlowHTTPTest,FTP-BruteForce,False,1,Fwd Seg Size Min,fwdsegsizemin,6.152994632720947,6.152994632720947
453862,DoS attacks-SlowHTTPTest,FTP-BruteForce,False,2,Flow IAT Max,flowiatmax,0.5493417978286743,0.5493417978286743
453862,DoS attacks-SlowHTTPTest,FTP-BruteForce,False,3,Flow IAT Min,flowiatmin,-0.44347134232521057,0.44347134232521057
453862,DoS attacks-SlowHTTPTest,FTP-BruteForce,False,4,Flow IAT Mean,flowiatmean,0.4426613450050354,0.4426613450050354
453862,DoS attacks-SlowHTTPTest,FTP-BruteForce,False,5,Flow Pkts/s,flowpktss,0.41166064143180847,0.41166064143180847
466470,DoS attacks-SlowHTTPTest,FTP-BruteForce,False,1,Fwd Seg Size Min,fwdsegsizemin,5.743864059448242,5.743864059448242
466470,DoS attacks-SlowHTTPTest,FTP-BruteForce,False,2,Flow Pkts/s,flowpktss,0.8255063891410828,0.8255063891410828
466470,DoS attacks-SlowHTTPTest,FTP-BruteForce,False,3,Flow IAT Max,flowiatmax,0.2989501953125,0.2989501953125
466470,DoS attacks-SlowHTTPTest,FTP-BruteForce,False,4,Flow IAT Min,flowiatmin,-0.2947032153606415,0.2947032153606415
466470,DoS attacks-SlowHTTPTest,FTP-BruteForce,False,5,Flow IAT Mean,flowiatmean,-0.23333679139614105,0.23333679139614105
466946,DoS attacks-SlowHTTPTest,DoS attacks-SlowHTTPTest,True,1,Fwd Seg Size Min,fwdsegsizemin,5.304339408874512,5.304339408874512
466946,DoS attacks-SlowHTTPTest,DoS attacks-SlowHTTPTest,True,2,Flow IAT Max,flowiatmax,0.98589026927948,0.98589026927948
466946,DoS attacks-SlowHTTPTest,DoS attacks-SlowHTTPTest,True,3,Flow Duration,flowduration,0.5597067475318909,0.5597067475318909
466946,DoS attacks-SlowHTTPTest,DoS attacks-SlowHTTPTest,True,4,Bwd Pkts/s,bwdpktss,-0.20327459275722504,0.20327459275722504
466946,DoS attacks-SlowHTTPTest,DoS attacks-SlowHTTPTest,True,5,Flow IAT Min,flowiatmin,0.19187892973423004,0.19187892973423004
470478,DoS attacks-SlowHTTPTest,FTP-BruteForce,False,1,Fwd Seg Size Min,fwdsegsizemin,5.7662529945373535,5.7662529945373535
470478,DoS attacks-SlowHTTPTest,FTP-BruteForce,False,2,Flow Pkts/s,flowpktss,0.8124192357063293,0.8124192357063293
470478,DoS attacks-SlowHTTPTest,FTP-BruteForce,False,3,Flow IAT Max,flowiatmax,0.2989501953125,0.2989501953125
470478,DoS attacks-SlowHTTPTest,FTP-BruteForce,False,4,Flow IAT Min,flowiatmin,-0.2414916306734085,0.2414916306734085
470478,DoS attacks-SlowHTTPTest,FTP-BruteForce,False,5,Flow IAT Mean,flowiatmean,-0.16353875398635864,0.16353875398635864
471809,DoS attacks-SlowHTTPTest,FTP-BruteForce,False,1,Fwd Seg Size Min,fwdsegsizemin,5.837823867797852,5.837823867797852
471809,DoS attacks-SlowHTTPTest,FTP-BruteForce,False,2,Flow IAT Min,flowiatmin,0.5711414217948914,0.5711414217948914
471809,DoS attacks-SlowHTTPTest,FTP-BruteForce,False,3,Flow Pkts/s,flowpktss,0.5581798553466797,0.5581798553466797
471809,DoS attacks-SlowHTTPTest,FTP-BruteForce,False,4,Flow IAT Max,flowiatmax,-0.35998621582984924,0.35998621582984924
471809,DoS attacks-SlowHTTPTest,FTP-BruteForce,False,5,Flow Duration,flowduration,0.20570826530456543,0.20570826530456543
482370,DoS attacks-SlowHTTPTest,DoS attacks-SlowHTTPTest,True,1,Fwd Seg Size Min,fwdsegsizemin,5.351862907409668,5.351862907409668
482370,DoS attacks-SlowHTTPTest,DoS attacks-SlowHTTPTest,True,2,Flow IAT Max,flowiatmax,1.018492579460144,1.018492579460144
482370,DoS attacks-SlowHTTPTest,DoS attacks-SlowHTTPTest,True,3,Flow Duration,flowduration,0.899272084236145,0.899272084236145
482370,DoS attacks-SlowHTTPTest,DoS attacks-SlowHTTPTest,True,4,Flow Pkts/s,flowpktss,0.2916712462902069,0.2916712462902069
482370,DoS attacks-SlowHTTPTest,DoS attacks-SlowHTTPTest,True,5,Flow IAT Min,flowiatmin,0.2796648442745209,0.2796648442745209
491819,DoS attacks-SlowHTTPTest,FTP-BruteForce,False,1,Fwd Seg Size Min,fwdsegsizemin,5.78797721862793,5.78797721862793
491819,DoS attacks-SlowHTTPTest,FTP-BruteForce,False,2,Flow Pkts/s,flowpktss,0.8646196722984314,0.8646196722984314
491819,DoS attacks-SlowHTTPTest,FTP-BruteForce,False,3,Flow IAT Max,flowiatmax,0.2989501953125,0.2989501953125
491819,DoS attacks-SlowHTTPTest,FTP-BruteForce,False,4,Flow IAT Min,flowiatmin,-0.22857584059238434,0.22857584059238434
491819,DoS attacks-SlowHTTPTest,FTP-BruteForce,False,5,Flow IAT Mean,flowiatmean,-0.15678799152374268,0.15678799152374268
491867,DoS attacks-SlowHTTPTest,DoS attacks-SlowHTTPTest,True,1,Fwd Seg Size Min,fwdsegsizemin,4.996650695800781,4.996650695800781
491867,DoS attacks-SlowHTTPTest,DoS attacks-SlowHTTPTest,True,2,Flow Duration,flowduration,1.4456321001052856,1.4456321001052856
491867,DoS attacks-SlowHTTPTest,DoS attacks-SlowHTTPTest,True,3,Bwd Pkts/s,bwdpktss,0.737160325050354,0.737160325050354
491867,DoS attacks-SlowHTTPTest,DoS attacks-SlowHTTPTest,True,4,Flow IAT Max,flowiatmax,-0.33768704533576965,0.33768704533576965
491867,DoS attacks-SlowHTTPTest,DoS attacks-SlowHTTPTest,True,5,Flow IAT Mean,flowiatmean,0.20378567278385162,0.20378567278385162
497849,DoS attacks-SlowHTTPTest,FTP-BruteForce,False,1,Fwd Seg Size Min,fwdsegsizemin,5.7662529945373535,5.7662529945373535
497849,DoS attacks-SlowHTTPTest,FTP-BruteForce,False,2,Flow Pkts/s,flowpktss,0.8124192357063293,0.8124192357063293
497849,DoS attacks-SlowHTTPTest,FTP-BruteForce,False,3,Flow IAT Max,flowiatmax,0.2989501953125,0.2989501953125
497849,DoS attacks-SlowHTTPTest,FTP-BruteForce,False,4,Flow IAT Min,flowiatmin,-0.2414916306734085,0.2414916306734085
497849,DoS attacks-SlowHTTPTest,FTP-BruteForce,False,5,Flow IAT Mean,flowiatmean,-0.16353875398635864,0.16353875398635864
504010,DoS attacks-SlowHTTPTest,FTP-BruteForce,False,1,Fwd Seg Size Min,fwdsegsizemin,5.78797721862793,5.78797721862793
504010,DoS attacks-SlowHTTPTest,FTP-BruteForce,False,2,Flow Pkts/s,flowpktss,0.8646196722984314,0.8646196722984314
504010,DoS attacks-SlowHTTPTest,FTP-BruteForce,False,3,Flow IAT Max,flowiatmax,0.2989501953125,0.2989501953125
504010,DoS attacks-SlowHTTPTest,FTP-BruteForce,False,4,Flow IAT Min,flowiatmin,-0.22857584059238434,0.22857584059238434
504010,DoS attacks-SlowHTTPTest,FTP-BruteForce,False,5,Flow IAT Mean,flowiatmean,-0.15678799152374268,0.15678799152374268
523298,DoS attacks-SlowHTTPTest,FTP-BruteForce,False,1,Fwd Seg Size Min,fwdsegsizemin,5.743864059448242,5.743864059448242
523298,DoS attacks-SlowHTTPTest,FTP-BruteForce,False,2,Flow Pkts/s,flowpktss,0.8255063891410828,0.8255063891410828
523298,DoS attacks-SlowHTTPTest,FTP-BruteForce,False,3,Flow IAT Max,flowiatmax,0.2989501953125,0.2989501953125
523298,DoS attacks-SlowHTTPTest,FTP-BruteForce,False,4,Flow IAT Min,flowiatmin,-0.2947032153606415,0.2947032153606415
523298,DoS attacks-SlowHTTPTest,FTP-BruteForce,False,5,Flow IAT Mean,flowiatmean,-0.23333679139614105,0.23333679139614105
523417,DoS attacks-SlowHTTPTest,FTP-BruteForce,False,1,Fwd Seg Size Min,fwdsegsizemin,5.594289779663086,5.594289779663086
523417,DoS attacks-SlowHTTPTest,FTP-BruteForce,False,2,Flow IAT Min,flowiatmin,1.1990989446640015,1.1990989446640015
523417,DoS attacks-SlowHTTPTest,FTP-BruteForce,False,3,Flow IAT Max,flowiatmax,-0.9919131994247437,0.9919131994247437
523417,DoS attacks-SlowHTTPTest,FTP-BruteForce,False,4,Flow Pkts/s,flowpktss,0.7916756272315979,0.7916756272315979
523417,DoS attacks-SlowHTTPTest,FTP-BruteForce,False,5,Dst Port,dstport,0.19840969145298004,0.19840969145298004
526447,DoS attacks-SlowHTTPTest,FTP-BruteForce,False,1,Fwd Seg Size Min,fwdsegsizemin,6.152994632720947,6.152994632720947
526447,DoS attacks-SlowHTTPTest,FTP-BruteForce,False,2,Flow IAT Max,flowiatmax,0.5493417978286743,0.5493417978286743
526447,DoS attacks-SlowHTTPTest,FTP-BruteForce,False,3,Flow IAT Min,flowiatmin,-0.44347134232521057,0.44347134232521057
526447,DoS attacks-SlowHTTPTest,FTP-BruteForce,False,4,Flow IAT Mean,flowiatmean,0.4426613450050354,0.4426613450050354
526447,DoS attacks-SlowHTTPTest,FTP-BruteForce,False,5,Flow Pkts/s,flowpktss,0.41166064143180847,0.41166064143180847
528034,DoS attacks-SlowHTTPTest,FTP-BruteForce,False,1,Fwd Seg Size Min,fwdsegsizemin,5.7662529945373535,5.7662529945373535
528034,DoS attacks-SlowHTTPTest,FTP-BruteForce,False,2,Flow Pkts/s,flowpktss,0.8124192357063293,0.8124192357063293
528034,DoS attacks-SlowHTTPTest,FTP-BruteForce,False,3,Flow IAT Max,flowiatmax,0.2989501953125,0.2989501953125
528034,DoS attacks-SlowHTTPTest,FTP-BruteForce,False,4,Flow IAT Min,flowiatmin,-0.2414916306734085,0.2414916306734085
528034,DoS attacks-SlowHTTPTest,FTP-BruteForce,False,5,Flow IAT Mean,flowiatmean,-0.16353875398635864,0.16353875398635864
531583,DoS attacks-SlowHTTPTest,FTP-BruteForce,False,1,Fwd Seg Size Min,fwdsegsizemin,5.7662529945373535,5.7662529945373535
531583,DoS attacks-SlowHTTPTest,FTP-BruteForce,False,2,Flow Pkts/s,flowpktss,0.8124192357063293,0.8124192357063293
531583,DoS attacks-SlowHTTPTest,FTP-BruteForce,False,3,Flow IAT Max,flowiatmax,0.2989501953125,0.2989501953125
531583,DoS attacks-SlowHTTPTest,FTP-BruteForce,False,4,Flow IAT Min,flowiatmin,-0.2414916306734085,0.2414916306734085
531583,DoS attacks-SlowHTTPTest,FTP-BruteForce,False,5,Flow IAT Mean,flowiatmean,-0.16353875398635864,0.16353875398635864
541865,DoS attacks-SlowHTTPTest,FTP-BruteForce,False,1,Fwd Seg Size Min,fwdsegsizemin,5.743864059448242,5.743864059448242
541865,DoS attacks-SlowHTTPTest,FTP-BruteForce,False,2,Flow Pkts/s,flowpktss,0.8255063891410828,0.8255063891410828
541865,DoS attacks-SlowHTTPTest,FTP-BruteForce,False,3,Flow IAT Max,flowiatmax,0.2989501953125,0.2989501953125
541865,DoS attacks-SlowHTTPTest,FTP-BruteForce,False,4,Flow IAT Min,flowiatmin,-0.2947032153606415,0.2947032153606415
541865,DoS attacks-SlowHTTPTest,FTP-BruteForce,False,5,Flow IAT Mean,flowiatmean,-0.23333679139614105,0.23333679139614105
550546,DoS attacks-SlowHTTPTest,FTP-BruteForce,False,1,Fwd Seg Size Min,fwdsegsizemin,6.152994632720947,6.152994632720947
550546,DoS attacks-SlowHTTPTest,FTP-BruteForce,False,2,Flow IAT Max,flowiatmax,0.5493417978286743,0.5493417978286743
550546,DoS attacks-SlowHTTPTest,FTP-BruteForce,False,3,Flow IAT Min,flowiatmin,-0.44347134232521057,0.44347134232521057
550546,DoS attacks-SlowHTTPTest,FTP-BruteForce,False,4,Flow IAT Mean,flowiatmean,0.4426613450050354,0.4426613450050354
550546,DoS attacks-SlowHTTPTest,FTP-BruteForce,False,5,Flow Pkts/s,flowpktss,0.41166064143180847,0.41166064143180847
557848,DoS attacks-SlowHTTPTest,DoS attacks-SlowHTTPTest,True,1,Fwd Seg Size Min,fwdsegsizemin,5.372504711151123,5.372504711151123
557848,DoS attacks-SlowHTTPTest,DoS attacks-SlowHTTPTest,True,2,Flow IAT Max,flowiatmax,0.9838629364967346,0.9838629364967346
557848,DoS attacks-SlowHTTPTest,DoS attacks-SlowHTTPTest,True,3,Flow Duration,flowduration,0.6981530785560608,0.6981530785560608
557848,DoS attacks-SlowHTTPTest,DoS attacks-SlowHTTPTest,True,4,Flow IAT Min,flowiatmin,0.29861360788345337,0.29861360788345337
557848,DoS attacks-SlowHTTPTest,DoS attacks-SlowHTTPTest,True,5,Dst Port,dstport,0.15956903994083405,0.15956903994083405
561791,DoS attacks-SlowHTTPTest,FTP-BruteForce,False,1,Fwd Seg Size Min,fwdsegsizemin,5.743864059448242,5.743864059448242
561791,DoS attacks-SlowHTTPTest,FTP-BruteForce,False,2,Flow Pkts/s,flowpktss,0.8255063891410828,0.8255063891410828
561791,DoS attacks-SlowHTTPTest,FTP-BruteForce,False,3,Flow IAT Max,flowiatmax,0.2989501953125,0.2989501953125
561791,DoS attacks-SlowHTTPTest,FTP-BruteForce,False,4,Flow IAT Min,flowiatmin,-0.2947032153606415,0.2947032153606415
561791,DoS attacks-SlowHTTPTest,FTP-BruteForce,False,5,Flow IAT Mean,flowiatmean,-0.23333679139614105,0.23333679139614105
574787,DoS attacks-SlowHTTPTest,FTP-BruteForce,False,1,Fwd Seg Size Min,fwdsegsizemin,6.152994632720947,6.152994632720947
574787,DoS attacks-SlowHTTPTest,FTP-BruteForce,False,2,Flow IAT Max,flowiatmax,0.5493417978286743,0.5493417978286743
574787,DoS attacks-SlowHTTPTest,FTP-BruteForce,False,3,Flow IAT Min,flowiatmin,-0.44347134232521057,0.44347134232521057
574787,DoS attacks-SlowHTTPTest,FTP-BruteForce,False,4,Flow IAT Mean,flowiatmean,0.4426613450050354,0.4426613450050354
574787,DoS attacks-SlowHTTPTest,FTP-BruteForce,False,5,Flow Pkts/s,flowpktss,0.41166064143180847,0.41166064143180847
583890,DoS attacks-SlowHTTPTest,FTP-BruteForce,False,1,Fwd Seg Size Min,fwdsegsizemin,5.743864059448242,5.743864059448242
583890,DoS attacks-SlowHTTPTest,FTP-BruteForce,False,2,Flow Pkts/s,flowpktss,0.8255063891410828,0.8255063891410828
583890,DoS attacks-SlowHTTPTest,FTP-BruteForce,False,3,Flow IAT Max,flowiatmax,0.2989501953125,0.2989501953125
583890,DoS attacks-SlowHTTPTest,FTP-BruteForce,False,4,Flow IAT Min,flowiatmin,-0.2947032153606415,0.2947032153606415
583890,DoS attacks-SlowHTTPTest,FTP-BruteForce,False,5,Flow IAT Mean,flowiatmean,-0.23333679139614105,0.23333679139614105
589376,DoS attacks-SlowHTTPTest,FTP-BruteForce,False,1,Fwd Seg Size Min,fwdsegsizemin,6.152994632720947,6.152994632720947
589376,DoS attacks-SlowHTTPTest,FTP-BruteForce,False,2,Flow IAT Max,flowiatmax,0.5493417978286743,0.5493417978286743
589376,DoS attacks-SlowHTTPTest,FTP-BruteForce,False,3,Flow IAT Min,flowiatmin,-0.44347134232521057,0.44347134232521057
589376,DoS attacks-SlowHTTPTest,FTP-BruteForce,False,4,Flow IAT Mean,flowiatmean,0.4426613450050354,0.4426613450050354
589376,DoS attacks-SlowHTTPTest,FTP-BruteForce,False,5,Flow Pkts/s,flowpktss,0.41166064143180847,0.41166064143180847
600554,DoS attacks-SlowHTTPTest,FTP-BruteForce,False,1,Fwd Seg Size Min,fwdsegsizemin,5.743864059448242,5.743864059448242
600554,DoS attacks-SlowHTTPTest,FTP-BruteForce,False,2,Flow Pkts/s,flowpktss,0.8255063891410828,0.8255063891410828
600554,DoS attacks-SlowHTTPTest,FTP-BruteForce,False,3,Flow IAT Max,flowiatmax,0.2989501953125,0.2989501953125
600554,DoS attacks-SlowHTTPTest,FTP-BruteForce,False,4,Flow IAT Min,flowiatmin,-0.2947032153606415,0.2947032153606415
600554,DoS attacks-SlowHTTPTest,FTP-BruteForce,False,5,Flow IAT Mean,flowiatmean,-0.23333679139614105,0.23333679139614105
603794,DoS attacks-SlowHTTPTest,DoS attacks-SlowHTTPTest,True,1,Fwd Seg Size Min,fwdsegsizemin,6.8819427490234375,6.8819427490234375
603794,DoS attacks-SlowHTTPTest,DoS attacks-SlowHTTPTest,True,2,Flow IAT Max,flowiatmax,2.7676210403442383,2.7676210403442383
603794,DoS attacks-SlowHTTPTest,DoS attacks-SlowHTTPTest,True,3,Flow Duration,flowduration,1.2512905597686768,1.2512905597686768
603794,DoS attacks-SlowHTTPTest,DoS attacks-SlowHTTPTest,True,4,Bwd Pkts/s,bwdpktss,-0.5335652828216553,0.5335652828216553
603794,DoS attacks-SlowHTTPTest,DoS attacks-SlowHTTPTest,True,5,Flow IAT Min,flowiatmin,0.44464388489723206,0.44464388489723206
609460,DoS attacks-SlowHTTPTest,FTP-BruteForce,False,1,Fwd Seg Size Min,fwdsegsizemin,5.78797721862793,5.78797721862793
609460,DoS attacks-SlowHTTPTest,FTP-BruteForce,False,2,Flow Pkts/s,flowpktss,0.8646196722984314,0.8646196722984314
609460,DoS attacks-SlowHTTPTest,FTP-BruteForce,False,3,Flow IAT Max,flowiatmax,0.2989501953125,0.2989501953125
609460,DoS attacks-SlowHTTPTest,FTP-BruteForce,False,4,Flow IAT Min,flowiatmin,-0.22857584059238434,0.22857584059238434
609460,DoS attacks-SlowHTTPTest,FTP-BruteForce,False,5,Flow IAT Mean,flowiatmean,-0.15678799152374268,0.15678799152374268
615040,DoS attacks-SlowHTTPTest,FTP-BruteForce,False,1,Fwd Seg Size Min,fwdsegsizemin,5.7662529945373535,5.7662529945373535
615040,DoS attacks-SlowHTTPTest,FTP-BruteForce,False,2,Flow Pkts/s,flowpktss,0.8124192357063293,0.8124192357063293
615040,DoS attacks-SlowHTTPTest,FTP-BruteForce,False,3,Flow IAT Max,flowiatmax,0.2989501953125,0.2989501953125
615040,DoS attacks-SlowHTTPTest,FTP-BruteForce,False,4,Flow IAT Min,flowiatmin,-0.2414916306734085,0.2414916306734085
615040,DoS attacks-SlowHTTPTest,FTP-BruteForce,False,5,Flow IAT Mean,flowiatmean,-0.16353875398635864,0.16353875398635864
626259,DoS attacks-SlowHTTPTest,FTP-BruteForce,False,1,Fwd Seg Size Min,fwdsegsizemin,5.82089900970459,5.82089900970459
626259,DoS attacks-SlowHTTPTest,FTP-BruteForce,False,2,Flow Pkts/s,flowpktss,0.8908382654190063,0.8908382654190063
626259,DoS attacks-SlowHTTPTest,FTP-BruteForce,False,3,Flow IAT Max,flowiatmax,0.2989501953125,0.2989501953125
626259,DoS attacks-SlowHTTPTest,FTP-BruteForce,False,4,Flow IAT Min,flowiatmin,-0.24283039569854736,0.24283039569854736
626259,DoS attacks-SlowHTTPTest,FTP-BruteForce,False,5,Flow Duration,flowduration,0.16846464574337006,0.16846464574337006
628158,DoS attacks-SlowHTTPTest,FTP-BruteForce,False,1,Fwd Seg Size Min,fwdsegsizemin,5.78797721862793,5.78797721862793
628158,DoS attacks-SlowHTTPTest,FTP-BruteForce,False,2,Flow Pkts/s,flowpktss,0.8646196722984314,0.8646196722984314
628158,DoS attacks-SlowHTTPTest,FTP-BruteForce,False,3,Flow IAT Max,flowiatmax,0.2989501953125,0.2989501953125
628158,DoS attacks-SlowHTTPTest,FTP-BruteForce,False,4,Flow IAT Min,flowiatmin,-0.22857584059238434,0.22857584059238434
628158,DoS attacks-SlowHTTPTest,FTP-BruteForce,False,5,Flow IAT Mean,flowiatmean,-0.15678799152374268,0.15678799152374268
647542,DoS attacks-SlowHTTPTest,FTP-BruteForce,False,1,Fwd Seg Size Min,fwdsegsizemin,5.78797721862793,5.78797721862793
647542,DoS attacks-SlowHTTPTest,FTP-BruteForce,False,2,Flow Pkts/s,flowpktss,0.8646196722984314,0.8646196722984314
647542,DoS attacks-SlowHTTPTest,FTP-BruteForce,False,3,Flow IAT Max,flowiatmax,0.2989501953125,0.2989501953125
647542,DoS attacks-SlowHTTPTest,FTP-BruteForce,False,4,Flow IAT Min,flowiatmin,-0.22857584059238434,0.22857584059238434
647542,DoS attacks-SlowHTTPTest,FTP-BruteForce,False,5,Flow IAT Mean,flowiatmean,-0.15678799152374268,0.15678799152374268
658183,DoS attacks-SlowHTTPTest,FTP-BruteForce,False,1,Fwd Seg Size Min,fwdsegsizemin,6.152994632720947,6.152994632720947
658183,DoS attacks-SlowHTTPTest,FTP-BruteForce,False,2,Flow IAT Max,flowiatmax,0.5493417978286743,0.5493417978286743
658183,DoS attacks-SlowHTTPTest,FTP-BruteForce,False,3,Flow IAT Min,flowiatmin,-0.44347134232521057,0.44347134232521057
658183,DoS attacks-SlowHTTPTest,FTP-BruteForce,False,4,Flow IAT Mean,flowiatmean,0.4426613450050354,0.4426613450050354
658183,DoS attacks-SlowHTTPTest,FTP-BruteForce,False,5,Flow Pkts/s,flowpktss,0.41166064143180847,0.41166064143180847
659010,DoS attacks-SlowHTTPTest,DoS attacks-SlowHTTPTest,True,1,Fwd Seg Size Min,fwdsegsizemin,4.996650695800781,4.996650695800781
659010,DoS attacks-SlowHTTPTest,DoS attacks-SlowHTTPTest,True,2,Flow Duration,flowduration,1.4456321001052856,1.4456321001052856
659010,DoS attacks-SlowHTTPTest,DoS attacks-SlowHTTPTest,True,3,Bwd Pkts/s,bwdpktss,0.737160325050354,0.737160325050354
659010,DoS attacks-SlowHTTPTest,DoS attacks-SlowHTTPTest,True,4,Flow IAT Max,flowiatmax,-0.33768704533576965,0.33768704533576965
659010,DoS attacks-SlowHTTPTest,DoS attacks-SlowHTTPTest,True,5,Flow IAT Mean,flowiatmean,0.20378567278385162,0.20378567278385162
667263,DoS attacks-SlowHTTPTest,FTP-BruteForce,False,1,Fwd Seg Size Min,fwdsegsizemin,5.594289779663086,5.594289779663086
667263,DoS attacks-SlowHTTPTest,FTP-BruteForce,False,2,Flow IAT Min,flowiatmin,1.1990989446640015,1.1990989446640015
667263,DoS attacks-SlowHTTPTest,FTP-BruteForce,False,3,Flow IAT Max,flowiatmax,-0.9919131994247437,0.9919131994247437
667263,DoS attacks-SlowHTTPTest,FTP-BruteForce,False,4,Flow Pkts/s,flowpktss,0.7916756272315979,0.7916756272315979
667263,DoS attacks-SlowHTTPTest,FTP-BruteForce,False,5,Dst Port,dstport,0.19840969145298004,0.19840969145298004
670052,DoS attacks-SlowHTTPTest,FTP-BruteForce,False,1,Fwd Seg Size Min,fwdsegsizemin,5.7662529945373535,5.7662529945373535
670052,DoS attacks-SlowHTTPTest,FTP-BruteForce,False,2,Flow Pkts/s,flowpktss,0.8124192357063293,0.8124192357063293
670052,DoS attacks-SlowHTTPTest,FTP-BruteForce,False,3,Flow IAT Max,flowiatmax,0.2989501953125,0.2989501953125
670052,DoS attacks-SlowHTTPTest,FTP-BruteForce,False,4,Flow IAT Min,flowiatmin,-0.2414916306734085,0.2414916306734085
670052,DoS attacks-SlowHTTPTest,FTP-BruteForce,False,5,Flow IAT Mean,flowiatmean,-0.16353875398635864,0.16353875398635864
674353,DoS attacks-SlowHTTPTest,DoS attacks-SlowHTTPTest,True,1,Fwd Seg Size Min,fwdsegsizemin,6.8819427490234375,6.8819427490234375
674353,DoS attacks-SlowHTTPTest,DoS attacks-SlowHTTPTest,True,2,Flow IAT Max,flowiatmax,2.7676210403442383,2.7676210403442383
674353,DoS attacks-SlowHTTPTest,DoS attacks-SlowHTTPTest,True,3,Flow Duration,flowduration,1.2512905597686768,1.2512905597686768
674353,DoS attacks-SlowHTTPTest,DoS attacks-SlowHTTPTest,True,4,Bwd Pkts/s,bwdpktss,-0.5335652828216553,0.5335652828216553
674353,DoS attacks-SlowHTTPTest,DoS attacks-SlowHTTPTest,True,5,Flow IAT Min,flowiatmin,0.44464388489723206,0.44464388489723206
681754,DoS attacks-SlowHTTPTest,FTP-BruteForce,False,1,Fwd Seg Size Min,fwdsegsizemin,5.766803741455078,5.766803741455078
681754,DoS attacks-SlowHTTPTest,FTP-BruteForce,False,2,Flow Pkts/s,flowpktss,0.6059204936027527,0.6059204936027527
681754,DoS attacks-SlowHTTPTest,FTP-BruteForce,False,3,Flow IAT Max,flowiatmax,0.3088662922382355,0.3088662922382355
681754,DoS attacks-SlowHTTPTest,FTP-BruteForce,False,4,Flow IAT Min,flowiatmin,-0.22995126247406006,0.22995126247406006
681754,DoS attacks-SlowHTTPTest,FTP-BruteForce,False,5,Dst Port,dstport,0.1426369994878769,0.1426369994878769
691066,DoS attacks-SlowHTTPTest,FTP-BruteForce,False,1,Fwd Seg Size Min,fwdsegsizemin,6.430073261260986,6.430073261260986
691066,DoS attacks-SlowHTTPTest,FTP-BruteForce,False,2,Flow Pkts/s,flowpktss,0.8446104526519775,0.8446104526519775
691066,DoS attacks-SlowHTTPTest,FTP-BruteForce,False,3,Flow IAT Mean,flowiatmean,0.48825448751449585,0.48825448751449585
691066,DoS attacks-SlowHTTPTest,FTP-BruteForce,False,4,Flow IAT Max,flowiatmax,0.43235087394714355,0.43235087394714355
691066,DoS attacks-SlowHTTPTest,FTP-BruteForce,False,5,Flow IAT Min,flowiatmin,-0.2978772819042206,0.2978772819042206
7586,DoS attacks-Slowloris,DoS attacks-Slowloris,True,1,Bwd IAT Max,bwdiatmax,13.824743270874023,13.824743270874023
7586,DoS attacks-Slowloris,DoS attacks-Slowloris,True,2,Fwd Seg Size Min,fwdsegsizemin,7.560519218444824,7.560519218444824
7586,DoS attacks-Slowloris,DoS attacks-Slowloris,True,3,Bwd IAT Tot,bwdiattot,4.8234543800354,4.8234543800354
7586,DoS attacks-Slowloris,DoS attacks-Slowloris,True,4,Idle Max,idlemax,-4.103416919708252,4.103416919708252
7586,DoS attacks-Slowloris,DoS attacks-Slowloris,True,5,Init Bwd Win Byts,initbwdwinbyts,2.0152266025543213,2.0152266025543213
21300,DoS attacks-Slowloris,DoS attacks-Slowloris,True,1,Bwd IAT Max,bwdiatmax,13.824743270874023,13.824743270874023
21300,DoS attacks-Slowloris,DoS attacks-Slowloris,True,2,Fwd Seg Size Min,fwdsegsizemin,7.560519218444824,7.560519218444824
21300,DoS attacks-Slowloris,DoS attacks-Slowloris,True,3,Bwd IAT Tot,bwdiattot,4.8234543800354,4.8234543800354
21300,DoS attacks-Slowloris,DoS attacks-Slowloris,True,4,Idle Max,idlemax,-4.103416919708252,4.103416919708252
21300,DoS attacks-Slowloris,DoS attacks-Slowloris,True,5,Init Bwd Win Byts,initbwdwinbyts,2.0152266025543213,2.0152266025543213
26042,DoS attacks-Slowloris,DoS attacks-Slowloris,True,1,Bwd IAT Max,bwdiatmax,9.78472900390625,9.78472900390625
26042,DoS attacks-Slowloris,DoS attacks-Slowloris,True,2,Fwd Seg Size Min,fwdsegsizemin,5.4044389724731445,5.4044389724731445
26042,DoS attacks-Slowloris,DoS attacks-Slowloris,True,3,Bwd IAT Tot,bwdiattot,3.4852285385131836,3.4852285385131836
26042,DoS attacks-Slowloris,DoS attacks-Slowloris,True,4,Bwd IAT Mean,bwdiatmean,1.4351727962493896,1.4351727962493896
26042,DoS attacks-Slowloris,DoS attacks-Slowloris,True,5,Init Fwd Win Byts,initfwdwinbyts,1.3194314241409302,1.3194314241409302
26534,DoS attacks-Slowloris,DoS attacks-Slowloris,True,1,Fwd Seg Size Min,fwdsegsizemin,8.989450454711914,8.989450454711914
26534,DoS attacks-Slowloris,DoS attacks-Slowloris,True,2,Fwd IAT Std,fwdiatstd,5.708186149597168,5.708186149597168
26534,DoS attacks-Slowloris,DoS attacks-Slowloris,True,3,Dst Port,dstport,4.481470584869385,4.481470584869385
26534,DoS attacks-Slowloris,DoS attacks-Slowloris,True,4,Init Fwd Win Byts,initfwdwinbyts,1.9998708963394165,1.9998708963394165
26534,DoS attacks-Slowloris,DoS attacks-Slowloris,True,5,Pkt Size Avg,pktsizeavg,-0.3425914943218231,0.3425914943218231
36090,DoS attacks-Slowloris,DoS attacks-Slowloris,True,1,Bwd IAT Max,bwdiatmax,13.824743270874023,13.824743270874023
36090,DoS attacks-Slowloris,DoS attacks-Slowloris,True,2,Fwd Seg Size Min,fwdsegsizemin,7.561631679534912,7.561631679534912
36090,DoS attacks-Slowloris,DoS attacks-Slowloris,True,3,Bwd IAT Tot,bwdiattot,4.8234543800354,4.8234543800354
36090,DoS attacks-Slowloris,DoS attacks-Slowloris,True,4,Idle Max,idlemax,-4.103416919708252,4.103416919708252
36090,DoS attacks-Slowloris,DoS attacks-Slowloris,True,5,Init Bwd Win Byts,initbwdwinbyts,2.0133113861083984,2.0133113861083984
39368,DoS attacks-Slowloris,DoS attacks-Slowloris,True,1,Fwd Seg Size Min,fwdsegsizemin,9.092550277709961,9.092550277709961
39368,DoS attacks-Slowloris,DoS attacks-Slowloris,True,2,Fwd IAT Std,fwdiatstd,5.629772663116455,5.629772663116455
39368,DoS attacks-Slowloris,DoS attacks-Slowloris,True,3,Dst Port,dstport,4.481470584869385,4.481470584869385
39368,DoS attacks-Slowloris,DoS attacks-Slowloris,True,4,Init Fwd Win Byts,initfwdwinbyts,2.0563604831695557,2.0563604831695557
39368,DoS attacks-Slowloris,DoS attacks-Slowloris,True,5,Pkt Size Avg,pktsizeavg,-0.3425914943218231,0.3425914943218231
41037,DoS attacks-Slowloris,DoS attacks-Slowloris,True,1,Fwd Seg Size Min,fwdsegsizemin,4.712128639221191,4.712128639221191
41037,DoS attacks-Slowloris,DoS attacks-Slowloris,True,2,Dst Port,dstport,2.5859482288360596,2.5859482288360596
41037,DoS attacks-Slowloris,DoS attacks-Slowloris,True,3,Flow Byts/s,flowbytss,2.2337608337402344,2.2337608337402344
41037,DoS attacks-Slowloris,DoS attacks-Slowloris,True,4,Init Bwd Win Byts,initbwdwinbyts,1.353453278541565,1.353453278541565
41037,DoS attacks-Slowloris,DoS attacks-Slowloris,True,5,Fwd PSH Flags,fwdpshflags,0.9772752523422241,0.9772752523422241
47244,DoS attacks-Slowloris,DoS attacks-Slowloris,True,1,Bwd IAT Max,bwdiatmax,13.824743270874023,13.824743270874023
47244,DoS attacks-Slowloris,DoS attacks-Slowloris,True,2,Fwd Seg Size Min,fwdsegsizemin,7.561631679534912,7.561631679534912
47244,DoS attacks-Slowloris,DoS attacks-Slowloris,True,3,Bwd IAT Tot,bwdiattot,4.8234543800354,4.8234543800354
47244,DoS attacks-Slowloris,DoS attacks-Slowloris,True,4,Idle Max,idlemax,-4.103416919708252,4.103416919708252
47244,DoS attacks-Slowloris,DoS attacks-Slowloris,True,5,Init Bwd Win Byts,initbwdwinbyts,2.0133113861083984,2.0133113861083984
49137,DoS attacks-Slowloris,DoS attacks-Slowloris,True,1,Bwd IAT Max,bwdiatmax,13.824743270874023,13.824743270874023
49137,DoS attacks-Slowloris,DoS attacks-Slowloris,True,2,Fwd Seg Size Min,fwdsegsizemin,7.560519218444824,7.560519218444824
49137,DoS attacks-Slowloris,DoS attacks-Slowloris,True,3,Bwd IAT Tot,bwdiattot,4.8234543800354,4.8234543800354
49137,DoS attacks-Slowloris,DoS attacks-Slowloris,True,4,Idle Max,idlemax,-4.103416919708252,4.103416919708252
49137,DoS attacks-Slowloris,DoS attacks-Slowloris,True,5,Init Bwd Win Byts,initbwdwinbyts,2.0152266025543213,2.0152266025543213
62344,DoS attacks-Slowloris,DoS attacks-Slowloris,True,1,Bwd IAT Max,bwdiatmax,11.814923286437988,11.814923286437988
62344,DoS attacks-Slowloris,DoS attacks-Slowloris,True,2,Fwd Seg Size Min,fwdsegsizemin,7.757215976715088,7.757215976715088
62344,DoS attacks-Slowloris,DoS attacks-Slowloris,True,3,Bwd IAT Tot,bwdiattot,3.7265172004699707,3.7265172004699707
62344,DoS attacks-Slowloris,DoS attacks-Slowloris,True,4,Init Bwd Win Byts,initbwdwinbyts,2.0152266025543213,2.0152266025543213
62344,DoS attacks-Slowloris,DoS attacks-Slowloris,True,5,Flow Duration,flowduration,-1.0555051565170288,1.0555051565170288
63710,DoS attacks-Slowloris,DoS attacks-Slowloris,True,1,Bwd IAT Max,bwdiatmax,9.78472900390625,9.78472900390625
63710,DoS attacks-Slowloris,DoS attacks-Slowloris,True,2,Fwd Seg Size Min,fwdsegsizemin,5.536921977996826,5.536921977996826
63710,DoS attacks-Slowloris,DoS attacks-Slowloris,True,3,Bwd IAT Tot,bwdiattot,3.4852285385131836,3.4852285385131836
63710,DoS attacks-Slowloris,DoS attacks-Slowloris,True,4,Bwd IAT Mean,bwdiatmean,1.4351727962493896,1.4351727962493896
63710,DoS attacks-Slowloris,DoS attacks-Slowloris,True,5,Init Fwd Win Byts,initfwdwinbyts,1.33417809009552,1.33417809009552
64457,DoS attacks-Slowloris,DoS attacks-Slowloris,True,1,Bwd IAT Max,bwdiatmax,13.824743270874023,13.824743270874023
64457,DoS attacks-Slowloris,DoS attacks-Slowloris,True,2,Fwd Seg Size Min,fwdsegsizemin,7.560519218444824,7.560519218444824
64457,DoS attacks-Slowloris,DoS attacks-Slowloris,True,3,Bwd IAT Tot,bwdiattot,4.8234543800354,4.8234543800354
64457,DoS attacks-Slowloris,DoS attacks-Slowloris,True,4,Idle Max,idlemax,-4.103416919708252,4.103416919708252
64457,DoS attacks-Slowloris,DoS attacks-Slowloris,True,5,Init Bwd Win Byts,initbwdwinbyts,2.0152266025543213,2.0152266025543213
65442,DoS attacks-Slowloris,DoS attacks-Slowloris,True,1,Bwd IAT Max,bwdiatmax,9.78472900390625,9.78472900390625
65442,DoS attacks-Slowloris,DoS attacks-Slowloris,True,2,Fwd Seg Size Min,fwdsegsizemin,5.395099639892578,5.395099639892578
65442,DoS attacks-Slowloris,DoS attacks-Slowloris,True,3,Bwd IAT Tot,bwdiattot,3.4852285385131836,3.4852285385131836
65442,DoS attacks-Slowloris,DoS attacks-Slowloris,True,4,Bwd IAT Mean,bwdiatmean,1.4351727962493896,1.4351727962493896
65442,DoS attacks-Slowloris,DoS attacks-Slowloris,True,5,Init Fwd Win Byts,initfwdwinbyts,1.3468105792999268,1.3468105792999268
65649,DoS attacks-Slowloris,DoS attacks-Slowloris,True,1,Bwd IAT Max,bwdiatmax,13.824743270874023,13.824743270874023
65649,DoS attacks-Slowloris,DoS attacks-Slowloris,True,2,Fwd Seg Size Min,fwdsegsizemin,7.560519218444824,7.560519218444824
65649,DoS attacks-Slowloris,DoS attacks-Slowloris,True,3,Bwd IAT Tot,bwdiattot,4.8234543800354,4.8234543800354
65649,DoS attacks-Slowloris,DoS attacks-Slowloris,True,4,Idle Max,idlemax,-4.103416919708252,4.103416919708252
65649,DoS attacks-Slowloris,DoS attacks-Slowloris,True,5,Init Bwd Win Byts,initbwdwinbyts,2.0152266025543213,2.0152266025543213
68559,DoS attacks-Slowloris,DoS attacks-Slowloris,True,1,Fwd Seg Size Min,fwdsegsizemin,5.369584083557129,5.369584083557129
68559,DoS attacks-Slowloris,DoS attacks-Slowloris,True,2,Flow IAT Std,flowiatstd,2.236017942428589,2.236017942428589
68559,DoS attacks-Slowloris,DoS attacks-Slowloris,True,3,Init Bwd Win Byts,initbwdwinbyts,1.6280043125152588,1.6280043125152588
68559,DoS attacks-Slowloris,DoS attacks-Slowloris,True,4,Fwd PSH Flags,fwdpshflags,1.0785715579986572,1.0785715579986572
68559,DoS attacks-Slowloris,DoS attacks-Slowloris,True,5,Idle Mean,idlemean,0.958423912525177,0.958423912525177
75233,DoS attacks-Slowloris,DoS attacks-Slowloris,True,1,Bwd IAT Max,bwdiatmax,9.78472900390625,9.78472900390625
75233,DoS attacks-Slowloris,DoS attacks-Slowloris,True,2,Fwd Seg Size Min,fwdsegsizemin,5.434410095214844,5.434410095214844
75233,DoS attacks-Slowloris,DoS attacks-Slowloris,True,3,Bwd IAT Tot,bwdiattot,3.4852285385131836,3.4852285385131836
75233,DoS attacks-Slowloris,DoS attacks-Slowloris,True,4,Bwd IAT Mean,bwdiatmean,1.4351727962493896,1.4351727962493896
75233,DoS attacks-Slowloris,DoS attacks-Slowloris,True,5,Init Fwd Win Byts,initfwdwinbyts,1.3833130598068237,1.3833130598068237
77260,DoS attacks-Slowloris,DoS attacks-Slowloris,True,1,Bwd IAT Max,bwdiatmax,9.78472900390625,9.78472900390625
77260,DoS attacks-Slowloris,DoS attacks-Slowloris,True,2,Fwd Seg Size Min,fwdsegsizemin,5.411298751831055,5.411298751831055
77260,DoS attacks-Slowloris,DoS attacks-Slowloris,True,3,Bwd IAT Tot,bwdiattot,3.4852285385131836,3.4852285385131836
77260,DoS attacks-Slowloris,DoS attacks-Slowloris,True,4,Bwd IAT Mean,bwdiatmean,1.4351727962493896,1.4351727962493896
77260,DoS attacks-Slowloris,DoS attacks-Slowloris,True,5,Init Fwd Win Byts,initfwdwinbyts,1.2676138877868652,1.2676138877868652
78890,DoS attacks-Slowloris,DoS attacks-Slowloris,True,1,Fwd Seg Size Min,fwdsegsizemin,8.788150787353516,8.788150787353516
78890,DoS attacks-Slowloris,DoS attacks-Slowloris,True,2,Fwd IAT Std,fwdiatstd,5.521841526031494,5.521841526031494
78890,DoS attacks-Slowloris,DoS attacks-Slowloris,True,3,Dst Port,dstport,4.481470584869385,4.481470584869385
78890,DoS attacks-Slowloris,DoS attacks-Slowloris,True,4,Init Fwd Win Byts,initfwdwinbyts,1.9575960636138916,1.9575960636138916
78890,DoS attacks-Slowloris,DoS attacks-Slowloris,True,5,Pkt Size Avg,pktsizeavg,-0.3425914943218231,0.3425914943218231
85617,DoS attacks-Slowloris,DoS attacks-Slowloris,True,1,Fwd Seg Size Min,fwdsegsizemin,8.907455444335938,8.907455444335938
85617,DoS attacks-Slowloris,DoS attacks-Slowloris,True,2,Fwd IAT Std,fwdiatstd,5.6856369972229,5.6856369972229
85617,DoS attacks-Slowloris,DoS attacks-Slowloris,True,3,Dst Port,dstport,4.481470584869385,4.481470584869385
85617,DoS attacks-Slowloris,DoS attacks-Slowloris,True,4,Init Fwd Win Byts,initfwdwinbyts,2.0221974849700928,2.0221974849700928
85617,DoS attacks-Slowloris,DoS attacks-Slowloris,True,5,Pkt Size Avg,pktsizeavg,-0.3425914943218231,0.3425914943218231
102001,DoS attacks-Slowloris,DoS attacks-Slowloris,True,1,Fwd Seg Size Min,fwdsegsizemin,9.025911331176758,9.025911331176758
102001,DoS attacks-Slowloris,DoS attacks-Slowloris,True,2,Fwd IAT Std,fwdiatstd,5.629772663116455,5.629772663116455
102001,DoS attacks-Slowloris,DoS attacks-Slowloris,True,3,Dst Port,dstport,4.481470584869385,4.481470584869385
102001,DoS attacks-Slowloris,DoS attacks-Slowloris,True,4,Init Fwd Win Byts,initfwdwinbyts,2.0187699794769287,2.0187699794769287
102001,DoS attacks-Slowloris,DoS attacks-Slowloris,True,5,Pkt Size Avg,pktsizeavg,-0.3425914943218231,0.3425914943218231
104266,DoS attacks-Slowloris,DoS attacks-Slowloris,True,1,Bwd IAT Max,bwdiatmax,9.78472900390625,9.78472900390625
104266,DoS attacks-Slowloris,DoS attacks-Slowloris,True,2,Fwd Seg Size Min,fwdsegsizemin,5.411828994750977,5.411828994750977
104266,DoS attacks-Slowloris,DoS attacks-Slowloris,True,3,Bwd IAT Tot,bwdiattot,3.4852285385131836,3.4852285385131836
104266,DoS attacks-Slowloris,DoS attacks-Slowloris,True,4,Bwd IAT Mean,bwdiatmean,1.4351727962493896,1.4351727962493896
104266,DoS attacks-Slowloris,DoS attacks-Slowloris,True,5,Init Fwd Win Byts,initfwdwinbyts,1.2579156160354614,1.2579156160354614
110358,DoS attacks-Slowloris,DoS attacks-Slowloris,True,1,Bwd IAT Max,bwdiatmax,9.78472900390625,9.78472900390625
110358,DoS attacks-Slowloris,DoS attacks-Slowloris,True,2,Fwd Seg Size Min,fwdsegsizemin,5.486401081085205,5.486401081085205
110358,DoS attacks-Slowloris,DoS attacks-Slowloris,True,3,Bwd IAT Tot,bwdiattot,3.4852285385131836,3.4852285385131836
110358,DoS attacks-Slowloris,DoS attacks-Slowloris,True,4,Bwd IAT Mean,bwdiatmean,1.4351727962493896,1.4351727962493896
110358,DoS attacks-Slowloris,DoS attacks-Slowloris,True,5,Init Fwd Win Byts,initfwdwinbyts,1.3678767681121826,1.3678767681121826
116878,DoS attacks-Slowloris,DoS attacks-Slowloris,True,1,Bwd IAT Max,bwdiatmax,9.78472900390625,9.78472900390625
116878,DoS attacks-Slowloris,DoS attacks-Slowloris,True,2,Fwd Seg Size Min,fwdsegsizemin,5.48953104019165,5.48953104019165
116878,DoS attacks-Slowloris,DoS attacks-Slowloris,True,3,Bwd IAT Tot,bwdiattot,3.4852285385131836,3.4852285385131836
116878,DoS attacks-Slowloris,DoS attacks-Slowloris,True,4,Bwd IAT Mean,bwdiatmean,1.4351727962493896,1.4351727962493896
116878,DoS attacks-Slowloris,DoS attacks-Slowloris,True,5,Init Fwd Win Byts,initfwdwinbyts,1.328043818473816,1.328043818473816
119326,DoS attacks-Slowloris,DoS attacks-Slowloris,True,1,Bwd IAT Max,bwdiatmax,9.78472900390625,9.78472900390625
119326,DoS attacks-Slowloris,DoS attacks-Slowloris,True,2,Fwd Seg Size Min,fwdsegsizemin,5.40317964553833,5.40317964553833
119326,DoS attacks-Slowloris,DoS attacks-Slowloris,True,3,Bwd IAT Tot,bwdiattot,3.4852285385131836,3.4852285385131836
119326,DoS attacks-Slowloris,DoS attacks-Slowloris,True,4,Bwd IAT Mean,bwdiatmean,1.4351727962493896,1.4351727962493896
119326,DoS attacks-Slowloris,DoS attacks-Slowloris,True,5,Init Fwd Win Byts,initfwdwinbyts,1.2929848432540894,1.2929848432540894
120899,DoS attacks-Slowloris,DoS attacks-Slowloris,True,1,Bwd IAT Max,bwdiatmax,9.78472900390625,9.78472900390625
120899,DoS attacks-Slowloris,DoS attacks-Slowloris,True,2,Fwd Seg Size Min,fwdsegsizemin,5.5465779304504395,5.5465779304504395
120899,DoS attacks-Slowloris,DoS attacks-Slowloris,True,3,Bwd IAT Tot,bwdiattot,3.4852285385131836,3.4852285385131836
120899,DoS attacks-Slowloris,DoS attacks-Slowloris,True,4,Bwd IAT Mean,bwdiatmean,1.4351727962493896,1.4351727962493896
120899,DoS attacks-Slowloris,DoS attacks-Slowloris,True,5,Init Fwd Win Byts,initfwdwinbyts,1.3343833684921265,1.3343833684921265
123147,DoS attacks-Slowloris,DoS attacks-Slowloris,True,1,Fwd Seg Size Min,fwdsegsizemin,5.368471622467041,5.368471622467041
123147,DoS attacks-Slowloris,DoS attacks-Slowloris,True,2,Flow IAT Std,flowiatstd,2.236017942428589,2.236017942428589
123147,DoS attacks-Slowloris,DoS attacks-Slowloris,True,3,Init Bwd Win Byts,initbwdwinbyts,1.6299197673797607,1.6299197673797607
123147,DoS attacks-Slowloris,DoS attacks-Slowloris,True,4,Fwd PSH Flags,fwdpshflags,1.0785715579986572,1.0785715579986572
123147,DoS attacks-Slowloris,DoS attacks-Slowloris,True,5,Idle Mean,idlemean,0.958423912525177,0.958423912525177
131202,DoS attacks-Slowloris,DoS attacks-Slowloris,True,1,Fwd Seg Size Min,fwdsegsizemin,5.50909948348999,5.50909948348999
131202,DoS attacks-Slowloris,DoS attacks-Slowloris,True,2,Down/Up Ratio,downupratio,1.6870110034942627,1.6870110034942627
131202,DoS attacks-Slowloris,DoS attacks-Slowloris,True,3,Init Bwd Win Byts,initbwdwinbyts,1.651343822479248,1.651343822479248
131202,DoS attacks-Slowloris,DoS attacks-Slowloris,True,4,Flow Byts/s,flowbytss,1.1677640676498413,1.1677640676498413
131202,DoS attacks-Slowloris,DoS attacks-Slowloris,True,5,Init Fwd Win Byts,initfwdwinbyts,0.8233304619789124,0.8233304619789124
134401,DoS attacks-Slowloris,DoS attacks-Slowloris,True,1,Bwd IAT Max,bwdiatmax,9.78472900390625,9.78472900390625
134401,DoS attacks-Slowloris,DoS attacks-Slowloris,True,2,Fwd Seg Size Min,fwdsegsizemin,5.477592468261719,5.477592468261719
134401,DoS attacks-Slowloris,DoS attacks-Slowloris,True,3,Bwd IAT Tot,bwdiattot,3.4852285385131836,3.4852285385131836
134401,DoS attacks-Slowloris,DoS attacks-Slowloris,True,4,Bwd IAT Mean,bwdiatmean,1.4351727962493896,1.4351727962493896
134401,DoS attacks-Slowloris,DoS attacks-Slowloris,True,5,Init Fwd Win Byts,initfwdwinbyts,1.4192566871643066,1.4192566871643066
145690,DoS attacks-Slowloris,DoS attacks-Slowloris,True,1,Fwd Seg Size Min,fwdsegsizemin,4.713776588439941,4.713776588439941
145690,DoS attacks-Slowloris,DoS attacks-Slowloris,True,2,Fwd PSH Flags,fwdpshflags,2.0078210830688477,2.0078210830688477
145690,DoS attacks-Slowloris,DoS attacks-Slowloris,True,3,Init Bwd Win Byts,initbwdwinbyts,1.64617919921875,1.64617919921875
145690,DoS attacks-Slowloris,DoS attacks-Slowloris,True,4,Dst Port,dstport,1.2437756061553955,1.2437756061553955
145690,DoS attacks-Slowloris,DoS attacks-Slowloris,True,5,Flow Duration,flowduration,0.9070149660110474,0.9070149660110474
148877,DoS attacks-Slowloris,DoS attacks-Slowloris,True,1,Bwd IAT Max,bwdiatmax,9.78472900390625,9.78472900390625
148877,DoS attacks-Slowloris,DoS attacks-Slowloris,True,2,Fwd Seg Size Min,fwdsegsizemin,5.509034633636475,5.509034633636475
148877,DoS attacks-Slowloris,DoS attacks-Slowloris,True,3,Bwd IAT Tot,bwdiattot,3.4852285385131836,3.4852285385131836
148877,DoS attacks-Slowloris,DoS attacks-Slowloris,True,4,Bwd IAT Mean,bwdiatmean,1.4351727962493896,1.4351727962493896
148877,DoS attacks-Slowloris,DoS attacks-Slowloris,True,5,Init Fwd Win Byts,initfwdwinbyts,1.3534148931503296,1.3534148931503296
154231,DoS attacks-Slowloris,DoS attacks-Slowloris,True,1,Fwd Seg Size Min,fwdsegsizemin,8.788150787353516,8.788150787353516
154231,DoS attacks-Slowloris,DoS attacks-Slowloris,True,2,Fwd IAT Std,fwdiatstd,5.521841526031494,5.521841526031494
154231,DoS attacks-Slowloris,DoS attacks-Slowloris,True,3,Dst Port,dstport,4.481470584869385,4.481470584869385
154231,DoS attacks-Slowloris,DoS attacks-Slowloris,True,4,Init Fwd Win Byts,initfwdwinbyts,1.9575960636138916,1.9575960636138916
154231,DoS attacks-Slowloris,DoS attacks-Slowloris,True,5,Pkt Size Avg,pktsizeavg,-0.3425914943218231,0.3425914943218231
154483,DoS attacks-Slowloris,DoS attacks-Slowloris,True,1,Fwd Seg Size Min,fwdsegsizemin,8.788150787353516,8.788150787353516
154483,DoS attacks-Slowloris,DoS attacks-Slowloris,True,2,Fwd IAT Std,fwdiatstd,5.521841526031494,5.521841526031494
154483,DoS attacks-Slowloris,DoS attacks-Slowloris,True,3,Dst Port,dstport,4.481470584869385,4.481470584869385
154483,DoS attacks-Slowloris,DoS attacks-Slowloris,True,4,Init Fwd Win Byts,initfwdwinbyts,1.9575960636138916,1.9575960636138916
154483,DoS attacks-Slowloris,DoS attacks-Slowloris,True,5,Pkt Size Avg,pktsizeavg,-0.3425914943218231,0.3425914943218231
155914,DoS attacks-Slowloris,DoS attacks-Slowloris,True,1,Bwd IAT Max,bwdiatmax,9.78472900390625,9.78472900390625
155914,DoS attacks-Slowloris,DoS attacks-Slowloris,True,2,Fwd Seg Size Min,fwdsegsizemin,5.497949600219727,5.497949600219727
155914,DoS attacks-Slowloris,DoS attacks-Slowloris,True,3,Bwd IAT Tot,bwdiattot,3.4852285385131836,3.4852285385131836
155914,DoS attacks-Slowloris,DoS attacks-Slowloris,True,4,Bwd IAT Mean,bwdiatmean,1.4351727962493896,1.4351727962493896
155914,DoS attacks-Slowloris,DoS attacks-Slowloris,True,5,Init Fwd Win Byts,initfwdwinbyts,1.3332128524780273,1.3332128524780273
160466,DoS attacks-Slowloris,DoS attacks-Slowloris,True,1,Bwd IAT Max,bwdiatmax,9.78472900390625,9.78472900390625
160466,DoS attacks-Slowloris,DoS attacks-Slowloris,True,2,Fwd Seg Size Min,fwdsegsizemin,5.594825267791748,5.594825267791748
160466,DoS attacks-Slowloris,DoS attacks-Slowloris,True,3,Bwd IAT Tot,bwdiattot,3.4852285385131836,3.4852285385131836
160466,DoS attacks-Slowloris,DoS attacks-Slowloris,True,4,Bwd IAT Mean,bwdiatmean,1.4351727962493896,1.4351727962493896
160466,DoS attacks-Slowloris,DoS attacks-Slowloris,True,5,Init Fwd Win Byts,initfwdwinbyts,1.391421914100647,1.391421914100647
164141,DoS attacks-Slowloris,DoS attacks-Slowloris,True,1,Bwd IAT Max,bwdiatmax,9.78472900390625,9.78472900390625
164141,DoS attacks-Slowloris,DoS attacks-Slowloris,True,2,Fwd Seg Size Min,fwdsegsizemin,5.477592468261719,5.477592468261719
164141,DoS attacks-Slowloris,DoS attacks-Slowloris,True,3,Bwd IAT Tot,bwdiattot,3.4852285385131836,3.4852285385131836
164141,DoS attacks-Slowloris,DoS attacks-Slowloris,True,4,Bwd IAT Mean,bwdiatmean,1.4351727962493896,1.4351727962493896
164141,DoS attacks-Slowloris,DoS attacks-Slowloris,True,5,Init Fwd Win Byts,initfwdwinbyts,1.4192566871643066,1.4192566871643066
172308,DoS attacks-Slowloris,DoS attacks-Slowloris,True,1,Fwd Seg Size Min,fwdsegsizemin,8.907455444335938,8.907455444335938
172308,DoS attacks-Slowloris,DoS attacks-Slowloris,True,2,Fwd IAT Std,fwdiatstd,5.6856369972229,5.6856369972229
172308,DoS attacks-Slowloris,DoS attacks-Slowloris,True,3,Dst Port,dstport,4.481470584869385,4.481470584869385
172308,DoS attacks-Slowloris,DoS attacks-Slowloris,True,4,Init Fwd Win Byts,initfwdwinbyts,2.0221974849700928,2.0221974849700928
172308,DoS attacks-Slowloris,DoS attacks-Slowloris,True,5,Pkt Size Avg,pktsizeavg,-0.3425914943218231,0.3425914943218231
176759,DoS attacks-Slowloris,DoS attacks-Slowloris,True,1,Bwd IAT Max,bwdiatmax,11.822442054748535,11.822442054748535
176759,DoS attacks-Slowloris,DoS attacks-Slowloris,True,2,Fwd Seg Size Min,fwdsegsizemin,5.948426723480225,5.948426723480225
176759,DoS attacks-Slowloris,DoS attacks-Slowloris,True,3,Bwd IAT Tot,bwdiattot,3.5158722400665283,3.5158722400665283
176759,DoS attacks-Slowloris,DoS attacks-Slowloris,True,4,Bwd Header Len,bwdheaderlen,-2.089703321456909,2.089703321456909
176759,DoS attacks-Slowloris,DoS attacks-Slowloris,True,5,Bwd IAT Mean,bwdiatmean,1.0649912357330322,1.0649912357330322
182164,DoS attacks-Slowloris,DoS attacks-Slowloris,True,1,Bwd IAT Max,bwdiatmax,9.78472900390625,9.78472900390625
182164,DoS attacks-Slowloris,DoS attacks-Slowloris,True,2,Fwd Seg Size Min,fwdsegsizemin,5.476881504058838,5.476881504058838
182164,DoS attacks-Slowloris,DoS attacks-Slowloris,True,3,Bwd IAT Tot,bwdiattot,3.4852285385131836,3.4852285385131836
182164,DoS attacks-Slowloris,DoS attacks-Slowloris,True,4,Bwd IAT Mean,bwdiatmean,1.4351727962493896,1.4351727962493896
182164,DoS attacks-Slowloris,DoS attacks-Slowloris,True,5,Init Fwd Win Byts,initfwdwinbyts,1.4286339282989502,1.4286339282989502
197092,DoS attacks-Slowloris,DoS attacks-Slowloris,True,1,Bwd IAT Max,bwdiatmax,9.78472900390625,9.78472900390625
197092,DoS attacks-Slowloris,DoS attacks-Slowloris,True,2,Fwd Seg Size Min,fwdsegsizemin,5.486886978149414,5.486886978149414
197092,DoS attacks-Slowloris,DoS attacks-Slowloris,True,3,Bwd IAT Tot,bwdiattot,3.4852285385131836,3.4852285385131836
197092,DoS attacks-Slowloris,DoS attacks-Slowloris,True,4,Bwd IAT Mean,bwdiatmean,1.4351727962493896,1.4351727962493896
197092,DoS attacks-Slowloris,DoS attacks-Slowloris,True,5,Init Fwd Win Byts,initfwdwinbyts,1.3679070472717285,1.3679070472717285
198930,DoS attacks-Slowloris,DoS attacks-Slowloris,True,1,Bwd IAT Max,bwdiatmax,9.78472900390625,9.78472900390625
198930,DoS attacks-Slowloris,DoS attacks-Slowloris,True,2,Fwd Seg Size Min,fwdsegsizemin,5.392655372619629,5.392655372619629
198930,DoS attacks-Slowloris,DoS attacks-Slowloris,True,3,Bwd IAT Tot,bwdiattot,3.4852285385131836,3.4852285385131836
198930,DoS attacks-Slowloris,DoS attacks-Slowloris,True,4,Bwd IAT Mean,bwdiatmean,1.4351727962493896,1.4351727962493896
198930,DoS attacks-Slowloris,DoS attacks-Slowloris,True,5,Init Fwd Win Byts,initfwdwinbyts,1.2698348760604858,1.2698348760604858
208427,DoS attacks-Slowloris,DoS attacks-Slowloris,True,1,Fwd Seg Size Min,fwdsegsizemin,9.056089401245117,9.056089401245117
208427,DoS attacks-Slowloris,DoS attacks-Slowloris,True,2,Fwd IAT Std,fwdiatstd,5.708186149597168,5.708186149597168
208427,DoS attacks-Slowloris,DoS attacks-Slowloris,True,3,Dst Port,dstport,4.481470584869385,4.481470584869385
208427,DoS attacks-Slowloris,DoS attacks-Slowloris,True,4,Init Fwd Win Byts,initfwdwinbyts,2.037461519241333,2.037461519241333
208427,DoS attacks-Slowloris,DoS attacks-Slowloris,True,5,Pkt Size Avg,pktsizeavg,-0.3425914943218231,0.3425914943218231
223108,DoS attacks-Slowloris,DoS attacks-Slowloris,True,1,Bwd IAT Max,bwdiatmax,9.78472900390625,9.78472900390625
223108,DoS attacks-Slowloris,DoS attacks-Slowloris,True,2,Fwd Seg Size Min,fwdsegsizemin,5.497463703155518,5.497463703155518
223108,DoS attacks-Slowloris,DoS attacks-Slowloris,True,3,Bwd IAT Tot,bwdiattot,3.4852285385131836,3.4852285385131836
223108,DoS attacks-Slowloris,DoS attacks-Slowloris,True,4,Bwd IAT Mean,bwdiatmean,1.4351727962493896,1.4351727962493896
223108,DoS attacks-Slowloris,DoS attacks-Slowloris,True,5,Init Fwd Win Byts,initfwdwinbyts,1.3331825733184814,1.3331825733184814
244214,DoS attacks-Slowloris,DoS attacks-Slowloris,True,1,Bwd IAT Max,bwdiatmax,13.824743270874023,13.824743270874023
244214,DoS attacks-Slowloris,DoS attacks-Slowloris,True,2,Fwd Seg Size Min,fwdsegsizemin,7.560519218444824,7.560519218444824
244214,DoS attacks-Slowloris,DoS attacks-Slowloris,True,3,Bwd IAT Tot,bwdiattot,4.8234543800354,4.8234543800354
244214,DoS attacks-Slowloris,DoS attacks-Slowloris,True,4,Idle Max,idlemax,-4.103416919708252,4.103416919708252
244214,DoS attacks-Slowloris,DoS attacks-Slowloris,True,5,Init Bwd Win Byts,initbwdwinbyts,2.0152266025543213,2.0152266025543213
244530,DoS attacks-Slowloris,DoS attacks-Slowloris,True,1,Bwd IAT Max,bwdiatmax,9.78472900390625,9.78472900390625
244530,DoS attacks-Slowloris,DoS attacks-Slowloris,True,2,Fwd Seg Size Min,fwdsegsizemin,5.470829010009766,5.470829010009766
244530,DoS attacks-Slowloris,DoS attacks-Slowloris,True,3,Bwd IAT Tot,bwdiattot,3.4852285385131836,3.4852285385131836
244530,DoS attacks-Slowloris,DoS attacks-Slowloris,True,4,Bwd IAT Mean,bwdiatmean,1.4351727962493896,1.4351727962493896
244530,DoS attacks-Slowloris,DoS attacks-Slowloris,True,5,Init Fwd Win Byts,initfwdwinbyts,1.4237573146820068,1.4237573146820068
265885,DoS attacks-Slowloris,DoS attacks-Slowloris,True,1,Bwd IAT Max,bwdiatmax,9.78472900390625,9.78472900390625
265885,DoS attacks-Slowloris,DoS attacks-Slowloris,True,2,Fwd Seg Size Min,fwdsegsizemin,5.497463703155518,5.497463703155518
265885,DoS attacks-Slowloris,DoS attacks-Slowloris,True,3,Bwd IAT Tot,bwdiattot,3.4852285385131836,3.4852285385131836
265885,DoS attacks-Slowloris,DoS attacks-Slowloris,True,4,Bwd IAT Mean,bwdiatmean,1.4351727962493896,1.4351727962493896
265885,DoS attacks-Slowloris,DoS attacks-Slowloris,True,5,Init Fwd Win Byts,initfwdwinbyts,1.3331825733184814,1.3331825733184814
267175,DoS attacks-Slowloris,DoS attacks-Slowloris,True,1,Bwd IAT Max,bwdiatmax,15.112613677978516,15.112613677978516
267175,DoS attacks-Slowloris,DoS attacks-Slowloris,True,2,Fwd Seg Size Min,fwdsegsizemin,7.344340801239014,7.344340801239014
267175,DoS attacks-Slowloris,DoS attacks-Slowloris,True,3,Bwd IAT Tot,bwdiattot,4.8278985023498535,4.8278985023498535
267175,DoS attacks-Slowloris,DoS attacks-Slowloris,True,4,Idle Max,idlemax,-4.06640625,4.06640625
267175,DoS attacks-Slowloris,DoS attacks-Slowloris,True,5,Init Bwd Win Byts,initbwdwinbyts,2.0112152099609375,2.0112152099609375
270110,DoS attacks-Slowloris,DoS attacks-Slowloris,True,1,Bwd IAT Max,bwdiatmax,10.1150541305542,10.1150541305542
270110,DoS attacks-Slowloris,DoS attacks-Slowloris,True,2,Fwd Seg Size Min,fwdsegsizemin,5.605533599853516,5.605533599853516
270110,DoS attacks-Slowloris,DoS attacks-Slowloris,True,3,Bwd IAT Tot,bwdiattot,3.482485294342041,3.482485294342041
270110,DoS attacks-Slowloris,DoS attacks-Slowloris,True,4,Bwd IAT Mean,bwdiatmean,1.407776117324829,1.407776117324829
270110,DoS attacks-Slowloris,DoS attacks-Slowloris,True,5,Init Bwd Win Byts,initbwdwinbyts,-1.353623867034912,1.353623867034912
273951,DoS attacks-Slowloris,DoS attacks-Slowloris,True,1,Bwd IAT Max,bwdiatmax,9.78472900390625,9.78472900390625
273951,DoS attacks-Slowloris,DoS attacks-Slowloris,True,2,Fwd Seg Size Min,fwdsegsizemin,5.497463703155518,5.497463703155518
273951,DoS attacks-Slowloris,DoS attacks-Slowloris,True,3,Bwd IAT Tot,bwdiattot,3.4852285385131836,3.4852285385131836
273951,DoS attacks-Slowloris,DoS attacks-Slowloris,True,4,Bwd IAT Mean,bwdiatmean,1.4351727962493896,1.4351727962493896
273951,DoS attacks-Slowloris,DoS attacks-Slowloris,True,5,Init Fwd Win Byts,initfwdwinbyts,1.3331825733184814,1.3331825733184814
277208,DoS attacks-Slowloris,DoS attacks-Slowloris,True,1,Bwd IAT Max,bwdiatmax,9.78472900390625,9.78472900390625
277208,DoS attacks-Slowloris,DoS attacks-Slowloris,True,2,Fwd Seg Size Min,fwdsegsizemin,5.497463703155518,5.497463703155518
277208,DoS attacks-Slowloris,DoS attacks-Slowloris,True,3,Bwd IAT Tot,bwdiattot,3.4852285385131836,3.4852285385131836
277208,DoS attacks-Slowloris,DoS attacks-Slowloris,True,4,Bwd IAT Mean,bwdiatmean,1.4351727962493896,1.4351727962493896
277208,DoS attacks-Slowloris,DoS attacks-Slowloris,True,5,Init Fwd Win Byts,initfwdwinbyts,1.3331825733184814,1.3331825733184814
283798,DoS attacks-Slowloris,DoS attacks-Slowloris,True,1,Bwd IAT Max,bwdiatmax,13.824743270874023,13.824743270874023
283798,DoS attacks-Slowloris,DoS attacks-Slowloris,True,2,Fwd Seg Size Min,fwdsegsizemin,7.561631679534912,7.561631679534912
283798,DoS attacks-Slowloris,DoS attacks-Slowloris,True,3,Bwd IAT Tot,bwdiattot,4.8234543800354,4.8234543800354
283798,DoS attacks-Slowloris,DoS attacks-Slowloris,True,4,Idle Max,idlemax,-4.103416919708252,4.103416919708252
283798,DoS attacks-Slowloris,DoS attacks-Slowloris,True,5,Init Bwd Win Byts,initbwdwinbyts,2.0133113861083984,2.0133113861083984
285723,DoS attacks-Slowloris,DoS attacks-Slowloris,True,1,Fwd Seg Size Min,fwdsegsizemin,8.788150787353516,8.788150787353516
285723,DoS attacks-Slowloris,DoS attacks-Slowloris,True,2,Fwd IAT Std,fwdiatstd,5.521841526031494,5.521841526031494
285723,DoS attacks-Slowloris,DoS attacks-Slowloris,True,3,Dst Port,dstport,4.481470584869385,4.481470584869385
285723,DoS attacks-Slowloris,DoS attacks-Slowloris,True,4,Init Fwd Win Byts,initfwdwinbyts,1.9575960636138916,1.9575960636138916
285723,DoS attacks-Slowloris,DoS attacks-Slowloris,True,5,Pkt Size Avg,pktsizeavg,-0.3425914943218231,0.3425914943218231
292866,DoS attacks-Slowloris,DoS attacks-Slowloris,True,1,Bwd IAT Max,bwdiatmax,9.78472900390625,9.78472900390625
292866,DoS attacks-Slowloris,DoS attacks-Slowloris,True,2,Fwd Seg Size Min,fwdsegsizemin,5.532261848449707,5.532261848449707
292866,DoS attacks-Slowloris,DoS attacks-Slowloris,True,3,Bwd IAT Tot,bwdiattot,3.4852285385131836,3.4852285385131836
292866,DoS attacks-Slowloris,DoS attacks-Slowloris,True,4,Bwd IAT Mean,bwdiatmean,1.4351727962493896,1.4351727962493896
292866,DoS attacks-Slowloris,DoS attacks-Slowloris,True,5,Init Fwd Win Byts,initfwdwinbyts,1.3485132455825806,1.3485132455825806
296244,DoS attacks-Slowloris,DoS attacks-Slowloris,True,1,Bwd IAT Max,bwdiatmax,11.194326400756836,11.194326400756836
296244,DoS attacks-Slowloris,DoS attacks-Slowloris,True,2,Fwd Seg Size Min,fwdsegsizemin,5.848216533660889,5.848216533660889
296244,DoS attacks-Slowloris,DoS attacks-Slowloris,True,3,Bwd IAT Tot,bwdiattot,3.484710454940796,3.484710454940796
296244,DoS attacks-Slowloris,DoS attacks-Slowloris,True,4,Bwd IAT Mean,bwdiatmean,1.4351727962493896,1.4351727962493896
296244,DoS attacks-Slowloris,DoS attacks-Slowloris,True,5,Init Fwd Win Byts,initfwdwinbyts,1.3379064798355103,1.3379064798355103
297166,DoS attacks-Slowloris,DoS attacks-Slowloris,True,1,Fwd Seg Size Min,fwdsegsizemin,8.788150787353516,8.788150787353516
297166,DoS attacks-Slowloris,DoS attacks-Slowloris,True,2,Fwd IAT Std,fwdiatstd,5.521841526031494,5.521841526031494
297166,DoS attacks-Slowloris,DoS attacks-Slowloris,True,3,Dst Port,dstport,4.481470584869385,4.481470584869385
297166,DoS attacks-Slowloris,DoS attacks-Slowloris,True,4,Init Fwd Win Byts,initfwdwinbyts,1.9575960636138916,1.9575960636138916
297166,DoS attacks-Slowloris,DoS attacks-Slowloris,True,5,Pkt Size Avg,pktsizeavg,-0.3425914943218231,0.3425914943218231
301446,DoS attacks-Slowloris,DoS attacks-Slowloris,True,1,Bwd IAT Max,bwdiatmax,13.824743270874023,13.824743270874023
301446,DoS attacks-Slowloris,DoS attacks-Slowloris,True,2,Fwd Seg Size Min,fwdsegsizemin,7.561631679534912,7.561631679534912
301446,DoS attacks-Slowloris,DoS attacks-Slowloris,True,3,Bwd IAT Tot,bwdiattot,4.8234543800354,4.8234543800354
301446,DoS attacks-Slowloris,DoS attacks-Slowloris,True,4,Idle Max,idlemax,-4.103416919708252,4.103416919708252
301446,DoS attacks-Slowloris,DoS attacks-Slowloris,True,5,Init Bwd Win Byts,initbwdwinbyts,2.0133113861083984,2.0133113861083984
301790,DoS attacks-Slowloris,DoS attacks-Slowloris,True,1,Bwd IAT Max,bwdiatmax,9.78472900390625,9.78472900390625
301790,DoS attacks-Slowloris,DoS attacks-Slowloris,True,2,Fwd Seg Size Min,fwdsegsizemin,5.498856067657471,5.498856067657471
301790,DoS attacks-Slowloris,DoS attacks-Slowloris,True,3,Bwd IAT Tot,bwdiattot,3.4852285385131836,3.4852285385131836
301790,DoS attacks-Slowloris,DoS attacks-Slowloris,True,4,Bwd IAT Mean,bwdiatmean,1.4351727962493896,1.4351727962493896
301790,DoS attacks-Slowloris,DoS attacks-Slowloris,True,5,Init Fwd Win Byts,initfwdwinbyts,1.352394461631775,1.352394461631775
317337,DoS attacks-Slowloris,DoS attacks-Slowloris,True,1,Bwd IAT Max,bwdiatmax,9.78472900390625,9.78472900390625
317337,DoS attacks-Slowloris,DoS attacks-Slowloris,True,2,Fwd Seg Size Min,fwdsegsizemin,5.637157440185547,5.637157440185547
317337,DoS attacks-Slowloris,DoS attacks-Slowloris,True,3,Bwd IAT Tot,bwdiattot,3.4852285385131836,3.4852285385131836
317337,DoS attacks-Slowloris,DoS attacks-Slowloris,True,4,Bwd IAT Mean,bwdiatmean,1.4351727962493896,1.4351727962493896
317337,DoS attacks-Slowloris,DoS attacks-Slowloris,True,5,Init Fwd Win Byts,initfwdwinbyts,1.39246666431427,1.39246666431427
321899,DoS attacks-Slowloris,DoS attacks-Slowloris,True,1,Fwd Seg Size Min,fwdsegsizemin,8.788150787353516,8.788150787353516
321899,DoS attacks-Slowloris,DoS attacks-Slowloris,True,2,Fwd IAT Std,fwdiatstd,5.521841526031494,5.521841526031494
321899,DoS attacks-Slowloris,DoS attacks-Slowloris,True,3,Dst Port,dstport,4.481470584869385,4.481470584869385
321899,DoS attacks-Slowloris,DoS attacks-Slowloris,True,4,Init Fwd Win Byts,initfwdwinbyts,1.9575960636138916,1.9575960636138916
321899,DoS attacks-Slowloris,DoS attacks-Slowloris,True,5,Pkt Size Avg,pktsizeavg,-0.3425914943218231,0.3425914943218231
337460,DoS attacks-Slowloris,DoS attacks-Slowloris,True,1,Bwd IAT Max,bwdiatmax,9.78472900390625,9.78472900390625
337460,DoS attacks-Slowloris,DoS attacks-Slowloris,True,2,Fwd Seg Size Min,fwdsegsizemin,5.536436080932617,5.536436080932617
337460,DoS attacks-Slowloris,DoS attacks-Slowloris,True,3,Bwd IAT Tot,bwdiattot,3.4852285385131836,3.4852285385131836
337460,DoS attacks-Slowloris,DoS attacks-Slowloris,True,4,Bwd IAT Mean,bwdiatmean,1.4351727962493896,1.4351727962493896
337460,DoS attacks-Slowloris,DoS attacks-Slowloris,True,5,Init Fwd Win Byts,initfwdwinbyts,1.3341476917266846,1.3341476917266846
353960,DoS attacks-Slowloris,DoS attacks-Slowloris,True,1,Bwd IAT Max,bwdiatmax,13.824743270874023,13.824743270874023
353960,DoS attacks-Slowloris,DoS attacks-Slowloris,True,2,Fwd Seg Size Min,fwdsegsizemin,7.561631679534912,7.561631679534912
353960,DoS attacks-Slowloris,DoS attacks-Slowloris,True,3,Bwd IAT Tot,bwdiattot,4.8234543800354,4.8234543800354
353960,DoS attacks-Slowloris,DoS attacks-Slowloris,True,4,Idle Max,idlemax,-4.103416919708252,4.103416919708252
353960,DoS attacks-Slowloris,DoS attacks-Slowloris,True,5,Init Bwd Win Byts,initbwdwinbyts,2.0133113861083984,2.0133113861083984
360226,DoS attacks-Slowloris,DoS attacks-Slowloris,True,1,Bwd IAT Max,bwdiatmax,9.78472900390625,9.78472900390625
360226,DoS attacks-Slowloris,DoS attacks-Slowloris,True,2,Fwd Seg Size Min,fwdsegsizemin,5.509034633636475,5.509034633636475
360226,DoS attacks-Slowloris,DoS attacks-Slowloris,True,3,Bwd IAT Tot,bwdiattot,3.4852285385131836,3.4852285385131836
360226,DoS attacks-Slowloris,DoS attacks-Slowloris,True,4,Bwd IAT Mean,bwdiatmean,1.4351727962493896,1.4351727962493896
360226,DoS attacks-Slowloris,DoS attacks-Slowloris,True,5,Init Fwd Win Byts,initfwdwinbyts,1.3534148931503296,1.3534148931503296
363736,DoS attacks-Slowloris,DoS attacks-Slowloris,True,1,Bwd IAT Max,bwdiatmax,9.78472900390625,9.78472900390625
363736,DoS attacks-Slowloris,DoS attacks-Slowloris,True,2,Fwd Seg Size Min,fwdsegsizemin,5.509034633636475,5.509034633636475
363736,DoS attacks-Slowloris,DoS attacks-Slowloris,True,3,Bwd IAT Tot,bwdiattot,3.4852285385131836,3.4852285385131836
363736,DoS attacks-Slowloris,DoS attacks-Slowloris,True,4,Bwd IAT Mean,bwdiatmean,1.4351727962493896,1.4351727962493896
363736,DoS attacks-Slowloris,DoS attacks-Slowloris,True,5,Init Fwd Win Byts,initfwdwinbyts,1.3534148931503296,1.3534148931503296
368177,DoS attacks-Slowloris,DoS attacks-Slowloris,True,1,Bwd IAT Max,bwdiatmax,9.78472900390625,9.78472900390625
368177,DoS attacks-Slowloris,DoS attacks-Slowloris,True,2,Fwd Seg Size Min,fwdsegsizemin,5.539796352386475,5.539796352386475
368177,DoS attacks-Slowloris,DoS attacks-Slowloris,True,3,Bwd IAT Tot,bwdiattot,3.4852285385131836,3.4852285385131836
368177,DoS attacks-Slowloris,DoS attacks-Slowloris,True,4,Bwd IAT Mean,bwdiatmean,1.4351727962493896,1.4351727962493896
368177,DoS attacks-Slowloris,DoS attacks-Slowloris,True,5,Init Fwd Win Byts,initfwdwinbyts,1.3342273235321045,1.3342273235321045
386515,DoS attacks-Slowloris,DoS attacks-Slowloris,True,1,Bwd IAT Max,bwdiatmax,13.824743270874023,13.824743270874023
386515,DoS attacks-Slowloris,DoS attacks-Slowloris,True,2,Fwd Seg Size Min,fwdsegsizemin,7.562961578369141,7.562961578369141
386515,DoS attacks-Slowloris,DoS attacks-Slowloris,True,3,Bwd IAT Tot,bwdiattot,4.8234543800354,4.8234543800354
386515,DoS attacks-Slowloris,DoS attacks-Slowloris,True,4,Idle Max,idlemax,-4.103416919708252,4.103416919708252
386515,DoS attacks-Slowloris,DoS attacks-Slowloris,True,5,Init Bwd Win Byts,initbwdwinbyts,2.0112152099609375,2.0112152099609375
397403,DoS attacks-Slowloris,DoS attacks-Slowloris,True,1,Bwd IAT Max,bwdiatmax,13.824743270874023,13.824743270874023
397403,DoS attacks-Slowloris,DoS attacks-Slowloris,True,2,Fwd Seg Size Min,fwdsegsizemin,7.561631679534912,7.561631679534912
397403,DoS attacks-Slowloris,DoS attacks-Slowloris,True,3,Bwd IAT Tot,bwdiattot,4.8234543800354,4.8234543800354
397403,DoS attacks-Slowloris,DoS attacks-Slowloris,True,4,Idle Max,idlemax,-4.103416919708252,4.103416919708252
397403,DoS attacks-Slowloris,DoS attacks-Slowloris,True,5,Init Bwd Win Byts,initbwdwinbyts,2.0133113861083984,2.0133113861083984
402013,DoS attacks-Slowloris,DoS attacks-Slowloris,True,1,Fwd Seg Size Min,fwdsegsizemin,9.056089401245117,9.056089401245117
402013,DoS attacks-Slowloris,DoS attacks-Slowloris,True,2,Fwd IAT Std,fwdiatstd,5.708186149597168,5.708186149597168
402013,DoS attacks-Slowloris,DoS attacks-Slowloris,True,3,Dst Port,dstport,4.481470584869385,4.481470584869385
402013,DoS attacks-Slowloris,DoS attacks-Slowloris,True,4,Init Fwd Win Byts,initfwdwinbyts,2.037461519241333,2.037461519241333
402013,DoS attacks-Slowloris,DoS attacks-Slowloris,True,5,Pkt Size Avg,pktsizeavg,-0.3425914943218231,0.3425914943218231
419261,DoS attacks-Slowloris,DoS attacks-Slowloris,True,1,Bwd IAT Max,bwdiatmax,9.78472900390625,9.78472900390625
419261,DoS attacks-Slowloris,DoS attacks-Slowloris,True,2,Fwd Seg Size Min,fwdsegsizemin,5.559486389160156,5.559486389160156
419261,DoS attacks-Slowloris,DoS attacks-Slowloris,True,3,Bwd IAT Tot,bwdiattot,3.4852285385131836,3.4852285385131836
419261,DoS attacks-Slowloris,DoS attacks-Slowloris,True,4,Bwd IAT Mean,bwdiatmean,1.4351727962493896,1.4351727962493896
419261,DoS attacks-Slowloris,DoS attacks-Slowloris,True,5,Init Fwd Win Byts,initfwdwinbyts,1.329088568687439,1.329088568687439
421472,DoS attacks-Slowloris,DoS attacks-Slowloris,True,1,Fwd Seg Size Min,fwdsegsizemin,4.634651184082031,4.634651184082031
421472,DoS attacks-Slowloris,DoS attacks-Slowloris,True,2,Dst Port,dstport,2.582617998123169,2.582617998123169
421472,DoS attacks-Slowloris,DoS attacks-Slowloris,True,3,Flow Byts/s,flowbytss,2.183286428451538,2.183286428451538
421472,DoS attacks-Slowloris,DoS attacks-Slowloris,True,4,Init Bwd Win Byts,initbwdwinbyts,1.3899331092834473,1.3899331092834473
421472,DoS attacks-Slowloris,DoS attacks-Slowloris,True,5,Down/Up Ratio,downupratio,0.5663296580314636,0.5663296580314636
422784,DoS attacks-Slowloris,DoS attacks-Slowloris,True,1,Fwd Seg Size Min,fwdsegsizemin,8.788150787353516,8.788150787353516
422784,DoS attacks-Slowloris,DoS attacks-Slowloris,True,2,Fwd IAT Std,fwdiatstd,5.521841526031494,5.521841526031494
422784,DoS attacks-Slowloris,DoS attacks-Slowloris,True,3,Dst Port,dstport,4.481470584869385,4.481470584869385
422784,DoS attacks-Slowloris,DoS attacks-Slowloris,True,4,Init Fwd Win Byts,initfwdwinbyts,1.9575960636138916,1.9575960636138916
422784,DoS attacks-Slowloris,DoS attacks-Slowloris,True,5,Pkt Size Avg,pktsizeavg,-0.3425914943218231,0.3425914943218231
437602,DoS attacks-Slowloris,DoS attacks-Slowloris,True,1,Bwd IAT Max,bwdiatmax,10.68991756439209,10.68991756439209
437602,DoS attacks-Slowloris,DoS attacks-Slowloris,True,2,Fwd Seg Size Min,fwdsegsizemin,5.535579681396484,5.535579681396484
437602,DoS attacks-Slowloris,DoS attacks-Slowloris,True,3,Bwd IAT Tot,bwdiattot,3.484710454940796,3.484710454940796
437602,DoS attacks-Slowloris,DoS attacks-Slowloris,True,4,Init Fwd Win Byts,initfwdwinbyts,1.4840704202651978,1.4840704202651978
437602,DoS attacks-Slowloris,DoS attacks-Slowloris,True,5,Bwd IAT Mean,bwdiatmean,1.4351727962493896,1.4351727962493896
437912,DoS attacks-Slowloris,DoS attacks-Slowloris,True,1,Fwd Seg Size Min,fwdsegsizemin,8.907455444335938,8.907455444335938
437912,DoS attacks-Slowloris,DoS attacks-Slowloris,True,2,Fwd IAT Std,fwdiatstd,5.6856369972229,5.6856369972229
437912,DoS attacks-Slowloris,DoS attacks-Slowloris,True,3,Dst Port,dstport,4.481470584869385,4.481470584869385
437912,DoS attacks-Slowloris,DoS attacks-Slowloris,True,4,Init Fwd Win Byts,initfwdwinbyts,2.0221974849700928,2.0221974849700928
437912,DoS attacks-Slowloris,DoS attacks-Slowloris,True,5,Pkt Size Avg,pktsizeavg,-0.3425914943218231,0.3425914943218231
464739,DoS attacks-Slowloris,DoS attacks-Slowloris,True,1,Bwd IAT Max,bwdiatmax,9.78472900390625,9.78472900390625
464739,DoS attacks-Slowloris,DoS attacks-Slowloris,True,2,Fwd Seg Size Min,fwdsegsizemin,5.540124416351318,5.540124416351318
464739,DoS attacks-Slowloris,DoS attacks-Slowloris,True,3,Bwd IAT Tot,bwdiattot,3.4852285385131836,3.4852285385131836
464739,DoS attacks-Slowloris,DoS attacks-Slowloris,True,4,Bwd IAT Mean,bwdiatmean,1.4351727962493896,1.4351727962493896
464739,DoS attacks-Slowloris,DoS attacks-Slowloris,True,5,Init Fwd Win Byts,initfwdwinbyts,1.355337142944336,1.355337142944336
498997,DoS attacks-Slowloris,DoS attacks-Slowloris,True,1,Bwd IAT Max,bwdiatmax,9.78472900390625,9.78472900390625
498997,DoS attacks-Slowloris,DoS attacks-Slowloris,True,2,Fwd Seg Size Min,fwdsegsizemin,5.539796352386475,5.539796352386475
498997,DoS attacks-Slowloris,DoS attacks-Slowloris,True,3,Bwd IAT Tot,bwdiattot,3.4852285385131836,3.4852285385131836
498997,DoS attacks-Slowloris,DoS attacks-Slowloris,True,4,Bwd IAT Mean,bwdiatmean,1.4351727962493896,1.4351727962493896
498997,DoS attacks-Slowloris,DoS attacks-Slowloris,True,5,Init Fwd Win Byts,initfwdwinbyts,1.3342273235321045,1.3342273235321045
499490,DoS attacks-Slowloris,DoS attacks-Slowloris,True,1,Bwd IAT Max,bwdiatmax,13.824743270874023,13.824743270874023
499490,DoS attacks-Slowloris,DoS attacks-Slowloris,True,2,Fwd Seg Size Min,fwdsegsizemin,7.560519218444824,7.560519218444824
499490,DoS attacks-Slowloris,DoS attacks-Slowloris,True,3,Bwd IAT Tot,bwdiattot,4.8234543800354,4.8234543800354
499490,DoS attacks-Slowloris,DoS attacks-Slowloris,True,4,Idle Max,idlemax,-4.103416919708252,4.103416919708252
499490,DoS attacks-Slowloris,DoS attacks-Slowloris,True,5,Init Bwd Win Byts,initbwdwinbyts,2.0152266025543213,2.0152266025543213
501470,DoS attacks-Slowloris,DoS attacks-Slowloris,True,1,Bwd IAT Max,bwdiatmax,13.824743270874023,13.824743270874023
501470,DoS attacks-Slowloris,DoS attacks-Slowloris,True,2,Fwd Seg Size Min,fwdsegsizemin,7.560519218444824,7.560519218444824
501470,DoS attacks-Slowloris,DoS attacks-Slowloris,True,3,Bwd IAT Tot,bwdiattot,4.8234543800354,4.8234543800354
501470,DoS attacks-Slowloris,DoS attacks-Slowloris,True,4,Idle Max,idlemax,-4.103416919708252,4.103416919708252
501470,DoS attacks-Slowloris,DoS attacks-Slowloris,True,5,Init Bwd Win Byts,initbwdwinbyts,2.0152266025543213,2.0152266025543213
505240,DoS attacks-Slowloris,DoS attacks-Slowloris,True,1,Bwd IAT Max,bwdiatmax,13.824743270874023,13.824743270874023
505240,DoS attacks-Slowloris,DoS attacks-Slowloris,True,2,Fwd Seg Size Min,fwdsegsizemin,7.561631679534912,7.561631679534912
505240,DoS attacks-Slowloris,DoS attacks-Slowloris,True,3,Bwd IAT Tot,bwdiattot,4.8234543800354,4.8234543800354
505240,DoS attacks-Slowloris,DoS attacks-Slowloris,True,4,Idle Max,idlemax,-4.103416919708252,4.103416919708252
505240,DoS attacks-Slowloris,DoS attacks-Slowloris,True,5,Init Bwd Win Byts,initbwdwinbyts,2.0133113861083984,2.0133113861083984
505412,DoS attacks-Slowloris,DoS attacks-Slowloris,True,1,Bwd IAT Max,bwdiatmax,9.78472900390625,9.78472900390625
505412,DoS attacks-Slowloris,DoS attacks-Slowloris,True,2,Fwd Seg Size Min,fwdsegsizemin,5.497463703155518,5.497463703155518
505412,DoS attacks-Slowloris,DoS attacks-Slowloris,True,3,Bwd IAT Tot,bwdiattot,3.4852285385131836,3.4852285385131836
505412,DoS attacks-Slowloris,DoS attacks-Slowloris,True,4,Bwd IAT Mean,bwdiatmean,1.4351727962493896,1.4351727962493896
505412,DoS attacks-Slowloris,DoS attacks-Slowloris,True,5,Init Fwd Win Byts,initfwdwinbyts,1.3331825733184814,1.3331825733184814
521057,DoS attacks-Slowloris,DoS attacks-Slowloris,True,1,Fwd Seg Size Min,fwdsegsizemin,6.2215752601623535,6.2215752601623535
521057,DoS attacks-Slowloris,DoS attacks-Slowloris,True,2,Init Bwd Win Byts,initbwdwinbyts,1.8958367109298706,1.8958367109298706
521057,DoS attacks-Slowloris,DoS attacks-Slowloris,True,3,Flow Byts/s,flowbytss,1.0942476987838745,1.0942476987838745
521057,DoS attacks-Slowloris,DoS attacks-Slowloris,True,4,Bwd Header Len,bwdheaderlen,0.9084823727607727,0.9084823727607727
521057,DoS attacks-Slowloris,DoS attacks-Slowloris,True,5,Fwd Pkt Len Std,fwdpktlenstd,0.647672712802887,0.647672712802887
524329,DoS attacks-Slowloris,DoS attacks-Slowloris,True,1,Bwd IAT Max,bwdiatmax,9.78472900390625,9.78472900390625
524329,DoS attacks-Slowloris,DoS attacks-Slowloris,True,2,Fwd Seg Size Min,fwdsegsizemin,5.724575996398926,5.724575996398926
524329,DoS attacks-Slowloris,DoS attacks-Slowloris,True,3,Bwd IAT Tot,bwdiattot,3.4852285385131836,3.4852285385131836
524329,DoS attacks-Slowloris,DoS attacks-Slowloris,True,4,Bwd IAT Mean,bwdiatmean,1.4351727962493896,1.4351727962493896
524329,DoS attacks-Slowloris,DoS attacks-Slowloris,True,5,Init Fwd Win Byts,initfwdwinbyts,1.363277554512024,1.363277554512024
535079,DoS attacks-Slowloris,DoS attacks-Slowloris,True,1,Fwd Seg Size Min,fwdsegsizemin,5.369584083557129,5.369584083557129
535079,DoS attacks-Slowloris,DoS attacks-Slowloris,True,2,Flow IAT Std,flowiatstd,2.236017942428589,2.236017942428589
535079,DoS attacks-Slowloris,DoS attacks-Slowloris,True,3,Init Bwd Win Byts,initbwdwinbyts,1.6280043125152588,1.6280043125152588
535079,DoS attacks-Slowloris,DoS attacks-Slowloris,True,4,Fwd PSH Flags,fwdpshflags,1.0796713829040527,1.0796713829040527
535079,DoS attacks-Slowloris,DoS attacks-Slowloris,True,5,Idle Mean,idlemean,0.958423912525177,0.958423912525177
543532,DoS attacks-Slowloris,DoS attacks-Slowloris,True,1,Bwd IAT Max,bwdiatmax,9.78472900390625,9.78472900390625
543532,DoS attacks-Slowloris,DoS attacks-Slowloris,True,2,Fwd Seg Size Min,fwdsegsizemin,5.387848854064941,5.387848854064941
543532,DoS attacks-Slowloris,DoS attacks-Slowloris,True,3,Bwd IAT Tot,bwdiattot,3.4852285385131836,3.4852285385131836
543532,DoS attacks-Slowloris,DoS attacks-Slowloris,True,4,Bwd IAT Mean,bwdiatmean,1.4351727962493896,1.4351727962493896
543532,DoS attacks-Slowloris,DoS attacks-Slowloris,True,5,Init Fwd Win Byts,initfwdwinbyts,1.2936742305755615,1.2936742305755615
554807,DoS attacks-Slowloris,DoS attacks-Slowloris,True,1,Fwd Seg Size Min,fwdsegsizemin,8.907455444335938,8.907455444335938
554807,DoS attacks-Slowloris,DoS attacks-Slowloris,True,2,Fwd IAT Std,fwdiatstd,5.6856369972229,5.6856369972229
554807,DoS attacks-Slowloris,DoS attacks-Slowloris,True,3,Dst Port,dstport,4.481470584869385,4.481470584869385
554807,DoS attacks-Slowloris,DoS attacks-Slowloris,True,4,Init Fwd Win Byts,initfwdwinbyts,2.0221974849700928,2.0221974849700928
554807,DoS attacks-Slowloris,DoS attacks-Slowloris,True,5,Pkt Size Avg,pktsizeavg,-0.3425914943218231,0.3425914943218231
559812,DoS attacks-Slowloris,DoS attacks-Slowloris,True,1,Bwd IAT Max,bwdiatmax,9.782303810119629,9.782303810119629
559812,DoS attacks-Slowloris,DoS attacks-Slowloris,True,2,Fwd Seg Size Min,fwdsegsizemin,5.034647464752197,5.034647464752197
559812,DoS attacks-Slowloris,DoS attacks-Slowloris,True,3,Bwd IAT Tot,bwdiattot,3.487550735473633,3.487550735473633
559812,DoS attacks-Slowloris,DoS attacks-Slowloris,True,4,Bwd IAT Mean,bwdiatmean,1.4351727962493896,1.4351727962493896
559812,DoS attacks-Slowloris,DoS attacks-Slowloris,True,5,Init Bwd Win Byts,initbwdwinbyts,-1.308203935623169,1.308203935623169
560414,DoS attacks-Slowloris,DoS attacks-Slowloris,True,1,Fwd Seg Size Min,fwdsegsizemin,9.025911331176758,9.025911331176758
560414,DoS attacks-Slowloris,DoS attacks-Slowloris,True,2,Fwd IAT Std,fwdiatstd,5.629772663116455,5.629772663116455
560414,DoS attacks-Slowloris,DoS attacks-Slowloris,True,3,Dst Port,dstport,4.481470584869385,4.481470584869385
560414,DoS attacks-Slowloris,DoS attacks-Slowloris,True,4,Init Fwd Win Byts,initfwdwinbyts,2.0187699794769287,2.0187699794769287
560414,DoS attacks-Slowloris,DoS attacks-Slowloris,True,5,Pkt Size Avg,pktsizeavg,-0.3425914943218231,0.3425914943218231
565256,DoS attacks-Slowloris,DoS attacks-Slowloris,True,1,Fwd Seg Size Min,fwdsegsizemin,8.907455444335938,8.907455444335938
565256,DoS attacks-Slowloris,DoS attacks-Slowloris,True,2,Fwd IAT Std,fwdiatstd,5.6856369972229,5.6856369972229
565256,DoS attacks-Slowloris,DoS attacks-Slowloris,True,3,Dst Port,dstport,4.481470584869385,4.481470584869385
565256,DoS attacks-Slowloris,DoS attacks-Slowloris,True,4,Init Fwd Win Byts,initfwdwinbyts,2.0221974849700928,2.0221974849700928
565256,DoS attacks-Slowloris,DoS attacks-Slowloris,True,5,Pkt Size Avg,pktsizeavg,-0.3425914943218231,0.3425914943218231
565416,DoS attacks-Slowloris,DoS attacks-Slowloris,True,1,Fwd Seg Size Min,fwdsegsizemin,9.025911331176758,9.025911331176758
565416,DoS attacks-Slowloris,DoS attacks-Slowloris,True,2,Fwd IAT Std,fwdiatstd,5.629772663116455,5.629772663116455
565416,DoS attacks-Slowloris,DoS attacks-Slowloris,True,3,Dst Port,dstport,4.481470584869385,4.481470584869385
565416,DoS attacks-Slowloris,DoS attacks-Slowloris,True,4,Init Fwd Win Byts,initfwdwinbyts,2.0187699794769287,2.0187699794769287
565416,DoS attacks-Slowloris,DoS attacks-Slowloris,True,5,Pkt Size Avg,pktsizeavg,-0.3425914943218231,0.3425914943218231
580624,DoS attacks-Slowloris,DoS attacks-Slowloris,True,1,Bwd IAT Max,bwdiatmax,13.824743270874023,13.824743270874023
580624,DoS attacks-Slowloris,DoS attacks-Slowloris,True,2,Fwd Seg Size Min,fwdsegsizemin,7.556931495666504,7.556931495666504
580624,DoS attacks-Slowloris,DoS attacks-Slowloris,True,3,Bwd IAT Tot,bwdiattot,4.8234543800354,4.8234543800354
580624,DoS attacks-Slowloris,DoS attacks-Slowloris,True,4,Idle Max,idlemax,-4.103416919708252,4.103416919708252
580624,DoS attacks-Slowloris,DoS attacks-Slowloris,True,5,Init Bwd Win Byts,initbwdwinbyts,2.025336742401123,2.025336742401123
582483,DoS attacks-Slowloris,DoS attacks-Slowloris,True,1,Bwd IAT Max,bwdiatmax,13.824743270874023,13.824743270874023
582483,DoS attacks-Slowloris,DoS attacks-Slowloris,True,2,Fwd Seg Size Min,fwdsegsizemin,7.561631679534912,7.561631679534912
582483,DoS attacks-Slowloris,DoS attacks-Slowloris,True,3,Bwd IAT Tot,bwdiattot,4.8234543800354,4.8234543800354
582483,DoS attacks-Slowloris,DoS attacks-Slowloris,True,4,Idle Max,idlemax,-4.103416919708252,4.103416919708252
582483,DoS attacks-Slowloris,DoS attacks-Slowloris,True,5,Init Bwd Win Byts,initbwdwinbyts,2.0133113861083984,2.0133113861083984
600730,DoS attacks-Slowloris,DoS attacks-Slowloris,True,1,Bwd IAT Max,bwdiatmax,9.78472900390625,9.78472900390625
600730,DoS attacks-Slowloris,DoS attacks-Slowloris,True,2,Fwd Seg Size Min,fwdsegsizemin,5.497949600219727,5.497949600219727
600730,DoS attacks-Slowloris,DoS attacks-Slowloris,True,3,Bwd IAT Tot,bwdiattot,3.4852285385131836,3.4852285385131836
600730,DoS attacks-Slowloris,DoS attacks-Slowloris,True,4,Bwd IAT Mean,bwdiatmean,1.4351727962493896,1.4351727962493896
600730,DoS attacks-Slowloris,DoS attacks-Slowloris,True,5,Init Fwd Win Byts,initfwdwinbyts,1.3332128524780273,1.3332128524780273
600892,DoS attacks-Slowloris,DoS attacks-Slowloris,True,1,Bwd IAT Max,bwdiatmax,9.78472900390625,9.78472900390625
600892,DoS attacks-Slowloris,DoS attacks-Slowloris,True,2,Fwd Seg Size Min,fwdsegsizemin,5.497463703155518,5.497463703155518
600892,DoS attacks-Slowloris,DoS attacks-Slowloris,True,3,Bwd IAT Tot,bwdiattot,3.4852285385131836,3.4852285385131836
600892,DoS attacks-Slowloris,DoS attacks-Slowloris,True,4,Bwd IAT Mean,bwdiatmean,1.4351727962493896,1.4351727962493896
600892,DoS attacks-Slowloris,DoS attacks-Slowloris,True,5,Init Fwd Win Byts,initfwdwinbyts,1.3331825733184814,1.3331825733184814
608141,DoS attacks-Slowloris,DoS attacks-Slowloris,True,1,Bwd IAT Max,bwdiatmax,9.78472900390625,9.78472900390625
608141,DoS attacks-Slowloris,DoS attacks-Slowloris,True,2,Fwd Seg Size Min,fwdsegsizemin,5.492803573608398,5.492803573608398
608141,DoS attacks-Slowloris,DoS attacks-Slowloris,True,3,Bwd IAT Tot,bwdiattot,3.4852285385131836,3.4852285385131836
608141,DoS attacks-Slowloris,DoS attacks-Slowloris,True,4,Bwd IAT Mean,bwdiatmean,1.4351727962493896,1.4351727962493896
608141,DoS attacks-Slowloris,DoS attacks-Slowloris,True,5,Init Fwd Win Byts,initfwdwinbyts,1.347517728805542,1.347517728805542
609461,DoS attacks-Slowloris,DoS attacks-Slowloris,True,1,Bwd IAT Max,bwdiatmax,9.78472900390625,9.78472900390625
609461,DoS attacks-Slowloris,DoS attacks-Slowloris,True,2,Fwd Seg Size Min,fwdsegsizemin,5.394760608673096,5.394760608673096
609461,DoS attacks-Slowloris,DoS attacks-Slowloris,True,3,Bwd IAT Tot,bwdiattot,3.4852285385131836,3.4852285385131836
609461,DoS attacks-Slowloris,DoS attacks-Slowloris,True,4,Bwd IAT Mean,bwdiatmean,1.4351727962493896,1.4351727962493896
609461,DoS attacks-Slowloris,DoS attacks-Slowloris,True,5,Init Fwd Win Byts,initfwdwinbyts,1.25898015499115,1.25898015499115
613720,DoS attacks-Slowloris,DoS attacks-Slowloris,True,1,Bwd IAT Max,bwdiatmax,9.78472900390625,9.78472900390625
613720,DoS attacks-Slowloris,DoS attacks-Slowloris,True,2,Fwd Seg Size Min,fwdsegsizemin,5.395909309387207,5.395909309387207
613720,DoS attacks-Slowloris,DoS attacks-Slowloris,True,3,Bwd IAT Tot,bwdiattot,3.4852285385131836,3.4852285385131836
613720,DoS attacks-Slowloris,DoS attacks-Slowloris,True,4,Bwd IAT Mean,bwdiatmean,1.4351727962493896,1.4351727962493896
613720,DoS attacks-Slowloris,DoS attacks-Slowloris,True,5,Init Fwd Win Byts,initfwdwinbyts,1.3314695358276367,1.3314695358276367
634987,DoS attacks-Slowloris,DoS attacks-Slowloris,True,1,Fwd Seg Size Min,fwdsegsizemin,8.788150787353516,8.788150787353516
634987,DoS attacks-Slowloris,DoS attacks-Slowloris,True,2,Fwd IAT Std,fwdiatstd,5.521841526031494,5.521841526031494
634987,DoS attacks-Slowloris,DoS attacks-Slowloris,True,3,Dst Port,dstport,4.481470584869385,4.481470584869385
634987,DoS attacks-Slowloris,DoS attacks-Slowloris,True,4,Init Fwd Win Byts,initfwdwinbyts,1.9575960636138916,1.9575960636138916
634987,DoS attacks-Slowloris,DoS attacks-Slowloris,True,5,Pkt Size Avg,pktsizeavg,-0.3425914943218231,0.3425914943218231
640355,DoS attacks-Slowloris,DoS attacks-Slowloris,True,1,Fwd Seg Size Min,fwdsegsizemin,4.713776588439941,4.713776588439941
640355,DoS attacks-Slowloris,DoS attacks-Slowloris,True,2,Fwd PSH Flags,fwdpshflags,2.0078210830688477,2.0078210830688477
640355,DoS attacks-Slowloris,DoS attacks-Slowloris,True,3,Init Bwd Win Byts,initbwdwinbyts,1.64617919921875,1.64617919921875
640355,DoS attacks-Slowloris,DoS attacks-Slowloris,True,4,Dst Port,dstport,1.2437756061553955,1.2437756061553955
640355,DoS attacks-Slowloris,DoS attacks-Slowloris,True,5,Flow Duration,flowduration,0.9070149660110474,0.9070149660110474
647653,DoS attacks-Slowloris,DoS attacks-Slowloris,True,1,Bwd IAT Max,bwdiatmax,13.824743270874023,13.824743270874023
647653,DoS attacks-Slowloris,DoS attacks-Slowloris,True,2,Fwd Seg Size Min,fwdsegsizemin,7.560519218444824,7.560519218444824
647653,DoS attacks-Slowloris,DoS attacks-Slowloris,True,3,Bwd IAT Tot,bwdiattot,4.8234543800354,4.8234543800354
647653,DoS attacks-Slowloris,DoS attacks-Slowloris,True,4,Idle Max,idlemax,-4.103416919708252,4.103416919708252
647653,DoS attacks-Slowloris,DoS attacks-Slowloris,True,5,Init Bwd Win Byts,initbwdwinbyts,2.0152266025543213,2.0152266025543213
681440,DoS attacks-Slowloris,DoS attacks-Slowloris,True,1,Bwd IAT Max,bwdiatmax,9.78472900390625,9.78472900390625
681440,DoS attacks-Slowloris,DoS attacks-Slowloris,True,2,Fwd Seg Size Min,fwdsegsizemin,5.419792652130127,5.419792652130127
681440,DoS attacks-Slowloris,DoS attacks-Slowloris,True,3,Bwd IAT Tot,bwdiattot,3.4852285385131836,3.4852285385131836
681440,DoS attacks-Slowloris,DoS attacks-Slowloris,True,4,Bwd IAT Mean,bwdiatmean,1.4351727962493896,1.4351727962493896
681440,DoS attacks-Slowloris,DoS attacks-Slowloris,True,5,Init Fwd Win Byts,initfwdwinbyts,1.26980459690094,1.26980459690094
682774,DoS attacks-Slowloris,DoS attacks-Slowloris,True,1,Bwd IAT Max,bwdiatmax,9.78472900390625,9.78472900390625
682774,DoS attacks-Slowloris,DoS attacks-Slowloris,True,2,Fwd Seg Size Min,fwdsegsizemin,5.5465779304504395,5.5465779304504395
682774,DoS attacks-Slowloris,DoS attacks-Slowloris,True,3,Bwd IAT Tot,bwdiattot,3.4852285385131836,3.4852285385131836
682774,DoS attacks-Slowloris,DoS attacks-Slowloris,True,4,Bwd IAT Mean,bwdiatmean,1.4351727962493896,1.4351727962493896
682774,DoS attacks-Slowloris,DoS attacks-Slowloris,True,5,Init Fwd Win Byts,initfwdwinbyts,1.3343833684921265,1.3343833684921265
689278,DoS attacks-Slowloris,DoS attacks-Slowloris,True,1,Bwd IAT Max,bwdiatmax,13.824743270874023,13.824743270874023
689278,DoS attacks-Slowloris,DoS attacks-Slowloris,True,2,Fwd Seg Size Min,fwdsegsizemin,7.55937385559082,7.55937385559082
689278,DoS attacks-Slowloris,DoS attacks-Slowloris,True,3,Bwd IAT Tot,bwdiattot,4.8234543800354,4.8234543800354
689278,DoS attacks-Slowloris,DoS attacks-Slowloris,True,4,Idle Max,idlemax,-4.103416919708252,4.103416919708252
689278,DoS attacks-Slowloris,DoS attacks-Slowloris,True,5,Init Bwd Win Byts,initbwdwinbyts,2.0213253498077393,2.0213253498077393
693292,DoS attacks-Slowloris,DoS attacks-Slowloris,True,1,Bwd IAT Max,bwdiatmax,9.78472900390625,9.78472900390625
693292,DoS attacks-Slowloris,DoS attacks-Slowloris,True,2,Fwd Seg Size Min,fwdsegsizemin,5.594825267791748,5.594825267791748
693292,DoS attacks-Slowloris,DoS attacks-Slowloris,True,3,Bwd IAT Tot,bwdiattot,3.4852285385131836,3.4852285385131836
693292,DoS attacks-Slowloris,DoS attacks-Slowloris,True,4,Bwd IAT Mean,bwdiatmean,1.4351727962493896,1.4351727962493896
693292,DoS attacks-Slowloris,DoS attacks-Slowloris,True,5,Init Fwd Win Byts,initfwdwinbyts,1.391421914100647,1.391421914100647
2031,FTP-BruteForce,FTP-BruteForce,True,1,Fwd Seg Size Min,fwdsegsizemin,5.837823867797852,5.837823867797852
2031,FTP-BruteForce,FTP-BruteForce,True,2,Flow IAT Min,flowiatmin,0.5711414217948914,0.5711414217948914
2031,FTP-BruteForce,FTP-BruteForce,True,3,Flow Pkts/s,flowpktss,0.5581798553466797,0.5581798553466797
2031,FTP-BruteForce,FTP-BruteForce,True,4,Flow IAT Max,flowiatmax,-0.35998621582984924,0.35998621582984924
2031,FTP-BruteForce,FTP-BruteForce,True,5,Flow Duration,flowduration,0.20570826530456543,0.20570826530456543
14986,FTP-BruteForce,FTP-BruteForce,True,1,Fwd Seg Size Min,fwdsegsizemin,5.743864059448242,5.743864059448242
14986,FTP-BruteForce,FTP-BruteForce,True,2,Flow Pkts/s,flowpktss,0.8255063891410828,0.8255063891410828
14986,FTP-BruteForce,FTP-BruteForce,True,3,Flow IAT Max,flowiatmax,0.2989501953125,0.2989501953125
14986,FTP-BruteForce,FTP-BruteForce,True,4,Flow IAT Min,flowiatmin,-0.2947032153606415,0.2947032153606415
14986,FTP-BruteForce,FTP-BruteForce,True,5,Flow IAT Mean,flowiatmean,-0.23333679139614105,0.23333679139614105
29814,FTP-BruteForce,FTP-BruteForce,True,1,Fwd Seg Size Min,fwdsegsizemin,5.78797721862793,5.78797721862793
29814,FTP-BruteForce,FTP-BruteForce,True,2,Flow Pkts/s,flowpktss,0.8646196722984314,0.8646196722984314
29814,FTP-BruteForce,FTP-BruteForce,True,3,Flow IAT Max,flowiatmax,0.2989501953125,0.2989501953125
29814,FTP-BruteForce,FTP-BruteForce,True,4,Flow IAT Min,flowiatmin,-0.22857584059238434,0.22857584059238434
29814,FTP-BruteForce,FTP-BruteForce,True,5,Flow IAT Mean,flowiatmean,-0.15678799152374268,0.15678799152374268
44367,FTP-BruteForce,FTP-BruteForce,True,1,Fwd Seg Size Min,fwdsegsizemin,5.594289779663086,5.594289779663086
44367,FTP-BruteForce,FTP-BruteForce,True,2,Flow IAT Min,flowiatmin,1.1990989446640015,1.1990989446640015
44367,FTP-BruteForce,FTP-BruteForce,True,3,Flow IAT Max,flowiatmax,-0.9919131994247437,0.9919131994247437
44367,FTP-BruteForce,FTP-BruteForce,True,4,Flow Pkts/s,flowpktss,0.7916756272315979,0.7916756272315979
44367,FTP-BruteForce,FTP-BruteForce,True,5,Dst Port,dstport,0.19840969145298004,0.19840969145298004
52407,FTP-BruteForce,FTP-BruteForce,True,1,Fwd Seg Size Min,fwdsegsizemin,5.7662529945373535,5.7662529945373535
52407,FTP-BruteForce,FTP-BruteForce,True,2,Flow Pkts/s,flowpktss,0.8124192357063293,0.8124192357063293
52407,FTP-BruteForce,FTP-BruteForce,True,3,Flow IAT Max,flowiatmax,0.2989501953125,0.2989501953125
52407,FTP-BruteForce,FTP-BruteForce,True,4,Flow IAT Min,flowiatmin,-0.2414916306734085,0.2414916306734085
52407,FTP-BruteForce,FTP-BruteForce,True,5,Flow IAT Mean,flowiatmean,-0.16353875398635864,0.16353875398635864
67376,FTP-BruteForce,FTP-BruteForce,True,1,Fwd Seg Size Min,fwdsegsizemin,5.78797721862793,5.78797721862793
67376,FTP-BruteForce,FTP-BruteForce,True,2,Flow Pkts/s,flowpktss,0.8646196722984314,0.8646196722984314
67376,FTP-BruteForce,FTP-BruteForce,True,3,Flow IAT Max,flowiatmax,0.2989501953125,0.2989501953125
67376,FTP-BruteForce,FTP-BruteForce,True,4,Flow IAT Min,flowiatmin,-0.22857584059238434,0.22857584059238434
67376,FTP-BruteForce,FTP-BruteForce,True,5,Flow IAT Mean,flowiatmean,-0.15678799152374268,0.15678799152374268
68854,FTP-BruteForce,FTP-BruteForce,True,1,Fwd Seg Size Min,fwdsegsizemin,5.78797721862793,5.78797721862793
68854,FTP-BruteForce,FTP-BruteForce,True,2,Flow Pkts/s,flowpktss,0.8646196722984314,0.8646196722984314
68854,FTP-BruteForce,FTP-BruteForce,True,3,Flow IAT Max,flowiatmax,0.2989501953125,0.2989501953125
68854,FTP-BruteForce,FTP-BruteForce,True,4,Flow IAT Min,flowiatmin,-0.22857584059238434,0.22857584059238434
68854,FTP-BruteForce,FTP-BruteForce,True,5,Flow IAT Mean,flowiatmean,-0.15678799152374268,0.15678799152374268
91265,FTP-BruteForce,FTP-BruteForce,True,1,Fwd Seg Size Min,fwdsegsizemin,6.330917835235596,6.330917835235596
91265,FTP-BruteForce,FTP-BruteForce,True,2,Flow Pkts/s,flowpktss,0.6065937280654907,0.6065937280654907
91265,FTP-BruteForce,FTP-BruteForce,True,3,Flow IAT Max,flowiatmax,0.41212180256843567,0.41212180256843567
91265,FTP-BruteForce,FTP-BruteForce,True,4,Flow IAT Mean,flowiatmean,0.33162152767181396,0.33162152767181396
91265,FTP-BruteForce,FTP-BruteForce,True,5,Flow IAT Min,flowiatmin,-0.30983230471611023,0.30983230471611023
91364,FTP-BruteForce,DoS attacks-SlowHTTPTest,False,1,Fwd Seg Size Min,fwdsegsizemin,4.982577800750732,4.982577800750732
91364,FTP-BruteForce,DoS attacks-SlowHTTPTest,False,2,Flow Duration,flowduration,1.410264492034912,1.410264492034912
91364,FTP-BruteForce,DoS attacks-SlowHTTPTest,False,3,Bwd Pkts/s,bwdpktss,0.7332050204277039,0.7332050204277039
91364,FTP-BruteForce,DoS attacks-SlowHTTPTest,False,4,Flow IAT Max,flowiatmax,-0.3378705382347107,0.3378705382347107
91364,FTP-BruteForce,DoS attacks-SlowHTTPTest,False,5,Flow IAT Mean,flowiatmean,0.19347770512104034,0.19347770512104034
95356,FTP-BruteForce,DoS attacks-SlowHTTPTest,False,1,Fwd Seg Size Min,fwdsegsizemin,5.304339408874512,5.304339408874512
95356,FTP-BruteForce,DoS attacks-SlowHTTPTest,False,2,Flow IAT Max,flowiatmax,0.98589026927948,0.98589026927948
95356,FTP-BruteForce,DoS attacks-SlowHTTPTest,False,3,Flow Duration,flowduration,0.5597067475318909,0.5597067475318909
95356,FTP-BruteForce,DoS attacks-SlowHTTPTest,False,4,Bwd Pkts/s,bwdpktss,-0.20327459275722504,0.20327459275722504
95356,FTP-BruteForce,DoS attacks-SlowHTTPTest,False,5,Flow IAT Min,flowiatmin,0.19187892973423004,0.19187892973423004
110687,FTP-BruteForce,FTP-BruteForce,True,1,Fwd Seg Size Min,fwdsegsizemin,6.394804000854492,6.394804000854492
110687,FTP-BruteForce,FTP-BruteForce,True,2,Flow Pkts/s,flowpktss,0.9064421653747559,0.9064421653747559
110687,FTP-BruteForce,FTP-BruteForce,True,3,Flow IAT Max,flowiatmax,0.4659835994243622,0.4659835994243622
110687,FTP-BruteForce,FTP-BruteForce,True,4,Flow IAT Mean,flowiatmean,0.44334840774536133,0.44334840774536133
110687,FTP-BruteForce,FTP-BruteForce,True,5,Flow IAT Min,flowiatmin,-0.32503631711006165,0.32503631711006165
110779,FTP-BruteForce,FTP-BruteForce,True,1,Fwd Seg Size Min,fwdsegsizemin,5.7662529945373535,5.7662529945373535
110779,FTP-BruteForce,FTP-BruteForce,True,2,Flow Pkts/s,flowpktss,0.8124192357063293,0.8124192357063293
110779,FTP-BruteForce,FTP-BruteForce,True,3,Flow IAT Max,flowiatmax,0.2989501953125,0.2989501953125
110779,FTP-BruteForce,FTP-BruteForce,True,4,Flow IAT Min,flowiatmin,-0.2414916306734085,0.2414916306734085
110779,FTP-BruteForce,FTP-BruteForce,True,5,Flow IAT Mean,flowiatmean,-0.16353875398635864,0.16353875398635864
111388,FTP-BruteForce,FTP-BruteForce,True,1,Fwd Seg Size Min,fwdsegsizemin,5.7662529945373535,5.7662529945373535
111388,FTP-BruteForce,FTP-BruteForce,True,2,Flow Pkts/s,flowpktss,0.8124192357063293,0.8124192357063293
111388,FTP-BruteForce,FTP-BruteForce,True,3,Flow IAT Max,flowiatmax,0.2989501953125,0.2989501953125
111388,FTP-BruteForce,FTP-BruteForce,True,4,Flow IAT Min,flowiatmin,-0.2414916306734085,0.2414916306734085
111388,FTP-BruteForce,FTP-BruteForce,True,5,Flow IAT Mean,flowiatmean,-0.16353875398635864,0.16353875398635864
126898,FTP-BruteForce,FTP-BruteForce,True,1,Fwd Seg Size Min,fwdsegsizemin,6.43540096282959,6.43540096282959
126898,FTP-BruteForce,FTP-BruteForce,True,2,Flow Pkts/s,flowpktss,0.9779026508331299,0.9779026508331299
126898,FTP-BruteForce,FTP-BruteForce,True,3,Flow IAT Max,flowiatmax,0.4094475507736206,0.4094475507736206
126898,FTP-BruteForce,FTP-BruteForce,True,4,Flow Duration,flowduration,0.2625958025455475,0.2625958025455475
126898,FTP-BruteForce,FTP-BruteForce,True,5,Flow IAT Min,flowiatmin,-0.24916982650756836,0.24916982650756836
129651,FTP-BruteForce,FTP-BruteForce,True,1,Fwd Seg Size Min,fwdsegsizemin,5.78797721862793,5.78797721862793
129651,FTP-BruteForce,FTP-BruteForce,True,2,Flow Pkts/s,flowpktss,0.8646196722984314,0.8646196722984314
129651,FTP-BruteForce,FTP-BruteForce,True,3,Flow IAT Max,flowiatmax,0.2989501953125,0.2989501953125
129651,FTP-BruteForce,FTP-BruteForce,True,4,Flow IAT Min,flowiatmin,-0.22857584059238434,0.22857584059238434
129651,FTP-BruteForce,FTP-BruteForce,True,5,Flow IAT Mean,flowiatmean,-0.15678799152374268,0.15678799152374268
140183,FTP-BruteForce,FTP-BruteForce,True,1,Fwd Seg Size Min,fwdsegsizemin,6.356249809265137,6.356249809265137
140183,FTP-BruteForce,FTP-BruteForce,True,2,Flow Pkts/s,flowpktss,0.6466898322105408,0.6466898322105408
140183,FTP-BruteForce,FTP-BruteForce,True,3,Flow IAT Max,flowiatmax,0.420390248298645,0.420390248298645
140183,FTP-BruteForce,FTP-BruteForce,True,4,Flow IAT Mean,flowiatmean,0.37734147906303406,0.37734147906303406
140183,FTP-BruteForce,FTP-BruteForce,True,5,Flow IAT Min,flowiatmin,-0.30431506037712097,0.30431506037712097
186449,FTP-BruteForce,FTP-BruteForce,True,1,Fwd Seg Size Min,fwdsegsizemin,6.430073261260986,6.430073261260986
186449,FTP-BruteForce,FTP-BruteForce,True,2,Flow Pkts/s,flowpktss,0.8446104526519775,0.8446104526519775
186449,FTP-BruteForce,FTP-BruteForce,True,3,Flow IAT Mean,flowiatmean,0.48825448751449585,0.48825448751449585
186449,FTP-BruteForce,FTP-BruteForce,True,4,Flow IAT Max,flowiatmax,0.43235087394714355,0.43235087394714355
186449,FTP-BruteForce,FTP-BruteForce,True,5,Flow IAT Min,flowiatmin,-0.2978772819042206,0.2978772819042206
197159,FTP-BruteForce,FTP-BruteForce,True,1,Fwd Seg Size Min,fwdsegsizemin,6.394804000854492,6.394804000854492
197159,FTP-BruteForce,FTP-BruteForce,True,2,Flow Pkts/s,flowpktss,0.9064421653747559,0.9064421653747559
197159,FTP-BruteForce,FTP-BruteForce,True,3,Flow IAT Max,flowiatmax,0.4659835994243622,0.4659835994243622
197159,FTP-BruteForce,FTP-BruteForce,True,4,Flow IAT Mean,flowiatmean,0.44334840774536133,0.44334840774536133
197159,FTP-BruteForce,FTP-BruteForce,True,5,Flow IAT Min,flowiatmin,-0.32503631711006165,0.32503631711006165
197243,FTP-BruteForce,DoS attacks-SlowHTTPTest,False,1,Fwd Seg Size Min,fwdsegsizemin,6.675480365753174,6.675480365753174
197243,FTP-BruteForce,DoS attacks-SlowHTTPTest,False,2,Flow IAT Max,flowiatmax,2.769991397857666,2.769991397857666
197243,FTP-BruteForce,DoS attacks-SlowHTTPTest,False,3,Flow Duration,flowduration,0.9145767688751221,0.9145767688751221
197243,FTP-BruteForce,DoS attacks-SlowHTTPTest,False,4,Bwd Pkts/s,bwdpktss,-0.8879985213279724,0.8879985213279724
197243,FTP-BruteForce,DoS attacks-SlowHTTPTest,False,5,Flow IAT Min,flowiatmin,0.47152194380760193,0.47152194380760193
197800,FTP-BruteForce,FTP-BruteForce,True,1,Fwd Seg Size Min,fwdsegsizemin,6.430073261260986,6.430073261260986
197800,FTP-BruteForce,FTP-BruteForce,True,2,Flow Pkts/s,flowpktss,0.8446104526519775,0.8446104526519775
197800,FTP-BruteForce,FTP-BruteForce,True,3,Flow IAT Mean,flowiatmean,0.48825448751449585,0.48825448751449585
197800,FTP-BruteForce,FTP-BruteForce,True,4,Flow IAT Max,flowiatmax,0.43235087394714355,0.43235087394714355
197800,FTP-BruteForce,FTP-BruteForce,True,5,Flow IAT Min,flowiatmin,-0.2978772819042206,0.2978772819042206
200357,FTP-BruteForce,FTP-BruteForce,True,1,Fwd Seg Size Min,fwdsegsizemin,6.330917835235596,6.330917835235596
200357,FTP-BruteForce,FTP-BruteForce,True,2,Flow Pkts/s,flowpktss,0.6065937280654907,0.6065937280654907
200357,FTP-BruteForce,FTP-BruteForce,True,3,Flow IAT Max,flowiatmax,0.41212180256843567,0.41212180256843567
200357,FTP-BruteForce,FTP-BruteForce,True,4,Flow IAT Mean,flowiatmean,0.33162152767181396,0.33162152767181396
200357,FTP-BruteForce,FTP-BruteForce,True,5,Flow IAT Min,flowiatmin,-0.30983230471611023,0.30983230471611023
202871,FTP-BruteForce,FTP-BruteForce,True,1,Fwd Seg Size Min,fwdsegsizemin,6.43540096282959,6.43540096282959
202871,FTP-BruteForce,FTP-BruteForce,True,2,Flow Pkts/s,flowpktss,0.9779026508331299,0.9779026508331299
202871,FTP-BruteForce,FTP-BruteForce,True,3,Flow IAT Max,flowiatmax,0.4094475507736206,0.4094475507736206
202871,FTP-BruteForce,FTP-BruteForce,True,4,Flow Duration,flowduration,0.2625958025455475,0.2625958025455475
202871,FTP-BruteForce,FTP-BruteForce,True,5,Flow IAT Min,flowiatmin,-0.24916982650756836,0.24916982650756836
210856,FTP-BruteForce,FTP-BruteForce,True,1,Fwd Seg Size Min,fwdsegsizemin,6.330917835235596,6.330917835235596
210856,FTP-BruteForce,FTP-BruteForce,True,2,Flow Pkts/s,flowpktss,0.6065937280654907,0.6065937280654907
210856,FTP-BruteForce,FTP-BruteForce,True,3,Flow IAT Max,flowiatmax,0.41212180256843567,0.41212180256843567
210856,FTP-BruteForce,FTP-BruteForce,True,4,Flow IAT Mean,flowiatmean,0.33162152767181396,0.33162152767181396
210856,FTP-BruteForce,FTP-BruteForce,True,5,Flow IAT Min,flowiatmin,-0.30983230471611023,0.30983230471611023
212949,FTP-BruteForce,DoS attacks-SlowHTTPTest,False,1,Fwd Seg Size Min,fwdsegsizemin,6.675480365753174,6.675480365753174
212949,FTP-BruteForce,DoS attacks-SlowHTTPTest,False,2,Flow IAT Max,flowiatmax,2.769991397857666,2.769991397857666
212949,FTP-BruteForce,DoS attacks-SlowHTTPTest,False,3,Flow Duration,flowduration,0.9145767688751221,0.9145767688751221
212949,FTP-BruteForce,DoS attacks-SlowHTTPTest,False,4,Bwd Pkts/s,bwdpktss,-0.8879985213279724,0.8879985213279724
212949,FTP-BruteForce,DoS attacks-SlowHTTPTest,False,5,Flow IAT Min,flowiatmin,0.47152194380760193,0.47152194380760193
216779,FTP-BruteForce,FTP-BruteForce,True,1,Fwd Seg Size Min,fwdsegsizemin,6.394804000854492,6.394804000854492
216779,FTP-BruteForce,FTP-BruteForce,True,2,Flow Pkts/s,flowpktss,0.9064421653747559,0.9064421653747559
216779,FTP-BruteForce,FTP-BruteForce,True,3,Flow IAT Max,flowiatmax,0.4659835994243622,0.4659835994243622
216779,FTP-BruteForce,FTP-BruteForce,True,4,Flow IAT Mean,flowiatmean,0.44334840774536133,0.44334840774536133
216779,FTP-BruteForce,FTP-BruteForce,True,5,Flow IAT Min,flowiatmin,-0.32503631711006165,0.32503631711006165
222514,FTP-BruteForce,FTP-BruteForce,True,1,Fwd Seg Size Min,fwdsegsizemin,5.743864059448242,5.743864059448242
222514,FTP-BruteForce,FTP-BruteForce,True,2,Flow Pkts/s,flowpktss,0.8255063891410828,0.8255063891410828
222514,FTP-BruteForce,FTP-BruteForce,True,3,Flow IAT Max,flowiatmax,0.2989501953125,0.2989501953125
222514,FTP-BruteForce,FTP-BruteForce,True,4,Flow IAT Min,flowiatmin,-0.2947032153606415,0.2947032153606415
222514,FTP-BruteForce,FTP-BruteForce,True,5,Flow IAT Mean,flowiatmean,-0.23333679139614105,0.23333679139614105
231177,FTP-BruteForce,DoS attacks-SlowHTTPTest,False,1,Fwd Seg Size Min,fwdsegsizemin,4.989038467407227,4.989038467407227
231177,FTP-BruteForce,DoS attacks-SlowHTTPTest,False,2,Flow Duration,flowduration,1.4339730739593506,1.4339730739593506
231177,FTP-BruteForce,DoS attacks-SlowHTTPTest,False,3,Bwd Pkts/s,bwdpktss,0.7320009469985962,0.7320009469985962
231177,FTP-BruteForce,DoS attacks-SlowHTTPTest,False,4,Flow IAT Max,flowiatmax,-0.33931025862693787,0.33931025862693787
231177,FTP-BruteForce,DoS attacks-SlowHTTPTest,False,5,Flow IAT Mean,flowiatmean,0.19771936535835266,0.19771936535835266
234687,FTP-BruteForce,FTP-BruteForce,True,1,Fwd Seg Size Min,fwdsegsizemin,5.529603958129883,5.529603958129883
234687,FTP-BruteForce,FTP-BruteForce,True,2,Flow IAT Min,flowiatmin,1.1311440467834473,1.1311440467834473
234687,FTP-BruteForce,FTP-BruteForce,True,3,Flow IAT Max,flowiatmax,-0.9960640072822571,0.9960640072822571
234687,FTP-BruteForce,FTP-BruteForce,True,4,Flow Pkts/s,flowpktss,0.7376585602760315,0.7376585602760315
234687,FTP-BruteForce,FTP-BruteForce,True,5,Dst Port,dstport,0.19731256365776062,0.19731256365776062
244272,FTP-BruteForce,FTP-BruteForce,True,1,Fwd Seg Size Min,fwdsegsizemin,5.867595195770264,5.867595195770264
244272,FTP-BruteForce,FTP-BruteForce,True,2,Flow IAT Min,flowiatmin,0.6176243424415588,0.6176243424415588
244272,FTP-BruteForce,FTP-BruteForce,True,3,Flow Pkts/s,flowpktss,0.5822764039039612,0.5822764039039612
244272,FTP-BruteForce,FTP-BruteForce,True,4,Flow IAT Max,flowiatmax,-0.28759074211120605,0.28759074211120605
244272,FTP-BruteForce,FTP-BruteForce,True,5,Flow Duration,flowduration,0.2465655654668808,0.2465655654668808
247162,FTP-BruteForce,FTP-BruteForce,True,1,Fwd Seg Size Min,fwdsegsizemin,5.78797721862793,5.78797721862793
247162,FTP-BruteForce,FTP-BruteForce,True,2,Flow Pkts/s,flowpktss,0.8646196722984314,0.8646196722984314
247162,FTP-BruteForce,FTP-BruteForce,True,3,Flow IAT Max,flowiatmax,0.2989501953125,0.2989501953125
247162,FTP-BruteForce,FTP-BruteForce,True,4,Flow IAT Min,flowiatmin,-0.22857584059238434,0.22857584059238434
247162,FTP-BruteForce,FTP-BruteForce,True,5,Flow IAT Mean,flowiatmean,-0.15678799152374268,0.15678799152374268
257427,FTP-BruteForce,FTP-BruteForce,True,1,Fwd Seg Size Min,fwdsegsizemin,5.78797721862793,5.78797721862793
257427,FTP-BruteForce,FTP-BruteForce,True,2,Flow Pkts/s,flowpktss,0.8646196722984314,0.8646196722984314
257427,FTP-BruteForce,FTP-BruteForce,True,3,Flow IAT Max,flowiatmax,0.2989501953125,0.2989501953125
257427,FTP-BruteForce,FTP-BruteForce,True,4,Flow IAT Min,flowiatmin,-0.22857584059238434,0.22857584059238434
257427,FTP-BruteForce,FTP-BruteForce,True,5,Flow IAT Mean,flowiatmean,-0.15678799152374268,0.15678799152374268
261303,FTP-BruteForce,FTP-BruteForce,True,1,Fwd Seg Size Min,fwdsegsizemin,6.43540096282959,6.43540096282959
261303,FTP-BruteForce,FTP-BruteForce,True,2,Flow Pkts/s,flowpktss,0.9779026508331299,0.9779026508331299
261303,FTP-BruteForce,FTP-BruteForce,True,3,Flow IAT Max,flowiatmax,0.4094475507736206,0.4094475507736206
261303,FTP-BruteForce,FTP-BruteForce,True,4,Flow Duration,flowduration,0.2625958025455475,0.2625958025455475
261303,FTP-BruteForce,FTP-BruteForce,True,5,Flow IAT Min,flowiatmin,-0.24916982650756836,0.24916982650756836
276960,FTP-BruteForce,FTP-BruteForce,True,1,Fwd Seg Size Min,fwdsegsizemin,6.356249809265137,6.356249809265137
276960,FTP-BruteForce,FTP-BruteForce,True,2,Flow Pkts/s,flowpktss,0.6466898322105408,0.6466898322105408
276960,FTP-BruteForce,FTP-BruteForce,True,3,Flow IAT Max,flowiatmax,0.420390248298645,0.420390248298645
276960,FTP-BruteForce,FTP-BruteForce,True,4,Flow IAT Mean,flowiatmean,0.37734147906303406,0.37734147906303406
276960,FTP-BruteForce,FTP-BruteForce,True,5,Flow IAT Min,flowiatmin,-0.30431506037712097,0.30431506037712097
278703,FTP-BruteForce,FTP-BruteForce,True,1,Fwd Seg Size Min,fwdsegsizemin,6.152994632720947,6.152994632720947
278703,FTP-BruteForce,FTP-BruteForce,True,2,Flow IAT Max,flowiatmax,0.5493417978286743,0.5493417978286743
278703,FTP-BruteForce,FTP-BruteForce,True,3,Flow IAT Min,flowiatmin,-0.44347134232521057,0.44347134232521057
278703,FTP-BruteForce,FTP-BruteForce,True,4,Flow IAT Mean,flowiatmean,0.4426613450050354,0.4426613450050354
278703,FTP-BruteForce,FTP-BruteForce,True,5,Flow Pkts/s,flowpktss,0.41166064143180847,0.41166064143180847
281137,FTP-BruteForce,FTP-BruteForce,True,1,Fwd Seg Size Min,fwdsegsizemin,5.7662529945373535,5.7662529945373535
281137,FTP-BruteForce,FTP-BruteForce,True,2,Flow Pkts/s,flowpktss,0.8124192357063293,0.8124192357063293
281137,FTP-BruteForce,FTP-BruteForce,True,3,Flow IAT Max,flowiatmax,0.2989501953125,0.2989501953125
281137,FTP-BruteForce,FTP-BruteForce,True,4,Flow IAT Min,flowiatmin,-0.2414916306734085,0.2414916306734085
281137,FTP-BruteForce,FTP-BruteForce,True,5,Flow IAT Mean,flowiatmean,-0.16353875398635864,0.16353875398635864
288765,FTP-BruteForce,FTP-BruteForce,True,1,Fwd Seg Size Min,fwdsegsizemin,5.7662529945373535,5.7662529945373535
288765,FTP-BruteForce,FTP-BruteForce,True,2,Flow Pkts/s,flowpktss,0.8124192357063293,0.8124192357063293
288765,FTP-BruteForce,FTP-BruteForce,True,3,Flow IAT Max,flowiatmax,0.2989501953125,0.2989501953125
288765,FTP-BruteForce,FTP-BruteForce,True,4,Flow IAT Min,flowiatmin,-0.2414916306734085,0.2414916306734085
288765,FTP-BruteForce,FTP-BruteForce,True,5,Flow IAT Mean,flowiatmean,-0.16353875398635864,0.16353875398635864
289197,FTP-BruteForce,DoS attacks-SlowHTTPTest,False,1,Fwd Seg Size Min,fwdsegsizemin,4.989038467407227,4.989038467407227
289197,FTP-BruteForce,DoS attacks-SlowHTTPTest,False,2,Flow Duration,flowduration,1.4339730739593506,1.4339730739593506
289197,FTP-BruteForce,DoS attacks-SlowHTTPTest,False,3,Bwd Pkts/s,bwdpktss,0.7320009469985962,0.7320009469985962
289197,FTP-BruteForce,DoS attacks-SlowHTTPTest,False,4,Flow IAT Max,flowiatmax,-0.33931025862693787,0.33931025862693787
289197,FTP-BruteForce,DoS attacks-SlowHTTPTest,False,5,Flow IAT Mean,flowiatmean,0.19771936535835266,0.19771936535835266
292144,FTP-BruteForce,DoS attacks-SlowHTTPTest,False,1,Fwd Seg Size Min,fwdsegsizemin,4.989038467407227,4.989038467407227
292144,FTP-BruteForce,DoS attacks-SlowHTTPTest,False,2,Flow Duration,flowduration,1.4339730739593506,1.4339730739593506
292144,FTP-BruteForce,DoS attacks-SlowHTTPTest,False,3,Bwd Pkts/s,bwdpktss,0.7320009469985962,0.7320009469985962
292144,FTP-BruteForce,DoS attacks-SlowHTTPTest,False,4,Flow IAT Max,flowiatmax,-0.33931025862693787,0.33931025862693787
292144,FTP-BruteForce,DoS attacks-SlowHTTPTest,False,5,Flow IAT Mean,flowiatmean,0.19771936535835266,0.19771936535835266
292880,FTP-BruteForce,DoS attacks-SlowHTTPTest,False,1,Fwd Seg Size Min,fwdsegsizemin,4.982577800750732,4.982577800750732
292880,FTP-BruteForce,DoS attacks-SlowHTTPTest,False,2,Flow Duration,flowduration,1.410264492034912,1.410264492034912
292880,FTP-BruteForce,DoS attacks-SlowHTTPTest,False,3,Bwd Pkts/s,bwdpktss,0.7332050204277039,0.7332050204277039
292880,FTP-BruteForce,DoS attacks-SlowHTTPTest,False,4,Flow IAT Max,flowiatmax,-0.3378705382347107,0.3378705382347107
292880,FTP-BruteForce,DoS attacks-SlowHTTPTest,False,5,Flow IAT Mean,flowiatmean,0.19347770512104034,0.19347770512104034
302593,FTP-BruteForce,DoS attacks-SlowHTTPTest,False,1,Fwd Seg Size Min,fwdsegsizemin,4.989038467407227,4.989038467407227
302593,FTP-BruteForce,DoS attacks-SlowHTTPTest,False,2,Flow Duration,flowduration,1.4339730739593506,1.4339730739593506
302593,FTP-BruteForce,DoS attacks-SlowHTTPTest,False,3,Bwd Pkts/s,bwdpktss,0.7320009469985962,0.7320009469985962
302593,FTP-BruteForce,DoS attacks-SlowHTTPTest,False,4,Flow IAT Max,flowiatmax,-0.33931025862693787,0.33931025862693787
302593,FTP-BruteForce,DoS attacks-SlowHTTPTest,False,5,Flow IAT Mean,flowiatmean,0.19771936535835266,0.19771936535835266
306345,FTP-BruteForce,FTP-BruteForce,True,1,Fwd Seg Size Min,fwdsegsizemin,5.82089900970459,5.82089900970459
306345,FTP-BruteForce,FTP-BruteForce,True,2,Flow Pkts/s,flowpktss,0.8908382654190063,0.8908382654190063
306345,FTP-BruteForce,FTP-BruteForce,True,3,Flow IAT Max,flowiatmax,0.2989501953125,0.2989501953125
306345,FTP-BruteForce,FTP-BruteForce,True,4,Flow IAT Min,flowiatmin,-0.24283039569854736,0.24283039569854736
306345,FTP-BruteForce,FTP-BruteForce,True,5,Flow Duration,flowduration,0.16846464574337006,0.16846464574337006
307159,FTP-BruteForce,FTP-BruteForce,True,1,Fwd Seg Size Min,fwdsegsizemin,6.356249809265137,6.356249809265137
307159,FTP-BruteForce,FTP-BruteForce,True,2,Flow Pkts/s,flowpktss,0.6466898322105408,0.6466898322105408
307159,FTP-BruteForce,FTP-BruteForce,True,3,Flow IAT Max,flowiatmax,0.420390248298645,0.420390248298645
307159,FTP-BruteForce,FTP-BruteForce,True,4,Flow IAT Mean,flowiatmean,0.37734147906303406,0.37734147906303406
307159,FTP-BruteForce,FTP-BruteForce,True,5,Flow IAT Min,flowiatmin,-0.30431506037712097,0.30431506037712097
315862,FTP-BruteForce,FTP-BruteForce,True,1,Fwd Seg Size Min,fwdsegsizemin,5.743864059448242,5.743864059448242
315862,FTP-BruteForce,FTP-BruteForce,True,2,Flow Pkts/s,flowpktss,0.8255063891410828,0.8255063891410828
315862,FTP-BruteForce,FTP-BruteForce,True,3,Flow IAT Max,flowiatmax,0.2989501953125,0.2989501953125
315862,FTP-BruteForce,FTP-BruteForce,True,4,Flow IAT Min,flowiatmin,-0.2947032153606415,0.2947032153606415
315862,FTP-BruteForce,FTP-BruteForce,True,5,Flow IAT Mean,flowiatmean,-0.23333679139614105,0.23333679139614105
319237,FTP-BruteForce,FTP-BruteForce,True,1,Fwd Seg Size Min,fwdsegsizemin,6.430073261260986,6.430073261260986
319237,FTP-BruteForce,FTP-BruteForce,True,2,Flow Pkts/s,flowpktss,0.8446104526519775,0.8446104526519775
319237,FTP-BruteForce,FTP-BruteForce,True,3,Flow IAT Mean,flowiatmean,0.48825448751449585,0.48825448751449585
319237,FTP-BruteForce,FTP-BruteForce,True,4,Flow IAT Max,flowiatmax,0.43235087394714355,0.43235087394714355
319237,FTP-BruteForce,FTP-BruteForce,True,5,Flow IAT Min,flowiatmin,-0.2978772819042206,0.2978772819042206
320940,FTP-BruteForce,DoS attacks-SlowHTTPTest,False,1,Fwd Seg Size Min,fwdsegsizemin,6.598801612854004,6.598801612854004
320940,FTP-BruteForce,DoS attacks-SlowHTTPTest,False,2,Flow IAT Max,flowiatmax,1.4682230949401855,1.4682230949401855
320940,FTP-BruteForce,DoS attacks-SlowHTTPTest,False,3,Flow Duration,flowduration,1.0941827297210693,1.0941827297210693
320940,FTP-BruteForce,DoS attacks-SlowHTTPTest,False,4,Flow IAT Min,flowiatmin,0.4287794530391693,0.4287794530391693
320940,FTP-BruteForce,DoS attacks-SlowHTTPTest,False,5,Flow Pkts/s,flowpktss,0.2768248915672302,0.2768248915672302
321094,FTP-BruteForce,FTP-BruteForce,True,1,Fwd Seg Size Min,fwdsegsizemin,5.917649745941162,5.917649745941162
321094,FTP-BruteForce,FTP-BruteForce,True,2,Flow Pkts/s,flowpktss,0.8613247871398926,0.8613247871398926
321094,FTP-BruteForce,FTP-BruteForce,True,3,Flow IAT Mean,flowiatmean,0.3911484181880951,0.3911484181880951
321094,FTP-BruteForce,FTP-BruteForce,True,4,Flow IAT Max,flowiatmax,0.2989501953125,0.2989501953125
321094,FTP-BruteForce,FTP-BruteForce,True,5,Flow Duration,flowduration,0.26693829894065857,0.26693829894065857
323541,FTP-BruteForce,FTP-BruteForce,True,1,Fwd Seg Size Min,fwdsegsizemin,6.356249809265137,6.356249809265137
323541,FTP-BruteForce,FTP-BruteForce,True,2,Flow Pkts/s,flowpktss,0.6466898322105408,0.6466898322105408
323541,FTP-BruteForce,FTP-BruteForce,True,3,Flow IAT Max,flowiatmax,0.420390248298645,0.420390248298645
323541,FTP-BruteForce,FTP-BruteForce,True,4,Flow IAT Mean,flowiatmean,0.37734147906303406,0.37734147906303406
323541,FTP-BruteForce,FTP-BruteForce,True,5,Flow IAT Min,flowiatmin,-0.30431506037712097,0.30431506037712097
330423,FTP-BruteForce,FTP-BruteForce,True,1,Fwd Seg Size Min,fwdsegsizemin,6.152994632720947,6.152994632720947
330423,FTP-BruteForce,FTP-BruteForce,True,2,Flow IAT Max,flowiatmax,0.5493417978286743,0.5493417978286743
330423,FTP-BruteForce,FTP-BruteForce,True,3,Flow IAT Min,flowiatmin,-0.44347134232521057,0.44347134232521057
330423,FTP-BruteForce,FTP-BruteForce,True,4,Flow IAT Mean,flowiatmean,0.4426613450050354,0.4426613450050354
330423,FTP-BruteForce,FTP-BruteForce,True,5,Flow Pkts/s,flowpktss,0.41166064143180847,0.41166064143180847
330578,FTP-BruteForce,FTP-BruteForce,True,1,Fwd Seg Size Min,fwdsegsizemin,6.43540096282959,6.43540096282959
330578,FTP-BruteForce,FTP-BruteForce,True,2,Flow Pkts/s,flowpktss,0.9779026508331299,0.9779026508331299
330578,FTP-BruteForce,FTP-BruteForce,True,3,Flow IAT Max,flowiatmax,0.4094475507736206,0.4094475507736206
330578,FTP-BruteForce,FTP-BruteForce,True,4,Flow Duration,flowduration,0.2625958025455475,0.2625958025455475
330578,FTP-BruteForce,FTP-BruteForce,True,5,Flow IAT Min,flowiatmin,-0.24916982650756836,0.24916982650756836
343987,FTP-BruteForce,FTP-BruteForce,True,1,Fwd Seg Size Min,fwdsegsizemin,6.43540096282959,6.43540096282959
343987,FTP-BruteForce,FTP-BruteForce,True,2,Flow Pkts/s,flowpktss,0.9779026508331299,0.9779026508331299
343987,FTP-BruteForce,FTP-BruteForce,True,3,Flow IAT Max,flowiatmax,0.4094475507736206,0.4094475507736206
343987,FTP-BruteForce,FTP-BruteForce,True,4,Flow Duration,flowduration,0.2625958025455475,0.2625958025455475
343987,FTP-BruteForce,FTP-BruteForce,True,5,Flow IAT Min,flowiatmin,-0.24916982650756836,0.24916982650756836
358821,FTP-BruteForce,DoS attacks-SlowHTTPTest,False,1,Fwd Seg Size Min,fwdsegsizemin,6.8819427490234375,6.8819427490234375
358821,FTP-BruteForce,DoS attacks-SlowHTTPTest,False,2,Flow IAT Max,flowiatmax,2.7676210403442383,2.7676210403442383
358821,FTP-BruteForce,DoS attacks-SlowHTTPTest,False,3,Flow Duration,flowduration,1.2512905597686768,1.2512905597686768
358821,FTP-BruteForce,DoS attacks-SlowHTTPTest,False,4,Bwd Pkts/s,bwdpktss,-0.5335652828216553,0.5335652828216553
358821,FTP-BruteForce,DoS attacks-SlowHTTPTest,False,5,Flow IAT Min,flowiatmin,0.44464388489723206,0.44464388489723206
366543,FTP-BruteForce,FTP-BruteForce,True,1,Fwd Seg Size Min,fwdsegsizemin,5.867595195770264,5.867595195770264
366543,FTP-BruteForce,FTP-BruteForce,True,2,Flow IAT Min,flowiatmin,0.6176243424415588,0.6176243424415588
366543,FTP-BruteForce,FTP-BruteForce,True,3,Flow Pkts/s,flowpktss,0.5822764039039612,0.5822764039039612
366543,FTP-BruteForce,FTP-BruteForce,True,4,Flow IAT Max,flowiatmax,-0.28759074211120605,0.28759074211120605
366543,FTP-BruteForce,FTP-BruteForce,True,5,Flow Duration,flowduration,0.2465655654668808,0.2465655654668808
366662,FTP-BruteForce,FTP-BruteForce,True,1,Fwd Seg Size Min,fwdsegsizemin,6.394804000854492,6.394804000854492
366662,FTP-BruteForce,FTP-BruteForce,True,2,Flow Pkts/s,flowpktss,0.9064421653747559,0.9064421653747559
366662,FTP-BruteForce,FTP-BruteForce,True,3,Flow IAT Max,flowiatmax,0.4659835994243622,0.4659835994243622
366662,FTP-BruteForce,FTP-BruteForce,True,4,Flow IAT Mean,flowiatmean,0.44334840774536133,0.44334840774536133
366662,FTP-BruteForce,FTP-BruteForce,True,5,Flow IAT Min,flowiatmin,-0.32503631711006165,0.32503631711006165
371991,FTP-BruteForce,FTP-BruteForce,True,1,Fwd Seg Size Min,fwdsegsizemin,6.394804000854492,6.394804000854492
371991,FTP-BruteForce,FTP-BruteForce,True,2,Flow Pkts/s,flowpktss,0.9064421653747559,0.9064421653747559
371991,FTP-BruteForce,FTP-BruteForce,True,3,Flow IAT Max,flowiatmax,0.4659835994243622,0.4659835994243622
371991,FTP-BruteForce,FTP-BruteForce,True,4,Flow IAT Mean,flowiatmean,0.44334840774536133,0.44334840774536133
371991,FTP-BruteForce,FTP-BruteForce,True,5,Flow IAT Min,flowiatmin,-0.32503631711006165,0.32503631711006165
379220,FTP-BruteForce,FTP-BruteForce,True,1,Fwd Seg Size Min,fwdsegsizemin,5.7662529945373535,5.7662529945373535
379220,FTP-BruteForce,FTP-BruteForce,True,2,Flow Pkts/s,flowpktss,0.8124192357063293,0.8124192357063293
379220,FTP-BruteForce,FTP-BruteForce,True,3,Flow IAT Max,flowiatmax,0.2989501953125,0.2989501953125
379220,FTP-BruteForce,FTP-BruteForce,True,4,Flow IAT Min,flowiatmin,-0.2414916306734085,0.2414916306734085
379220,FTP-BruteForce,FTP-BruteForce,True,5,Flow IAT Mean,flowiatmean,-0.16353875398635864,0.16353875398635864
384136,FTP-BruteForce,FTP-BruteForce,True,1,Fwd Seg Size Min,fwdsegsizemin,5.78797721862793,5.78797721862793
384136,FTP-BruteForce,FTP-BruteForce,True,2,Flow Pkts/s,flowpktss,0.8646196722984314,0.8646196722984314
384136,FTP-BruteForce,FTP-BruteForce,True,3,Flow IAT Max,flowiatmax,0.2989501953125,0.2989501953125
384136,FTP-BruteForce,FTP-BruteForce,True,4,Flow IAT Min,flowiatmin,-0.22857584059238434,0.22857584059238434
384136,FTP-BruteForce,FTP-BruteForce,True,5,Flow IAT Mean,flowiatmean,-0.15678799152374268,0.15678799152374268
392452,FTP-BruteForce,FTP-BruteForce,True,1,Fwd Seg Size Min,fwdsegsizemin,5.743864059448242,5.743864059448242
392452,FTP-BruteForce,FTP-BruteForce,True,2,Flow Pkts/s,flowpktss,0.8255063891410828,0.8255063891410828
392452,FTP-BruteForce,FTP-BruteForce,True,3,Flow IAT Max,flowiatmax,0.2989501953125,0.2989501953125
392452,FTP-BruteForce,FTP-BruteForce,True,4,Flow IAT Min,flowiatmin,-0.2947032153606415,0.2947032153606415
392452,FTP-BruteForce,FTP-BruteForce,True,5,Flow IAT Mean,flowiatmean,-0.23333679139614105,0.23333679139614105
406851,FTP-BruteForce,FTP-BruteForce,True,1,Fwd Seg Size Min,fwdsegsizemin,5.7662529945373535,5.7662529945373535
406851,FTP-BruteForce,FTP-BruteForce,True,2,Flow Pkts/s,flowpktss,0.8124192357063293,0.8124192357063293
406851,FTP-BruteForce,FTP-BruteForce,True,3,Flow IAT Max,flowiatmax,0.2989501953125,0.2989501953125
406851,FTP-BruteForce,FTP-BruteForce,True,4,Flow IAT Min,flowiatmin,-0.2414916306734085,0.2414916306734085
406851,FTP-BruteForce,FTP-BruteForce,True,5,Flow IAT Mean,flowiatmean,-0.16353875398635864,0.16353875398635864
413123,FTP-BruteForce,FTP-BruteForce,True,1,Fwd Seg Size Min,fwdsegsizemin,6.394804000854492,6.394804000854492
413123,FTP-BruteForce,FTP-BruteForce,True,2,Flow Pkts/s,flowpktss,0.9064421653747559,0.9064421653747559
413123,FTP-BruteForce,FTP-BruteForce,True,3,Flow IAT Max,flowiatmax,0.4659835994243622,0.4659835994243622
413123,FTP-BruteForce,FTP-BruteForce,True,4,Flow IAT Mean,flowiatmean,0.44334840774536133,0.44334840774536133
413123,FTP-BruteForce,FTP-BruteForce,True,5,Flow IAT Min,flowiatmin,-0.32503631711006165,0.32503631711006165
416055,FTP-BruteForce,DoS attacks-SlowHTTPTest,False,1,Fwd Seg Size Min,fwdsegsizemin,4.989038467407227,4.989038467407227
416055,FTP-BruteForce,DoS attacks-SlowHTTPTest,False,2,Flow Duration,flowduration,1.4339730739593506,1.4339730739593506
416055,FTP-BruteForce,DoS attacks-SlowHTTPTest,False,3,Bwd Pkts/s,bwdpktss,0.7320009469985962,0.7320009469985962
416055,FTP-BruteForce,DoS attacks-SlowHTTPTest,False,4,Flow IAT Max,flowiatmax,-0.33931025862693787,0.33931025862693787
416055,FTP-BruteForce,DoS attacks-SlowHTTPTest,False,5,Flow IAT Mean,flowiatmean,0.19771936535835266,0.19771936535835266
429318,FTP-BruteForce,FTP-BruteForce,True,1,Fwd Seg Size Min,fwdsegsizemin,5.78797721862793,5.78797721862793
429318,FTP-BruteForce,FTP-BruteForce,True,2,Flow Pkts/s,flowpktss,0.8646196722984314,0.8646196722984314
429318,FTP-BruteForce,FTP-BruteForce,True,3,Flow IAT Max,flowiatmax,0.2989501953125,0.2989501953125
429318,FTP-BruteForce,FTP-BruteForce,True,4,Flow IAT Min,flowiatmin,-0.22857584059238434,0.22857584059238434
429318,FTP-BruteForce,FTP-BruteForce,True,5,Flow IAT Mean,flowiatmean,-0.15678799152374268,0.15678799152374268
439173,FTP-BruteForce,FTP-BruteForce,True,1,Fwd Seg Size Min,fwdsegsizemin,6.394804000854492,6.394804000854492
439173,FTP-BruteForce,FTP-BruteForce,True,2,Flow Pkts/s,flowpktss,0.9064421653747559,0.9064421653747559
439173,FTP-BruteForce,FTP-BruteForce,True,3,Flow IAT Max,flowiatmax,0.4659835994243622,0.4659835994243622
439173,FTP-BruteForce,FTP-BruteForce,True,4,Flow IAT Mean,flowiatmean,0.44334840774536133,0.44334840774536133
439173,FTP-BruteForce,FTP-BruteForce,True,5,Flow IAT Min,flowiatmin,-0.32503631711006165,0.32503631711006165
441291,FTP-BruteForce,FTP-BruteForce,True,1,Fwd Seg Size Min,fwdsegsizemin,6.394804000854492,6.394804000854492
441291,FTP-BruteForce,FTP-BruteForce,True,2,Flow Pkts/s,flowpktss,0.9064421653747559,0.9064421653747559
441291,FTP-BruteForce,FTP-BruteForce,True,3,Flow IAT Max,flowiatmax,0.4659835994243622,0.4659835994243622
441291,FTP-BruteForce,FTP-BruteForce,True,4,Flow IAT Mean,flowiatmean,0.44334840774536133,0.44334840774536133
441291,FTP-BruteForce,FTP-BruteForce,True,5,Flow IAT Min,flowiatmin,-0.32503631711006165,0.32503631711006165
448846,FTP-BruteForce,FTP-BruteForce,True,1,Fwd Seg Size Min,fwdsegsizemin,5.78797721862793,5.78797721862793
448846,FTP-BruteForce,FTP-BruteForce,True,2,Flow Pkts/s,flowpktss,0.8646196722984314,0.8646196722984314
448846,FTP-BruteForce,FTP-BruteForce,True,3,Flow IAT Max,flowiatmax,0.2989501953125,0.2989501953125
448846,FTP-BruteForce,FTP-BruteForce,True,4,Flow IAT Min,flowiatmin,-0.22857584059238434,0.22857584059238434
448846,FTP-BruteForce,FTP-BruteForce,True,5,Flow IAT Mean,flowiatmean,-0.15678799152374268,0.15678799152374268
458267,FTP-BruteForce,FTP-BruteForce,True,1,Fwd Seg Size Min,fwdsegsizemin,5.917649745941162,5.917649745941162
458267,FTP-BruteForce,FTP-BruteForce,True,2,Flow Pkts/s,flowpktss,0.8613247871398926,0.8613247871398926
458267,FTP-BruteForce,FTP-BruteForce,True,3,Flow IAT Mean,flowiatmean,0.3911484181880951,0.3911484181880951
458267,FTP-BruteForce,FTP-BruteForce,True,4,Flow IAT Max,flowiatmax,0.2989501953125,0.2989501953125
458267,FTP-BruteForce,FTP-BruteForce,True,5,Flow Duration,flowduration,0.26693829894065857,0.26693829894065857
459340,FTP-BruteForce,FTP-BruteForce,True,1,Fwd Seg Size Min,fwdsegsizemin,5.7662529945373535,5.7662529945373535
459340,FTP-BruteForce,FTP-BruteForce,True,2,Flow Pkts/s,flowpktss,0.8124192357063293,0.8124192357063293
459340,FTP-BruteForce,FTP-BruteForce,True,3,Flow IAT Max,flowiatmax,0.2989501953125,0.2989501953125
459340,FTP-BruteForce,FTP-BruteForce,True,4,Flow IAT Min,flowiatmin,-0.2414916306734085,0.2414916306734085
459340,FTP-BruteForce,FTP-BruteForce,True,5,Flow IAT Mean,flowiatmean,-0.16353875398635864,0.16353875398635864
459873,FTP-BruteForce,FTP-BruteForce,True,1,Fwd Seg Size Min,fwdsegsizemin,5.78797721862793,5.78797721862793
459873,FTP-BruteForce,FTP-BruteForce,True,2,Flow Pkts/s,flowpktss,0.8646196722984314,0.8646196722984314
459873,FTP-BruteForce,FTP-BruteForce,True,3,Flow IAT Max,flowiatmax,0.2989501953125,0.2989501953125
459873,FTP-BruteForce,FTP-BruteForce,True,4,Flow IAT Min,flowiatmin,-0.22857584059238434,0.22857584059238434
459873,FTP-BruteForce,FTP-BruteForce,True,5,Flow IAT Mean,flowiatmean,-0.15678799152374268,0.15678799152374268
463180,FTP-BruteForce,DoS attacks-SlowHTTPTest,False,1,Fwd Seg Size Min,fwdsegsizemin,4.989038467407227,4.989038467407227
463180,FTP-BruteForce,DoS attacks-SlowHTTPTest,False,2,Flow Duration,flowduration,1.4339730739593506,1.4339730739593506
463180,FTP-BruteForce,DoS attacks-SlowHTTPTest,False,3,Bwd Pkts/s,bwdpktss,0.7320009469985962,0.7320009469985962
463180,FTP-BruteForce,DoS attacks-SlowHTTPTest,False,4,Flow IAT Max,flowiatmax,-0.33931025862693787,0.33931025862693787
463180,FTP-BruteForce,DoS attacks-SlowHTTPTest,False,5,Flow IAT Mean,flowiatmean,0.19771936535835266,0.19771936535835266
464868,FTP-BruteForce,FTP-BruteForce,True,1,Fwd Seg Size Min,fwdsegsizemin,6.43540096282959,6.43540096282959
464868,FTP-BruteForce,FTP-BruteForce,True,2,Flow Pkts/s,flowpktss,0.9779026508331299,0.9779026508331299
464868,FTP-BruteForce,FTP-BruteForce,True,3,Flow IAT Max,flowiatmax,0.4094475507736206,0.4094475507736206
464868,FTP-BruteForce,FTP-BruteForce,True,4,Flow Duration,flowduration,0.2625958025455475,0.2625958025455475
464868,FTP-BruteForce,FTP-BruteForce,True,5,Flow IAT Min,flowiatmin,-0.24916982650756836,0.24916982650756836
468962,FTP-BruteForce,FTP-BruteForce,True,1,Fwd Seg Size Min,fwdsegsizemin,5.7662529945373535,5.7662529945373535
468962,FTP-BruteForce,FTP-BruteForce,True,2,Flow Pkts/s,flowpktss,0.8124192357063293,0.8124192357063293
468962,FTP-BruteForce,FTP-BruteForce,True,3,Flow IAT Max,flowiatmax,0.2989501953125,0.2989501953125
468962,FTP-BruteForce,FTP-BruteForce,True,4,Flow IAT Min,flowiatmin,-0.2414916306734085,0.2414916306734085
468962,FTP-BruteForce,FTP-BruteForce,True,5,Flow IAT Mean,flowiatmean,-0.16353875398635864,0.16353875398635864
470805,FTP-BruteForce,FTP-BruteForce,True,1,Fwd Seg Size Min,fwdsegsizemin,5.917649745941162,5.917649745941162
470805,FTP-BruteForce,FTP-BruteForce,True,2,Flow Pkts/s,flowpktss,0.8613247871398926,0.8613247871398926
470805,FTP-BruteForce,FTP-BruteForce,True,3,Flow IAT Mean,flowiatmean,0.3911484181880951,0.3911484181880951
470805,FTP-BruteForce,FTP-BruteForce,True,4,Flow IAT Max,flowiatmax,0.2989501953125,0.2989501953125
470805,FTP-BruteForce,FTP-BruteForce,True,5,Flow Duration,flowduration,0.26693829894065857,0.26693829894065857
471936,FTP-BruteForce,FTP-BruteForce,True,1,Fwd Seg Size Min,fwdsegsizemin,5.7662529945373535,5.7662529945373535
471936,FTP-BruteForce,FTP-BruteForce,True,2,Flow Pkts/s,flowpktss,0.8124192357063293,0.8124192357063293
471936,FTP-BruteForce,FTP-BruteForce,True,3,Flow IAT Max,flowiatmax,0.2989501953125,0.2989501953125
471936,FTP-BruteForce,FTP-BruteForce,True,4,Flow IAT Min,flowiatmin,-0.2414916306734085,0.2414916306734085
471936,FTP-BruteForce,FTP-BruteForce,True,5,Flow IAT Mean,flowiatmean,-0.16353875398635864,0.16353875398635864
490272,FTP-BruteForce,FTP-BruteForce,True,1,Fwd Seg Size Min,fwdsegsizemin,6.152994632720947,6.152994632720947
490272,FTP-BruteForce,FTP-BruteForce,True,2,Flow IAT Max,flowiatmax,0.5493417978286743,0.5493417978286743
490272,FTP-BruteForce,FTP-BruteForce,True,3,Flow IAT Min,flowiatmin,-0.44347134232521057,0.44347134232521057
490272,FTP-BruteForce,FTP-BruteForce,True,4,Flow IAT Mean,flowiatmean,0.4426613450050354,0.4426613450050354
490272,FTP-BruteForce,FTP-BruteForce,True,5,Flow Pkts/s,flowpktss,0.41166064143180847,0.41166064143180847
498342,FTP-BruteForce,FTP-BruteForce,True,1,Fwd Seg Size Min,fwdsegsizemin,5.78797721862793,5.78797721862793
498342,FTP-BruteForce,FTP-BruteForce,True,2,Flow Pkts/s,flowpktss,0.8646196722984314,0.8646196722984314
498342,FTP-BruteForce,FTP-BruteForce,True,3,Flow IAT Max,flowiatmax,0.2989501953125,0.2989501953125
498342,FTP-BruteForce,FTP-BruteForce,True,4,Flow IAT Min,flowiatmin,-0.22857584059238434,0.22857584059238434
498342,FTP-BruteForce,FTP-BruteForce,True,5,Flow IAT Mean,flowiatmean,-0.15678799152374268,0.15678799152374268
499837,FTP-BruteForce,FTP-BruteForce,True,1,Fwd Seg Size Min,fwdsegsizemin,5.78797721862793,5.78797721862793
499837,FTP-BruteForce,FTP-BruteForce,True,2,Flow Pkts/s,flowpktss,0.8646196722984314,0.8646196722984314
499837,FTP-BruteForce,FTP-BruteForce,True,3,Flow IAT Max,flowiatmax,0.2989501953125,0.2989501953125
499837,FTP-BruteForce,FTP-BruteForce,True,4,Flow IAT Min,flowiatmin,-0.22857584059238434,0.22857584059238434
499837,FTP-BruteForce,FTP-BruteForce,True,5,Flow IAT Mean,flowiatmean,-0.15678799152374268,0.15678799152374268
501996,FTP-BruteForce,FTP-BruteForce,True,1,Fwd Seg Size Min,fwdsegsizemin,5.867595195770264,5.867595195770264
501996,FTP-BruteForce,FTP-BruteForce,True,2,Flow IAT Min,flowiatmin,0.6176243424415588,0.6176243424415588
501996,FTP-BruteForce,FTP-BruteForce,True,3,Flow Pkts/s,flowpktss,0.5822764039039612,0.5822764039039612
501996,FTP-BruteForce,FTP-BruteForce,True,4,Flow IAT Max,flowiatmax,-0.28759074211120605,0.28759074211120605
501996,FTP-BruteForce,FTP-BruteForce,True,5,Flow Duration,flowduration,0.2465655654668808,0.2465655654668808
502996,FTP-BruteForce,FTP-BruteForce,True,1,Fwd Seg Size Min,fwdsegsizemin,5.7662529945373535,5.7662529945373535
502996,FTP-BruteForce,FTP-BruteForce,True,2,Flow Pkts/s,flowpktss,0.8124192357063293,0.8124192357063293
502996,FTP-BruteForce,FTP-BruteForce,True,3,Flow IAT Max,flowiatmax,0.2989501953125,0.2989501953125
502996,FTP-BruteForce,FTP-BruteForce,True,4,Flow IAT Min,flowiatmin,-0.2414916306734085,0.2414916306734085
502996,FTP-BruteForce,FTP-BruteForce,True,5,Flow IAT Mean,flowiatmean,-0.16353875398635864,0.16353875398635864
506851,FTP-BruteForce,DoS attacks-SlowHTTPTest,False,1,Fwd Seg Size Min,fwdsegsizemin,4.996650695800781,4.996650695800781
506851,FTP-BruteForce,DoS attacks-SlowHTTPTest,False,2,Flow Duration,flowduration,1.4456321001052856,1.4456321001052856
506851,FTP-BruteForce,DoS attacks-SlowHTTPTest,False,3,Bwd Pkts/s,bwdpktss,0.737160325050354,0.737160325050354
506851,FTP-BruteForce,DoS attacks-SlowHTTPTest,False,4,Flow IAT Max,flowiatmax,-0.33768704533576965,0.33768704533576965
506851,FTP-BruteForce,DoS attacks-SlowHTTPTest,False,5,Flow IAT Mean,flowiatmean,0.20378567278385162,0.20378567278385162
512569,FTP-BruteForce,FTP-BruteForce,True,1,Fwd Seg Size Min,fwdsegsizemin,5.741943836212158,5.741943836212158
512569,FTP-BruteForce,FTP-BruteForce,True,2,Flow Pkts/s,flowpktss,0.817283570766449,0.817283570766449
512569,FTP-BruteForce,FTP-BruteForce,True,3,Flow IAT Min,flowiatmin,-0.3219822645187378,0.3219822645187378
512569,FTP-BruteForce,FTP-BruteForce,True,4,Flow IAT Max,flowiatmax,0.2989501953125,0.2989501953125
512569,FTP-BruteForce,FTP-BruteForce,True,5,Flow Duration,flowduration,-0.17910145223140717,0.17910145223140717
514171,FTP-BruteForce,FTP-BruteForce,True,1,Fwd Seg Size Min,fwdsegsizemin,6.43540096282959,6.43540096282959
514171,FTP-BruteForce,FTP-BruteForce,True,2,Flow Pkts/s,flowpktss,0.9779026508331299,0.9779026508331299
514171,FTP-BruteForce,FTP-BruteForce,True,3,Flow IAT Max,flowiatmax,0.4094475507736206,0.4094475507736206
514171,FTP-BruteForce,FTP-BruteForce,True,4,Flow Duration,flowduration,0.2625958025455475,0.2625958025455475
514171,FTP-BruteForce,FTP-BruteForce,True,5,Flow IAT Min,flowiatmin,-0.24916982650756836,0.24916982650756836
514465,FTP-BruteForce,FTP-BruteForce,True,1,Fwd Seg Size Min,fwdsegsizemin,6.430073261260986,6.430073261260986
514465,FTP-BruteForce,FTP-BruteForce,True,2,Flow Pkts/s,flowpktss,0.8446104526519775,0.8446104526519775
514465,FTP-BruteForce,FTP-BruteForce,True,3,Flow IAT Mean,flowiatmean,0.48825448751449585,0.48825448751449585
514465,FTP-BruteForce,FTP-BruteForce,True,4,Flow IAT Max,flowiatmax,0.43235087394714355,0.43235087394714355
514465,FTP-BruteForce,FTP-BruteForce,True,5,Flow IAT Min,flowiatmin,-0.2978772819042206,0.2978772819042206
515870,FTP-BruteForce,FTP-BruteForce,True,1,Fwd Seg Size Min,fwdsegsizemin,5.917649745941162,5.917649745941162
515870,FTP-BruteForce,FTP-BruteForce,True,2,Flow Pkts/s,flowpktss,0.8613247871398926,0.8613247871398926
515870,FTP-BruteForce,FTP-BruteForce,True,3,Flow IAT Mean,flowiatmean,0.3911484181880951,0.3911484181880951
515870,FTP-BruteForce,FTP-BruteForce,True,4,Flow IAT Max,flowiatmax,0.2989501953125,0.2989501953125
515870,FTP-BruteForce,FTP-BruteForce,True,5,Flow Duration,flowduration,0.26693829894065857,0.26693829894065857
517481,FTP-BruteForce,FTP-BruteForce,True,1,Fwd Seg Size Min,fwdsegsizemin,5.78797721862793,5.78797721862793
517481,FTP-BruteForce,FTP-BruteForce,True,2,Flow Pkts/s,flowpktss,0.8646196722984314,0.8646196722984314
517481,FTP-BruteForce,FTP-BruteForce,True,3,Flow IAT Max,flowiatmax,0.2989501953125,0.2989501953125
517481,FTP-BruteForce,FTP-BruteForce,True,4,Flow IAT Min,flowiatmin,-0.22857584059238434,0.22857584059238434
517481,FTP-BruteForce,FTP-BruteForce,True,5,Flow IAT Mean,flowiatmean,-0.15678799152374268,0.15678799152374268
519779,FTP-BruteForce,FTP-BruteForce,True,1,Fwd Seg Size Min,fwdsegsizemin,6.430073261260986,6.430073261260986
519779,FTP-BruteForce,FTP-BruteForce,True,2,Flow Pkts/s,flowpktss,0.8446104526519775,0.8446104526519775
519779,FTP-BruteForce,FTP-BruteForce,True,3,Flow IAT Mean,flowiatmean,0.48825448751449585,0.48825448751449585
519779,FTP-BruteForce,FTP-BruteForce,True,4,Flow IAT Max,flowiatmax,0.43235087394714355,0.43235087394714355
519779,FTP-BruteForce,FTP-BruteForce,True,5,Flow IAT Min,flowiatmin,-0.2978772819042206,0.2978772819042206
521894,FTP-BruteForce,FTP-BruteForce,True,1,Fwd Seg Size Min,fwdsegsizemin,6.43540096282959,6.43540096282959
521894,FTP-BruteForce,FTP-BruteForce,True,2,Flow Pkts/s,flowpktss,0.9779026508331299,0.9779026508331299
521894,FTP-BruteForce,FTP-BruteForce,True,3,Flow IAT Max,flowiatmax,0.4094475507736206,0.4094475507736206
521894,FTP-BruteForce,FTP-BruteForce,True,4,Flow Duration,flowduration,0.2625958025455475,0.2625958025455475
521894,FTP-BruteForce,FTP-BruteForce,True,5,Flow IAT Min,flowiatmin,-0.24916982650756836,0.24916982650756836
543202,FTP-BruteForce,FTP-BruteForce,True,1,Fwd Seg Size Min,fwdsegsizemin,6.43540096282959,6.43540096282959
543202,FTP-BruteForce,FTP-BruteForce,True,2,Flow Pkts/s,flowpktss,0.9779026508331299,0.9779026508331299
543202,FTP-BruteForce,FTP-BruteForce,True,3,Flow IAT Max,flowiatmax,0.4094475507736206,0.4094475507736206
543202,FTP-BruteForce,FTP-BruteForce,True,4,Flow Duration,flowduration,0.2625958025455475,0.2625958025455475
543202,FTP-BruteForce,FTP-BruteForce,True,5,Flow IAT Min,flowiatmin,-0.24916982650756836,0.24916982650756836
549881,FTP-BruteForce,FTP-BruteForce,True,1,Fwd Seg Size Min,fwdsegsizemin,5.7662529945373535,5.7662529945373535
549881,FTP-BruteForce,FTP-BruteForce,True,2,Flow Pkts/s,flowpktss,0.8124192357063293,0.8124192357063293
549881,FTP-BruteForce,FTP-BruteForce,True,3,Flow IAT Max,flowiatmax,0.2989501953125,0.2989501953125
549881,FTP-BruteForce,FTP-BruteForce,True,4,Flow IAT Min,flowiatmin,-0.2414916306734085,0.2414916306734085
549881,FTP-BruteForce,FTP-BruteForce,True,5,Flow IAT Mean,flowiatmean,-0.16353875398635864,0.16353875398635864
581397,FTP-BruteForce,FTP-BruteForce,True,1,Fwd Seg Size Min,fwdsegsizemin,5.917649745941162,5.917649745941162
581397,FTP-BruteForce,FTP-BruteForce,True,2,Flow Pkts/s,flowpktss,0.8613247871398926,0.8613247871398926
581397,FTP-BruteForce,FTP-BruteForce,True,3,Flow IAT Mean,flowiatmean,0.3911484181880951,0.3911484181880951
581397,FTP-BruteForce,FTP-BruteForce,True,4,Flow IAT Max,flowiatmax,0.2989501953125,0.2989501953125
581397,FTP-BruteForce,FTP-BruteForce,True,5,Flow Duration,flowduration,0.26693829894065857,0.26693829894065857
586268,FTP-BruteForce,FTP-BruteForce,True,1,Fwd Seg Size Min,fwdsegsizemin,6.394804000854492,6.394804000854492
586268,FTP-BruteForce,FTP-BruteForce,True,2,Flow Pkts/s,flowpktss,0.9064421653747559,0.9064421653747559
586268,FTP-BruteForce,FTP-BruteForce,True,3,Flow IAT Max,flowiatmax,0.4659835994243622,0.4659835994243622
586268,FTP-BruteForce,FTP-BruteForce,True,4,Flow IAT Mean,flowiatmean,0.44334840774536133,0.44334840774536133
586268,FTP-BruteForce,FTP-BruteForce,True,5,Flow IAT Min,flowiatmin,-0.32503631711006165,0.32503631711006165
601558,FTP-BruteForce,FTP-BruteForce,True,1,Fwd Seg Size Min,fwdsegsizemin,6.43540096282959,6.43540096282959
601558,FTP-BruteForce,FTP-BruteForce,True,2,Flow Pkts/s,flowpktss,0.9779026508331299,0.9779026508331299
601558,FTP-BruteForce,FTP-BruteForce,True,3,Flow IAT Max,flowiatmax,0.4094475507736206,0.4094475507736206
601558,FTP-BruteForce,FTP-BruteForce,True,4,Flow Duration,flowduration,0.2625958025455475,0.2625958025455475
601558,FTP-BruteForce,FTP-BruteForce,True,5,Flow IAT Min,flowiatmin,-0.24916982650756836,0.24916982650756836
616576,FTP-BruteForce,FTP-BruteForce,True,1,Fwd Seg Size Min,fwdsegsizemin,6.152994632720947,6.152994632720947
616576,FTP-BruteForce,FTP-BruteForce,True,2,Flow IAT Max,flowiatmax,0.5493417978286743,0.5493417978286743
616576,FTP-BruteForce,FTP-BruteForce,True,3,Flow IAT Min,flowiatmin,-0.44347134232521057,0.44347134232521057
616576,FTP-BruteForce,FTP-BruteForce,True,4,Flow IAT Mean,flowiatmean,0.4426613450050354,0.4426613450050354
616576,FTP-BruteForce,FTP-BruteForce,True,5,Flow Pkts/s,flowpktss,0.41166064143180847,0.41166064143180847
620441,FTP-BruteForce,FTP-BruteForce,True,1,Fwd Seg Size Min,fwdsegsizemin,5.7662529945373535,5.7662529945373535
620441,FTP-BruteForce,FTP-BruteForce,True,2,Flow Pkts/s,flowpktss,0.8124192357063293,0.8124192357063293
620441,FTP-BruteForce,FTP-BruteForce,True,3,Flow IAT Max,flowiatmax,0.2989501953125,0.2989501953125
620441,FTP-BruteForce,FTP-BruteForce,True,4,Flow IAT Min,flowiatmin,-0.2414916306734085,0.2414916306734085
620441,FTP-BruteForce,FTP-BruteForce,True,5,Flow IAT Mean,flowiatmean,-0.16353875398635864,0.16353875398635864
629903,FTP-BruteForce,FTP-BruteForce,True,1,Fwd Seg Size Min,fwdsegsizemin,6.43540096282959,6.43540096282959
629903,FTP-BruteForce,FTP-BruteForce,True,2,Flow Pkts/s,flowpktss,0.9779026508331299,0.9779026508331299
629903,FTP-BruteForce,FTP-BruteForce,True,3,Flow IAT Max,flowiatmax,0.4094475507736206,0.4094475507736206
629903,FTP-BruteForce,FTP-BruteForce,True,4,Flow Duration,flowduration,0.2625958025455475,0.2625958025455475
629903,FTP-BruteForce,FTP-BruteForce,True,5,Flow IAT Min,flowiatmin,-0.24916982650756836,0.24916982650756836
629988,FTP-BruteForce,FTP-BruteForce,True,1,Fwd Seg Size Min,fwdsegsizemin,6.43540096282959,6.43540096282959
629988,FTP-BruteForce,FTP-BruteForce,True,2,Flow Pkts/s,flowpktss,0.9779026508331299,0.9779026508331299
629988,FTP-BruteForce,FTP-BruteForce,True,3,Flow IAT Max,flowiatmax,0.4094475507736206,0.4094475507736206
629988,FTP-BruteForce,FTP-BruteForce,True,4,Flow Duration,flowduration,0.2625958025455475,0.2625958025455475
629988,FTP-BruteForce,FTP-BruteForce,True,5,Flow IAT Min,flowiatmin,-0.24916982650756836,0.24916982650756836
653327,FTP-BruteForce,FTP-BruteForce,True,1,Fwd Seg Size Min,fwdsegsizemin,5.78797721862793,5.78797721862793
653327,FTP-BruteForce,FTP-BruteForce,True,2,Flow Pkts/s,flowpktss,0.8646196722984314,0.8646196722984314
653327,FTP-BruteForce,FTP-BruteForce,True,3,Flow IAT Max,flowiatmax,0.2989501953125,0.2989501953125
653327,FTP-BruteForce,FTP-BruteForce,True,4,Flow IAT Min,flowiatmin,-0.22857584059238434,0.22857584059238434
653327,FTP-BruteForce,FTP-BruteForce,True,5,Flow IAT Mean,flowiatmean,-0.15678799152374268,0.15678799152374268
655883,FTP-BruteForce,FTP-BruteForce,True,1,Fwd Seg Size Min,fwdsegsizemin,5.78797721862793,5.78797721862793
655883,FTP-BruteForce,FTP-BruteForce,True,2,Flow Pkts/s,flowpktss,0.8646196722984314,0.8646196722984314
655883,FTP-BruteForce,FTP-BruteForce,True,3,Flow IAT Max,flowiatmax,0.2989501953125,0.2989501953125
655883,FTP-BruteForce,FTP-BruteForce,True,4,Flow IAT Min,flowiatmin,-0.22857584059238434,0.22857584059238434
655883,FTP-BruteForce,FTP-BruteForce,True,5,Flow IAT Mean,flowiatmean,-0.15678799152374268,0.15678799152374268
679271,FTP-BruteForce,FTP-BruteForce,True,1,Fwd Seg Size Min,fwdsegsizemin,5.615699768066406,5.615699768066406
679271,FTP-BruteForce,FTP-BruteForce,True,2,Flow IAT Min,flowiatmin,1.2461774349212646,1.2461774349212646
679271,FTP-BruteForce,FTP-BruteForce,True,3,Flow IAT Max,flowiatmax,-0.9917884469032288,0.9917884469032288
679271,FTP-BruteForce,FTP-BruteForce,True,4,Flow Pkts/s,flowpktss,0.8529265522956848,0.8529265522956848
679271,FTP-BruteForce,FTP-BruteForce,True,5,Dst Port,dstport,0.2006162405014038,0.2006162405014038
681375,FTP-BruteForce,FTP-BruteForce,True,1,Fwd Seg Size Min,fwdsegsizemin,6.43540096282959,6.43540096282959
681375,FTP-BruteForce,FTP-BruteForce,True,2,Flow Pkts/s,flowpktss,0.9779026508331299,0.9779026508331299
681375,FTP-BruteForce,FTP-BruteForce,True,3,Flow IAT Max,flowiatmax,0.4094475507736206,0.4094475507736206
681375,FTP-BruteForce,FTP-BruteForce,True,4,Flow Duration,flowduration,0.2625958025455475,0.2625958025455475
681375,FTP-BruteForce,FTP-BruteForce,True,5,Flow IAT Min,flowiatmin,-0.24916982650756836,0.24916982650756836
683039,FTP-BruteForce,FTP-BruteForce,True,1,Fwd Seg Size Min,fwdsegsizemin,5.743864059448242,5.743864059448242
683039,FTP-BruteForce,FTP-BruteForce,True,2,Flow Pkts/s,flowpktss,0.8255063891410828,0.8255063891410828
683039,FTP-BruteForce,FTP-BruteForce,True,3,Flow IAT Max,flowiatmax,0.2989501953125,0.2989501953125
683039,FTP-BruteForce,FTP-BruteForce,True,4,Flow IAT Min,flowiatmin,-0.2947032153606415,0.2947032153606415
683039,FTP-BruteForce,FTP-BruteForce,True,5,Flow IAT Mean,flowiatmean,-0.23333679139614105,0.23333679139614105
687036,FTP-BruteForce,FTP-BruteForce,True,1,Fwd Seg Size Min,fwdsegsizemin,5.743864059448242,5.743864059448242
687036,FTP-BruteForce,FTP-BruteForce,True,2,Flow Pkts/s,flowpktss,0.8255063891410828,0.8255063891410828
687036,FTP-BruteForce,FTP-BruteForce,True,3,Flow IAT Max,flowiatmax,0.2989501953125,0.2989501953125
687036,FTP-BruteForce,FTP-BruteForce,True,4,Flow IAT Min,flowiatmin,-0.2947032153606415,0.2947032153606415
687036,FTP-BruteForce,FTP-BruteForce,True,5,Flow IAT Mean,flowiatmean,-0.23333679139614105,0.23333679139614105
850,Infilteration,Benign,False,1,Fwd Pkt Len Max,fwdpktlenmax,0.4136570394039154,0.4136570394039154
850,Infilteration,Benign,False,2,Fwd IAT Tot,fwdiattot,0.3045646846294403,0.3045646846294403
850,Infilteration,Benign,False,3,Init Fwd Win Byts,initfwdwinbyts,0.2407711148262024,0.2407711148262024
850,Infilteration,Benign,False,4,Dst Port,dstport,0.15113480389118195,0.15113480389118195
850,Infilteration,Benign,False,5,RST Flag Cnt,rstflagcnt,0.11094699800014496,0.11094699800014496
5168,Infilteration,Benign,False,1,Dst Port,dstport,0.5388181209564209,0.5388181209564209
5168,Infilteration,Benign,False,2,Fwd Pkt Len Max,fwdpktlenmax,0.290706604719162,0.290706604719162
5168,Infilteration,Benign,False,3,Bwd Pkt Len Mean,bwdpktlenmean,0.19059287011623383,0.19059287011623383
5168,Infilteration,Benign,False,4,Init Fwd Win Byts,initfwdwinbyts,0.18470895290374756,0.18470895290374756
5168,Infilteration,Benign,False,5,Fwd Pkt Len Std,fwdpktlenstd,0.16849739849567413,0.16849739849567413
17406,Infilteration,Benign,False,1,Fwd Pkt Len Max,fwdpktlenmax,0.4083114266395569,0.4083114266395569
17406,Infilteration,Benign,False,2,Fwd IAT Tot,fwdiattot,0.30486351251602173,0.30486351251602173
17406,Infilteration,Benign,False,3,Init Fwd Win Byts,initfwdwinbyts,0.23890097439289093,0.23890097439289093
17406,Infilteration,Benign,False,4,Dst Port,dstport,0.14575700461864471,0.14575700461864471
17406,Infilteration,Benign,False,5,RST Flag Cnt,rstflagcnt,0.11094991117715836,0.11094991117715836
18793,Infilteration,Benign,False,1,Fwd Pkt Len Max,fwdpktlenmax,0.5176858901977539,0.5176858901977539
18793,Infilteration,Benign,False,2,Dst Port,dstport,0.4269722104072571,0.4269722104072571
18793,Infilteration,Benign,False,3,Fwd IAT Std,fwdiatstd,0.2667529582977295,0.2667529582977295
18793,Infilteration,Benign,False,4,RST Flag Cnt,rstflagcnt,-0.2666809856891632,0.2666809856891632
18793,Infilteration,Benign,False,5,ECE Flag Cnt,eceflagcnt,-0.18283477425575256,0.18283477425575256
23166,Infilteration,Benign,False,1,Fwd Pkt Len Max,fwdpktlenmax,-0.7768537402153015,0.7768537402153015
23166,Infilteration,Benign,False,2,Fwd Seg Size Min,fwdsegsizemin,-0.4850717782974243,0.4850717782974243
23166,Infilteration,Benign,False,3,Dst Port,dstport,0.42028966546058655,0.42028966546058655
23166,Infilteration,Benign,False,4,Fwd Pkt Len Mean,fwdpktlenmean,0.3928580582141876,0.3928580582141876
23166,Infilteration,Benign,False,5,Fwd IAT Tot,fwdiattot,0.1948680877685547,0.1948680877685547
28502,Infilteration,Benign,False,1,Fwd Pkt Len Max,fwdpktlenmax,0.4270789325237274,0.4270789325237274
28502,Infilteration,Benign,False,2,Fwd IAT Tot,fwdiattot,0.3040637969970703,0.3040637969970703
28502,Infilteration,Benign,False,3,Init Fwd Win Byts,initfwdwinbyts,0.2479674220085144,0.2479674220085144
28502,Infilteration,Benign,False,4,Dst Port,dstport,0.16375206410884857,0.16375206410884857
28502,Infilteration,Benign,False,5,RST Flag Cnt,rstflagcnt,0.1109447255730629,0.1109447255730629
37222,Infilteration,Benign,False,1,Fwd Pkt Len Max,fwdpktlenmax,-0.7768537402153015,0.7768537402153015
37222,Infilteration,Benign,False,2,Fwd Seg Size Min,fwdsegsizemin,-0.4850717782974243,0.4850717782974243
37222,Infilteration,Benign,False,3,Dst Port,dstport,0.42028966546058655,0.42028966546058655
37222,Infilteration,Benign,False,4,Fwd Pkt Len Mean,fwdpktlenmean,0.3928580582141876,0.3928580582141876
37222,Infilteration,Benign,False,5,Fwd IAT Tot,fwdiattot,0.1948680877685547,0.1948680877685547
48920,Infilteration,Benign,False,1,Fwd Pkt Len Max,fwdpktlenmax,0.8014638423919678,0.8014638423919678
48920,Infilteration,Benign,False,2,Init Fwd Win Byts,initfwdwinbyts,0.2825956344604492,0.2825956344604492
48920,Infilteration,Benign,False,3,Dst Port,dstport,0.1841006875038147,0.1841006875038147
48920,Infilteration,Benign,False,4,RST Flag Cnt,rstflagcnt,0.13675691187381744,0.13675691187381744
48920,Infilteration,Benign,False,5,Bwd Pkts/s,bwdpktss,-0.11415063589811325,0.11415063589811325
66623,Infilteration,Infilteration,True,1,Fwd Header Len,fwdheaderlen,1.4722685813903809,1.4722685813903809
66623,Infilteration,Infilteration,True,2,Fwd Seg Size Min,fwdsegsizemin,0.8709369897842407,0.8709369897842407
66623,Infilteration,Infilteration,True,3,PSH Flag Cnt,pshflagcnt,0.41991180181503296,0.41991180181503296
66623,Infilteration,Infilteration,True,4,Dst Port,dstport,-0.37005168199539185,0.37005168199539185
66623,Infilteration,Infilteration,True,5,Bwd Pkts/s,bwdpktss,0.15202073752880096,0.15202073752880096
74919,Infilteration,Benign,False,1,Fwd Pkt Len Max,fwdpktlenmax,0.41006454825401306,0.41006454825401306
74919,Infilteration,Benign,False,2,Fwd IAT Tot,fwdiattot,0.30489739775657654,0.30489739775657654
74919,Infilteration,Benign,False,3,Init Fwd Win Byts,initfwdwinbyts,0.23686248064041138,0.23686248064041138
74919,Infilteration,Benign,False,4,Dst Port,dstport,0.14315946400165558,0.14315946400165558
74919,Infilteration,Benign,False,5,RST Flag Cnt,rstflagcnt,0.10884972661733627,0.10884972661733627
78638,Infilteration,Benign,False,1,Fwd Pkt Len Max,fwdpktlenmax,0.4083156883716583,0.4083156883716583
78638,Infilteration,Benign,False,2,Fwd IAT Tot,fwdiattot,0.30486351251602173,0.30486351251602173
78638,Infilteration,Benign,False,3,Init Fwd Win Byts,initfwdwinbyts,0.239075168967247,0.239075168967247
78638,Infilteration,Benign,False,4,Dst Port,dstport,0.1456911861896515,0.1456911861896515
78638,Infilteration,Benign,False,5,ECE Flag Cnt,eceflagcnt,0.12760770320892334,0.12760770320892334
81246,Infilteration,Benign,False,1,Dst Port,dstport,0.5414833426475525,0.5414833426475525
81246,Infilteration,Benign,False,2,Fwd Pkt Len Max,fwdpktlenmax,0.35579776763916016,0.35579776763916016
81246,Infilteration,Benign,False,3,Init Fwd Win Byts,initfwdwinbyts,0.19828879833221436,0.19828879833221436
81246,Infilteration,Benign,False,4,Fwd Pkt Len Std,fwdpktlenstd,0.16915729641914368,0.16915729641914368
81246,Infilteration,Benign,False,5,ECE Flag Cnt,eceflagcnt,0.09989747405052185,0.09989747405052185
81343,Infilteration,Benign,False,1,Dst Port,dstport,0.6976280212402344,0.6976280212402344
81343,Infilteration,Benign,False,2,Fwd Pkt Len Max,fwdpktlenmax,0.5328244566917419,0.5328244566917419
81343,Infilteration,Benign,False,3,ECE Flag Cnt,eceflagcnt,-0.42334219813346863,0.42334219813346863
81343,Infilteration,Benign,False,4,RST Flag Cnt,rstflagcnt,-0.39553913474082947,0.39553913474082947
81343,Infilteration,Benign,False,5,Bwd Pkt Len Max,bwdpktlenmax,0.21855074167251587,0.21855074167251587
83540,Infilteration,Benign,False,1,Fwd Pkt Len Max,fwdpktlenmax,-1.1186250448226929,1.1186250448226929
83540,Infilteration,Benign,False,2,Dst Port,dstport,0.664388120174408,0.664388120174408
83540,Infilteration,Benign,False,3,Fwd Pkt Len Mean,fwdpktlenmean,0.5947407484054565,0.5947407484054565
83540,Infilteration,Benign,False,4,Fwd Seg Size Min,fwdsegsizemin,-0.5066875219345093,0.5066875219345093
83540,Infilteration,Benign,False,5,Init Fwd Win Byts,initfwdwinbyts,0.19558914005756378,0.19558914005756378
95283,Infilteration,Infilteration,True,1,Fwd Header Len,fwdheaderlen,1.3314845561981201,1.3314845561981201
95283,Infilteration,Infilteration,True,2,Fwd Seg Size Min,fwdsegsizemin,0.9009230136871338,0.9009230136871338
95283,Infilteration,Infilteration,True,3,PSH Flag Cnt,pshflagcnt,0.485563188791275,0.485563188791275
95283,Infilteration,Infilteration,True,4,Fwd Pkt Len Max,fwdpktlenmax,-0.06657063961029053,0.06657063961029053
95283,Infilteration,Infilteration,True,5,Bwd Pkts/s,bwdpktss,0.06525105983018875,0.06525105983018875
98249,Infilteration,Benign,False,1,Flow Duration,flowduration,0.34489214420318604,0.34489214420318604
98249,Infilteration,Benign,False,2,RST Flag Cnt,rstflagcnt,-0.33635759353637695,0.33635759353637695
98249,Infilteration,Benign,False,3,ECE Flag Cnt,eceflagcnt,-0.3155256509780884,0.3155256509780884
98249,Infilteration,Benign,False,4,Fwd Pkt Len Max,fwdpktlenmax,0.3104698061943054,0.3104698061943054
98249,Infilteration,Benign,False,5,Init Fwd Win Byts,initfwdwinbyts,0.2663150429725647,0.2663150429725647
98394,Infilteration,Benign,False,1,Fwd Pkt Len Max,fwdpktlenmax,0.4066044092178345,0.4066044092178345
98394,Infilteration,Benign,False,2,Fwd IAT Tot,fwdiattot,0.3049171566963196,0.3049171566963196
98394,Infilteration,Benign,False,3,Init Fwd Win Byts,initfwdwinbyts,0.23958204686641693,0.23958204686641693
98394,Infilteration,Benign,False,4,Dst Port,dstport,0.15963467955589294,0.15963467955589294
98394,Infilteration,Benign,False,5,RST Flag Cnt,rstflagcnt,0.11179543286561966,0.11179543286561966
109251,Infilteration,Benign,False,1,Fwd Pkt Len Max,fwdpktlenmax,0.4160720109939575,0.4160720109939575
109251,Infilteration,Benign,False,2,Fwd IAT Tot,fwdiattot,0.290733277797699,0.290733277797699
109251,Infilteration,Benign,False,3,Init Fwd Win Byts,initfwdwinbyts,0.24289877712726593,0.24289877712726593
109251,Infilteration,Benign,False,4,Dst Port,dstport,0.1668771505355835,0.1668771505355835
109251,Infilteration,Benign,False,5,RST Flag Cnt,rstflagcnt,0.10534391552209854,0.10534391552209854
110863,Infilteration,Benign,False,1,Fwd Pkt Len Max,fwdpktlenmax,0.40655893087387085,0.40655893087387085
110863,Infilteration,Benign,False,2,Fwd IAT Tot,fwdiattot,0.2912568151950836,0.2912568151950836
110863,Infilteration,Benign,False,3,Init Fwd Win Byts,initfwdwinbyts,0.24506233632564545,0.24506233632564545
110863,Infilteration,Benign,False,4,Dst Port,dstport,0.17164023220539093,0.17164023220539093
110863,Infilteration,Benign,False,5,RST Flag Cnt,rstflagcnt,0.11081188172101974,0.11081188172101974
118883,Infilteration,Benign,False,1,Dst Port,dstport,0.561203122138977,0.561203122138977
118883,Infilteration,Benign,False,2,Fwd Pkt Len Max,fwdpktlenmax,0.40928301215171814,0.40928301215171814
118883,Infilteration,Benign,False,3,Bwd Pkt Len Mean,bwdpktlenmean,-0.22487181425094604,0.22487181425094604
118883,Infilteration,Benign,False,4,Init Fwd Win Byts,initfwdwinbyts,0.20360049605369568,0.20360049605369568
118883,Infilteration,Benign,False,5,Fwd Pkt Len Std,fwdpktlenstd,0.16927045583724976,0.16927045583724976
124505,Infilteration,Benign,False,1,Fwd Pkt Len Max,fwdpktlenmax,0.41087302565574646,0.41087302565574646
124505,Infilteration,Benign,False,2,Fwd IAT Tot,fwdiattot,0.2912433445453644,0.2912433445453644
124505,Infilteration,Benign,False,3,Init Fwd Win Byts,initfwdwinbyts,0.2474902868270874,0.2474902868270874
124505,Infilteration,Benign,False,4,Dst Port,dstport,0.17118042707443237,0.17118042707443237
124505,Infilteration,Benign,False,5,RST Flag Cnt,rstflagcnt,0.11078961193561554,0.11078961193561554
125655,Infilteration,Benign,False,1,Fwd Pkt Len Max,fwdpktlenmax,-1.2612476348876953,1.2612476348876953
125655,Infilteration,Benign,False,2,Fwd Pkt Len Mean,fwdpktlenmean,0.5823214054107666,0.5823214054107666
125655,Infilteration,Benign,False,3,Init Fwd Win Byts,initfwdwinbyts,0.4031006991863251,0.4031006991863251
125655,Infilteration,Benign,False,4,Bwd Pkts/s,bwdpktss,-0.20635901391506195,0.20635901391506195
125655,Infilteration,Benign,False,5,Dst Port,dstport,0.12559939920902252,0.12559939920902252
134703,Infilteration,Infilteration,True,1,Dst Port,dstport,1.2252429723739624,1.2252429723739624
134703,Infilteration,Infilteration,True,2,Flow IAT Max,flowiatmax,0.4823497235774994,0.4823497235774994
134703,Infilteration,Infilteration,True,3,Fwd Seg Size Min,fwdsegsizemin,-0.44390860199928284,0.44390860199928284
134703,Infilteration,Infilteration,True,4,ACK Flag Cnt,ackflagcnt,0.30313530564308167,0.30313530564308167
134703,Infilteration,Infilteration,True,5,Pkt Len Mean,pktlenmean,0.29215604066848755,0.29215604066848755
148614,Infilteration,Infilteration,True,1,Fwd Header Len,fwdheaderlen,1.3419822454452515,1.3419822454452515
148614,Infilteration,Infilteration,True,2,Fwd Seg Size Min,fwdsegsizemin,0.9662105441093445,0.9662105441093445
148614,Infilteration,Infilteration,True,3,PSH Flag Cnt,pshflagcnt,0.5059071779251099,0.5059071779251099
148614,Infilteration,Infilteration,True,4,Bwd Pkts/s,bwdpktss,0.07222665101289749,0.07222665101289749
148614,Infilteration,Infilteration,True,5,Fwd Pkt Len Max,fwdpktlenmax,-0.06902660429477692,0.06902660429477692
154291,Infilteration,Benign,False,1,Fwd Pkt Len Max,fwdpktlenmax,-1.1796914339065552,1.1796914339065552
154291,Infilteration,Benign,False,2,Dst Port,dstport,0.6687344908714294,0.6687344908714294
154291,Infilteration,Benign,False,3,Fwd Pkt Len Mean,fwdpktlenmean,0.5994831919670105,0.5994831919670105
154291,Infilteration,Benign,False,4,Fwd Seg Size Min,fwdsegsizemin,-0.5055411458015442,0.5055411458015442
154291,Infilteration,Benign,False,5,Fwd IAT Tot,fwdiattot,0.19491665065288544,0.19491665065288544
158206,Infilteration,Benign,False,1,Dst Port,dstport,0.5004004836082458,0.5004004836082458
158206,Infilteration,Benign,False,2,Fwd IAT Tot,fwdiattot,0.3056972920894623,0.3056972920894623
158206,Infilteration,Benign,False,3,Fwd Pkt Len Mean,fwdpktlenmean,0.3044463098049164,0.3044463098049164
158206,Infilteration,Benign,False,4,URG Flag Cnt,urgflagcnt,-0.2770732343196869,0.2770732343196869
158206,Infilteration,Benign,False,5,Fwd Pkt Len Max,fwdpktlenmax,-0.2742959260940552,0.2742959260940552
165573,Infilteration,Infilteration,True,1,Fwd Seg Size Min,fwdsegsizemin,0.876683235168457,0.876683235168457
165573,Infilteration,Infilteration,True,2,Fwd Header Len,fwdheaderlen,0.5955750942230225,0.5955750942230225
165573,Infilteration,Infilteration,True,3,Dst Port,dstport,0.5853102207183838,0.5853102207183838
165573,Infilteration,Infilteration,True,4,PSH Flag Cnt,pshflagcnt,0.3609316647052765,0.3609316647052765
165573,Infilteration,Infilteration,True,5,Init Fwd Win Byts,initfwdwinbyts,0.13840946555137634,0.13840946555137634
172712,Infilteration,Benign,False,1,Fwd Pkt Len Max,fwdpktlenmax,0.5086972117424011,0.5086972117424011
172712,Infilteration,Benign,False,2,Dst Port,dstport,0.3707055151462555,0.3707055151462555
172712,Infilteration,Benign,False,3,RST Flag Cnt,rstflagcnt,-0.24962353706359863,0.24962353706359863
172712,Infilteration,Benign,False,4,Fwd IAT Std,fwdiatstd,0.22699709236621857,0.22699709236621857
172712,Infilteration,Benign,False,5,Bwd Header Len,bwdheaderlen,0.1529417783021927,0.1529417783021927
176229,Infilteration,Benign,False,1,Fwd Pkt Len Max,fwdpktlenmax,-1.0393964052200317,1.0393964052200317
176229,Infilteration,Benign,False,2,Dst Port,dstport,0.95145183801651,0.95145183801651
176229,Infilteration,Benign,False,3,Fwd Pkt Len Mean,fwdpktlenmean,0.5741300582885742,0.5741300582885742
176229,Infilteration,Benign,False,4,Init Fwd Win Byts,initfwdwinbyts,0.3948017954826355,0.3948017954826355
176229,Infilteration,Benign,False,5,Flow IAT Min,flowiatmin,-0.22276179492473602,0.22276179492473602
190670,Infilteration,Benign,False,1,Fwd Pkt Len Max,fwdpktlenmax,0.37162137031555176,0.37162137031555176
190670,Infilteration,Benign,False,2,Fwd IAT Tot,fwdiattot,0.29493972659111023,0.29493972659111023
190670,Infilteration,Benign,False,3,Init Fwd Win Byts,initfwdwinbyts,0.23087342083454132,0.23087342083454132
190670,Infilteration,Benign,False,4,Dst Port,dstport,0.1638805866241455,0.1638805866241455
190670,Infilteration,Benign,False,5,ECE Flag Cnt,eceflagcnt,0.14825229346752167,0.14825229346752167
200623,Infilteration,Benign,False,1,Dst Port,dstport,0.5539968013763428,0.5539968013763428
200623,Infilteration,Benign,False,2,Fwd Pkt Len Max,fwdpktlenmax,0.3906362056732178,0.3906362056732178
200623,Infilteration,Benign,False,3,Bwd Pkt Len Mean,bwdpktlenmean,-0.22286880016326904,0.22286880016326904
200623,Infilteration,Benign,False,4,Init Fwd Win Byts,initfwdwinbyts,0.20340339839458466,0.20340339839458466
200623,Infilteration,Benign,False,5,Fwd Pkt Len Std,fwdpktlenstd,0.16927045583724976,0.16927045583724976
200894,Infilteration,Benign,False,1,Dst Port,dstport,0.4978102743625641,0.4978102743625641
200894,Infilteration,Benign,False,2,Fwd Pkt Len Max,fwdpktlenmax,0.28710442781448364,0.28710442781448364
200894,Infilteration,Benign,False,3,Fwd IAT Tot,fwdiattot,0.20324791967868805,0.20324791967868805
200894,Infilteration,Benign,False,4,Fwd Pkt Len Std,fwdpktlenstd,0.169320747256279,0.169320747256279
200894,Infilteration,Benign,False,5,Fwd Pkts/s,fwdpktss,-0.08502088487148285,0.08502088487148285
202802,Infilteration,Benign,False,1,Fwd Pkt Len Max,fwdpktlenmax,0.4102305769920349,0.4102305769920349
202802,Infilteration,Benign,False,2,Fwd IAT Tot,fwdiattot,0.2912384569644928,0.2912384569644928
202802,Infilteration,Benign,False,3,Init Fwd Win Byts,initfwdwinbyts,0.24846228957176208,0.24846228957176208
202802,Infilteration,Benign,False,4,Dst Port,dstport,0.1735723465681076,0.1735723465681076
202802,Infilteration,Benign,False,5,RST Flag Cnt,rstflagcnt,0.1116061881184578,0.1116061881184578
203089,Infilteration,Benign,False,1,Fwd Pkt Len Max,fwdpktlenmax,0.40871328115463257,0.40871328115463257
203089,Infilteration,Benign,False,2,Fwd IAT Tot,fwdiattot,0.3049188554286957,0.3049188554286957
203089,Infilteration,Benign,False,3,Init Fwd Win Byts,initfwdwinbyts,0.23900960385799408,0.23900960385799408
203089,Infilteration,Benign,False,4,Dst Port,dstport,0.14331163465976715,0.14331163465976715
203089,Infilteration,Benign,False,5,RST Flag Cnt,rstflagcnt,0.11093495786190033,0.11093495786190033
207578,Infilteration,Benign,False,1,Dst Port,dstport,0.6576636433601379,0.6576636433601379
207578,Infilteration,Benign,False,2,Fwd Pkt Len Mean,fwdpktlenmean,0.2762950360774994,0.2762950360774994
207578,Infilteration,Benign,False,3,Fwd IAT Tot,fwdiattot,0.26664671301841736,0.26664671301841736
207578,Infilteration,Benign,False,4,Fwd Pkt Len Max,fwdpktlenmax,-0.2626006305217743,0.2626006305217743
207578,Infilteration,Benign,False,5,Init Fwd Win Byts,initfwdwinbyts,-0.20661982893943787,0.20661982893943787
208642,Infilteration,Benign,False,1,Dst Port,dstport,1.6922979354858398,1.6922979354858398
208642,Infilteration,Benign,False,2,Fwd Pkt Len Max,fwdpktlenmax,-0.877617597579956,0.877617597579956
208642,Infilteration,Benign,False,3,Fwd Pkt Len Mean,fwdpktlenmean,0.5706995725631714,0.5706995725631714
208642,Infilteration,Benign,False,4,ECE Flag Cnt,eceflagcnt,-0.2931925356388092,0.2931925356388092
208642,Infilteration,Benign,False,5,Init Fwd Win Byts,initfwdwinbyts,0.14369380474090576,0.14369380474090576
222690,Infilteration,Benign,False,1,Dst Port,dstport,1.111196517944336,1.111196517944336
222690,Infilteration,Benign,False,2,Fwd Pkt Len Max,fwdpktlenmax,-0.7457755208015442,0.7457755208015442
222690,Infilteration,Benign,False,3,Fwd Pkt Len Mean,fwdpktlenmean,0.5510117411613464,0.5510117411613464
222690,Infilteration,Benign,False,4,Fwd IAT Tot,fwdiattot,0.32782959938049316,0.32782959938049316
222690,Infilteration,Benign,False,5,ECE Flag Cnt,eceflagcnt,-0.30684876441955566,0.30684876441955566
223721,Infilteration,Benign,False,1,Dst Port,dstport,0.6035375595092773,0.6035375595092773
223721,Infilteration,Benign,False,2,Fwd IAT Tot,fwdiattot,0.31678664684295654,0.31678664684295654
223721,Infilteration,Benign,False,3,Fwd Pkt Len Mean,fwdpktlenmean,0.3046492338180542,0.3046492338180542
223721,Infilteration,Benign,False,4,Init Fwd Win Byts,initfwdwinbyts,0.2844868004322052,0.2844868004322052
223721,Infilteration,Benign,False,5,URG Flag Cnt,urgflagcnt,-0.2770613729953766,0.2770613729953766
226182,Infilteration,Benign,False,1,Fwd Pkt Len Max,fwdpktlenmax,0.4047112762928009,0.4047112762928009
226182,Infilteration,Benign,False,2,Fwd IAT Tot,fwdiattot,0.2912340760231018,0.2912340760231018
226182,Infilteration,Benign,False,3,Init Fwd Win Byts,initfwdwinbyts,0.24511933326721191,0.24511933326721191
226182,Infilteration,Benign,False,4,Dst Port,dstport,0.17274941504001617,0.17274941504001617
226182,Infilteration,Benign,False,5,RST Flag Cnt,rstflagcnt,0.11165580153465271,0.11165580153465271
232823,Infilteration,Benign,False,1,Fwd Pkt Len Max,fwdpktlenmax,-1.1460882425308228,1.1460882425308228
232823,Infilteration,Benign,False,2,Dst Port,dstport,0.7157992124557495,0.7157992124557495
232823,Infilteration,Benign,False,3,Fwd Seg Size Min,fwdsegsizemin,-0.6289180517196655,0.6289180517196655
232823,Infilteration,Benign,False,4,Fwd Pkt Len Mean,fwdpktlenmean,0.5994895696640015,0.5994895696640015
232823,Infilteration,Benign,False,5,Fwd IAT Tot,fwdiattot,0.19491659104824066,0.19491659104824066
246025,Infilteration,Benign,False,1,Fwd Pkt Len Max,fwdpktlenmax,0.40844786167144775,0.40844786167144775
246025,Infilteration,Benign,False,2,Fwd IAT Tot,fwdiattot,0.3027532696723938,0.3027532696723938
246025,Infilteration,Benign,False,3,Init Fwd Win Byts,initfwdwinbyts,0.24314846098423004,0.24314846098423004
246025,Infilteration,Benign,False,4,ECE Flag Cnt,eceflagcnt,0.12808334827423096,0.12808334827423096
246025,Infilteration,Benign,False,5,Dst Port,dstport,0.1232704222202301,0.1232704222202301
250559,Infilteration,Benign,False,1,Dst Port,dstport,0.7150706052780151,0.7150706052780151
250559,Infilteration,Benign,False,2,Fwd Pkt Len Max,fwdpktlenmax,-0.4473646581172943,0.4473646581172943
250559,Infilteration,Benign,False,3,Fwd Pkt Len Mean,fwdpktlenmean,0.3897688686847687,0.3897688686847687
250559,Infilteration,Benign,False,4,Fwd IAT Tot,fwdiattot,0.3556342124938965,0.3556342124938965
250559,Infilteration,Benign,False,5,Fwd Seg Size Min,fwdsegsizemin,0.12642040848731995,0.12642040848731995
252669,Infilteration,Infilteration,True,1,Fwd Header Len,fwdheaderlen,1.3235164880752563,1.3235164880752563
252669,Infilteration,Infilteration,True,2,Fwd Seg Size Min,fwdsegsizemin,0.9056389331817627,0.9056389331817627
252669,Infilteration,Infilteration,True,3,PSH Flag Cnt,pshflagcnt,0.6132636666297913,0.6132636666297913
252669,Infilteration,Infilteration,True,4,Dst Port,dstport,-0.12728706002235413,0.12728706002235413
252669,Infilteration,Infilteration,True,5,Fwd Pkt Len Max,fwdpktlenmax,-0.06571435928344727,0.06571435928344727
255685,Infilteration,Benign,False,1,Dst Port,dstport,0.6971282958984375,0.6971282958984375
255685,Infilteration,Benign,False,2,Fwd Pkt Len Max,fwdpktlenmax,0.5773254632949829,0.5773254632949829
255685,Infilteration,Benign,False,3,RST Flag Cnt,rstflagcnt,-0.39779412746429443,0.39779412746429443
255685,Infilteration,Benign,False,4,ECE Flag Cnt,eceflagcnt,-0.3810979425907135,0.3810979425907135
255685,Infilteration,Benign,False,5,Bwd Pkt Len Max,bwdpktlenmax,0.24538084864616394,0.24538084864616394
270265,Infilteration,Infilteration,True,1,Fwd Header Len,fwdheaderlen,1.350502371788025,1.350502371788025
270265,Infilteration,Infilteration,True,2,Fwd Seg Size Min,fwdsegsizemin,0.9485607743263245,0.9485607743263245
270265,Infilteration,Infilteration,True,3,PSH Flag Cnt,pshflagcnt,0.5463513135910034,0.5463513135910034
270265,Infilteration,Infilteration,True,4,Fwd Pkt Len Max,fwdpktlenmax,-0.06831052899360657,0.06831052899360657
270265,Infilteration,Infilteration,True,5,Dst Port,dstport,-0.05903357267379761,0.05903357267379761
278766,Infilteration,Benign,False,1,Fwd Pkt Len Max,fwdpktlenmax,0.7291746735572815,0.7291746735572815
278766,Infilteration,Benign,False,2,Dst Port,dstport,0.26658084988594055,0.26658084988594055
278766,Infilteration,Benign,False,3,Init Fwd Win Byts,initfwdwinbyts,0.2503715455532074,0.2503715455532074
278766,Infilteration,Benign,False,4,RST Flag Cnt,rstflagcnt,0.1209799125790596,0.1209799125790596
278766,Infilteration,Benign,False,5,Bwd Pkts/s,bwdpktss,-0.07413285970687866,0.07413285970687866
284638,Infilteration,Benign,False,1,Dst Port,dstport,0.7174425721168518,0.7174425721168518
284638,Infilteration,Benign,False,2,Fwd Pkt Len Max,fwdpktlenmax,-0.6330634951591492,0.6330634951591492
284638,Infilteration,Benign,False,3,Fwd Pkt Len Mean,fwdpktlenmean,0.5745512843132019,0.5745512843132019
284638,Infilteration,Benign,False,4,Fwd IAT Std,fwdiatstd,0.5726978778839111,0.5726978778839111
284638,Infilteration,Benign,False,5,ECE Flag Cnt,eceflagcnt,-0.2919933795928955,0.2919933795928955
294098,Infilteration,Benign,False,1,Dst Port,dstport,0.5639662742614746,0.5639662742614746
294098,Infilteration,Benign,False,2,Fwd Pkt Len Max,fwdpktlenmax,0.40413862466812134,0.40413862466812134
294098,Infilteration,Benign,False,3,Bwd Pkt Len Mean,bwdpktlenmean,-0.22495773434638977,0.22495773434638977
294098,Infilteration,Benign,False,4,Init Fwd Win Byts,initfwdwinbyts,0.20665477216243744,0.20665477216243744
294098,Infilteration,Benign,False,5,Fwd Pkt Len Std,fwdpktlenstd,0.16964152455329895,0.16964152455329895
295395,Infilteration,Benign,False,1,ECE Flag Cnt,eceflagcnt,-0.4109865128993988,0.4109865128993988
295395,Infilteration,Benign,False,2,Dst Port,dstport,0.38155367970466614,0.38155367970466614
295395,Infilteration,Benign,False,3,RST Flag Cnt,rstflagcnt,-0.3665662109851837,0.3665662109851837
295395,Infilteration,Benign,False,4,Fwd Pkt Len Max,fwdpktlenmax,0.2821262776851654,0.2821262776851654
295395,Infilteration,Benign,False,5,Bwd Pkt Len Max,bwdpktlenmax,0.2402915358543396,0.2402915358543396
297623,Infilteration,Benign,False,1,Fwd Pkt Len Max,fwdpktlenmax,0.5274098515510559,0.5274098515510559
297623,Infilteration,Benign,False,2,Dst Port,dstport,0.4025056064128876,0.4025056064128876
297623,Infilteration,Benign,False,3,RST Flag Cnt,rstflagcnt,-0.2699868977069855,0.2699868977069855
297623,Infilteration,Benign,False,4,Fwd IAT Std,fwdiatstd,0.2663222551345825,0.2663222551345825
297623,Infilteration,Benign,False,5,Bwd Header Len,bwdheaderlen,0.1802152693271637,0.1802152693271637
312727,Infilteration,Benign,False,1,Fwd Pkt Len Max,fwdpktlenmax,1.154558777809143,1.154558777809143
312727,Infilteration,Benign,False,2,RST Flag Cnt,rstflagcnt,-0.36981019377708435,0.36981019377708435
312727,Infilteration,Benign,False,3,Init Fwd Win Byts,initfwdwinbyts,0.35680675506591797,0.35680675506591797
312727,Infilteration,Benign,False,4,ECE Flag Cnt,eceflagcnt,-0.3025491535663605,0.3025491535663605
312727,Infilteration,Benign,False,5,Bwd Pkt Len Std,bwdpktlenstd,0.08632060885429382,0.08632060885429382
314695,Infilteration,Benign,False,1,Fwd Pkt Len Max,fwdpktlenmax,0.406980961561203,0.406980961561203
314695,Infilteration,Benign,False,2,Fwd IAT Tot,fwdiattot,0.291232705116272,0.291232705116272
314695,Infilteration,Benign,False,3,Init Fwd Win Byts,initfwdwinbyts,0.24393871426582336,0.24393871426582336
314695,Infilteration,Benign,False,4,Dst Port,dstport,0.17171470820903778,0.17171470820903778
314695,Infilteration,Benign,False,5,RST Flag Cnt,rstflagcnt,0.11081027239561081,0.11081027239561081
315095,Infilteration,Benign,False,1,ECE Flag Cnt,eceflagcnt,-0.4215995967388153,0.4215995967388153
315095,Infilteration,Benign,False,2,RST Flag Cnt,rstflagcnt,-0.41712698340415955,0.41712698340415955
315095,Infilteration,Benign,False,3,Flow Duration,flowduration,0.3528130054473877,0.3528130054473877
315095,Infilteration,Benign,False,4,Fwd Pkt Len Max,fwdpktlenmax,0.27694207429885864,0.27694207429885864
315095,Infilteration,Benign,False,5,Init Fwd Win Byts,initfwdwinbyts,0.26629531383514404,0.26629531383514404
321646,Infilteration,Benign,False,1,Dst Port,dstport,0.6975979804992676,0.6975979804992676
321646,Infilteration,Benign,False,2,Fwd Pkt Len Mean,fwdpktlenmean,0.39413395524024963,0.39413395524024963
321646,Infilteration,Benign,False,3,Fwd Pkt Len Max,fwdpktlenmax,-0.380033940076828,0.380033940076828
321646,Infilteration,Benign,False,4,Fwd IAT Tot,fwdiattot,0.3112499713897705,0.3112499713897705
321646,Infilteration,Benign,False,5,Init Fwd Win Byts,initfwdwinbyts,0.20209568738937378,0.20209568738937378
330667,Infilteration,Benign,False,1,Dst Port,dstport,0.8393130898475647,0.8393130898475647
330667,Infilteration,Benign,False,2,Fwd Pkt Len Max,fwdpktlenmax,-0.8015860915184021,0.8015860915184021
330667,Infilteration,Benign,False,3,Fwd IAT Std,fwdiatstd,0.5978865623474121,0.5978865623474121
330667,Infilteration,Benign,False,4,Fwd Pkt Len Mean,fwdpktlenmean,0.5796273350715637,0.5796273350715637
330667,Infilteration,Benign,False,5,Flow IAT Min,flowiatmin,0.2327590137720108,0.2327590137720108
348185,Infilteration,Benign,False,1,RST Flag Cnt,rstflagcnt,-0.40094098448753357,0.40094098448753357
348185,Infilteration,Benign,False,2,ECE Flag Cnt,eceflagcnt,-0.3968513011932373,0.3968513011932373
348185,Infilteration,Benign,False,3,Dst Port,dstport,0.36988261342048645,0.36988261342048645
348185,Infilteration,Benign,False,4,Fwd Pkt Len Max,fwdpktlenmax,0.28841647505760193,0.28841647505760193
348185,Infilteration,Benign,False,5,Flow Duration,flowduration,0.2508058249950409,0.2508058249950409
352085,Infilteration,Benign,False,1,Fwd Pkt Len Max,fwdpktlenmax,0.40902483463287354,0.40902483463287354
352085,Infilteration,Benign,False,2,Fwd IAT Tot,fwdiattot,0.3048584759235382,0.3048584759235382
352085,Infilteration,Benign,False,3,Init Fwd Win Byts,initfwdwinbyts,0.2385621964931488,0.2385621964931488
352085,Infilteration,Benign,False,4,Dst Port,dstport,0.14680825173854828,0.14680825173854828
352085,Infilteration,Benign,False,5,ECE Flag Cnt,eceflagcnt,0.12779204547405243,0.12779204547405243
359605,Infilteration,Benign,False,1,Fwd Pkt Len Max,fwdpktlenmax,0.6089982986450195,0.6089982986450195
359605,Infilteration,Benign,False,2,Dst Port,dstport,0.41660723090171814,0.41660723090171814
359605,Infilteration,Benign,False,3,Fwd IAT Std,fwdiatstd,0.26765167713165283,0.26765167713165283
359605,Infilteration,Benign,False,4,RST Flag Cnt,rstflagcnt,-0.22873270511627197,0.22873270511627197
359605,Infilteration,Benign,False,5,Bwd Header Len,bwdheaderlen,0.184653639793396,0.184653639793396
384104,Infilteration,Benign,False,1,ECE Flag Cnt,eceflagcnt,-0.3782424330711365,0.3782424330711365
384104,Infilteration,Benign,False,2,Dst Port,dstport,0.3669760823249817,0.3669760823249817
384104,Infilteration,Benign,False,3,RST Flag Cnt,rstflagcnt,-0.3445867896080017,0.3445867896080017
384104,Infilteration,Benign,False,4,Fwd Pkt Len Max,fwdpktlenmax,0.3095896244049072,0.3095896244049072
384104,Infilteration,Benign,False,5,Flow Duration,flowduration,0.25466376543045044,0.25466376543045044
396205,Infilteration,Benign,False,1,Fwd Pkt Len Max,fwdpktlenmax,0.5202516317367554,0.5202516317367554
396205,Infilteration,Benign,False,2,Dst Port,dstport,0.41211315989494324,0.41211315989494324
396205,Infilteration,Benign,False,3,RST Flag Cnt,rstflagcnt,-0.2715736925601959,0.2715736925601959
396205,Infilteration,Benign,False,4,Fwd IAT Std,fwdiatstd,0.26680269837379456,0.26680269837379456
396205,Infilteration,Benign,False,5,Bwd Header Len,bwdheaderlen,0.17917390167713165,0.17917390167713165
400666,Infilteration,Benign,False,1,Fwd Pkt Len Max,fwdpktlenmax,0.42549604177474976,0.42549604177474976
400666,Infilteration,Benign,False,2,Fwd IAT Tot,fwdiattot,0.29572126269340515,0.29572126269340515
400666,Infilteration,Benign,False,3,Init Fwd Win Byts,initfwdwinbyts,0.2462257742881775,0.2462257742881775
400666,Infilteration,Benign,False,4,Dst Port,dstport,0.1681518703699112,0.1681518703699112
400666,Infilteration,Benign,False,5,RST Flag Cnt,rstflagcnt,0.0996231734752655,0.0996231734752655
406788,Infilteration,Infilteration,True,1,Fwd Header Len,fwdheaderlen,1.3360602855682373,1.3360602855682373
406788,Infilteration,Infilteration,True,2,Fwd Seg Size Min,fwdsegsizemin,0.9518705606460571,0.9518705606460571
406788,Infilteration,Infilteration,True,3,PSH Flag Cnt,pshflagcnt,0.5237292051315308,0.5237292051315308
406788,Infilteration,Infilteration,True,4,Fwd Pkt Len Max,fwdpktlenmax,-0.06876887381076813,0.06876887381076813
406788,Infilteration,Infilteration,True,5,Dst Port,dstport,-0.06816348433494568,0.06816348433494568
409793,Infilteration,Benign,False,1,Fwd Pkt Len Max,fwdpktlenmax,-1.1186329126358032,1.1186329126358032
409793,Infilteration,Benign,False,2,Dst Port,dstport,0.6646854281425476,0.6646854281425476
409793,Infilteration,Benign,False,3,Fwd Pkt Len Mean,fwdpktlenmean,0.5947386622428894,0.5947386622428894
409793,Infilteration,Benign,False,4,Fwd Seg Size Min,fwdsegsizemin,-0.5066874623298645,0.5066874623298645
409793,Infilteration,Benign,False,5,Init Fwd Win Byts,initfwdwinbyts,0.1955881416797638,0.1955881416797638
421356,Infilteration,Benign,False,1,Fwd Pkt Len Max,fwdpktlenmax,0.42713019251823425,0.42713019251823425
421356,Infilteration,Benign,False,2,Fwd IAT Tot,fwdiattot,0.3040590286254883,0.3040590286254883
421356,Infilteration,Benign,False,3,Init Fwd Win Byts,initfwdwinbyts,0.24994014203548431,0.24994014203548431
421356,Infilteration,Benign,False,4,Dst Port,dstport,0.1655101478099823,0.1655101478099823
421356,Infilteration,Benign,False,5,RST Flag Cnt,rstflagcnt,0.1117902547121048,0.1117902547121048
433226,Infilteration,Benign,False,1,Fwd Pkt Len Max,fwdpktlenmax,0.40332910418510437,0.40332910418510437
433226,Infilteration,Benign,False,2,Fwd IAT Tot,fwdiattot,0.3176416754722595,0.3176416754722595
433226,Infilteration,Benign,False,3,Init Fwd Win Byts,initfwdwinbyts,0.22448566555976868,0.22448566555976868
433226,Infilteration,Benign,False,4,Dst Port,dstport,0.14654968678951263,0.14654968678951263
433226,Infilteration,Benign,False,5,ECE Flag Cnt,eceflagcnt,0.12353634089231491,0.12353634089231491
441871,Infilteration,Benign,False,1,Dst Port,dstport,0.5028469562530518,0.5028469562530518
441871,Infilteration,Benign,False,2,Fwd Pkt Len Max,fwdpktlenmax,0.42765748500823975,0.42765748500823975
441871,Infilteration,Benign,False,3,RST Flag Cnt,rstflagcnt,-0.389419823884964,0.389419823884964
441871,Infilteration,Benign,False,4,ECE Flag Cnt,eceflagcnt,-0.36111754179000854,0.36111754179000854
441871,Infilteration,Benign,False,5,Fwd IAT Std,fwdiatstd,0.265142023563385,0.265142023563385
457162,Infilteration,Benign,False,1,Fwd Pkt Len Max,fwdpktlenmax,0.4171929657459259,0.4171929657459259
457162,Infilteration,Benign,False,2,Fwd IAT Tot,fwdiattot,0.293889582157135,0.293889582157135
457162,Infilteration,Benign,False,3,Init Fwd Win Byts,initfwdwinbyts,0.24923790991306305,0.24923790991306305
457162,Infilteration,Benign,False,4,Dst Port,dstport,0.17290018498897552,0.17290018498897552
457162,Infilteration,Benign,False,5,RST Flag Cnt,rstflagcnt,0.11178093403577805,0.11178093403577805
458616,Infilteration,Benign,False,1,Dst Port,dstport,1.3588416576385498,1.3588416576385498
458616,Infilteration,Benign,False,2,Fwd Pkt Len Max,fwdpktlenmax,-1.0360153913497925,1.0360153913497925
458616,Infilteration,Benign,False,3,Fwd Pkt Len Mean,fwdpktlenmean,0.5954675078392029,0.5954675078392029
458616,Infilteration,Benign,False,4,Init Fwd Win Byts,initfwdwinbyts,0.30207526683807373,0.30207526683807373
458616,Infilteration,Benign,False,5,Flow IAT Min,flowiatmin,0.1360822319984436,0.1360822319984436
464943,Infilteration,Infilteration,True,1,Fwd Header Len,fwdheaderlen,1.339560866355896,1.339560866355896
464943,Infilteration,Infilteration,True,2,Fwd Seg Size Min,fwdsegsizemin,0.9011984467506409,0.9011984467506409
464943,Infilteration,Infilteration,True,3,PSH Flag Cnt,pshflagcnt,0.49644044041633606,0.49644044041633606
464943,Infilteration,Infilteration,True,4,Fwd Pkt Len Max,fwdpktlenmax,-0.06679238379001617,0.06679238379001617
464943,Infilteration,Infilteration,True,5,Bwd Pkts/s,bwdpktss,0.06527622789144516,0.06527622789144516
472146,Infilteration,Infilteration,True,1,Flow IAT Max,flowiatmax,0.9932466745376587,0.9932466745376587
472146,Infilteration,Infilteration,True,2,Fwd Seg Size Min,fwdsegsizemin,0.7324258089065552,0.7324258089065552
472146,Infilteration,Infilteration,True,3,Fwd Header Len,fwdheaderlen,0.6233543753623962,0.6233543753623962
472146,Infilteration,Infilteration,True,4,Dst Port,dstport,0.4586576521396637,0.4586576521396637
472146,Infilteration,Infilteration,True,5,PSH Flag Cnt,pshflagcnt,0.22842217981815338,0.22842217981815338
478207,Infilteration,Benign,False,1,Fwd Pkt Len Max,fwdpktlenmax,-1.1796914339065552,1.1796914339065552
478207,Infilteration,Benign,False,2,Dst Port,dstport,0.6687344908714294,0.6687344908714294
478207,Infilteration,Benign,False,3,Fwd Pkt Len Mean,fwdpktlenmean,0.5994831919670105,0.5994831919670105
478207,Infilteration,Benign,False,4,Fwd Seg Size Min,fwdsegsizemin,-0.5055411458015442,0.5055411458015442
478207,Infilteration,Benign,False,5,Fwd IAT Tot,fwdiattot,0.19491665065288544,0.19491665065288544
479119,Infilteration,Benign,False,1,Fwd Pkt Len Max,fwdpktlenmax,0.5166861414909363,0.5166861414909363
479119,Infilteration,Benign,False,2,ECE Flag Cnt,eceflagcnt,-0.426191121339798,0.426191121339798
479119,Infilteration,Benign,False,3,RST Flag Cnt,rstflagcnt,-0.3868730962276459,0.3868730962276459
479119,Infilteration,Benign,False,4,Fwd IAT Std,fwdiatstd,0.35128581523895264,0.35128581523895264
479119,Infilteration,Benign,False,5,Init Fwd Win Byts,initfwdwinbyts,0.2675078213214874,0.2675078213214874
480885,Infilteration,Benign,False,1,Fwd Pkt Len Max,fwdpktlenmax,-1.1186329126358032,1.1186329126358032
480885,Infilteration,Benign,False,2,Dst Port,dstport,0.6646854281425476,0.6646854281425476
480885,Infilteration,Benign,False,3,Fwd Pkt Len Mean,fwdpktlenmean,0.5947386622428894,0.5947386622428894
480885,Infilteration,Benign,False,4,Fwd Seg Size Min,fwdsegsizemin,-0.5066874623298645,0.5066874623298645
480885,Infilteration,Benign,False,5,Init Fwd Win Byts,initfwdwinbyts,0.1955881416797638,0.1955881416797638
488637,Infilteration,Infilteration,True,1,Flow IAT Max,flowiatmax,0.9959511160850525,0.9959511160850525
488637,Infilteration,Infilteration,True,2,Fwd Seg Size Min,fwdsegsizemin,0.8649893999099731,0.8649893999099731
488637,Infilteration,Infilteration,True,3,Fwd Header Len,fwdheaderlen,0.6718056797981262,0.6718056797981262
488637,Infilteration,Infilteration,True,4,Dst Port,dstport,0.4785633087158203,0.4785633087158203
488637,Infilteration,Infilteration,True,5,PSH Flag Cnt,pshflagcnt,0.2474440485239029,0.2474440485239029
497001,Infilteration,Benign,False,1,Fwd Pkt Len Max,fwdpktlenmax,-1.162248969078064,1.162248969078064
497001,Infilteration,Benign,False,2,Dst Port,dstport,0.6705030202865601,0.6705030202865601
497001,Infilteration,Benign,False,3,Fwd Pkt Len Mean,fwdpktlenmean,0.5984802842140198,0.5984802842140198
497001,Infilteration,Benign,False,4,Fwd Seg Size Min,fwdsegsizemin,-0.5032804608345032,0.5032804608345032
497001,Infilteration,Benign,False,5,Init Fwd Win Byts,initfwdwinbyts,0.19685576856136322,0.19685576856136322
510189,Infilteration,Benign,False,1,Dst Port,dstport,0.867158055305481,0.867158055305481
510189,Infilteration,Benign,False,2,Fwd Pkt Len Max,fwdpktlenmax,-0.7988663911819458,0.7988663911819458
510189,Infilteration,Benign,False,3,Fwd IAT Std,fwdiatstd,0.6009846329689026,0.6009846329689026
510189,Infilteration,Benign,False,4,Fwd Pkt Len Mean,fwdpktlenmean,0.5753942728042603,0.5753942728042603
510189,Infilteration,Benign,False,5,Flow IAT Min,flowiatmin,0.18415845930576324,0.18415845930576324
534321,Infilteration,Benign,False,1,Dst Port,dstport,0.5812135338783264,0.5812135338783264
534321,Infilteration,Benign,False,2,Flow Duration,flowduration,0.4759889841079712,0.4759889841079712
534321,Infilteration,Benign,False,3,Fwd Pkt Len Max,fwdpktlenmax,-0.24931855499744415,0.24931855499744415
534321,Infilteration,Benign,False,4,Init Fwd Win Byts,initfwdwinbyts,0.23354126513004303,0.23354126513004303
534321,Infilteration,Benign,False,5,Fwd Pkts/s,fwdpktss,0.12039121240377426,0.12039121240377426
540297,Infilteration,Benign,False,1,Fwd Pkt Len Max,fwdpktlenmax,0.37340617179870605,0.37340617179870605
540297,Infilteration,Benign,False,2,Fwd IAT Tot,fwdiattot,0.2936386466026306,0.2936386466026306
540297,Infilteration,Benign,False,3,Init Fwd Win Byts,initfwdwinbyts,0.22085849940776825,0.22085849940776825
540297,Infilteration,Benign,False,4,Dst Port,dstport,0.167231485247612,0.167231485247612
540297,Infilteration,Benign,False,5,ECE Flag Cnt,eceflagcnt,0.14811669290065765,0.14811669290065765
552417,Infilteration,Infilteration,True,1,Fwd Header Len,fwdheaderlen,1.246315598487854,1.246315598487854
552417,Infilteration,Infilteration,True,2,Fwd Seg Size Min,fwdsegsizemin,0.7721466422080994,0.7721466422080994
552417,Infilteration,Infilteration,True,3,PSH Flag Cnt,pshflagcnt,0.48540574312210083,0.48540574312210083
552417,Infilteration,Infilteration,True,4,Fwd Pkt Len Max,fwdpktlenmax,-0.06587141752243042,0.06587141752243042
552417,Infilteration,Infilteration,True,5,Bwd Pkts/s,bwdpktss,-0.06557829678058624,0.06557829678058624
552907,Infilteration,Benign,False,1,Fwd Pkt Len Max,fwdpktlenmax,-1.1624523401260376,1.1624523401260376
552907,Infilteration,Benign,False,2,Dst Port,dstport,0.6719608902931213,0.6719608902931213
552907,Infilteration,Benign,False,3,Fwd Pkt Len Mean,fwdpktlenmean,0.5984802842140198,0.5984802842140198
552907,Infilteration,Benign,False,4,Fwd Seg Size Min,fwdsegsizemin,-0.5044756531715393,0.5044756531715393
552907,Infilteration,Benign,False,5,Init Fwd Win Byts,initfwdwinbyts,0.19660042226314545,0.19660042226314545
556391,Infilteration,Benign,False,1,Fwd Pkt Len Max,fwdpktlenmax,0.4443427324295044,0.4443427324295044
556391,Infilteration,Benign,False,2,Dst Port,dstport,0.33595678210258484,0.33595678210258484
556391,Infilteration,Benign,False,3,Bwd IAT Min,bwdiatmin,-0.284878671169281,0.284878671169281
556391,Infilteration,Benign,False,4,Fwd IAT Std,fwdiatstd,0.26942017674446106,0.26942017674446106
556391,Infilteration,Benign,False,5,Init Fwd Win Byts,initfwdwinbyts,0.1089601218700409,0.1089601218700409
557853,Infilteration,Benign,False,1,Fwd Pkt Len Max,fwdpktlenmax,0.37258684635162354,0.37258684635162354
557853,Infilteration,Benign,False,2,Fwd IAT Tot,fwdiattot,0.2936386466026306,0.2936386466026306
557853,Infilteration,Benign,False,3,Init Fwd Win Byts,initfwdwinbyts,0.22007444500923157,0.22007444500923157
557853,Infilteration,Benign,False,4,Dst Port,dstport,0.16573627293109894,0.16573627293109894
557853,Infilteration,Benign,False,5,ECE Flag Cnt,eceflagcnt,0.14800778031349182,0.14800778031349182
569261,Infilteration,Benign,False,1,Dst Port,dstport,0.4996124505996704,0.4996124505996704
569261,Infilteration,Benign,False,2,Fwd Pkt Len Max,fwdpktlenmax,0.4122886657714844,0.4122886657714844
569261,Infilteration,Benign,False,3,ECE Flag Cnt,eceflagcnt,-0.4046168029308319,0.4046168029308319
569261,Infilteration,Benign,False,4,RST Flag Cnt,rstflagcnt,-0.39033475518226624,0.39033475518226624
569261,Infilteration,Benign,False,5,Fwd IAT Std,fwdiatstd,0.25624775886535645,0.25624775886535645
576155,Infilteration,Benign,False,1,Dst Port,dstport,1.0341439247131348,1.0341439247131348
576155,Infilteration,Benign,False,2,Fwd Pkt Len Max,fwdpktlenmax,-0.47059181332588196,0.47059181332588196
576155,Infilteration,Benign,False,3,Fwd Pkt Len Mean,fwdpktlenmean,0.27242258191108704,0.27242258191108704
576155,Infilteration,Benign,False,4,Flow IAT Min,flowiatmin,-0.22987961769104004,0.22987961769104004
576155,Infilteration,Benign,False,5,Init Fwd Win Byts,initfwdwinbyts,-0.21327455341815948,0.21327455341815948
581941,Infilteration,Benign,False,1,Fwd Pkt Len Max,fwdpktlenmax,-1.0894089937210083,1.0894089937210083
581941,Infilteration,Benign,False,2,Dst Port,dstport,0.6593884229660034,0.6593884229660034
581941,Infilteration,Benign,False,3,Fwd Seg Size Min,fwdsegsizemin,-0.6228713393211365,0.6228713393211365
581941,Infilteration,Benign,False,4,Fwd Pkt Len Mean,fwdpktlenmean,0.594756543636322,0.594756543636322
581941,Infilteration,Benign,False,5,Fwd IAT Tot,fwdiattot,0.20362965762615204,0.20362965762615204
583406,Infilteration,Benign,False,1,Fwd Pkt Len Max,fwdpktlenmax,0.4101867973804474,0.4101867973804474
583406,Infilteration,Benign,False,2,Fwd IAT Tot,fwdiattot,0.2912384569644928,0.2912384569644928
583406,Infilteration,Benign,False,3,Init Fwd Win Byts,initfwdwinbyts,0.24850255250930786,0.24850255250930786
583406,Infilteration,Benign,False,4,Dst Port,dstport,0.1735774129629135,0.1735774129629135
583406,Infilteration,Benign,False,5,RST Flag Cnt,rstflagcnt,0.1116061881184578,0.1116061881184578
585066,Infilteration,Benign,False,1,Fwd Pkt Len Max,fwdpktlenmax,0.6153945922851562,0.6153945922851562
585066,Infilteration,Benign,False,2,Dst Port,dstport,0.35674619674682617,0.35674619674682617
585066,Infilteration,Benign,False,3,Fwd IAT Std,fwdiatstd,0.2742792069911957,0.2742792069911957
585066,Infilteration,Benign,False,4,Init Fwd Win Byts,initfwdwinbyts,0.18707111477851868,0.18707111477851868
585066,Infilteration,Benign,False,5,Bwd Pkt Len Std,bwdpktlenstd,0.15459179878234863,0.15459179878234863
598110,Infilteration,Benign,False,1,Fwd IAT Std,fwdiatstd,1.261397123336792,1.261397123336792
598110,Infilteration,Benign,False,2,Fwd Pkt Len Max,fwdpktlenmax,-0.7592747807502747,0.7592747807502747
598110,Infilteration,Benign,False,3,Fwd Pkt Len Mean,fwdpktlenmean,0.5693575143814087,0.5693575143814087
598110,Infilteration,Benign,False,4,ECE Flag Cnt,eceflagcnt,-0.27954304218292236,0.27954304218292236
598110,Infilteration,Benign,False,5,RST Flag Cnt,rstflagcnt,-0.19663818180561066,0.19663818180561066
611124,Infilteration,Benign,False,1,Fwd Pkt Len Max,fwdpktlenmax,0.39552468061447144,0.39552468061447144
611124,Infilteration,Benign,False,2,Fwd IAT Tot,fwdiattot,0.3111877143383026,0.3111877143383026
611124,Infilteration,Benign,False,3,Init Fwd Win Byts,initfwdwinbyts,0.23782463371753693,0.23782463371753693
611124,Infilteration,Benign,False,4,ECE Flag Cnt,eceflagcnt,0.14858020842075348,0.14858020842075348
611124,Infilteration,Benign,False,5,Dst Port,dstport,0.12282509356737137,0.12282509356737137
616267,Infilteration,Infilteration,True,1,Flow IAT Min,flowiatmin,0.550493597984314,0.550493597984314
616267,Infilteration,Infilteration,True,2,Dst Port,dstport,0.5346245169639587,0.5346245169639587
616267,Infilteration,Infilteration,True,3,Fwd Seg Size Min,fwdsegsizemin,0.3734672963619232,0.3734672963619232
616267,Infilteration,Infilteration,True,4,Fwd Pkts/s,fwdpktss,0.2388014942407608,0.2388014942407608
616267,Infilteration,Infilteration,True,5,Tot Fwd Pkts,totfwdpkts,0.1595614105463028,0.1595614105463028
633493,Infilteration,Infilteration,True,1,Fwd Header Len,fwdheaderlen,1.324333667755127,1.324333667755127
633493,Infilteration,Infilteration,True,2,Fwd Seg Size Min,fwdsegsizemin,0.8977465033531189,0.8977465033531189
633493,Infilteration,Infilteration,True,3,PSH Flag Cnt,pshflagcnt,0.613449215888977,0.613449215888977
633493,Infilteration,Infilteration,True,4,Dst Port,dstport,-0.12741252779960632,0.12741252779960632
633493,Infilteration,Infilteration,True,5,Fwd Pkt Len Max,fwdpktlenmax,-0.06363044679164886,0.06363044679164886
649006,Infilteration,Benign,False,1,Fwd Pkt Len Max,fwdpktlenmax,0.42694130539894104,0.42694130539894104
649006,Infilteration,Benign,False,2,Fwd IAT Tot,fwdiattot,0.3040637969970703,0.3040637969970703
649006,Infilteration,Benign,False,3,Init Fwd Win Byts,initfwdwinbyts,0.24676403403282166,0.24676403403282166
649006,Infilteration,Benign,False,4,Dst Port,dstport,0.1637519896030426,0.1637519896030426
649006,Infilteration,Benign,False,5,RST Flag Cnt,rstflagcnt,0.1109447255730629,0.1109447255730629
653096,Infilteration,Benign,False,1,Fwd Pkt Len Max,fwdpktlenmax,-1.1334333419799805,1.1334333419799805
653096,Infilteration,Benign,False,2,Dst Port,dstport,0.7096379995346069,0.7096379995346069
653096,Infilteration,Benign,False,3,Fwd Seg Size Min,fwdsegsizemin,-0.6278525590896606,0.6278525590896606
653096,Infilteration,Benign,False,4,Fwd Pkt Len Mean,fwdpktlenmean,0.5984866619110107,0.5984866619110107
653096,Infilteration,Benign,False,5,Fwd IAT Tot,fwdiattot,0.19491659104824066,0.19491659104824066
654121,Infilteration,Benign,False,1,Dst Port,dstport,0.4538630545139313,0.4538630545139313
654121,Infilteration,Benign,False,2,Fwd Pkt Len Max,fwdpktlenmax,0.42160168290138245,0.42160168290138245
654121,Infilteration,Benign,False,3,RST Flag Cnt,rstflagcnt,-0.37587812542915344,0.37587812542915344
654121,Infilteration,Benign,False,4,ECE Flag Cnt,eceflagcnt,-0.37583059072494507,0.37583059072494507
654121,Infilteration,Benign,False,5,Bwd Pkt Len Max,bwdpktlenmax,0.2523946762084961,0.2523946762084961
657262,Infilteration,Benign,False,1,Dst Port,dstport,0.5608752369880676,0.5608752369880676
657262,Infilteration,Benign,False,2,Fwd IAT Tot,fwdiattot,0.4576452374458313,0.4576452374458313
657262,Infilteration,Benign,False,3,Fwd Pkt Len Mean,fwdpktlenmean,0.37879613041877747,0.37879613041877747
657262,Infilteration,Benign,False,4,Fwd Pkt Len Max,fwdpktlenmax,-0.2552703022956848,0.2552703022956848
657262,Infilteration,Benign,False,5,Flow IAT Min,flowiatmin,0.1464216560125351,0.1464216560125351
681495,Infilteration,Benign,False,1,Fwd Pkt Len Max,fwdpktlenmax,0.705436110496521,0.705436110496521
681495,Infilteration,Benign,False,2,Init Fwd Win Byts,initfwdwinbyts,0.26019182801246643,0.26019182801246643
681495,Infilteration,Benign,False,3,Dst Port,dstport,0.2307204306125641,0.2307204306125641
681495,Infilteration,Benign,False,4,RST Flag Cnt,rstflagcnt,0.14089125394821167,0.14089125394821167
681495,Infilteration,Benign,False,5,Bwd Pkts/s,bwdpktss,-0.06946077942848206,0.06946077942848206
682893,Infilteration,Benign,False,1,Dst Port,dstport,0.6835432648658752,0.6835432648658752
682893,Infilteration,Benign,False,2,Fwd Pkt Len Max,fwdpktlenmax,0.5372560024261475,0.5372560024261475
682893,Infilteration,Benign,False,3,ECE Flag Cnt,eceflagcnt,-0.4214591681957245,0.4214591681957245
682893,Infilteration,Benign,False,4,RST Flag Cnt,rstflagcnt,-0.39553967118263245,0.39553967118263245
682893,Infilteration,Benign,False,5,Bwd Pkt Len Max,bwdpktlenmax,0.21934901177883148,0.21934901177883148
692944,Infilteration,Benign,False,1,Fwd Pkt Len Max,fwdpktlenmax,-1.1421781778335571,1.1421781778335571
692944,Infilteration,Benign,False,2,Dst Port,dstport,0.6801505088806152,0.6801505088806152
692944,Infilteration,Benign,False,3,Fwd Seg Size Min,fwdsegsizemin,-0.6217349767684937,0.6217349767684937
692944,Infilteration,Benign,False,4,Fwd Pkt Len Mean,fwdpktlenmean,0.599439263343811,0.599439263343811
692944,Infilteration,Benign,False,5,Fwd IAT Tot,fwdiattot,0.20349791646003723,0.20349791646003723
695561,Infilteration,Benign,False,1,Dst Port,dstport,0.5108978748321533,0.5108978748321533
695561,Infilteration,Benign,False,2,Fwd Pkt Len Max,fwdpktlenmax,0.4210129380226135,0.4210129380226135
695561,Infilteration,Benign,False,3,RST Flag Cnt,rstflagcnt,-0.342129647731781,0.342129647731781
695561,Infilteration,Benign,False,4,Fwd IAT Std,fwdiatstd,0.2598733901977539,0.2598733901977539
695561,Infilteration,Benign,False,5,TotLen Fwd Pkts,totlenfwdpkts,-0.22362029552459717,0.22362029552459717
698152,Infilteration,Benign,False,1,Fwd Pkt Len Max,fwdpktlenmax,0.4123532176017761,0.4123532176017761
698152,Infilteration,Benign,False,2,Fwd IAT Tot,fwdiattot,0.2917383909225464,0.2917383909225464
698152,Infilteration,Benign,False,3,Init Fwd Win Byts,initfwdwinbyts,0.24596764147281647,0.24596764147281647
698152,Infilteration,Benign,False,4,Dst Port,dstport,0.17186251282691956,0.17186251282691956
698152,Infilteration,Benign,False,5,RST Flag Cnt,rstflagcnt,0.1117774248123169,0.1117774248123169
46168,SQL Injection,SQL Injection,True,1,Bwd Pkt Len Std,bwdpktlenstd,4.093239784240723,4.093239784240723
46168,SQL Injection,SQL Injection,True,2,Fwd Pkt Len Std,fwdpktlenstd,2.5442514419555664,2.5442514419555664
46168,SQL Injection,SQL Injection,True,3,Dst Port,dstport,1.265289306640625,1.265289306640625
46168,SQL Injection,SQL Injection,True,4,Flow IAT Min,flowiatmin,1.1763087511062622,1.1763087511062622
46168,SQL Injection,SQL Injection,True,5,Fwd IAT Min,fwdiatmin,0.7519608736038208,0.7519608736038208
59485,SQL Injection,Brute Force -Web,False,1,Init Fwd Win Byts,initfwdwinbyts,3.848939895629883,3.848939895629883
59485,SQL Injection,Brute Force -Web,False,2,Fwd Pkts/s,fwdpktss,2.5304088592529297,2.5304088592529297
59485,SQL Injection,Brute Force -Web,False,3,Dst Port,dstport,2.494337320327759,2.494337320327759
59485,SQL Injection,Brute Force -Web,False,4,Bwd Pkts/s,bwdpktss,1.3916536569595337,1.3916536569595337
59485,SQL Injection,Brute Force -Web,False,5,Fwd IAT Min,fwdiatmin,0.7752852439880371,0.7752852439880371
68799,SQL Injection,SQL Injection,True,1,Bwd Pkt Len Std,bwdpktlenstd,3.0408143997192383,3.0408143997192383
68799,SQL Injection,SQL Injection,True,2,Fwd Pkt Len Std,fwdpktlenstd,1.8635934591293335,1.8635934591293335
68799,SQL Injection,SQL Injection,True,3,Dst Port,dstport,1.339226484298706,1.339226484298706
68799,SQL Injection,SQL Injection,True,4,Flow IAT Min,flowiatmin,1.2858877182006836,1.2858877182006836
68799,SQL Injection,SQL Injection,True,5,Fwd IAT Min,fwdiatmin,1.0898633003234863,1.0898633003234863
74289,SQL Injection,Brute Force -Web,False,1,Init Fwd Win Byts,initfwdwinbyts,3.9503250122070312,3.9503250122070312
74289,SQL Injection,Brute Force -Web,False,2,Dst Port,dstport,2.9982492923736572,2.9982492923736572
74289,SQL Injection,Brute Force -Web,False,3,Fwd Pkts/s,fwdpktss,2.406765937805176,2.406765937805176
74289,SQL Injection,Brute Force -Web,False,4,Bwd Pkts/s,bwdpktss,1.679487943649292,1.679487943649292
74289,SQL Injection,Brute Force -Web,False,5,Flow IAT Min,flowiatmin,0.9398494362831116,0.9398494362831116
155941,SQL Injection,SQL Injection,True,1,Bwd Pkt Len Std,bwdpktlenstd,3.0408143997192383,3.0408143997192383
155941,SQL Injection,SQL Injection,True,2,Fwd Pkt Len Std,fwdpktlenstd,1.867771863937378,1.867771863937378
155941,SQL Injection,SQL Injection,True,3,Dst Port,dstport,1.3504458665847778,1.3504458665847778
155941,SQL Injection,SQL Injection,True,4,Flow IAT Min,flowiatmin,1.3060204982757568,1.3060204982757568
155941,SQL Injection,SQL Injection,True,5,Fwd IAT Min,fwdiatmin,1.0831196308135986,1.0831196308135986
158360,SQL Injection,Brute Force -Web,False,1,Init Fwd Win Byts,initfwdwinbyts,3.850583553314209,3.850583553314209
158360,SQL Injection,Brute Force -Web,False,2,Fwd Pkts/s,fwdpktss,2.5304088592529297,2.5304088592529297
158360,SQL Injection,Brute Force -Web,False,3,Dst Port,dstport,2.4861841201782227,2.4861841201782227
158360,SQL Injection,Brute Force -Web,False,4,Bwd Pkts/s,bwdpktss,1.3897920846939087,1.3897920846939087
158360,SQL Injection,Brute Force -Web,False,5,Fwd IAT Min,fwdiatmin,0.7765122056007385,0.7765122056007385
166311,SQL Injection,SQL Injection,True,1,Flow IAT Std,flowiatstd,2.685281991958618,2.685281991958618
166311,SQL Injection,SQL Injection,True,2,Flow Duration,flowduration,2.2248592376708984,2.2248592376708984
166311,SQL Injection,SQL Injection,True,3,Fwd IAT Min,fwdiatmin,2.106581926345825,2.106581926345825
166311,SQL Injection,SQL Injection,True,4,Dst Port,dstport,0.9057505130767822,0.9057505130767822
166311,SQL Injection,SQL Injection,True,5,Flow IAT Min,flowiatmin,0.779144823551178,0.779144823551178
211181,SQL Injection,Brute Force -Web,False,1,Init Fwd Win Byts,initfwdwinbyts,3.848939895629883,3.848939895629883
211181,SQL Injection,Brute Force -Web,False,2,Fwd Pkts/s,fwdpktss,2.5304088592529297,2.5304088592529297
211181,SQL Injection,Brute Force -Web,False,3,Dst Port,dstport,2.494337320327759,2.494337320327759
211181,SQL Injection,Brute Force -Web,False,4,Bwd Pkts/s,bwdpktss,1.3916536569595337,1.3916536569595337
211181,SQL Injection,Brute Force -Web,False,5,Fwd IAT Min,fwdiatmin,0.7752852439880371,0.7752852439880371
239166,SQL Injection,Brute Force -Web,False,1,Fwd Pkt Len Std,fwdpktlenstd,3.5581815242767334,3.5581815242767334
239166,SQL Injection,Brute Force -Web,False,2,Pkt Len Mean,pktlenmean,2.1864147186279297,2.1864147186279297
239166,SQL Injection,Brute Force -Web,False,3,Dst Port,dstport,1.8374122381210327,1.8374122381210327
239166,SQL Injection,Brute Force -Web,False,4,Bwd Pkts/s,bwdpktss,1.2494109869003296,1.2494109869003296
239166,SQL Injection,Brute Force -Web,False,5,TotLen Fwd Pkts,totlenfwdpkts,0.8450401425361633,0.8450401425361633
265648,SQL Injection,Benign,False,1,Fwd Pkt Len Max,fwdpktlenmax,-2.0198044776916504,2.0198044776916504
265648,SQL Injection,Benign,False,2,Dst Port,dstport,-0.7128903269767761,0.7128903269767761
265648,SQL Injection,Benign,False,3,Fwd Pkt Len Mean,fwdpktlenmean,0.5731084942817688,0.5731084942817688
265648,SQL Injection,Benign,False,4,Init Fwd Win Byts,initfwdwinbyts,-0.2701907455921173,0.2701907455921173
265648,SQL Injection,Benign,False,5,Fwd IAT Tot,fwdiattot,-0.18849000334739685,0.18849000334739685
294434,SQL Injection,SQL Injection,True,1,Bwd Pkt Len Std,bwdpktlenstd,3.0408143997192383,3.0408143997192383
294434,SQL Injection,SQL Injection,True,2,Fwd Pkt Len Std,fwdpktlenstd,1.867771863937378,1.867771863937378
294434,SQL Injection,SQL Injection,True,3,Flow IAT Min,flowiatmin,1.3518187999725342,1.3518187999725342
294434,SQL Injection,SQL Injection,True,4,Dst Port,dstport,1.3428047895431519,1.3428047895431519
294434,SQL Injection,SQL Injection,True,5,Fwd IAT Min,fwdiatmin,1.034989833831787,1.034989833831787
358097,SQL Injection,SQL Injection,True,1,Flow IAT Std,flowiatstd,2.187821626663208,2.187821626663208
358097,SQL Injection,SQL Injection,True,2,Fwd Pkt Len Std,fwdpktlenstd,2.1717004776000977,2.1717004776000977
358097,SQL Injection,SQL Injection,True,3,Flow Duration,flowduration,1.7811943292617798,1.7811943292617798
358097,SQL Injection,SQL Injection,True,4,Dst Port,dstport,1.404692530632019,1.404692530632019
358097,SQL Injection,SQL Injection,True,5,Flow IAT Min,flowiatmin,1.1086112260818481,1.1086112260818481
379791,SQL Injection,SQL Injection,True,1,Init Fwd Win Byts,initfwdwinbyts,4.9539995193481445,4.9539995193481445
379791,SQL Injection,SQL Injection,True,2,Fwd Pkts/s,fwdpktss,3.971639394760132,3.971639394760132
379791,SQL Injection,SQL Injection,True,3,Dst Port,dstport,1.5605367422103882,1.5605367422103882
379791,SQL Injection,SQL Injection,True,4,Flow IAT Min,flowiatmin,1.0614286661148071,1.0614286661148071
379791,SQL Injection,SQL Injection,True,5,Fwd IAT Min,fwdiatmin,1.0135955810546875,1.0135955810546875
404988,SQL Injection,Brute Force -Web,False,1,Init Fwd Win Byts,initfwdwinbyts,3.9726245403289795,3.9726245403289795
404988,SQL Injection,Brute Force -Web,False,2,Fwd Pkts/s,fwdpktss,2.5357279777526855,2.5357279777526855
404988,SQL Injection,Brute Force -Web,False,3,Dst Port,dstport,2.5239250659942627,2.5239250659942627
404988,SQL Injection,Brute Force -Web,False,4,Bwd Pkts/s,bwdpktss,1.3986411094665527,1.3986411094665527
404988,SQL Injection,Brute Force -Web,False,5,Fwd IAT Min,fwdiatmin,0.7348443865776062,0.7348443865776062
415297,SQL Injection,SQL Injection,True,1,Bwd Pkt Len Std,bwdpktlenstd,3.0437867641448975,3.0437867641448975
415297,SQL Injection,SQL Injection,True,2,Fwd Pkt Len Std,fwdpktlenstd,2.00632381439209,2.00632381439209
415297,SQL Injection,SQL Injection,True,3,Dst Port,dstport,1.3538399934768677,1.3538399934768677
415297,SQL Injection,SQL Injection,True,4,Flow IAT Min,flowiatmin,1.131805419921875,1.131805419921875
415297,SQL Injection,SQL Injection,True,5,Fwd IAT Min,fwdiatmin,1.1254712343215942,1.1254712343215942
514970,SQL Injection,Brute Force -Web,False,1,Init Fwd Win Byts,initfwdwinbyts,3.848939895629883,3.848939895629883
514970,SQL Injection,Brute Force -Web,False,2,Fwd Pkts/s,fwdpktss,2.5304088592529297,2.5304088592529297
514970,SQL Injection,Brute Force -Web,False,3,Dst Port,dstport,2.494337320327759,2.494337320327759
514970,SQL Injection,Brute Force -Web,False,4,Bwd Pkts/s,bwdpktss,1.3916536569595337,1.3916536569595337
514970,SQL Injection,Brute Force -Web,False,5,Fwd IAT Min,fwdiatmin,0.7752852439880371,0.7752852439880371
557077,SQL Injection,SQL Injection,True,1,Bwd Pkt Len Std,bwdpktlenstd,3.0408143997192383,3.0408143997192383
557077,SQL Injection,SQL Injection,True,2,Fwd Pkt Len Std,fwdpktlenstd,1.9010467529296875,1.9010467529296875
557077,SQL Injection,SQL Injection,True,3,Dst Port,dstport,1.3516736030578613,1.3516736030578613
557077,SQL Injection,SQL Injection,True,4,Flow IAT Min,flowiatmin,1.326271414756775,1.326271414756775
557077,SQL Injection,SQL Injection,True,5,Fwd IAT Min,fwdiatmin,1.1036113500595093,1.1036113500595093
700,SSH-Bruteforce,SSH-Bruteforce,True,1,Dst Port,dstport,6.2400431632995605,6.2400431632995605
700,SSH-Bruteforce,SSH-Bruteforce,True,2,Fwd Act Data Pkts,fwdactdatapkts,2.151556968688965,2.151556968688965
700,SSH-Bruteforce,SSH-Bruteforce,True,3,Fwd Seg Size Min,fwdsegsizemin,0.3583756983280182,0.3583756983280182
700,SSH-Bruteforce,SSH-Bruteforce,True,4,Init Bwd Win Byts,initbwdwinbyts,0.3483077883720398,0.3483077883720398
700,SSH-Bruteforce,SSH-Bruteforce,True,5,Flow IAT Min,flowiatmin,0.031628210097551346,0.031628210097551346
3615,SSH-Bruteforce,SSH-Bruteforce,True,1,Dst Port,dstport,6.2400431632995605,6.2400431632995605
3615,SSH-Bruteforce,SSH-Bruteforce,True,2,Fwd Act Data Pkts,fwdactdatapkts,2.151556968688965,2.151556968688965
3615,SSH-Bruteforce,SSH-Bruteforce,True,3,Fwd Seg Size Min,fwdsegsizemin,0.3583756983280182,0.3583756983280182
3615,SSH-Bruteforce,SSH-Bruteforce,True,4,Init Bwd Win Byts,initbwdwinbyts,0.3483077883720398,0.3483077883720398
3615,SSH-Bruteforce,SSH-Bruteforce,True,5,Flow IAT Min,flowiatmin,0.031628210097551346,0.031628210097551346
6532,SSH-Bruteforce,SSH-Bruteforce,True,1,Dst Port,dstport,6.2400431632995605,6.2400431632995605
6532,SSH-Bruteforce,SSH-Bruteforce,True,2,Fwd Act Data Pkts,fwdactdatapkts,2.151556968688965,2.151556968688965
6532,SSH-Bruteforce,SSH-Bruteforce,True,3,Fwd Seg Size Min,fwdsegsizemin,0.3583756983280182,0.3583756983280182
6532,SSH-Bruteforce,SSH-Bruteforce,True,4,Init Bwd Win Byts,initbwdwinbyts,0.3483077883720398,0.3483077883720398
6532,SSH-Bruteforce,SSH-Bruteforce,True,5,Flow IAT Min,flowiatmin,0.031628210097551346,0.031628210097551346
18306,SSH-Bruteforce,SSH-Bruteforce,True,1,Dst Port,dstport,6.2400431632995605,6.2400431632995605
18306,SSH-Bruteforce,SSH-Bruteforce,True,2,Fwd Act Data Pkts,fwdactdatapkts,2.151556968688965,2.151556968688965
18306,SSH-Bruteforce,SSH-Bruteforce,True,3,Fwd Seg Size Min,fwdsegsizemin,0.3583756983280182,0.3583756983280182
18306,SSH-Bruteforce,SSH-Bruteforce,True,4,Init Bwd Win Byts,initbwdwinbyts,0.3483077883720398,0.3483077883720398
18306,SSH-Bruteforce,SSH-Bruteforce,True,5,Flow IAT Min,flowiatmin,0.031628210097551346,0.031628210097551346
18567,SSH-Bruteforce,SSH-Bruteforce,True,1,Dst Port,dstport,6.2214035987854,6.2214035987854
18567,SSH-Bruteforce,SSH-Bruteforce,True,2,Fwd Act Data Pkts,fwdactdatapkts,2.1900336742401123,2.1900336742401123
18567,SSH-Bruteforce,SSH-Bruteforce,True,3,Fwd Seg Size Min,fwdsegsizemin,0.3583756983280182,0.3583756983280182
18567,SSH-Bruteforce,SSH-Bruteforce,True,4,Init Bwd Win Byts,initbwdwinbyts,0.3483077883720398,0.3483077883720398
18567,SSH-Bruteforce,SSH-Bruteforce,True,5,Bwd Header Len,bwdheaderlen,0.01593516767024994,0.01593516767024994
34761,SSH-Bruteforce,SSH-Bruteforce,True,1,Dst Port,dstport,6.2400431632995605,6.2400431632995605
34761,SSH-Bruteforce,SSH-Bruteforce,True,2,Fwd Act Data Pkts,fwdactdatapkts,2.151556968688965,2.151556968688965
34761,SSH-Bruteforce,SSH-Bruteforce,True,3,Fwd Seg Size Min,fwdsegsizemin,0.3583756983280182,0.3583756983280182
34761,SSH-Bruteforce,SSH-Bruteforce,True,4,Init Bwd Win Byts,initbwdwinbyts,0.3483077883720398,0.3483077883720398
34761,SSH-Bruteforce,SSH-Bruteforce,True,5,Flow IAT Min,flowiatmin,0.031628210097551346,0.031628210097551346
38683,SSH-Bruteforce,SSH-Bruteforce,True,1,Dst Port,dstport,6.2400431632995605,6.2400431632995605
38683,SSH-Bruteforce,SSH-Bruteforce,True,2,Fwd Act Data Pkts,fwdactdatapkts,2.151556968688965,2.151556968688965
38683,SSH-Bruteforce,SSH-Bruteforce,True,3,Fwd Seg Size Min,fwdsegsizemin,0.3583756983280182,0.3583756983280182
38683,SSH-Bruteforce,SSH-Bruteforce,True,4,Init Bwd Win Byts,initbwdwinbyts,0.3483077883720398,0.3483077883720398
38683,SSH-Bruteforce,SSH-Bruteforce,True,5,Flow IAT Min,flowiatmin,0.031628210097551346,0.031628210097551346
41679,SSH-Bruteforce,SSH-Bruteforce,True,1,Dst Port,dstport,6.2400431632995605,6.2400431632995605
41679,SSH-Bruteforce,SSH-Bruteforce,True,2,Fwd Act Data Pkts,fwdactdatapkts,2.151556968688965,2.151556968688965
41679,SSH-Bruteforce,SSH-Bruteforce,True,3,Fwd Seg Size Min,fwdsegsizemin,0.3583756983280182,0.3583756983280182
41679,SSH-Bruteforce,SSH-Bruteforce,True,4,Init Bwd Win Byts,initbwdwinbyts,0.3483077883720398,0.3483077883720398
41679,SSH-Bruteforce,SSH-Bruteforce,True,5,Flow IAT Min,flowiatmin,0.031628210097551346,0.031628210097551346
46154,SSH-Bruteforce,SSH-Bruteforce,True,1,Dst Port,dstport,6.2400431632995605,6.2400431632995605
46154,SSH-Bruteforce,SSH-Bruteforce,True,2,Fwd Act Data Pkts,fwdactdatapkts,2.151556968688965,2.151556968688965
46154,SSH-Bruteforce,SSH-Bruteforce,True,3,Fwd Seg Size Min,fwdsegsizemin,0.3583756983280182,0.3583756983280182
46154,SSH-Bruteforce,SSH-Bruteforce,True,4,Init Bwd Win Byts,initbwdwinbyts,0.3483077883720398,0.3483077883720398
46154,SSH-Bruteforce,SSH-Bruteforce,True,5,Flow IAT Min,flowiatmin,0.031628210097551346,0.031628210097551346
53758,SSH-Bruteforce,SSH-Bruteforce,True,1,Dst Port,dstport,6.2214035987854,6.2214035987854
53758,SSH-Bruteforce,SSH-Bruteforce,True,2,Fwd Act Data Pkts,fwdactdatapkts,2.1900336742401123,2.1900336742401123
53758,SSH-Bruteforce,SSH-Bruteforce,True,3,Fwd Seg Size Min,fwdsegsizemin,0.3583756983280182,0.3583756983280182
53758,SSH-Bruteforce,SSH-Bruteforce,True,4,Init Bwd Win Byts,initbwdwinbyts,0.3483077883720398,0.3483077883720398
53758,SSH-Bruteforce,SSH-Bruteforce,True,5,Bwd Header Len,bwdheaderlen,0.01593516767024994,0.01593516767024994
65720,SSH-Bruteforce,SSH-Bruteforce,True,1,Dst Port,dstport,6.095210075378418,6.095210075378418
65720,SSH-Bruteforce,SSH-Bruteforce,True,2,Bwd Header Len,bwdheaderlen,1.0143284797668457,1.0143284797668457
65720,SSH-Bruteforce,SSH-Bruteforce,True,3,Bwd Pkts/s,bwdpktss,0.9927694797515869,0.9927694797515869
65720,SSH-Bruteforce,SSH-Bruteforce,True,4,Fwd Seg Size Min,fwdsegsizemin,0.35492363572120667,0.35492363572120667
65720,SSH-Bruteforce,SSH-Bruteforce,True,5,Init Bwd Win Byts,initbwdwinbyts,0.34857675433158875,0.34857675433158875
69155,SSH-Bruteforce,SSH-Bruteforce,True,1,Dst Port,dstport,6.2400431632995605,6.2400431632995605
69155,SSH-Bruteforce,SSH-Bruteforce,True,2,Fwd Act Data Pkts,fwdactdatapkts,2.151556968688965,2.151556968688965
69155,SSH-Bruteforce,SSH-Bruteforce,True,3,Fwd Seg Size Min,fwdsegsizemin,0.3583756983280182,0.3583756983280182
69155,SSH-Bruteforce,SSH-Bruteforce,True,4,Init Bwd Win Byts,initbwdwinbyts,0.3483077883720398,0.3483077883720398
69155,SSH-Bruteforce,SSH-Bruteforce,True,5,Flow IAT Min,flowiatmin,0.031628210097551346,0.031628210097551346
71804,SSH-Bruteforce,SSH-Bruteforce,True,1,Dst Port,dstport,6.2400431632995605,6.2400431632995605
71804,SSH-Bruteforce,SSH-Bruteforce,True,2,Fwd Act Data Pkts,fwdactdatapkts,2.151556968688965,2.151556968688965
71804,SSH-Bruteforce,SSH-Bruteforce,True,3,Fwd Seg Size Min,fwdsegsizemin,0.3583756983280182,0.3583756983280182
71804,SSH-Bruteforce,SSH-Bruteforce,True,4,Init Bwd Win Byts,initbwdwinbyts,0.3483077883720398,0.3483077883720398
71804,SSH-Bruteforce,SSH-Bruteforce,True,5,Flow IAT Min,flowiatmin,0.031628210097551346,0.031628210097551346
72552,SSH-Bruteforce,SSH-Bruteforce,True,1,Dst Port,dstport,6.2400431632995605,6.2400431632995605
72552,SSH-Bruteforce,SSH-Bruteforce,True,2,Fwd Act Data Pkts,fwdactdatapkts,2.151556968688965,2.151556968688965
72552,SSH-Bruteforce,SSH-Bruteforce,True,3,Fwd Seg Size Min,fwdsegsizemin,0.3583756983280182,0.3583756983280182
72552,SSH-Bruteforce,SSH-Bruteforce,True,4,Init Bwd Win Byts,initbwdwinbyts,0.3483077883720398,0.3483077883720398
72552,SSH-Bruteforce,SSH-Bruteforce,True,5,Flow IAT Min,flowiatmin,0.031628210097551346,0.031628210097551346
89189,SSH-Bruteforce,SSH-Bruteforce,True,1,Dst Port,dstport,6.2400431632995605,6.2400431632995605
89189,SSH-Bruteforce,SSH-Bruteforce,True,2,Fwd Act Data Pkts,fwdactdatapkts,2.151556968688965,2.151556968688965
89189,SSH-Bruteforce,SSH-Bruteforce,True,3,Fwd Seg Size Min,fwdsegsizemin,0.3583756983280182,0.3583756983280182
89189,SSH-Bruteforce,SSH-Bruteforce,True,4,Init Bwd Win Byts,initbwdwinbyts,0.3483077883720398,0.3483077883720398
89189,SSH-Bruteforce,SSH-Bruteforce,True,5,Flow IAT Min,flowiatmin,0.031628210097551346,0.031628210097551346
91729,SSH-Bruteforce,SSH-Bruteforce,True,1,Dst Port,dstport,6.2400431632995605,6.2400431632995605
91729,SSH-Bruteforce,SSH-Bruteforce,True,2,Fwd Act Data Pkts,fwdactdatapkts,2.151556968688965,2.151556968688965
91729,SSH-Bruteforce,SSH-Bruteforce,True,3,Fwd Seg Size Min,fwdsegsizemin,0.3583756983280182,0.3583756983280182
91729,SSH-Bruteforce,SSH-Bruteforce,True,4,Init Bwd Win Byts,initbwdwinbyts,0.3483077883720398,0.3483077883720398
91729,SSH-Bruteforce,SSH-Bruteforce,True,5,Flow IAT Min,flowiatmin,0.031628210097551346,0.031628210097551346
105863,SSH-Bruteforce,SSH-Bruteforce,True,1,Dst Port,dstport,6.2400431632995605,6.2400431632995605
105863,SSH-Bruteforce,SSH-Bruteforce,True,2,Fwd Act Data Pkts,fwdactdatapkts,2.151556968688965,2.151556968688965
105863,SSH-Bruteforce,SSH-Bruteforce,True,3,Fwd Seg Size Min,fwdsegsizemin,0.3583756983280182,0.3583756983280182
105863,SSH-Bruteforce,SSH-Bruteforce,True,4,Init Bwd Win Byts,initbwdwinbyts,0.3483077883720398,0.3483077883720398
105863,SSH-Bruteforce,SSH-Bruteforce,True,5,Flow IAT Min,flowiatmin,0.031628210097551346,0.031628210097551346
108676,SSH-Bruteforce,SSH-Bruteforce,True,1,Dst Port,dstport,6.2400431632995605,6.2400431632995605
108676,SSH-Bruteforce,SSH-Bruteforce,True,2,Fwd Act Data Pkts,fwdactdatapkts,2.151556968688965,2.151556968688965
108676,SSH-Bruteforce,SSH-Bruteforce,True,3,Fwd Seg Size Min,fwdsegsizemin,0.3583756983280182,0.3583756983280182
108676,SSH-Bruteforce,SSH-Bruteforce,True,4,Init Bwd Win Byts,initbwdwinbyts,0.3483077883720398,0.3483077883720398
108676,SSH-Bruteforce,SSH-Bruteforce,True,5,Flow IAT Min,flowiatmin,0.031628210097551346,0.031628210097551346
115009,SSH-Bruteforce,SSH-Bruteforce,True,1,Dst Port,dstport,6.2400431632995605,6.2400431632995605
115009,SSH-Bruteforce,SSH-Bruteforce,True,2,Fwd Act Data Pkts,fwdactdatapkts,2.151556968688965,2.151556968688965
115009,SSH-Bruteforce,SSH-Bruteforce,True,3,Fwd Seg Size Min,fwdsegsizemin,0.3583756983280182,0.3583756983280182
115009,SSH-Bruteforce,SSH-Bruteforce,True,4,Init Bwd Win Byts,initbwdwinbyts,0.3483077883720398,0.3483077883720398
115009,SSH-Bruteforce,SSH-Bruteforce,True,5,Flow IAT Min,flowiatmin,0.031628210097551346,0.031628210097551346
118301,SSH-Bruteforce,SSH-Bruteforce,True,1,Dst Port,dstport,6.2400431632995605,6.2400431632995605
118301,SSH-Bruteforce,SSH-Bruteforce,True,2,Fwd Act Data Pkts,fwdactdatapkts,2.151556968688965,2.151556968688965
118301,SSH-Bruteforce,SSH-Bruteforce,True,3,Fwd Seg Size Min,fwdsegsizemin,0.3583756983280182,0.3583756983280182
118301,SSH-Bruteforce,SSH-Bruteforce,True,4,Init Bwd Win Byts,initbwdwinbyts,0.3483077883720398,0.3483077883720398
118301,SSH-Bruteforce,SSH-Bruteforce,True,5,Flow IAT Min,flowiatmin,0.031628210097551346,0.031628210097551346
120869,SSH-Bruteforce,SSH-Bruteforce,True,1,Dst Port,dstport,6.2400431632995605,6.2400431632995605
120869,SSH-Bruteforce,SSH-Bruteforce,True,2,Fwd Act Data Pkts,fwdactdatapkts,2.151556968688965,2.151556968688965
120869,SSH-Bruteforce,SSH-Bruteforce,True,3,Fwd Seg Size Min,fwdsegsizemin,0.3583756983280182,0.3583756983280182
120869,SSH-Bruteforce,SSH-Bruteforce,True,4,Init Bwd Win Byts,initbwdwinbyts,0.3483077883720398,0.3483077883720398
120869,SSH-Bruteforce,SSH-Bruteforce,True,5,Flow IAT Min,flowiatmin,0.031628210097551346,0.031628210097551346
128499,SSH-Bruteforce,SSH-Bruteforce,True,1,Dst Port,dstport,6.2400431632995605,6.2400431632995605
128499,SSH-Bruteforce,SSH-Bruteforce,True,2,Fwd Act Data Pkts,fwdactdatapkts,2.151556968688965,2.151556968688965
128499,SSH-Bruteforce,SSH-Bruteforce,True,3,Fwd Seg Size Min,fwdsegsizemin,0.3583756983280182,0.3583756983280182
128499,SSH-Bruteforce,SSH-Bruteforce,True,4,Init Bwd Win Byts,initbwdwinbyts,0.3483077883720398,0.3483077883720398
128499,SSH-Bruteforce,SSH-Bruteforce,True,5,Flow IAT Min,flowiatmin,0.031628210097551346,0.031628210097551346
132093,SSH-Bruteforce,SSH-Bruteforce,True,1,Dst Port,dstport,6.221314907073975,6.221314907073975
132093,SSH-Bruteforce,SSH-Bruteforce,True,2,Fwd Act Data Pkts,fwdactdatapkts,2.1900336742401123,2.1900336742401123
132093,SSH-Bruteforce,SSH-Bruteforce,True,3,Fwd Seg Size Min,fwdsegsizemin,0.3583756983280182,0.3583756983280182
132093,SSH-Bruteforce,SSH-Bruteforce,True,4,Init Bwd Win Byts,initbwdwinbyts,0.3483714163303375,0.3483714163303375
132093,SSH-Bruteforce,SSH-Bruteforce,True,5,Bwd Header Len,bwdheaderlen,0.01593516767024994,0.01593516767024994
140273,SSH-Bruteforce,SSH-Bruteforce,True,1,Dst Port,dstport,6.2400431632995605,6.2400431632995605
140273,SSH-Bruteforce,SSH-Bruteforce,True,2,Fwd Act Data Pkts,fwdactdatapkts,2.151556968688965,2.151556968688965
140273,SSH-Bruteforce,SSH-Bruteforce,True,3,Fwd Seg Size Min,fwdsegsizemin,0.3583756983280182,0.3583756983280182
140273,SSH-Bruteforce,SSH-Bruteforce,True,4,Init Bwd Win Byts,initbwdwinbyts,0.3483077883720398,0.3483077883720398
140273,SSH-Bruteforce,SSH-Bruteforce,True,5,Flow IAT Min,flowiatmin,0.031628210097551346,0.031628210097551346
144566,SSH-Bruteforce,SSH-Bruteforce,True,1,Dst Port,dstport,6.2400431632995605,6.2400431632995605
144566,SSH-Bruteforce,SSH-Bruteforce,True,2,Fwd Act Data Pkts,fwdactdatapkts,2.151556968688965,2.151556968688965
144566,SSH-Bruteforce,SSH-Bruteforce,True,3,Fwd Seg Size Min,fwdsegsizemin,0.3583756983280182,0.3583756983280182
144566,SSH-Bruteforce,SSH-Bruteforce,True,4,Init Bwd Win Byts,initbwdwinbyts,0.3483077883720398,0.3483077883720398
144566,SSH-Bruteforce,SSH-Bruteforce,True,5,Flow IAT Min,flowiatmin,0.031628210097551346,0.031628210097551346
146352,SSH-Bruteforce,SSH-Bruteforce,True,1,Dst Port,dstport,6.2400431632995605,6.2400431632995605
146352,SSH-Bruteforce,SSH-Bruteforce,True,2,Fwd Act Data Pkts,fwdactdatapkts,2.151556968688965,2.151556968688965
146352,SSH-Bruteforce,SSH-Bruteforce,True,3,Fwd Seg Size Min,fwdsegsizemin,0.3583756983280182,0.3583756983280182
146352,SSH-Bruteforce,SSH-Bruteforce,True,4,Init Bwd Win Byts,initbwdwinbyts,0.3483077883720398,0.3483077883720398
146352,SSH-Bruteforce,SSH-Bruteforce,True,5,Flow IAT Min,flowiatmin,0.031628210097551346,0.031628210097551346
147149,SSH-Bruteforce,SSH-Bruteforce,True,1,Dst Port,dstport,6.2400431632995605,6.2400431632995605
147149,SSH-Bruteforce,SSH-Bruteforce,True,2,Fwd Act Data Pkts,fwdactdatapkts,2.151556968688965,2.151556968688965
147149,SSH-Bruteforce,SSH-Bruteforce,True,3,Fwd Seg Size Min,fwdsegsizemin,0.3583756983280182,0.3583756983280182
147149,SSH-Bruteforce,SSH-Bruteforce,True,4,Init Bwd Win Byts,initbwdwinbyts,0.3483077883720398,0.3483077883720398
147149,SSH-Bruteforce,SSH-Bruteforce,True,5,Flow IAT Min,flowiatmin,0.031628210097551346,0.031628210097551346
149972,SSH-Bruteforce,SSH-Bruteforce,True,1,Dst Port,dstport,6.2400431632995605,6.2400431632995605
149972,SSH-Bruteforce,SSH-Bruteforce,True,2,Fwd Act Data Pkts,fwdactdatapkts,2.151556968688965,2.151556968688965
149972,SSH-Bruteforce,SSH-Bruteforce,True,3,Fwd Seg Size Min,fwdsegsizemin,0.3583756983280182,0.3583756983280182
149972,SSH-Bruteforce,SSH-Bruteforce,True,4,Init Bwd Win Byts,initbwdwinbyts,0.3483077883720398,0.3483077883720398
149972,SSH-Bruteforce,SSH-Bruteforce,True,5,Flow IAT Min,flowiatmin,0.031628210097551346,0.031628210097551346
166815,SSH-Bruteforce,SSH-Bruteforce,True,1,Dst Port,dstport,6.2400431632995605,6.2400431632995605
166815,SSH-Bruteforce,SSH-Bruteforce,True,2,Fwd Act Data Pkts,fwdactdatapkts,2.151556968688965,2.151556968688965
166815,SSH-Bruteforce,SSH-Bruteforce,True,3,Fwd Seg Size Min,fwdsegsizemin,0.3583756983280182,0.3583756983280182
166815,SSH-Bruteforce,SSH-Bruteforce,True,4,Init Bwd Win Byts,initbwdwinbyts,0.3483077883720398,0.3483077883720398
166815,SSH-Bruteforce,SSH-Bruteforce,True,5,Flow IAT Min,flowiatmin,0.031628210097551346,0.031628210097551346
170698,SSH-Bruteforce,SSH-Bruteforce,True,1,Dst Port,dstport,6.221385478973389,6.221385478973389
170698,SSH-Bruteforce,SSH-Bruteforce,True,2,Fwd Act Data Pkts,fwdactdatapkts,2.1900336742401123,2.1900336742401123
170698,SSH-Bruteforce,SSH-Bruteforce,True,3,Fwd Seg Size Min,fwdsegsizemin,0.3583756983280182,0.3583756983280182
170698,SSH-Bruteforce,SSH-Bruteforce,True,4,Init Bwd Win Byts,initbwdwinbyts,0.34837520122528076,0.34837520122528076
170698,SSH-Bruteforce,SSH-Bruteforce,True,5,Bwd Header Len,bwdheaderlen,0.01593516767024994,0.01593516767024994
176656,SSH-Bruteforce,SSH-Bruteforce,True,1,Dst Port,dstport,6.2214035987854,6.2214035987854
176656,SSH-Bruteforce,SSH-Bruteforce,True,2,Fwd Act Data Pkts,fwdactdatapkts,2.1900336742401123,2.1900336742401123
176656,SSH-Bruteforce,SSH-Bruteforce,True,3,Fwd Seg Size Min,fwdsegsizemin,0.3583756983280182,0.3583756983280182
176656,SSH-Bruteforce,SSH-Bruteforce,True,4,Init Bwd Win Byts,initbwdwinbyts,0.3483077883720398,0.3483077883720398
176656,SSH-Bruteforce,SSH-Bruteforce,True,5,Bwd Header Len,bwdheaderlen,0.01593516767024994,0.01593516767024994
178179,SSH-Bruteforce,SSH-Bruteforce,True,1,Dst Port,dstport,6.2214035987854,6.2214035987854
178179,SSH-Bruteforce,SSH-Bruteforce,True,2,Fwd Act Data Pkts,fwdactdatapkts,2.1900336742401123,2.1900336742401123
178179,SSH-Bruteforce,SSH-Bruteforce,True,3,Fwd Seg Size Min,fwdsegsizemin,0.3583756983280182,0.3583756983280182
178179,SSH-Bruteforce,SSH-Bruteforce,True,4,Init Bwd Win Byts,initbwdwinbyts,0.3483077883720398,0.3483077883720398
178179,SSH-Bruteforce,SSH-Bruteforce,True,5,Bwd Header Len,bwdheaderlen,0.01593516767024994,0.01593516767024994
185649,SSH-Bruteforce,SSH-Bruteforce,True,1,Dst Port,dstport,6.2400431632995605,6.2400431632995605
185649,SSH-Bruteforce,SSH-Bruteforce,True,2,Fwd Act Data Pkts,fwdactdatapkts,2.151556968688965,2.151556968688965
185649,SSH-Bruteforce,SSH-Bruteforce,True,3,Fwd Seg Size Min,fwdsegsizemin,0.3583756983280182,0.3583756983280182
185649,SSH-Bruteforce,SSH-Bruteforce,True,4,Init Bwd Win Byts,initbwdwinbyts,0.3483077883720398,0.3483077883720398
185649,SSH-Bruteforce,SSH-Bruteforce,True,5,Flow IAT Min,flowiatmin,0.031628210097551346,0.031628210097551346
197309,SSH-Bruteforce,SSH-Bruteforce,True,1,Dst Port,dstport,6.2400431632995605,6.2400431632995605
197309,SSH-Bruteforce,SSH-Bruteforce,True,2,Fwd Act Data Pkts,fwdactdatapkts,2.151556968688965,2.151556968688965
197309,SSH-Bruteforce,SSH-Bruteforce,True,3,Fwd Seg Size Min,fwdsegsizemin,0.3583756983280182,0.3583756983280182
197309,SSH-Bruteforce,SSH-Bruteforce,True,4,Init Bwd Win Byts,initbwdwinbyts,0.3483077883720398,0.3483077883720398
197309,SSH-Bruteforce,SSH-Bruteforce,True,5,Flow IAT Min,flowiatmin,0.031628210097551346,0.031628210097551346
197350,SSH-Bruteforce,SSH-Bruteforce,True,1,Dst Port,dstport,6.2400431632995605,6.2400431632995605
197350,SSH-Bruteforce,SSH-Bruteforce,True,2,Fwd Act Data Pkts,fwdactdatapkts,2.151556968688965,2.151556968688965
197350,SSH-Bruteforce,SSH-Bruteforce,True,3,Fwd Seg Size Min,fwdsegsizemin,0.3583756983280182,0.3583756983280182
197350,SSH-Bruteforce,SSH-Bruteforce,True,4,Init Bwd Win Byts,initbwdwinbyts,0.3483077883720398,0.3483077883720398
197350,SSH-Bruteforce,SSH-Bruteforce,True,5,Flow IAT Min,flowiatmin,0.031628210097551346,0.031628210097551346
207278,SSH-Bruteforce,SSH-Bruteforce,True,1,Dst Port,dstport,6.2214035987854,6.2214035987854
207278,SSH-Bruteforce,SSH-Bruteforce,True,2,Fwd Act Data Pkts,fwdactdatapkts,2.1900336742401123,2.1900336742401123
207278,SSH-Bruteforce,SSH-Bruteforce,True,3,Fwd Seg Size Min,fwdsegsizemin,0.3583756983280182,0.3583756983280182
207278,SSH-Bruteforce,SSH-Bruteforce,True,4,Init Bwd Win Byts,initbwdwinbyts,0.3483077883720398,0.3483077883720398
207278,SSH-Bruteforce,SSH-Bruteforce,True,5,Bwd Header Len,bwdheaderlen,0.01593516767024994,0.01593516767024994
216128,SSH-Bruteforce,SSH-Bruteforce,True,1,Dst Port,dstport,5.838779926300049,5.838779926300049
216128,SSH-Bruteforce,SSH-Bruteforce,True,2,Fwd Act Data Pkts,fwdactdatapkts,2.151556968688965,2.151556968688965
216128,SSH-Bruteforce,SSH-Bruteforce,True,3,Bwd Pkts/s,bwdpktss,-0.7456474900245667,0.7456474900245667
216128,SSH-Bruteforce,SSH-Bruteforce,True,4,Init Bwd Win Byts,initbwdwinbyts,0.27459216117858887,0.27459216117858887
216128,SSH-Bruteforce,SSH-Bruteforce,True,5,Fwd Seg Size Min,fwdsegsizemin,0.26023975014686584,0.26023975014686584
220751,SSH-Bruteforce,SSH-Bruteforce,True,1,Dst Port,dstport,6.095210075378418,6.095210075378418
220751,SSH-Bruteforce,SSH-Bruteforce,True,2,Bwd Header Len,bwdheaderlen,1.0143284797668457,1.0143284797668457
220751,SSH-Bruteforce,SSH-Bruteforce,True,3,Bwd Pkts/s,bwdpktss,0.9927694797515869,0.9927694797515869
220751,SSH-Bruteforce,SSH-Bruteforce,True,4,Fwd Seg Size Min,fwdsegsizemin,0.35492363572120667,0.35492363572120667
220751,SSH-Bruteforce,SSH-Bruteforce,True,5,Init Bwd Win Byts,initbwdwinbyts,0.34857675433158875,0.34857675433158875
234638,SSH-Bruteforce,SSH-Bruteforce,True,1,Dst Port,dstport,5.832403659820557,5.832403659820557
234638,SSH-Bruteforce,SSH-Bruteforce,True,2,Fwd Act Data Pkts,fwdactdatapkts,2.1900336742401123,2.1900336742401123
234638,SSH-Bruteforce,SSH-Bruteforce,True,3,Bwd Pkts/s,bwdpktss,-0.7458193898200989,0.7458193898200989
234638,SSH-Bruteforce,SSH-Bruteforce,True,4,Init Bwd Win Byts,initbwdwinbyts,0.2754625976085663,0.2754625976085663
234638,SSH-Bruteforce,SSH-Bruteforce,True,5,Fwd Seg Size Min,fwdsegsizemin,0.26023975014686584,0.26023975014686584
237186,SSH-Bruteforce,SSH-Bruteforce,True,1,Dst Port,dstport,6.2214035987854,6.2214035987854
237186,SSH-Bruteforce,SSH-Bruteforce,True,2,Fwd Act Data Pkts,fwdactdatapkts,2.1900336742401123,2.1900336742401123
237186,SSH-Bruteforce,SSH-Bruteforce,True,3,Fwd Seg Size Min,fwdsegsizemin,0.3583756983280182,0.3583756983280182
237186,SSH-Bruteforce,SSH-Bruteforce,True,4,Init Bwd Win Byts,initbwdwinbyts,0.3483077883720398,0.3483077883720398
237186,SSH-Bruteforce,SSH-Bruteforce,True,5,Bwd Header Len,bwdheaderlen,0.01593516767024994,0.01593516767024994
239077,SSH-Bruteforce,SSH-Bruteforce,True,1,Dst Port,dstport,6.2400431632995605,6.2400431632995605
239077,SSH-Bruteforce,SSH-Bruteforce,True,2,Fwd Act Data Pkts,fwdactdatapkts,2.151556968688965,2.151556968688965
239077,SSH-Bruteforce,SSH-Bruteforce,True,3,Fwd Seg Size Min,fwdsegsizemin,0.3583756983280182,0.3583756983280182
239077,SSH-Bruteforce,SSH-Bruteforce,True,4,Init Bwd Win Byts,initbwdwinbyts,0.3483077883720398,0.3483077883720398
239077,SSH-Bruteforce,SSH-Bruteforce,True,5,Flow IAT Min,flowiatmin,0.031628210097551346,0.031628210097551346
248240,SSH-Bruteforce,SSH-Bruteforce,True,1,Dst Port,dstport,6.2400431632995605,6.2400431632995605
248240,SSH-Bruteforce,SSH-Bruteforce,True,2,Fwd Act Data Pkts,fwdactdatapkts,2.151556968688965,2.151556968688965
248240,SSH-Bruteforce,SSH-Bruteforce,True,3,Fwd Seg Size Min,fwdsegsizemin,0.3583756983280182,0.3583756983280182
248240,SSH-Bruteforce,SSH-Bruteforce,True,4,Init Bwd Win Byts,initbwdwinbyts,0.3483077883720398,0.3483077883720398
248240,SSH-Bruteforce,SSH-Bruteforce,True,5,Flow IAT Min,flowiatmin,0.031628210097551346,0.031628210097551346
253627,SSH-Bruteforce,SSH-Bruteforce,True,1,Dst Port,dstport,6.2400431632995605,6.2400431632995605
253627,SSH-Bruteforce,SSH-Bruteforce,True,2,Fwd Act Data Pkts,fwdactdatapkts,2.151556968688965,2.151556968688965
253627,SSH-Bruteforce,SSH-Bruteforce,True,3,Fwd Seg Size Min,fwdsegsizemin,0.3583756983280182,0.3583756983280182
253627,SSH-Bruteforce,SSH-Bruteforce,True,4,Init Bwd Win Byts,initbwdwinbyts,0.3483077883720398,0.3483077883720398
253627,SSH-Bruteforce,SSH-Bruteforce,True,5,Flow IAT Min,flowiatmin,0.031628210097551346,0.031628210097551346
255004,SSH-Bruteforce,SSH-Bruteforce,True,1,Dst Port,dstport,5.527334213256836,5.527334213256836
255004,SSH-Bruteforce,SSH-Bruteforce,True,2,Flow IAT Min,flowiatmin,-1.1729719638824463,1.1729719638824463
255004,SSH-Bruteforce,SSH-Bruteforce,True,3,Bwd Header Len,bwdheaderlen,1.0257419347763062,1.0257419347763062
255004,SSH-Bruteforce,SSH-Bruteforce,True,4,Bwd Pkts/s,bwdpktss,0.4217081367969513,0.4217081367969513
255004,SSH-Bruteforce,SSH-Bruteforce,True,5,Fwd Seg Size Min,fwdsegsizemin,0.27299022674560547,0.27299022674560547
262642,SSH-Bruteforce,SSH-Bruteforce,True,1,Dst Port,dstport,6.2400431632995605,6.2400431632995605
262642,SSH-Bruteforce,SSH-Bruteforce,True,2,Fwd Act Data Pkts,fwdactdatapkts,2.151556968688965,2.151556968688965
262642,SSH-Bruteforce,SSH-Bruteforce,True,3,Fwd Seg Size Min,fwdsegsizemin,0.3583756983280182,0.3583756983280182
262642,SSH-Bruteforce,SSH-Bruteforce,True,4,Init Bwd Win Byts,initbwdwinbyts,0.3483077883720398,0.3483077883720398
262642,SSH-Bruteforce,SSH-Bruteforce,True,5,Flow IAT Min,flowiatmin,0.031628210097551346,0.031628210097551346
264254,SSH-Bruteforce,SSH-Bruteforce,True,1,Dst Port,dstport,6.2400431632995605,6.2400431632995605
264254,SSH-Bruteforce,SSH-Bruteforce,True,2,Fwd Act Data Pkts,fwdactdatapkts,2.151556968688965,2.151556968688965
264254,SSH-Bruteforce,SSH-Bruteforce,True,3,Fwd Seg Size Min,fwdsegsizemin,0.3583756983280182,0.3583756983280182
264254,SSH-Bruteforce,SSH-Bruteforce,True,4,Init Bwd Win Byts,initbwdwinbyts,0.3483077883720398,0.3483077883720398
264254,SSH-Bruteforce,SSH-Bruteforce,True,5,Flow IAT Min,flowiatmin,0.031628210097551346,0.031628210097551346
286658,SSH-Bruteforce,SSH-Bruteforce,True,1,Dst Port,dstport,6.2400431632995605,6.2400431632995605
286658,SSH-Bruteforce,SSH-Bruteforce,True,2,Fwd Act Data Pkts,fwdactdatapkts,2.151556968688965,2.151556968688965
286658,SSH-Bruteforce,SSH-Bruteforce,True,3,Fwd Seg Size Min,fwdsegsizemin,0.3583756983280182,0.3583756983280182
286658,SSH-Bruteforce,SSH-Bruteforce,True,4,Init Bwd Win Byts,initbwdwinbyts,0.3483077883720398,0.3483077883720398
286658,SSH-Bruteforce,SSH-Bruteforce,True,5,Flow IAT Min,flowiatmin,0.031628210097551346,0.031628210097551346
287729,SSH-Bruteforce,SSH-Bruteforce,True,1,Dst Port,dstport,6.2400431632995605,6.2400431632995605
287729,SSH-Bruteforce,SSH-Bruteforce,True,2,Fwd Act Data Pkts,fwdactdatapkts,2.151556968688965,2.151556968688965
287729,SSH-Bruteforce,SSH-Bruteforce,True,3,Fwd Seg Size Min,fwdsegsizemin,0.3583756983280182,0.3583756983280182
287729,SSH-Bruteforce,SSH-Bruteforce,True,4,Init Bwd Win Byts,initbwdwinbyts,0.3483077883720398,0.3483077883720398
287729,SSH-Bruteforce,SSH-Bruteforce,True,5,Flow IAT Min,flowiatmin,0.031628210097551346,0.031628210097551346
292441,SSH-Bruteforce,SSH-Bruteforce,True,1,Dst Port,dstport,6.2400431632995605,6.2400431632995605
292441,SSH-Bruteforce,SSH-Bruteforce,True,2,Fwd Act Data Pkts,fwdactdatapkts,2.151556968688965,2.151556968688965
292441,SSH-Bruteforce,SSH-Bruteforce,True,3,Fwd Seg Size Min,fwdsegsizemin,0.3583756983280182,0.3583756983280182
292441,SSH-Bruteforce,SSH-Bruteforce,True,4,Init Bwd Win Byts,initbwdwinbyts,0.3483077883720398,0.3483077883720398
292441,SSH-Bruteforce,SSH-Bruteforce,True,5,Flow IAT Min,flowiatmin,0.031628210097551346,0.031628210097551346
311164,SSH-Bruteforce,SSH-Bruteforce,True,1,Dst Port,dstport,6.2400431632995605,6.2400431632995605
311164,SSH-Bruteforce,SSH-Bruteforce,True,2,Fwd Act Data Pkts,fwdactdatapkts,2.151556968688965,2.151556968688965
311164,SSH-Bruteforce,SSH-Bruteforce,True,3,Fwd Seg Size Min,fwdsegsizemin,0.3583756983280182,0.3583756983280182
311164,SSH-Bruteforce,SSH-Bruteforce,True,4,Init Bwd Win Byts,initbwdwinbyts,0.3483077883720398,0.3483077883720398
311164,SSH-Bruteforce,SSH-Bruteforce,True,5,Flow IAT Min,flowiatmin,0.031628210097551346,0.031628210097551346
312349,SSH-Bruteforce,SSH-Bruteforce,True,1,Dst Port,dstport,6.2400431632995605,6.2400431632995605
312349,SSH-Bruteforce,SSH-Bruteforce,True,2,Fwd Act Data Pkts,fwdactdatapkts,2.151556968688965,2.151556968688965
312349,SSH-Bruteforce,SSH-Bruteforce,True,3,Fwd Seg Size Min,fwdsegsizemin,0.3583756983280182,0.3583756983280182
312349,SSH-Bruteforce,SSH-Bruteforce,True,4,Init Bwd Win Byts,initbwdwinbyts,0.3483077883720398,0.3483077883720398
312349,SSH-Bruteforce,SSH-Bruteforce,True,5,Flow IAT Min,flowiatmin,0.031628210097551346,0.031628210097551346
320545,SSH-Bruteforce,SSH-Bruteforce,True,1,Dst Port,dstport,6.2400431632995605,6.2400431632995605
320545,SSH-Bruteforce,SSH-Bruteforce,True,2,Fwd Act Data Pkts,fwdactdatapkts,2.151556968688965,2.151556968688965
320545,SSH-Bruteforce,SSH-Bruteforce,True,3,Fwd Seg Size Min,fwdsegsizemin,0.3583756983280182,0.3583756983280182
320545,SSH-Bruteforce,SSH-Bruteforce,True,4,Init Bwd Win Byts,initbwdwinbyts,0.3483077883720398,0.3483077883720398
320545,SSH-Bruteforce,SSH-Bruteforce,True,5,Flow IAT Min,flowiatmin,0.031628210097551346,0.031628210097551346
322400,SSH-Bruteforce,SSH-Bruteforce,True,1,Dst Port,dstport,6.2400431632995605,6.2400431632995605
322400,SSH-Bruteforce,SSH-Bruteforce,True,2,Fwd Act Data Pkts,fwdactdatapkts,2.151556968688965,2.151556968688965
322400,SSH-Bruteforce,SSH-Bruteforce,True,3,Fwd Seg Size Min,fwdsegsizemin,0.3583756983280182,0.3583756983280182
322400,SSH-Bruteforce,SSH-Bruteforce,True,4,Init Bwd Win Byts,initbwdwinbyts,0.3483077883720398,0.3483077883720398
322400,SSH-Bruteforce,SSH-Bruteforce,True,5,Flow IAT Min,flowiatmin,0.031628210097551346,0.031628210097551346
326393,SSH-Bruteforce,SSH-Bruteforce,True,1,Dst Port,dstport,6.103461265563965,6.103461265563965
326393,SSH-Bruteforce,SSH-Bruteforce,True,2,Bwd Header Len,bwdheaderlen,1.0143284797668457,1.0143284797668457
326393,SSH-Bruteforce,SSH-Bruteforce,True,3,Bwd Pkts/s,bwdpktss,0.9847534894943237,0.9847534894943237
326393,SSH-Bruteforce,SSH-Bruteforce,True,4,Fwd Seg Size Min,fwdsegsizemin,0.35492363572120667,0.35492363572120667
326393,SSH-Bruteforce,SSH-Bruteforce,True,5,Init Bwd Win Byts,initbwdwinbyts,0.3485093414783478,0.3485093414783478
326877,SSH-Bruteforce,SSH-Bruteforce,True,1,Dst Port,dstport,6.2400431632995605,6.2400431632995605
326877,SSH-Bruteforce,SSH-Bruteforce,True,2,Fwd Act Data Pkts,fwdactdatapkts,2.151556968688965,2.151556968688965
326877,SSH-Bruteforce,SSH-Bruteforce,True,3,Fwd Seg Size Min,fwdsegsizemin,0.3583756983280182,0.3583756983280182
326877,SSH-Bruteforce,SSH-Bruteforce,True,4,Init Bwd Win Byts,initbwdwinbyts,0.3483077883720398,0.3483077883720398
326877,SSH-Bruteforce,SSH-Bruteforce,True,5,Flow IAT Min,flowiatmin,0.031628210097551346,0.031628210097551346
329911,SSH-Bruteforce,SSH-Bruteforce,True,1,Dst Port,dstport,6.227142810821533,6.227142810821533
329911,SSH-Bruteforce,SSH-Bruteforce,True,2,Fwd Act Data Pkts,fwdactdatapkts,2.1900336742401123,2.1900336742401123
329911,SSH-Bruteforce,SSH-Bruteforce,True,3,Fwd Seg Size Min,fwdsegsizemin,0.3583756983280182,0.3583756983280182
329911,SSH-Bruteforce,SSH-Bruteforce,True,4,Init Bwd Win Byts,initbwdwinbyts,0.34877535700798035,0.34877535700798035
329911,SSH-Bruteforce,SSH-Bruteforce,True,5,Flow IAT Min,flowiatmin,0.02043459750711918,0.02043459750711918
330142,SSH-Bruteforce,SSH-Bruteforce,True,1,Dst Port,dstport,6.103461265563965,6.103461265563965
330142,SSH-Bruteforce,SSH-Bruteforce,True,2,Bwd Header Len,bwdheaderlen,1.0143284797668457,1.0143284797668457
330142,SSH-Bruteforce,SSH-Bruteforce,True,3,Bwd Pkts/s,bwdpktss,0.9847534894943237,0.9847534894943237
330142,SSH-Bruteforce,SSH-Bruteforce,True,4,Fwd Seg Size Min,fwdsegsizemin,0.35492363572120667,0.35492363572120667
330142,SSH-Bruteforce,SSH-Bruteforce,True,5,Init Bwd Win Byts,initbwdwinbyts,0.3485093414783478,0.3485093414783478
331268,SSH-Bruteforce,SSH-Bruteforce,True,1,Dst Port,dstport,6.2400431632995605,6.2400431632995605
331268,SSH-Bruteforce,SSH-Bruteforce,True,2,Fwd Act Data Pkts,fwdactdatapkts,2.151556968688965,2.151556968688965
331268,SSH-Bruteforce,SSH-Bruteforce,True,3,Fwd Seg Size Min,fwdsegsizemin,0.3583756983280182,0.3583756983280182
331268,SSH-Bruteforce,SSH-Bruteforce,True,4,Init Bwd Win Byts,initbwdwinbyts,0.3483077883720398,0.3483077883720398
331268,SSH-Bruteforce,SSH-Bruteforce,True,5,Flow IAT Min,flowiatmin,0.031628210097551346,0.031628210097551346
338060,SSH-Bruteforce,SSH-Bruteforce,True,1,Dst Port,dstport,6.2400431632995605,6.2400431632995605
338060,SSH-Bruteforce,SSH-Bruteforce,True,2,Fwd Act Data Pkts,fwdactdatapkts,2.151556968688965,2.151556968688965
338060,SSH-Bruteforce,SSH-Bruteforce,True,3,Fwd Seg Size Min,fwdsegsizemin,0.3583756983280182,0.3583756983280182
338060,SSH-Bruteforce,SSH-Bruteforce,True,4,Init Bwd Win Byts,initbwdwinbyts,0.3483077883720398,0.3483077883720398
338060,SSH-Bruteforce,SSH-Bruteforce,True,5,Flow IAT Min,flowiatmin,0.031628210097551346,0.031628210097551346
364927,SSH-Bruteforce,SSH-Bruteforce,True,1,Dst Port,dstport,6.2400431632995605,6.2400431632995605
364927,SSH-Bruteforce,SSH-Bruteforce,True,2,Fwd Act Data Pkts,fwdactdatapkts,2.151556968688965,2.151556968688965
364927,SSH-Bruteforce,SSH-Bruteforce,True,3,Fwd Seg Size Min,fwdsegsizemin,0.3583756983280182,0.3583756983280182
364927,SSH-Bruteforce,SSH-Bruteforce,True,4,Init Bwd Win Byts,initbwdwinbyts,0.3483077883720398,0.3483077883720398
364927,SSH-Bruteforce,SSH-Bruteforce,True,5,Flow IAT Min,flowiatmin,0.031628210097551346,0.031628210097551346
366374,SSH-Bruteforce,SSH-Bruteforce,True,1,Dst Port,dstport,6.2400431632995605,6.2400431632995605
366374,SSH-Bruteforce,SSH-Bruteforce,True,2,Fwd Act Data Pkts,fwdactdatapkts,2.151556968688965,2.151556968688965
366374,SSH-Bruteforce,SSH-Bruteforce,True,3,Fwd Seg Size Min,fwdsegsizemin,0.3583756983280182,0.3583756983280182
366374,SSH-Bruteforce,SSH-Bruteforce,True,4,Init Bwd Win Byts,initbwdwinbyts,0.3483077883720398,0.3483077883720398
366374,SSH-Bruteforce,SSH-Bruteforce,True,5,Flow IAT Min,flowiatmin,0.031628210097551346,0.031628210097551346
370476,SSH-Bruteforce,SSH-Bruteforce,True,1,Dst Port,dstport,6.103461265563965,6.103461265563965
370476,SSH-Bruteforce,SSH-Bruteforce,True,2,Bwd Header Len,bwdheaderlen,1.0143284797668457,1.0143284797668457
370476,SSH-Bruteforce,SSH-Bruteforce,True,3,Bwd Pkts/s,bwdpktss,0.9847534894943237,0.9847534894943237
370476,SSH-Bruteforce,SSH-Bruteforce,True,4,Fwd Seg Size Min,fwdsegsizemin,0.35492363572120667,0.35492363572120667
370476,SSH-Bruteforce,SSH-Bruteforce,True,5,Init Bwd Win Byts,initbwdwinbyts,0.3485093414783478,0.3485093414783478
384401,SSH-Bruteforce,SSH-Bruteforce,True,1,Dst Port,dstport,6.289041042327881,6.289041042327881
384401,SSH-Bruteforce,SSH-Bruteforce,True,2,Bwd Header Len,bwdheaderlen,1.0257419347763062,1.0257419347763062
384401,SSH-Bruteforce,SSH-Bruteforce,True,3,Bwd Pkts/s,bwdpktss,0.4346323311328888,0.4346323311328888
384401,SSH-Bruteforce,SSH-Bruteforce,True,4,Fwd Seg Size Min,fwdsegsizemin,0.3609350621700287,0.3609350621700287
384401,SSH-Bruteforce,SSH-Bruteforce,True,5,Init Bwd Win Byts,initbwdwinbyts,0.3205082416534424,0.3205082416534424
392295,SSH-Bruteforce,SSH-Bruteforce,True,1,Dst Port,dstport,6.2400431632995605,6.2400431632995605
392295,SSH-Bruteforce,SSH-Bruteforce,True,2,Fwd Act Data Pkts,fwdactdatapkts,2.151556968688965,2.151556968688965
392295,SSH-Bruteforce,SSH-Bruteforce,True,3,Fwd Seg Size Min,fwdsegsizemin,0.3583756983280182,0.3583756983280182
392295,SSH-Bruteforce,SSH-Bruteforce,True,4,Init Bwd Win Byts,initbwdwinbyts,0.3483077883720398,0.3483077883720398
392295,SSH-Bruteforce,SSH-Bruteforce,True,5,Flow IAT Min,flowiatmin,0.031628210097551346,0.031628210097551346
394399,SSH-Bruteforce,SSH-Bruteforce,True,1,Dst Port,dstport,6.221385478973389,6.221385478973389
394399,SSH-Bruteforce,SSH-Bruteforce,True,2,Fwd Act Data Pkts,fwdactdatapkts,2.1900336742401123,2.1900336742401123
394399,SSH-Bruteforce,SSH-Bruteforce,True,3,Fwd Seg Size Min,fwdsegsizemin,0.3583756983280182,0.3583756983280182
394399,SSH-Bruteforce,SSH-Bruteforce,True,4,Init Bwd Win Byts,initbwdwinbyts,0.34837520122528076,0.34837520122528076
394399,SSH-Bruteforce,SSH-Bruteforce,True,5,Bwd Header Len,bwdheaderlen,0.01593516767024994,0.01593516767024994
394609,SSH-Bruteforce,SSH-Bruteforce,True,1,Dst Port,dstport,6.2400431632995605,6.2400431632995605
394609,SSH-Bruteforce,SSH-Bruteforce,True,2,Fwd Act Data Pkts,fwdactdatapkts,2.151556968688965,2.151556968688965
394609,SSH-Bruteforce,SSH-Bruteforce,True,3,Fwd Seg Size Min,fwdsegsizemin,0.3583756983280182,0.3583756983280182
394609,SSH-Bruteforce,SSH-Bruteforce,True,4,Init Bwd Win Byts,initbwdwinbyts,0.3483077883720398,0.3483077883720398
394609,SSH-Bruteforce,SSH-Bruteforce,True,5,Flow IAT Min,flowiatmin,0.031628210097551346,0.031628210097551346
409941,SSH-Bruteforce,SSH-Bruteforce,True,1,Dst Port,dstport,6.2400431632995605,6.2400431632995605
409941,SSH-Bruteforce,SSH-Bruteforce,True,2,Fwd Act Data Pkts,fwdactdatapkts,2.151556968688965,2.151556968688965
409941,SSH-Bruteforce,SSH-Bruteforce,True,3,Fwd Seg Size Min,fwdsegsizemin,0.3583756983280182,0.3583756983280182
409941,SSH-Bruteforce,SSH-Bruteforce,True,4,Init Bwd Win Byts,initbwdwinbyts,0.3483077883720398,0.3483077883720398
409941,SSH-Bruteforce,SSH-Bruteforce,True,5,Flow IAT Min,flowiatmin,0.031628210097551346,0.031628210097551346
419103,SSH-Bruteforce,SSH-Bruteforce,True,1,Dst Port,dstport,6.2400431632995605,6.2400431632995605
419103,SSH-Bruteforce,SSH-Bruteforce,True,2,Fwd Act Data Pkts,fwdactdatapkts,2.151556968688965,2.151556968688965
419103,SSH-Bruteforce,SSH-Bruteforce,True,3,Fwd Seg Size Min,fwdsegsizemin,0.3583756983280182,0.3583756983280182
419103,SSH-Bruteforce,SSH-Bruteforce,True,4,Init Bwd Win Byts,initbwdwinbyts,0.3483077883720398,0.3483077883720398
419103,SSH-Bruteforce,SSH-Bruteforce,True,5,Flow IAT Min,flowiatmin,0.031628210097551346,0.031628210097551346
419955,SSH-Bruteforce,SSH-Bruteforce,True,1,Dst Port,dstport,6.0586628913879395,6.0586628913879395
419955,SSH-Bruteforce,SSH-Bruteforce,True,2,Bwd Header Len,bwdheaderlen,1.2452483177185059,1.2452483177185059
419955,SSH-Bruteforce,SSH-Bruteforce,True,3,Bwd Pkts/s,bwdpktss,0.7336902618408203,0.7336902618408203
419955,SSH-Bruteforce,SSH-Bruteforce,True,4,Fwd Seg Size Min,fwdsegsizemin,0.35492363572120667,0.35492363572120667
419955,SSH-Bruteforce,SSH-Bruteforce,True,5,Init Bwd Win Byts,initbwdwinbyts,0.3489769995212555,0.3489769995212555
431716,SSH-Bruteforce,SSH-Bruteforce,True,1,Dst Port,dstport,6.2400431632995605,6.2400431632995605
431716,SSH-Bruteforce,SSH-Bruteforce,True,2,Fwd Act Data Pkts,fwdactdatapkts,2.151556968688965,2.151556968688965
431716,SSH-Bruteforce,SSH-Bruteforce,True,3,Fwd Seg Size Min,fwdsegsizemin,0.3583756983280182,0.3583756983280182
431716,SSH-Bruteforce,SSH-Bruteforce,True,4,Init Bwd Win Byts,initbwdwinbyts,0.3483077883720398,0.3483077883720398
431716,SSH-Bruteforce,SSH-Bruteforce,True,5,Flow IAT Min,flowiatmin,0.031628210097551346,0.031628210097551346
434728,SSH-Bruteforce,SSH-Bruteforce,True,1,Dst Port,dstport,6.2400431632995605,6.2400431632995605
434728,SSH-Bruteforce,SSH-Bruteforce,True,2,Fwd Act Data Pkts,fwdactdatapkts,2.151556968688965,2.151556968688965
434728,SSH-Bruteforce,SSH-Bruteforce,True,3,Fwd Seg Size Min,fwdsegsizemin,0.3583756983280182,0.3583756983280182
434728,SSH-Bruteforce,SSH-Bruteforce,True,4,Init Bwd Win Byts,initbwdwinbyts,0.3483077883720398,0.3483077883720398
434728,SSH-Bruteforce,SSH-Bruteforce,True,5,Flow IAT Min,flowiatmin,0.031628210097551346,0.031628210097551346
449710,SSH-Bruteforce,SSH-Bruteforce,True,1,Dst Port,dstport,6.2400431632995605,6.2400431632995605
449710,SSH-Bruteforce,SSH-Bruteforce,True,2,Fwd Act Data Pkts,fwdactdatapkts,2.151556968688965,2.151556968688965
449710,SSH-Bruteforce,SSH-Bruteforce,True,3,Fwd Seg Size Min,fwdsegsizemin,0.3583756983280182,0.3583756983280182
449710,SSH-Bruteforce,SSH-Bruteforce,True,4,Init Bwd Win Byts,initbwdwinbyts,0.3483077883720398,0.3483077883720398
449710,SSH-Bruteforce,SSH-Bruteforce,True,5,Flow IAT Min,flowiatmin,0.031628210097551346,0.031628210097551346
455128,SSH-Bruteforce,SSH-Bruteforce,True,1,Dst Port,dstport,6.2400431632995605,6.2400431632995605
455128,SSH-Bruteforce,SSH-Bruteforce,True,2,Fwd Act Data Pkts,fwdactdatapkts,2.151556968688965,2.151556968688965
455128,SSH-Bruteforce,SSH-Bruteforce,True,3,Fwd Seg Size Min,fwdsegsizemin,0.3583756983280182,0.3583756983280182
455128,SSH-Bruteforce,SSH-Bruteforce,True,4,Init Bwd Win Byts,initbwdwinbyts,0.3483077883720398,0.3483077883720398
455128,SSH-Bruteforce,SSH-Bruteforce,True,5,Flow IAT Min,flowiatmin,0.031628210097551346,0.031628210097551346
459322,SSH-Bruteforce,SSH-Bruteforce,True,1,Dst Port,dstport,6.103461265563965,6.103461265563965
459322,SSH-Bruteforce,SSH-Bruteforce,True,2,Bwd Header Len,bwdheaderlen,1.0143284797668457,1.0143284797668457
459322,SSH-Bruteforce,SSH-Bruteforce,True,3,Bwd Pkts/s,bwdpktss,0.9847534894943237,0.9847534894943237
459322,SSH-Bruteforce,SSH-Bruteforce,True,4,Fwd Seg Size Min,fwdsegsizemin,0.35492363572120667,0.35492363572120667
459322,SSH-Bruteforce,SSH-Bruteforce,True,5,Init Bwd Win Byts,initbwdwinbyts,0.3485093414783478,0.3485093414783478
459759,SSH-Bruteforce,SSH-Bruteforce,True,1,Dst Port,dstport,6.2400431632995605,6.2400431632995605
459759,SSH-Bruteforce,SSH-Bruteforce,True,2,Fwd Act Data Pkts,fwdactdatapkts,2.151556968688965,2.151556968688965
459759,SSH-Bruteforce,SSH-Bruteforce,True,3,Fwd Seg Size Min,fwdsegsizemin,0.3583756983280182,0.3583756983280182
459759,SSH-Bruteforce,SSH-Bruteforce,True,4,Init Bwd Win Byts,initbwdwinbyts,0.3483077883720398,0.3483077883720398
459759,SSH-Bruteforce,SSH-Bruteforce,True,5,Flow IAT Min,flowiatmin,0.031628210097551346,0.031628210097551346
474837,SSH-Bruteforce,SSH-Bruteforce,True,1,Dst Port,dstport,6.2400431632995605,6.2400431632995605
474837,SSH-Bruteforce,SSH-Bruteforce,True,2,Fwd Act Data Pkts,fwdactdatapkts,2.151556968688965,2.151556968688965
474837,SSH-Bruteforce,SSH-Bruteforce,True,3,Fwd Seg Size Min,fwdsegsizemin,0.3583756983280182,0.3583756983280182
474837,SSH-Bruteforce,SSH-Bruteforce,True,4,Init Bwd Win Byts,initbwdwinbyts,0.3483077883720398,0.3483077883720398
474837,SSH-Bruteforce,SSH-Bruteforce,True,5,Flow IAT Min,flowiatmin,0.031628210097551346,0.031628210097551346
479497,SSH-Bruteforce,SSH-Bruteforce,True,1,Dst Port,dstport,6.2400431632995605,6.2400431632995605
479497,SSH-Bruteforce,SSH-Bruteforce,True,2,Fwd Act Data Pkts,fwdactdatapkts,2.151556968688965,2.151556968688965
479497,SSH-Bruteforce,SSH-Bruteforce,True,3,Fwd Seg Size Min,fwdsegsizemin,0.3583756983280182,0.3583756983280182
479497,SSH-Bruteforce,SSH-Bruteforce,True,4,Init Bwd Win Byts,initbwdwinbyts,0.3483077883720398,0.3483077883720398
479497,SSH-Bruteforce,SSH-Bruteforce,True,5,Flow IAT Min,flowiatmin,0.031628210097551346,0.031628210097551346
496963,SSH-Bruteforce,SSH-Bruteforce,True,1,Dst Port,dstport,6.2400431632995605,6.2400431632995605
496963,SSH-Bruteforce,SSH-Bruteforce,True,2,Fwd Act Data Pkts,fwdactdatapkts,2.151556968688965,2.151556968688965
496963,SSH-Bruteforce,SSH-Bruteforce,True,3,Fwd Seg Size Min,fwdsegsizemin,0.3583756983280182,0.3583756983280182
496963,SSH-Bruteforce,SSH-Bruteforce,True,4,Init Bwd Win Byts,initbwdwinbyts,0.3483077883720398,0.3483077883720398
496963,SSH-Bruteforce,SSH-Bruteforce,True,5,Flow IAT Min,flowiatmin,0.031628210097551346,0.031628210097551346
513187,SSH-Bruteforce,SSH-Bruteforce,True,1,Dst Port,dstport,6.2400431632995605,6.2400431632995605
513187,SSH-Bruteforce,SSH-Bruteforce,True,2,Fwd Act Data Pkts,fwdactdatapkts,2.151556968688965,2.151556968688965
513187,SSH-Bruteforce,SSH-Bruteforce,True,3,Fwd Seg Size Min,fwdsegsizemin,0.3583756983280182,0.3583756983280182
513187,SSH-Bruteforce,SSH-Bruteforce,True,4,Init Bwd Win Byts,initbwdwinbyts,0.3483077883720398,0.3483077883720398
513187,SSH-Bruteforce,SSH-Bruteforce,True,5,Flow IAT Min,flowiatmin,0.031628210097551346,0.031628210097551346
521774,SSH-Bruteforce,SSH-Bruteforce,True,1,Dst Port,dstport,6.2214035987854,6.2214035987854
521774,SSH-Bruteforce,SSH-Bruteforce,True,2,Fwd Act Data Pkts,fwdactdatapkts,2.1900336742401123,2.1900336742401123
521774,SSH-Bruteforce,SSH-Bruteforce,True,3,Fwd Seg Size Min,fwdsegsizemin,0.3583756983280182,0.3583756983280182
521774,SSH-Bruteforce,SSH-Bruteforce,True,4,Init Bwd Win Byts,initbwdwinbyts,0.3483077883720398,0.3483077883720398
521774,SSH-Bruteforce,SSH-Bruteforce,True,5,Bwd Header Len,bwdheaderlen,0.01593516767024994,0.01593516767024994
529046,SSH-Bruteforce,SSH-Bruteforce,True,1,Dst Port,dstport,6.2400431632995605,6.2400431632995605
529046,SSH-Bruteforce,SSH-Bruteforce,True,2,Fwd Act Data Pkts,fwdactdatapkts,2.151556968688965,2.151556968688965
529046,SSH-Bruteforce,SSH-Bruteforce,True,3,Fwd Seg Size Min,fwdsegsizemin,0.3583756983280182,0.3583756983280182
529046,SSH-Bruteforce,SSH-Bruteforce,True,4,Init Bwd Win Byts,initbwdwinbyts,0.3483077883720398,0.3483077883720398
529046,SSH-Bruteforce,SSH-Bruteforce,True,5,Flow IAT Min,flowiatmin,0.031628210097551346,0.031628210097551346
530712,SSH-Bruteforce,SSH-Bruteforce,True,1,Dst Port,dstport,6.06621789932251,6.06621789932251
530712,SSH-Bruteforce,SSH-Bruteforce,True,2,Bwd Header Len,bwdheaderlen,1.2452483177185059,1.2452483177185059
530712,SSH-Bruteforce,SSH-Bruteforce,True,3,Bwd Pkts/s,bwdpktss,0.7336902618408203,0.7336902618408203
530712,SSH-Bruteforce,SSH-Bruteforce,True,4,Fwd Seg Size Min,fwdsegsizemin,0.3609350621700287,0.3609350621700287
530712,SSH-Bruteforce,SSH-Bruteforce,True,5,Init Bwd Win Byts,initbwdwinbyts,0.31396323442459106,0.31396323442459106
544121,SSH-Bruteforce,SSH-Bruteforce,True,1,Dst Port,dstport,6.103461265563965,6.103461265563965
544121,SSH-Bruteforce,SSH-Bruteforce,True,2,Bwd Header Len,bwdheaderlen,1.0143284797668457,1.0143284797668457
544121,SSH-Bruteforce,SSH-Bruteforce,True,3,Bwd Pkts/s,bwdpktss,0.9847534894943237,0.9847534894943237
544121,SSH-Bruteforce,SSH-Bruteforce,True,4,Fwd Seg Size Min,fwdsegsizemin,0.35492363572120667,0.35492363572120667
544121,SSH-Bruteforce,SSH-Bruteforce,True,5,Init Bwd Win Byts,initbwdwinbyts,0.3485093414783478,0.3485093414783478
547214,SSH-Bruteforce,SSH-Bruteforce,True,1,Dst Port,dstport,6.2400431632995605,6.2400431632995605
547214,SSH-Bruteforce,SSH-Bruteforce,True,2,Fwd Act Data Pkts,fwdactdatapkts,2.151556968688965,2.151556968688965
547214,SSH-Bruteforce,SSH-Bruteforce,True,3,Fwd Seg Size Min,fwdsegsizemin,0.3583756983280182,0.3583756983280182
547214,SSH-Bruteforce,SSH-Bruteforce,True,4,Init Bwd Win Byts,initbwdwinbyts,0.3483077883720398,0.3483077883720398
547214,SSH-Bruteforce,SSH-Bruteforce,True,5,Flow IAT Min,flowiatmin,0.031628210097551346,0.031628210097551346
577853,SSH-Bruteforce,SSH-Bruteforce,True,1,Dst Port,dstport,6.2214035987854,6.2214035987854
577853,SSH-Bruteforce,SSH-Bruteforce,True,2,Fwd Act Data Pkts,fwdactdatapkts,2.1900336742401123,2.1900336742401123
577853,SSH-Bruteforce,SSH-Bruteforce,True,3,Fwd Seg Size Min,fwdsegsizemin,0.3583756983280182,0.3583756983280182
577853,SSH-Bruteforce,SSH-Bruteforce,True,4,Init Bwd Win Byts,initbwdwinbyts,0.3483077883720398,0.3483077883720398
577853,SSH-Bruteforce,SSH-Bruteforce,True,5,Bwd Header Len,bwdheaderlen,0.01593516767024994,0.01593516767024994
578272,SSH-Bruteforce,SSH-Bruteforce,True,1,Dst Port,dstport,6.2400431632995605,6.2400431632995605
578272,SSH-Bruteforce,SSH-Bruteforce,True,2,Fwd Act Data Pkts,fwdactdatapkts,2.151556968688965,2.151556968688965
578272,SSH-Bruteforce,SSH-Bruteforce,True,3,Fwd Seg Size Min,fwdsegsizemin,0.3583756983280182,0.3583756983280182
578272,SSH-Bruteforce,SSH-Bruteforce,True,4,Init Bwd Win Byts,initbwdwinbyts,0.3483077883720398,0.3483077883720398
578272,SSH-Bruteforce,SSH-Bruteforce,True,5,Flow IAT Min,flowiatmin,0.031628210097551346,0.031628210097551346
582255,SSH-Bruteforce,SSH-Bruteforce,True,1,Dst Port,dstport,6.0586628913879395,6.0586628913879395
582255,SSH-Bruteforce,SSH-Bruteforce,True,2,Bwd Header Len,bwdheaderlen,1.2452483177185059,1.2452483177185059
582255,SSH-Bruteforce,SSH-Bruteforce,True,3,Bwd Pkts/s,bwdpktss,0.7336902618408203,0.7336902618408203
582255,SSH-Bruteforce,SSH-Bruteforce,True,4,Fwd Seg Size Min,fwdsegsizemin,0.35492363572120667,0.35492363572120667
582255,SSH-Bruteforce,SSH-Bruteforce,True,5,Init Bwd Win Byts,initbwdwinbyts,0.3489769995212555,0.3489769995212555
588968,SSH-Bruteforce,SSH-Bruteforce,True,1,Dst Port,dstport,6.095210075378418,6.095210075378418
588968,SSH-Bruteforce,SSH-Bruteforce,True,2,Bwd Header Len,bwdheaderlen,1.0143284797668457,1.0143284797668457
588968,SSH-Bruteforce,SSH-Bruteforce,True,3,Bwd Pkts/s,bwdpktss,0.9927694797515869,0.9927694797515869
588968,SSH-Bruteforce,SSH-Bruteforce,True,4,Fwd Seg Size Min,fwdsegsizemin,0.35492363572120667,0.35492363572120667
588968,SSH-Bruteforce,SSH-Bruteforce,True,5,Init Bwd Win Byts,initbwdwinbyts,0.34857675433158875,0.34857675433158875
589935,SSH-Bruteforce,SSH-Bruteforce,True,1,Dst Port,dstport,6.227142810821533,6.227142810821533
589935,SSH-Bruteforce,SSH-Bruteforce,True,2,Fwd Act Data Pkts,fwdactdatapkts,2.1900336742401123,2.1900336742401123
589935,SSH-Bruteforce,SSH-Bruteforce,True,3,Fwd Seg Size Min,fwdsegsizemin,0.3583756983280182,0.3583756983280182
589935,SSH-Bruteforce,SSH-Bruteforce,True,4,Init Bwd Win Byts,initbwdwinbyts,0.34877535700798035,0.34877535700798035
589935,SSH-Bruteforce,SSH-Bruteforce,True,5,Flow IAT Min,flowiatmin,0.02043459750711918,0.02043459750711918
591621,SSH-Bruteforce,SSH-Bruteforce,True,1,Dst Port,dstport,6.2400431632995605,6.2400431632995605
591621,SSH-Bruteforce,SSH-Bruteforce,True,2,Fwd Act Data Pkts,fwdactdatapkts,2.151556968688965,2.151556968688965
591621,SSH-Bruteforce,SSH-Bruteforce,True,3,Fwd Seg Size Min,fwdsegsizemin,0.3583756983280182,0.3583756983280182
591621,SSH-Bruteforce,SSH-Bruteforce,True,4,Init Bwd Win Byts,initbwdwinbyts,0.3483077883720398,0.3483077883720398
591621,SSH-Bruteforce,SSH-Bruteforce,True,5,Flow IAT Min,flowiatmin,0.031628210097551346,0.031628210097551346
604435,SSH-Bruteforce,SSH-Bruteforce,True,1,Dst Port,dstport,6.095210075378418,6.095210075378418
604435,SSH-Bruteforce,SSH-Bruteforce,True,2,Bwd Header Len,bwdheaderlen,1.0143284797668457,1.0143284797668457
604435,SSH-Bruteforce,SSH-Bruteforce,True,3,Bwd Pkts/s,bwdpktss,0.9927694797515869,0.9927694797515869
604435,SSH-Bruteforce,SSH-Bruteforce,True,4,Fwd Seg Size Min,fwdsegsizemin,0.35492363572120667,0.35492363572120667
604435,SSH-Bruteforce,SSH-Bruteforce,True,5,Init Bwd Win Byts,initbwdwinbyts,0.34857675433158875,0.34857675433158875
608020,SSH-Bruteforce,SSH-Bruteforce,True,1,Dst Port,dstport,6.2400431632995605,6.2400431632995605
608020,SSH-Bruteforce,SSH-Bruteforce,True,2,Fwd Act Data Pkts,fwdactdatapkts,2.151556968688965,2.151556968688965
608020,SSH-Bruteforce,SSH-Bruteforce,True,3,Fwd Seg Size Min,fwdsegsizemin,0.3583756983280182,0.3583756983280182
608020,SSH-Bruteforce,SSH-Bruteforce,True,4,Init Bwd Win Byts,initbwdwinbyts,0.3483077883720398,0.3483077883720398
608020,SSH-Bruteforce,SSH-Bruteforce,True,5,Flow IAT Min,flowiatmin,0.031628210097551346,0.031628210097551346
623534,SSH-Bruteforce,SSH-Bruteforce,True,1,Dst Port,dstport,6.2400431632995605,6.2400431632995605
623534,SSH-Bruteforce,SSH-Bruteforce,True,2,Fwd Act Data Pkts,fwdactdatapkts,2.151556968688965,2.151556968688965
623534,SSH-Bruteforce,SSH-Bruteforce,True,3,Fwd Seg Size Min,fwdsegsizemin,0.3583756983280182,0.3583756983280182
623534,SSH-Bruteforce,SSH-Bruteforce,True,4,Init Bwd Win Byts,initbwdwinbyts,0.3483077883720398,0.3483077883720398
623534,SSH-Bruteforce,SSH-Bruteforce,True,5,Flow IAT Min,flowiatmin,0.031628210097551346,0.031628210097551346
626096,SSH-Bruteforce,SSH-Bruteforce,True,1,Dst Port,dstport,6.2400431632995605,6.2400431632995605
626096,SSH-Bruteforce,SSH-Bruteforce,True,2,Fwd Act Data Pkts,fwdactdatapkts,2.151556968688965,2.151556968688965
626096,SSH-Bruteforce,SSH-Bruteforce,True,3,Fwd Seg Size Min,fwdsegsizemin,0.3583756983280182,0.3583756983280182
626096,SSH-Bruteforce,SSH-Bruteforce,True,4,Init Bwd Win Byts,initbwdwinbyts,0.3483077883720398,0.3483077883720398
626096,SSH-Bruteforce,SSH-Bruteforce,True,5,Flow IAT Min,flowiatmin,0.031628210097551346,0.031628210097551346
649553,SSH-Bruteforce,SSH-Bruteforce,True,1,Dst Port,dstport,6.0952277183532715,6.0952277183532715
649553,SSH-Bruteforce,SSH-Bruteforce,True,2,Bwd Header Len,bwdheaderlen,1.0143284797668457,1.0143284797668457
649553,SSH-Bruteforce,SSH-Bruteforce,True,3,Bwd Pkts/s,bwdpktss,0.9927694797515869,0.9927694797515869
649553,SSH-Bruteforce,SSH-Bruteforce,True,4,Fwd Seg Size Min,fwdsegsizemin,0.35492363572120667,0.35492363572120667
649553,SSH-Bruteforce,SSH-Bruteforce,True,5,Init Bwd Win Byts,initbwdwinbyts,0.3485093414783478,0.3485093414783478
656508,SSH-Bruteforce,SSH-Bruteforce,True,1,Dst Port,dstport,6.2400431632995605,6.2400431632995605
656508,SSH-Bruteforce,SSH-Bruteforce,True,2,Fwd Act Data Pkts,fwdactdatapkts,2.151556968688965,2.151556968688965
656508,SSH-Bruteforce,SSH-Bruteforce,True,3,Fwd Seg Size Min,fwdsegsizemin,0.3583756983280182,0.3583756983280182
656508,SSH-Bruteforce,SSH-Bruteforce,True,4,Init Bwd Win Byts,initbwdwinbyts,0.3483077883720398,0.3483077883720398
656508,SSH-Bruteforce,SSH-Bruteforce,True,5,Flow IAT Min,flowiatmin,0.031628210097551346,0.031628210097551346
660211,SSH-Bruteforce,SSH-Bruteforce,True,1,Dst Port,dstport,6.2400431632995605,6.2400431632995605
660211,SSH-Bruteforce,SSH-Bruteforce,True,2,Fwd Act Data Pkts,fwdactdatapkts,2.151556968688965,2.151556968688965
660211,SSH-Bruteforce,SSH-Bruteforce,True,3,Fwd Seg Size Min,fwdsegsizemin,0.3583756983280182,0.3583756983280182
660211,SSH-Bruteforce,SSH-Bruteforce,True,4,Init Bwd Win Byts,initbwdwinbyts,0.3483077883720398,0.3483077883720398
660211,SSH-Bruteforce,SSH-Bruteforce,True,5,Flow IAT Min,flowiatmin,0.031628210097551346,0.031628210097551346
665712,SSH-Bruteforce,SSH-Bruteforce,True,1,Dst Port,dstport,6.103461265563965,6.103461265563965
665712,SSH-Bruteforce,SSH-Bruteforce,True,2,Bwd Header Len,bwdheaderlen,1.0143284797668457,1.0143284797668457
665712,SSH-Bruteforce,SSH-Bruteforce,True,3,Bwd Pkts/s,bwdpktss,0.9847534894943237,0.9847534894943237
665712,SSH-Bruteforce,SSH-Bruteforce,True,4,Fwd Seg Size Min,fwdsegsizemin,0.35492363572120667,0.35492363572120667
665712,SSH-Bruteforce,SSH-Bruteforce,True,5,Init Bwd Win Byts,initbwdwinbyts,0.3485093414783478,0.3485093414783478
698290,SSH-Bruteforce,SSH-Bruteforce,True,1,Dst Port,dstport,6.2400431632995605,6.2400431632995605
698290,SSH-Bruteforce,SSH-Bruteforce,True,2,Fwd Act Data Pkts,fwdactdatapkts,2.151556968688965,2.151556968688965
698290,SSH-Bruteforce,SSH-Bruteforce,True,3,Fwd Seg Size Min,fwdsegsizemin,0.3583756983280182,0.3583756983280182
698290,SSH-Bruteforce,SSH-Bruteforce,True,4,Init Bwd Win Byts,initbwdwinbyts,0.3483077883720398,0.3483077883720398
698290,SSH-Bruteforce,SSH-Bruteforce,True,5,Flow IAT Min,flowiatmin,0.031628210097551346,0.031628210097551346
699715,SSH-Bruteforce,SSH-Bruteforce,True,1,Dst Port,dstport,6.103461265563965,6.103461265563965
699715,SSH-Bruteforce,SSH-Bruteforce,True,2,Bwd Header Len,bwdheaderlen,1.0143284797668457,1.0143284797668457
699715,SSH-Bruteforce,SSH-Bruteforce,True,3,Bwd Pkts/s,bwdpktss,0.9847534894943237,0.9847534894943237
699715,SSH-Bruteforce,SSH-Bruteforce,True,4,Fwd Seg Size Min,fwdsegsizemin,0.35492363572120667,0.35492363572120667
699715,SSH-Bruteforce,SSH-Bruteforce,True,5,Init Bwd Win Byts,initbwdwinbyts,0.3485093414783478,0.3485093414783478
