sample_id,true_label,predicted_label,n_expected_signals,shap_top5,shap_matched,shap_precision_at_5,lime_top5,lime_matched,lime_precision_at_5
303,Infilteration,Infilteration,6,Fwd Header Len|Fwd Seg Size Min|PSH Flag Cnt|Flow IAT Min|Bwd Pkts/s,Flow IAT Min,0.2,RST Flag Cnt|Fwd Pkt Len Mean|Idle Max|URG Flag Cnt|ECE Flag Cnt,,0.0
700,SSH-Bruteforce,SSH-Bruteforce,4,Dst Port|Fwd Act Data Pkts|Fwd Seg Size Min|Init Bwd Win Byts|Flow IAT Min,Dst Port|Flow IAT Min,0.4,Dst Port|Init Bwd Win Byts|Fwd Act Data Pkts|FIN Flag Cnt|CWE Flag Count,Dst Port,0.2
861,DDOS attack-LOIC-UDP,DDOS attack-LOIC-UDP,5,Tot Fwd Pkts|Fwd IAT Tot|Fwd Act Data Pkts|Flow IAT Min|Fwd Header Len,,0.0,Tot Fwd Pkts|Fwd Act Data Pkts|Flow Duration|Fwd Header Len|Fwd URG Flags,Flow Duration,0.2
984,DoS attacks-SlowHTTPTest,DoS attacks-SlowHTTPTest,4,Fwd Seg Size Min|Flow IAT Max|Flow Duration|Bwd Pkts/s|Flow IAT Min,Flow Duration,0.2,Fwd Seg Size Min|Init Fwd Win Byts|Bwd Header Len|Init Bwd Win Byts|Flow IAT Min,,0.0
1127,DoS attacks-Hulk,DoS attacks-Hulk,4,Fwd Seg Size Min|Tot Bwd Pkts|Init Fwd Win Byts|Fwd Pkt Len Max|Fwd IAT Min,,0.0,FIN Flag Cnt|Fwd Seg Size Min|Dst Port|Tot Bwd Pkts|Active Std,Dst Port,0.2
1582,Brute Force -Web,Brute Force -Web,4,Init Fwd Win Byts|Fwd Pkts/s|Dst Port|Bwd Pkts/s|Fwd IAT Min,Dst Port,0.2,Fwd IAT Min|Flow IAT Max|Fwd IAT Mean|Flow IAT Min|Flow IAT Std,Flow IAT Min,0.2
1650,FTP-BruteForce,FTP-BruteForce,4,Fwd Seg Size Min|Flow Pkts/s|Flow IAT Mean|Flow IAT Max|Flow IAT Min,Flow IAT Min,0.2,Fwd Seg Size Min|Init Fwd Win Byts|Init Bwd Win Byts|Fwd IAT Tot|Flow Duration,,0.0
2031,FTP-BruteForce,FTP-BruteForce,4,Fwd Seg Size Min|Flow IAT Min|Flow Pkts/s|Flow IAT Max|Flow Duration,Flow IAT Min,0.2,Fwd Seg Size Min|Init Fwd Win Byts|Bwd Pkts/s|Init Bwd Win Byts|Fwd IAT Mean,,0.0
2436,DoS attacks-SlowHTTPTest,DoS attacks-SlowHTTPTest,4,Fwd Seg Size Min|Flow Duration|Bwd Pkts/s|Flow IAT Max|Flow IAT Mean,Flow Duration|Flow IAT Mean,0.4,Fwd URG Flags|Fwd Seg Size Min|Init Fwd Win Byts|CWE Flag Count|Bwd Pkts/s,,0.0
2615,DDOS attack-LOIC-UDP,DDOS attack-LOIC-UDP,5,Tot Fwd Pkts|Fwd IAT Tot|Fwd Act Data Pkts|Flow Byts/s|Flow IAT Mean,,0.0,Tot Fwd Pkts|Fwd Act Data Pkts|Fwd Header Len|Flow Duration|Fwd URG Flags,Flow Duration,0.2
2967,DDoS attacks-LOIC-HTTP,DDoS attacks-LOIC-HTTP,5,Init Fwd Win Byts|Fwd IAT Std|Fwd Pkts/s|Flow IAT Min|Flow IAT Max,Fwd Pkts/s|Flow IAT Min,0.4,FIN Flag Cnt|Fwd Pkts/s|Fwd IAT Std|Fwd URG Flags|SYN Flag Cnt,Fwd Pkts/s,0.2
4054,Brute Force -Web,Brute Force -Web,4,Init Fwd Win Byts|Fwd Pkts/s|Dst Port|Bwd Pkts/s|Fwd IAT Min,Dst Port,0.2,CWE Flag Count|Fwd IAT Max|Fwd IAT Min|Fwd Header Len|Flow IAT Min,Fwd Header Len|Flow IAT Min,0.4
4725,Brute Force -XSS,Brute Force -XSS,6,Pkt Len Std|Tot Fwd Pkts|Fwd Pkt Len Mean|Pkt Len Mean|Dst Port,Fwd Pkt Len Mean|Pkt Len Mean|Dst Port,0.6,Tot Fwd Pkts|Tot Bwd Pkts|Bwd Pkts/s|Subflow Bwd Pkts|ECE Flag Cnt,,0.0
4820,DDOS attack-HOIC,DDOS attack-HOIC,5,Init Fwd Win Byts|Dst Port|Tot Bwd Pkts|Fwd IAT Tot|Flow IAT Max,,0.0,Init Fwd Win Byts|Dst Port|Idle Std|Flow IAT Max|Fwd IAT Tot,,0.0
5384,DoS attacks-GoldenEye,DoS attacks-GoldenEye,4,Fwd Seg Size Min|Flow IAT Min|Flow IAT Mean|Init Fwd Win Byts|Dst Port,Init Fwd Win Byts|Dst Port,0.4,FIN Flag Cnt|Fwd Seg Size Min|Flow IAT Min|Idle Std|Active Std,,0.0
5639,Infilteration,Infilteration,6,Fwd Header Len|Fwd Seg Size Min|PSH Flag Cnt|Dst Port|Bwd Pkts/s,Dst Port,0.2,ECE Flag Cnt|Fwd Pkt Len Mean|RST Flag Cnt|Fwd URG Flags|Idle Max,,0.0
6075,DoS attacks-GoldenEye,DoS attacks-GoldenEye,4,Fwd Seg Size Min|Bwd Pkt Len Std|Bwd IAT Std|Flow IAT Mean|Fwd Pkt Len Max,,0.0,Fwd Seg Size Min|Bwd Pkt Len Std|Active Min|Tot Fwd Pkts|Fwd Seg Size Avg,,0.0
6520,SSH-Bruteforce,SSH-Bruteforce,4,Dst Port|Fwd Act Data Pkts|Fwd Seg Size Min|Init Bwd Win Byts|Flow IAT Min,Dst Port|Flow IAT Min,0.4,Dst Port|Init Bwd Win Byts|Fwd Act Data Pkts|CWE Flag Count|Flow IAT Mean,Dst Port,0.2
7494,Bot,Bot,5,Dst Port|RST Flag Cnt|TotLen Fwd Pkts|Fwd Act Data Pkts|Protocol,Dst Port,0.2,Dst Port|RST Flag Cnt|Active Min|Idle Min|Protocol,Dst Port,0.2
7586,DoS attacks-Slowloris,DoS attacks-Slowloris,4,Bwd IAT Max|Fwd Seg Size Min|Bwd IAT Tot|Idle Max|Init Bwd Win Byts,,0.0,Fwd PSH Flags|SYN Flag Cnt|Fwd Seg Size Min|Active Mean|Fwd Seg Size Avg,,0.0
8334,DoS attacks-Slowloris,DoS attacks-Slowloris,4,Fwd Seg Size Min|Fwd IAT Std|Dst Port|Init Fwd Win Byts|Pkt Size Avg,,0.0,FIN Flag Cnt|Fwd Seg Size Min|Fwd IAT Min|Bwd Pkt Len Max|Flow Duration,Flow Duration,0.2
11309,Brute Force -Web,Brute Force -Web,4,Fwd Pkt Len Mean|Fwd Pkt Len Max|Dst Port|Bwd Pkts/s|Fwd Pkt Len Std,Dst Port,0.2,RST Flag Cnt|Fwd Pkt Len Std|Fwd Pkts/s|Bwd Pkts/s|Bwd Pkt Len Mean,,0.0
11327,DDoS attacks-LOIC-HTTP,DDoS attacks-LOIC-HTTP,5,Bwd Pkt Len Std|Fwd Pkts/s|Fwd IAT Std|Fwd IAT Tot|Flow IAT Max,Fwd Pkts/s,0.2,Fwd IAT Tot|Fwd Pkts/s|Bwd Pkt Len Std|Active Std|Flow IAT Min,Fwd Pkts/s|Flow IAT Min,0.4
11897,DoS attacks-GoldenEye,DoS attacks-GoldenEye,4,Fwd Seg Size Min|Bwd Pkt Len Std|Flow IAT Mean|Bwd IAT Std|Fwd Pkt Len Max,,0.0,Fwd Seg Size Min|FIN Flag Cnt|Bwd Pkt Len Std|Subflow Bwd Pkts|Init Bwd Win Byts,,0.0
11942,DDOS attack-HOIC,DDOS attack-HOIC,5,Init Fwd Win Byts|Dst Port|Tot Bwd Pkts|Fwd IAT Tot|Flow Duration,,0.0,Init Fwd Win Byts|Dst Port|FIN Flag Cnt|Bwd IAT Min|Subflow Fwd Pkts,,0.0
12365,Brute Force -Web,Brute Force -Web,4,Fwd Pkt Len Std|Pkt Len Mean|Dst Port|Bwd Pkts/s|TotLen Fwd Pkts,Dst Port,0.2,RST Flag Cnt|Fwd Pkt Len Std|Bwd IAT Std|ECE Flag Cnt|Bwd Pkt Len Std,,0.0
12474,DoS attacks-Hulk,DoS attacks-Hulk,4,Fwd Seg Size Min|Tot Bwd Pkts|Init Fwd Win Byts|Fwd Pkt Len Max|Fwd IAT Min,,0.0,FIN Flag Cnt|Fwd Seg Size Min|URG Flag Cnt|Dst Port|Tot Bwd Pkts,Dst Port,0.2
12685,DoS attacks-SlowHTTPTest,DoS attacks-SlowHTTPTest,4,Fwd Seg Size Min|Flow IAT Max|Flow Duration|Bwd Pkts/s|Flow IAT Min,Flow Duration,0.2,Fwd Seg Size Min|CWE Flag Count|Init Fwd Win Byts|Fwd URG Flags|Flow IAT Min,,0.0
13941,DoS attacks-SlowHTTPTest,DoS attacks-SlowHTTPTest,4,Fwd Seg Size Min|Flow Duration|Bwd Pkts/s|Flow IAT Max|Flow IAT Mean,Flow Duration|Flow IAT Mean,0.4,Fwd Seg Size Min|Init Fwd Win Byts|Fwd Header Len|Bwd Header Len|Flow Pkts/s,Flow Pkts/s,0.2
14421,DDOS attack-HOIC,DDOS attack-HOIC,5,Init Fwd Win Byts|Dst Port|Tot Bwd Pkts|Fwd IAT Tot|Flow IAT Max,,0.0,Init Fwd Win Byts|Dst Port|URG Flag Cnt|CWE Flag Count|Flow IAT Max,,0.0
15658,Brute Force -XSS,Brute Force -XSS,6,Pkt Len Std|Tot Fwd Pkts|Fwd Pkt Len Mean|Pkt Len Mean|Dst Port,Fwd Pkt Len Mean|Pkt Len Mean|Dst Port,0.6,Fwd URG Flags|Tot Fwd Pkts|RST Flag Cnt|Bwd Pkts/s|ECE Flag Cnt,,0.0
15730,Bot,Bot,5,Dst Port|Fwd Act Data Pkts|RST Flag Cnt|Protocol|Tot Fwd Pkts,Dst Port,0.2,Dst Port|RST Flag Cnt|Bwd IAT Min|FIN Flag Cnt|Active Std,Dst Port,0.2
15815,Infilteration,Infilteration,6,Fwd Header Len|Fwd Seg Size Min|PSH Flag Cnt|Dst Port|Bwd Pkts/s,Dst Port,0.2,RST Flag Cnt|Fwd Pkt Len Mean|FIN Flag Cnt|ECE Flag Cnt|Fwd Pkt Len Max,,0.0
16330,DoS attacks-SlowHTTPTest,DoS attacks-SlowHTTPTest,4,Fwd Seg Size Min|Flow IAT Max|Flow Duration|Bwd Pkts/s|Flow IAT Min,Flow Duration,0.2,Fwd Seg Size Min|Init Fwd Win Byts|Fwd URG Flags|Bwd Header Len|Flow IAT Min,,0.0
16360,Bot,Bot,5,Dst Port|Fwd Act Data Pkts|RST Flag Cnt|Protocol|Tot Fwd Pkts,Dst Port,0.2,Dst Port|RST Flag Cnt|Bwd IAT Min|Flow IAT Max|Active Min,Dst Port,0.2
17894,Infilteration,Infilteration,6,Fwd Header Len|Fwd Seg Size Min|PSH Flag Cnt|Dst Port|Fwd Pkt Len Max,Dst Port,0.2,ECE Flag Cnt|RST Flag Cnt|Fwd Pkt Len Max|Idle Max|Fwd Pkt Len Mean,,0.0
18263,DoS attacks-Hulk,DoS attacks-Hulk,4,Fwd Seg Size Min|Tot Bwd Pkts|Init Fwd Win Byts|Fwd Pkt Len Max|Fwd IAT Min,,0.0,FIN Flag Cnt|Fwd Seg Size Min|Dst Port|Active Std|Fwd IAT Min,Dst Port,0.2
18529,DoS attacks-GoldenEye,DoS attacks-GoldenEye,4,Fwd Seg Size Min|Bwd Pkt Len Std|Flow IAT Mean|Bwd IAT Std|Flow Byts/s,,0.0,Fwd Seg Size Min|FIN Flag Cnt|Bwd Pkt Len Std|Dst Port|Protocol,Dst Port,0.2
18565,SSH-Bruteforce,SSH-Bruteforce,4,Dst Port|Fwd Act Data Pkts|Fwd Seg Size Min|Init Bwd Win Byts|Flow IAT Min,Dst Port|Flow IAT Min,0.4,Dst Port|Init Bwd Win Byts|Fwd Act Data Pkts|CWE Flag Count|Flow IAT Mean,Dst Port,0.2
19041,DoS attacks-Slowloris,DoS attacks-Slowloris,4,Fwd Seg Size Min|Fwd IAT Std|Dst Port|Init Fwd Win Byts|Fwd IAT Tot,,0.0,Fwd Seg Size Min|Fwd URG Flags|Init Fwd Win Byts|Flow Pkts/s|Dst Port,,0.0
19068,Brute Force -XSS,Brute Force -XSS,6,Pkt Len Std|Tot Fwd Pkts|Fwd Pkt Len Mean|Pkt Len Mean|Dst Port,Fwd Pkt Len Mean|Pkt Len Mean|Dst Port,0.6,Bwd Pkts/s|Tot Fwd Pkts|ECE Flag Cnt|Subflow Fwd Pkts|Tot Bwd Pkts,,0.0
20056,Brute Force -XSS,Brute Force -XSS,6,Pkt Len Std|Tot Fwd Pkts|Fwd Pkt Len Mean|Pkt Len Mean|Dst Port,Fwd Pkt Len Mean|Pkt Len Mean|Dst Port,0.6,CWE Flag Count|Tot Fwd Pkts|Bwd Pkts/s|ECE Flag Cnt|FIN Flag Cnt,,0.0
20922,Brute Force -Web,Brute Force -Web,4,Fwd Pkt Len Std|Dst Port|Pkt Len Mean|Bwd Pkts/s|TotLen Fwd Pkts,Dst Port,0.2,Fwd Pkt Len Std|RST Flag Cnt|Bwd IAT Tot|Bwd IAT Std|Bwd Pkt Len Std,,0.0
21549,DoS attacks-GoldenEye,DoS attacks-GoldenEye,4,Fwd Seg Size Min|Bwd Pkt Len Std|Flow IAT Mean|Bwd IAT Std|Flow Byts/s,,0.0,Fwd Seg Size Min|Bwd Pkt Len Std|FIN Flag Cnt|Active Std|SYN Flag Cnt,,0.0
22156,Infilteration,Infilteration,6,Fwd Header Len|Fwd Seg Size Min|PSH Flag Cnt|Dst Port|Fwd Pkt Len Max,Dst Port,0.2,Fwd URG Flags|FIN Flag Cnt|ECE Flag Cnt|Fwd Pkt Len Mean|RST Flag Cnt,,0.0
22619,SSH-Bruteforce,SSH-Bruteforce,4,Dst Port|Fwd Act Data Pkts|Fwd Seg Size Min|Init Bwd Win Byts|Flow IAT Min,Dst Port|Flow IAT Min,0.4,Dst Port|Init Bwd Win Byts|Fwd Act Data Pkts|Fwd Seg Size Min|Flow IAT Mean,Dst Port,0.2
25008,Infilteration,Infilteration,6,Fwd Header Len|Fwd Seg Size Min|PSH Flag Cnt|Dst Port|Flow IAT Min,Dst Port|Flow IAT Min,0.4,Fwd URG Flags|FIN Flag Cnt|Down/Up Ratio|RST Flag Cnt|Fwd Pkt Len Mean,,0.0
25514,DDoS attacks-LOIC-HTTP,DDoS attacks-LOIC-HTTP,5,Fwd Pkts/s|Bwd Pkt Len Std|Fwd IAT Std|Fwd IAT Tot|Flow IAT Max,Fwd Pkts/s,0.2,Fwd IAT Tot|Fwd Pkts/s|URG Flag Cnt|Fwd IAT Std|Dst Port,Fwd Pkts/s|Dst Port,0.4
26534,DoS attacks-Slowloris,DoS attacks-Slowloris,4,Fwd Seg Size Min|Fwd IAT Std|Dst Port|Init Fwd Win Byts|Pkt Size Avg,,0.0,Fwd Seg Size Min|Fwd URG Flags|Init Fwd Win Byts|Dst Port|Flow IAT Mean,Flow IAT Mean,0.2
26662,Brute Force -Web,Brute Force -Web,4,Fwd Pkt Len Std|Dst Port|Pkt Len Mean|Bwd Pkts/s|TotLen Fwd Pkts,Dst Port,0.2,RST Flag Cnt|Fwd Pkt Len Std|Flow Byts/s|Bwd IAT Max|Bwd Pkt Len Std,,0.0
27062,DoS attacks-Slowloris,DoS attacks-Slowloris,4,Bwd IAT Max|Fwd Seg Size Min|Bwd IAT Tot|Bwd IAT Mean|Init Fwd Win Byts,,0.0,FIN Flag Cnt|Fwd Seg Size Min|Active Std|Idle Std|Active Max,,0.0
27360,Bot,Bot,5,Dst Port|RST Flag Cnt|TotLen Fwd Pkts|Fwd Act Data Pkts|Protocol,Dst Port,0.2,Dst Port|RST Flag Cnt|Fwd PSH Flags|Bwd Pkt Len Mean|SYN Flag Cnt,Dst Port,0.2
27421,Brute Force -XSS,Brute Force -XSS,6,Pkt Len Std|Tot Fwd Pkts|Fwd Pkt Len Mean|Pkt Len Mean|Flow IAT Min,Fwd Pkt Len Mean|Pkt Len Mean,0.4,Bwd Pkts/s|Tot Fwd Pkts|RST Flag Cnt|ECE Flag Cnt|Subflow Fwd Pkts,,0.0
29535,Brute Force -Web,Brute Force -Web,4,Fwd Pkt Len Mean|Fwd Pkt Len Max|Dst Port|Bwd Pkts/s|Fwd Pkt Len Std,Dst Port,0.2,RST Flag Cnt|Fwd Pkt Len Std|Bwd IAT Min|Init Bwd Win Byts|Fwd URG Flags,,0.0
29876,DDoS attacks-LOIC-HTTP,DDoS attacks-LOIC-HTTP,5,Fwd Pkts/s|Bwd Pkt Len Std|Fwd IAT Std|Fwd IAT Tot|Flow IAT Max,Fwd Pkts/s,0.2,FIN Flag Cnt|Fwd IAT Tot|Dst Port|Bwd Pkt Len Std|Fwd IAT Std,Dst Port,0.2
30092,DDOS attack-LOIC-UDP,DDOS attack-LOIC-UDP,5,Tot Fwd Pkts|Fwd IAT Tot|Fwd Act Data Pkts|Flow IAT Mean|Flow Duration,Flow Duration,0.2,Tot Fwd Pkts|Fwd Act Data Pkts|Flow Duration|Fwd Header Len|CWE Flag Count,Flow Duration,0.2
30203,FTP-BruteForce,FTP-BruteForce,4,Fwd Seg Size Min|Flow Pkts/s|Flow IAT Max|Flow Duration|Flow IAT Min,Flow IAT Min,0.2,Fwd Seg Size Min|Init Fwd Win Byts|Bwd Header Len|Init Bwd Win Byts|Flow IAT Min,Flow IAT Min,0.2
30266,DDOS attack-HOIC,DDOS attack-HOIC,5,Init Fwd Win Byts|Dst Port|Tot Bwd Pkts|Fwd IAT Tot|Flow IAT Max,,0.0,Init Fwd Win Byts|Dst Port|Fwd URG Flags|Flow Pkts/s|Bwd Seg Size Avg,Flow Pkts/s,0.2
30494,Benign,Benign,4,Fwd Pkt Len Max|Fwd IAT Tot|Init Fwd Win Byts|Dst Port|RST Flag Cnt,Dst Port,0.2,FIN Flag Cnt|Tot Fwd Pkts|CWE Flag Count|URG Flag Cnt|RST Flag Cnt,,0.0
30515,Bot,Bot,5,Dst Port|Fwd Act Data Pkts|RST Flag Cnt|Protocol|Tot Fwd Pkts,Dst Port,0.2,Dst Port|RST Flag Cnt|Bwd IAT Min|FIN Flag Cnt|Flow Duration,Dst Port,0.2
30625,DoS attacks-SlowHTTPTest,DoS attacks-SlowHTTPTest,4,Fwd Seg Size Min|Flow IAT Max|Flow Duration|Bwd Pkts/s|Flow IAT Min,Flow Duration,0.2,Fwd Seg Size Min|Init Fwd Win Byts|Init Bwd Win Byts|Flow Duration|Flow IAT Min,Flow Duration,0.2
31109,SSH-Bruteforce,SSH-Bruteforce,4,Dst Port|Fwd Act Data Pkts|Fwd Seg Size Min|Init Bwd Win Byts|Bwd Header Len,Dst Port,0.2,Dst Port|Init Bwd Win Byts|FIN Flag Cnt|Fwd Act Data Pkts|Init Fwd Win Byts,Dst Port,0.2
31250,DoS attacks-SlowHTTPTest,DoS attacks-SlowHTTPTest,4,Fwd Seg Size Min|Flow IAT Max|Flow Duration|Bwd Pkts/s|Flow IAT Min,Flow Duration,0.2,Fwd Seg Size Min|Init Fwd Win Byts|Init Bwd Win Byts|Fwd Header Len|Flow Duration,Flow Duration,0.2
34009,DDOS attack-HOIC,DDOS attack-HOIC,5,Init Fwd Win Byts|Dst Port|Tot Bwd Pkts|Fwd IAT Tot|Flow Duration,,0.0,Init Fwd Win Byts|SYN Flag Cnt|Dst Port|Bwd IAT Std|RST Flag Cnt,,0.0
34569,FTP-BruteForce,FTP-BruteForce,4,Fwd Seg Size Min|Flow IAT Min|Flow Pkts/s|Flow IAT Max|Flow Duration,Flow IAT Min,0.2,Fwd Seg Size Min|Init Fwd Win Byts|Fwd IAT Max|Bwd Pkts/s|Bwd Header Len,,0.0
35439,SSH-Bruteforce,SSH-Bruteforce,4,Dst Port|Fwd Act Data Pkts|Fwd Seg Size Min|Init Bwd Win Byts|Flow IAT Min,Dst Port|Flow IAT Min,0.4,Dst Port|Init Bwd Win Byts|Fwd Act Data Pkts|Flow IAT Min|Flow IAT Mean,Dst Port|Flow IAT Min,0.4
36375,FTP-BruteForce,FTP-BruteForce,4,Fwd Seg Size Min|Flow Pkts/s|Flow IAT Max|Flow IAT Mean|Flow IAT Min,Flow IAT Min,0.2,Fwd Seg Size Min|Init Fwd Win Byts|Fwd IAT Mean|Init Bwd Win Byts|Bwd Header Len,,0.0
36676,DDoS attacks-LOIC-HTTP,DDoS attacks-LOIC-HTTP,5,Init Fwd Win Byts|Fwd IAT Std|Fwd Pkts/s|Flow IAT Min|Flow IAT Max,Fwd Pkts/s|Flow IAT Min,0.4,FIN Flag Cnt|Fwd IAT Tot|Fwd Pkts/s|Flow IAT Min|Fwd IAT Std,Fwd Pkts/s|Flow IAT Min,0.4
36786,DoS attacks-Slowloris,DoS attacks-Slowloris,4,Bwd IAT Max|Fwd Seg Size Min|Bwd IAT Tot|Bwd IAT Mean|Init Fwd Win Byts,,0.0,Fwd Seg Size Min|Active Std|Active Min|Idle Std|Active Max,,0.0
37220,DDOS attack-HOIC,DDOS attack-HOIC,5,Init Fwd Win Byts|Dst Port|Tot Bwd Pkts|Fwd IAT Tot|Flow IAT Max,,0.0,Init Fwd Win Byts|Dst Port|URG Flag Cnt|FIN Flag Cnt|Fwd URG Flags,,0.0
37352,Infilteration,Infilteration,6,Fwd Header Len|Fwd Seg Size Min|PSH Flag Cnt|Dst Port|Flow IAT Min,Dst Port|Flow IAT Min,0.4,RST Flag Cnt|Idle Max|Fwd URG Flags|URG Flag Cnt|ECE Flag Cnt,,0.0
37835,DDoS attacks-LOIC-HTTP,DDoS attacks-LOIC-HTTP,5,Fwd Pkts/s|Bwd Pkt Len Std|Fwd IAT Std|Fwd IAT Tot|Flow IAT Max,Fwd Pkts/s,0.2,Fwd Pkts/s|Bwd Pkt Len Std|Fwd IAT Tot|Flow Byts/s|Fwd URG Flags,Fwd Pkts/s,0.2
38659,DDOS attack-HOIC,DDOS attack-HOIC,5,Init Fwd Win Byts|Dst Port|Tot Bwd Pkts|Fwd IAT Tot|Flow Pkts/s,Flow Pkts/s,0.2,Init Fwd Win Byts|Dst Port|Subflow Fwd Pkts|Fwd Seg Size Avg|Pkt Size Avg,,0.0
38663,SSH-Bruteforce,SSH-Bruteforce,4,Dst Port|Bwd Header Len|Bwd Pkts/s|Fwd Seg Size Min|Init Bwd Win Byts,Dst Port,0.2,Dst Port|Init Bwd Win Byts|Bwd Pkts/s|URG Flag Cnt|Active Mean,Dst Port,0.2
39368,DoS attacks-Slowloris,DoS attacks-Slowloris,4,Fwd Seg Size Min|Fwd IAT Std|Dst Port|Init Fwd Win Byts|Pkt Size Avg,,0.0,Fwd Seg Size Min|CWE Flag Count|Init Fwd Win Byts|Dst Port|Fwd IAT Max,,0.0
39658,FTP-BruteForce,FTP-BruteForce,4,Fwd Seg Size Min|Flow Pkts/s|Flow IAT Max|Flow IAT Min|Flow IAT Mean,Flow IAT Min,0.2,Fwd Seg Size Min|Init Fwd Win Byts|Init Bwd Win Byts|Flow Pkts/s|Bwd Header Len,,0.0
40324,Brute Force -XSS,Brute Force -XSS,6,Pkt Len Std|Tot Fwd Pkts|Fwd Pkt Len Mean|Pkt Len Mean|Dst Port,Fwd Pkt Len Mean|Pkt Len Mean|Dst Port,0.6,Tot Fwd Pkts|Bwd Pkts/s|Subflow Bwd Pkts|RST Flag Cnt|Pkt Len Max,Pkt Len Max,0.2
41624,SSH-Bruteforce,SSH-Bruteforce,4,Dst Port|Fwd Act Data Pkts|Fwd Seg Size Min|Init Bwd Win Byts|Flow IAT Min,Dst Port|Flow IAT Min,0.4,Dst Port|Init Bwd Win Byts|URG Flag Cnt|Fwd Seg Size Min|Fwd URG Flags,Dst Port,0.2
42318,DoS attacks-Hulk,DoS attacks-Hulk,4,Fwd Seg Size Min|Tot Bwd Pkts|Init Fwd Win Byts|Fwd Pkt Len Max|Fwd IAT Min,,0.0,FIN Flag Cnt|Fwd Seg Size Min|CWE Flag Count|Dst Port|Bwd Pkts/s,Dst Port,0.2
42573,Brute Force -Web,Brute Force -Web,4,Init Fwd Win Byts|Dst Port|Bwd Pkts/s|Fwd IAT Min|Flow Byts/s,Dst Port,0.2,Fwd URG Flags|Fwd IAT Min|Pkt Len Mean|Fwd Pkts/s|Flow IAT Max,,0.0
42662,DoS attacks-Hulk,DoS attacks-Hulk,4,Fwd Seg Size Min|Tot Bwd Pkts|Init Fwd Win Byts|Fwd Pkt Len Max|Fwd IAT Min,,0.0,FIN Flag Cnt|Fwd Seg Size Min|SYN Flag Cnt|Dst Port|Tot Bwd Pkts,Dst Port,0.2
42976,DoS attacks-Slowloris,DoS attacks-Slowloris,4,Fwd Seg Size Min|Dst Port|Flow Byts/s|Init Bwd Win Byts|Fwd PSH Flags,,0.0,FIN Flag Cnt|Fwd PSH Flags|SYN Flag Cnt|Fwd Seg Size Min|Flow Byts/s,,0.0
44610,Benign,Benign,4,Fwd Pkt Len Max|Dst Port|Fwd IAT Std|Init Fwd Win Byts|Bwd Pkt Len Std,Dst Port,0.2,Tot Fwd Pkts|FIN Flag Cnt|Fwd Act Data Pkts|Fwd Header Len|ECE Flag Cnt,,0.0
44772,DDOS attack-LOIC-UDP,DDOS attack-LOIC-UDP,5,Tot Fwd Pkts|Fwd IAT Tot|Fwd Act Data Pkts|Flow Pkts/s|Flow Byts/s,Flow Pkts/s,0.2,Tot Fwd Pkts|Fwd Act Data Pkts|Fwd URG Flags|Fwd Header Len|Flow Duration,Flow Duration,0.2
44912,FTP-BruteForce,FTP-BruteForce,4,Fwd Seg Size Min|Flow Pkts/s|Flow IAT Max|Flow IAT Mean|Flow IAT Min,Flow IAT Min,0.2,Fwd Seg Size Min|Init Fwd Win Byts|Init Bwd Win Byts|Fwd Header Len|Bwd Pkts/s,,0.0
45365,DoS attacks-GoldenEye,DoS attacks-GoldenEye,4,Fwd Seg Size Min|Flow IAT Min|Flow IAT Mean|Init Fwd Win Byts|Dst Port,Init Fwd Win Byts|Dst Port,0.4,Fwd Seg Size Min|Flow IAT Min|Bwd Pkt Len Std|Dst Port|Active Min,Dst Port,0.2
46134,SSH-Bruteforce,SSH-Bruteforce,4,Dst Port|Fwd Act Data Pkts|Fwd Seg Size Min|Init Bwd Win Byts|Flow IAT Min,Dst Port|Flow IAT Min,0.4,Dst Port|Init Bwd Win Byts|URG Flag Cnt|Fwd Act Data Pkts|Fwd URG Flags,Dst Port,0.2
46149,DDOS attack-HOIC,DDOS attack-HOIC,5,Init Fwd Win Byts|Dst Port|Tot Bwd Pkts|Fwd IAT Tot|Flow IAT Max,,0.0,Init Fwd Win Byts|Dst Port|FIN Flag Cnt|Flow Duration|Flow IAT Max,,0.0
46168,SQL Injection,SQL Injection,5,Bwd Pkt Len Std|Fwd Pkt Len Std|Dst Port|Flow IAT Min|Fwd IAT Min,Dst Port,0.2,Bwd Pkts/s|Flow Byts/s|Pkt Len Max|RST Flag Cnt|Subflow Bwd Pkts,Pkt Len Max,0.2
46271,Bot,Bot,5,Dst Port|Fwd Act Data Pkts|RST Flag Cnt|Protocol|Tot Fwd Pkts,Dst Port,0.2,Dst Port|RST Flag Cnt|Bwd IAT Min|SYN Flag Cnt|FIN Flag Cnt,Dst Port,0.2
47132,DoS attacks-Hulk,DoS attacks-Hulk,4,Fwd Seg Size Min|Bwd Pkt Len Std|Init Fwd Win Byts|Fwd Pkt Len Max|TotLen Bwd Pkts,,0.0,FIN Flag Cnt|Fwd Seg Size Min|URG Flag Cnt|Dst Port|Bwd IAT Min,Dst Port,0.2
47530,Benign,Benign,4,Dst Port|Fwd IAT Tot|Fwd Pkt Len Mean|Fwd Pkt Len Max|URG Flag Cnt,Dst Port,0.2,Tot Fwd Pkts|FIN Flag Cnt|RST Flag Cnt|Fwd Pkt Len Mean|Fwd Act Data Pkts,,0.0
47574,DoS attacks-SlowHTTPTest,DoS attacks-SlowHTTPTest,4,Fwd Seg Size Min|Flow IAT Max|Flow Duration|Bwd Pkts/s|Flow IAT Min,Flow Duration,0.2,Fwd Seg Size Min|Init Fwd Win Byts|Bwd Pkts/s|CWE Flag Count|Init Bwd Win Byts,,0.0
48513,DDoS attacks-LOIC-HTTP,DDoS attacks-LOIC-HTTP,5,Fwd Pkts/s|Bwd Pkt Len Std|Fwd IAT Std|Fwd IAT Tot|Flow IAT Max,Fwd Pkts/s,0.2,Fwd IAT Tot|Bwd Pkt Len Std|Fwd URG Flags|Flow Byts/s|Dst Port,Dst Port,0.2
48852,Infilteration,Infilteration,6,Fwd Header Len|Fwd Seg Size Min|PSH Flag Cnt|Dst Port|Fwd Pkt Len Max,Dst Port,0.2,RST Flag Cnt|ECE Flag Cnt|FIN Flag Cnt|Fwd Pkt Len Mean|Fwd Pkt Len Max,,0.0
49395,DoS attacks-SlowHTTPTest,DoS attacks-SlowHTTPTest,4,Fwd Seg Size Min|Flow IAT Max|Flow Duration|Bwd Pkts/s|Flow IAT Min,Flow Duration,0.2,Fwd Seg Size Min|Fwd URG Flags|Init Fwd Win Byts|Flow IAT Min|Fwd Header Len,,0.0
49728,Brute Force -Web,Brute Force -Web,4,Fwd Pkt Len Mean|Fwd Pkt Len Max|Dst Port|Bwd Pkts/s|Fwd Pkt Len Std,Dst Port,0.2,RST Flag Cnt|Fwd Pkt Len Std|Fwd URG Flags|Bwd Pkt Len Mean|Fwd Header Len,Fwd Header Len,0.2
50246,DoS attacks-SlowHTTPTest,DoS attacks-SlowHTTPTest,4,Fwd Seg Size Min|Flow IAT Max|Flow Duration|Bwd Pkts/s|Flow IAT Min,Flow Duration,0.2,Fwd Seg Size Min|Init Fwd Win Byts|Bwd Header Len|Fwd IAT Mean|Flow IAT Min,,0.0
50452,DoS attacks-SlowHTTPTest,DoS attacks-SlowHTTPTest,4,Fwd Seg Size Min|Flow IAT Max|Flow Duration|Bwd Pkts/s|Flow IAT Min,Flow Duration,0.2,Fwd Seg Size Min|Init Fwd Win Byts|Init Bwd Win Byts|Fwd IAT Tot|Bwd Header Len,,0.0
51441,FTP-BruteForce,FTP-BruteForce,4,Fwd Seg Size Min|Flow Pkts/s|Flow IAT Max|Flow IAT Mean|Flow IAT Min,Flow IAT Min,0.2,Fwd Seg Size Min|Init Fwd Win Byts|Bwd Header Len|Fwd Header Len|FIN Flag Cnt,,0.0
53381,SSH-Bruteforce,SSH-Bruteforce,4,Dst Port|Bwd Header Len|Bwd Pkts/s|Fwd Seg Size Min|Init Bwd Win Byts,Dst Port,0.2,Dst Port|Init Bwd Win Byts|URG Flag Cnt|FIN Flag Cnt|Bwd Pkts/s,Dst Port,0.2
53520,Benign,Benign,4,Dst Port|Init Fwd Win Byts|Fwd Pkt Len Max|Tot Bwd Pkts|Fwd Pkt Len Std,Dst Port,0.2,FIN Flag Cnt|Tot Fwd Pkts|RST Flag Cnt|Fwd URG Flags|CWE Flag Count,,0.0
53528,FTP-BruteForce,FTP-BruteForce,4,Fwd Seg Size Min|Flow IAT Min|Flow Pkts/s|Flow IAT Max|Flow Duration,Flow IAT Min,0.2,Fwd Seg Size Min|Init Fwd Win Byts|Fwd IAT Max|Dst Port|Bwd Header Len,Dst Port,0.2
53657,DDOS attack-LOIC-UDP,DDOS attack-LOIC-UDP,5,Tot Fwd Pkts|Fwd IAT Tot|Fwd Act Data Pkts|Fwd Header Len|Flow IAT Min,,0.0,Tot Fwd Pkts|Fwd Act Data Pkts|Fwd Header Len|Fwd URG Flags|Flow Duration,Flow Duration,0.2
53684,DoS attacks-Slowloris,DoS attacks-Slowloris,4,Bwd IAT Max|Fwd Seg Size Min|Bwd IAT Tot|Init Fwd Win Byts|Bwd IAT Mean,,0.0,FIN Flag Cnt|Fwd Seg Size Min|Active Std|Bwd IAT Mean|Idle Std,,0.0
55630,DDOS attack-LOIC-UDP,DDOS attack-LOIC-UDP,5,Tot Fwd Pkts|Fwd IAT Tot|Fwd Act Data Pkts|Flow IAT Min|Flow Byts/s,,0.0,Tot Fwd Pkts|Fwd Act Data Pkts|Fwd Header Len|Flow Duration|Fwd URG Flags,Flow Duration,0.2
56676,DDOS attack-LOIC-UDP,DDOS attack-LOIC-UDP,5,Tot Fwd Pkts|Fwd IAT Tot|Fwd Act Data Pkts|Flow IAT Min|Flow Pkts/s,Flow Pkts/s,0.2,Tot Fwd Pkts|Fwd Act Data Pkts|Fwd Header Len|Flow Duration|Fwd URG Flags,Flow Duration,0.2
57732,DoS attacks-Hulk,DoS attacks-Hulk,4,Fwd Seg Size Min|Tot Bwd Pkts|Init Fwd Win Byts|Fwd Pkt Len Max|Fwd IAT Min,,0.0,FIN Flag Cnt|Fwd Seg Size Min|Dst Port|Fwd URG Flags|Init Fwd Win Byts,Dst Port,0.2
58379,DDOS attack-LOIC-UDP,DDOS attack-LOIC-UDP,5,Tot Fwd Pkts|Fwd IAT Tot|Fwd Act Data Pkts|Flow IAT Mean|Flow Byts/s,,0.0,Tot Fwd Pkts|Fwd Act Data Pkts|CWE Flag Count|Fwd Header Len|Flow Duration,Flow Duration,0.2
58671,DoS attacks-SlowHTTPTest,DoS attacks-SlowHTTPTest,4,Fwd Seg Size Min|Flow Duration|Bwd Pkts/s|Flow IAT Max|Flow IAT Min,Flow Duration,0.2,Fwd Seg Size Min|Init Fwd Win Byts|Fwd Header Len|Fwd IAT Mean|Bwd Header Len,,0.0
58919,DDoS attacks-LOIC-HTTP,DDoS attacks-LOIC-HTTP,5,Bwd Pkt Len Std|Fwd Pkts/s|Fwd IAT Std|Fwd IAT Tot|Flow IAT Max,Fwd Pkts/s,0.2,Fwd Pkts/s|Fwd IAT Tot|FIN Flag Cnt|Flow Byts/s|Bwd Pkt Len Std,Fwd Pkts/s,0.2
59163,Bot,Bot,5,Dst Port|Fwd Act Data Pkts|RST Flag Cnt|Protocol|Tot Fwd Pkts,Dst Port,0.2,Dst Port|RST Flag Cnt|CWE Flag Count|FIN Flag Cnt|Fwd URG Flags,Dst Port,0.2
59383,DoS attacks-Hulk,DoS attacks-Hulk,4,Fwd Seg Size Min|Tot Bwd Pkts|Init Fwd Win Byts|Fwd Pkt Len Max|Fwd IAT Min,,0.0,FIN Flag Cnt|Fwd Seg Size Min|Dst Port|Protocol|Down/Up Ratio,Dst Port,0.2
59801,DoS attacks-GoldenEye,DoS attacks-GoldenEye,4,Fwd Seg Size Min|Flow Byts/s|Flow IAT Mean|Bwd IAT Std|TotLen Bwd Pkts,,0.0,Fwd Seg Size Min|Bwd Pkt Len Std|Fwd IAT Mean|Active Min|SYN Flag Cnt,,0.0
60055,Bot,Bot,5,Dst Port|Fwd Act Data Pkts|RST Flag Cnt|Protocol|Tot Fwd Pkts,Dst Port,0.2,Dst Port|RST Flag Cnt|Bwd IAT Min|Fwd PSH Flags|Fwd URG Flags,Dst Port,0.2
60176,Benign,Benign,4,Fwd IAT Tot|Init Fwd Win Byts|Fwd Pkt Len Max|Fwd Pkt Len Mean|Fwd Seg Size Min,,0.0,FIN Flag Cnt|Tot Fwd Pkts|URG Flag Cnt|RST Flag Cnt|Fwd Pkt Len Mean,,0.0
62344,DoS attacks-Slowloris,DoS attacks-Slowloris,4,Bwd IAT Max|Fwd Seg Size Min|Bwd IAT Tot|Init Bwd Win Byts|Flow Duration,Flow Duration,0.2,Fwd Seg Size Min|Fwd PSH Flags|SYN Flag Cnt|Active Min|Active Mean,,0.0
62513,Benign,Benign,4,Dst Port|Fwd IAT Tot|Fwd Pkt Len Mean|Fwd Pkt Len Max|URG Flag Cnt,Dst Port,0.2,FIN Flag Cnt|Tot Fwd Pkts|RST Flag Cnt|Fwd Pkt Len Mean|CWE Flag Count,,0.0
62563,DoS attacks-SlowHTTPTest,DoS attacks-SlowHTTPTest,4,Fwd Seg Size Min|Flow Duration|Bwd Pkts/s|Flow IAT Max|Flow IAT Mean,Flow Duration|Flow IAT Mean,0.4,Fwd Seg Size Min|Init Fwd Win Byts|Bwd Header Len|Fwd Header Len|Flow IAT Mean,Flow IAT Mean,0.2
62914,DDoS attacks-LOIC-HTTP,DDoS attacks-LOIC-HTTP,5,Init Fwd Win Byts|Fwd IAT Std|Fwd Pkts/s|Flow IAT Min|Flow IAT Max,Fwd Pkts/s|Flow IAT Min,0.4,Fwd Pkts/s|Fwd IAT Std|Tot Fwd Pkts|Dst Port|Flow Duration,Fwd Pkts/s|Dst Port,0.4
63175,DoS attacks-Slowloris,DoS attacks-Slowloris,4,Fwd Seg Size Min|Fwd IAT Std|Dst Port|Init Fwd Win Byts|Pkt Size Avg,,0.0,FIN Flag Cnt|Fwd Seg Size Min|Init Fwd Win Byts|Dst Port|Fwd IAT Max,,0.0
63228,Brute Force -Web,Brute Force -Web,4,Init Fwd Win Byts|Fwd Pkts/s|Dst Port|Bwd Pkts/s|Fwd IAT Min,Dst Port,0.2,Fwd Pkts/s|Dst Port|Flow Duration|Bwd Pkts/s|Fwd Pkt Len Max,Dst Port,0.2
63427,Infilteration,Infilteration,6,Flow IAT Min|Dst Port|Fwd Seg Size Min|Fwd Pkts/s|Fwd IAT Tot,Flow IAT Min|Dst Port,0.4,Fwd URG Flags|RST Flag Cnt|ECE Flag Cnt|Fwd Pkt Len Mean|Fwd Pkt Len Max,,0.0
64159,DDoS attacks-LOIC-HTTP,DDoS attacks-LOIC-HTTP,5,Fwd Pkts/s|Bwd Pkt Len Std|Fwd IAT Std|Fwd IAT Tot|Flow IAT Max,Fwd Pkts/s,0.2,Flow Byts/s|Fwd IAT Tot|Bwd Pkt Len Std|ECE Flag Cnt|CWE Flag Count,,0.0
64517,Benign,Benign,4,Dst Port|Fwd Pkt Len Max|Fwd Pkt Len Mean|Fwd IAT Tot|Fwd Seg Size Min,Dst Port,0.2,Tot Fwd Pkts|Fwd URG Flags|FIN Flag Cnt|URG Flag Cnt|Fwd Seg Size Min,,0.0
65664,SSH-Bruteforce,SSH-Bruteforce,4,Dst Port|Bwd Header Len|Bwd Pkts/s|Fwd Seg Size Min|Init Bwd Win Byts,Dst Port,0.2,Dst Port|Init Bwd Win Byts|URG Flag Cnt|Fwd URG Flags|FIN Flag Cnt,Dst Port,0.2
65934,Benign,Benign,4,Fwd Pkt Len Max|Dst Port|Fwd IAT Std|RST Flag Cnt|Bwd Header Len,Dst Port,0.2,Tot Fwd Pkts|FIN Flag Cnt|Fwd Act Data Pkts|Fwd Header Len|RST Flag Cnt,,0.0
66409,DoS attacks-Slowloris,DoS attacks-Slowloris,4,Fwd Seg Size Min|Dst Port|Flow Byts/s|Init Bwd Win Byts|Down/Up Ratio,,0.0,Down/Up Ratio|Fwd PSH Flags|FIN Flag Cnt|Fwd Seg Size Min|SYN Flag Cnt,,0.0
66907,DoS attacks-SlowHTTPTest,DoS attacks-SlowHTTPTest,4,Fwd Seg Size Min|Flow IAT Max|Flow Duration|Flow IAT Min|Flow Pkts/s,Flow Duration|Flow Pkts/s,0.4,Fwd Seg Size Min|Init Fwd Win Byts|Flow IAT Max|Init Bwd Win Byts|Fwd Header Len,,0.0
67232,Bot,Bot,5,Dst Port|Fwd Act Data Pkts|RST Flag Cnt|Protocol|Tot Fwd Pkts,Dst Port,0.2,Dst Port|RST Flag Cnt|Fwd URG Flags|Bwd IAT Min|CWE Flag Count,Dst Port,0.2
68038,Benign,Benign,4,RST Flag Cnt|Dst Port|ECE Flag Cnt|Fwd Pkt Len Max|Flow Duration,Dst Port|Flow Duration,0.4,Tot Fwd Pkts|FIN Flag Cnt|Fwd Act Data Pkts|Flow Duration|Fwd Header Len,Flow Duration,0.2
68188,DoS attacks-Slowloris,DoS attacks-Slowloris,4,Fwd Seg Size Min|Dst Port|Flow Byts/s|Init Bwd Win Byts|Fwd PSH Flags,,0.0,Fwd Seg Size Min|Fwd PSH Flags|SYN Flag Cnt|Active Mean|Flow Byts/s,,0.0
68297,FTP-BruteForce,FTP-BruteForce,4,Fwd Seg Size Min|Flow IAT Max|Flow IAT Min|Flow IAT Mean|Flow Pkts/s,Flow IAT Min,0.2,Fwd Seg Size Min|CWE Flag Count|Init Fwd Win Byts|Fwd URG Flags|Init Bwd Win Byts,,0.0
68427,Brute Force -Web,Brute Force -Web,4,Init Fwd Win Byts|Fwd Pkts/s|Dst Port|Bwd Pkts/s|Fwd IAT Min,Dst Port,0.2,RST Flag Cnt|Flow IAT Min|Fwd IAT Tot|Fwd IAT Min|TotLen Fwd Pkts,Flow IAT Min,0.2
68660,SSH-Bruteforce,SSH-Bruteforce,4,Dst Port|Fwd Act Data Pkts|Fwd Seg Size Min|Init Bwd Win Byts|Bwd Header Len,Dst Port,0.2,Dst Port|Init Bwd Win Byts|Fwd Act Data Pkts|URG Flag Cnt|Bwd IAT Tot,Dst Port,0.2
68799,SQL Injection,SQL Injection,5,Bwd Pkt Len Std|Fwd Pkt Len Std|Dst Port|Flow IAT Min|Fwd IAT Min,Dst Port,0.2,Bwd IAT Std|Flow Byts/s|Bwd IAT Mean|Bwd IAT Tot|ECE Flag Cnt,,0.0
68800,DDoS attacks-LOIC-HTTP,DDoS attacks-LOIC-HTTP,5,Init Fwd Win Byts|Fwd IAT Std|Fwd Pkts/s|Flow IAT Min|Flow IAT Max,Fwd Pkts/s|Flow IAT Min,0.4,CWE Flag Count|Fwd Pkts/s|Fwd IAT Std|FIN Flag Cnt|Fwd URG Flags,Fwd Pkts/s,0.2
69550,SSH-Bruteforce,SSH-Bruteforce,4,Dst Port|Fwd Act Data Pkts|Fwd Seg Size Min|Init Bwd Win Byts|Flow IAT Min,Dst Port|Flow IAT Min,0.4,Dst Port|Init Bwd Win Byts|Fwd Act Data Pkts|Fwd URG Flags|Init Fwd Win Byts,Dst Port,0.2
70901,DoS attacks-SlowHTTPTest,DoS attacks-SlowHTTPTest,4,Fwd Seg Size Min|Flow IAT Max|Flow Duration|Flow IAT Min|Flow Pkts/s,Flow Duration|Flow Pkts/s,0.4,Fwd Seg Size Min|Init Fwd Win Byts|Bwd Header Len|Fwd Header Len|Flow IAT Mean,Flow IAT Mean,0.2
71262,Infilteration,Infilteration,6,Fwd Header Len|Fwd Seg Size Min|PSH Flag Cnt|Dst Port|Fwd Pkt Len Max,Dst Port,0.2,CWE Flag Count|Fwd URG Flags|Fwd Pkt Len Mean|RST Flag Cnt|ECE Flag Cnt,,0.0
71888,SSH-Bruteforce,SSH-Bruteforce,4,Dst Port|Fwd Act Data Pkts|Fwd Seg Size Min|Init Bwd Win Byts|Bwd Header Len,Dst Port,0.2,Dst Port|Init Bwd Win Byts|Fwd Act Data Pkts|URG Flag Cnt|Flow IAT Mean,Dst Port,0.2
72438,DoS attacks-Hulk,DoS attacks-Hulk,4,Fwd Seg Size Min|Tot Bwd Pkts|Init Fwd Win Byts|Fwd Pkt Len Max|Fwd IAT Min,,0.0,FIN Flag Cnt|Fwd Seg Size Min|Fwd PSH Flags|Dst Port|Fwd IAT Tot,Dst Port,0.2
72472,SSH-Bruteforce,SSH-Bruteforce,4,Dst Port|Fwd Act Data Pkts|Fwd Seg Size Min|Init Bwd Win Byts|Flow IAT Min,Dst Port|Flow IAT Min,0.4,Dst Port|Init Bwd Win Byts|FIN Flag Cnt|Fwd Act Data Pkts|Flow IAT Mean,Dst Port,0.2
73380,DDOS attack-HOIC,DDOS attack-HOIC,5,Init Fwd Win Byts|Dst Port|Tot Bwd Pkts|Fwd IAT Tot|Flow Duration,,0.0,Init Fwd Win Byts|Dst Port|Bwd Header Len|Fwd Header Len|Bwd IAT Min,,0.0
73552,Bot,Bot,5,Dst Port|Fwd Act Data Pkts|RST Flag Cnt|Protocol|Tot Fwd Pkts,Dst Port,0.2,Dst Port|RST Flag Cnt|SYN Flag Cnt|Bwd IAT Min|FIN Flag Cnt,Dst Port,0.2
73653,DoS attacks-GoldenEye,DoS attacks-GoldenEye,4,Fwd Seg Size Min|Flow IAT Min|Init Fwd Win Byts|Flow IAT Mean|Dst Port,Init Fwd Win Byts|Dst Port,0.4,Fwd Seg Size Min|Flow IAT Min|Fwd PSH Flags|FIN Flag Cnt|Active Min,,0.0
74001,DoS attacks-SlowHTTPTest,DoS attacks-SlowHTTPTest,4,Fwd Seg Size Min|Flow IAT Max|Flow Duration|Bwd Pkts/s|Flow IAT Min,Flow Duration,0.2,Fwd Seg Size Min|CWE Flag Count|Init Fwd Win Byts|Fwd Pkts/s|Dst Port,,0.0
74167,DDOS attack-LOIC-UDP,DDOS attack-LOIC-UDP,5,Tot Fwd Pkts|Fwd IAT Tot|Fwd Act Data Pkts|Flow Duration|Flow IAT Min,Flow Duration,0.2,Tot Fwd Pkts|CWE Flag Count|Fwd Act Data Pkts|Fwd Header Len|Flow Duration,Flow Duration,0.2
74320,SSH-Bruteforce,SSH-Bruteforce,4,Dst Port|Bwd Header Len|Bwd Pkts/s|Fwd Seg Size Min|Init Bwd Win Byts,Dst Port,0.2,Dst Port|Init Bwd Win Byts|URG Flag Cnt|FIN Flag Cnt|Bwd Pkts/s,Dst Port,0.2
74683,Infilteration,Infilteration,6,Init Bwd Win Byts|Flow Duration|Bwd IAT Min|Flow Byts/s|Dst Port,Init Bwd Win Byts|Flow Duration|Dst Port,0.6,Fwd URG Flags|RST Flag Cnt|FIN Flag Cnt|ECE Flag Cnt|Init Fwd Win Byts,,0.0
75432,Infilteration,Infilteration,6,Bwd Pkt Len Std|Dst Port|Bwd Pkt Len Max|Fwd Header Len|Pkt Len Std,Dst Port,0.2,FIN Flag Cnt|RST Flag Cnt|ECE Flag Cnt|Init Fwd Win Byts|Idle Max,,0.0
75851,Infilteration,Infilteration,6,Fwd Header Len|Fwd Seg Size Min|PSH Flag Cnt|Dst Port|Bwd Pkts/s,Dst Port,0.2,Fwd URG Flags|RST Flag Cnt|ECE Flag Cnt|Fwd Pkt Len Mean|URG Flag Cnt,,0.0
75866,DoS attacks-SlowHTTPTest,DoS attacks-SlowHTTPTest,4,Fwd Seg Size Min|Flow IAT Max|Flow Duration|Bwd Pkts/s|Flow IAT Min,Flow Duration,0.2,Fwd Seg Size Min|Init Fwd Win Byts|CWE Flag Count|Fwd URG Flags|Flow IAT Mean,Flow IAT Mean,0.2
75973,DDOS attack-HOIC,DDOS attack-HOIC,5,Init Fwd Win Byts|Dst Port|Tot Bwd Pkts|Fwd IAT Tot|Flow IAT Max,,0.0,Init Fwd Win Byts|Dst Port|Fwd URG Flags|Fwd Pkt Len Max|Fwd IAT Tot,,0.0
76270,DDOS attack-LOIC-UDP,DDOS attack-LOIC-UDP,5,Tot Fwd Pkts|Fwd IAT Tot|Fwd Act Data Pkts|Flow IAT Std|Fwd IAT Mean,,0.0,Tot Fwd Pkts|Fwd Act Data Pkts|Fwd Header Len|Flow Duration|CWE Flag Count,Flow Duration,0.2
76734,DDOS attack-LOIC-UDP,DDOS attack-LOIC-UDP,5,Tot Fwd Pkts|Fwd IAT Tot|Fwd Act Data Pkts|Flow IAT Std|Fwd IAT Mean,,0.0,Tot Fwd Pkts|Fwd Act Data Pkts|Fwd Header Len|Flow Duration|FIN Flag Cnt,Flow Duration,0.2
77046,Bot,Bot,5,Dst Port|Fwd Act Data Pkts|RST Flag Cnt|Protocol|Tot Fwd Pkts,Dst Port,0.2,Dst Port|RST Flag Cnt|FIN Flag Cnt|Protocol|Bwd IAT Min,Dst Port,0.2
77465,Bot,Bot,5,Dst Port|RST Flag Cnt|TotLen Fwd Pkts|Fwd Act Data Pkts|Protocol,Dst Port,0.2,Dst Port|RST Flag Cnt|Bwd IAT Min|SYN Flag Cnt|FIN Flag Cnt,Dst Port,0.2
77772,DoS attacks-Slowloris,DoS attacks-Slowloris,4,Bwd IAT Max|Fwd Seg Size Min|Bwd IAT Tot|Bwd IAT Mean|Init Fwd Win Byts,,0.0,FIN Flag Cnt|Fwd Seg Size Min|Active Std|Active Min|Idle Std,,0.0
77857,Infilteration,Infilteration,6,Fwd URG Flags|Flow IAT Min|Fwd Seg Size Min|Init Fwd Win Byts|Fwd Pkts/s,Flow IAT Min,0.2,CWE Flag Count|Fwd URG Flags|RST Flag Cnt|Fwd Pkt Len Mean|URG Flag Cnt,,0.0
78135,DoS attacks-Slowloris,DoS attacks-Slowloris,4,Fwd Seg Size Min|Fwd IAT Std|Dst Port|Init Fwd Win Byts|Pkt Size Avg,,0.0,FIN Flag Cnt|Fwd Seg Size Min|Flow Duration|Flow IAT Std|Bwd Header Len,Flow Duration,0.2
78923,SSH-Bruteforce,SSH-Bruteforce,4,Dst Port|Fwd Act Data Pkts|Fwd Seg Size Min|Init Bwd Win Byts|Bwd Header Len,Dst Port,0.2,Dst Port|Init Bwd Win Byts|Fwd Seg Size Min|Fwd Act Data Pkts|Flow IAT Mean,Dst Port,0.2
78982,DDOS attack-HOIC,DDOS attack-HOIC,5,Init Fwd Win Byts|Dst Port|Tot Bwd Pkts|Fwd IAT Tot|Flow IAT Max,,0.0,Init Fwd Win Byts|Dst Port|Fwd Header Len|Flow Pkts/s|Bwd Header Len,Flow Pkts/s,0.2
80115,DDOS attack-HOIC,DDOS attack-HOIC,5,Init Fwd Win Byts|Dst Port|Tot Bwd Pkts|Fwd IAT Tot|Flow IAT Max,,0.0,Init Fwd Win Byts|Fwd URG Flags|Dst Port|Idle Std|Flow IAT Min,Flow IAT Min,0.2
80241,DoS attacks-Hulk,DoS attacks-Hulk,4,Fwd Seg Size Min|Tot Bwd Pkts|Init Fwd Win Byts|Fwd Pkt Len Max|Fwd IAT Min,,0.0,FIN Flag Cnt|Fwd Seg Size Min|Dst Port|Bwd Pkts/s|Active Std,Dst Port,0.2
80897,DoS attacks-SlowHTTPTest,DoS attacks-SlowHTTPTest,4,Fwd Seg Size Min|Flow IAT Max|Flow Duration|Bwd Pkts/s|Flow IAT Min,Flow Duration,0.2,Fwd Seg Size Min|Init Fwd Win Byts|Bwd Header Len|Fwd IAT Mean|Fwd IAT Max,,0.0
82474,DoS attacks-SlowHTTPTest,DoS attacks-SlowHTTPTest,4,Fwd Seg Size Min|Flow Duration|Bwd Pkts/s|Flow IAT Max|Flow IAT Mean,Flow Duration|Flow IAT Mean,0.4,Fwd Seg Size Min|Init Fwd Win Byts|Fwd Pkts/s|Init Bwd Win Byts|Fwd IAT Tot,,0.0
82620,DDOS attack-HOIC,DDOS attack-HOIC,5,Init Fwd Win Byts|Dst Port|Tot Bwd Pkts|Fwd IAT Tot|Flow IAT Max,,0.0,Init Fwd Win Byts|Dst Port|Fwd URG Flags|Active Mean|Fwd Seg Size Min,,0.0
83260,DDoS attacks-LOIC-HTTP,DDoS attacks-LOIC-HTTP,5,Bwd Pkt Len Std|Fwd IAT Tot|Fwd IAT Std|Fwd Pkts/s|Flow IAT Max,Fwd Pkts/s,0.2,FIN Flag Cnt|Fwd IAT Tot|Bwd Pkt Len Std|Dst Port|Flow Byts/s,Dst Port,0.2
83465,DoS attacks-Hulk,DoS attacks-Hulk,4,Fwd Seg Size Min|Tot Bwd Pkts|Init Fwd Win Byts|Fwd Pkt Len Max|Fwd IAT Min,,0.0,FIN Flag Cnt|Fwd Seg Size Min|Fwd PSH Flags|Fwd Header Len|Tot Bwd Pkts,,0.0
83550,SSH-Bruteforce,SSH-Bruteforce,4,Dst Port|Fwd Act Data Pkts|Fwd Seg Size Min|Init Bwd Win Byts|Bwd Header Len,Dst Port,0.2,Dst Port|Init Bwd Win Byts|Fwd Act Data Pkts|Fwd Pkt Len Max|URG Flag Cnt,Dst Port,0.2
84105,DoS attacks-GoldenEye,DoS attacks-GoldenEye,4,Fwd Seg Size Min|Flow Byts/s|Bwd IAT Std|Flow IAT Mean|TotLen Bwd Pkts,,0.0,Fwd Seg Size Min|SYN Flag Cnt|Bwd Pkt Len Std|Idle Std|Active Std,,0.0
85230,Bot,Bot,5,Dst Port|RST Flag Cnt|TotLen Fwd Pkts|Fwd Act Data Pkts|Protocol,Dst Port,0.2,Dst Port|RST Flag Cnt|Fwd URG Flags|CWE Flag Count|Idle Min,Dst Port,0.2
85527,DoS attacks-SlowHTTPTest,DoS attacks-SlowHTTPTest,4,Fwd Seg Size Min|Flow Duration|Bwd Pkts/s|Flow IAT Max|Flow IAT Min,Flow Duration,0.2,Fwd Seg Size Min|Init Fwd Win Byts|Fwd Header Len|Bwd Header Len|Bwd Pkts/s,,0.0
85863,DoS attacks-Slowloris,DoS attacks-Slowloris,4,Bwd IAT Max|Fwd Seg Size Min|Bwd IAT Tot|Bwd IAT Mean|Init Fwd Win Byts,,0.0,FIN Flag Cnt|Fwd Seg Size Min|Active Std|Active Min|Idle Std,,0.0
86164,Brute Force -Web,Brute Force -Web,4,Init Fwd Win Byts|Fwd Pkts/s|Dst Port|Bwd Pkts/s|Fwd IAT Min,Dst Port,0.2,Fwd IAT Max|Fwd Pkts/s|Flow Pkts/s|Flow IAT Mean|Bwd Pkts/s,Flow Pkts/s,0.2
86768,DDOS attack-LOIC-UDP,DDOS attack-LOIC-UDP,5,Tot Fwd Pkts|Fwd IAT Tot|Flow IAT Mean|Fwd Act Data Pkts|Fwd IAT Std,,0.0,Tot Fwd Pkts|CWE Flag Count|Fwd Act Data Pkts|Fwd Header Len|Flow Duration,Flow Duration,0.2
88694,DoS attacks-SlowHTTPTest,DoS attacks-SlowHTTPTest,4,Fwd Seg Size Min|Flow Duration|Bwd Pkts/s|Flow IAT Max|Flow IAT Min,Flow Duration,0.2,Fwd Seg Size Min|Init Fwd Win Byts|Fwd Header Len|Bwd Header Len|Bwd Pkts/s,,0.0
88764,SSH-Bruteforce,SSH-Bruteforce,4,Dst Port|Fwd Act Data Pkts|Fwd Seg Size Min|Init Bwd Win Byts|Flow IAT Min,Dst Port|Flow IAT Min,0.4,Init Bwd Win Byts|Dst Port|Fwd Act Data Pkts|Init Fwd Win Byts|CWE Flag Count,Dst Port,0.2
88816,Brute Force -Web,Brute Force -Web,4,Fwd Pkt Len Mean|Fwd Pkt Len Max|Dst Port|Bwd Pkts/s|Fwd Pkt Len Std,Dst Port,0.2,RST Flag Cnt|Fwd Pkt Len Std|Bwd Pkts/s|Fwd Pkt Len Max|Fwd Header Len,Fwd Header Len,0.2
89190,Infilteration,Infilteration,6,Fwd Header Len|Fwd Seg Size Min|PSH Flag Cnt|Dst Port|Fwd Pkt Len Max,Dst Port,0.2,Fwd URG Flags|RST Flag Cnt|FIN Flag Cnt|Fwd Pkt Len Mean|Idle Max,,0.0
89606,Benign,Benign,4,Dst Port|Init Fwd Win Byts|Fwd Pkt Len Max|Tot Bwd Pkts|Fwd Pkt Len Std,Dst Port,0.2,Fwd URG Flags|FIN Flag Cnt|Tot Fwd Pkts|Flow Duration|CWE Flag Count,Flow Duration,0.2
90062,DDOS attack-LOIC-UDP,DDOS attack-LOIC-UDP,5,Tot Fwd Pkts|Fwd IAT Tot|Fwd Act Data Pkts|Flow IAT Std|Fwd IAT Mean,,0.0,Tot Fwd Pkts|Fwd Act Data Pkts|Fwd Header Len|Flow Duration|Fwd URG Flags,Flow Duration,0.2
90165,DoS attacks-Slowloris,DoS attacks-Slowloris,4,Fwd Seg Size Min|Flow IAT Std|Init Bwd Win Byts|Fwd PSH Flags|Idle Mean,,0.0,FIN Flag Cnt|Fwd Seg Size Min|Fwd PSH Flags|SYN Flag Cnt|Subflow Fwd Byts,,0.0
90525,DDoS attacks-LOIC-HTTP,DDoS attacks-LOIC-HTTP,5,Fwd Pkts/s|Bwd Pkt Len Std|Fwd IAT Std|Fwd IAT Tot|Flow IAT Max,Fwd Pkts/s,0.2,Fwd IAT Tot|Fwd Pkts/s|Fwd IAT Std|Bwd Pkt Len Std|URG Flag Cnt,Fwd Pkts/s,0.2
90855,Benign,Benign,4,Fwd Pkt Len Max|Init Fwd Win Byts|Dst Port|RST Flag Cnt|Bwd Pkts/s,Dst Port,0.2,FIN Flag Cnt|Tot Fwd Pkts|Fwd Seg Size Min|Dst Port|RST Flag Cnt,Dst Port,0.2
91374,SSH-Bruteforce,SSH-Bruteforce,4,Dst Port|Fwd Act Data Pkts|Fwd Seg Size Min|Init Bwd Win Byts|Flow IAT Min,Dst Port|Flow IAT Min,0.4,Dst Port|Init Bwd Win Byts|Fwd Act Data Pkts|Fwd Seg Size Min|TotLen Bwd Pkts,Dst Port,0.2
91411,DDOS attack-LOIC-UDP,DDOS attack-LOIC-UDP,5,Tot Fwd Pkts|Fwd IAT Tot|Fwd Act Data Pkts|Flow IAT Mean|Flow Byts/s,,0.0,Tot Fwd Pkts|Fwd Act Data Pkts|Fwd Header Len|Flow Duration|Idle Min,Flow Duration,0.2
92086,FTP-BruteForce,FTP-BruteForce,4,Fwd Seg Size Min|Flow IAT Min|Flow Pkts/s|Flow IAT Max|Flow Duration,Flow IAT Min,0.2,Fwd Seg Size Min|Init Fwd Win Byts|Bwd Pkts/s|Init Bwd Win Byts|Flow IAT Min,Flow IAT Min,0.2
92264,Brute Force -Web,Brute Force -Web,4,Init Fwd Win Byts|Dst Port|Fwd Pkts/s|Bwd Pkts/s|Flow IAT Min,Dst Port|Flow IAT Min,0.4,Init Fwd Win Byts|Dst Port|Fwd Pkts/s|Flow Duration|Flow IAT Min,Dst Port|Flow IAT Min,0.4
93779,DDoS attacks-LOIC-HTTP,DDoS attacks-LOIC-HTTP,5,Fwd Pkts/s|Bwd Pkt Len Std|Fwd IAT Std|Fwd IAT Tot|Flow IAT Max,Fwd Pkts/s,0.2,Flow Byts/s|Fwd IAT Tot|URG Flag Cnt|ECE Flag Cnt|Dst Port,Dst Port,0.2
94050,Infilteration,Infilteration,6,Dst Port|Init Fwd Win Byts|Pkt Len Mean|Pkt Len Max|Fwd Header Len,Dst Port,0.2,RST Flag Cnt|FIN Flag Cnt|Fwd Pkt Len Mean|ECE Flag Cnt|Idle Max,,0.0
94524,DoS attacks-Hulk,DoS attacks-Hulk,4,Fwd Seg Size Min|Tot Bwd Pkts|Init Fwd Win Byts|Fwd Pkt Len Max|Fwd IAT Min,,0.0,FIN Flag Cnt|Fwd Seg Size Min|Fwd URG Flags|Dst Port|Active Max,Dst Port,0.2
95197,DDOS attack-LOIC-UDP,DDOS attack-LOIC-UDP,5,Tot Fwd Pkts|Fwd IAT Tot|Fwd Act Data Pkts|Flow IAT Std|Fwd Header Len,,0.0,Tot Fwd Pkts|Fwd Act Data Pkts|Fwd Header Len|Flow Duration|CWE Flag Count,Flow Duration,0.2
95283,Infilteration,Infilteration,6,Fwd Header Len|Fwd Seg Size Min|PSH Flag Cnt|Fwd Pkt Len Max|Bwd Pkts/s,,0.0,RST Flag Cnt|Idle Max|ECE Flag Cnt|CWE Flag Count|Fwd Pkt Len Mean,,0.0
95359,DoS attacks-SlowHTTPTest,DoS attacks-SlowHTTPTest,4,Fwd Seg Size Min|Flow IAT Max|Flow Duration|Bwd Pkts/s|Flow IAT Min,Flow Duration,0.2,Fwd Seg Size Min|Init Fwd Win Byts|Bwd Header Len|Fwd Header Len|Init Bwd Win Byts,,0.0
96211,DoS attacks-Hulk,DoS attacks-Hulk,4,Fwd Seg Size Min|Tot Bwd Pkts|Init Fwd Win Byts|Fwd Pkt Len Max|Fwd IAT Min,,0.0,FIN Flag Cnt|Fwd Seg Size Min|Dst Port|Active Std|SYN Flag Cnt,Dst Port,0.2
97722,Benign,Benign,4,Fwd Pkt Len Max|Dst Port|Fwd IAT Std|RST Flag Cnt|Fwd Seg Size Min,Dst Port,0.2,FIN Flag Cnt|Tot Fwd Pkts|Flow Duration|Fwd Header Len|RST Flag Cnt,Flow Duration,0.2
97875,SSH-Bruteforce,SSH-Bruteforce,4,Dst Port|Fwd Act Data Pkts|Fwd Seg Size Min|Init Bwd Win Byts|Flow IAT Min,Dst Port|Flow IAT Min,0.4,Dst Port|Init Bwd Win Byts|Fwd Act Data Pkts|Init Fwd Win Byts|Flow IAT Min,Dst Port|Flow IAT Min,0.4
99049,DoS attacks-SlowHTTPTest,DoS attacks-SlowHTTPTest,4,Fwd Seg Size Min|Flow IAT Max|Flow Duration|Flow IAT Min|Flow Pkts/s,Flow Duration|Flow Pkts/s,0.4,Fwd Seg Size Min|Init Fwd Win Byts|Init Bwd Win Byts|Flow Duration|Flow IAT Mean,Flow Duration|Flow IAT Mean,0.4
99470,DoS attacks-Slowloris,DoS attacks-Slowloris,4,Fwd Seg Size Min|Fwd IAT Std|Dst Port|Init Fwd Win Byts|Pkt Size Avg,,0.0,FIN Flag Cnt|Fwd Seg Size Min|Flow IAT Mean|Fwd Header Len|Fwd IAT Std,Flow IAT Mean,0.2
99643,Bot,Bot,5,Dst Port|RST Flag Cnt|TotLen Fwd Pkts|Fwd Act Data Pkts|Protocol,Dst Port,0.2,Dst Port|RST Flag Cnt|Fwd URG Flags|Fwd IAT Min|SYN Flag Cnt,Dst Port,0.2
99717,DDOS attack-LOIC-UDP,DDOS attack-LOIC-UDP,5,Tot Fwd Pkts|Fwd IAT Tot|Fwd Act Data Pkts|Fwd Header Len|Flow IAT Std,,0.0,Tot Fwd Pkts|Fwd Act Data Pkts|Fwd Header Len|Flow Duration|Fwd URG Flags,Flow Duration,0.2
99875,Bot,Bot,5,Dst Port|RST Flag Cnt|TotLen Fwd Pkts|Fwd Act Data Pkts|Protocol,Dst Port,0.2,Dst Port|RST Flag Cnt|FIN Flag Cnt|Active Min|Bwd Pkt Len Mean,Dst Port,0.2
99932,DDOS attack-HOIC,DDOS attack-HOIC,5,Init Fwd Win Byts|Dst Port|Tot Bwd Pkts|Fwd IAT Tot|Flow IAT Max,,0.0,CWE Flag Count|Init Fwd Win Byts|Dst Port|Fwd URG Flags|Flow IAT Max,,0.0
100291,DDOS attack-LOIC-UDP,DDOS attack-LOIC-UDP,5,Tot Fwd Pkts|Fwd IAT Tot|Fwd Act Data Pkts|Fwd Header Len|Flow IAT Min,,0.0,Tot Fwd Pkts|Fwd URG Flags|Fwd Act Data Pkts|Fwd Header Len|Flow Duration,Flow Duration,0.2
100422,Bot,Bot,5,Dst Port|Fwd Act Data Pkts|RST Flag Cnt|Protocol|Tot Fwd Pkts,Dst Port,0.2,Dst Port|RST Flag Cnt|Bwd IAT Min|CWE Flag Count|Fwd URG Flags,Dst Port,0.2
100769,Brute Force -Web,Brute Force -Web,4,Init Fwd Win Byts|Dst Port|Fwd Pkts/s|Bwd Pkts/s|Flow IAT Min,Dst Port|Flow IAT Min,0.4,Fwd Pkts/s|Flow IAT Max|Flow Pkts/s|Init Fwd Win Byts|CWE Flag Count,Flow Pkts/s,0.2
101190,DoS attacks-GoldenEye,DoS attacks-GoldenEye,4,Fwd Seg Size Min|Flow IAT Min|Init Fwd Win Byts|Flow IAT Mean|Dst Port,Init Fwd Win Byts|Dst Port,0.4,Fwd Seg Size Min|Flow IAT Min|Active Std|Subflow Fwd Byts|Active Max,,0.0
101541,DDoS attacks-LOIC-HTTP,DDoS attacks-LOIC-HTTP,5,Flow IAT Min|Init Fwd Win Byts|Fwd Pkts/s|Flow IAT Max|Fwd IAT Std,Flow IAT Min|Fwd Pkts/s,0.4,Fwd IAT Tot|Fwd IAT Std|FIN Flag Cnt|Flow IAT Min|Flow Byts/s,Flow IAT Min,0.2
101801,DDOS attack-HOIC,DDOS attack-HOIC,5,Init Fwd Win Byts|Dst Port|Tot Bwd Pkts|Fwd IAT Tot|Flow IAT Max,,0.0,Init Fwd Win Byts|Dst Port|Fwd Pkts/s|Bwd Pkts/s|Flow IAT Max,,0.0
102592,Bot,Bot,5,Dst Port|RST Flag Cnt|TotLen Fwd Pkts|Fwd Act Data Pkts|Protocol,Dst Port,0.2,Dst Port|RST Flag Cnt|Bwd IAT Min|Fwd URG Flags|TotLen Bwd Pkts,Dst Port,0.2
102666,FTP-BruteForce,FTP-BruteForce,4,Fwd Seg Size Min|Flow Pkts/s|Flow IAT Max|Flow IAT Min|Flow IAT Mean,Flow IAT Min,0.2,Fwd Seg Size Min|Init Fwd Win Byts|Init Bwd Win Byts|Flow IAT Max|Flow IAT Min,Flow IAT Min,0.2
103742,Brute Force -Web,Brute Force -Web,4,Fwd Pkt Len Mean|Fwd Pkt Len Max|Dst Port|Bwd Pkts/s|Fwd Pkt Len Std,Dst Port,0.2,RST Flag Cnt|Fwd Pkt Len Std|CWE Flag Count|Init Bwd Win Byts|Subflow Fwd Byts,,0.0
104000,DDoS attacks-LOIC-HTTP,DDoS attacks-LOIC-HTTP,5,Init Fwd Win Byts|Fwd IAT Std|Fwd Pkts/s|Flow IAT Min|Flow IAT Max,Fwd Pkts/s|Flow IAT Min,0.4,Fwd URG Flags|CWE Flag Count|Fwd Pkts/s|Flow Duration|Fwd IAT Std,Fwd Pkts/s,0.2
105697,SSH-Bruteforce,SSH-Bruteforce,4,Dst Port|Fwd Act Data Pkts|Fwd Seg Size Min|Init Bwd Win Byts|Flow IAT Min,Dst Port|Flow IAT Min,0.4,Dst Port|Init Bwd Win Byts|Fwd Act Data Pkts|Flow IAT Min|FIN Flag Cnt,Dst Port|Flow IAT Min,0.4
105893,Infilteration,Infilteration,6,Fwd Header Len|Fwd Seg Size Min|PSH Flag Cnt|Dst Port|Fwd Pkt Len Max,Dst Port,0.2,RST Flag Cnt|CWE Flag Count|FIN Flag Cnt|ECE Flag Cnt|Idle Max,,0.0
106760,DDOS attack-LOIC-UDP,DDOS attack-LOIC-UDP,5,Tot Fwd Pkts|Fwd IAT Tot|Fwd Act Data Pkts|Flow Pkts/s|Flow Byts/s,Flow Pkts/s,0.2,Tot Fwd Pkts|Fwd Act Data Pkts|Fwd URG Flags|Fwd Header Len|Flow Duration,Flow Duration,0.2
107145,DDOS attack-HOIC,DDOS attack-HOIC,5,Init Fwd Win Byts|Dst Port|Tot Bwd Pkts|Fwd IAT Tot|Flow IAT Max,,0.0,Init Fwd Win Byts|Dst Port|Idle Std|FIN Flag Cnt|Active Max,,0.0
107291,Bot,Bot,5,Dst Port|RST Flag Cnt|TotLen Fwd Pkts|Fwd Act Data Pkts|Protocol,Dst Port,0.2,RST Flag Cnt|Dst Port|Bwd Pkt Len Std|Idle Std|FIN Flag Cnt,Dst Port,0.2
107641,DDoS attacks-LOIC-HTTP,DDoS attacks-LOIC-HTTP,5,Fwd Pkts/s|Bwd Pkt Len Std|Fwd IAT Std|Fwd IAT Tot|Flow IAT Max,Fwd Pkts/s,0.2,FIN Flag Cnt|Fwd Pkts/s|Fwd IAT Tot|Bwd Pkt Len Std|URG Flag Cnt,Fwd Pkts/s,0.2
107809,Infilteration,Infilteration,6,Fwd Header Len|Fwd Seg Size Min|PSH Flag Cnt|Fwd Pkt Len Max|Bwd Pkts/s,,0.0,RST Flag Cnt|ECE Flag Cnt|Fwd Pkt Len Mean|Fwd Pkt Len Max|Idle Max,,0.0
107842,Benign,Benign,4,Fwd Pkt Len Max|Dst Port|Bwd Pkt Len Max|Init Fwd Win Byts|RST Flag Cnt,Dst Port,0.2,Tot Fwd Pkts|FIN Flag Cnt|Fwd Act Data Pkts|CWE Flag Count|Fwd Header Len,,0.0
108443,SSH-Bruteforce,SSH-Bruteforce,4,Dst Port|Fwd Act Data Pkts|Fwd Seg Size Min|Init Bwd Win Byts|Flow IAT Min,Dst Port|Flow IAT Min,0.4,Dst Port|Init Bwd Win Byts|Fwd Seg Size Min|Flow IAT Mean|Fwd Act Data Pkts,Dst Port,0.2
108720,Brute Force -XSS,Brute Force -XSS,6,Init Fwd Win Byts|Fwd Pkts/s|Dst Port|Bwd Pkts/s|Flow Duration,Dst Port,0.2,Fwd Pkts/s|Flow IAT Max|Dst Port|Fwd IAT Tot|Flow IAT Min,Dst Port,0.2
108736,DDOS attack-HOIC,DDOS attack-HOIC,5,Init Fwd Win Byts|Dst Port|Tot Bwd Pkts|Fwd IAT Tot|Flow IAT Max,,0.0,Init Fwd Win Byts|Dst Port|Fwd URG Flags|FIN Flag Cnt|SYN Flag Cnt,,0.0
108787,DDoS attacks-LOIC-HTTP,DDoS attacks-LOIC-HTTP,5,Init Fwd Win Byts|Fwd IAT Std|Fwd Pkts/s|Flow IAT Min|Flow IAT Max,Fwd Pkts/s|Flow IAT Min,0.4,Fwd Pkts/s|Fwd IAT Std|Flow IAT Min|Dst Port|Fwd Pkt Len Max,Fwd Pkts/s|Flow IAT Min|Dst Port,0.6
109595,DoS attacks-Hulk,DoS attacks-Hulk,4,Fwd Seg Size Min|Tot Bwd Pkts|Init Fwd Win Byts|Fwd Pkt Len Max|Fwd IAT Min,,0.0,FIN Flag Cnt|Fwd Seg Size Min|Dst Port|SYN Flag Cnt|Idle Mean,Dst Port,0.2
110687,FTP-BruteForce,FTP-BruteForce,4,Fwd Seg Size Min|Flow Pkts/s|Flow IAT Max|Flow IAT Mean|Flow IAT Min,Flow IAT Min,0.2,Fwd Seg Size Min|Init Fwd Win Byts|CWE Flag Count|Init Bwd Win Byts|Fwd IAT Max,,0.0
110737,DDoS attacks-LOIC-HTTP,DDoS attacks-LOIC-HTTP,5,Bwd Pkt Len Std|Fwd Pkts/s|Fwd IAT Std|Fwd IAT Tot|Flow IAT Max,Fwd Pkts/s,0.2,Fwd Pkts/s|CWE Flag Count|Bwd Pkt Len Std|Fwd IAT Std|Fwd IAT Tot,Fwd Pkts/s,0.2
111208,FTP-BruteForce,FTP-BruteForce,4,Fwd Seg Size Min|Flow Pkts/s|Flow IAT Max|Flow IAT Min|Flow IAT Mean,Flow IAT Min,0.2,Fwd Seg Size Min|Init Fwd Win Byts|Subflow Bwd Pkts|Init Bwd Win Byts|Fwd Header Len,,0.0
112107,FTP-BruteForce,FTP-BruteForce,4,Fwd Seg Size Min|Flow Pkts/s|Flow IAT Max|Flow IAT Min|Flow IAT Mean,Flow IAT Min,0.2,Fwd Seg Size Min|Init Fwd Win Byts|Fwd Pkts/s|Init Bwd Win Byts|Bwd Pkts/s,,0.0
112373,Benign,Benign,4,Flow Duration|Init Fwd Win Byts|Fwd Pkt Len Max|Idle Max|Fwd Pkt Len Mean,Flow Duration,0.2,FIN Flag Cnt|Fwd URG Flags|Tot Fwd Pkts|Flow Duration|Fwd Pkt Len Max,Flow Duration,0.2
113497,Infilteration,Infilteration,6,Fwd Header Len|Fwd Seg Size Min|PSH Flag Cnt|Dst Port|Bwd Pkts/s,Dst Port,0.2,Fwd URG Flags|RST Flag Cnt|FIN Flag Cnt|ECE Flag Cnt|Idle Max,,0.0
113592,Bot,Bot,5,Dst Port|RST Flag Cnt|TotLen Fwd Pkts|Fwd Act Data Pkts|Protocol,Dst Port,0.2,Dst Port|RST Flag Cnt|Bwd Seg Size Avg|FIN Flag Cnt|Bwd Pkt Len Std,Dst Port,0.2
114470,DoS attacks-Slowloris,DoS attacks-Slowloris,4,Bwd IAT Max|Fwd Seg Size Min|Bwd IAT Tot|Bwd IAT Mean|Init Fwd Win Byts,,0.0,Fwd Seg Size Min|Active Std|Idle Std|Active Min|Active Max,,0.0
114522,SSH-Bruteforce,SSH-Bruteforce,4,Dst Port|Fwd Act Data Pkts|Fwd Seg Size Min|Init Bwd Win Byts|Flow IAT Min,Dst Port|Flow IAT Min,0.4,Dst Port|Init Bwd Win Byts|FIN Flag Cnt|Fwd Act Data Pkts|URG Flag Cnt,Dst Port,0.2
115506,Benign,Benign,4,Bwd Pkt Len Max|Fwd Pkt Len Max|Dst Port|Init Fwd Win Byts|Flow Duration,Dst Port|Flow Duration,0.4,Tot Fwd Pkts|FIN Flag Cnt|Fwd Act Data Pkts|Flow Duration|Fwd Header Len,Flow Duration,0.2
115573,DDOS attack-HOIC,DDOS attack-HOIC,5,Init Fwd Win Byts|Dst Port|Tot Bwd Pkts|Fwd IAT Tot|Flow IAT Max,,0.0,Init Fwd Win Byts|Dst Port|Fwd URG Flags|Active Min|Flow IAT Max,,0.0
117779,SSH-Bruteforce,SSH-Bruteforce,4,Dst Port|Bwd Header Len|Bwd Pkts/s|Fwd Seg Size Min|Init Bwd Win Byts,Dst Port,0.2,Fwd URG Flags|Dst Port|Init Bwd Win Byts|Bwd Pkts/s|URG Flag Cnt,Dst Port,0.2
118870,DoS attacks-GoldenEye,DoS attacks-GoldenEye,4,Fwd Seg Size Min|Flow IAT Min|Init Fwd Win Byts|Flow IAT Mean|Dst Port,Init Fwd Win Byts|Dst Port,0.4,Fwd Seg Size Min|FIN Flag Cnt|Flow IAT Min|Dst Port|SYN Flag Cnt,Dst Port,0.2
119445,Bot,Bot,5,Dst Port|RST Flag Cnt|TotLen Fwd Pkts|Fwd Act Data Pkts|Protocol,Dst Port,0.2,Dst Port|RST Flag Cnt|Bwd IAT Min|Fwd URG Flags|Fwd PSH Flags,Dst Port,0.2
119755,DoS attacks-Slowloris,DoS attacks-Slowloris,4,Bwd IAT Max|Fwd Seg Size Min|Bwd IAT Tot|Bwd IAT Mean|Init Fwd Win Byts,,0.0,Fwd Seg Size Min|Idle Std|FIN Flag Cnt|Active Std|Idle Min,,0.0
120459,SSH-Bruteforce,SSH-Bruteforce,4,Dst Port|Bwd Header Len|Bwd Pkts/s|Fwd Seg Size Min|Init Bwd Win Byts,Dst Port,0.2,Dst Port|Init Bwd Win Byts|URG Flag Cnt|FIN Flag Cnt|Bwd Pkts/s,Dst Port,0.2
120958,DDoS attacks-LOIC-HTTP,DDoS attacks-LOIC-HTTP,5,Init Fwd Win Byts|Fwd IAT Std|Fwd Pkts/s|Flow IAT Min|Flow IAT Max,Fwd Pkts/s|Flow IAT Min,0.4,Fwd URG Flags|Fwd Pkts/s|Fwd IAT Std|Fwd Pkt Len Max|Active Std,Fwd Pkts/s,0.2
122230,DDOS attack-HOIC,DDOS attack-HOIC,5,Init Fwd Win Byts|Dst Port|Tot Bwd Pkts|Fwd IAT Tot|Flow IAT Max,,0.0,Init Fwd Win Byts|Dst Port|Flow Pkts/s|Flow IAT Max|Flow IAT Min,Flow Pkts/s|Flow IAT Min,0.4
122374,DoS attacks-GoldenEye,DoS attacks-GoldenEye,4,Fwd Seg Size Min|Bwd Pkt Len Std|TotLen Bwd Pkts|Bwd Pkt Len Mean|Flow IAT Mean,,0.0,Fwd Seg Size Min|Bwd Pkt Len Std|SYN Flag Cnt|Tot Fwd Pkts|Init Fwd Win Byts,Init Fwd Win Byts,0.2
122689,Bot,Bot,5,Dst Port|Fwd Act Data Pkts|RST Flag Cnt|Protocol|Tot Fwd Pkts,Dst Port,0.2,Dst Port|RST Flag Cnt|Bwd IAT Min|Fwd PSH Flags|FIN Flag Cnt,Dst Port,0.2
122917,Infilteration,Infilteration,6,Dst Port|Flow IAT Min|Fwd Seg Size Min|Flow IAT Std|Flow Duration,Dst Port|Flow IAT Min|Flow Duration,0.6,RST Flag Cnt|Idle Max|Fwd Pkt Len Mean|Fwd Seg Size Min|Init Fwd Win Byts,,0.0
123147,DoS attacks-Slowloris,DoS attacks-Slowloris,4,Fwd Seg Size Min|Flow IAT Std|Init Bwd Win Byts|Fwd PSH Flags|Idle Mean,,0.0,Fwd Seg Size Min|Fwd PSH Flags|SYN Flag Cnt|Fwd URG Flags|Fwd IAT Max,,0.0
124779,DoS attacks-Hulk,DoS attacks-Hulk,4,Fwd Seg Size Min|Tot Bwd Pkts|Init Fwd Win Byts|Fwd Pkt Len Max|Fwd IAT Min,,0.0,FIN Flag Cnt|Fwd Seg Size Min|Dst Port|Idle Std|Tot Bwd Pkts,Dst Port,0.2
125202,DDOS attack-LOIC-UDP,DDOS attack-LOIC-UDP,5,Tot Fwd Pkts|Fwd IAT Tot|Fwd Act Data Pkts|Flow IAT Mean|Flow Byts/s,,0.0,Tot Fwd Pkts|Fwd Act Data Pkts|Flow Duration|Fwd Header Len|Fwd URG Flags,Flow Duration,0.2
125435,Infilteration,Infilteration,6,Fwd Header Len|Fwd Seg Size Min|PSH Flag Cnt|Dst Port|Fwd Pkt Len Max,Dst Port,0.2,RST Flag Cnt|ECE Flag Cnt|Fwd URG Flags|Fwd Pkt Len Max|Fwd Pkt Len Mean,,0.0
126122,Bot,Bot,5,Dst Port|RST Flag Cnt|TotLen Fwd Pkts|Fwd Act Data Pkts|Protocol,Dst Port,0.2,Dst Port|RST Flag Cnt|Bwd IAT Min|FIN Flag Cnt|Fwd IAT Std,Dst Port,0.2
126434,DoS attacks-Slowloris,DoS attacks-Slowloris,4,Bwd IAT Max|Fwd Seg Size Min|Bwd IAT Tot|Bwd IAT Mean|Init Fwd Win Byts,,0.0,FIN Flag Cnt|Fwd Seg Size Min|Active Std|Idle Std|Active Mean,,0.0
126779,DoS attacks-SlowHTTPTest,DoS attacks-SlowHTTPTest,4,Fwd Seg Size Min|Flow Duration|Bwd Pkts/s|Flow IAT Max|Flow IAT Mean,Flow Duration|Flow IAT Mean,0.4,Fwd Seg Size Min|Init Fwd Win Byts|CWE Flag Count|Fwd Header Len|Flow IAT Max,,0.0
127065,DDOS attack-HOIC,DDOS attack-HOIC,5,Init Fwd Win Byts|Dst Port|Tot Bwd Pkts|Fwd IAT Tot|Flow IAT Max,,0.0,Init Fwd Win Byts|SYN Flag Cnt|Dst Port|Fwd URG Flags|Fwd PSH Flags,,0.0
127729,Benign,Benign,4,Fwd Pkt Len Max|Dst Port|Fwd IAT Std|Bwd Pkt Len Std|Init Fwd Win Byts,Dst Port,0.2,Tot Fwd Pkts|FIN Flag Cnt|Fwd Act Data Pkts|URG Flag Cnt|Fwd Header Len,,0.0
127859,DDoS attacks-LOIC-HTTP,DDoS attacks-LOIC-HTTP,5,Init Fwd Win Byts|Fwd IAT Std|Fwd Pkts/s|Flow IAT Min|Flow IAT Max,Fwd Pkts/s|Flow IAT Min,0.4,CWE Flag Count|Fwd URG Flags|Fwd Pkts/s|Fwd IAT Std|Flow Duration,Fwd Pkts/s,0.2
130273,DoS attacks-GoldenEye,DoS attacks-GoldenEye,4,Fwd Seg Size Min|Flow IAT Mean|Flow Byts/s|Bwd IAT Std|TotLen Bwd Pkts,,0.0,FIN Flag Cnt|Fwd Seg Size Min|Bwd IAT Std|Fwd PSH Flags|Bwd Pkt Len Std,,0.0
130623,FTP-BruteForce,FTP-BruteForce,4,Fwd Seg Size Min|Flow Pkts/s|Flow IAT Max|Flow IAT Min|Dst Port,Flow IAT Min|Dst Port,0.4,Fwd Seg Size Min|Init Fwd Win Byts|Bwd Pkts/s|Flow Duration|Flow IAT Min,Flow IAT Min,0.2
130802,DoS attacks-Hulk,DoS attacks-Hulk,4,Fwd Seg Size Min|Tot Bwd Pkts|Init Fwd Win Byts|Fwd Pkt Len Max|Fwd IAT Min,,0.0,FIN Flag Cnt|Fwd Seg Size Min|CWE Flag Count|Dst Port|Active Std,Dst Port,0.2
131309,DoS attacks-GoldenEye,DoS attacks-GoldenEye,4,Fwd Seg Size Min|Flow IAT Min|Flow IAT Mean|Init Fwd Win Byts|Dst Port,Init Fwd Win Byts|Dst Port,0.4,Fwd Seg Size Min|FIN Flag Cnt|Fwd PSH Flags|Flow IAT Min|Dst Port,Dst Port,0.2
131354,DoS attacks-GoldenEye,DoS attacks-GoldenEye,4,Fwd Seg Size Min|Bwd Pkt Len Std|Flow IAT Mean|Bwd IAT Std|Fwd Pkt Len Max,,0.0,Fwd Seg Size Min|Bwd Pkt Len Std|Dst Port|FIN Flag Cnt|Active Mean,Dst Port,0.2
131483,DoS attacks-Hulk,DoS attacks-Hulk,4,Fwd Seg Size Min|Tot Bwd Pkts|Init Fwd Win Byts|Fwd Pkt Len Max|Fwd IAT Min,,0.0,FIN Flag Cnt|Fwd Seg Size Min|Tot Bwd Pkts|Dst Port|Bwd IAT Min,Dst Port,0.2
131694,SSH-Bruteforce,SSH-Bruteforce,4,Dst Port|Bwd Header Len|Bwd Pkts/s|Fwd Seg Size Min|Init Bwd Win Byts,Dst Port,0.2,Dst Port|Init Bwd Win Byts|URG Flag Cnt|Fwd PSH Flags|FIN Flag Cnt,Dst Port,0.2
131703,Brute Force -XSS,Brute Force -XSS,6,Init Fwd Win Byts|Fwd Pkts/s|Dst Port|Bwd Pkts/s|Flow Duration,Dst Port,0.2,CWE Flag Count|Fwd URG Flags|Fwd IAT Tot|Fwd IAT Min|Fwd Pkts/s,,0.0
131987,Bot,Bot,5,Dst Port|Fwd Act Data Pkts|RST Flag Cnt|Protocol|Tot Fwd Pkts,Dst Port,0.2,Dst Port|RST Flag Cnt|Bwd IAT Min|Fwd PSH Flags|Fwd Pkts/s,Dst Port,0.2
132419,Infilteration,Infilteration,6,Fwd Header Len|Fwd Seg Size Min|PSH Flag Cnt|Dst Port|Fwd Pkt Len Max,Dst Port,0.2,RST Flag Cnt|CWE Flag Count|URG Flag Cnt|Fwd Pkt Len Mean|Fwd IAT Tot,,0.0
132588,Benign,Benign,4,Dst Port|Fwd Pkt Len Max|RST Flag Cnt|Fwd IAT Std|ECE Flag Cnt,Dst Port,0.2,Tot Fwd Pkts|Fwd URG Flags|Fwd Act Data Pkts|FIN Flag Cnt|Flow Duration,Flow Duration,0.2
133135,DDOS attack-LOIC-UDP,DDOS attack-LOIC-UDP,5,Tot Fwd Pkts|Fwd IAT Tot|Fwd Act Data Pkts|Flow IAT Std|Flow IAT Mean,,0.0,Tot Fwd Pkts|Fwd Act Data Pkts|Fwd Header Len|Flow Duration|CWE Flag Count,Flow Duration,0.2
134567,SSH-Bruteforce,SSH-Bruteforce,4,Dst Port|Fwd Act Data Pkts|Fwd Seg Size Min|Init Bwd Win Byts|Flow IAT Min,Dst Port|Flow IAT Min,0.4,Dst Port|Init Bwd Win Byts|Fwd Act Data Pkts|URG Flag Cnt|Flow IAT Min,Dst Port|Flow IAT Min,0.4
134697,DDoS attacks-LOIC-HTTP,DDoS attacks-LOIC-HTTP,5,Fwd Pkts/s|Bwd Pkt Len Std|Fwd IAT Std|Fwd IAT Tot|Flow IAT Max,Fwd Pkts/s,0.2,CWE Flag Count|FIN Flag Cnt|URG Flag Cnt|Flow Byts/s|Bwd Pkt Len Std,,0.0
134949,DDOS attack-HOIC,DDOS attack-HOIC,5,Init Fwd Win Byts|Dst Port|Tot Bwd Pkts|Fwd IAT Tot|Flow Duration,,0.0,FIN Flag Cnt|Init Fwd Win Byts|Dst Port|Flow Pkts/s|Bwd IAT Std,Flow Pkts/s,0.2
135113,FTP-BruteForce,FTP-BruteForce,4,Fwd Seg Size Min|Flow Pkts/s|Flow IAT Mean|Flow IAT Max|Flow IAT Min,Flow IAT Min,0.2,Fwd Seg Size Min|Init Fwd Win Byts|Init Bwd Win Byts|Flow Duration|Fwd Pkts/s,,0.0
136157,Benign,Benign,4,Flow Duration|Init Fwd Win Byts|Fwd Pkt Len Max|Idle Max|Fwd Pkt Len Mean,Flow Duration,0.2,FIN Flag Cnt|Tot Fwd Pkts|Fwd URG Flags|Flow Duration|RST Flag Cnt,Flow Duration,0.2
136518,DDOS attack-HOIC,DDOS attack-HOIC,5,Init Fwd Win Byts|Dst Port|Tot Bwd Pkts|Fwd IAT Tot|Flow IAT Max,,0.0,Init Fwd Win Byts|Dst Port|Flow IAT Max|Flow Pkts/s|ECE Flag Cnt,Flow Pkts/s,0.2
138222,DDOS attack-LOIC-UDP,DDOS attack-LOIC-UDP,5,Tot Fwd Pkts|Flow Duration|Fwd Header Len|Fwd Act Data Pkts|Flow IAT Std,Flow Duration,0.2,Tot Fwd Pkts|Fwd Act Data Pkts|Fwd Header Len|Flow Duration|CWE Flag Count,Flow Duration,0.2
138879,SSH-Bruteforce,SSH-Bruteforce,4,Dst Port|Bwd Header Len|Bwd Pkts/s|Fwd Seg Size Min|Init Bwd Win Byts,Dst Port,0.2,Dst Port|Init Bwd Win Byts|URG Flag Cnt|Fwd URG Flags|Flow IAT Min,Dst Port|Flow IAT Min,0.4
139835,SSH-Bruteforce,SSH-Bruteforce,4,Dst Port|Fwd Act Data Pkts|Fwd Seg Size Min|Init Bwd Win Byts|Flow IAT Min,Dst Port|Flow IAT Min,0.4,Dst Port|Init Bwd Win Byts|CWE Flag Count|Fwd Act Data Pkts|URG Flag Cnt,Dst Port,0.2
139948,DoS attacks-SlowHTTPTest,DoS attacks-SlowHTTPTest,4,Fwd Seg Size Min|Flow IAT Max|Flow Duration|Bwd Pkts/s|Flow IAT Min,Flow Duration,0.2,Fwd Seg Size Min|Init Fwd Win Byts|Bwd Header Len|Fwd IAT Max|Init Bwd Win Byts,,0.0
141029,Benign,Benign,4,Fwd Pkt Len Max|Fwd IAT Tot|Init Fwd Win Byts|Dst Port|RST Flag Cnt,Dst Port,0.2,FIN Flag Cnt|Tot Fwd Pkts|RST Flag Cnt|URG Flag Cnt|Fwd URG Flags,,0.0
141187,DoS attacks-Hulk,DoS attacks-Hulk,4,Fwd Seg Size Min|Tot Bwd Pkts|Init Fwd Win Byts|Fwd Pkt Len Max|Fwd IAT Min,,0.0,FIN Flag Cnt|Fwd Seg Size Min|CWE Flag Count|Tot Bwd Pkts|Flow IAT Max,,0.0
143637,DDOS attack-LOIC-UDP,DDOS attack-LOIC-UDP,5,Tot Fwd Pkts|Fwd IAT Tot|Fwd Act Data Pkts|Fwd IAT Std|Fwd Header Len,,0.0,Tot Fwd Pkts|Fwd Act Data Pkts|Fwd Header Len|Flow Duration|CWE Flag Count,Flow Duration,0.2
143640,SSH-Bruteforce,SSH-Bruteforce,4,Dst Port|Fwd Act Data Pkts|Fwd Seg Size Min|Init Bwd Win Byts|Flow IAT Min,Dst Port|Flow IAT Min,0.4,Dst Port|Init Bwd Win Byts|Fwd Act Data Pkts|URG Flag Cnt|Pkt Size Avg,Dst Port,0.2
144138,SSH-Bruteforce,SSH-Bruteforce,4,Dst Port|Fwd Act Data Pkts|Fwd Seg Size Min|Init Bwd Win Byts|Bwd Header Len,Dst Port,0.2,Dst Port|Init Bwd Win Byts|CWE Flag Count|Fwd Act Data Pkts|Flow IAT Min,Dst Port|Flow IAT Min,0.4
145319,DoS attacks-SlowHTTPTest,DoS attacks-SlowHTTPTest,4,Fwd Seg Size Min|Flow IAT Max|Flow Duration|Flow IAT Min|Flow Pkts/s,Flow Duration|Flow Pkts/s,0.4,Fwd Seg Size Min|Init Fwd Win Byts|Flow Duration|Flow Pkts/s|Bwd Pkts/s,Flow Duration|Flow Pkts/s,0.4
145835,SSH-Bruteforce,SSH-Bruteforce,4,Dst Port|Fwd Act Data Pkts|Fwd Seg Size Min|Init Bwd Win Byts|Flow IAT Min,Dst Port|Flow IAT Min,0.4,Dst Port|Init Bwd Win Byts|Fwd Act Data Pkts|Fwd Seg Size Min|Flow IAT Min,Dst Port|Flow IAT Min,0.4
146369,SSH-Bruteforce,SSH-Bruteforce,4,Dst Port|Fwd Act Data Pkts|Fwd Seg Size Min|Init Bwd Win Byts|Bwd Header Len,Dst Port,0.2,Dst Port|Init Bwd Win Byts|SYN Flag Cnt|Fwd Act Data Pkts|FIN Flag Cnt,Dst Port,0.2
147870,Brute Force -Web,Brute Force -Web,4,Fwd Pkt Len Mean|Fwd Pkt Len Max|Dst Port|Bwd Pkts/s|Fwd Pkt Len Std,Dst Port,0.2,Fwd Pkt Len Std|CWE Flag Count|RST Flag Cnt|Fwd Pkt Len Mean|Init Bwd Win Byts,,0.0
148087,DoS attacks-Slowloris,DoS attacks-Slowloris,4,Bwd IAT Max|Fwd Seg Size Min|Bwd IAT Tot|Bwd IAT Mean|Init Fwd Win Byts,,0.0,Fwd Seg Size Min|Active Mean|Active Max|Idle Std|Active Std,,0.0
148681,Infilteration,Infilteration,6,Fwd Header Len|Fwd Seg Size Min|PSH Flag Cnt|Dst Port|Init Fwd Win Byts,Dst Port,0.2,RST Flag Cnt|ECE Flag Cnt|Fwd Pkt Len Mean|Idle Max|CWE Flag Count,,0.0
149080,Brute Force -Web,Brute Force -Web,4,Init Fwd Win Byts|Fwd Pkts/s|Dst Port|Bwd Pkts/s|Fwd IAT Min,Dst Port,0.2,RST Flag Cnt|Fwd IAT Max|Fwd Pkts/s|Flow IAT Mean|Fwd Header Len,Fwd Header Len,0.2
149439,Infilteration,Infilteration,6,Fwd Header Len|Fwd Seg Size Min|PSH Flag Cnt|Fwd Pkts/s|Fwd Pkt Len Max,,0.0,RST Flag Cnt|ECE Flag Cnt|URG Flag Cnt|CWE Flag Count|Idle Max,,0.0
149794,Brute Force -Web,Brute Force -Web,4,Fwd Pkt Len Mean|Fwd Pkt Len Max|Dst Port|Bwd Pkts/s|Fwd Pkt Len Std,Dst Port,0.2,CWE Flag Count|Fwd Pkt Len Std|RST Flag Cnt|Subflow Bwd Pkts|ECE Flag Cnt,,0.0
150228,DoS attacks-Slowloris,DoS attacks-Slowloris,4,Fwd Seg Size Min|Fwd IAT Std|Dst Port|Init Fwd Win Byts|Pkt Size Avg,,0.0,Fwd Seg Size Min|FIN Flag Cnt|Fwd PSH Flags|Fwd IAT Mean|Dst Port,,0.0
150662,DoS attacks-SlowHTTPTest,DoS attacks-SlowHTTPTest,4,Fwd Seg Size Min|Flow Duration|Bwd Pkts/s|Flow IAT Max|Flow IAT Mean,Flow Duration|Flow IAT Mean,0.4,Fwd Seg Size Min|Init Fwd Win Byts|Flow IAT Min|Fwd Pkts/s|Bwd Header Len,,0.0
151112,DoS attacks-Hulk,DoS attacks-Hulk,4,Fwd Seg Size Min|Tot Bwd Pkts|Init Fwd Win Byts|Fwd Pkt Len Max|Fwd IAT Min,,0.0,FIN Flag Cnt|Fwd Seg Size Min|SYN Flag Cnt|Dst Port|Idle Mean,Dst Port,0.2
151752,DDoS attacks-LOIC-HTTP,DDoS attacks-LOIC-HTTP,5,Fwd Pkts/s|Bwd Pkt Len Std|Fwd IAT Std|Fwd IAT Tot|Flow IAT Max,Fwd Pkts/s,0.2,Fwd IAT Tot|Bwd Pkt Len Std|Flow Byts/s|Dst Port|Fwd IAT Std,Dst Port,0.2
152193,DoS attacks-Slowloris,DoS attacks-Slowloris,4,Bwd IAT Max|Fwd Seg Size Min|Bwd IAT Tot|Bwd IAT Mean|Init Fwd Win Byts,,0.0,Fwd Seg Size Min|Active Std|Active Mean|Active Max|Idle Std,,0.0
152673,DDoS attacks-LOIC-HTTP,DDoS attacks-LOIC-HTTP,5,Fwd Pkts/s|Bwd Pkt Len Std|Fwd IAT Std|Fwd IAT Tot|Flow IAT Max,Fwd Pkts/s,0.2,Fwd Pkts/s|Flow Byts/s|Bwd Pkt Len Std|Fwd IAT Tot|FIN Flag Cnt,Fwd Pkts/s,0.2
152742,FTP-BruteForce,FTP-BruteForce,4,Fwd Seg Size Min|Flow Pkts/s|Flow IAT Max|Flow Duration|Flow IAT Min,Flow IAT Min,0.2,Fwd Seg Size Min|Fwd URG Flags|Init Fwd Win Byts|Fwd IAT Max|Fwd Pkts/s,,0.0
153141,FTP-BruteForce,FTP-BruteForce,4,Fwd Seg Size Min|Flow Pkts/s|Flow IAT Max|Flow IAT Min|Flow IAT Mean,Flow IAT Min,0.2,Fwd Seg Size Min|Init Fwd Win Byts|Init Bwd Win Byts|Bwd Pkts/s|Fwd IAT Tot,,0.0
153878,DoS attacks-Hulk,DoS attacks-Hulk,4,Fwd Seg Size Min|Tot Bwd Pkts|Init Fwd Win Byts|Fwd Pkt Len Max|Fwd IAT Min,,0.0,FIN Flag Cnt|Fwd Seg Size Min|Dst Port|Fwd PSH Flags|Tot Bwd Pkts,Dst Port,0.2
154745,Infilteration,Infilteration,6,Dst Port|Init Fwd Win Byts|Pkt Len Mean|Pkt Len Max|Fwd Header Len,Dst Port,0.2,RST Flag Cnt|ECE Flag Cnt|FIN Flag Cnt|Fwd Pkt Len Max|Init Fwd Win Byts,,0.0
155914,DoS attacks-Slowloris,DoS attacks-Slowloris,4,Bwd IAT Max|Fwd Seg Size Min|Bwd IAT Tot|Bwd IAT Mean|Init Fwd Win Byts,,0.0,Fwd Seg Size Min|FIN Flag Cnt|Active Std|Active Mean|Idle Std,,0.0
155941,SQL Injection,SQL Injection,5,Bwd Pkt Len Std|Fwd Pkt Len Std|Dst Port|Flow IAT Min|Fwd IAT Min,Dst Port,0.2,Bwd IAT Std|Flow Byts/s|Bwd IAT Mean|Bwd IAT Tot|Pkt Len Max,Pkt Len Max,0.2
157284,Brute Force -XSS,Brute Force -XSS,6,Pkt Len Std|Tot Fwd Pkts|Fwd Pkt Len Mean|Pkt Len Mean|Dst Port,Fwd Pkt Len Mean|Pkt Len Mean|Dst Port,0.6,CWE Flag Count|Tot Fwd Pkts|Bwd Pkts/s|Subflow Fwd Pkts|Subflow Bwd Pkts,,0.0
158038,Infilteration,Infilteration,6,Fwd Header Len|Fwd Seg Size Min|PSH Flag Cnt|Dst Port|Fwd Pkt Len Max,Dst Port,0.2,Fwd URG Flags|RST Flag Cnt|Idle Max|Fwd Pkt Len Mean|ECE Flag Cnt,,0.0
158743,Benign,Benign,4,Fwd Pkt Len Max|Dst Port|Fwd IAT Std|RST Flag Cnt|Bwd Header Len,Dst Port,0.2,FIN Flag Cnt|Tot Fwd Pkts|CWE Flag Count|Fwd Act Data Pkts|Fwd Header Len,,0.0
158951,Benign,Benign,4,Dst Port|Init Fwd Win Byts|Fwd Pkt Len Max|Tot Bwd Pkts|Fwd Pkt Len Std,Dst Port,0.2,FIN Flag Cnt|CWE Flag Count|Tot Fwd Pkts|Fwd URG Flags|RST Flag Cnt,,0.0
160192,DDOS attack-HOIC,DDOS attack-HOIC,5,Init Fwd Win Byts|Dst Port|Tot Bwd Pkts|Fwd IAT Tot|Flow Duration,,0.0,Init Fwd Win Byts|Dst Port|FIN Flag Cnt|Fwd IAT Tot|Subflow Fwd Pkts,,0.0
160675,DoS attacks-Slowloris,DoS attacks-Slowloris,4,Bwd IAT Max|Fwd Seg Size Min|Bwd IAT Tot|Bwd IAT Mean|Init Fwd Win Byts,,0.0,Fwd Seg Size Min|Active Min|Idle Std|Active Std|TotLen Fwd Pkts,,0.0
161911,Bot,Bot,5,Dst Port|Fwd Act Data Pkts|RST Flag Cnt|Protocol|Tot Fwd Pkts,Dst Port,0.2,Dst Port|RST Flag Cnt|Bwd IAT Min|Active Std|URG Flag Cnt,Dst Port,0.2
163102,DDOS attack-HOIC,DDOS attack-HOIC,5,Init Fwd Win Byts|Dst Port|Tot Bwd Pkts|Fwd IAT Tot|Flow IAT Max,,0.0,Init Fwd Win Byts|Dst Port|Flow IAT Max|CWE Flag Count|FIN Flag Cnt,,0.0
163228,DoS attacks-Slowloris,DoS attacks-Slowloris,4,Bwd IAT Max|Fwd Seg Size Min|Bwd IAT Tot|Bwd IAT Mean|Init Fwd Win Byts,,0.0,Fwd Seg Size Min|Idle Std|Active Std|Idle Max|Fwd URG Flags,,0.0
164082,DoS attacks-SlowHTTPTest,DoS attacks-SlowHTTPTest,4,Fwd Seg Size Min|Flow IAT Max|Flow Duration|Flow IAT Min|Flow Pkts/s,Flow Duration|Flow Pkts/s,0.4,Fwd Seg Size Min|Init Fwd Win Byts|Init Bwd Win Byts|Flow IAT Min|Fwd Pkts/s,,0.0
164952,DoS attacks-Hulk,DoS attacks-Hulk,4,Fwd Seg Size Min|Tot Bwd Pkts|Init Fwd Win Byts|Fwd Pkt Len Max|Fwd IAT Min,,0.0,FIN Flag Cnt|Fwd Seg Size Min|Dst Port|Subflow Bwd Pkts|Idle Std,Dst Port,0.2
165405,DDOS attack-LOIC-UDP,DDOS attack-LOIC-UDP,5,Tot Fwd Pkts|Fwd IAT Tot|Fwd Act Data Pkts|Flow IAT Min|Flow Duration,Flow Duration,0.2,Tot Fwd Pkts|Fwd URG Flags|Fwd Act Data Pkts|Fwd Header Len|Flow Duration,Flow Duration,0.2
165922,DoS attacks-GoldenEye,DoS attacks-GoldenEye,4,Fwd Seg Size Min|Flow IAT Min|Flow IAT Mean|Init Fwd Win Byts|Dst Port,Init Fwd Win Byts|Dst Port,0.4,Fwd Seg Size Min|FIN Flag Cnt|Dst Port|Flow IAT Min|Idle Std,Dst Port,0.2
165935,SSH-Bruteforce,SSH-Bruteforce,4,Dst Port|Fwd Act Data Pkts|Fwd Seg Size Min|Init Bwd Win Byts|Flow IAT Min,Dst Port|Flow IAT Min,0.4,Dst Port|Init Bwd Win Byts|FIN Flag Cnt|Fwd Act Data Pkts|Flow IAT Mean,Dst Port,0.2
165952,DDOS attack-HOIC,DDOS attack-HOIC,5,Init Fwd Win Byts|Dst Port|Tot Bwd Pkts|Fwd IAT Tot|Flow Duration,,0.0,Init Fwd Win Byts|CWE Flag Count|Dst Port|ECE Flag Cnt|Init Bwd Win Byts,,0.0
166245,DDOS attack-HOIC,DDOS attack-HOIC,5,Init Fwd Win Byts|Dst Port|Tot Bwd Pkts|Fwd IAT Tot|Flow IAT Max,,0.0,Init Fwd Win Byts|Dst Port|Fwd Pkts/s|FIN Flag Cnt|Bwd IAT Mean,,0.0
166311,SQL Injection,SQL Injection,5,Flow IAT Std|Flow Duration|Fwd IAT Min|Dst Port|Flow IAT Min,Flow Duration|Dst Port,0.4,Fwd URG Flags|Bwd Pkts/s|RST Flag Cnt|ECE Flag Cnt|Flow IAT Mean,,0.0
166413,DoS attacks-SlowHTTPTest,DoS attacks-SlowHTTPTest,4,Fwd Seg Size Min|Flow Duration|Bwd Pkts/s|Flow IAT Max|Flow IAT Min,Flow Duration,0.2,Fwd Seg Size Min|Init Fwd Win Byts|Fwd IAT Mean|Flow IAT Min|Bwd Header Len,,0.0
166436,DoS attacks-SlowHTTPTest,DoS attacks-SlowHTTPTest,4,Fwd Seg Size Min|Flow IAT Max|Flow Duration|Flow IAT Min|Flow Pkts/s,Flow Duration|Flow Pkts/s,0.4,Fwd Seg Size Min|Init Fwd Win Byts|Flow Pkts/s|Init Bwd Win Byts|FIN Flag Cnt,Flow Pkts/s,0.2
166728,Bot,Bot,5,Dst Port|RST Flag Cnt|TotLen Fwd Pkts|Fwd Act Data Pkts|Protocol,Dst Port,0.2,Dst Port|RST Flag Cnt|FIN Flag Cnt|Protocol|Fwd IAT Std,Dst Port,0.2
167008,Infilteration,Infilteration,6,Fwd URG Flags|Dst Port|Init Fwd Win Byts|Flow IAT Min|Fwd Seg Size Min,Dst Port|Flow IAT Min,0.4,Fwd URG Flags|CWE Flag Count|RST Flag Cnt|Fwd Pkt Len Mean|ECE Flag Cnt,,0.0
167488,Benign,Benign,4,Fwd Pkt Len Max|Dst Port|RST Flag Cnt|Fwd IAT Std|Bwd Header Len,Dst Port,0.2,FIN Flag Cnt|Tot Fwd Pkts|Fwd URG Flags|Fwd Act Data Pkts|Fwd Header Len,,0.0
169666,DoS attacks-Hulk,DoS attacks-Hulk,4,Fwd Seg Size Min|Tot Bwd Pkts|Init Fwd Win Byts|Fwd Pkt Len Max|Fwd IAT Min,,0.0,FIN Flag Cnt|Fwd Seg Size Min|Dst Port|Fwd PSH Flags|Tot Bwd Pkts,Dst Port,0.2
170021,Infilteration,Infilteration,6,Fwd Header Len|Fwd Seg Size Min|PSH Flag Cnt|Dst Port|Fwd Pkt Len Max,Dst Port,0.2,RST Flag Cnt|Fwd Pkt Len Mean|ECE Flag Cnt|Fwd Pkt Len Max|URG Flag Cnt,,0.0
171532,DoS attacks-Slowloris,DoS attacks-Slowloris,4,Fwd Seg Size Min|Dst Port|Flow Byts/s|Init Bwd Win Byts|Fwd PSH Flags,,0.0,Fwd Seg Size Min|Fwd PSH Flags|FIN Flag Cnt|SYN Flag Cnt|TotLen Fwd Pkts,,0.0
171676,Bot,Bot,5,Dst Port|Fwd Act Data Pkts|RST Flag Cnt|Protocol|Tot Fwd Pkts,Dst Port,0.2,Dst Port|RST Flag Cnt|FIN Flag Cnt|Fwd URG Flags|Bwd IAT Min,Dst Port,0.2
172660,Infilteration,Infilteration,6,Fwd Header Len|Fwd Seg Size Min|PSH Flag Cnt|Bwd Pkts/s|Fwd Pkt Len Max,,0.0,Fwd URG Flags|RST Flag Cnt|ECE Flag Cnt|Idle Max|Fwd Pkt Len Mean,,0.0
173690,DDoS attacks-LOIC-HTTP,DDoS attacks-LOIC-HTTP,5,Fwd Pkts/s|Bwd Pkt Len Std|Fwd IAT Std|Fwd IAT Tot|Flow IAT Max,Fwd Pkts/s,0.2,FIN Flag Cnt|CWE Flag Count|Fwd IAT Tot|Bwd Pkt Len Std|Bwd IAT Std,,0.0
173896,DDOS attack-HOIC,DDOS attack-HOIC,5,Init Fwd Win Byts|Dst Port|Tot Bwd Pkts|Fwd IAT Tot|Flow Pkts/s,Flow Pkts/s,0.2,Init Fwd Win Byts|Dst Port|Flow IAT Max|Fwd IAT Tot|Subflow Bwd Byts,,0.0
175094,DDOS attack-HOIC,DDOS attack-HOIC,5,Init Fwd Win Byts|Dst Port|Tot Bwd Pkts|Fwd IAT Tot|Flow IAT Max,,0.0,Init Fwd Win Byts|Dst Port|Fwd IAT Tot|SYN Flag Cnt|Flow IAT Max,,0.0
175695,DDOS attack-HOIC,DDOS attack-HOIC,5,Init Fwd Win Byts|Dst Port|Tot Bwd Pkts|Fwd IAT Tot|Flow IAT Max,,0.0,Init Fwd Win Byts|Dst Port|FIN Flag Cnt|Fwd Pkt Len Mean|Active Std,,0.0
178095,DDoS attacks-LOIC-HTTP,DDoS attacks-LOIC-HTTP,5,Fwd Pkts/s|Bwd Pkt Len Std|Fwd IAT Std|Fwd IAT Tot|Flow IAT Max,Fwd Pkts/s,0.2,Fwd Pkts/s|FIN Flag Cnt|Flow Byts/s|Fwd IAT Std|Fwd IAT Tot,Fwd Pkts/s,0.2
180148,DDoS attacks-LOIC-HTTP,DDoS attacks-LOIC-HTTP,5,Fwd Pkts/s|Bwd Pkt Len Std|Fwd IAT Std|Fwd IAT Tot|Flow IAT Max,Fwd Pkts/s,0.2,FIN Flag Cnt|Fwd IAT Tot|CWE Flag Count|Fwd Pkts/s|Flow Byts/s,Fwd Pkts/s,0.2
181160,DoS attacks-SlowHTTPTest,DoS attacks-SlowHTTPTest,4,Fwd Seg Size Min|Flow IAT Max|Flow Duration|Bwd Pkts/s|Flow IAT Min,Flow Duration,0.2,Fwd Seg Size Min|Init Fwd Win Byts|Fwd URG Flags|Flow IAT Min|Bwd Header Len,,0.0
181324,DoS attacks-GoldenEye,DoS attacks-GoldenEye,4,Fwd Seg Size Min|Bwd Pkt Len Std|Flow IAT Mean|Bwd IAT Std|Flow Byts/s,,0.0,Fwd Seg Size Min|Bwd Pkt Len Std|Flow Pkts/s|Bwd Pkt Len Mean|Pkt Size Avg,,0.0
182386,SSH-Bruteforce,SSH-Bruteforce,4,Dst Port|Fwd Act Data Pkts|Fwd Seg Size Min|Init Bwd Win Byts|Flow IAT Min,Dst Port|Flow IAT Min,0.4,Dst Port|Init Bwd Win Byts|Fwd Act Data Pkts|Fwd URG Flags|Flow IAT Mean,Dst Port,0.2
182417,Brute Force -Web,Brute Force -Web,4,Init Fwd Win Byts|Dst Port|Bwd Pkts/s|Fwd IAT Min|Flow Byts/s,Dst Port,0.2,CWE Flag Count|Fwd IAT Max|Fwd IAT Tot|RST Flag Cnt|Dst Port,Dst Port,0.2
183932,Brute Force -XSS,Brute Force -XSS,6,Pkt Len Std|Tot Fwd Pkts|Fwd Pkt Len Mean|Pkt Len Mean|Dst Port,Fwd Pkt Len Mean|Pkt Len Mean|Dst Port,0.6,Bwd Pkts/s|Tot Fwd Pkts|RST Flag Cnt|Fwd Pkt Len Std|Flow IAT Std,,0.0
184401,Infilteration,Infilteration,6,Fwd Header Len|Fwd Seg Size Min|PSH Flag Cnt|Dst Port|Fwd Pkt Len Max,Dst Port,0.2,RST Flag Cnt|FIN Flag Cnt|Fwd URG Flags|Fwd Pkt Len Mean|ECE Flag Cnt,,0.0
185035,SSH-Bruteforce,SSH-Bruteforce,4,Dst Port|Fwd Act Data Pkts|Fwd Seg Size Min|Init Bwd Win Byts|Flow IAT Min,Dst Port|Flow IAT Min,0.4,Dst Port|Init Bwd Win Byts|Fwd Act Data Pkts|Flow IAT Mean|Bwd Header Len,Dst Port,0.2
185301,DoS attacks-GoldenEye,DoS attacks-GoldenEye,4,Fwd Seg Size Min|Bwd Pkt Len Std|Flow IAT Mean|Bwd IAT Std|Flow Byts/s,,0.0,Fwd Seg Size Min|Bwd Pkt Len Std|Bwd IAT Max|Fwd URG Flags|FIN Flag Cnt,,0.0
188164,DDOS attack-HOIC,DDOS attack-HOIC,5,Init Fwd Win Byts|Dst Port|Tot Bwd Pkts|Fwd IAT Tot|Flow Duration,,0.0,Init Fwd Win Byts|Dst Port|Bwd IAT Tot|Bwd IAT Min|Fwd Pkts/s,,0.0
188521,Bot,Bot,5,Dst Port|RST Flag Cnt|TotLen Fwd Pkts|Fwd Act Data Pkts|Protocol,Dst Port,0.2,Dst Port|RST Flag Cnt|Bwd IAT Min|Fwd URG Flags|Bwd Pkt Len Mean,Dst Port,0.2
189439,DDoS attacks-LOIC-HTTP,DDoS attacks-LOIC-HTTP,5,Fwd Pkts/s|Bwd Pkt Len Std|Fwd IAT Std|Fwd IAT Tot|Flow IAT Max,Fwd Pkts/s,0.2,Flow Byts/s|URG Flag Cnt|Bwd Pkt Len Std|Fwd IAT Std|Fwd IAT Tot,,0.0
191397,Infilteration,Infilteration,6,Fwd Header Len|Fwd Seg Size Min|PSH Flag Cnt|Fwd Pkt Len Max|Bwd Pkts/s,,0.0,CWE Flag Count|RST Flag Cnt|Fwd Pkt Len Mean|ECE Flag Cnt|Fwd Pkt Len Max,,0.0
191963,DDOS attack-HOIC,DDOS attack-HOIC,5,Init Fwd Win Byts|Dst Port|Tot Bwd Pkts|Fwd IAT Tot|Flow Duration,,0.0,Init Fwd Win Byts|Dst Port|CWE Flag Count|FIN Flag Cnt|Fwd Pkt Len Mean,,0.0
192124,DoS attacks-Slowloris,DoS attacks-Slowloris,4,Bwd IAT Max|Fwd Seg Size Min|Bwd IAT Tot|Bwd IAT Mean|Init Fwd Win Byts,,0.0,Fwd Seg Size Min|Active Mean|Active Min|Active Max|Fwd Pkt Len Std,,0.0
192228,DoS attacks-Hulk,DoS attacks-Hulk,4,Fwd Seg Size Min|Tot Bwd Pkts|Init Fwd Win Byts|Fwd Pkt Len Max|Fwd IAT Min,,0.0,FIN Flag Cnt|Fwd Seg Size Min|Dst Port|Fwd IAT Tot|Idle Std,Dst Port,0.2
192450,Infilteration,Infilteration,6,Fwd Header Len|Fwd Seg Size Min|PSH Flag Cnt|Dst Port|Fwd Pkt Len Max,Dst Port,0.2,FIN Flag Cnt|RST Flag Cnt|Fwd Pkt Len Mean|ECE Flag Cnt|Fwd Pkt Len Max,,0.0
193059,Infilteration,Infilteration,6,Dst Port|Fwd Seg Size Min|ACK Flag Cnt|Init Fwd Win Byts|TotLen Fwd Pkts,Dst Port,0.2,RST Flag Cnt|Dst Port|Fwd Pkt Len Mean|Init Fwd Win Byts|ECE Flag Cnt,Dst Port,0.2
193450,Benign,Benign,4,Fwd Pkt Len Max|Init Fwd Win Byts|Bwd Pkt Len Std|Flow IAT Mean|Bwd Pkt Len Mean,Flow IAT Mean,0.2,FIN Flag Cnt|Tot Fwd Pkts|RST Flag Cnt|CWE Flag Count|Fwd Seg Size Min,,0.0
193737,Infilteration,Infilteration,6,Fwd Header Len|Fwd Seg Size Min|PSH Flag Cnt|Fwd Pkt Len Max|Dst Port,Dst Port,0.2,Fwd URG Flags|RST Flag Cnt|ECE Flag Cnt|Fwd Pkt Len Mean|Idle Max,,0.0
193789,DoS attacks-Slowloris,DoS attacks-Slowloris,4,Bwd IAT Max|Fwd Seg Size Min|Bwd IAT Tot|Bwd IAT Mean|Init Fwd Win Byts,,0.0,FIN Flag Cnt|Fwd Seg Size Min|Active Std|Idle Std|Active Min,,0.0
193967,Bot,Bot,5,Dst Port|Fwd Act Data Pkts|RST Flag Cnt|Protocol|Tot Fwd Pkts,Dst Port,0.2,Dst Port|RST Flag Cnt|FIN Flag Cnt|Bwd IAT Min|Protocol,Dst Port,0.2
194636,DoS attacks-SlowHTTPTest,DoS attacks-SlowHTTPTest,4,Fwd Seg Size Min|Flow Duration|Bwd Pkts/s|Flow IAT Max|Flow IAT Mean,Flow Duration|Flow IAT Mean,0.4,Fwd Seg Size Min|CWE Flag Count|Fwd URG Flags|Init Fwd Win Byts|Flow Pkts/s,Flow Pkts/s,0.2
194790,DDoS attacks-LOIC-HTTP,DDoS attacks-LOIC-HTTP,5,Init Fwd Win Byts|Fwd IAT Std|Fwd Pkts/s|Flow IAT Min|Flow IAT Max,Fwd Pkts/s|Flow IAT Min,0.4,Fwd URG Flags|FIN Flag Cnt|Fwd IAT Std|Protocol|Flow IAT Min,Protocol|Flow IAT Min,0.4
194936,Infilteration,Infilteration,6,Fwd Header Len|Fwd Seg Size Min|PSH Flag Cnt|Bwd Pkts/s|Dst Port,Dst Port,0.2,CWE Flag Count|RST Flag Cnt|Fwd Pkt Len Mean|ECE Flag Cnt|Idle Max,,0.0
195631,DoS attacks-GoldenEye,DoS attacks-GoldenEye,4,Fwd Seg Size Min|Bwd Pkt Len Std|Flow IAT Mean|Bwd IAT Std|Flow Byts/s,,0.0,Fwd Seg Size Min|Bwd Pkt Len Std|Active Mean|FIN Flag Cnt|Flow Byts/s,,0.0
197064,DDOS attack-LOIC-UDP,DDOS attack-LOIC-UDP,5,Tot Fwd Pkts|Fwd IAT Tot|Fwd Act Data Pkts|Flow IAT Std|Fwd IAT Mean,,0.0,Tot Fwd Pkts|Fwd Act Data Pkts|Fwd Header Len|Flow Duration|FIN Flag Cnt,Flow Duration,0.2
197092,DoS attacks-Slowloris,DoS attacks-Slowloris,4,Bwd IAT Max|Fwd Seg Size Min|Bwd IAT Tot|Bwd IAT Mean|Init Fwd Win Byts,,0.0,FIN Flag Cnt|Active Std|Idle Std|Fwd Seg Size Min|Active Mean,,0.0
197830,DDOS attack-HOIC,DDOS attack-HOIC,5,Init Fwd Win Byts|Dst Port|Tot Bwd Pkts|Fwd IAT Tot|Flow IAT Max,,0.0,Init Fwd Win Byts|Dst Port|Flow IAT Max|FIN Flag Cnt|CWE Flag Count,,0.0
197964,Bot,Bot,5,Dst Port|RST Flag Cnt|TotLen Fwd Pkts|Fwd Act Data Pkts|Protocol,Dst Port,0.2,Dst Port|RST Flag Cnt|Fwd PSH Flags|CWE Flag Count|FIN Flag Cnt,Dst Port,0.2
198436,DoS attacks-Hulk,DoS attacks-Hulk,4,Fwd Seg Size Min|Tot Bwd Pkts|Init Fwd Win Byts|Fwd Pkt Len Max|Fwd IAT Min,,0.0,FIN Flag Cnt|Fwd Seg Size Min|Dst Port|Fwd Header Len|Active Std,Dst Port,0.2
198580,FTP-BruteForce,FTP-BruteForce,4,Fwd Seg Size Min|Flow Pkts/s|Flow IAT Max|Flow IAT Min|Flow IAT Mean,Flow IAT Min,0.2,Fwd Seg Size Min|Init Fwd Win Byts|Flow IAT Mean|Bwd Header Len|Bwd Pkts/s,,0.0
198625,FTP-BruteForce,FTP-BruteForce,4,Fwd Seg Size Min|Flow Pkts/s|Flow IAT Mean|Flow IAT Max|Flow Duration,,0.0,Fwd Seg Size Min|Init Fwd Win Byts|Flow Pkts/s|Bwd Header Len|Fwd Pkts/s,,0.0
198731,FTP-BruteForce,FTP-BruteForce,4,Fwd Seg Size Min|Flow Pkts/s|Flow IAT Max|Flow IAT Min|Flow IAT Mean,Flow IAT Min,0.2,Fwd Seg Size Min|Init Fwd Win Byts|Fwd IAT Max|Init Bwd Win Byts|Flow Duration,,0.0
199216,DoS attacks-SlowHTTPTest,DoS attacks-SlowHTTPTest,4,Fwd Seg Size Min|Flow IAT Max|Flow Duration|Bwd Pkts/s|Flow IAT Min,Flow Duration,0.2,Fwd Seg Size Min|CWE Flag Count|Init Fwd Win Byts|Bwd Pkts/s|Fwd IAT Mean,,0.0
199219,DoS attacks-Hulk,DoS attacks-Hulk,4,Fwd Seg Size Min|Tot Bwd Pkts|Init Fwd Win Byts|Fwd Pkt Len Max|Fwd IAT Min,,0.0,FIN Flag Cnt|Fwd Seg Size Min|Idle Std|Dst Port|Active Max,Dst Port,0.2
199313,DDOS attack-HOIC,DDOS attack-HOIC,5,Init Fwd Win Byts|Dst Port|Tot Bwd Pkts|Fwd IAT Tot|Flow IAT Max,,0.0,Init Fwd Win Byts|CWE Flag Count|Dst Port|Fwd IAT Min|Pkt Len Mean,Pkt Len Mean,0.2
199790,DDOS attack-LOIC-UDP,DDOS attack-LOIC-UDP,5,Tot Fwd Pkts|Fwd IAT Tot|Fwd Act Data Pkts|Fwd Header Len|Flow Byts/s,,0.0,Tot Fwd Pkts|Fwd Act Data Pkts|Fwd Header Len|Flow Duration|FIN Flag Cnt,Flow Duration,0.2
200112,Bot,Bot,5,Dst Port|Fwd Act Data Pkts|RST Flag Cnt|Protocol|Tot Fwd Pkts,Dst Port,0.2,Dst Port|RST Flag Cnt|Bwd IAT Min|Fwd URG Flags|FIN Flag Cnt,Dst Port,0.2
200184,DDOS attack-LOIC-UDP,DDOS attack-LOIC-UDP,5,Tot Fwd Pkts|Fwd IAT Tot|Fwd Act Data Pkts|Fwd Header Len|Flow IAT Min,,0.0,Tot Fwd Pkts|Fwd Act Data Pkts|Fwd Header Len|Flow Duration|FIN Flag Cnt,Flow Duration,0.2
200652,DoS attacks-Slowloris,DoS attacks-Slowloris,4,Bwd IAT Max|Fwd Seg Size Min|Bwd IAT Tot|Bwd IAT Mean|Init Fwd Win Byts,,0.0,FIN Flag Cnt|Fwd Seg Size Min|SYN Flag Cnt|Dst Port|Active Min,,0.0
200822,Infilteration,Infilteration,6,Dst Port|Init Fwd Win Byts|Fwd Pkt Len Max|Fwd Header Len|Flow Duration,Dst Port|Flow Duration,0.4,RST Flag Cnt|CWE Flag Count|Fwd URG Flags|Fwd Pkt Len Mean|Init Fwd Win Byts,,0.0
201301,DoS attacks-GoldenEye,DoS attacks-GoldenEye,4,Fwd Seg Size Min|Bwd Pkt Len Std|Flow IAT Mean|Bwd IAT Std|Fwd Pkt Len Max,,0.0,Fwd URG Flags|Fwd Seg Size Min|Bwd Pkt Len Std|Active Min|Fwd Act Data Pkts,,0.0
201366,DDOS attack-HOIC,DDOS attack-HOIC,5,Init Fwd Win Byts|Dst Port|Tot Bwd Pkts|Fwd IAT Tot|Flow IAT Max,,0.0,Init Fwd Win Byts|Dst Port|FIN Flag Cnt|Fwd IAT Tot|Fwd Seg Size Min,,0.0
201517,Infilteration,Infilteration,6,Fwd Header Len|Fwd Seg Size Min|PSH Flag Cnt|Dst Port|Fwd Pkt Len Max,Dst Port,0.2,Fwd URG Flags|RST Flag Cnt|Fwd Pkt Len Mean|ECE Flag Cnt|Fwd PSH Flags,,0.0
201691,Benign,Benign,4,Dst Port|Bwd Pkt Len Mean|RST Flag Cnt|Fwd Pkt Len Mean|Fwd IAT Tot,Dst Port,0.2,FIN Flag Cnt|Tot Fwd Pkts|CWE Flag Count|Fwd Seg Size Min|RST Flag Cnt,,0.0
201841,Brute Force -Web,Brute Force -Web,4,Init Fwd Win Byts|Fwd Pkts/s|Dst Port|Bwd Pkts/s|Fwd IAT Min,Dst Port,0.2,RST Flag Cnt|Flow IAT Min|FIN Flag Cnt|Pkt Len Max|Fwd IAT Min,Flow IAT Min,0.2
201915,FTP-BruteForce,FTP-BruteForce,4,Fwd Seg Size Min|Flow Pkts/s|Flow IAT Max|Flow IAT Min|Flow IAT Mean,Flow IAT Min,0.2,Fwd Seg Size Min|CWE Flag Count|Init Fwd Win Byts|Fwd Pkts/s|Fwd IAT Mean,,0.0
202665,Infilteration,Infilteration,6,Fwd Header Len|Fwd Seg Size Min|PSH Flag Cnt|Dst Port|Fwd Pkt Len Max,Dst Port,0.2,RST Flag Cnt|FIN Flag Cnt|Fwd Pkt Len Mean|Idle Max|ECE Flag Cnt,,0.0
202868,DDOS attack-HOIC,DDOS attack-HOIC,5,Init Fwd Win Byts|Dst Port|Tot Bwd Pkts|Fwd IAT Tot|Flow Duration,,0.0,Init Fwd Win Byts|Bwd IAT Std|Dst Port|Flow IAT Max|Fwd PSH Flags,,0.0
203296,DoS attacks-SlowHTTPTest,DoS attacks-SlowHTTPTest,4,Fwd Seg Size Min|Flow IAT Max|Flow Duration|Bwd Pkts/s|Flow IAT Min,Flow Duration,0.2,Fwd Seg Size Min|Init Fwd Win Byts|Init Bwd Win Byts|Bwd Pkts/s|Fwd Pkts/s,,0.0
204165,Brute Force -XSS,Brute Force -XSS,6,Init Fwd Win Byts|Fwd Pkts/s|Dst Port|Bwd Pkts/s|Flow IAT Max,Dst Port,0.2,Fwd IAT Std|Subflow Fwd Pkts|Fwd IAT Mean|Fwd IAT Min|Fwd IAT Max,,0.0
205334,FTP-BruteForce,FTP-BruteForce,4,Fwd Seg Size Min|Flow Pkts/s|Flow IAT Mean|Flow IAT Max|Flow Duration,,0.0,Fwd Seg Size Min|Fwd URG Flags|Init Fwd Win Byts|Flow Duration|Bwd Header Len,,0.0
205450,DoS attacks-Slowloris,DoS attacks-Slowloris,4,Bwd IAT Max|Fwd Seg Size Min|Bwd IAT Tot|Bwd IAT Mean|Init Fwd Win Byts,,0.0,Fwd Seg Size Min|Active Std|Idle Max|Idle Std|Active Min,,0.0
206443,SSH-Bruteforce,SSH-Bruteforce,4,Dst Port|Fwd Act Data Pkts|Fwd Seg Size Min|Init Bwd Win Byts|Flow IAT Min,Dst Port|Flow IAT Min,0.4,Dst Port|Init Bwd Win Byts|FIN Flag Cnt|Fwd Act Data Pkts|Flow IAT Mean,Dst Port,0.2
207060,Bot,Bot,5,Dst Port|RST Flag Cnt|TotLen Fwd Pkts|Fwd Act Data Pkts|Protocol,Dst Port,0.2,Dst Port|RST Flag Cnt|Bwd IAT Min|Tot Bwd Pkts|Fwd Pkts/s,Dst Port,0.2
207243,DoS attacks-Hulk,DoS attacks-Hulk,4,Fwd Seg Size Min|Tot Bwd Pkts|Init Fwd Win Byts|Fwd Pkt Len Max|Fwd IAT Min,,0.0,FIN Flag Cnt|Fwd Seg Size Min|Dst Port|Fwd PSH Flags|SYN Flag Cnt,Dst Port,0.2
207263,DoS attacks-Slowloris,DoS attacks-Slowloris,4,Bwd IAT Max|Fwd Seg Size Min|Bwd IAT Tot|Bwd IAT Mean|Init Fwd Win Byts,,0.0,Active Std|Idle Std|Fwd Seg Size Min|Active Min|Active Mean,,0.0
208427,DoS attacks-Slowloris,DoS attacks-Slowloris,4,Fwd Seg Size Min|Fwd IAT Std|Dst Port|Init Fwd Win Byts|Pkt Size Avg,,0.0,Fwd Seg Size Min|FIN Flag Cnt|Fwd IAT Tot|Dst Port|Fwd IAT Max,,0.0
208853,DoS attacks-Hulk,DoS attacks-Hulk,4,Fwd Seg Size Min|Tot Bwd Pkts|Init Fwd Win Byts|Fwd Pkt Len Max|Fwd IAT Min,,0.0,FIN Flag Cnt|Fwd Seg Size Min|Dst Port|Tot Bwd Pkts|SYN Flag Cnt,Dst Port,0.2
208982,DDoS attacks-LOIC-HTTP,DDoS attacks-LOIC-HTTP,5,Init Fwd Win Byts|Fwd IAT Std|Fwd Pkts/s|Flow IAT Min|Flow IAT Max,Fwd Pkts/s|Flow IAT Min,0.4,CWE Flag Count|FIN Flag Cnt|Fwd Pkts/s|Flow Duration|URG Flag Cnt,Fwd Pkts/s,0.2
209441,DoS attacks-Slowloris,DoS attacks-Slowloris,4,Bwd IAT Max|Fwd Seg Size Min|Bwd IAT Tot|Idle Max|Init Bwd Win Byts,,0.0,Fwd PSH Flags|SYN Flag Cnt|Fwd Seg Size Min|Fwd URG Flags|Active Mean,,0.0
209785,DoS attacks-Hulk,DoS attacks-Hulk,4,Fwd Seg Size Min|Tot Bwd Pkts|Init Fwd Win Byts|Fwd Pkt Len Max|Fwd IAT Min,,0.0,FIN Flag Cnt|Fwd Seg Size Min|Dst Port|Tot Bwd Pkts|Fwd IAT Min,Dst Port,0.2
209974,DoS attacks-Hulk,DoS attacks-Hulk,4,Fwd Seg Size Min|Tot Bwd Pkts|Init Fwd Win Byts|Fwd Pkt Len Max|Fwd IAT Min,,0.0,FIN Flag Cnt|Fwd Seg Size Min|SYN Flag Cnt|Fwd IAT Min|Dst Port,Dst Port,0.2
210836,DDoS attacks-LOIC-HTTP,DDoS attacks-LOIC-HTTP,5,Fwd Pkts/s|Bwd Pkt Len Std|Fwd IAT Std|Fwd IAT Tot|Flow IAT Max,Fwd Pkts/s,0.2,Fwd IAT Tot|Bwd Pkt Len Std|FIN Flag Cnt|Flow Byts/s|Fwd IAT Std,,0.0
210886,Bot,Bot,5,Dst Port|RST Flag Cnt|TotLen Fwd Pkts|Fwd Act Data Pkts|Protocol,Dst Port,0.2,RST Flag Cnt|Dst Port|FIN Flag Cnt|Protocol|TotLen Bwd Pkts,Dst Port,0.2
211189,DoS attacks-Hulk,DoS attacks-Hulk,4,Fwd Seg Size Min|Tot Bwd Pkts|Init Fwd Win Byts|Fwd Pkt Len Max|Fwd IAT Min,,0.0,FIN Flag Cnt|Fwd Seg Size Min|Idle Std|Dst Port|Fwd Header Len,Dst Port,0.2
211580,DoS attacks-SlowHTTPTest,DoS attacks-SlowHTTPTest,4,Fwd Seg Size Min|Flow IAT Max|Flow Duration|Bwd Pkts/s|Flow IAT Min,Flow Duration,0.2,Fwd Seg Size Min|FIN Flag Cnt|Init Fwd Win Byts|Flow IAT Min|CWE Flag Count,,0.0
211898,Brute Force -Web,Brute Force -Web,4,Fwd Pkt Len Std|Pkt Len Mean|Dst Port|Bwd Pkts/s|TotLen Fwd Pkts,Dst Port,0.2,RST Flag Cnt|Bwd Pkt Len Std|Fwd Pkt Len Std|Flow Byts/s|Flow Pkts/s,Flow Pkts/s,0.2
212405,DoS attacks-GoldenEye,DoS attacks-GoldenEye,4,Fwd Seg Size Min|Bwd Pkt Len Std|Flow IAT Mean|Bwd IAT Std|Flow Byts/s,,0.0,Fwd Seg Size Min|SYN Flag Cnt|Init Fwd Win Byts|Bwd Pkt Len Std|Dst Port,Init Fwd Win Byts|Dst Port,0.4
212432,DoS attacks-Slowloris,DoS attacks-Slowloris,4,Fwd Seg Size Min|Fwd IAT Std|Dst Port|Init Fwd Win Byts|Pkt Size Avg,,0.0,FIN Flag Cnt|Fwd Seg Size Min|Flow IAT Mean|Init Fwd Win Byts|Fwd IAT Mean,Flow IAT Mean,0.2
212575,DoS attacks-Slowloris,DoS attacks-Slowloris,4,Fwd Seg Size Min|Fwd IAT Std|Dst Port|Init Fwd Win Byts|Pkt Size Avg,,0.0,FIN Flag Cnt|Fwd Seg Size Min|URG Flag Cnt|Dst Port|Fwd IAT Min,,0.0
212645,Bot,Bot,5,Dst Port|Fwd Act Data Pkts|RST Flag Cnt|Protocol|Tot Fwd Pkts,Dst Port,0.2,Dst Port|RST Flag Cnt|Bwd IAT Min|FIN Flag Cnt|CWE Flag Count,Dst Port,0.2
213256,DDoS attacks-LOIC-HTTP,DDoS attacks-LOIC-HTTP,5,Init Fwd Win Byts|Fwd IAT Std|Fwd Pkts/s|Flow IAT Min|Flow IAT Max,Fwd Pkts/s|Flow IAT Min,0.4,CWE Flag Count|Fwd Pkts/s|Fwd IAT Std|FIN Flag Cnt|Flow Duration,Fwd Pkts/s,0.2
213893,FTP-BruteForce,FTP-BruteForce,4,Fwd Seg Size Min|Flow Pkts/s|Flow IAT Max|Flow IAT Min|Flow IAT Mean,Flow IAT Min,0.2,Fwd Seg Size Min|Init Fwd Win Byts|Fwd URG Flags|Fwd IAT Max|Fwd Header Len,,0.0
214171,DoS attacks-Hulk,DoS attacks-Hulk,4,Fwd Seg Size Min|Tot Bwd Pkts|Init Fwd Win Byts|Fwd Pkt Len Max|Fwd IAT Min,,0.0,FIN Flag Cnt|Fwd Seg Size Min|URG Flag Cnt|Dst Port|Fwd PSH Flags,Dst Port,0.2
214964,Brute Force -XSS,Brute Force -XSS,6,Init Fwd Win Byts|Fwd Pkts/s|Dst Port|Flow IAT Min|Bwd Pkts/s,Dst Port,0.2,Fwd IAT Std|Flow IAT Max|Fwd IAT Min|Flow IAT Mean|Subflow Fwd Pkts,,0.0
214991,DoS attacks-SlowHTTPTest,DoS attacks-SlowHTTPTest,4,Fwd Seg Size Min|Flow IAT Max|Flow Duration|Flow IAT Min|Flow Pkts/s,Flow Duration|Flow Pkts/s,0.4,Fwd Seg Size Min|Init Fwd Win Byts|Init Bwd Win Byts|Bwd Pkts/s|Bwd Header Len,,0.0
215418,SSH-Bruteforce,SSH-Bruteforce,4,Dst Port|Fwd Act Data Pkts|Fwd Seg Size Min|Init Bwd Win Byts|Flow IAT Min,Dst Port|Flow IAT Min,0.4,Dst Port|Init Bwd Win Byts|Fwd Act Data Pkts|Fwd URG Flags|CWE Flag Count,Dst Port,0.2
215475,DoS attacks-SlowHTTPTest,DoS attacks-SlowHTTPTest,4,Fwd Seg Size Min|Flow Duration|Bwd Pkts/s|Flow IAT Max|Flow IAT Mean,Flow Duration|Flow IAT Mean,0.4,Fwd Seg Size Min|Init Fwd Win Byts|Init Bwd Win Byts|Fwd Header Len|FIN Flag Cnt,,0.0
216346,Bot,Bot,5,Dst Port|Fwd Act Data Pkts|RST Flag Cnt|Protocol|Tot Fwd Pkts,Dst Port,0.2,Dst Port|RST Flag Cnt|Fwd URG Flags|Idle Min|Bwd IAT Min,Dst Port,0.2
217453,DoS attacks-GoldenEye,DoS attacks-GoldenEye,4,Fwd Seg Size Min|Bwd Pkt Len Std|Flow IAT Mean|Bwd IAT Std|Flow Byts/s,,0.0,Fwd Seg Size Min|Bwd Pkt Len Std|SYN Flag Cnt|Fwd URG Flags|Fwd PSH Flags,,0.0
217506,DDOS attack-HOIC,DDOS attack-HOIC,5,Init Fwd Win Byts|Dst Port|Tot Bwd Pkts|Fwd IAT Tot|Flow IAT Max,,0.0,Fwd PSH Flags|Init Fwd Win Byts|Dst Port|Fwd IAT Tot|CWE Flag Count,,0.0
218003,Bot,Bot,5,Dst Port|RST Flag Cnt|TotLen Fwd Pkts|Fwd Act Data Pkts|Protocol,Dst Port,0.2,Dst Port|RST Flag Cnt|Active Min|FIN Flag Cnt|ECE Flag Cnt,Dst Port,0.2
218186,Infilteration,Infilteration,6,Fwd Header Len|Fwd Seg Size Min|Dst Port|PSH Flag Cnt|Bwd Pkts/s,Dst Port,0.2,Fwd URG Flags|RST Flag Cnt|Fwd Pkt Len Mean|ECE Flag Cnt|Fwd Pkt Len Max,,0.0
218371,DoS attacks-Slowloris,DoS attacks-Slowloris,4,Bwd IAT Max|Fwd Seg Size Min|Bwd IAT Tot|Idle Max|Init Bwd Win Byts,,0.0,Fwd PSH Flags|Fwd Seg Size Min|SYN Flag Cnt|FIN Flag Cnt|Active Mean,,0.0
218526,Benign,Benign,4,Fwd IAT Tot|Init Fwd Win Byts|Fwd Pkt Len Max|Fwd Pkt Len Mean|Fwd Seg Size Min,,0.0,FIN Flag Cnt|Tot Fwd Pkts|URG Flag Cnt|RST Flag Cnt|Fwd Act Data Pkts,,0.0
219442,Infilteration,Infilteration,6,Fwd Header Len|Fwd Seg Size Min|PSH Flag Cnt|Dst Port|Fwd Pkt Len Max,Dst Port,0.2,FIN Flag Cnt|RST Flag Cnt|Fwd Pkt Len Mean|Idle Max|Fwd IAT Tot,,0.0
219909,DoS attacks-SlowHTTPTest,DoS attacks-SlowHTTPTest,4,Fwd Seg Size Min|Flow IAT Max|Flow Duration|Bwd Pkts/s|Flow IAT Min,Flow Duration,0.2,Fwd Seg Size Min|Init Fwd Win Byts|Init Bwd Win Byts|Bwd Header Len|Flow IAT Min,,0.0
220142,SSH-Bruteforce,SSH-Bruteforce,4,Dst Port|Fwd Act Data Pkts|Fwd Seg Size Min|Init Bwd Win Byts|Flow IAT Min,Dst Port|Flow IAT Min,0.4,Dst Port|Init Bwd Win Byts|Fwd URG Flags|Fwd Act Data Pkts|Init Fwd Win Byts,Dst Port,0.2
220146,Brute Force -XSS,Brute Force -XSS,6,Pkt Len Std|Tot Fwd Pkts|Fwd Pkt Len Mean|Pkt Len Mean|Dst Port,Fwd Pkt Len Mean|Pkt Len Mean|Dst Port,0.6,Subflow Fwd Pkts|Bwd Header Len|Bwd IAT Min|Flow Duration|Fwd IAT Mean,,0.0
220653,DDOS attack-LOIC-UDP,DDOS attack-LOIC-UDP,5,Tot Fwd Pkts|Fwd IAT Tot|Fwd Act Data Pkts|Flow Pkts/s|Flow IAT Mean,Flow Pkts/s,0.2,Tot Fwd Pkts|CWE Flag Count|Fwd Act Data Pkts|Fwd Header Len|Flow Duration,Flow Duration,0.2
221528,Bot,Bot,5,Dst Port|RST Flag Cnt|TotLen Fwd Pkts|Fwd Act Data Pkts|Protocol,Dst Port,0.2,Dst Port|RST Flag Cnt|Fwd PSH Flags|FIN Flag Cnt|Fwd IAT Std,Dst Port,0.2
222292,DDoS attacks-LOIC-HTTP,DDoS attacks-LOIC-HTTP,5,Init Fwd Win Byts|Fwd IAT Std|Fwd Pkts/s|Flow IAT Min|Flow IAT Max,Fwd Pkts/s|Flow IAT Min,0.4,Fwd Pkts/s|Flow Duration|FIN Flag Cnt|Fwd IAT Std|Tot Fwd Pkts,Fwd Pkts/s,0.2
222400,DDOS attack-LOIC-UDP,DDOS attack-LOIC-UDP,5,Tot Fwd Pkts|Fwd IAT Tot|Fwd Act Data Pkts|Fwd Header Len|Flow IAT Min,,0.0,Tot Fwd Pkts|Fwd Act Data Pkts|Fwd Header Len|Flow Duration|FIN Flag Cnt,Flow Duration,0.2
222621,DoS attacks-GoldenEye,DoS attacks-GoldenEye,4,Fwd Seg Size Min|Bwd Pkt Len Std|Flow IAT Mean|Bwd IAT Std|Fwd Pkt Len Max,,0.0,Fwd Seg Size Min|FIN Flag Cnt|Subflow Bwd Pkts|Bwd Pkt Len Std|SYN Flag Cnt,,0.0
222741,Bot,Bot,5,Dst Port|RST Flag Cnt|TotLen Fwd Pkts|Fwd Act Data Pkts|Protocol,Dst Port,0.2,Dst Port|RST Flag Cnt|FIN Flag Cnt|CWE Flag Count|Fwd Act Data Pkts,Dst Port,0.2
222843,DDOS attack-HOIC,DDOS attack-HOIC,5,Init Fwd Win Byts|Dst Port|Tot Bwd Pkts|Fwd IAT Tot|Flow IAT Max,,0.0,Init Fwd Win Byts|Dst Port|Idle Std|Flow Pkts/s|Idle Mean,Flow Pkts/s,0.2
223169,FTP-BruteForce,FTP-BruteForce,4,Fwd Seg Size Min|Flow Pkts/s|Flow IAT Min|Flow IAT Max|Flow Duration,Flow IAT Min,0.2,Fwd Seg Size Min|Init Fwd Win Byts|Fwd Header Len|Flow IAT Min|Bwd Header Len,Flow IAT Min,0.2
223337,DDOS attack-HOIC,DDOS attack-HOIC,5,Init Fwd Win Byts|Dst Port|Tot Bwd Pkts|Fwd IAT Tot|Flow IAT Max,,0.0,Init Fwd Win Byts|Dst Port|Fwd Pkts/s|Fwd URG Flags|Pkt Len Std,,0.0
223746,Infilteration,Infilteration,6,Flow IAT Min|Dst Port|Fwd Seg Size Min|Fwd Pkts/s|Tot Fwd Pkts,Flow IAT Min|Dst Port,0.4,Fwd URG Flags|RST Flag Cnt|ECE Flag Cnt|Fwd Pkt Len Mean|Fwd Pkt Len Max,,0.0
224113,Infilteration,Infilteration,6,Fwd Header Len|Flow IAT Max|Fwd Seg Size Min|PSH Flag Cnt|Idle Max,,0.0,Down/Up Ratio|Fwd URG Flags|RST Flag Cnt|Idle Max|Fwd Pkt Len Mean,,0.0
224980,DoS attacks-Hulk,DoS attacks-Hulk,4,Fwd Seg Size Min|Bwd Pkt Len Std|Init Fwd Win Byts|Fwd Pkt Len Max|TotLen Bwd Pkts,,0.0,FIN Flag Cnt|Fwd Seg Size Min|URG Flag Cnt|Flow Byts/s|Flow IAT Max,,0.0
225021,Bot,Bot,5,Dst Port|RST Flag Cnt|TotLen Fwd Pkts|Fwd Act Data Pkts|Protocol,Dst Port,0.2,Dst Port|RST Flag Cnt|FIN Flag Cnt|SYN Flag Cnt|Bwd Pkt Len Mean,Dst Port,0.2
225229,DoS attacks-Slowloris,DoS attacks-Slowloris,4,Bwd IAT Max|Fwd Seg Size Min|Bwd IAT Tot|Bwd IAT Mean|Init Fwd Win Byts,,0.0,Fwd Seg Size Min|Active Std|Idle Std|Active Min|Active Max,,0.0
225548,Brute Force -XSS,Brute Force -XSS,6,Init Fwd Win Byts|Fwd Pkts/s|Dst Port|Bwd Pkts/s|Flow Duration,Dst Port,0.2,Subflow Fwd Pkts|Fwd IAT Min|Fwd IAT Mean|Fwd IAT Tot|Flow Pkts/s,,0.0
226678,DoS attacks-Hulk,DoS attacks-Hulk,4,Fwd Seg Size Min|Tot Bwd Pkts|Init Fwd Win Byts|Fwd Pkt Len Max|Fwd IAT Min,,0.0,FIN Flag Cnt|Fwd Seg Size Min|Dst Port|URG Flag Cnt|SYN Flag Cnt,Dst Port,0.2
227068,FTP-BruteForce,FTP-BruteForce,4,Fwd Seg Size Min|Flow Pkts/s|Flow IAT Max|Flow IAT Min|Dst Port,Flow IAT Min|Dst Port,0.4,Fwd Seg Size Min|Init Fwd Win Byts|Bwd Header Len|Fwd IAT Mean|Fwd Header Len,,0.0
227974,Benign,Benign,4,Dst Port|Fwd Pkt Len Max|Fwd Pkt Len Std|Fwd Pkt Len Mean|Bwd Pkt Len Mean,Dst Port,0.2,FIN Flag Cnt|Tot Fwd Pkts|Fwd URG Flags|CWE Flag Count|RST Flag Cnt,,0.0
229373,DoS attacks-GoldenEye,DoS attacks-GoldenEye,4,Fwd Seg Size Min|Flow IAT Min|Flow IAT Mean|Init Fwd Win Byts|Dst Port,Init Fwd Win Byts|Dst Port,0.4,Fwd Seg Size Min|FIN Flag Cnt|Bwd Pkt Len Std|Flow IAT Min|Fwd PSH Flags,,0.0
231078,Benign,Benign,4,Fwd Pkt Len Max|Fwd IAT Tot|Init Fwd Win Byts|Dst Port|RST Flag Cnt,Dst Port,0.2,FIN Flag Cnt|Tot Fwd Pkts|Dst Port|Flow Duration|RST Flag Cnt,Dst Port|Flow Duration,0.4
231362,Bot,Bot,5,Dst Port|RST Flag Cnt|TotLen Fwd Pkts|Fwd Act Data Pkts|Protocol,Dst Port,0.2,Dst Port|RST Flag Cnt|Bwd IAT Min|CWE Flag Count|Fwd PSH Flags,Dst Port,0.2
231364,DDOS attack-LOIC-UDP,DDOS attack-LOIC-UDP,5,Tot Fwd Pkts|Fwd IAT Tot|Fwd Act Data Pkts|Fwd Header Len|Flow IAT Min,,0.0,Tot Fwd Pkts|Fwd Act Data Pkts|Fwd Header Len|Flow Duration|CWE Flag Count,Flow Duration,0.2
232102,Brute Force -Web,Brute Force -Web,4,Fwd Pkt Len Std|Dst Port|Pkt Len Mean|Bwd Pkts/s|TotLen Fwd Pkts,Dst Port,0.2,Bwd IAT Std|RST Flag Cnt|Fwd Pkt Len Std|Bwd Pkt Len Std|Bwd IAT Max,,0.0
232258,DoS attacks-Slowloris,DoS attacks-Slowloris,4,Fwd Seg Size Min|Fwd IAT Std|Dst Port|Init Fwd Win Byts|Pkt Size Avg,,0.0,FIN Flag Cnt|Fwd Seg Size Min|Fwd URG Flags|CWE Flag Count|Fwd IAT Max,,0.0
232595,DoS attacks-Slowloris,DoS attacks-Slowloris,4,Bwd IAT Max|Fwd Seg Size Min|Bwd IAT Tot|Idle Max|Init Bwd Win Byts,,0.0,FIN Flag Cnt|Fwd PSH Flags|SYN Flag Cnt|Fwd Seg Size Min|Active Min,,0.0
232970,Bot,Bot,5,Dst Port|Fwd Act Data Pkts|RST Flag Cnt|Protocol|Tot Fwd Pkts,Dst Port,0.2,Dst Port|RST Flag Cnt|Bwd IAT Min|Fwd PSH Flags|SYN Flag Cnt,Dst Port,0.2
233319,DoS attacks-SlowHTTPTest,DoS attacks-SlowHTTPTest,4,Fwd Seg Size Min|Flow Duration|Bwd Pkts/s|Flow IAT Max|Flow IAT Mean,Flow Duration|Flow IAT Mean,0.4,Fwd Seg Size Min|Init Fwd Win Byts|Init Bwd Win Byts|Bwd Header Len|Fwd Header Len,,0.0
234034,DoS attacks-Slowloris,DoS attacks-Slowloris,4,Bwd IAT Max|Fwd Seg Size Min|Bwd IAT Tot|Idle Max|Init Bwd Win Byts,,0.0,Fwd Seg Size Min|Fwd PSH Flags|SYN Flag Cnt|Fwd IAT Max|Active Min,,0.0
234049,SSH-Bruteforce,SSH-Bruteforce,4,Dst Port|Fwd Act Data Pkts|Fwd Seg Size Min|Init Bwd Win Byts|Flow IAT Min,Dst Port|Flow IAT Min,0.4,Dst Port|Init Bwd Win Byts|FIN Flag Cnt|Fwd Act Data Pkts|Fwd PSH Flags,Dst Port,0.2
234340,DDOS attack-HOIC,DDOS attack-HOIC,5,Init Fwd Win Byts|Dst Port|Tot Bwd Pkts|Fwd IAT Tot|Flow Duration,,0.0,Init Fwd Win Byts|Dst Port|Fwd IAT Max|Flow IAT Max|Fwd IAT Std,,0.0
234429,DoS attacks-GoldenEye,DoS attacks-GoldenEye,4,Fwd Seg Size Min|Bwd Pkt Len Std|Bwd Pkt Len Mean|Flow IAT Mean|Fwd IAT Max,,0.0,Fwd Seg Size Min|Bwd Pkt Len Std|FIN Flag Cnt|Idle Max|Active Min,,0.0
235728,SSH-Bruteforce,SSH-Bruteforce,4,Dst Port|Bwd Header Len|Bwd Pkts/s|Fwd Seg Size Min|Init Bwd Win Byts,Dst Port,0.2,Dst Port|Init Bwd Win Byts|Bwd Pkts/s|URG Flag Cnt|Fwd Seg Size Min,Dst Port,0.2
236692,SSH-Bruteforce,SSH-Bruteforce,4,Dst Port|Bwd Header Len|Bwd Pkts/s|Fwd Seg Size Min|Init Bwd Win Byts,Dst Port,0.2,Dst Port|Init Bwd Win Byts|URG Flag Cnt|Fwd URG Flags|Flow IAT Min,Dst Port|Flow IAT Min,0.4
237041,DoS attacks-Hulk,DoS attacks-Hulk,4,Fwd Seg Size Min|Tot Bwd Pkts|Init Fwd Win Byts|Fwd Pkt Len Max|Flow Duration,,0.0,FIN Flag Cnt|Fwd Seg Size Min|Dst Port|SYN Flag Cnt|Active Min,Dst Port,0.2
237510,DoS attacks-GoldenEye,DoS attacks-GoldenEye,4,Fwd Seg Size Min|Bwd Pkt Len Std|Flow IAT Mean|Bwd IAT Std|Fwd Pkt Len Max,,0.0,Fwd Seg Size Min|URG Flag Cnt|Flow Duration|Bwd Pkt Len Std|Dst Port,Flow Duration|Dst Port,0.4
237626,DoS attacks-GoldenEye,DoS attacks-GoldenEye,4,Fwd Seg Size Min|Flow Byts/s|Flow IAT Mean|Bwd IAT Std|TotLen Bwd Pkts,,0.0,Fwd Seg Size Min|SYN Flag Cnt|Bwd Pkt Len Std|Fwd URG Flags|Active Mean,,0.0
238095,DoS attacks-SlowHTTPTest,DoS attacks-SlowHTTPTest,4,Fwd Seg Size Min|Flow IAT Max|Flow Duration|Flow IAT Min|Flow Pkts/s,Flow Duration|Flow Pkts/s,0.4,Fwd Seg Size Min|Init Fwd Win Byts|Fwd Header Len|Bwd Header Len|Fwd Pkts/s,,0.0
238198,SSH-Bruteforce,SSH-Bruteforce,4,Dst Port|Bwd Header Len|Bwd Pkts/s|Fwd Seg Size Min|Init Bwd Win Byts,Dst Port,0.2,FIN Flag Cnt|Dst Port|Init Bwd Win Byts|Bwd Pkts/s|Fwd URG Flags,Dst Port,0.2
238203,DoS attacks-Hulk,DoS attacks-Hulk,4,Fwd Seg Size Min|Tot Bwd Pkts|Init Fwd Win Byts|Fwd Pkt Len Max|Fwd IAT Min,,0.0,FIN Flag Cnt|Fwd Seg Size Min|Dst Port|Fwd URG Flags|Fwd Pkt Len Std,Dst Port,0.2
238710,DoS attacks-Hulk,DoS attacks-Hulk,4,Fwd Seg Size Min|Tot Bwd Pkts|Init Fwd Win Byts|Fwd Pkt Len Max|Fwd IAT Min,,0.0,FIN Flag Cnt|Fwd Seg Size Min|SYN Flag Cnt|Tot Bwd Pkts|ACK Flag Cnt,,0.0
240544,DoS attacks-Hulk,DoS attacks-Hulk,4,Fwd Seg Size Min|Tot Bwd Pkts|Init Fwd Win Byts|Fwd Pkt Len Max|Fwd IAT Min,,0.0,FIN Flag Cnt|Fwd Seg Size Min|Dst Port|CWE Flag Count|Fwd Seg Size Avg,Dst Port,0.2
241017,DoS attacks-Hulk,DoS attacks-Hulk,4,Fwd Seg Size Min|Tot Bwd Pkts|Init Fwd Win Byts|Fwd Pkt Len Max|Fwd IAT Min,,0.0,FIN Flag Cnt|Fwd Seg Size Min|Dst Port|CWE Flag Count|Active Min,Dst Port,0.2
241112,DoS attacks-Hulk,DoS attacks-Hulk,4,Fwd Seg Size Min|Tot Bwd Pkts|Init Fwd Win Byts|Fwd Pkt Len Max|Fwd IAT Min,,0.0,FIN Flag Cnt|Fwd Seg Size Min|CWE Flag Count|Dst Port|Active Std,Dst Port,0.2
241153,Brute Force -XSS,Brute Force -XSS,6,Init Fwd Win Byts|Fwd Pkts/s|Dst Port|Bwd Pkts/s|Flow Duration,Dst Port,0.2,Fwd IAT Std|Dst Port|Fwd IAT Mean|Fwd IAT Tot|Subflow Fwd Pkts,Dst Port,0.2
241322,DoS attacks-Slowloris,DoS attacks-Slowloris,4,Bwd IAT Max|Fwd Seg Size Min|Bwd IAT Tot|Bwd IAT Mean|Init Fwd Win Byts,,0.0,Fwd Seg Size Min|FIN Flag Cnt|Active Std|Idle Std|Idle Min,,0.0
241586,Infilteration,Infilteration,6,Flow IAT Min|Dst Port|Fwd Seg Size Min|Fwd Pkts/s|Tot Fwd Pkts,Flow IAT Min|Dst Port,0.4,Fwd URG Flags|ECE Flag Cnt|RST Flag Cnt|CWE Flag Count|Fwd Pkt Len Mean,,0.0
243253,FTP-BruteForce,FTP-BruteForce,4,Fwd Seg Size Min|Flow Pkts/s|Flow IAT Max|Flow IAT Mean|Flow IAT Min,Flow IAT Min,0.2,Fwd Seg Size Min|Init Fwd Win Byts|Fwd IAT Max|Fwd Pkts/s|Init Bwd Win Byts,,0.0
243348,Bot,Bot,5,Dst Port|Fwd Act Data Pkts|RST Flag Cnt|Protocol|Tot Fwd Pkts,Dst Port,0.2,Dst Port|RST Flag Cnt|Bwd IAT Min|FIN Flag Cnt|Fwd PSH Flags,Dst Port,0.2
243410,DoS attacks-Hulk,DoS attacks-Hulk,4,Fwd Seg Size Min|Tot Bwd Pkts|Init Fwd Win Byts|Fwd Pkt Len Max|Fwd IAT Min,,0.0,FIN Flag Cnt|Fwd Seg Size Min|SYN Flag Cnt|Fwd PSH Flags|URG Flag Cnt,,0.0
243512,Brute Force -Web,Brute Force -Web,4,Fwd Pkt Len Mean|Fwd Pkt Len Max|Dst Port|Bwd Pkts/s|Fwd Pkt Len Std,Dst Port,0.2,Bwd IAT Min|Fwd Pkt Len Std|Pkt Len Std|TotLen Bwd Pkts|Bwd IAT Std,,0.0
244272,FTP-BruteForce,FTP-BruteForce,4,Fwd Seg Size Min|Flow IAT Min|Flow Pkts/s|Flow IAT Max|Flow Duration,Flow IAT Min,0.2,Fwd Seg Size Min|CWE Flag Count|Init Fwd Win Byts|Fwd Pkts/s|Flow IAT Min,Flow IAT Min,0.2
244609,DoS attacks-Slowloris,DoS attacks-Slowloris,4,Fwd Seg Size Min|Fwd IAT Std|Dst Port|Init Fwd Win Byts|Pkt Size Avg,,0.0,Fwd Seg Size Min|Dst Port|Flow IAT Mean|Init Fwd Win Byts|Bwd Pkts/s,Flow IAT Mean|Bwd Pkts/s,0.4
244749,Brute Force -Web,Brute Force -Web,4,Fwd Pkt Len Std|Pkt Len Mean|Dst Port|Bwd Pkts/s|TotLen Fwd Pkts,Dst Port,0.2,RST Flag Cnt|Fwd Pkt Len Std|Bwd IAT Std|Subflow Bwd Pkts|Pkt Size Avg,,0.0
245289,SSH-Bruteforce,SSH-Bruteforce,4,Dst Port|Fwd Act Data Pkts|Fwd Seg Size Min|Init Bwd Win Byts|Bwd Header Len,Dst Port,0.2,Dst Port|Init Bwd Win Byts|Fwd Act Data Pkts|Fwd URG Flags|CWE Flag Count,Dst Port,0.2
245695,Infilteration,Infilteration,6,Fwd Header Len|Fwd Seg Size Min|PSH Flag Cnt|Bwd Pkts/s|Fwd Pkt Len Max,,0.0,RST Flag Cnt|CWE Flag Count|ECE Flag Cnt|Idle Max|Fwd Pkt Len Max,,0.0
245944,Infilteration,Infilteration,6,Fwd Header Len|Fwd Seg Size Min|PSH Flag Cnt|Dst Port|Fwd Pkt Len Max,Dst Port,0.2,Fwd URG Flags|RST Flag Cnt|FIN Flag Cnt|ECE Flag Cnt|Idle Max,,0.0
246006,DDOS attack-LOIC-UDP,DDOS attack-LOIC-UDP,5,Tot Fwd Pkts|Fwd IAT Tot|Fwd Act Data Pkts|Flow IAT Std|Fwd IAT Mean,,0.0,Tot Fwd Pkts|Fwd Act Data Pkts|Fwd Header Len|Flow Duration|FIN Flag Cnt,Flow Duration,0.2
246629,Brute Force -Web,Brute Force -Web,4,Fwd Pkt Len Std|Dst Port|Pkt Len Mean|Bwd Pkts/s|TotLen Fwd Pkts,Dst Port,0.2,FIN Flag Cnt|Fwd Pkt Len Std|Bwd IAT Std|Bwd Pkt Len Std|RST Flag Cnt,,0.0
247339,SSH-Bruteforce,SSH-Bruteforce,4,Dst Port|Bwd Header Len|Bwd Pkts/s|Fwd Seg Size Min|Init Bwd Win Byts,Dst Port,0.2,Dst Port|Init Bwd Win Byts|URG Flag Cnt|Fwd URG Flags|Bwd Pkts/s,Dst Port,0.2
247717,Brute Force -Web,Brute Force -Web,4,Fwd Pkt Len Mean|Fwd Pkt Len Max|Dst Port|Bwd Pkts/s|Fwd Pkt Len Std,Dst Port,0.2,RST Flag Cnt|Fwd Pkt Len Std|Fwd URG Flags|CWE Flag Count|Pkt Len Std,,0.0
248218,Benign,Benign,4,Dst Port|Fwd Pkt Len Mean|Fwd IAT Tot|Init Fwd Win Byts|Flow IAT Min,Dst Port,0.2,FIN Flag Cnt|Tot Fwd Pkts|Fwd Act Data Pkts|RST Flag Cnt|URG Flag Cnt,,0.0
248695,FTP-BruteForce,FTP-BruteForce,4,Fwd Seg Size Min|Flow IAT Min|Flow Pkts/s|Flow IAT Max|Flow Duration,Flow IAT Min,0.2,Fwd Seg Size Min|Init Fwd Win Byts|FIN Flag Cnt|Flow IAT Min|Fwd Pkts/s,Flow IAT Min,0.2
250642,Brute Force -Web,Brute Force -Web,4,Fwd Pkt Len Std|Pkt Len Mean|Dst Port|Bwd Pkts/s|TotLen Fwd Pkts,Dst Port,0.2,RST Flag Cnt|Fwd Pkt Len Std|Bwd IAT Std|Active Std|Init Bwd Win Byts,,0.0
250791,DDOS attack-HOIC,DDOS attack-HOIC,5,Init Fwd Win Byts|Dst Port|Tot Bwd Pkts|Flow Duration|Fwd IAT Tot,,0.0,Init Fwd Win Byts|Dst Port|FIN Flag Cnt|Fwd PSH Flags|Fwd URG Flags,,0.0
252079,DDOS attack-LOIC-UDP,DDOS attack-LOIC-UDP,5,Tot Fwd Pkts|Fwd IAT Tot|Fwd Act Data Pkts|Fwd Header Len|Flow IAT Std,,0.0,Tot Fwd Pkts|Fwd Act Data Pkts|FIN Flag Cnt|Fwd Header Len|Flow Duration,Flow Duration,0.2
252162,DDOS attack-LOIC-UDP,DDOS attack-LOIC-UDP,5,Tot Fwd Pkts|Fwd IAT Tot|Fwd Act Data Pkts|Flow IAT Mean|Flow Byts/s,,0.0,Tot Fwd Pkts|CWE Flag Count|Fwd Act Data Pkts|Flow Duration|Fwd Header Len,Flow Duration,0.2
252600,Brute Force -XSS,Brute Force -XSS,6,Pkt Len Std|Tot Fwd Pkts|Fwd Pkt Len Mean|Pkt Len Mean|Dst Port,Fwd Pkt Len Mean|Pkt Len Mean|Dst Port,0.6,Tot Fwd Pkts|Bwd Pkts/s|Bwd Pkt Len Mean|RST Flag Cnt|Pkt Size Avg,,0.0
252676,Brute Force -Web,Brute Force -Web,4,Fwd Pkt Len Std|Pkt Len Mean|Dst Port|Bwd Pkts/s|TotLen Fwd Pkts,Dst Port,0.2,Fwd Pkt Len Std|RST Flag Cnt|Bwd Pkt Len Std|Fwd IAT Tot|Fwd PSH Flags,,0.0
252879,DoS attacks-SlowHTTPTest,DoS attacks-SlowHTTPTest,4,Fwd Seg Size Min|Flow Duration|Bwd Pkts/s|Flow IAT Max|Flow IAT Mean,Flow Duration|Flow IAT Mean,0.4,CWE Flag Count|Fwd Seg Size Min|Init Fwd Win Byts|Flow Duration|Flow Pkts/s,Flow Duration|Flow Pkts/s,0.4
253042,DoS attacks-Hulk,DoS attacks-Hulk,4,Fwd Seg Size Min|Tot Bwd Pkts|Init Fwd Win Byts|Fwd Pkt Len Max|Fwd IAT Min,,0.0,FIN Flag Cnt|Fwd Seg Size Min|Dst Port|Fwd Header Len|Active Mean,Dst Port,0.2
253046,Brute Force -Web,Brute Force -Web,4,Fwd Pkt Len Mean|Fwd Pkt Len Max|Dst Port|Bwd Pkts/s|Fwd Pkt Len Std,Dst Port,0.2,Fwd Pkt Len Std|RST Flag Cnt|Pkt Size Avg|Bwd IAT Min|Tot Bwd Pkts,,0.0
253251,DoS attacks-GoldenEye,DoS attacks-GoldenEye,4,Fwd Seg Size Min|Bwd Pkt Len Std|TotLen Bwd Pkts|Flow IAT Mean|Fwd Pkt Len Max,,0.0,Fwd Seg Size Min|CWE Flag Count|Bwd Pkt Len Std|Active Max|Fwd Pkt Len Max,,0.0
254715,Brute Force -Web,Brute Force -Web,4,Init Fwd Win Byts|Fwd Pkts/s|Dst Port|Bwd Pkts/s|Fwd IAT Min,Dst Port,0.2,RST Flag Cnt|Fwd URG Flags|Flow Pkts/s|URG Flag Cnt|Dst Port,Flow Pkts/s|Dst Port,0.4
254773,Benign,Benign,4,Fwd Pkt Len Max|Fwd IAT Tot|Init Fwd Win Byts|Dst Port|RST Flag Cnt,Dst Port,0.2,FIN Flag Cnt|Tot Fwd Pkts|RST Flag Cnt|Fwd Act Data Pkts|Fwd Seg Size Min,,0.0
255268,Infilteration,Infilteration,6,Fwd Header Len|Flow IAT Max|Fwd Seg Size Min|PSH Flag Cnt|Idle Max,,0.0,Down/Up Ratio|Fwd URG Flags|RST Flag Cnt|ECE Flag Cnt|Fwd Pkt Len Mean,,0.0
255418,Bot,Bot,5,Dst Port|Fwd Act Data Pkts|RST Flag Cnt|Protocol|Tot Fwd Pkts,Dst Port,0.2,Dst Port|RST Flag Cnt|Bwd IAT Min|Protocol|Fwd IAT Std,Dst Port,0.2
256587,DoS attacks-GoldenEye,DoS attacks-GoldenEye,4,Fwd Seg Size Min|Bwd Pkt Len Std|Flow IAT Mean|Fwd Pkt Len Max|Dst Port,Dst Port,0.2,Fwd Seg Size Min|Bwd Pkt Len Std|URG Flag Cnt|Bwd Header Len|Dst Port,Dst Port,0.2
256733,Benign,Benign,4,Dst Port|Bwd Pkt Len Mean|RST Flag Cnt|Fwd IAT Tot|Fwd Pkt Len Max,Dst Port,0.2,FIN Flag Cnt|Tot Fwd Pkts|CWE Flag Count|RST Flag Cnt|URG Flag Cnt,,0.0
257390,DoS attacks-Slowloris,DoS attacks-Slowloris,4,Fwd Seg Size Min|Dst Port|Flow Byts/s|Init Bwd Win Byts|Down/Up Ratio,,0.0,Down/Up Ratio|SYN Flag Cnt|Fwd PSH Flags|Fwd Seg Size Min|URG Flag Cnt,,0.0
259395,Benign,Benign,4,Dst Port|Fwd Pkt Len Mean|Fwd IAT Tot|Init Fwd Win Byts|Fwd Pkt Len Max,Dst Port,0.2,FIN Flag Cnt|Tot Fwd Pkts|CWE Flag Count|RST Flag Cnt|ECE Flag Cnt,,0.0
259600,DDoS attacks-LOIC-HTTP,DDoS attacks-LOIC-HTTP,5,Init Fwd Win Byts|Fwd IAT Std|Fwd Pkts/s|Flow IAT Min|Flow IAT Max,Fwd Pkts/s|Flow IAT Min,0.4,CWE Flag Count|Fwd Pkts/s|FIN Flag Cnt|Fwd IAT Std|Fwd PSH Flags,Fwd Pkts/s,0.2
259608,Benign,Benign,4,Dst Port|Fwd IAT Tot|Fwd Pkt Len Mean|URG Flag Cnt|Fwd Pkt Len Max,Dst Port,0.2,FIN Flag Cnt|Tot Fwd Pkts|RST Flag Cnt|Fwd Seg Size Min|Fwd Pkt Len Mean,,0.0
259946,DDOS attack-LOIC-UDP,DDOS attack-LOIC-UDP,5,Tot Fwd Pkts|Fwd IAT Tot|Fwd Act Data Pkts|Fwd Header Len|Fwd IAT Std,,0.0,Tot Fwd Pkts|Fwd Act Data Pkts|Fwd Header Len|Flow Duration|Fwd URG Flags,Flow Duration,0.2
260353,Bot,Bot,5,Dst Port|Fwd Act Data Pkts|RST Flag Cnt|Protocol|Tot Fwd Pkts,Dst Port,0.2,Dst Port|Fwd URG Flags|RST Flag Cnt|FIN Flag Cnt|CWE Flag Count,Dst Port,0.2
261418,DoS attacks-SlowHTTPTest,DoS attacks-SlowHTTPTest,4,Fwd Seg Size Min|Flow IAT Max|Flow Duration|Flow IAT Min|Flow Pkts/s,Flow Duration|Flow Pkts/s,0.4,Fwd Seg Size Min|CWE Flag Count|Fwd URG Flags|Init Fwd Win Byts|Flow Duration,Flow Duration,0.2
262213,DDOS attack-HOIC,DDOS attack-HOIC,5,Init Fwd Win Byts|Dst Port|Tot Bwd Pkts|Fwd IAT Tot|Flow IAT Max,,0.0,Init Fwd Win Byts|Dst Port|Bwd Pkt Len Min|Flow IAT Max|CWE Flag Count,,0.0
262338,DDOS attack-HOIC,DDOS attack-HOIC,5,Init Fwd Win Byts|Dst Port|Tot Bwd Pkts|Fwd IAT Tot|Flow IAT Max,,0.0,Init Fwd Win Byts|Dst Port|Flow IAT Mean|Fwd URG Flags|Active Mean,Flow IAT Mean,0.2
262581,FTP-BruteForce,FTP-BruteForce,4,Fwd Seg Size Min|Flow Pkts/s|Flow IAT Max|Flow IAT Min|Flow IAT Mean,Flow IAT Min,0.2,Fwd Seg Size Min|Init Fwd Win Byts|Bwd Header Len|Flow IAT Min|Flow IAT Max,Flow IAT Min,0.2
262898,Brute Force -Web,Brute Force -Web,4,Fwd Pkt Len Mean|Fwd Pkt Len Max|Dst Port|Bwd Pkts/s|Fwd Pkt Len Std,Dst Port,0.2,Fwd Pkt Len Std|RST Flag Cnt|Bwd Pkt Len Mean|Init Bwd Win Byts|FIN Flag Cnt,,0.0
263296,SSH-Bruteforce,SSH-Bruteforce,4,Dst Port|Bwd Header Len|Bwd Pkts/s|Fwd Seg Size Min|Init Bwd Win Byts,Dst Port,0.2,Dst Port|Init Bwd Win Byts|URG Flag Cnt|FIN Flag Cnt|Flow IAT Mean,Dst Port,0.2
263530,DDoS attacks-LOIC-HTTP,DDoS attacks-LOIC-HTTP,5,Init Fwd Win Byts|Fwd IAT Std|Fwd Pkts/s|Flow IAT Min|Flow IAT Max,Fwd Pkts/s|Flow IAT Min,0.4,Fwd Pkts/s|FIN Flag Cnt|Fwd IAT Std|Flow Duration|Flow IAT Min,Fwd Pkts/s|Flow IAT Min,0.4
264918,Infilteration,Infilteration,6,Fwd Header Len|Fwd Seg Size Min|PSH Flag Cnt|Flow IAT Min|Dst Port,Flow IAT Min|Dst Port,0.4,Fwd URG Flags|Fwd Pkt Len Mean|RST Flag Cnt|Fwd Pkt Len Max|ECE Flag Cnt,,0.0
267683,DoS attacks-Hulk,DoS attacks-Hulk,4,Fwd Seg Size Min|Tot Bwd Pkts|Init Fwd Win Byts|Fwd Pkt Len Max|Fwd IAT Min,,0.0,FIN Flag Cnt|Fwd Seg Size Min|Dst Port|Fwd IAT Tot|Fwd IAT Min,Dst Port,0.2
267844,DoS attacks-GoldenEye,DoS attacks-GoldenEye,4,Fwd Seg Size Min|Bwd Pkt Len Std|Flow IAT Mean|Fwd Pkt Len Max|Dst Port,Dst Port,0.2,Fwd Seg Size Min|Fwd URG Flags|CWE Flag Count|Active Min|Bwd Pkt Len Std,,0.0
270317,DoS attacks-SlowHTTPTest,DoS attacks-SlowHTTPTest,4,Fwd Seg Size Min|Flow IAT Max|Flow Duration|Flow IAT Min|Flow Pkts/s,Flow Duration|Flow Pkts/s,0.4,Fwd Seg Size Min|Init Fwd Win Byts|Flow IAT Min|Fwd Pkts/s|Flow IAT Max,,0.0
271314,Benign,Benign,4,Dst Port|Fwd Pkt Len Max|Fwd IAT Std|Fwd Pkt Len Mean|Flow IAT Min,Dst Port,0.2,FIN Flag Cnt|Fwd URG Flags|Tot Fwd Pkts|ECE Flag Cnt|Fwd Pkt Len Mean,,0.0
271816,DoS attacks-Hulk,DoS attacks-Hulk,4,Fwd Seg Size Min|Tot Bwd Pkts|Init Fwd Win Byts|Fwd Pkt Len Max|Fwd IAT Min,,0.0,FIN Flag Cnt|Fwd Seg Size Min|Fwd URG Flags|Tot Bwd Pkts|TotLen Fwd Pkts,,0.0
272395,DoS attacks-SlowHTTPTest,DoS attacks-SlowHTTPTest,4,Fwd Seg Size Min|Flow IAT Max|Flow Duration|Bwd Pkts/s|Flow IAT Min,Flow Duration,0.2,Fwd Seg Size Min|Init Fwd Win Byts|Flow IAT Max|Init Bwd Win Byts|Flow IAT Min,,0.0
273408,DoS attacks-GoldenEye,DoS attacks-GoldenEye,4,Fwd Seg Size Min|Flow IAT Min|Flow IAT Mean|Init Fwd Win Byts|Dst Port,Init Fwd Win Byts|Dst Port,0.4,Fwd URG Flags|Fwd Seg Size Min|FIN Flag Cnt|CWE Flag Count|Flow IAT Min,,0.0
274595,Infilteration,Infilteration,6,Bwd Pkt Len Std|Bwd IAT Min|Pkt Len Mean|Bwd Pkt Len Mean|Flow IAT Min,Flow IAT Min,0.2,RST Flag Cnt|FIN Flag Cnt|Idle Max|ECE Flag Cnt|Init Fwd Win Byts,,0.0
274707,DDOS attack-LOIC-UDP,DDOS attack-LOIC-UDP,5,Tot Fwd Pkts|Fwd IAT Tot|Fwd Act Data Pkts|Flow IAT Std|Flow Pkts/s,Flow Pkts/s,0.2,Tot Fwd Pkts|Fwd Act Data Pkts|Fwd Header Len|Flow Duration|Fwd URG Flags,Flow Duration,0.2
274915,DoS attacks-Hulk,DoS attacks-Hulk,4,Fwd Seg Size Min|Tot Bwd Pkts|Init Fwd Win Byts|Fwd Pkt Len Max|Fwd IAT Min,,0.0,FIN Flag Cnt|Fwd Seg Size Min|Fwd PSH Flags|SYN Flag Cnt|Dst Port,Dst Port,0.2
274973,DoS attacks-SlowHTTPTest,DoS attacks-SlowHTTPTest,4,Fwd Seg Size Min|Flow IAT Max|Flow Duration|Bwd Pkts/s|Flow IAT Min,Flow Duration,0.2,Fwd Seg Size Min|Init Fwd Win Byts|Init Bwd Win Byts|Fwd IAT Mean|Flow IAT Max,,0.0
275348,DDOS attack-LOIC-UDP,DDOS attack-LOIC-UDP,5,Tot Fwd Pkts|Fwd IAT Tot|Fwd Act Data Pkts|Fwd IAT Std|Fwd Header Len,,0.0,Tot Fwd Pkts|Fwd Act Data Pkts|Fwd Header Len|Flow Duration|Fwd URG Flags,Flow Duration,0.2
276107,DDOS attack-HOIC,DDOS attack-HOIC,5,Init Fwd Win Byts|Dst Port|Tot Bwd Pkts|Fwd IAT Tot|Flow IAT Max,,0.0,Init Fwd Win Byts|Dst Port|Fwd Seg Size Min|SYN Flag Cnt|Bwd Pkt Len Std,,0.0
276421,Infilteration,Infilteration,6,Fwd Header Len|Fwd Seg Size Min|PSH Flag Cnt|Dst Port|Fwd Pkt Len Max,Dst Port,0.2,Fwd URG Flags|CWE Flag Count|RST Flag Cnt|FIN Flag Cnt|Fwd Pkt Len Mean,,0.0
276433,DoS attacks-SlowHTTPTest,DoS attacks-SlowHTTPTest,4,Fwd Seg Size Min|Flow IAT Max|Flow Duration|Bwd Pkts/s|Flow IAT Min,Flow Duration,0.2,Fwd Seg Size Min|Init Fwd Win Byts|Flow IAT Min|Bwd Header Len|Init Bwd Win Byts,,0.0
276638,DoS attacks-SlowHTTPTest,DoS attacks-SlowHTTPTest,4,Fwd Seg Size Min|Flow IAT Max|Flow Duration|Bwd Pkts/s|Flow IAT Min,Flow Duration,0.2,Fwd Seg Size Min|Init Fwd Win Byts|Flow IAT Min|Fwd IAT Mean|Flow IAT Max,,0.0
276916,DoS attacks-GoldenEye,DoS attacks-GoldenEye,4,Fwd Seg Size Min|Flow IAT Min|Flow IAT Mean|Init Fwd Win Byts|Dst Port,Init Fwd Win Byts|Dst Port,0.4,Fwd Seg Size Min|FIN Flag Cnt|URG Flag Cnt|Flow IAT Min|Dst Port,Dst Port,0.2
277208,DoS attacks-Slowloris,DoS attacks-Slowloris,4,Bwd IAT Max|Fwd Seg Size Min|Bwd IAT Tot|Bwd IAT Mean|Init Fwd Win Byts,,0.0,FIN Flag Cnt|Fwd Seg Size Min|Active Std|Idle Std|Active Max,,0.0
277814,DoS attacks-Slowloris,DoS attacks-Slowloris,4,Bwd IAT Max|Fwd Seg Size Min|Bwd IAT Tot|Bwd IAT Mean|Init Fwd Win Byts,,0.0,Fwd Seg Size Min|Active Std|Idle Std|FIN Flag Cnt|Active Min,,0.0
278182,Brute Force -Web,Brute Force -Web,4,Init Fwd Win Byts|Fwd Pkts/s|Dst Port|Bwd Pkts/s|Fwd IAT Min,Dst Port,0.2,CWE Flag Count|Fwd IAT Mean|Fwd Seg Size Avg|Bwd Pkts/s|Fwd Pkts/s,,0.0
279085,DoS attacks-GoldenEye,DoS attacks-GoldenEye,4,Fwd Seg Size Min|Flow IAT Min|Flow IAT Mean|Init Fwd Win Byts|Dst Port,Init Fwd Win Byts|Dst Port,0.4,Fwd URG Flags|Fwd Seg Size Min|SYN Flag Cnt|Flow IAT Min|FIN Flag Cnt,,0.0
280267,FTP-BruteForce,FTP-BruteForce,4,Fwd Seg Size Min|Flow Pkts/s|Flow IAT Max|Flow IAT Min|Flow IAT Mean,Flow IAT Min,0.2,Fwd Seg Size Min|Fwd URG Flags|Init Fwd Win Byts|Bwd Header Len|Bwd Pkts/s,,0.0
280531,FTP-BruteForce,FTP-BruteForce,4,Fwd Seg Size Min|Flow IAT Min|Flow IAT Max|Flow Pkts/s|Dst Port,Flow IAT Min|Dst Port,0.4,Fwd Seg Size Min|Init Fwd Win Byts|FIN Flag Cnt|Fwd Header Len|Flow IAT Max,,0.0
280654,DDoS attacks-LOIC-HTTP,DDoS attacks-LOIC-HTTP,5,Bwd Pkt Len Std|Fwd Pkts/s|Fwd IAT Std|Fwd IAT Tot|Flow IAT Max,Fwd Pkts/s,0.2,Fwd IAT Tot|Fwd Pkts/s|Bwd Pkt Len Std|CWE Flag Count|Fwd IAT Std,Fwd Pkts/s,0.2
281156,DDOS attack-LOIC-UDP,DDOS attack-LOIC-UDP,5,Tot Fwd Pkts|Fwd IAT Tot|Fwd Act Data Pkts|Flow IAT Mean|Flow Byts/s,,0.0,Tot Fwd Pkts|Fwd Act Data Pkts|Flow Duration|Fwd Header Len|CWE Flag Count,Flow Duration,0.2
281657,Benign,Benign,4,Flow Duration|Init Fwd Win Byts|Fwd Pkt Len Max|Idle Max|Fwd Pkt Len Mean,Flow Duration,0.2,FIN Flag Cnt|Tot Fwd Pkts|Flow Duration|RST Flag Cnt|Fwd URG Flags,Flow Duration,0.2
281860,SSH-Bruteforce,SSH-Bruteforce,4,Dst Port|Fwd Act Data Pkts|Fwd Seg Size Min|Init Bwd Win Byts|Flow IAT Min,Dst Port|Flow IAT Min,0.4,Dst Port|Init Bwd Win Byts|Init Fwd Win Byts|Fwd Seg Size Min|Fwd Act Data Pkts,Dst Port,0.2
282645,DDoS attacks-LOIC-HTTP,DDoS attacks-LOIC-HTTP,5,Fwd Pkts/s|Bwd Pkt Len Std|Fwd IAT Std|Fwd IAT Tot|Flow IAT Max,Fwd Pkts/s,0.2,Fwd Pkts/s|Fwd IAT Tot|Flow Byts/s|URG Flag Cnt|CWE Flag Count,Fwd Pkts/s,0.2
283080,FTP-BruteForce,FTP-BruteForce,4,Fwd Seg Size Min|Flow Pkts/s|Flow IAT Max|Flow IAT Mean|Flow IAT Min,Flow IAT Min,0.2,Fwd Seg Size Min|Init Fwd Win Byts|FIN Flag Cnt|Fwd Header Len|Fwd URG Flags,,0.0
283133,DoS attacks-Hulk,DoS attacks-Hulk,4,Fwd Seg Size Min|Tot Bwd Pkts|Init Fwd Win Byts|Fwd Pkt Len Max|Fwd IAT Min,,0.0,FIN Flag Cnt|Fwd Seg Size Min|Dst Port|Tot Bwd Pkts|Bwd Pkt Len Min,Dst Port,0.2
283848,Brute Force -Web,Brute Force -Web,4,Init Fwd Win Byts|Fwd Pkts/s|Dst Port|Bwd Pkts/s|Fwd IAT Min,Dst Port,0.2,CWE Flag Count|Fwd Header Len|Fwd Pkts/s|Fwd IAT Min|Bwd Pkts/s,Fwd Header Len,0.2
285682,SSH-Bruteforce,SSH-Bruteforce,4,Dst Port|Fwd Act Data Pkts|Fwd Seg Size Min|Init Bwd Win Byts|Flow IAT Min,Dst Port|Flow IAT Min,0.4,Dst Port|Init Bwd Win Byts|Fwd Act Data Pkts|FIN Flag Cnt|CWE Flag Count,Dst Port,0.2
285799,DDoS attacks-LOIC-HTTP,DDoS attacks-LOIC-HTTP,5,Bwd Pkt Len Std|Fwd Pkts/s|Fwd IAT Std|Fwd IAT Tot|Flow IAT Max,Fwd Pkts/s,0.2,CWE Flag Count|Fwd IAT Tot|Bwd Pkt Len Std|Fwd IAT Std|Flow Byts/s,,0.0
286012,DDOS attack-LOIC-UDP,DDOS attack-LOIC-UDP,5,Tot Fwd Pkts|Fwd IAT Tot|Fwd Act Data Pkts|Fwd Header Len|Flow IAT Min,,0.0,Tot Fwd Pkts|Fwd Act Data Pkts|CWE Flag Count|Flow Duration|Fwd Header Len,Flow Duration,0.2
286975,Brute Force -XSS,Brute Force -XSS,6,Init Fwd Win Byts|Fwd Pkts/s|Dst Port|Bwd Pkts/s|Flow IAT Max,Dst Port,0.2,Fwd IAT Std|Dst Port|Fwd IAT Mean|Fwd IAT Max|Fwd IAT Tot,Dst Port,0.2
287311,DDoS attacks-LOIC-HTTP,DDoS attacks-LOIC-HTTP,5,Init Fwd Win Byts|Fwd IAT Std|Fwd Pkts/s|Flow IAT Min|Flow IAT Max,Fwd Pkts/s|Flow IAT Min,0.4,CWE Flag Count|URG Flag Cnt|Fwd Pkts/s|FIN Flag Cnt|Fwd IAT Std,Fwd Pkts/s,0.2
287602,Benign,Benign,4,Fwd Pkt Len Max|Dst Port|Init Fwd Win Byts|RST Flag Cnt|Bwd Pkts/s,Dst Port,0.2,FIN Flag Cnt|Tot Fwd Pkts|Dst Port|RST Flag Cnt|Fwd Seg Size Min,Dst Port,0.2
287792,DDOS attack-LOIC-UDP,DDOS attack-LOIC-UDP,5,Tot Fwd Pkts|Fwd IAT Tot|Fwd Act Data Pkts|Flow Pkts/s|Flow IAT Std,Flow Pkts/s,0.2,Tot Fwd Pkts|Fwd Act Data Pkts|Fwd Header Len|Flow Duration|FIN Flag Cnt,Flow Duration,0.2
287797,DDoS attacks-LOIC-HTTP,DDoS attacks-LOIC-HTTP,5,Init Fwd Win Byts|Fwd IAT Std|Fwd Pkts/s|Flow IAT Min|Flow IAT Max,Fwd Pkts/s|Flow IAT Min,0.4,URG Flag Cnt|Flow Duration|Fwd Pkts/s|Fwd IAT Std|Flow IAT Min,Fwd Pkts/s|Flow IAT Min,0.4
287878,DDOS attack-LOIC-UDP,DDOS attack-LOIC-UDP,5,Tot Fwd Pkts|Fwd IAT Tot|Fwd Act Data Pkts|Flow Pkts/s|Flow Byts/s,Flow Pkts/s,0.2,Tot Fwd Pkts|Fwd Act Data Pkts|Fwd Header Len|Flow Duration|CWE Flag Count,Flow Duration,0.2
288495,DDOS attack-LOIC-UDP,DDOS attack-LOIC-UDP,5,Tot Fwd Pkts|Fwd IAT Tot|Fwd Act Data Pkts|Flow IAT Max|Flow IAT Mean,,0.0,Tot Fwd Pkts|Fwd Act Data Pkts|Fwd Header Len|Flow Duration|FIN Flag Cnt,Flow Duration,0.2
288753,Brute Force -XSS,Brute Force -XSS,6,Init Fwd Win Byts|Dst Port|Fwd Pkts/s|Flow IAT Mean|Flow IAT Max,Dst Port,0.2,Fwd Header Len|Flow IAT Min|Fwd IAT Max|Flow Pkts/s|Dst Port,Fwd Header Len|Dst Port,0.4
289382,SSH-Bruteforce,SSH-Bruteforce,4,Dst Port|Fwd Act Data Pkts|Fwd Seg Size Min|Init Bwd Win Byts|Flow IAT Min,Dst Port|Flow IAT Min,0.4,Dst Port|Init Bwd Win Byts|Fwd Act Data Pkts|URG Flag Cnt|CWE Flag Count,Dst Port,0.2
289408,DDOS attack-HOIC,DDOS attack-HOIC,5,Init Fwd Win Byts|Dst Port|Tot Bwd Pkts|Fwd IAT Tot|Flow IAT Max,,0.0,Init Fwd Win Byts|Dst Port|CWE Flag Count|FIN Flag Cnt|SYN Flag Cnt,,0.0
289834,DoS attacks-GoldenEye,DoS attacks-GoldenEye,4,Fwd Seg Size Min|Bwd Pkt Len Std|Flow IAT Mean|Bwd IAT Std|Fwd Pkt Len Max,,0.0,Fwd Seg Size Min|Idle Min|Active Std|Subflow Bwd Pkts|Bwd Header Len,,0.0
290931,Infilteration,Infilteration,6,Fwd Header Len|Fwd Seg Size Min|PSH Flag Cnt|Fwd Pkt Len Max|Bwd Pkts/s,,0.0,Fwd URG Flags|RST Flag Cnt|Idle Max|Fwd Pkt Len Mean|Dst Port,Dst Port,0.2
291046,Bot,Bot,5,Dst Port|Fwd Act Data Pkts|RST Flag Cnt|Protocol|Fwd IAT Tot,Dst Port,0.2,Dst Port|RST Flag Cnt|Fwd URG Flags|Bwd IAT Min|FIN Flag Cnt,Dst Port,0.2
291486,SSH-Bruteforce,SSH-Bruteforce,4,Dst Port|Fwd Act Data Pkts|Fwd Seg Size Min|Init Bwd Win Byts|Flow IAT Min,Dst Port|Flow IAT Min,0.4,Dst Port|Init Bwd Win Byts|Fwd Act Data Pkts|FIN Flag Cnt|Fwd Seg Size Min,Dst Port,0.2
291573,DoS attacks-Hulk,DoS attacks-Hulk,4,Fwd Seg Size Min|Tot Bwd Pkts|Init Fwd Win Byts|Fwd Pkt Len Max|Fwd IAT Min,,0.0,FIN Flag Cnt|Fwd Seg Size Min|Dst Port|Tot Fwd Pkts|Fwd IAT Mean,Dst Port,0.2
292359,DDOS attack-HOIC,DDOS attack-HOIC,5,Init Fwd Win Byts|Dst Port|Tot Bwd Pkts|Fwd IAT Tot|Flow IAT Max,,0.0,Init Fwd Win Byts|Dst Port|Fwd URG Flags|FIN Flag Cnt|Flow IAT Max,,0.0
292364,DDoS attacks-LOIC-HTTP,DDoS attacks-LOIC-HTTP,5,Init Fwd Win Byts|Fwd IAT Std|Fwd Pkts/s|Flow IAT Min|Flow IAT Max,Fwd Pkts/s|Flow IAT Min,0.4,Fwd Pkts/s|Fwd IAT Std|Flow Duration|FIN Flag Cnt|Flow Byts/s,Fwd Pkts/s,0.2
292602,DoS attacks-Slowloris,DoS attacks-Slowloris,4,Bwd IAT Max|Fwd Seg Size Min|Bwd IAT Tot|Bwd IAT Mean|Init Fwd Win Byts,,0.0,Fwd Seg Size Min|Idle Std|Fwd PSH Flags|Active Std|CWE Flag Count,,0.0
292855,DDoS attacks-LOIC-HTTP,DDoS attacks-LOIC-HTTP,5,Init Fwd Win Byts|Fwd IAT Std|Fwd Pkts/s|Flow IAT Min|Flow IAT Max,Fwd Pkts/s|Flow IAT Min,0.4,Fwd Pkts/s|Fwd URG Flags|Fwd IAT Std|Flow Byts/s|Flow IAT Min,Fwd Pkts/s|Flow IAT Min,0.4
292965,DoS attacks-GoldenEye,DoS attacks-GoldenEye,4,Fwd Seg Size Min|Flow Byts/s|Flow IAT Mean|Bwd IAT Std|TotLen Bwd Pkts,,0.0,Fwd Seg Size Min|FIN Flag Cnt|Bwd Pkt Len Std|Fwd Pkt Len Max|Protocol,,0.0
293180,Bot,Bot,5,Dst Port|Fwd Act Data Pkts|RST Flag Cnt|Protocol|Tot Fwd Pkts,Dst Port,0.2,RST Flag Cnt|Dst Port|FIN Flag Cnt|Bwd IAT Min|Idle Std,Dst Port,0.2
294297,DoS attacks-Hulk,DoS attacks-Hulk,4,Fwd Seg Size Min|Tot Bwd Pkts|Init Fwd Win Byts|Fwd Pkt Len Max|Fwd IAT Min,,0.0,FIN Flag Cnt|Fwd Seg Size Min|Dst Port|URG Flag Cnt|Fwd PSH Flags,Dst Port,0.2
294434,SQL Injection,SQL Injection,5,Bwd Pkt Len Std|Fwd Pkt Len Std|Flow IAT Min|Dst Port|Fwd IAT Min,Dst Port,0.2,Bwd IAT Std|Bwd Pkts/s|Bwd IAT Tot|Flow Byts/s|Bwd Header Len,,0.0
294469,DoS attacks-Slowloris,DoS attacks-Slowloris,4,Bwd IAT Max|Fwd Seg Size Min|Bwd IAT Tot|Init Bwd Win Byts|Flow Duration,Flow Duration,0.2,FIN Flag Cnt|Fwd Seg Size Min|SYN Flag Cnt|Fwd PSH Flags|Pkt Len Std,,0.0
295399,Infilteration,Infilteration,6,Dst Port|Init Fwd Win Byts|Fwd Pkt Len Max|Fwd Header Len|Pkt Len Mean,Dst Port,0.2,Fwd URG Flags|RST Flag Cnt|ECE Flag Cnt|Fwd Pkt Len Mean|Idle Max,,0.0
296840,DoS attacks-SlowHTTPTest,DoS attacks-SlowHTTPTest,4,Fwd Seg Size Min|Flow IAT Max|Flow Duration|Flow IAT Min|Dst Port,Flow Duration,0.2,Fwd URG Flags|Fwd Seg Size Min|Init Fwd Win Byts|Init Bwd Win Byts|Fwd IAT Min,,0.0
296971,DoS attacks-GoldenEye,DoS attacks-GoldenEye,4,Fwd Seg Size Min|Bwd Pkt Len Std|Bwd IAT Std|Flow IAT Mean|Flow Byts/s,,0.0,Fwd Seg Size Min|Active Mean|Idle Max|Bwd Pkt Len Std|FIN Flag Cnt,,0.0
297650,FTP-BruteForce,FTP-BruteForce,4,Fwd Seg Size Min|Flow Pkts/s|Flow IAT Max|Flow IAT Mean|Flow IAT Min,Flow IAT Min,0.2,Fwd Seg Size Min|Init Fwd Win Byts|Bwd Header Len|Fwd Header Len|Init Bwd Win Byts,,0.0
297866,Brute Force -Web,Brute Force -Web,4,Fwd Pkt Len Std|Dst Port|Pkt Len Mean|Bwd Pkts/s|TotLen Fwd Pkts,Dst Port,0.2,Fwd Pkt Len Std|RST Flag Cnt|Bwd IAT Std|Bwd Pkt Len Std|FIN Flag Cnt,,0.0
298749,DDOS attack-HOIC,DDOS attack-HOIC,5,Init Fwd Win Byts|Dst Port|Tot Bwd Pkts|Fwd IAT Tot|Flow IAT Max,,0.0,Init Fwd Win Byts|Dst Port|CWE Flag Count|Active Std|Flow IAT Max,,0.0
299303,DDoS attacks-LOIC-HTTP,DDoS attacks-LOIC-HTTP,5,Bwd Pkt Len Std|Fwd Pkts/s|Fwd IAT Std|Fwd IAT Tot|Flow IAT Max,Fwd Pkts/s,0.2,Fwd IAT Tot|Bwd Pkt Len Std|Fwd Pkts/s|Fwd IAT Std|FIN Flag Cnt,Fwd Pkts/s,0.2
299907,Infilteration,Infilteration,6,Fwd Header Len|Fwd Seg Size Min|PSH Flag Cnt|Dst Port|Fwd Pkt Len Max,Dst Port,0.2,RST Flag Cnt|Fwd Pkt Len Mean|Idle Max|ECE Flag Cnt|Fwd Pkt Len Max,,0.0
300186,DoS attacks-Slowloris,DoS attacks-Slowloris,4,Fwd Seg Size Min|Fwd IAT Std|Dst Port|Init Fwd Win Byts|Pkt Size Avg,,0.0,Fwd Seg Size Min|FIN Flag Cnt|Init Fwd Win Byts|Flow IAT Mean|Flow Duration,Flow IAT Mean|Flow Duration,0.4
300727,DDOS attack-LOIC-UDP,DDOS attack-LOIC-UDP,5,Tot Fwd Pkts|Fwd IAT Tot|Fwd Act Data Pkts|Flow IAT Std|Fwd IAT Mean,,0.0,Tot Fwd Pkts|Fwd Act Data Pkts|Fwd Header Len|Flow Duration|Fwd URG Flags,Flow Duration,0.2
301061,DDOS attack-HOIC,DDOS attack-HOIC,5,Init Fwd Win Byts|Dst Port|Tot Bwd Pkts|Fwd IAT Tot|Flow IAT Max,,0.0,Init Fwd Win Byts|Dst Port|Flow IAT Max|Fwd IAT Tot|Flow Byts/s,Flow Byts/s,0.2
302291,Brute Force -Web,Brute Force -Web,4,Fwd Pkt Len Std|Dst Port|Pkt Len Mean|Bwd Pkts/s|TotLen Fwd Pkts,Dst Port,0.2,Fwd Pkt Len Std|RST Flag Cnt|CWE Flag Count|Flow Byts/s|Subflow Fwd Byts,,0.0
303174,Benign,Benign,4,Fwd Pkt Len Max|Fwd IAT Tot|Init Fwd Win Byts|Dst Port|RST Flag Cnt,Dst Port,0.2,FIN Flag Cnt|Tot Fwd Pkts|Fwd URG Flags|Fwd Seg Size Min|RST Flag Cnt,,0.0
304762,Benign,Benign,4,Fwd Pkt Len Max|Fwd IAT Tot|Init Fwd Win Byts|ECE Flag Cnt|Dst Port,Dst Port,0.2,Tot Fwd Pkts|FIN Flag Cnt|Fwd URG Flags|RST Flag Cnt|Dst Port,Dst Port,0.2
305787,SSH-Bruteforce,SSH-Bruteforce,4,Dst Port|Fwd Act Data Pkts|Fwd Seg Size Min|Init Bwd Win Byts|Flow IAT Min,Dst Port|Flow IAT Min,0.4,Dst Port|Init Bwd Win Byts|Fwd Act Data Pkts|Fwd PSH Flags|Flow IAT Mean,Dst Port,0.2
306105,Benign,Benign,4,Init Fwd Win Byts|Flow Duration|Fwd IAT Std|Fwd Pkt Len Max|Fwd Pkt Len Mean,Flow Duration,0.2,FIN Flag Cnt|Tot Fwd Pkts|Fwd Act Data Pkts|Fwd Header Len|Flow Duration,Flow Duration,0.2
307181,Bot,Bot,5,Dst Port|RST Flag Cnt|TotLen Fwd Pkts|Fwd Act Data Pkts|Protocol,Dst Port,0.2,Dst Port|RST Flag Cnt|Bwd IAT Min|FIN Flag Cnt|SYN Flag Cnt,Dst Port,0.2
307260,Benign,Benign,4,Fwd Pkt Len Max|Init Fwd Win Byts|Flow Byts/s|Flow IAT Mean|RST Flag Cnt,Flow IAT Mean,0.2,FIN Flag Cnt|Fwd URG Flags|Tot Fwd Pkts|RST Flag Cnt|Init Fwd Win Byts,,0.0
307982,Brute Force -Web,Brute Force -Web,4,Fwd Pkt Len Std|Pkt Len Mean|Dst Port|Bwd Pkts/s|TotLen Fwd Pkts,Dst Port,0.2,Fwd Pkt Len Std|RST Flag Cnt|Bwd IAT Std|Bwd IAT Mean|Flow Byts/s,,0.0
308683,Bot,Bot,5,Dst Port|Fwd Act Data Pkts|RST Flag Cnt|Protocol|Tot Fwd Pkts,Dst Port,0.2,Dst Port|RST Flag Cnt|Bwd IAT Min|Fwd PSH Flags|Active Std,Dst Port,0.2
308733,Infilteration,Infilteration,6,Fwd Header Len|Fwd Seg Size Min|PSH Flag Cnt|Bwd Pkts/s|Fwd Pkt Len Max,,0.0,FIN Flag Cnt|RST Flag Cnt|ECE Flag Cnt|Idle Max|Fwd Pkt Len Mean,,0.0
309128,FTP-BruteForce,FTP-BruteForce,4,Fwd Seg Size Min|Flow Pkts/s|Flow IAT Max|Flow IAT Min|Flow IAT Mean,Flow IAT Min,0.2,Fwd Seg Size Min|CWE Flag Count|Init Fwd Win Byts|Flow IAT Max|Fwd Pkts/s,,0.0
309794,Infilteration,Infilteration,6,Fwd Seg Size Min|Fwd Header Len|Dst Port|PSH Flag Cnt|Init Fwd Win Byts,Dst Port,0.2,RST Flag Cnt|Fwd Pkt Len Mean|ECE Flag Cnt|Idle Max|Fwd URG Flags,,0.0
309889,FTP-BruteForce,FTP-BruteForce,4,Fwd Seg Size Min|Flow Pkts/s|Flow IAT Max|Flow IAT Min|Flow IAT Mean,Flow IAT Min,0.2,Fwd Seg Size Min|Init Fwd Win Byts|Fwd IAT Max|Bwd Header Len|Flow Duration,,0.0
310027,DDoS attacks-LOIC-HTTP,DDoS attacks-LOIC-HTTP,5,Init Fwd Win Byts|Fwd IAT Std|Fwd Pkts/s|Flow IAT Min|Flow IAT Max,Fwd Pkts/s|Flow IAT Min,0.4,Fwd URG Flags|URG Flag Cnt|Fwd Pkts/s|Fwd IAT Std|Flow Duration,Fwd Pkts/s,0.2
310305,DoS attacks-GoldenEye,DoS attacks-GoldenEye,4,Fwd Seg Size Min|Bwd Pkt Len Std|Flow IAT Mean|Bwd IAT Std|Fwd Pkt Len Max,,0.0,Fwd Seg Size Min|FIN Flag Cnt|Fwd Pkt Len Std|Fwd Pkt Len Mean|Tot Fwd Pkts,,0.0
310445,Benign,Benign,4,Dst Port|Fwd Pkt Len Max|Fwd IAT Std|Fwd Pkt Len Mean|Flow IAT Min,Dst Port,0.2,Fwd URG Flags|CWE Flag Count|Tot Fwd Pkts|Fwd Seg Size Min|Fwd Pkt Len Mean,,0.0
310457,SSH-Bruteforce,SSH-Bruteforce,4,Dst Port|Bwd Header Len|Bwd Pkts/s|Fwd Seg Size Min|Init Bwd Win Byts,Dst Port,0.2,Dst Port|Init Bwd Win Byts|CWE Flag Count|URG Flag Cnt|Fwd Pkts/s,Dst Port,0.2
310702,DoS attacks-Slowloris,DoS attacks-Slowloris,4,Bwd IAT Max|Fwd Seg Size Min|Bwd IAT Tot|Bwd IAT Mean|Init Fwd Win Byts,,0.0,FIN Flag Cnt|Fwd Seg Size Min|Idle Std|Fwd PSH Flags|Active Std,,0.0
310796,DoS attacks-Hulk,DoS attacks-Hulk,4,Fwd Seg Size Min|Bwd Pkt Len Std|Init Fwd Win Byts|Fwd Pkt Len Max|TotLen Bwd Pkts,,0.0,FIN Flag Cnt|Fwd Seg Size Min|Idle Std|Fwd IAT Min|Dst Port,Dst Port,0.2
310997,DDOS attack-LOIC-UDP,DDOS attack-LOIC-UDP,5,Tot Fwd Pkts|Fwd IAT Tot|Fwd Act Data Pkts|Flow IAT Mean|Flow IAT Std,,0.0,Tot Fwd Pkts|Fwd Act Data Pkts|Fwd Header Len|Flow Duration|Fwd URG Flags,Flow Duration,0.2
311497,DoS attacks-Hulk,DoS attacks-Hulk,4,Fwd Seg Size Min|Tot Bwd Pkts|Init Fwd Win Byts|Fwd Pkt Len Max|Fwd IAT Min,,0.0,FIN Flag Cnt|Fwd Seg Size Min|Fwd PSH Flags|Dst Port|Fwd URG Flags,Dst Port,0.2
311643,DoS attacks-Hulk,DoS attacks-Hulk,4,Fwd Seg Size Min|Bwd Pkt Len Std|Init Fwd Win Byts|Fwd Pkt Len Max|TotLen Bwd Pkts,,0.0,FIN Flag Cnt|Fwd Seg Size Min|Fwd PSH Flags|Dst Port|Bwd IAT Tot,Dst Port,0.2
311685,Infilteration,Infilteration,6,Fwd Header Len|Flow IAT Max|Fwd Seg Size Min|PSH Flag Cnt|Idle Max,,0.0,Down/Up Ratio|RST Flag Cnt|Fwd Pkt Len Max|Idle Max|Fwd Pkt Len Mean,,0.0
312043,Benign,Benign,4,Flow Duration|Fwd Pkt Len Max|Dst Port|Fwd Pkt Len Mean|Idle Max,Flow Duration|Dst Port,0.4,FIN Flag Cnt|Fwd URG Flags|Flow Duration|CWE Flag Count|Tot Fwd Pkts,Flow Duration,0.2
312105,DoS attacks-Slowloris,DoS attacks-Slowloris,4,Bwd IAT Max|Fwd Seg Size Min|Bwd IAT Tot|Bwd IAT Mean|Init Fwd Win Byts,,0.0,FIN Flag Cnt|Fwd Seg Size Min|Active Std|Idle Std|Active Mean,,0.0
312336,Bot,Bot,5,Dst Port|RST Flag Cnt|TotLen Fwd Pkts|Fwd Act Data Pkts|Protocol,Dst Port,0.2,Dst Port|RST Flag Cnt|Bwd IAT Min|Fwd URG Flags|CWE Flag Count,Dst Port,0.2
312371,Infilteration,Infilteration,6,Fwd Header Len|Fwd Seg Size Min|PSH Flag Cnt|Dst Port|Fwd Pkt Len Max,Dst Port,0.2,RST Flag Cnt|Idle Max|Fwd Pkt Len Mean|Fwd URG Flags|ECE Flag Cnt,,0.0
313063,DDoS attacks-LOIC-HTTP,DDoS attacks-LOIC-HTTP,5,Init Fwd Win Byts|Fwd IAT Std|Fwd Pkts/s|Flow IAT Min|Flow IAT Max,Fwd Pkts/s|Flow IAT Min,0.4,FIN Flag Cnt|Flow Duration|Flow IAT Min|Fwd Pkts/s|Fwd IAT Std,Flow IAT Min|Fwd Pkts/s,0.4
313529,Brute Force -XSS,Brute Force -XSS,6,Init Fwd Win Byts|Fwd Pkts/s|Dst Port|Flow IAT Mean|Bwd Pkts/s,Dst Port,0.2,Fwd IAT Mean|Fwd IAT Max|Flow Pkts/s|Flow IAT Max|Flow Duration,,0.0
313667,DDOS attack-LOIC-UDP,DDOS attack-LOIC-UDP,5,Tot Fwd Pkts|Fwd IAT Tot|Fwd Act Data Pkts|Flow IAT Min|Flow Duration,Flow Duration,0.2,Tot Fwd Pkts|Fwd Act Data Pkts|Fwd Header Len|Flow Duration|CWE Flag Count,Flow Duration,0.2
314084,DoS attacks-Hulk,DoS attacks-Hulk,4,Fwd Seg Size Min|Tot Bwd Pkts|Init Fwd Win Byts|Fwd Pkt Len Max|Fwd IAT Min,,0.0,FIN Flag Cnt|Fwd Seg Size Min|Dst Port|Tot Bwd Pkts|Active Max,Dst Port,0.2
314183,Brute Force -XSS,Brute Force -XSS,6,Pkt Len Std|Tot Fwd Pkts|Fwd Pkt Len Mean|Pkt Len Mean|Flow IAT Min,Fwd Pkt Len Mean|Pkt Len Mean,0.4,Bwd Pkts/s|RST Flag Cnt|Tot Bwd Pkts|Tot Fwd Pkts|Flow IAT Mean,,0.0
314218,DDoS attacks-LOIC-HTTP,DDoS attacks-LOIC-HTTP,5,Fwd Pkts/s|Bwd Pkt Len Std|Fwd IAT Std|Fwd IAT Tot|Flow IAT Max,Fwd Pkts/s,0.2,FIN Flag Cnt|CWE Flag Count|Bwd Pkt Len Std|Flow Byts/s|Dst Port,Dst Port,0.2
315063,Brute Force -Web,Brute Force -Web,4,Fwd Pkt Len Mean|Fwd Pkt Len Max|Dst Port|Bwd Pkts/s|Fwd Pkt Len Std,Dst Port,0.2,Fwd Pkt Len Std|RST Flag Cnt|Bwd Pkts/s|Flow IAT Min|Tot Bwd Pkts,Flow IAT Min,0.2
315332,Benign,Benign,4,Fwd Pkt Len Max|Dst Port|Fwd IAT Std|RST Flag Cnt|Bwd Header Len,Dst Port,0.2,Tot Fwd Pkts|FIN Flag Cnt|Fwd URG Flags|Fwd Act Data Pkts|CWE Flag Count,,0.0
315394,Benign,Benign,4,Fwd Pkt Len Max|Fwd IAT Tot|Init Fwd Win Byts|Dst Port|ECE Flag Cnt,Dst Port,0.2,FIN Flag Cnt|Tot Fwd Pkts|RST Flag Cnt|Dst Port|Fwd Seg Size Min,Dst Port,0.2
315426,DDOS attack-LOIC-UDP,DDOS attack-LOIC-UDP,5,Tot Fwd Pkts|Fwd IAT Tot|Fwd Act Data Pkts|Fwd Header Len|Flow IAT Std,,0.0,Tot Fwd Pkts|Fwd Act Data Pkts|Flow Duration|Fwd Header Len|FIN Flag Cnt,Flow Duration,0.2
317120,Brute Force -XSS,Brute Force -XSS,6,Init Fwd Win Byts|Fwd Pkts/s|Dst Port|Bwd Pkts/s|Flow IAT Max,Dst Port,0.2,FIN Flag Cnt|Dst Port|Flow IAT Mean|Fwd IAT Max|Flow IAT Min,Dst Port,0.2
317310,DDOS attack-HOIC,DDOS attack-HOIC,5,Init Fwd Win Byts|Dst Port|Tot Bwd Pkts|Fwd IAT Tot|Flow Duration,,0.0,Init Fwd Win Byts|Dst Port|SYN Flag Cnt|FIN Flag Cnt|Flow IAT Max,,0.0
318492,Brute Force -Web,Brute Force -Web,4,Fwd Pkt Len Mean|Fwd Pkt Len Max|Dst Port|Bwd Pkts/s|Fwd Pkt Len Std,Dst Port,0.2,Fwd Pkt Len Std|RST Flag Cnt|CWE Flag Count|ECE Flag Cnt|Init Bwd Win Byts,,0.0
318843,DDOS attack-HOIC,DDOS attack-HOIC,5,Init Fwd Win Byts|Dst Port|Tot Bwd Pkts|Fwd IAT Tot|Flow Duration,,0.0,Init Fwd Win Byts|Dst Port|Bwd IAT Max|Tot Fwd Pkts|Active Mean,,0.0
319416,DoS attacks-Slowloris,DoS attacks-Slowloris,4,Bwd IAT Max|Fwd Seg Size Min|Bwd IAT Tot|Idle Max|Init Bwd Win Byts,,0.0,Fwd PSH Flags|SYN Flag Cnt|Fwd Seg Size Min|Active Min|Pkt Size Avg,,0.0
319640,DoS attacks-Slowloris,DoS attacks-Slowloris,4,Bwd IAT Max|Fwd Seg Size Min|Bwd IAT Tot|Idle Max|Bwd Header Len,,0.0,FIN Flag Cnt|Fwd Seg Size Min|Active Mean|Active Min|Active Max,,0.0
319710,SSH-Bruteforce,SSH-Bruteforce,4,Dst Port|Fwd Act Data Pkts|Fwd Seg Size Min|Init Bwd Win Byts|Flow IAT Min,Dst Port|Flow IAT Min,0.4,Dst Port|Init Bwd Win Byts|Fwd URG Flags|Fwd Act Data Pkts|Fwd Seg Size Min,Dst Port,0.2
320905,DDoS attacks-LOIC-HTTP,DDoS attacks-LOIC-HTTP,5,Init Fwd Win Byts|Fwd IAT Std|Fwd Pkts/s|Flow IAT Min|Flow IAT Max,Fwd Pkts/s|Flow IAT Min,0.4,Fwd URG Flags|Fwd IAT Tot|Fwd Pkts/s|Tot Fwd Pkts|Flow IAT Min,Fwd Pkts/s|Flow IAT Min,0.4
320952,Brute Force -XSS,Brute Force -XSS,6,Pkt Len Std|Tot Fwd Pkts|Fwd Pkt Len Mean|Pkt Len Mean|Flow IAT Min,Fwd Pkt Len Mean|Pkt Len Mean,0.4,Bwd Pkts/s|Init Bwd Win Byts|Subflow Fwd Pkts|Flow IAT Min|Bwd IAT Mean,,0.0
321040,SSH-Bruteforce,SSH-Bruteforce,4,Dst Port|Fwd Act Data Pkts|Fwd Seg Size Min|Init Bwd Win Byts|Flow IAT Min,Dst Port|Flow IAT Min,0.4,Dst Port|Init Bwd Win Byts|Fwd Act Data Pkts|CWE Flag Count|Subflow Bwd Pkts,Dst Port,0.2
321097,DDoS attacks-LOIC-HTTP,DDoS attacks-LOIC-HTTP,5,Init Fwd Win Byts|Fwd IAT Std|Fwd Pkts/s|Flow IAT Min|Flow IAT Max,Fwd Pkts/s|Flow IAT Min,0.4,Fwd Pkts/s|Fwd IAT Std|Flow Duration|Flow Byts/s|Flow IAT Min,Fwd Pkts/s|Flow IAT Min,0.4
321790,FTP-BruteForce,FTP-BruteForce,4,Fwd Seg Size Min|Flow IAT Min|Flow IAT Max|Flow Pkts/s|Dst Port,Flow IAT Min|Dst Port,0.4,Fwd Seg Size Min|Init Fwd Win Byts|Init Bwd Win Byts|Fwd Header Len|Flow IAT Min,Flow IAT Min,0.2
322220,Bot,Bot,5,Dst Port|RST Flag Cnt|TotLen Fwd Pkts|Fwd Act Data Pkts|Protocol,Dst Port,0.2,Dst Port|RST Flag Cnt|URG Flag Cnt|Active Mean|SYN Flag Cnt,Dst Port,0.2
323255,DDoS attacks-LOIC-HTTP,DDoS attacks-LOIC-HTTP,5,Fwd Pkts/s|Bwd Pkt Len Std|Fwd IAT Std|Fwd IAT Tot|Flow IAT Max,Fwd Pkts/s,0.2,Fwd IAT Tot|Flow Byts/s|Bwd Pkt Len Std|FIN Flag Cnt|Fwd IAT Std,,0.0
323541,FTP-BruteForce,FTP-BruteForce,4,Fwd Seg Size Min|Flow Pkts/s|Flow IAT Max|Flow IAT Mean|Flow IAT Min,Flow IAT Min,0.2,Fwd Seg Size Min|CWE Flag Count|Init Fwd Win Byts|Init Bwd Win Byts|Fwd IAT Mean,,0.0
323699,DDOS attack-HOIC,DDOS attack-HOIC,5,Init Fwd Win Byts|Dst Port|Tot Bwd Pkts|Fwd IAT Tot|Flow IAT Max,,0.0,Init Fwd Win Byts|Dst Port|FIN Flag Cnt|Fwd IAT Tot|Flow IAT Max,,0.0
324056,FTP-BruteForce,FTP-BruteForce,4,Fwd Seg Size Min|Flow Pkts/s|Flow IAT Max|Flow IAT Mean|Flow IAT Min,Flow IAT Min,0.2,Fwd Seg Size Min|Init Fwd Win Byts|Fwd Pkts/s|Fwd Header Len|Flow IAT Min,Flow IAT Min,0.2
324210,Benign,Benign,4,Dst Port|Fwd Pkt Len Max|URG Flag Cnt|Fwd Seg Size Min|Fwd IAT Std,Dst Port,0.2,FIN Flag Cnt|Tot Fwd Pkts|Flow Duration|Fwd Header Len|RST Flag Cnt,Flow Duration,0.2
324227,FTP-BruteForce,FTP-BruteForce,4,Fwd Seg Size Min|Flow Pkts/s|Flow IAT Mean|Flow IAT Max|Flow IAT Min,Flow IAT Min,0.2,Fwd Seg Size Min|CWE Flag Count|Init Fwd Win Byts|Fwd URG Flags|Fwd Pkts/s,,0.0
325045,SSH-Bruteforce,SSH-Bruteforce,4,Dst Port|Bwd Header Len|Bwd Pkts/s|Fwd Seg Size Min|Init Bwd Win Byts,Dst Port,0.2,Dst Port|Init Bwd Win Byts|Bwd Pkts/s|FIN Flag Cnt|URG Flag Cnt,Dst Port,0.2
325470,Infilteration,Infilteration,6,Dst Port|ECE Flag Cnt|Pkt Len Mean|Flow IAT Max|PSH Flag Cnt,Dst Port,0.2,RST Flag Cnt|FIN Flag Cnt|ECE Flag Cnt|Init Fwd Win Byts|Idle Max,,0.0
326102,Bot,Bot,5,Dst Port|RST Flag Cnt|TotLen Fwd Pkts|Fwd Act Data Pkts|Protocol,Dst Port,0.2,Dst Port|RST Flag Cnt|Bwd Pkt Len Std|Bwd Pkt Len Mean|Bwd IAT Tot,Dst Port,0.2
326526,DoS attacks-SlowHTTPTest,DoS attacks-SlowHTTPTest,4,Fwd Seg Size Min|Flow Duration|Bwd Pkts/s|Flow IAT Max|Flow IAT Mean,Flow Duration|Flow IAT Mean,0.4,CWE Flag Count|Fwd Seg Size Min|Init Fwd Win Byts|Bwd Header Len|Flow Duration,Flow Duration,0.2
326818,DoS attacks-Slowloris,DoS attacks-Slowloris,4,Bwd IAT Max|Fwd Seg Size Min|Bwd IAT Tot|Idle Max|Init Bwd Win Byts,,0.0,Fwd PSH Flags|SYN Flag Cnt|Fwd Seg Size Min|FIN Flag Cnt|Active Mean,,0.0
326858,Benign,Benign,4,Fwd Pkt Len Max|Dst Port|Fwd IAT Std|Fwd Seg Size Min|RST Flag Cnt,Dst Port,0.2,FIN Flag Cnt|CWE Flag Count|Tot Fwd Pkts|Flow Duration|Fwd Header Len,Flow Duration,0.2
326905,FTP-BruteForce,FTP-BruteForce,4,Fwd Seg Size Min|Flow IAT Min|Flow Pkts/s|Flow IAT Max|Flow Duration,Flow IAT Min,0.2,Fwd Seg Size Min|Init Fwd Win Byts|Flow IAT Min|Fwd Pkts/s|Flow IAT Mean,Flow IAT Min,0.2
328165,DoS attacks-Slowloris,DoS attacks-Slowloris,4,Fwd Seg Size Min|Fwd IAT Std|Dst Port|Init Fwd Win Byts|Pkt Size Avg,,0.0,Fwd Seg Size Min|Idle Std|SYN Flag Cnt|Fwd IAT Std|FIN Flag Cnt,,0.0
328754,Infilteration,Infilteration,6,Fwd Header Len|Fwd Seg Size Min|PSH Flag Cnt|Dst Port|Bwd Pkts/s,Dst Port,0.2,Fwd URG Flags|CWE Flag Count|FIN Flag Cnt|Fwd Pkt Len Mean|RST Flag Cnt,,0.0
328840,Benign,Benign,4,Fwd Pkt Len Max|Fwd IAT Tot|Init Fwd Win Byts|Dst Port|RST Flag Cnt,Dst Port,0.2,FIN Flag Cnt|Tot Fwd Pkts|RST Flag Cnt|CWE Flag Count|Dst Port,Dst Port,0.2
329146,SSH-Bruteforce,SSH-Bruteforce,4,Dst Port|Bwd Header Len|Bwd Pkts/s|Fwd Seg Size Min|Init Bwd Win Byts,Dst Port,0.2,Dst Port|Init Bwd Win Byts|Bwd Pkts/s|Fwd URG Flags|Active Std,Dst Port,0.2
329442,SSH-Bruteforce,SSH-Bruteforce,4,Dst Port|Fwd Act Data Pkts|Fwd Seg Size Min|Init Bwd Win Byts|Flow IAT Min,Dst Port|Flow IAT Min,0.4,Dst Port|Init Bwd Win Byts|Fwd Act Data Pkts|Init Fwd Win Byts|Flow IAT Mean,Dst Port,0.2
329485,DoS attacks-GoldenEye,DoS attacks-GoldenEye,4,Fwd Seg Size Min|Bwd Pkt Len Std|Flow IAT Mean|Bwd IAT Std|Fwd Pkt Len Max,,0.0,Fwd Seg Size Min|Bwd Pkt Len Std|Fwd PSH Flags|Idle Min|Subflow Fwd Byts,,0.0
329947,SSH-Bruteforce,SSH-Bruteforce,4,Dst Port|Bwd Header Len|Bwd Pkts/s|Fwd Seg Size Min|Init Bwd Win Byts,Dst Port,0.2,Dst Port|Init Bwd Win Byts|URG Flag Cnt|Bwd Pkts/s|Fwd Act Data Pkts,Dst Port,0.2
330383,Bot,Bot,5,Dst Port|RST Flag Cnt|TotLen Fwd Pkts|Fwd Act Data Pkts|Protocol,Dst Port,0.2,RST Flag Cnt|Dst Port|Bwd IAT Min|Protocol|Bwd IAT Max,Dst Port,0.2
331386,DoS attacks-GoldenEye,DoS attacks-GoldenEye,4,Fwd Seg Size Min|Flow Byts/s|Bwd IAT Std|Bwd Pkt Len Std|Flow IAT Mean,,0.0,Fwd Seg Size Min|CWE Flag Count|Bwd Pkt Len Std|Fwd PSH Flags|Flow Byts/s,,0.0
331439,DDoS attacks-LOIC-HTTP,DDoS attacks-LOIC-HTTP,5,Init Fwd Win Byts|Fwd IAT Std|Fwd Pkts/s|Flow IAT Min|Flow IAT Max,Fwd Pkts/s|Flow IAT Min,0.4,Fwd Pkts/s|Fwd IAT Std|Flow IAT Min|Dst Port|Tot Fwd Pkts,Fwd Pkts/s|Flow IAT Min|Dst Port,0.6
331547,DDoS attacks-LOIC-HTTP,DDoS attacks-LOIC-HTTP,5,Init Fwd Win Byts|Fwd IAT Std|Fwd Pkts/s|Flow IAT Min|Flow IAT Max,Fwd Pkts/s|Flow IAT Min,0.4,FIN Flag Cnt|Fwd Pkts/s|Fwd IAT Std|Flow Duration|CWE Flag Count,Fwd Pkts/s,0.2
332391,DoS attacks-GoldenEye,DoS attacks-GoldenEye,4,Fwd Seg Size Min|Flow IAT Min|Init Fwd Win Byts|Flow IAT Mean|Dst Port,Init Fwd Win Byts|Dst Port,0.4,Fwd Seg Size Min|Flow IAT Min|SYN Flag Cnt|Active Max|Bwd Pkt Len Std,,0.0
332458,DDOS attack-LOIC-UDP,DDOS attack-LOIC-UDP,5,Tot Fwd Pkts|Fwd IAT Tot|Fwd Act Data Pkts|Flow Pkts/s|Flow IAT Std,Flow Pkts/s,0.2,Tot Fwd Pkts|Fwd Act Data Pkts|Fwd Header Len|Flow Duration|Fwd PSH Flags,Flow Duration,0.2
332537,FTP-BruteForce,FTP-BruteForce,4,Fwd Seg Size Min|Flow Pkts/s|Flow IAT Max|Flow Duration|Flow IAT Min,Flow IAT Min,0.2,Fwd Seg Size Min|Init Fwd Win Byts|Init Bwd Win Byts|Bwd Header Len|Flow Duration,,0.0
332562,DDOS attack-HOIC,DDOS attack-HOIC,5,Init Fwd Win Byts|Dst Port|Tot Bwd Pkts|Fwd IAT Tot|Flow IAT Max,,0.0,FIN Flag Cnt|Init Fwd Win Byts|CWE Flag Count|Dst Port|Flow IAT Max,,0.0
333222,Benign,Benign,4,Fwd Pkt Len Max|Fwd IAT Tot|Init Fwd Win Byts|Dst Port|ECE Flag Cnt,Dst Port,0.2,FIN Flag Cnt|Tot Fwd Pkts|Fwd Act Data Pkts|RST Flag Cnt|Dst Port,Dst Port,0.2
333648,DDoS attacks-LOIC-HTTP,DDoS attacks-LOIC-HTTP,5,Init Fwd Win Byts|Fwd IAT Std|Fwd Pkts/s|Flow IAT Min|Flow IAT Max,Fwd Pkts/s|Flow IAT Min,0.4,FIN Flag Cnt|Flow Duration|Tot Fwd Pkts|Fwd Pkts/s|Fwd IAT Std,Fwd Pkts/s,0.2
335584,DoS attacks-GoldenEye,DoS attacks-GoldenEye,4,Fwd Seg Size Min|Bwd Pkt Len Std|Bwd IAT Std|Flow IAT Mean|Flow Byts/s,,0.0,Fwd Seg Size Min|Bwd Pkt Len Std|Dst Port|Fwd Pkt Len Std|FIN Flag Cnt,Dst Port,0.2
336241,DoS attacks-SlowHTTPTest,DoS attacks-SlowHTTPTest,4,Fwd Seg Size Min|Flow Duration|Bwd Pkts/s|Flow IAT Max|Flow IAT Mean,Flow Duration|Flow IAT Mean,0.4,Fwd Seg Size Min|Init Fwd Win Byts|Flow IAT Mean|Bwd Header Len|Dst Port,Flow IAT Mean,0.2
336566,Bot,Bot,5,Dst Port|RST Flag Cnt|TotLen Fwd Pkts|Fwd Act Data Pkts|Protocol,Dst Port,0.2,RST Flag Cnt|Dst Port|URG Flag Cnt|Flow Duration|Flow IAT Std,Dst Port,0.2
338824,Brute Force -XSS,Brute Force -XSS,6,Init Fwd Win Byts|Fwd Pkts/s|Dst Port|Flow IAT Mean|Flow IAT Max,Dst Port,0.2,Fwd URG Flags|Fwd IAT Mean|Dst Port|Flow Duration|Fwd Pkts/s,Dst Port,0.2
339667,Brute Force -Web,Brute Force -Web,4,Init Fwd Win Byts|Fwd Pkts/s|Dst Port|Bwd Pkts/s|Fwd IAT Min,Dst Port,0.2,RST Flag Cnt|Fwd IAT Max|Init Fwd Win Byts|Flow IAT Max|FIN Flag Cnt,,0.0
339672,Bot,Bot,5,Dst Port|RST Flag Cnt|TotLen Fwd Pkts|Fwd Act Data Pkts|Protocol,Dst Port,0.2,Dst Port|RST Flag Cnt|Flow Duration|CWE Flag Count|Fwd Pkt Len Std,Dst Port,0.2
340658,DoS attacks-Slowloris,DoS attacks-Slowloris,4,Bwd IAT Max|Fwd Seg Size Min|Bwd IAT Tot|Bwd IAT Mean|Init Fwd Win Byts,,0.0,Fwd Seg Size Min|Active Std|Idle Std|Active Mean|Active Max,,0.0
340972,DoS attacks-GoldenEye,DoS attacks-GoldenEye,4,Fwd Seg Size Min|Bwd Pkt Len Std|Flow IAT Mean|Bwd IAT Std|Fwd Pkt Len Max,,0.0,Fwd Seg Size Min|Fwd PSH Flags|Active Min|Fwd Pkt Len Max|Tot Fwd Pkts,,0.0
342541,Bot,Bot,5,Dst Port|Fwd Act Data Pkts|RST Flag Cnt|Protocol|Tot Fwd Pkts,Dst Port,0.2,Dst Port|RST Flag Cnt|Bwd IAT Min|FIN Flag Cnt|Idle Min,Dst Port,0.2
343740,DoS attacks-Hulk,DoS attacks-Hulk,4,Fwd Seg Size Min|Tot Bwd Pkts|Init Fwd Win Byts|Fwd Pkt Len Max|Fwd IAT Min,,0.0,FIN Flag Cnt|Fwd Seg Size Min|Dst Port|Pkt Len Var|URG Flag Cnt,Dst Port,0.2
344079,DoS attacks-GoldenEye,DoS attacks-GoldenEye,4,Fwd Seg Size Min|Bwd Pkt Len Std|Bwd Pkt Len Mean|Bwd IAT Std|Flow Byts/s,,0.0,Fwd Seg Size Min|Bwd Pkt Len Std|Fwd PSH Flags|Idle Std|Init Bwd Win Byts,,0.0
344525,DoS attacks-SlowHTTPTest,DoS attacks-SlowHTTPTest,4,Fwd Seg Size Min|Flow IAT Max|Flow Duration|Flow IAT Min|Dst Port,Flow Duration,0.2,Fwd Seg Size Min|CWE Flag Count|Init Fwd Win Byts|Bwd Header Len|Flow IAT Max,,0.0
344533,DoS attacks-Hulk,DoS attacks-Hulk,4,Fwd Seg Size Min|Tot Bwd Pkts|Init Fwd Win Byts|Fwd Pkt Len Max|Fwd IAT Min,,0.0,FIN Flag Cnt|Fwd Seg Size Min|Subflow Fwd Pkts|Subflow Bwd Byts|Dst Port,Dst Port,0.2
344633,Bot,Bot,5,Dst Port|Fwd Act Data Pkts|RST Flag Cnt|Protocol|Tot Fwd Pkts,Dst Port,0.2,Fwd URG Flags|CWE Flag Count|Dst Port|RST Flag Cnt|FIN Flag Cnt,Dst Port,0.2
345186,DDOS attack-HOIC,DDOS attack-HOIC,5,Init Fwd Win Byts|Dst Port|Tot Bwd Pkts|Fwd IAT Tot|Flow Duration,,0.0,Init Fwd Win Byts|CWE Flag Count|Dst Port|Subflow Bwd Pkts|Bwd IAT Std,,0.0
346512,Brute Force -XSS,Brute Force -XSS,6,Init Fwd Win Byts|Fwd Pkts/s|Dst Port|Bwd Pkts/s|Flow Duration,Dst Port,0.2,Fwd IAT Min|Fwd IAT Std|CWE Flag Count|Flow IAT Max|Flow IAT Std,,0.0
348298,FTP-BruteForce,FTP-BruteForce,4,Fwd Seg Size Min|Flow Pkts/s|Flow IAT Max|Flow IAT Min|Flow IAT Mean,Flow IAT Min,0.2,Fwd Seg Size Min|Fwd URG Flags|Init Fwd Win Byts|Bwd Header Len|Fwd Header Len,,0.0
348721,Benign,Benign,4,Fwd IAT Tot|RST Flag Cnt|Dst Port|ECE Flag Cnt|Fwd Pkt Len Max,Dst Port,0.2,Tot Fwd Pkts|FIN Flag Cnt|CWE Flag Count|Fwd Act Data Pkts|Flow Duration,Flow Duration,0.2
348766,DoS attacks-Hulk,DoS attacks-Hulk,4,Fwd Seg Size Min|Tot Bwd Pkts|Init Fwd Win Byts|Fwd Pkt Len Max|Fwd IAT Min,,0.0,FIN Flag Cnt|Fwd Seg Size Min|Fwd URG Flags|Dst Port|Bwd Pkt Len Mean,Dst Port,0.2
349906,Brute Force -Web,Brute Force -Web,4,Fwd Pkt Len Mean|Fwd Pkt Len Max|Dst Port|Bwd Pkts/s|Fwd Pkt Len Std,Dst Port,0.2,Active Std|Init Bwd Win Byts|TotLen Bwd Pkts|Fwd Header Len|Fwd Seg Size Avg,Fwd Header Len,0.2
349945,Infilteration,Infilteration,6,Fwd Header Len|Fwd Seg Size Min|PSH Flag Cnt|Flow IAT Min|Dst Port,Flow IAT Min|Dst Port,0.4,Fwd URG Flags|RST Flag Cnt|CWE Flag Count|ECE Flag Cnt|Fwd Pkt Len Mean,,0.0
350502,Benign,Benign,4,Fwd Pkt Len Max|Dst Port|RST Flag Cnt|Fwd IAT Std|Flow IAT Min,Dst Port,0.2,Tot Fwd Pkts|FIN Flag Cnt|Fwd Act Data Pkts|Fwd Header Len|Dst Port,Dst Port,0.2
351629,DDoS attacks-LOIC-HTTP,DDoS attacks-LOIC-HTTP,5,Init Fwd Win Byts|Fwd IAT Std|Fwd Pkts/s|Flow IAT Min|Flow IAT Max,Fwd Pkts/s|Flow IAT Min,0.4,CWE Flag Count|Fwd Pkts/s|Fwd IAT Std|Flow Duration|Fwd IAT Tot,Fwd Pkts/s,0.2
352406,DoS attacks-SlowHTTPTest,DoS attacks-SlowHTTPTest,4,Fwd Seg Size Min|Flow Duration|Bwd Pkts/s|Flow IAT Max|Flow IAT Mean,Flow Duration|Flow IAT Mean,0.4,CWE Flag Count|Fwd Seg Size Min|Init Fwd Win Byts|Bwd Header Len|Fwd IAT Tot,,0.0
352421,DoS attacks-SlowHTTPTest,DoS attacks-SlowHTTPTest,4,Fwd Seg Size Min|Flow IAT Max|Flow Duration|Bwd Pkts/s|Flow IAT Min,Flow Duration,0.2,Fwd Seg Size Min|Init Fwd Win Byts|Fwd IAT Tot|Bwd Header Len|Bwd Pkts/s,,0.0
353051,Infilteration,Infilteration,6,Fwd Header Len|Fwd Seg Size Min|PSH Flag Cnt|Dst Port|Fwd Pkt Len Max,Dst Port,0.2,Idle Max|RST Flag Cnt|ECE Flag Cnt|CWE Flag Count|Fwd Pkt Len Mean,,0.0
353305,DDOS attack-HOIC,DDOS attack-HOIC,5,Init Fwd Win Byts|Dst Port|Tot Bwd Pkts|Fwd IAT Tot|Flow IAT Max,,0.0,Init Fwd Win Byts|Dst Port|Fwd PSH Flags|Fwd Header Len|FIN Flag Cnt,,0.0
353346,DoS attacks-Slowloris,DoS attacks-Slowloris,4,Bwd IAT Max|Fwd Seg Size Min|Bwd IAT Tot|Bwd IAT Mean|Init Fwd Win Byts,,0.0,FIN Flag Cnt|Fwd Seg Size Min|Active Std|Idle Std|Active Max,,0.0
353691,DoS attacks-GoldenEye,DoS attacks-GoldenEye,4,Fwd Seg Size Min|Flow Byts/s|Flow IAT Mean|Bwd IAT Std|TotLen Bwd Pkts,,0.0,Fwd Seg Size Min|FIN Flag Cnt|Bwd Pkt Len Std|URG Flag Cnt|Fwd PSH Flags,,0.0
353766,DoS attacks-SlowHTTPTest,DoS attacks-SlowHTTPTest,4,Fwd Seg Size Min|Flow IAT Max|Flow Duration|Bwd Pkts/s|Flow IAT Min,Flow Duration,0.2,Fwd Seg Size Min|Init Fwd Win Byts|Init Bwd Win Byts|Fwd IAT Tot|Flow IAT Min,,0.0
354580,DDoS attacks-LOIC-HTTP,DDoS attacks-LOIC-HTTP,5,Init Fwd Win Byts|Fwd IAT Std|Fwd Pkts/s|Flow IAT Min|Flow IAT Max,Fwd Pkts/s|Flow IAT Min,0.4,Fwd URG Flags|Fwd Pkts/s|Fwd IAT Std|Flow Duration|ECE Flag Cnt,Fwd Pkts/s,0.2
354905,DDoS attacks-LOIC-HTTP,DDoS attacks-LOIC-HTTP,5,Init Fwd Win Byts|Fwd IAT Std|Fwd Pkts/s|Flow IAT Min|Flow IAT Max,Fwd Pkts/s|Flow IAT Min,0.4,Fwd Pkts/s|Flow Duration|Fwd IAT Std|Flow IAT Min|Fwd IAT Tot,Fwd Pkts/s|Flow IAT Min,0.4
356751,Brute Force -Web,Brute Force -Web,4,Fwd Pkt Len Std|Pkt Len Mean|Dst Port|Bwd Pkts/s|TotLen Fwd Pkts,Dst Port,0.2,RST Flag Cnt|Fwd Pkt Len Std|Fwd Pkt Len Mean|ECE Flag Cnt|Bwd Pkt Len Max,,0.0
356787,DoS attacks-GoldenEye,DoS attacks-GoldenEye,4,Fwd Seg Size Min|Bwd Pkt Len Std|Bwd Pkt Len Mean|Flow IAT Mean|Fwd IAT Max,,0.0,Fwd Seg Size Min|FIN Flag Cnt|Fwd PSH Flags|CWE Flag Count|Bwd Pkt Len Std,,0.0
358097,SQL Injection,SQL Injection,5,Flow IAT Std|Fwd Pkt Len Std|Flow Duration|Dst Port|Flow IAT Min,Flow Duration|Dst Port,0.4,Bwd IAT Std|Bwd Pkt Len Std|Flow Byts/s|Bwd IAT Max|Bwd IAT Tot,,0.0
359145,DoS attacks-SlowHTTPTest,DoS attacks-SlowHTTPTest,4,Fwd Seg Size Min|Flow Duration|Bwd Pkts/s|Flow IAT Max|Flow IAT Mean,Flow Duration|Flow IAT Mean,0.4,Fwd Seg Size Min|Init Fwd Win Byts|CWE Flag Count|Fwd IAT Mean|Fwd IAT Min,,0.0
359537,Benign,Benign,4,Fwd Pkt Len Max|Fwd IAT Tot|Init Fwd Win Byts|Dst Port|RST Flag Cnt,Dst Port,0.2,FIN Flag Cnt|Tot Fwd Pkts|CWE Flag Count|Fwd Act Data Pkts|Dst Port,Dst Port,0.2
361156,DDOS attack-HOIC,DDOS attack-HOIC,5,Init Fwd Win Byts|Dst Port|Tot Bwd Pkts|Fwd IAT Tot|Flow Pkts/s,Flow Pkts/s,0.2,Init Fwd Win Byts|Dst Port|CWE Flag Count|Bwd IAT Mean|Idle Std,,0.0
361519,DDOS attack-LOIC-UDP,DDOS attack-LOIC-UDP,5,Tot Fwd Pkts|Fwd IAT Tot|Fwd Act Data Pkts|Fwd Pkts/s|Fwd Header Len,,0.0,Tot Fwd Pkts|Fwd Act Data Pkts|Fwd Header Len|Flow Duration|FIN Flag Cnt,Flow Duration,0.2
362368,DoS attacks-GoldenEye,DoS attacks-GoldenEye,4,Fwd Seg Size Min|Flow IAT Min|Init Fwd Win Byts|Flow IAT Mean|Dst Port,Init Fwd Win Byts|Dst Port,0.4,Fwd Seg Size Min|Fwd PSH Flags|Flow IAT Min|Bwd Pkt Len Std|Dst Port,Dst Port,0.2
362492,Bot,Bot,5,Dst Port|RST Flag Cnt|TotLen Fwd Pkts|Fwd Act Data Pkts|Protocol,Dst Port,0.2,RST Flag Cnt|Dst Port|Fwd URG Flags|FIN Flag Cnt|Pkt Len Max,Dst Port,0.2
362851,DoS attacks-GoldenEye,DoS attacks-GoldenEye,4,Fwd Seg Size Min|Flow IAT Mean|Dst Port|TotLen Fwd Pkts|Fwd Pkt Len Max,Dst Port,0.2,Fwd Seg Size Min|URG Flag Cnt|Active Std|Dst Port|Fwd PSH Flags,Dst Port,0.2
363455,SSH-Bruteforce,SSH-Bruteforce,4,Dst Port|Fwd Act Data Pkts|Fwd Seg Size Min|Init Bwd Win Byts|Flow IAT Min,Dst Port|Flow IAT Min,0.4,CWE Flag Count|Dst Port|Init Bwd Win Byts|Fwd Seg Size Min|Fwd Act Data Pkts,Dst Port,0.2
363664,DoS attacks-Slowloris,DoS attacks-Slowloris,4,Bwd IAT Max|Fwd Seg Size Min|Bwd IAT Tot|Bwd IAT Mean|Init Fwd Win Byts,,0.0,Fwd Seg Size Min|Active Std|Idle Std|Active Mean|Active Min,,0.0
363688,DoS attacks-GoldenEye,DoS attacks-GoldenEye,4,Fwd Seg Size Min|Flow Byts/s|Flow IAT Mean|Bwd IAT Std|TotLen Bwd Pkts,,0.0,Fwd Seg Size Min|Bwd Pkt Len Std|Fwd Pkt Len Min|Bwd IAT Max|Flow IAT Mean,,0.0
363715,DDOS attack-LOIC-UDP,DDOS attack-LOIC-UDP,5,Tot Fwd Pkts|Fwd IAT Tot|Fwd Act Data Pkts|Flow IAT Min|Fwd Header Len,,0.0,Tot Fwd Pkts|Fwd Act Data Pkts|Fwd Header Len|Flow Duration|Fwd URG Flags,Flow Duration,0.2
364235,DDoS attacks-LOIC-HTTP,DDoS attacks-LOIC-HTTP,5,Bwd Pkt Len Std|Fwd Pkts/s|Fwd IAT Std|Fwd IAT Tot|Flow IAT Max,Fwd Pkts/s,0.2,Fwd IAT Tot|Fwd Pkts/s|Dst Port|CWE Flag Count|Fwd IAT Std,Fwd Pkts/s|Dst Port,0.4
364645,FTP-BruteForce,FTP-BruteForce,4,Fwd Seg Size Min|Flow Pkts/s|Flow IAT Max|Flow IAT Min|Flow IAT Mean,Flow IAT Min,0.2,Fwd Seg Size Min|Init Fwd Win Byts|Fwd Header Len|Bwd Pkts/s|Init Bwd Win Byts,,0.0
364927,SSH-Bruteforce,SSH-Bruteforce,4,Dst Port|Fwd Act Data Pkts|Fwd Seg Size Min|Init Bwd Win Byts|Flow IAT Min,Dst Port|Flow IAT Min,0.4,Dst Port|Init Bwd Win Byts|Fwd Act Data Pkts|Fwd Seg Size Min|Init Fwd Win Byts,Dst Port,0.2
365110,DDOS attack-LOIC-UDP,DDOS attack-LOIC-UDP,5,Tot Fwd Pkts|Fwd IAT Tot|Fwd Act Data Pkts|Flow Pkts/s|Flow Byts/s,Flow Pkts/s,0.2,Tot Fwd Pkts|Fwd Act Data Pkts|Fwd Header Len|Flow Duration|FIN Flag Cnt,Flow Duration,0.2
365136,Infilteration,Infilteration,6,Fwd Header Len|Fwd Seg Size Min|PSH Flag Cnt|Bwd Pkts/s|Fwd Pkt Len Max,,0.0,Fwd URG Flags|RST Flag Cnt|Idle Max|FIN Flag Cnt|Fwd Pkt Len Mean,,0.0
365833,Brute Force -Web,Brute Force -Web,4,Init Fwd Win Byts|Fwd Pkts/s|Dst Port|Bwd Pkts/s|Fwd IAT Min,Dst Port,0.2,CWE Flag Count|Flow IAT Max|Flow IAT Mean|Dst Port|RST Flag Cnt,Dst Port,0.2
366290,Brute Force -Web,Brute Force -Web,4,Init Fwd Win Byts|Fwd Pkts/s|Dst Port|Bwd Pkts/s|Fwd IAT Min,Dst Port,0.2,RST Flag Cnt|CWE Flag Count|FIN Flag Cnt|Bwd Pkts/s|Fwd IAT Max,,0.0
366662,FTP-BruteForce,FTP-BruteForce,4,Fwd Seg Size Min|Flow Pkts/s|Flow IAT Max|Flow IAT Mean|Flow IAT Min,Flow IAT Min,0.2,Fwd Seg Size Min|Init Fwd Win Byts|Init Bwd Win Byts|Fwd IAT Max|Fwd IAT Mean,,0.0
366663,DoS attacks-GoldenEye,DoS attacks-GoldenEye,4,Fwd Seg Size Min|Bwd Pkt Len Std|Flow IAT Mean|Bwd IAT Std|Fwd Pkt Len Max,,0.0,Fwd Seg Size Min|Idle Mean|Bwd Pkt Len Std|FIN Flag Cnt|Fwd PSH Flags,,0.0
367918,DoS attacks-Hulk,DoS attacks-Hulk,4,Fwd Seg Size Min|Tot Bwd Pkts|Init Fwd Win Byts|Fwd Pkt Len Max|Fwd IAT Min,,0.0,FIN Flag Cnt|Fwd Seg Size Min|Dst Port|Active Min|Fwd IAT Std,Dst Port,0.2
368211,SSH-Bruteforce,SSH-Bruteforce,4,Dst Port|Fwd Act Data Pkts|Fwd Seg Size Min|Init Bwd Win Byts|Flow IAT Min,Dst Port|Flow IAT Min,0.4,Dst Port|Init Bwd Win Byts|CWE Flag Count|Fwd Act Data Pkts|Init Fwd Win Byts,Dst Port,0.2
368802,Benign,Benign,4,Dst Port|Init Fwd Win Byts|Fwd Pkt Len Max|Tot Bwd Pkts|Fwd Pkt Len Std,Dst Port,0.2,FIN Flag Cnt|Tot Fwd Pkts|RST Flag Cnt|URG Flag Cnt|ECE Flag Cnt,,0.0
369335,DoS attacks-Slowloris,DoS attacks-Slowloris,4,Fwd Seg Size Min|Fwd IAT Std|Dst Port|Init Fwd Win Byts|Pkt Size Avg,,0.0,Fwd Seg Size Min|Flow IAT Mean|Dst Port|Fwd IAT Tot|Flow Duration,Flow IAT Mean|Flow Duration,0.4
369453,FTP-BruteForce,FTP-BruteForce,4,Fwd Seg Size Min|Flow Pkts/s|Flow IAT Max|Flow IAT Min|Flow IAT Mean,Flow IAT Min,0.2,Fwd Seg Size Min|CWE Flag Count|Init Fwd Win Byts|Init Bwd Win Byts|Flow Duration,,0.0
369740,FTP-BruteForce,FTP-BruteForce,4,Fwd Seg Size Min|Flow Pkts/s|Flow IAT Max|Flow IAT Min|Flow IAT Mean,Flow IAT Min,0.2,Fwd Seg Size Min|Fwd URG Flags|Init Fwd Win Byts|Subflow Bwd Pkts|Flow IAT Max,,0.0
369784,DoS attacks-Hulk,DoS attacks-Hulk,4,Fwd Seg Size Min|Tot Bwd Pkts|Init Fwd Win Byts|Fwd Pkt Len Max|Fwd IAT Min,,0.0,FIN Flag Cnt|Fwd Seg Size Min|Fwd PSH Flags|Dst Port|URG Flag Cnt,Dst Port,0.2
369975,SSH-Bruteforce,SSH-Bruteforce,4,Dst Port|Fwd Act Data Pkts|Fwd Seg Size Min|Init Bwd Win Byts|Flow IAT Min,Dst Port|Flow IAT Min,0.4,Dst Port|Init Bwd Win Byts|Fwd Act Data Pkts|Flow IAT Mean|Flow Duration,Dst Port,0.2
370271,DoS attacks-Hulk,DoS attacks-Hulk,4,Fwd Seg Size Min|Tot Bwd Pkts|Init Fwd Win Byts|Fwd Pkt Len Max|Fwd IAT Min,,0.0,FIN Flag Cnt|Fwd Seg Size Min|CWE Flag Count|Fwd PSH Flags|Tot Bwd Pkts,,0.0
371195,DDOS attack-HOIC,DDOS attack-HOIC,5,Init Fwd Win Byts|Dst Port|Tot Bwd Pkts|Fwd IAT Tot|Flow Duration,,0.0,Init Fwd Win Byts|Dst Port|CWE Flag Count|Fwd PSH Flags|Fwd URG Flags,,0.0
371468,DDOS attack-HOIC,DDOS attack-HOIC,5,Init Fwd Win Byts|Dst Port|Tot Bwd Pkts|Fwd IAT Tot|Flow IAT Max,,0.0,Init Fwd Win Byts|Dst Port|FIN Flag Cnt|Flow IAT Max|Active Min,,0.0
372674,DoS attacks-Slowloris,DoS attacks-Slowloris,4,Bwd IAT Max|Fwd Seg Size Min|Bwd IAT Tot|Init Fwd Win Byts|Bwd IAT Mean,,0.0,FIN Flag Cnt|Fwd Seg Size Min|Active Std|Active Min|Idle Std,,0.0
374398,Brute Force -XSS,Brute Force -XSS,6,Init Fwd Win Byts|Fwd Pkts/s|Dst Port|Bwd Pkts/s|Flow Duration,Dst Port,0.2,CWE Flag Count|Fwd IAT Std|Fwd IAT Tot|Flow IAT Min|Flow IAT Max,,0.0
375348,DDoS attacks-LOIC-HTTP,DDoS attacks-LOIC-HTTP,5,Init Fwd Win Byts|Fwd IAT Std|Fwd Pkts/s|Flow IAT Min|Flow IAT Max,Fwd Pkts/s|Flow IAT Min,0.4,FIN Flag Cnt|Fwd URG Flags|Fwd Pkts/s|Fwd IAT Std|Flow IAT Min,Fwd Pkts/s|Flow IAT Min,0.4
375398,DDOS attack-HOIC,DDOS attack-HOIC,5,Init Fwd Win Byts|Dst Port|Tot Bwd Pkts|Fwd IAT Tot|Flow Duration,,0.0,Init Fwd Win Byts|Dst Port|CWE Flag Count|Flow IAT Max|Flow IAT Mean,Flow IAT Mean,0.2
376321,DoS attacks-GoldenEye,DoS attacks-GoldenEye,4,Fwd Seg Size Min|Flow IAT Min|Flow IAT Mean|Init Fwd Win Byts|Dst Port,Init Fwd Win Byts|Dst Port,0.4,Fwd Seg Size Min|SYN Flag Cnt|Flow IAT Min|FIN Flag Cnt|Dst Port,Dst Port,0.2
376345,DoS attacks-Hulk,DoS attacks-Hulk,4,Fwd Seg Size Min|Tot Bwd Pkts|Init Fwd Win Byts|Fwd Pkt Len Max|Fwd IAT Min,,0.0,FIN Flag Cnt|Fwd Seg Size Min|Dst Port|Idle Std|Idle Max,Dst Port,0.2
376563,DDoS attacks-LOIC-HTTP,DDoS attacks-LOIC-HTTP,5,Init Fwd Win Byts|Fwd IAT Std|Fwd Pkts/s|Flow IAT Min|Flow IAT Max,Fwd Pkts/s|Flow IAT Min,0.4,Fwd Pkts/s|FIN Flag Cnt|Fwd IAT Std|Flow Byts/s|Fwd Pkt Len Max,Fwd Pkts/s,0.2
376618,Bot,Bot,5,Dst Port|RST Flag Cnt|TotLen Fwd Pkts|Fwd Act Data Pkts|Protocol,Dst Port,0.2,Dst Port|RST Flag Cnt|Bwd Seg Size Avg|ECE Flag Cnt|Active Max,Dst Port,0.2
376680,DoS attacks-SlowHTTPTest,DoS attacks-SlowHTTPTest,4,Fwd Seg Size Min|Flow Duration|Bwd Pkts/s|Flow IAT Max|Flow IAT Mean,Flow Duration|Flow IAT Mean,0.4,Fwd Seg Size Min|Init Fwd Win Byts|Bwd Pkts/s|Flow Pkts/s|Fwd Header Len,Flow Pkts/s,0.2
376910,DDOS attack-LOIC-UDP,DDOS attack-LOIC-UDP,5,Tot Fwd Pkts|Fwd Header Len|Fwd Act Data Pkts|Flow Duration|Flow IAT Min,Flow Duration,0.2,Tot Fwd Pkts|Fwd Act Data Pkts|Flow Duration|Fwd Header Len|FIN Flag Cnt,Flow Duration,0.2
377236,Bot,Bot,5,Dst Port|RST Flag Cnt|TotLen Fwd Pkts|Fwd Act Data Pkts|Protocol,Dst Port,0.2,RST Flag Cnt|Dst Port|Idle Std|Bwd Seg Size Avg|CWE Flag Count,Dst Port,0.2
377864,DDoS attacks-LOIC-HTTP,DDoS attacks-LOIC-HTTP,5,Init Fwd Win Byts|Fwd IAT Std|Fwd Pkts/s|Flow IAT Min|Flow IAT Max,Fwd Pkts/s|Flow IAT Min,0.4,Fwd Pkts/s|Fwd IAT Std|FIN Flag Cnt|Flow IAT Min|Dst Port,Fwd Pkts/s|Flow IAT Min|Dst Port,0.6
378164,DDOS attack-HOIC,DDOS attack-HOIC,5,Init Fwd Win Byts|Dst Port|Tot Bwd Pkts|Fwd IAT Tot|Flow IAT Max,,0.0,Init Fwd Win Byts|Dst Port|Fwd URG Flags|Flow IAT Mean|Fwd PSH Flags,Flow IAT Mean,0.2
378382,Bot,Bot,5,Dst Port|Fwd Act Data Pkts|RST Flag Cnt|Protocol|Tot Fwd Pkts,Dst Port,0.2,Dst Port|RST Flag Cnt|FIN Flag Cnt|Bwd IAT Min|SYN Flag Cnt,Dst Port,0.2
378868,DDOS attack-LOIC-UDP,DDOS attack-LOIC-UDP,5,Tot Fwd Pkts|Fwd IAT Tot|Fwd Act Data Pkts|Flow Duration|Flow IAT Min,Flow Duration,0.2,Tot Fwd Pkts|Fwd Act Data Pkts|Fwd Header Len|Flow Duration|FIN Flag Cnt,Flow Duration,0.2
379134,DDoS attacks-LOIC-HTTP,DDoS attacks-LOIC-HTTP,5,Fwd Pkts/s|Bwd Pkt Len Std|Fwd IAT Std|Fwd IAT Tot|Flow IAT Max,Fwd Pkts/s,0.2,Bwd Pkt Len Std|Fwd Pkts/s|Fwd IAT Tot|FIN Flag Cnt|Flow Byts/s,Fwd Pkts/s,0.2
379323,DDOS attack-LOIC-UDP,DDOS attack-LOIC-UDP,5,Tot Fwd Pkts|Fwd IAT Tot|Fwd Act Data Pkts|Flow IAT Min|Fwd Header Len,,0.0,Tot Fwd Pkts|Fwd Act Data Pkts|Fwd Header Len|Flow Duration|FIN Flag Cnt,Flow Duration,0.2
379791,SQL Injection,SQL Injection,5,Init Fwd Win Byts|Fwd Pkts/s|Dst Port|Flow IAT Min|Fwd IAT Min,Dst Port,0.2,Fwd IAT Tot|Flow Pkts/s|Flow IAT Max|Fwd Header Len|Flow Duration,Fwd Header Len|Flow Duration,0.4
380253,Bot,Bot,5,Dst Port|RST Flag Cnt|TotLen Fwd Pkts|Fwd Act Data Pkts|Protocol,Dst Port,0.2,Dst Port|RST Flag Cnt|Bwd Seg Size Avg|Active Std|Protocol,Dst Port,0.2
381870,DoS attacks-Hulk,DoS attacks-Hulk,4,Fwd Seg Size Min|Tot Bwd Pkts|Init Fwd Win Byts|Fwd Pkt Len Max|Fwd IAT Min,,0.0,FIN Flag Cnt|Fwd Seg Size Min|SYN Flag Cnt|Dst Port|Tot Bwd Pkts,Dst Port,0.2
382053,Benign,Benign,4,Flow Duration|Fwd Pkt Len Max|Fwd Pkt Len Mean|Idle Max|Fwd IAT Std,Flow Duration,0.2,FIN Flag Cnt|CWE Flag Count|Fwd URG Flags|Tot Fwd Pkts|Flow Duration,Flow Duration,0.2
382638,DDoS attacks-LOIC-HTTP,DDoS attacks-LOIC-HTTP,5,Init Fwd Win Byts|Fwd IAT Std|Fwd Pkts/s|Flow IAT Min|Flow IAT Max,Fwd Pkts/s|Flow IAT Min,0.4,Fwd Pkts/s|Fwd IAT Std|FIN Flag Cnt|Flow IAT Min|URG Flag Cnt,Fwd Pkts/s|Flow IAT Min,0.4
382654,DoS attacks-Slowloris,DoS attacks-Slowloris,4,Bwd IAT Max|Fwd Seg Size Min|Bwd IAT Tot|Bwd IAT Mean|Init Fwd Win Byts,,0.0,FIN Flag Cnt|Active Std|Fwd Seg Size Min|Active Max|Idle Std,,0.0
382878,Benign,Benign,4,Init Bwd Win Byts|Fwd Pkt Len Max|Dst Port|Fwd Act Data Pkts|Fwd IAT Std,Dst Port,0.2,Tot Fwd Pkts|FIN Flag Cnt|Fwd Act Data Pkts|Fwd URG Flags|CWE Flag Count,,0.0
383016,FTP-BruteForce,FTP-BruteForce,4,Fwd Seg Size Min|Flow Pkts/s|Flow IAT Max|Flow IAT Min|Flow IAT Mean,Flow IAT Min,0.2,Fwd Seg Size Min|Init Fwd Win Byts|Init Bwd Win Byts|Bwd Pkts/s|Flow Pkts/s,,0.0
383599,Brute Force -Web,Brute Force -Web,4,Fwd Pkt Len Mean|Fwd Pkt Len Max|Dst Port|Bwd Pkts/s|Fwd Pkt Len Std,Dst Port,0.2,Fwd Pkt Len Std|RST Flag Cnt|Bwd IAT Std|Pkt Size Avg|Flow Duration,,0.0
384388,FTP-BruteForce,FTP-BruteForce,4,Fwd Seg Size Min|Flow IAT Min|Flow Pkts/s|Flow IAT Max|Flow Duration,Flow IAT Min,0.2,Fwd Seg Size Min|Init Fwd Win Byts|Bwd Header Len|Fwd Pkts/s|Fwd Header Len,,0.0
384785,Bot,Bot,5,Dst Port|Fwd Act Data Pkts|RST Flag Cnt|Protocol|Tot Fwd Pkts,Dst Port,0.2,Dst Port|RST Flag Cnt|Bwd IAT Min|Active Min|Fwd URG Flags,Dst Port,0.2
385328,DoS attacks-SlowHTTPTest,DoS attacks-SlowHTTPTest,4,Fwd Seg Size Min|Flow IAT Max|Flow Duration|Flow IAT Min|Flow Pkts/s,Flow Duration|Flow Pkts/s,0.4,Fwd Seg Size Min|CWE Flag Count|Init Fwd Win Byts|Fwd URG Flags|FIN Flag Cnt,,0.0
385336,Brute Force -Web,Brute Force -Web,4,Fwd Pkt Len Mean|Fwd Pkt Len Max|Dst Port|Bwd Pkts/s|Fwd Pkt Len Std,Dst Port,0.2,Fwd Pkt Len Std|Fwd URG Flags|CWE Flag Count|Bwd IAT Min|RST Flag Cnt,,0.0
385602,DoS attacks-Slowloris,DoS attacks-Slowloris,4,Fwd Seg Size Min|Bwd IAT Mean|Init Bwd Win Byts|Dst Port|Init Fwd Win Byts,,0.0,FIN Flag Cnt|Fwd Seg Size Min|Active Min|Pkt Size Avg|Active Mean,,0.0
385617,DoS attacks-Slowloris,DoS attacks-Slowloris,4,Fwd Seg Size Min|Fwd IAT Std|Dst Port|Init Fwd Win Byts|Pkt Size Avg,,0.0,Fwd Seg Size Min|Fwd PSH Flags|FIN Flag Cnt|Idle Std|Dst Port,,0.0
385798,Bot,Bot,5,Dst Port|Fwd Act Data Pkts|RST Flag Cnt|Protocol|Tot Fwd Pkts,Dst Port,0.2,CWE Flag Count|Dst Port|RST Flag Cnt|Bwd IAT Min|Fwd PSH Flags,Dst Port,0.2
385932,DoS attacks-Hulk,DoS attacks-Hulk,4,Fwd Seg Size Min|Tot Bwd Pkts|Init Fwd Win Byts|Fwd Pkt Len Max|Fwd IAT Min,,0.0,FIN Flag Cnt|Fwd Seg Size Min|Dst Port|Subflow Bwd Pkts|Active Min,Dst Port,0.2
385934,DoS attacks-Slowloris,DoS attacks-Slowloris,4,Fwd Seg Size Min|Fwd IAT Std|Dst Port|Init Fwd Win Byts|Pkt Size Avg,,0.0,Fwd Seg Size Min|Fwd PSH Flags|Dst Port|Bwd Seg Size Avg|Fwd IAT Max,,0.0
386217,DDOS attack-LOIC-UDP,DDOS attack-LOIC-UDP,5,Tot Fwd Pkts|Fwd IAT Tot|Fwd Act Data Pkts|Flow IAT Max|Flow IAT Std,,0.0,Tot Fwd Pkts|Fwd Act Data Pkts|Fwd Header Len|FIN Flag Cnt|Flow Duration,Flow Duration,0.2
387260,DoS attacks-SlowHTTPTest,DoS attacks-SlowHTTPTest,4,Fwd Seg Size Min|Flow IAT Max|Flow Duration|Flow IAT Min|Dst Port,Flow Duration,0.2,Fwd Seg Size Min|Init Fwd Win Byts|Fwd Header Len|Fwd Pkts/s|Bwd Pkts/s,,0.0
387556,Brute Force -Web,Brute Force -Web,4,Init Fwd Win Byts|Dst Port|Bwd Pkts/s|Flow Pkts/s|Flow Byts/s,Dst Port|Flow Pkts/s,0.4,Dst Port|Flow Duration|CWE Flag Count|Fwd IAT Min|Fwd IAT Mean,Dst Port,0.2
388408,Benign,Benign,4,Dst Port|Fwd Pkt Len Max|Fwd IAT Std|Fwd Pkt Len Mean|Flow IAT Min,Dst Port,0.2,FIN Flag Cnt|CWE Flag Count|Tot Fwd Pkts|RST Flag Cnt|URG Flag Cnt,,0.0
389350,FTP-BruteForce,FTP-BruteForce,4,Fwd Seg Size Min|Flow Pkts/s|Flow IAT Max|Flow Duration|Flow IAT Min,Flow IAT Min,0.2,Fwd Seg Size Min|Init Fwd Win Byts|Init Bwd Win Byts|FIN Flag Cnt|Bwd Pkts/s,,0.0
389415,Infilteration,Infilteration,6,Fwd Header Len|Fwd Seg Size Min|PSH Flag Cnt|Dst Port|Fwd Pkt Len Max,Dst Port,0.2,Fwd URG Flags|RST Flag Cnt|Fwd Pkt Len Mean|CWE Flag Count|ECE Flag Cnt,,0.0
390091,DoS attacks-Hulk,DoS attacks-Hulk,4,Fwd Seg Size Min|Tot Bwd Pkts|Init Fwd Win Byts|Fwd Pkt Len Max|Fwd IAT Min,,0.0,FIN Flag Cnt|Fwd Seg Size Min|SYN Flag Cnt|Dst Port|Fwd IAT Mean,Dst Port,0.2
390292,Brute Force -XSS,Brute Force -XSS,6,Pkt Len Std|Tot Fwd Pkts|Fwd Pkt Len Mean|Pkt Len Mean|Dst Port,Fwd Pkt Len Mean|Pkt Len Mean|Dst Port,0.6,CWE Flag Count|Tot Fwd Pkts|Bwd Pkts/s|Init Bwd Win Byts|Tot Bwd Pkts,,0.0
390371,DoS attacks-GoldenEye,DoS attacks-GoldenEye,4,Fwd Seg Size Min|Bwd Pkt Len Std|Flow IAT Mean|Bwd IAT Std|Flow Byts/s,,0.0,Fwd Seg Size Min|Bwd Pkt Len Std|Fwd IAT Std|Dst Port|Active Std,Dst Port,0.2
390775,SSH-Bruteforce,SSH-Bruteforce,4,Dst Port|Fwd Act Data Pkts|Fwd Seg Size Min|Init Bwd Win Byts|Flow IAT Min,Dst Port|Flow IAT Min,0.4,Dst Port|Init Bwd Win Byts|Fwd Act Data Pkts|Fwd Seg Size Min|FIN Flag Cnt,Dst Port,0.2
391731,DoS attacks-SlowHTTPTest,DoS attacks-SlowHTTPTest,4,Fwd Seg Size Min|Flow IAT Max|Flow Duration|Bwd Pkts/s|Flow IAT Min,Flow Duration,0.2,Fwd Seg Size Min|Init Fwd Win Byts|CWE Flag Count|Bwd Header Len|Fwd Pkts/s,,0.0
392548,Brute Force -Web,Brute Force -Web,4,Init Fwd Win Byts|Fwd Pkts/s|Dst Port|Bwd Pkts/s|Fwd IAT Min,Dst Port,0.2,Flow IAT Max|Fwd IAT Max|Flow Pkts/s|Fwd IAT Tot|Dst Port,Flow Pkts/s|Dst Port,0.4
392665,Infilteration,Infilteration,6,Fwd Header Len|Fwd Seg Size Min|PSH Flag Cnt|Dst Port|Fwd Pkt Len Max,Dst Port,0.2,Fwd URG Flags|RST Flag Cnt|Idle Max|Fwd Pkt Len Mean|FIN Flag Cnt,,0.0
393056,SSH-Bruteforce,SSH-Bruteforce,4,Dst Port|Fwd Act Data Pkts|Fwd Seg Size Min|Init Bwd Win Byts|Flow IAT Min,Dst Port|Flow IAT Min,0.4,Dst Port|Init Bwd Win Byts|Fwd Act Data Pkts|CWE Flag Count|Init Fwd Win Byts,Dst Port,0.2
395416,Benign,Benign,4,Fwd IAT Tot|Init Fwd Win Byts|Fwd Pkt Len Max|Fwd Pkt Len Mean|Fwd Seg Size Min,,0.0,FIN Flag Cnt|Tot Fwd Pkts|RST Flag Cnt|Fwd Pkt Len Mean|Fwd Pkt Len Max,,0.0
396789,DoS attacks-Slowloris,DoS attacks-Slowloris,4,Fwd Seg Size Min|Fwd IAT Std|Dst Port|Init Fwd Win Byts|Pkt Size Avg,,0.0,Fwd Seg Size Min|FIN Flag Cnt|Fwd PSH Flags|Init Fwd Win Byts|Bwd Header Len,,0.0
396967,Bot,Bot,5,Dst Port|RST Flag Cnt|TotLen Fwd Pkts|Fwd Act Data Pkts|Protocol,Dst Port,0.2,Dst Port|RST Flag Cnt|FIN Flag Cnt|Bwd Pkt Len Mean|Idle Min,Dst Port,0.2
397039,DoS attacks-GoldenEye,DoS attacks-GoldenEye,4,Fwd Seg Size Min|Bwd Pkt Len Std|Bwd Pkt Len Mean|Flow IAT Mean|Fwd Pkt Len Max,,0.0,Fwd Seg Size Min|Bwd Pkt Len Std|FIN Flag Cnt|SYN Flag Cnt|Dst Port,Dst Port,0.2
397403,DoS attacks-Slowloris,DoS attacks-Slowloris,4,Bwd IAT Max|Fwd Seg Size Min|Bwd IAT Tot|Idle Max|Init Bwd Win Byts,,0.0,FIN Flag Cnt|SYN Flag Cnt|Fwd Seg Size Min|Fwd PSH Flags|Idle Mean,,0.0
398799,DDOS attack-LOIC-UDP,DDOS attack-LOIC-UDP,5,Tot Fwd Pkts|Fwd Act Data Pkts|Flow Pkts/s|Flow IAT Std|Fwd IAT Mean,Flow Pkts/s,0.2,Tot Fwd Pkts|Fwd Act Data Pkts|Fwd Header Len|Flow Duration|Fwd URG Flags,Flow Duration,0.2
398864,DoS attacks-GoldenEye,DoS attacks-GoldenEye,4,Fwd Seg Size Min|Flow IAT Min|Flow IAT Mean|Init Fwd Win Byts|Dst Port,Init Fwd Win Byts|Dst Port,0.4,Fwd Seg Size Min|CWE Flag Count|Flow IAT Min|Fwd URG Flags|Bwd Pkt Len Std,,0.0
399257,DDOS attack-LOIC-UDP,DDOS attack-LOIC-UDP,5,Tot Fwd Pkts|Fwd IAT Tot|Fwd Act Data Pkts|Flow IAT Min|Flow IAT Std,,0.0,Tot Fwd Pkts|Fwd Act Data Pkts|Fwd Header Len|Flow Duration|CWE Flag Count,Flow Duration,0.2
399586,DoS attacks-Hulk,DoS attacks-Hulk,4,Fwd Seg Size Min|Tot Bwd Pkts|Init Fwd Win Byts|Fwd Pkt Len Max|Fwd IAT Min,,0.0,FIN Flag Cnt|Fwd Seg Size Min|Tot Bwd Pkts|Dst Port|Fwd PSH Flags,Dst Port,0.2
399811,DDOS attack-HOIC,DDOS attack-HOIC,5,Init Fwd Win Byts|Dst Port|Tot Bwd Pkts|Fwd IAT Tot|Flow Duration,,0.0,Init Fwd Win Byts|SYN Flag Cnt|Dst Port|Bwd IAT Std|Flow IAT Max,,0.0
400210,DDoS attacks-LOIC-HTTP,DDoS attacks-LOIC-HTTP,5,Bwd Pkt Len Std|Fwd Pkts/s|Fwd IAT Std|Fwd IAT Tot|Flow IAT Max,Fwd Pkts/s,0.2,FIN Flag Cnt|Fwd URG Flags|Fwd IAT Tot|Fwd Pkts/s|Bwd Pkt Len Std,Fwd Pkts/s,0.2
401115,Infilteration,Infilteration,6,Fwd Header Len|Fwd Seg Size Min|PSH Flag Cnt|Dst Port|Bwd Pkts/s,Dst Port,0.2,Fwd URG Flags|RST Flag Cnt|FIN Flag Cnt|Fwd Pkt Len Mean|CWE Flag Count,,0.0
402304,DoS attacks-GoldenEye,DoS attacks-GoldenEye,4,Fwd Seg Size Min|Bwd Pkt Len Std|Bwd Pkt Len Mean|Flow IAT Mean|Fwd IAT Max,,0.0,Fwd Seg Size Min|Bwd Pkt Len Std|Protocol|Dst Port|FIN Flag Cnt,Dst Port,0.2
403612,Infilteration,Infilteration,6,Fwd Header Len|Fwd Seg Size Min|PSH Flag Cnt|Dst Port|Fwd Pkt Len Max,Dst Port,0.2,Fwd URG Flags|RST Flag Cnt|Idle Max|Fwd Pkt Len Mean|ECE Flag Cnt,,0.0
403618,Bot,Bot,5,Dst Port|Fwd Act Data Pkts|RST Flag Cnt|Protocol|Tot Fwd Pkts,Dst Port,0.2,Dst Port|RST Flag Cnt|Bwd IAT Min|FIN Flag Cnt|Flow IAT Max,Dst Port,0.2
403685,DDOS attack-HOIC,DDOS attack-HOIC,5,Init Fwd Win Byts|Dst Port|Tot Bwd Pkts|Fwd IAT Tot|Flow IAT Max,,0.0,Init Fwd Win Byts|Fwd URG Flags|Dst Port|Flow IAT Max|Bwd Pkts/s,,0.0
403982,DDoS attacks-LOIC-HTTP,DDoS attacks-LOIC-HTTP,5,Init Fwd Win Byts|Fwd IAT Std|Fwd Pkts/s|Flow IAT Min|Flow IAT Max,Fwd Pkts/s|Flow IAT Min,0.4,Fwd URG Flags|FIN Flag Cnt|Fwd Pkts/s|Fwd IAT Std|Flow Duration,Fwd Pkts/s,0.2
404996,DoS attacks-SlowHTTPTest,DoS attacks-SlowHTTPTest,4,Fwd Seg Size Min|Flow Duration|Bwd Pkts/s|Flow IAT Max|Flow IAT Min,Flow Duration,0.2,Fwd Seg Size Min|Init Fwd Win Byts|Bwd Header Len|Fwd Pkts/s|Fwd IAT Tot,,0.0
405569,Bot,Bot,5,Dst Port|RST Flag Cnt|TotLen Fwd Pkts|Fwd Act Data Pkts|Protocol,Dst Port,0.2,RST Flag Cnt|Dst Port|Bwd IAT Min|Pkt Len Std|TotLen Bwd Pkts,Dst Port,0.2
406393,DDOS attack-LOIC-UDP,DDOS attack-LOIC-UDP,5,Tot Fwd Pkts|Fwd IAT Tot|Fwd Act Data Pkts|Flow Pkts/s|Flow Byts/s,Flow Pkts/s,0.2,Tot Fwd Pkts|Fwd Act Data Pkts|Fwd Header Len|Flow Duration|FIN Flag Cnt,Flow Duration,0.2
407937,Bot,Bot,5,Dst Port|RST Flag Cnt|TotLen Fwd Pkts|Fwd Act Data Pkts|Protocol,Dst Port,0.2,Dst Port|RST Flag Cnt|Bwd IAT Min|SYN Flag Cnt|Bwd Seg Size Avg,Dst Port,0.2
408181,DoS attacks-Slowloris,DoS attacks-Slowloris,4,Bwd IAT Max|Fwd Seg Size Min|Bwd IAT Tot|Bwd IAT Mean|Init Fwd Win Byts,,0.0,Fwd Seg Size Min|Active Std|Active Max|Idle Std|Bwd IAT Mean,,0.0
408518,Infilteration,Infilteration,6,Dst Port|Init Fwd Win Byts|Fwd Seg Size Min|Fwd Pkt Len Max|Flow IAT Min,Dst Port|Flow IAT Min,0.4,Fwd URG Flags|RST Flag Cnt|ECE Flag Cnt|Fwd Pkt Len Mean|Fwd Pkt Len Max,,0.0
408538,SSH-Bruteforce,SSH-Bruteforce,4,Dst Port|Fwd Act Data Pkts|Fwd Seg Size Min|Init Bwd Win Byts|Bwd Header Len,Dst Port,0.2,Dst Port|Init Bwd Win Byts|Fwd Seg Size Min|Fwd Act Data Pkts|Fwd URG Flags,Dst Port,0.2
408785,DDOS attack-LOIC-UDP,DDOS attack-LOIC-UDP,5,Tot Fwd Pkts|Fwd IAT Tot|Fwd Act Data Pkts|Flow IAT Std|Fwd Header Len,,0.0,Tot Fwd Pkts|Fwd Act Data Pkts|Fwd URG Flags|Fwd Header Len|Flow Duration,Flow Duration,0.2
410166,DoS attacks-Hulk,DoS attacks-Hulk,4,Fwd Seg Size Min|Bwd Pkt Len Std|Init Fwd Win Byts|Fwd Pkt Len Max|TotLen Bwd Pkts,,0.0,FIN Flag Cnt|Fwd Seg Size Min|Bwd IAT Std|Dst Port|Bwd Pkts/s,Dst Port,0.2
410232,Bot,Bot,5,Dst Port|RST Flag Cnt|TotLen Fwd Pkts|Fwd Act Data Pkts|Protocol,Dst Port,0.2,RST Flag Cnt|Dst Port|Bwd IAT Min|CWE Flag Count|Fwd PSH Flags,Dst Port,0.2
410467,FTP-BruteForce,FTP-BruteForce,4,Fwd Seg Size Min|Flow IAT Max|Flow IAT Min|Flow IAT Mean|Flow Pkts/s,Flow IAT Min,0.2,Fwd Seg Size Min|Init Fwd Win Byts|Flow IAT Max|Fwd IAT Mean|Bwd Header Len,,0.0
411378,DDoS attacks-LOIC-HTTP,DDoS attacks-LOIC-HTTP,5,Bwd Pkt Len Std|Fwd Pkts/s|Fwd IAT Std|Fwd IAT Tot|Flow IAT Max,Fwd Pkts/s,0.2,Bwd Pkt Len Std|Fwd Pkts/s|Fwd IAT Tot|Fwd Pkt Len Mean|Fwd URG Flags,Fwd Pkts/s,0.2
411418,DoS attacks-Hulk,DoS attacks-Hulk,4,Fwd Seg Size Min|Tot Bwd Pkts|Init Fwd Win Byts|Fwd Pkt Len Max|Fwd IAT Min,,0.0,FIN Flag Cnt|Fwd Seg Size Min|CWE Flag Count|Dst Port|URG Flag Cnt,Dst Port,0.2
412307,DDOS attack-LOIC-UDP,DDOS attack-LOIC-UDP,5,Tot Fwd Pkts|Fwd IAT Tot|Fwd Act Data Pkts|Flow IAT Min|Fwd Header Len,,0.0,Tot Fwd Pkts|Fwd Act Data Pkts|Fwd Header Len|Flow Duration|CWE Flag Count,Flow Duration,0.2
412338,DoS attacks-SlowHTTPTest,DoS attacks-SlowHTTPTest,4,Fwd Seg Size Min|Flow Duration|Bwd Pkts/s|Flow IAT Max|Flow IAT Mean,Flow Duration|Flow IAT Mean,0.4,Fwd Seg Size Min|Init Fwd Win Byts|Fwd IAT Mean|Dst Port|Bwd Header Len,,0.0
413460,DDOS attack-HOIC,DDOS attack-HOIC,5,Init Fwd Win Byts|Dst Port|Tot Bwd Pkts|Fwd IAT Tot|Flow IAT Max,,0.0,Init Fwd Win Byts|Dst Port|Flow IAT Max|URG Flag Cnt|Bwd Pkt Len Mean,,0.0
413772,DDoS attacks-LOIC-HTTP,DDoS attacks-LOIC-HTTP,5,Fwd Pkts/s|Bwd Pkt Len Std|Fwd IAT Std|Fwd IAT Tot|Flow IAT Max,Fwd Pkts/s,0.2,Fwd URG Flags|CWE Flag Count|Bwd Pkt Len Std|Fwd IAT Tot|Fwd Pkts/s,Fwd Pkts/s,0.2
414320,DoS attacks-Hulk,DoS attacks-Hulk,4,Fwd Seg Size Min|Tot Bwd Pkts|Init Fwd Win Byts|Fwd Pkt Len Max|Fwd IAT Min,,0.0,FIN Flag Cnt|Fwd Seg Size Min|Fwd URG Flags|SYN Flag Cnt|Dst Port,Dst Port,0.2
414918,DDOS attack-LOIC-UDP,DDOS attack-LOIC-UDP,5,Tot Fwd Pkts|Fwd IAT Tot|Fwd Act Data Pkts|Flow IAT Min|Flow IAT Max,,0.0,Tot Fwd Pkts|Fwd Act Data Pkts|Fwd URG Flags|Fwd Header Len|Flow Duration,Flow Duration,0.2
415235,DDOS attack-LOIC-UDP,DDOS attack-LOIC-UDP,5,Tot Fwd Pkts|Fwd IAT Tot|Fwd Act Data Pkts|Fwd Header Len|Flow IAT Min,,0.0,Tot Fwd Pkts|CWE Flag Count|Fwd Act Data Pkts|Fwd Header Len|Flow Duration,Flow Duration,0.2
415297,SQL Injection,SQL Injection,5,Bwd Pkt Len Std|Fwd Pkt Len Std|Dst Port|Flow IAT Min|Fwd IAT Min,Dst Port,0.2,Flow Byts/s|Fwd URG Flags|Bwd Pkts/s|Subflow Bwd Pkts|ECE Flag Cnt,,0.0
415665,DDOS attack-HOIC,DDOS attack-HOIC,5,Init Fwd Win Byts|Dst Port|Tot Bwd Pkts|Fwd IAT Tot|Flow IAT Max,,0.0,Init Fwd Win Byts|Dst Port|Fwd IAT Tot|Idle Mean|Idle Std,,0.0
415684,DoS attacks-GoldenEye,DoS attacks-GoldenEye,4,Fwd Seg Size Min|Flow IAT Min|Init Fwd Win Byts|Flow IAT Mean|Dst Port,Init Fwd Win Byts|Dst Port,0.4,Fwd Seg Size Min|Flow IAT Min|Dst Port|Fwd PSH Flags|RST Flag Cnt,Dst Port,0.2
415878,DDOS attack-LOIC-UDP,DDOS attack-LOIC-UDP,5,Tot Fwd Pkts|Fwd IAT Tot|Fwd Act Data Pkts|Flow IAT Max|Flow IAT Mean,,0.0,Tot Fwd Pkts|Fwd Act Data Pkts|Flow Duration|Fwd Header Len|CWE Flag Count,Flow Duration,0.2
415964,DDOS attack-LOIC-UDP,DDOS attack-LOIC-UDP,5,Tot Fwd Pkts|Fwd IAT Tot|Fwd Act Data Pkts|Flow IAT Mean|Flow Duration,Flow Duration,0.2,Tot Fwd Pkts|Fwd Act Data Pkts|Fwd Header Len|Flow Duration|Fwd URG Flags,Flow Duration,0.2
416724,DoS attacks-SlowHTTPTest,DoS attacks-SlowHTTPTest,4,Fwd Seg Size Min|Flow IAT Max|Flow Duration|Flow IAT Min|Flow Pkts/s,Flow Duration|Flow Pkts/s,0.4,Fwd Seg Size Min|Init Fwd Win Byts|Flow IAT Min|Init Bwd Win Byts|Fwd Pkts/s,,0.0
417110,FTP-BruteForce,FTP-BruteForce,4,Fwd Seg Size Min|Flow Pkts/s|Flow IAT Max|Flow IAT Min|Flow IAT Mean,Flow IAT Min,0.2,Fwd Seg Size Min|Init Fwd Win Byts|Dst Port|Bwd Header Len|Bwd Pkts/s,Dst Port,0.2
417537,SSH-Bruteforce,SSH-Bruteforce,4,Dst Port|Fwd Act Data Pkts|Fwd Seg Size Min|Init Bwd Win Byts|Flow IAT Min,Dst Port|Flow IAT Min,0.4,Dst Port|Init Bwd Win Byts|CWE Flag Count|Fwd Act Data Pkts|Init Fwd Win Byts,Dst Port,0.2
417634,Brute Force -Web,Brute Force -Web,4,Init Fwd Win Byts|Fwd Pkts/s|Dst Port|Bwd Pkts/s|Fwd IAT Min,Dst Port,0.2,FIN Flag Cnt|RST Flag Cnt|Fwd Pkt Len Max|Dst Port|Flow IAT Max,Dst Port,0.2
418551,DDOS attack-HOIC,DDOS attack-HOIC,5,Init Fwd Win Byts|Dst Port|Tot Bwd Pkts|Fwd IAT Tot|Flow Duration,,0.0,Init Fwd Win Byts|Dst Port|Flow IAT Max|Bwd Seg Size Avg|Bwd IAT Std,,0.0
418917,Infilteration,Infilteration,6,Dst Port|Flow IAT Max|Init Fwd Win Byts|ACK Flag Cnt|Pkt Len Mean,Dst Port,0.2,RST Flag Cnt|Init Fwd Win Byts|Fwd Pkt Len Max|ECE Flag Cnt|Dst Port,Dst Port,0.2
420353,FTP-BruteForce,FTP-BruteForce,4,Fwd Seg Size Min|Flow Pkts/s|Flow IAT Max|Flow IAT Min|Flow IAT Mean,Flow IAT Min,0.2,CWE Flag Count|Fwd Seg Size Min|Init Fwd Win Byts|Init Bwd Win Byts|Bwd Header Len,,0.0
420451,DoS attacks-GoldenEye,DoS attacks-GoldenEye,4,Fwd Seg Size Min|Bwd Pkt Len Mean|Flow Byts/s|Bwd IAT Std|Bwd Pkt Len Std,,0.0,Fwd Seg Size Min|Active Mean|Bwd Pkt Len Std|Bwd IAT Max|SYN Flag Cnt,,0.0
420874,DDoS attacks-LOIC-HTTP,DDoS attacks-LOIC-HTTP,5,Init Fwd Win Byts|Fwd IAT Std|Fwd Pkts/s|Flow IAT Min|Flow IAT Max,Fwd Pkts/s|Flow IAT Min,0.4,Fwd IAT Tot|Fwd Pkts/s|Fwd IAT Std|Flow IAT Min|Dst Port,Fwd Pkts/s|Flow IAT Min|Dst Port,0.6
421578,DoS attacks-GoldenEye,DoS attacks-GoldenEye,4,Fwd Seg Size Min|Flow Byts/s|Flow IAT Mean|Bwd IAT Std|TotLen Bwd Pkts,,0.0,Fwd Seg Size Min|URG Flag Cnt|Fwd PSH Flags|Bwd Pkt Len Std|Init Bwd Win Byts,,0.0
421591,DDOS attack-HOIC,DDOS attack-HOIC,5,Init Fwd Win Byts|Dst Port|Tot Bwd Pkts|Fwd IAT Tot|Flow IAT Max,,0.0,Init Fwd Win Byts|CWE Flag Count|Dst Port|Fwd PSH Flags|Flow IAT Max,,0.0
421816,DoS attacks-SlowHTTPTest,DoS attacks-SlowHTTPTest,4,Fwd Seg Size Min|Flow Duration|Bwd Pkts/s|Flow IAT Max|Flow IAT Mean,Flow Duration|Flow IAT Mean,0.4,Fwd Seg Size Min|Init Fwd Win Byts|Init Bwd Win Byts|Flow Duration|Flow IAT Max,Flow Duration,0.2
421817,Brute Force -Web,Brute Force -Web,4,Fwd Pkt Len Std|Dst Port|Pkt Len Mean|Bwd Pkts/s|TotLen Fwd Pkts,Dst Port,0.2,RST Flag Cnt|Fwd Pkt Len Std|Flow Byts/s|ECE Flag Cnt|Bwd Pkt Len Std,,0.0
423486,Brute Force -XSS,Brute Force -XSS,6,Init Fwd Win Byts|Fwd Pkts/s|Dst Port|Bwd Pkts/s|Flow IAT Max,Dst Port,0.2,Dst Port|Fwd IAT Std|Flow Pkts/s|Fwd IAT Min|CWE Flag Count,Dst Port,0.2
423527,DDOS attack-HOIC,DDOS attack-HOIC,5,Init Fwd Win Byts|Dst Port|Tot Bwd Pkts|Fwd IAT Tot|Flow IAT Max,,0.0,Init Fwd Win Byts|Fwd URG Flags|Dst Port|CWE Flag Count|Flow IAT Max,,0.0
423765,Bot,Bot,5,Dst Port|RST Flag Cnt|TotLen Fwd Pkts|Fwd Act Data Pkts|Protocol,Dst Port,0.2,RST Flag Cnt|Dst Port|Bwd IAT Max|Protocol|ECE Flag Cnt,Dst Port,0.2
424233,DDOS attack-LOIC-UDP,DDOS attack-LOIC-UDP,5,Tot Fwd Pkts|Fwd IAT Tot|Fwd Act Data Pkts|Flow Byts/s|Flow IAT Mean,,0.0,Tot Fwd Pkts|Fwd Act Data Pkts|Fwd URG Flags|Fwd Header Len|Flow Duration,Flow Duration,0.2
426472,Bot,Bot,5,Dst Port|RST Flag Cnt|TotLen Fwd Pkts|Fwd Act Data Pkts|Protocol,Dst Port,0.2,Dst Port|RST Flag Cnt|Fwd PSH Flags|FIN Flag Cnt|Protocol,Dst Port,0.2
427344,DDoS attacks-LOIC-HTTP,DDoS attacks-LOIC-HTTP,5,Init Fwd Win Byts|Fwd IAT Std|Fwd Pkts/s|Flow IAT Min|Flow IAT Max,Fwd Pkts/s|Flow IAT Min,0.4,CWE Flag Count|Fwd Pkts/s|SYN Flag Cnt|Fwd URG Flags|Fwd IAT Std,Fwd Pkts/s,0.2
427584,DoS attacks-Slowloris,DoS attacks-Slowloris,4,Fwd Seg Size Min|Fwd IAT Std|Dst Port|Init Fwd Win Byts|Pkt Size Avg,,0.0,Fwd Seg Size Min|FIN Flag Cnt|Dst Port|Tot Fwd Pkts|Init Fwd Win Byts,,0.0
427612,DDoS attacks-LOIC-HTTP,DDoS attacks-LOIC-HTTP,5,Fwd Pkts/s|Bwd Pkt Len Std|Fwd IAT Std|Fwd IAT Tot|Flow IAT Max,Fwd Pkts/s,0.2,Fwd Pkts/s|URG Flag Cnt|Fwd IAT Tot|Active Mean|Flow Byts/s,Fwd Pkts/s,0.2
428942,DoS attacks-SlowHTTPTest,DoS attacks-SlowHTTPTest,4,Fwd Seg Size Min|Flow IAT Max|Flow Duration|Bwd Pkts/s|Flow IAT Min,Flow Duration,0.2,Fwd Seg Size Min|Init Fwd Win Byts|Flow IAT Max|Bwd Header Len|Init Bwd Win Byts,,0.0
429478,SSH-Bruteforce,SSH-Bruteforce,4,Dst Port|Fwd Act Data Pkts|Fwd Seg Size Min|Init Bwd Win Byts|Flow IAT Min,Dst Port|Flow IAT Min,0.4,Dst Port|Init Bwd Win Byts|CWE Flag Count|Fwd Act Data Pkts|URG Flag Cnt,Dst Port,0.2
429861,DDoS attacks-LOIC-HTTP,DDoS attacks-LOIC-HTTP,5,Bwd Pkt Len Std|Fwd IAT Tot|Fwd IAT Std|Fwd Pkts/s|Flow IAT Max,Fwd Pkts/s,0.2,Bwd Pkt Len Std|CWE Flag Count|Fwd IAT Tot|FIN Flag Cnt|Flow Byts/s,,0.0
430386,DDoS attacks-LOIC-HTTP,DDoS attacks-LOIC-HTTP,5,Bwd Pkt Len Std|Bwd Pkt Len Mean|Flow IAT Max|Fwd Pkts/s|Fwd IAT Tot,Fwd Pkts/s,0.2,Fwd IAT Tot|Bwd Pkt Len Std|Flow Byts/s|Fwd IAT Std|Flow IAT Min,Flow IAT Min,0.2
430855,Brute Force -Web,Brute Force -Web,4,Init Fwd Win Byts|Dst Port|Bwd Pkts/s|Fwd IAT Min|Flow Byts/s,Dst Port,0.2,Fwd URG Flags|Flow IAT Min|RST Flag Cnt|Fwd IAT Mean|Bwd Pkts/s,Flow IAT Min,0.2
431553,DoS attacks-Hulk,DoS attacks-Hulk,4,Fwd Seg Size Min|Tot Bwd Pkts|Init Fwd Win Byts|Fwd Pkt Len Max|Fwd IAT Min,,0.0,FIN Flag Cnt|Fwd Seg Size Min|CWE Flag Count|Dst Port|URG Flag Cnt,Dst Port,0.2
432002,FTP-BruteForce,FTP-BruteForce,4,Fwd Seg Size Min|Flow Pkts/s|Flow IAT Max|Flow IAT Min|Flow Duration,Flow IAT Min,0.2,Fwd Seg Size Min|Init Fwd Win Byts|Flow IAT Mean|Flow IAT Min|Flow Pkts/s,Flow IAT Min,0.2
432325,DDOS attack-LOIC-UDP,DDOS attack-LOIC-UDP,5,Tot Fwd Pkts|Fwd IAT Tot|Fwd Act Data Pkts|Fwd IAT Std|Fwd Header Len,,0.0,Tot Fwd Pkts|Fwd Act Data Pkts|Fwd Header Len|Flow Duration|Active Mean,Flow Duration,0.2
432465,Infilteration,Infilteration,6,Fwd URG Flags|Dst Port|Init Fwd Win Byts|Flow IAT Min|Fwd Seg Size Min,Dst Port|Flow IAT Min,0.4,CWE Flag Count|Fwd URG Flags|RST Flag Cnt|ECE Flag Cnt|Idle Max,,0.0
433631,DoS attacks-GoldenEye,DoS attacks-GoldenEye,4,Fwd Seg Size Min|Flow IAT Min|Init Fwd Win Byts|Flow IAT Mean|Dst Port,Init Fwd Win Byts|Dst Port,0.4,Fwd Seg Size Min|Fwd PSH Flags|Idle Std|Flow IAT Min|Fwd IAT Min,,0.0
434271,Brute Force -XSS,Brute Force -XSS,6,Init Fwd Win Byts|Fwd Pkts/s|Dst Port|Bwd Pkts/s|Flow Duration,Dst Port,0.2,Fwd IAT Std|Fwd IAT Min|Fwd IAT Tot|FIN Flag Cnt|Subflow Fwd Pkts,,0.0
434291,DoS attacks-SlowHTTPTest,DoS attacks-SlowHTTPTest,4,Fwd Seg Size Min|Flow IAT Max|Flow Duration|Flow IAT Min|Flow Pkts/s,Flow Duration|Flow Pkts/s,0.4,Fwd Seg Size Min|Init Fwd Win Byts|Subflow Bwd Pkts|Dst Port|Fwd IAT Mean,,0.0
434619,Bot,Bot,5,Dst Port|RST Flag Cnt|TotLen Fwd Pkts|Fwd Act Data Pkts|Protocol,Dst Port,0.2,RST Flag Cnt|Dst Port|CWE Flag Count|Bwd Pkt Len Mean|FIN Flag Cnt,Dst Port,0.2
435047,Brute Force -Web,Brute Force -Web,4,Fwd Pkt Len Mean|Fwd Pkt Len Max|Dst Port|Bwd Pkts/s|Fwd Pkt Len Std,Dst Port,0.2,Fwd Pkt Len Std|RST Flag Cnt|Bwd Pkts/s|Bwd Pkt Len Mean|Fwd Pkt Len Mean,,0.0
435082,Brute Force -Web,Brute Force -Web,4,Init Fwd Win Byts|Dst Port|Fwd Pkts/s|Bwd Pkts/s|Flow IAT Min,Dst Port|Flow IAT Min,0.4,RST Flag Cnt|Flow IAT Min|Tot Bwd Pkts|Dst Port|Fwd IAT Max,Flow IAT Min|Dst Port,0.4
435789,Bot,Bot,5,Dst Port|Fwd Act Data Pkts|RST Flag Cnt|Protocol|Tot Fwd Pkts,Dst Port,0.2,Dst Port|RST Flag Cnt|FIN Flag Cnt|Idle Std|Bwd IAT Min,Dst Port,0.2
437479,DoS attacks-GoldenEye,DoS attacks-GoldenEye,4,Fwd Seg Size Min|Flow Byts/s|Flow IAT Mean|Bwd IAT Std|TotLen Bwd Pkts,,0.0,Fwd Seg Size Min|Bwd Pkt Len Std|FIN Flag Cnt|Dst Port|TotLen Fwd Pkts,Dst Port,0.2
437486,SSH-Bruteforce,SSH-Bruteforce,4,Dst Port|Fwd Act Data Pkts|Fwd Seg Size Min|Init Bwd Win Byts|Flow IAT Min,Dst Port|Flow IAT Min,0.4,CWE Flag Count|Dst Port|Init Bwd Win Byts|Fwd Act Data Pkts|FIN Flag Cnt,Dst Port,0.2
437912,DoS attacks-Slowloris,DoS attacks-Slowloris,4,Fwd Seg Size Min|Fwd IAT Std|Dst Port|Init Fwd Win Byts|Pkt Size Avg,,0.0,FIN Flag Cnt|Fwd Seg Size Min|Init Fwd Win Byts|Flow IAT Std|Dst Port,,0.0
438029,DoS attacks-GoldenEye,DoS attacks-GoldenEye,4,Fwd Seg Size Min|Flow IAT Min|Flow IAT Mean|Init Fwd Win Byts|Dst Port,Init Fwd Win Byts|Dst Port,0.4,FIN Flag Cnt|Fwd Seg Size Min|Flow IAT Min|Fwd IAT Min|Pkt Len Min,,0.0
438062,DoS attacks-GoldenEye,DoS attacks-GoldenEye,4,Fwd Seg Size Min|Bwd Pkt Len Std|TotLen Bwd Pkts|Bwd Pkt Len Mean|Flow IAT Mean,,0.0,Fwd Seg Size Min|FIN Flag Cnt|Bwd Pkt Len Std|Pkt Len Mean|Fwd PSH Flags,,0.0
438174,Brute Force -Web,Brute Force -Web,4,Fwd Pkt Len Mean|Fwd Pkt Len Max|Dst Port|Bwd Pkts/s|Fwd Pkt Len Std,Dst Port,0.2,Fwd Pkt Len Std|RST Flag Cnt|Bwd IAT Min|Fwd URG Flags|Init Bwd Win Byts,,0.0
438668,DoS attacks-GoldenEye,DoS attacks-GoldenEye,4,Fwd Seg Size Min|Flow Byts/s|Flow IAT Mean|Bwd IAT Std|TotLen Bwd Pkts,,0.0,Fwd Seg Size Min|CWE Flag Count|Bwd Pkt Len Std|Dst Port|SYN Flag Cnt,Dst Port,0.2
439451,DDOS attack-LOIC-UDP,DDOS attack-LOIC-UDP,5,Tot Fwd Pkts|Fwd IAT Tot|Fwd Act Data Pkts|Flow IAT Mean|Flow Byts/s,,0.0,Tot Fwd Pkts|Fwd Act Data Pkts|Fwd Header Len|Flow Duration|FIN Flag Cnt,Flow Duration,0.2
440080,DDoS attacks-LOIC-HTTP,DDoS attacks-LOIC-HTTP,5,Init Fwd Win Byts|Fwd IAT Std|Fwd Pkts/s|Flow IAT Min|Flow IAT Max,Fwd Pkts/s|Flow IAT Min,0.4,Fwd Pkts/s|Fwd IAT Std|Fwd URG Flags|Flow Byts/s|URG Flag Cnt,Fwd Pkts/s,0.2
440968,Benign,Benign,4,Dst Port|Fwd Pkt Len Max|RST Flag Cnt|Init Fwd Win Byts|Fwd Pkt Len Std,Dst Port,0.2,FIN Flag Cnt|Tot Fwd Pkts|Fwd URG Flags|Fwd Seg Size Min|RST Flag Cnt,,0.0
441377,Infilteration,Infilteration,6,Fwd Header Len|Fwd Seg Size Min|PSH Flag Cnt|Fwd Pkt Len Max|Bwd Pkts/s,,0.0,FIN Flag Cnt|Fwd URG Flags|RST Flag Cnt|Idle Max|ECE Flag Cnt,,0.0
442051,DoS attacks-Hulk,DoS attacks-Hulk,4,Fwd Seg Size Min|Tot Bwd Pkts|Init Fwd Win Byts|Fwd Pkt Len Max|Fwd IAT Min,,0.0,FIN Flag Cnt|Fwd Seg Size Min|Dst Port|Bwd Header Len|Fwd URG Flags,Dst Port,0.2
442254,Benign,Benign,4,Dst Port|Fwd IAT Tot|Fwd Pkt Len Mean|Init Fwd Win Byts|URG Flag Cnt,Dst Port,0.2,Tot Fwd Pkts|FIN Flag Cnt|CWE Flag Count|Fwd Act Data Pkts|Fwd Seg Size Min,,0.0
442724,DoS attacks-SlowHTTPTest,DoS attacks-SlowHTTPTest,4,Fwd Seg Size Min|Flow IAT Max|Flow Duration|Bwd Pkts/s|Flow IAT Min,Flow Duration,0.2,Fwd Seg Size Min|Init Fwd Win Byts|Fwd URG Flags|Flow Pkts/s|Flow IAT Min,Flow Pkts/s,0.2
442728,FTP-BruteForce,FTP-BruteForce,4,Fwd Seg Size Min|Flow Pkts/s|Flow IAT Mean|Flow IAT Max|Flow IAT Min,Flow IAT Min,0.2,Fwd Seg Size Min|Init Fwd Win Byts|Fwd URG Flags|Bwd Header Len|Flow Pkts/s,,0.0
443324,DoS attacks-GoldenEye,DoS attacks-GoldenEye,4,Fwd Seg Size Min|Bwd Pkt Len Std|Flow IAT Mean|Bwd IAT Std|Flow Byts/s,,0.0,Fwd Seg Size Min|Bwd Pkt Len Std|Active Max|Pkt Len Std|Active Std,,0.0
444154,DDoS attacks-LOIC-HTTP,DDoS attacks-LOIC-HTTP,5,Fwd Pkts/s|Bwd Pkt Len Std|Fwd IAT Std|Fwd IAT Tot|Flow IAT Max,Fwd Pkts/s,0.2,Fwd Pkts/s|ECE Flag Cnt|Fwd IAT Tot|Fwd IAT Std|Fwd URG Flags,Fwd Pkts/s,0.2
444328,DoS attacks-Hulk,DoS attacks-Hulk,4,Fwd Seg Size Min|Tot Bwd Pkts|Init Fwd Win Byts|Fwd Pkt Len Max|Fwd IAT Min,,0.0,FIN Flag Cnt|Fwd Seg Size Min|Fwd IAT Min|CWE Flag Count|Bwd Seg Size Avg,,0.0
444405,FTP-BruteForce,FTP-BruteForce,4,Fwd Seg Size Min|Flow IAT Min|Flow IAT Max|Flow Pkts/s|Dst Port,Flow IAT Min|Dst Port,0.4,Fwd Seg Size Min|Init Fwd Win Byts|Bwd Header Len|Flow IAT Mean|Fwd IAT Tot,,0.0
444547,DoS attacks-Slowloris,DoS attacks-Slowloris,4,Bwd IAT Max|Fwd Seg Size Min|Bwd IAT Tot|Idle Max|Init Bwd Win Byts,,0.0,FIN Flag Cnt|Fwd Seg Size Min|SYN Flag Cnt|Fwd PSH Flags|Active Min,,0.0
445057,DDoS attacks-LOIC-HTTP,DDoS attacks-LOIC-HTTP,5,Init Fwd Win Byts|Fwd IAT Std|Fwd Pkts/s|Flow IAT Min|Flow IAT Max,Fwd Pkts/s|Flow IAT Min,0.4,Fwd Pkts/s|FIN Flag Cnt|Fwd IAT Std|Flow Duration|Flow IAT Min,Fwd Pkts/s|Flow IAT Min,0.4
445619,Brute Force -Web,Brute Force -Web,4,Fwd Pkt Len Std|Pkt Len Mean|Dst Port|Bwd Pkts/s|TotLen Fwd Pkts,Dst Port,0.2,RST Flag Cnt|Fwd Pkt Len Std|Bwd IAT Std|Bwd Pkt Len Std|Flow Byts/s,,0.0
445828,Benign,Benign,4,Fwd Pkt Len Max|Init Fwd Win Byts|Bwd Pkt Len Std|Flow IAT Mean|Bwd Pkt Len Mean,Flow IAT Mean,0.2,FIN Flag Cnt|CWE Flag Count|Tot Fwd Pkts|RST Flag Cnt|URG Flag Cnt,,0.0
446108,DoS attacks-GoldenEye,DoS attacks-GoldenEye,4,Fwd Seg Size Min|Bwd Pkt Len Std|Flow IAT Mean|Bwd IAT Std|Flow Byts/s,,0.0,Fwd Seg Size Min|FIN Flag Cnt|Bwd Pkt Len Std|Dst Port|CWE Flag Count,Dst Port,0.2
447905,SSH-Bruteforce,SSH-Bruteforce,4,Dst Port|Fwd Act Data Pkts|Fwd Seg Size Min|Init Bwd Win Byts|Flow IAT Min,Dst Port|Flow IAT Min,0.4,Fwd URG Flags|Dst Port|Init Bwd Win Byts|Fwd Act Data Pkts|FIN Flag Cnt,Dst Port,0.2
450028,Bot,Bot,5,Dst Port|RST Flag Cnt|TotLen Fwd Pkts|Fwd Act Data Pkts|Protocol,Dst Port,0.2,RST Flag Cnt|Dst Port|Idle Min|Fwd IAT Std|Fwd Pkt Len Max,Dst Port,0.2
450041,DDOS attack-HOIC,DDOS attack-HOIC,5,Init Fwd Win Byts|Dst Port|Tot Bwd Pkts|Fwd IAT Tot|Flow IAT Max,,0.0,Init Fwd Win Byts|Dst Port|Fwd IAT Tot|FIN Flag Cnt|Flow IAT Max,,0.0
450411,Infilteration,Infilteration,6,Fwd Header Len|Fwd Seg Size Min|PSH Flag Cnt|Dst Port|Fwd Pkt Len Max,Dst Port,0.2,RST Flag Cnt|Fwd Pkt Len Mean|ECE Flag Cnt|Fwd Pkt Len Max|FIN Flag Cnt,,0.0
450710,DoS attacks-Slowloris,DoS attacks-Slowloris,4,Bwd IAT Max|Fwd Seg Size Min|Bwd IAT Tot|Bwd IAT Mean|Init Fwd Win Byts,,0.0,SYN Flag Cnt|Fwd Seg Size Min|Idle Std|FIN Flag Cnt|Active Min,,0.0
450725,Benign,Benign,4,Fwd Pkt Len Max|Fwd IAT Tot|Init Fwd Win Byts|Dst Port|RST Flag Cnt,Dst Port,0.2,FIN Flag Cnt|Tot Fwd Pkts|CWE Flag Count|Fwd Seg Size Min|RST Flag Cnt,,0.0
453704,DDOS attack-LOIC-UDP,DDOS attack-LOIC-UDP,5,Tot Fwd Pkts|Fwd IAT Tot|Fwd Act Data Pkts|Flow IAT Std|Fwd Header Len,,0.0,Tot Fwd Pkts|Fwd Act Data Pkts|Flow Duration|Fwd Header Len|FIN Flag Cnt,Flow Duration,0.2
453786,SSH-Bruteforce,SSH-Bruteforce,4,Dst Port|Fwd Act Data Pkts|Fwd Seg Size Min|Init Bwd Win Byts|Flow IAT Min,Dst Port|Flow IAT Min,0.4,Dst Port|Init Bwd Win Byts|Fwd Act Data Pkts|CWE Flag Count|Flow IAT Mean,Dst Port,0.2
453905,DDOS attack-LOIC-UDP,DDOS attack-LOIC-UDP,5,Tot Fwd Pkts|Fwd IAT Tot|Fwd Act Data Pkts|Flow IAT Max|Flow IAT Min,,0.0,Tot Fwd Pkts|Fwd Act Data Pkts|Fwd Header Len|Flow Duration|FIN Flag Cnt,Flow Duration,0.2
453987,DDoS attacks-LOIC-HTTP,DDoS attacks-LOIC-HTTP,5,Init Fwd Win Byts|Fwd IAT Std|Fwd Pkts/s|Flow IAT Min|Flow IAT Max,Fwd Pkts/s|Flow IAT Min,0.4,Flow Duration|Fwd Pkts/s|Bwd Pkt Len Std|Flow IAT Min|Fwd IAT Std,Fwd Pkts/s|Flow IAT Min,0.4
455710,DoS attacks-Hulk,DoS attacks-Hulk,4,Fwd Seg Size Min|Tot Bwd Pkts|Init Fwd Win Byts|Fwd Pkt Len Max|Fwd IAT Min,,0.0,FIN Flag Cnt|Fwd Seg Size Min|Dst Port|Idle Mean|Flow Pkts/s,Dst Port|Flow Pkts/s,0.4
456116,DDOS attack-HOIC,DDOS attack-HOIC,5,Init Fwd Win Byts|Dst Port|Tot Bwd Pkts|Fwd IAT Tot|Flow Duration,,0.0,Init Fwd Win Byts|Dst Port|Bwd IAT Max|Fwd IAT Tot|Flow IAT Max,,0.0
456153,FTP-BruteForce,FTP-BruteForce,4,Fwd Seg Size Min|Flow IAT Min|Flow IAT Max|Flow Pkts/s|Dst Port,Flow IAT Min|Dst Port,0.4,Fwd Seg Size Min|Init Fwd Win Byts|Init Bwd Win Byts|Flow IAT Max|Bwd Pkts/s,,0.0
456941,FTP-BruteForce,FTP-BruteForce,4,Fwd Seg Size Min|Flow Pkts/s|Flow IAT Max|Flow IAT Mean|Flow IAT Min,Flow IAT Min,0.2,Fwd Seg Size Min|Init Fwd Win Byts|Fwd IAT Max|Bwd Header Len|Flow IAT Min,Flow IAT Min,0.2
457587,Bot,Bot,5,Dst Port|RST Flag Cnt|TotLen Fwd Pkts|Fwd Act Data Pkts|Protocol,Dst Port,0.2,Dst Port|RST Flag Cnt|FIN Flag Cnt|Fwd IAT Std|Bwd Seg Size Avg,Dst Port,0.2
457677,FTP-BruteForce,FTP-BruteForce,4,Fwd Seg Size Min|Flow Pkts/s|Flow IAT Max|Flow Duration|Flow IAT Min,Flow IAT Min,0.2,Fwd Seg Size Min|Init Fwd Win Byts|Init Bwd Win Byts|Bwd Header Len|Subflow Bwd Pkts,,0.0
457891,Bot,Bot,5,Dst Port|Fwd Act Data Pkts|RST Flag Cnt|Protocol|Tot Fwd Pkts,Dst Port,0.2,Dst Port|RST Flag Cnt|Bwd IAT Min|Active Min|SYN Flag Cnt,Dst Port,0.2
458156,Benign,Benign,4,Fwd Pkt Len Max|Fwd IAT Tot|Init Fwd Win Byts|Dst Port|RST Flag Cnt,Dst Port,0.2,FIN Flag Cnt|CWE Flag Count|Tot Fwd Pkts|RST Flag Cnt|Dst Port,Dst Port,0.2
458164,SSH-Bruteforce,SSH-Bruteforce,4,Dst Port|Bwd Header Len|Bwd Pkts/s|Fwd Seg Size Min|Init Bwd Win Byts,Dst Port,0.2,Dst Port|Init Bwd Win Byts|Fwd URG Flags|URG Flag Cnt|FIN Flag Cnt,Dst Port,0.2
459056,DoS attacks-GoldenEye,DoS attacks-GoldenEye,4,Fwd Seg Size Min|Flow IAT Min|Init Fwd Win Byts|Flow IAT Mean|Dst Port,Init Fwd Win Byts|Dst Port,0.4,Fwd Seg Size Min|Flow IAT Min|CWE Flag Count|Dst Port|Active Max,Dst Port,0.2
459674,Infilteration,Infilteration,6,Fwd Header Len|Fwd Seg Size Min|PSH Flag Cnt|Bwd Pkts/s|Fwd Pkt Len Max,,0.0,RST Flag Cnt|FIN Flag Cnt|Fwd Pkt Len Mean|Fwd Pkt Len Max|URG Flag Cnt,,0.0
459821,DoS attacks-Slowloris,DoS attacks-Slowloris,4,Bwd IAT Max|Fwd Seg Size Min|Bwd IAT Tot|Bwd IAT Mean|Init Fwd Win Byts,,0.0,Fwd Seg Size Min|Active Min|Active Std|Idle Mean|Active Mean,,0.0
460443,Brute Force -XSS,Brute Force -XSS,6,Pkt Len Std|Tot Fwd Pkts|Fwd Pkt Len Mean|Pkt Len Mean|Flow IAT Min,Fwd Pkt Len Mean|Pkt Len Mean,0.4,CWE Flag Count|Bwd Pkts/s|Tot Fwd Pkts|Flow IAT Std|Tot Bwd Pkts,,0.0
461617,DoS attacks-GoldenEye,DoS attacks-GoldenEye,4,Fwd Seg Size Min|Flow IAT Min|Flow IAT Mean|Init Fwd Win Byts|Dst Port,Init Fwd Win Byts|Dst Port,0.4,Fwd Seg Size Min|Fwd URG Flags|Dst Port|Flow Pkts/s|Flow IAT Min,Dst Port,0.2
462363,Bot,Bot,5,Dst Port|Fwd Act Data Pkts|RST Flag Cnt|Protocol|Tot Fwd Pkts,Dst Port,0.2,Dst Port|RST Flag Cnt|Bwd IAT Min|Fwd URG Flags|Flow Pkts/s,Dst Port,0.2
462813,Brute Force -Web,Brute Force -Web,4,Init Fwd Win Byts|Fwd Pkts/s|Dst Port|Bwd Pkts/s|Fwd IAT Min,Dst Port,0.2,SYN Flag Cnt|Active Max|RST Flag Cnt|Dst Port|Fwd IAT Max,Dst Port,0.2
462908,FTP-BruteForce,FTP-BruteForce,4,Fwd Seg Size Min|Flow Pkts/s|Flow IAT Mean|Flow IAT Max|Flow IAT Min,Flow IAT Min,0.2,Fwd Seg Size Min|Init Fwd Win Byts|Fwd URG Flags|Dst Port|Flow IAT Max,Dst Port,0.2
463389,DDOS attack-LOIC-UDP,DDOS attack-LOIC-UDP,5,Tot Fwd Pkts|Fwd IAT Tot|Fwd Act Data Pkts|Fwd Header Len|Flow IAT Min,,0.0,Tot Fwd Pkts|Fwd Act Data Pkts|Fwd Header Len|Flow Duration|Fwd URG Flags,Flow Duration,0.2
463576,Infilteration,Infilteration,6,Dst Port|Flow IAT Max|Init Fwd Win Byts|ACK Flag Cnt|Pkt Len Mean,Dst Port,0.2,Down/Up Ratio|RST Flag Cnt|Fwd Pkt Len Mean|Init Fwd Win Byts|Idle Max,,0.0
464247,DDOS attack-LOIC-UDP,DDOS attack-LOIC-UDP,5,Tot Fwd Pkts|Fwd IAT Tot|Fwd Act Data Pkts|Flow IAT Std|Fwd Header Len,,0.0,Tot Fwd Pkts|Fwd Act Data Pkts|Fwd URG Flags|Flow Duration|Fwd Header Len,Flow Duration,0.2
464306,FTP-BruteForce,FTP-BruteForce,4,Fwd Seg Size Min|Flow Pkts/s|Flow IAT Mean|Flow IAT Max|Flow Duration,,0.0,Fwd Seg Size Min|Init Fwd Win Byts|Fwd Header Len|Bwd Header Len|Flow Duration,,0.0
464364,DDOS attack-HOIC,DDOS attack-HOIC,5,Init Fwd Win Byts|Dst Port|Tot Bwd Pkts|Fwd IAT Tot|Flow Pkts/s,Flow Pkts/s,0.2,Init Fwd Win Byts|Dst Port|Flow IAT Max|Active Min|Flow Duration,,0.0
464579,DoS attacks-Slowloris,DoS attacks-Slowloris,4,Fwd Seg Size Min|Bwd IAT Mean|Dst Port|Init Bwd Win Byts|Init Fwd Win Byts,,0.0,Fwd Seg Size Min|Active Max|Active Std|Fwd PSH Flags|Idle Std,,0.0
465061,Brute Force -Web,Brute Force -Web,4,Init Fwd Win Byts|Dst Port|Bwd Pkts/s|Flow Pkts/s|Fwd IAT Min,Dst Port|Flow Pkts/s,0.4,URG Flag Cnt|Active Min|Fwd Header Len|Idle Max|Pkt Len Mean,Fwd Header Len,0.2
465710,Bot,Bot,5,Dst Port|RST Flag Cnt|TotLen Fwd Pkts|Fwd Act Data Pkts|Protocol,Dst Port,0.2,Dst Port|RST Flag Cnt|CWE Flag Count|FIN Flag Cnt|Flow IAT Min,Dst Port|Flow IAT Min,0.4
467398,Bot,Bot,5,Dst Port|TotLen Bwd Pkts|RST Flag Cnt|TotLen Fwd Pkts|Fwd Act Data Pkts,Dst Port,0.2,Dst Port|RST Flag Cnt|Fwd URG Flags|Idle Min|Bwd IAT Min,Dst Port,0.2
467987,DDOS attack-LOIC-UDP,DDOS attack-LOIC-UDP,5,Tot Fwd Pkts|Fwd IAT Tot|Fwd Act Data Pkts|Flow IAT Std|Fwd Header Len,,0.0,Tot Fwd Pkts|Fwd Act Data Pkts|Fwd Header Len|Fwd URG Flags|Flow Duration,Flow Duration,0.2
468844,Benign,Benign,4,Fwd Pkt Len Max|Init Fwd Win Byts|Bwd Pkt Len Std|Flow IAT Mean|Bwd Pkt Len Mean,Flow IAT Mean,0.2,FIN Flag Cnt|Tot Fwd Pkts|CWE Flag Count|RST Flag Cnt|ECE Flag Cnt,,0.0
469542,Bot,Bot,5,Dst Port|RST Flag Cnt|TotLen Fwd Pkts|Fwd Act Data Pkts|Protocol,Dst Port,0.2,Dst Port|RST Flag Cnt|Bwd IAT Min|FIN Flag Cnt|Fwd URG Flags,Dst Port,0.2
469725,DoS attacks-Hulk,DoS attacks-Hulk,4,Fwd Seg Size Min|Tot Bwd Pkts|Init Fwd Win Byts|Fwd Pkt Len Max|Fwd IAT Min,,0.0,FIN Flag Cnt|Fwd Seg Size Min|Dst Port|Active Mean|Bwd Pkts/s,Dst Port,0.2
470203,DoS attacks-SlowHTTPTest,DoS attacks-SlowHTTPTest,4,Fwd Seg Size Min|Flow Duration|Bwd Pkts/s|Flow IAT Max|Flow IAT Mean,Flow Duration|Flow IAT Mean,0.4,Fwd Seg Size Min|Fwd URG Flags|Init Fwd Win Byts|Init Bwd Win Byts|Flow IAT Mean,Flow IAT Mean,0.2
470279,FTP-BruteForce,FTP-BruteForce,4,Fwd Seg Size Min|Flow Pkts/s|Flow IAT Max|Flow IAT Min|Flow IAT Mean,Flow IAT Min,0.2,Fwd URG Flags|Fwd Seg Size Min|Init Fwd Win Byts|Fwd Header Len|Flow IAT Max,,0.0
470325,Brute Force -Web,Brute Force -Web,4,Fwd Pkt Len Std|Pkt Len Mean|Dst Port|Bwd Pkts/s|TotLen Fwd Pkts,Dst Port,0.2,Fwd Pkt Len Std|RST Flag Cnt|Bwd IAT Std|Pkt Len Mean|ECE Flag Cnt,,0.0
472434,DoS attacks-Hulk,DoS attacks-Hulk,4,Fwd Seg Size Min|Tot Bwd Pkts|Init Fwd Win Byts|Fwd Pkt Len Max|Fwd IAT Min,,0.0,FIN Flag Cnt|Fwd Seg Size Min|Dst Port|CWE Flag Count|Fwd PSH Flags,Dst Port,0.2
473684,SSH-Bruteforce,SSH-Bruteforce,4,Dst Port|Fwd Act Data Pkts|Fwd Seg Size Min|Init Bwd Win Byts|Flow IAT Min,Dst Port|Flow IAT Min,0.4,Dst Port|Init Bwd Win Byts|Fwd Act Data Pkts|Flow IAT Mean|Flow IAT Min,Dst Port|Flow IAT Min,0.4
474140,DoS attacks-SlowHTTPTest,DoS attacks-SlowHTTPTest,4,Fwd Seg Size Min|Flow IAT Max|Flow Duration|Bwd Pkts/s|Flow IAT Min,Flow Duration,0.2,Fwd Seg Size Min|Init Fwd Win Byts|FIN Flag Cnt|Flow IAT Min|Bwd Pkts/s,,0.0
474577,Benign,Benign,4,Fwd Pkt Len Max|Dst Port|Fwd IAT Std|RST Flag Cnt|Fwd Seg Size Min,Dst Port,0.2,FIN Flag Cnt|Tot Fwd Pkts|Fwd Header Len|Flow Duration|RST Flag Cnt,Flow Duration,0.2
475200,DoS attacks-GoldenEye,DoS attacks-GoldenEye,4,Fwd Seg Size Min|Flow IAT Min|Flow IAT Mean|Init Fwd Win Byts|Dst Port,Init Fwd Win Byts|Dst Port,0.4,Fwd Seg Size Min|FIN Flag Cnt|Fwd URG Flags|Bwd Pkt Len Std|Dst Port,Dst Port,0.2
476206,Brute Force -XSS,Brute Force -XSS,6,Pkt Len Std|Tot Fwd Pkts|Fwd Pkt Len Mean|Pkt Len Mean|Dst Port,Fwd Pkt Len Mean|Pkt Len Mean|Dst Port,0.6,Fwd URG Flags|Bwd Pkts/s|Tot Fwd Pkts|CWE Flag Count|ECE Flag Cnt,,0.0
476336,Brute Force -XSS,Brute Force -XSS,6,Pkt Len Std|Tot Fwd Pkts|Fwd Pkt Len Mean|Pkt Len Mean|Dst Port,Fwd Pkt Len Mean|Pkt Len Mean|Dst Port,0.6,Tot Fwd Pkts|Subflow Bwd Pkts|Flow IAT Std|Bwd Pkts/s|Fwd IAT Max,,0.0
476416,FTP-BruteForce,FTP-BruteForce,4,Fwd Seg Size Min|Flow Pkts/s|Flow IAT Mean|Flow IAT Max|Flow IAT Min,Flow IAT Min,0.2,Fwd Seg Size Min|Init Fwd Win Byts|Bwd Header Len|Flow Pkts/s|Flow IAT Min,Flow IAT Min,0.2
476835,DDOS attack-LOIC-UDP,DDOS attack-LOIC-UDP,5,Tot Fwd Pkts|Fwd IAT Tot|Fwd Act Data Pkts|Flow Duration|Fwd Header Len,Flow Duration,0.2,Tot Fwd Pkts|Fwd Act Data Pkts|Fwd Header Len|Flow Duration|FIN Flag Cnt,Flow Duration,0.2
477378,DDOS attack-HOIC,DDOS attack-HOIC,5,Init Fwd Win Byts|Dst Port|Tot Bwd Pkts|Fwd IAT Tot|Flow Duration,,0.0,Init Fwd Win Byts|Dst Port|Fwd URG Flags|Bwd IAT Std|Tot Fwd Pkts,,0.0
477442,SSH-Bruteforce,SSH-Bruteforce,4,Dst Port|Fwd Act Data Pkts|Fwd Seg Size Min|Init Bwd Win Byts|Flow IAT Min,Dst Port|Flow IAT Min,0.4,Dst Port|Init Bwd Win Byts|Fwd Act Data Pkts|FIN Flag Cnt|URG Flag Cnt,Dst Port,0.2
477490,Infilteration,Infilteration,6,Fwd Header Len|Fwd Seg Size Min|PSH Flag Cnt|Dst Port|Fwd Pkt Len Max,Dst Port,0.2,Fwd URG Flags|Idle Max|RST Flag Cnt|Fwd Pkt Len Mean|ECE Flag Cnt,,0.0
477804,Benign,Benign,4,Dst Port|Init Fwd Win Byts|Fwd Pkts/s|Fwd Pkt Len Max|Fwd Pkt Len Mean,Dst Port,0.2,FIN Flag Cnt|Tot Fwd Pkts|CWE Flag Count|Flow Duration|Fwd Pkt Len Mean,Flow Duration,0.2
477859,DDOS attack-LOIC-UDP,DDOS attack-LOIC-UDP,5,Tot Fwd Pkts|Fwd IAT Tot|Flow Pkts/s|Fwd Act Data Pkts|Flow IAT Mean,Flow Pkts/s,0.2,Tot Fwd Pkts|Fwd Act Data Pkts|Fwd Header Len|Flow Duration|ECE Flag Cnt,Flow Duration,0.2
478158,Benign,Benign,4,Fwd Pkt Len Max|Fwd IAT Std|Fwd Pkt Len Mean|Dst Port|Fwd Seg Size Min,Dst Port,0.2,FIN Flag Cnt|Tot Fwd Pkts|RST Flag Cnt|Dst Port|Fwd Seg Size Min,Dst Port,0.2
479042,DoS attacks-SlowHTTPTest,DoS attacks-SlowHTTPTest,4,Fwd Seg Size Min|Flow IAT Max|Flow Duration|Bwd Pkts/s|Flow IAT Min,Flow Duration,0.2,Fwd Seg Size Min|Init Fwd Win Byts|Flow Duration|Fwd Header Len|Fwd IAT Max,Flow Duration,0.2
480588,Benign,Benign,4,Fwd Pkt Len Max|Fwd IAT Tot|Init Fwd Win Byts|Dst Port|RST Flag Cnt,Dst Port,0.2,FIN Flag Cnt|Tot Fwd Pkts|CWE Flag Count|Dst Port|Fwd Seg Size Min,Dst Port,0.2
480683,DoS attacks-GoldenEye,DoS attacks-GoldenEye,4,Fwd Seg Size Min|Flow Byts/s|Flow IAT Mean|Bwd IAT Std|TotLen Bwd Pkts,,0.0,Fwd Seg Size Min|CWE Flag Count|Bwd Pkt Len Std|FIN Flag Cnt|Subflow Fwd Byts,,0.0
481508,DoS attacks-Slowloris,DoS attacks-Slowloris,4,Bwd IAT Max|Fwd Seg Size Min|Bwd IAT Tot|Bwd IAT Mean|Init Fwd Win Byts,,0.0,Fwd Seg Size Min|FIN Flag Cnt|Idle Std|Active Min|Active Std,,0.0
482463,DDoS attacks-LOIC-HTTP,DDoS attacks-LOIC-HTTP,5,Fwd IAT Std|Init Fwd Win Byts|Fwd Pkts/s|Flow IAT Min|Flow IAT Max,Fwd Pkts/s|Flow IAT Min,0.4,Fwd Pkts/s|FIN Flag Cnt|Fwd IAT Std|Dst Port|Flow Duration,Fwd Pkts/s|Dst Port,0.4
483042,Infilteration,Infilteration,6,Fwd Header Len|Fwd Seg Size Min|PSH Flag Cnt|Dst Port|Bwd Pkts/s,Dst Port,0.2,Fwd URG Flags|FIN Flag Cnt|CWE Flag Count|RST Flag Cnt|Idle Max,,0.0
483707,Brute Force -Web,Brute Force -Web,4,Fwd Pkt Len Std|Pkt Len Mean|Dst Port|Bwd Pkts/s|TotLen Fwd Pkts,Dst Port,0.2,RST Flag Cnt|Fwd Pkt Len Std|Bwd Pkt Len Std|Init Bwd Win Byts|Flow Byts/s,,0.0
483764,Infilteration,Infilteration,6,Fwd Header Len|Fwd Seg Size Min|PSH Flag Cnt|Fwd Pkt Len Max|Bwd Pkts/s,,0.0,FIN Flag Cnt|RST Flag Cnt|Fwd Pkt Len Mean|Fwd Pkt Len Max|ECE Flag Cnt,,0.0
484171,Infilteration,Infilteration,6,Dst Port|Init Fwd Win Byts|Fwd Header Len|Fwd Pkt Len Max|Flow Duration,Dst Port|Flow Duration,0.4,Fwd URG Flags|RST Flag Cnt|Fwd Pkt Len Mean|FIN Flag Cnt|Idle Max,,0.0
485957,DDOS attack-LOIC-UDP,DDOS attack-LOIC-UDP,5,Tot Fwd Pkts|Fwd IAT Tot|Fwd IAT Std|Fwd Act Data Pkts|Flow IAT Std,,0.0,Tot Fwd Pkts|Fwd Act Data Pkts|Fwd Header Len|Flow Duration|Fwd URG Flags,Flow Duration,0.2
486200,DDoS attacks-LOIC-HTTP,DDoS attacks-LOIC-HTTP,5,Fwd Pkts/s|Bwd Pkt Len Std|Fwd IAT Std|Fwd IAT Tot|Flow IAT Max,Fwd Pkts/s,0.2,FIN Flag Cnt|Fwd IAT Tot|Bwd Pkt Len Std|Fwd Pkts/s|Fwd IAT Std,Fwd Pkts/s,0.2
486614,DDOS attack-LOIC-UDP,DDOS attack-LOIC-UDP,5,Tot Fwd Pkts|Fwd IAT Tot|Fwd Act Data Pkts|Fwd Header Len|Flow IAT Mean,,0.0,Tot Fwd Pkts|Fwd Act Data Pkts|Flow Duration|Fwd Header Len|Pkt Len Min,Flow Duration,0.2
487123,Infilteration,Infilteration,6,Dst Port|ECE Flag Cnt|Pkt Len Mean|Fwd IAT Std|Flow IAT Max,Dst Port,0.2,RST Flag Cnt|CWE Flag Count|ECE Flag Cnt|Init Fwd Win Byts|Idle Max,,0.0
487263,DDOS attack-LOIC-UDP,DDOS attack-LOIC-UDP,5,Tot Fwd Pkts|Fwd IAT Tot|Fwd Act Data Pkts|Flow Byts/s|Flow IAT Mean,,0.0,Tot Fwd Pkts|Fwd Act Data Pkts|Fwd URG Flags|Fwd Header Len|Flow Duration,Flow Duration,0.2
487575,DoS attacks-Hulk,DoS attacks-Hulk,4,Fwd Seg Size Min|Tot Bwd Pkts|Init Fwd Win Byts|Fwd Pkt Len Max|Fwd IAT Min,,0.0,FIN Flag Cnt|Fwd Seg Size Min|SYN Flag Cnt|Dst Port|Flow IAT Max,Dst Port,0.2
487904,SSH-Bruteforce,SSH-Bruteforce,4,Dst Port|Bwd Header Len|Bwd Pkts/s|Fwd Seg Size Min|Init Bwd Win Byts,Dst Port,0.2,Dst Port|Init Bwd Win Byts|URG Flag Cnt|Bwd Pkts/s|CWE Flag Count,Dst Port,0.2
488135,Benign,Benign,4,Fwd Pkt Len Max|Fwd IAT Tot|Init Fwd Win Byts|Dst Port|RST Flag Cnt,Dst Port,0.2,FIN Flag Cnt|Tot Fwd Pkts|Fwd URG Flags|CWE Flag Count|RST Flag Cnt,,0.0
488554,DDoS attacks-LOIC-HTTP,DDoS attacks-LOIC-HTTP,5,Init Fwd Win Byts|Fwd IAT Std|Fwd Pkts/s|Flow IAT Min|Flow IAT Max,Fwd Pkts/s|Flow IAT Min,0.4,FIN Flag Cnt|Flow Duration|Fwd IAT Std|Flow IAT Min|Fwd Pkts/s,Flow IAT Min|Fwd Pkts/s,0.4
489470,DoS attacks-GoldenEye,DoS attacks-GoldenEye,4,Fwd Seg Size Min|Bwd Pkt Len Std|Bwd IAT Std|Flow IAT Mean|Flow Byts/s,,0.0,Fwd Seg Size Min|Bwd Pkt Len Std|Bwd Pkt Len Mean|Dst Port|Active Std,Dst Port,0.2
490284,Benign,Benign,4,Fwd Pkt Len Max|Fwd IAT Tot|Init Fwd Win Byts|Dst Port|RST Flag Cnt,Dst Port,0.2,FIN Flag Cnt|Tot Fwd Pkts|URG Flag Cnt|Dst Port|RST Flag Cnt,Dst Port,0.2
490420,Benign,Benign,4,Fwd Pkt Len Max|Init Fwd Win Byts|Dst Port|RST Flag Cnt|Bwd Pkts/s,Dst Port,0.2,FIN Flag Cnt|Tot Fwd Pkts|CWE Flag Count|RST Flag Cnt|Dst Port,Dst Port,0.2
491715,DoS attacks-SlowHTTPTest,DoS attacks-SlowHTTPTest,4,Fwd Seg Size Min|Flow Duration|Bwd Pkts/s|Flow IAT Max|Flow IAT Mean,Flow Duration|Flow IAT Mean,0.4,Fwd Seg Size Min|Init Fwd Win Byts|CWE Flag Count|Flow Duration|Fwd URG Flags,Flow Duration,0.2
491867,DoS attacks-SlowHTTPTest,DoS attacks-SlowHTTPTest,4,Fwd Seg Size Min|Flow Duration|Bwd Pkts/s|Flow IAT Max|Flow IAT Mean,Flow Duration|Flow IAT Mean,0.4,Fwd Seg Size Min|FIN Flag Cnt|Init Fwd Win Byts|Fwd Header Len|Dst Port,,0.0
492119,SSH-Bruteforce,SSH-Bruteforce,4,Dst Port|Fwd Act Data Pkts|Fwd Seg Size Min|Init Bwd Win Byts|Flow IAT Min,Dst Port|Flow IAT Min,0.4,Dst Port|Init Bwd Win Byts|Fwd URG Flags|Fwd Act Data Pkts|Flow IAT Min,Dst Port|Flow IAT Min,0.4
492815,DDOS attack-LOIC-UDP,DDOS attack-LOIC-UDP,5,Tot Fwd Pkts|Fwd IAT Tot|Fwd Act Data Pkts|Flow IAT Max|Flow Duration,Flow Duration,0.2,Tot Fwd Pkts|Fwd Act Data Pkts|Fwd Header Len|Flow Duration|FIN Flag Cnt,Flow Duration,0.2
492964,DoS attacks-GoldenEye,DoS attacks-GoldenEye,4,Fwd Seg Size Min|Bwd Pkt Len Std|Bwd Pkt Len Mean|Flow IAT Mean|Fwd IAT Max,,0.0,Fwd Seg Size Min|Active Mean|Idle Mean|Bwd Pkt Len Std|Pkt Size Avg,,0.0
492969,DDOS attack-LOIC-UDP,DDOS attack-LOIC-UDP,5,Tot Fwd Pkts|Fwd IAT Tot|Fwd Act Data Pkts|Flow IAT Std|Flow IAT Max,,0.0,Tot Fwd Pkts|Fwd Act Data Pkts|Fwd Header Len|Flow Duration|FIN Flag Cnt,Flow Duration,0.2
493139,DoS attacks-Hulk,DoS attacks-Hulk,4,Fwd Seg Size Min|Tot Bwd Pkts|Init Fwd Win Byts|Fwd Pkt Len Max|Fwd IAT Min,,0.0,FIN Flag Cnt|Fwd Seg Size Min|Dst Port|Tot Bwd Pkts|Init Fwd Win Byts,Dst Port,0.2
493521,DDOS attack-LOIC-UDP,DDOS attack-LOIC-UDP,5,Tot Fwd Pkts|Fwd IAT Tot|Fwd Act Data Pkts|Flow IAT Mean|Flow IAT Std,,0.0,Tot Fwd Pkts|Fwd Act Data Pkts|Fwd Header Len|CWE Flag Count|Flow Duration,Flow Duration,0.2
494293,DoS attacks-SlowHTTPTest,DoS attacks-SlowHTTPTest,4,Fwd Seg Size Min|Flow IAT Max|Flow Duration|Bwd Pkts/s|Flow IAT Min,Flow Duration,0.2,Fwd Seg Size Min|Init Fwd Win Byts|FIN Flag Cnt|Flow IAT Max|CWE Flag Count,,0.0
494676,DDoS attacks-LOIC-HTTP,DDoS attacks-LOIC-HTTP,5,Init Fwd Win Byts|Fwd IAT Std|Fwd Pkts/s|Flow IAT Min|Flow IAT Max,Fwd Pkts/s|Flow IAT Min,0.4,Fwd URG Flags|FIN Flag Cnt|Fwd Pkts/s|Fwd IAT Std|Flow Duration,Fwd Pkts/s,0.2
494780,DDoS attacks-LOIC-HTTP,DDoS attacks-LOIC-HTTP,5,Init Fwd Win Byts|Fwd IAT Std|Fwd Pkts/s|Flow IAT Min|Flow IAT Max,Fwd Pkts/s|Flow IAT Min,0.4,CWE Flag Count|FIN Flag Cnt|Fwd IAT Tot|Fwd Pkts/s|Fwd IAT Std,Fwd Pkts/s,0.2
495251,DoS attacks-GoldenEye,DoS attacks-GoldenEye,4,Fwd Seg Size Min|Flow IAT Min|Flow IAT Mean|Init Fwd Win Byts|Dst Port,Init Fwd Win Byts|Dst Port,0.4,Fwd Seg Size Min|FIN Flag Cnt|Flow IAT Min|SYN Flag Cnt|URG Flag Cnt,,0.0
495254,DoS attacks-GoldenEye,DoS attacks-GoldenEye,4,Fwd Seg Size Min|Bwd Pkt Len Std|Flow IAT Mean|Bwd IAT Std|Flow Byts/s,,0.0,Fwd Seg Size Min|Bwd Pkt Len Std|Active Mean|Dst Port|Active Min,Dst Port,0.2
497947,DDOS attack-HOIC,DDOS attack-HOIC,5,Init Fwd Win Byts|Dst Port|Tot Bwd Pkts|Fwd IAT Tot|Flow IAT Max,,0.0,Init Fwd Win Byts|Dst Port|Flow IAT Max|FIN Flag Cnt|Active Std,,0.0
498379,Brute Force -Web,Brute Force -Web,4,Fwd Pkt Len Mean|Fwd Pkt Len Max|Dst Port|Bwd Pkts/s|Fwd Pkt Len Std,Dst Port,0.2,RST Flag Cnt|Fwd Pkt Len Std|FIN Flag Cnt|Bwd IAT Min|SYN Flag Cnt,,0.0
498647,Brute Force -Web,Brute Force -Web,4,Fwd Pkt Len Std|Dst Port|Pkt Len Mean|Bwd Pkts/s|TotLen Fwd Pkts,Dst Port,0.2,Fwd PSH Flags|Bwd Pkts/s|Fwd Pkt Len Std|RST Flag Cnt|ECE Flag Cnt,,0.0
498997,DoS attacks-Slowloris,DoS attacks-Slowloris,4,Bwd IAT Max|Fwd Seg Size Min|Bwd IAT Tot|Bwd IAT Mean|Init Fwd Win Byts,,0.0,Fwd Seg Size Min|Active Std|Idle Std|Active Max|Active Mean,,0.0
499490,DoS attacks-Slowloris,DoS attacks-Slowloris,4,Bwd IAT Max|Fwd Seg Size Min|Bwd IAT Tot|Idle Max|Init Bwd Win Byts,,0.0,SYN Flag Cnt|Fwd PSH Flags|Fwd Seg Size Min|Active Min|Active Max,,0.0
499534,DoS attacks-Hulk,DoS attacks-Hulk,4,Fwd Seg Size Min|Tot Bwd Pkts|Init Fwd Win Byts|Fwd Pkt Len Max|Fwd IAT Min,,0.0,FIN Flag Cnt|Fwd Seg Size Min|Active Std|Active Max|Fwd IAT Tot,,0.0
499736,Infilteration,Infilteration,6,Fwd Header Len|Fwd Seg Size Min|PSH Flag Cnt|Dst Port|Fwd Pkt Len Max,Dst Port,0.2,RST Flag Cnt|ECE Flag Cnt|Idle Max|Fwd Pkt Len Mean|Fwd Pkt Len Max,,0.0
499961,DoS attacks-SlowHTTPTest,DoS attacks-SlowHTTPTest,4,Fwd Seg Size Min|Flow Duration|Bwd Pkts/s|Flow IAT Max|Flow IAT Min,Flow Duration,0.2,Fwd Seg Size Min|Init Fwd Win Byts|Flow Pkts/s|Bwd Header Len|Bwd Pkts/s,Flow Pkts/s,0.2
501190,DDOS attack-LOIC-UDP,DDOS attack-LOIC-UDP,5,Tot Fwd Pkts|Fwd IAT Tot|Fwd Act Data Pkts|Flow Duration|Flow IAT Mean,Flow Duration,0.2,Tot Fwd Pkts|Fwd Act Data Pkts|Flow Duration|Fwd Header Len|Fwd URG Flags,Flow Duration,0.2
502013,DoS attacks-GoldenEye,DoS attacks-GoldenEye,4,Fwd Seg Size Min|Bwd Pkt Len Std|Flow IAT Mean|Bwd IAT Std|Flow Byts/s,,0.0,Fwd Seg Size Min|FIN Flag Cnt|Bwd Pkt Len Std|Active Mean|SYN Flag Cnt,,0.0
502062,FTP-BruteForce,FTP-BruteForce,4,Fwd Seg Size Min|Flow IAT Max|Flow IAT Min|Flow IAT Mean|Flow Pkts/s,Flow IAT Min,0.2,Fwd Seg Size Min|CWE Flag Count|Init Fwd Win Byts|Flow IAT Min|Init Bwd Win Byts,Flow IAT Min,0.2
502356,Benign,Benign,4,Fwd Pkt Len Max|Fwd IAT Tot|Init Fwd Win Byts|Dst Port|RST Flag Cnt,Dst Port,0.2,FIN Flag Cnt|Tot Fwd Pkts|Fwd URG Flags|Fwd Act Data Pkts|RST Flag Cnt,,0.0
503052,Brute Force -XSS,Brute Force -XSS,6,Pkt Len Std|Tot Fwd Pkts|Fwd Pkt Len Mean|Pkt Len Mean|Dst Port,Fwd Pkt Len Mean|Pkt Len Mean|Dst Port,0.6,CWE Flag Count|Tot Fwd Pkts|ECE Flag Cnt|Subflow Fwd Pkts|Fwd URG Flags,,0.0
504955,FTP-BruteForce,FTP-BruteForce,4,Fwd Seg Size Min|Flow Pkts/s|Flow IAT Max|Flow IAT Min|Flow IAT Mean,Flow IAT Min,0.2,Fwd Seg Size Min|Init Fwd Win Byts|Flow IAT Min|Init Bwd Win Byts|Fwd Header Len,Flow IAT Min,0.2
505057,Bot,Bot,5,Dst Port|Fwd Act Data Pkts|RST Flag Cnt|Protocol|Tot Fwd Pkts,Dst Port,0.2,Dst Port|RST Flag Cnt|Bwd IAT Min|Fwd URG Flags|Active Max,Dst Port,0.2
505412,DoS attacks-Slowloris,DoS attacks-Slowloris,4,Bwd IAT Max|Fwd Seg Size Min|Bwd IAT Tot|Bwd IAT Mean|Init Fwd Win Byts,,0.0,Fwd Seg Size Min|Idle Std|Active Std|FIN Flag Cnt|CWE Flag Count,,0.0
505679,DDOS attack-LOIC-UDP,DDOS attack-LOIC-UDP,5,Tot Fwd Pkts|Fwd IAT Tot|Fwd Act Data Pkts|Flow IAT Mean|Flow Byts/s,,0.0,Tot Fwd Pkts|CWE Flag Count|Fwd Act Data Pkts|Fwd Header Len|Flow Duration,Flow Duration,0.2
506937,FTP-BruteForce,FTP-BruteForce,4,Fwd Seg Size Min|Flow Pkts/s|Flow IAT Max|Flow IAT Mean|Flow IAT Min,Flow IAT Min,0.2,Fwd Seg Size Min|Init Fwd Win Byts|CWE Flag Count|Bwd Header Len|Flow IAT Min,Flow IAT Min,0.2
507163,Bot,Bot,5,Dst Port|Fwd Act Data Pkts|RST Flag Cnt|Protocol|Tot Fwd Pkts,Dst Port,0.2,Dst Port|RST Flag Cnt|Bwd IAT Min|Fwd Pkt Len Std|FIN Flag Cnt,Dst Port,0.2
507836,DoS attacks-GoldenEye,DoS attacks-GoldenEye,4,Fwd Seg Size Min|Flow IAT Mean|Dst Port|TotLen Fwd Pkts|Fwd Pkt Len Max,Dst Port,0.2,Fwd Seg Size Min|Idle Max|Flow Byts/s|Idle Min|Fwd IAT Max,,0.0
511434,DDoS attacks-LOIC-HTTP,DDoS attacks-LOIC-HTTP,5,Fwd Pkts/s|Bwd Pkt Len Std|Fwd IAT Std|Fwd IAT Tot|Flow IAT Max,Fwd Pkts/s,0.2,FIN Flag Cnt|Fwd IAT Tot|Fwd IAT Std|Flow Byts/s|Bwd Pkt Len Std,,0.0
511643,DoS attacks-Hulk,DoS attacks-Hulk,4,Fwd Seg Size Min|Tot Bwd Pkts|Init Fwd Win Byts|Fwd Pkt Len Max|Fwd IAT Min,,0.0,FIN Flag Cnt|Fwd Seg Size Min|Dst Port|SYN Flag Cnt|Fwd Pkts/s,Dst Port,0.2
513633,DoS attacks-SlowHTTPTest,DoS attacks-SlowHTTPTest,4,Fwd Seg Size Min|Flow Duration|Bwd Pkts/s|Flow IAT Max|Flow IAT Mean,Flow Duration|Flow IAT Mean,0.4,CWE Flag Count|Fwd Seg Size Min|Init Fwd Win Byts|Fwd URG Flags|Bwd Header Len,,0.0
514192,Infilteration,Infilteration,6,Dst Port|Init Fwd Win Byts|Fwd Header Len|Fwd Pkt Len Max|Flow Duration,Dst Port|Flow Duration,0.4,RST Flag Cnt|Idle Max|ECE Flag Cnt|Fwd Pkt Len Mean|Init Fwd Win Byts,,0.0
514378,Brute Force -Web,Brute Force -Web,4,Init Fwd Win Byts|Dst Port|Fwd Pkts/s|Bwd Pkts/s|Flow IAT Min,Dst Port|Flow IAT Min,0.4,RST Flag Cnt|Fwd URG Flags|Tot Bwd Pkts|Fwd IAT Mean|CWE Flag Count,,0.0
515246,Benign,Benign,4,Fwd Pkt Len Max|Dst Port|Fwd Seg Size Min|Fwd IAT Std|Fwd Pkts/s,Dst Port,0.2,FIN Flag Cnt|Fwd Header Len|Tot Fwd Pkts|Flow Duration|CWE Flag Count,Flow Duration,0.2
516380,DDOS attack-HOIC,DDOS attack-HOIC,5,Init Fwd Win Byts|Dst Port|Tot Bwd Pkts|Fwd IAT Tot|Flow Duration,,0.0,Init Fwd Win Byts|FIN Flag Cnt|Dst Port|Subflow Bwd Byts|Idle Max,,0.0
516400,FTP-BruteForce,FTP-BruteForce,4,Fwd Seg Size Min|Flow IAT Max|Flow IAT Min|Flow IAT Mean|Flow Pkts/s,Flow IAT Min,0.2,Fwd Seg Size Min|Init Fwd Win Byts|Init Bwd Win Byts|Bwd Header Len|Fwd Header Len,,0.0
517291,Brute Force -Web,Brute Force -Web,4,Init Fwd Win Byts|Fwd Pkts/s|Dst Port|Bwd Pkts/s|Fwd IAT Min,Dst Port,0.2,RST Flag Cnt|Fwd IAT Tot|Fwd Pkt Len Max|Fwd IAT Mean|Flow IAT Min,Flow IAT Min,0.2
517439,DoS attacks-Hulk,DoS attacks-Hulk,4,Fwd Seg Size Min|Tot Bwd Pkts|Init Fwd Win Byts|Fwd Pkt Len Max|Fwd IAT Min,,0.0,FIN Flag Cnt|Fwd Seg Size Min|Fwd PSH Flags|Dst Port|URG Flag Cnt,Dst Port,0.2
517942,DDOS attack-LOIC-UDP,DDOS attack-LOIC-UDP,5,Tot Fwd Pkts|Fwd IAT Tot|Fwd Act Data Pkts|Flow IAT Mean|Flow Byts/s,,0.0,Tot Fwd Pkts|Fwd Act Data Pkts|Flow Duration|Fwd Header Len|CWE Flag Count,Flow Duration,0.2
518670,DDOS attack-LOIC-UDP,DDOS attack-LOIC-UDP,5,Tot Fwd Pkts|Fwd IAT Tot|Fwd Act Data Pkts|Flow Duration|Flow Pkts/s,Flow Duration|Flow Pkts/s,0.4,Tot Fwd Pkts|CWE Flag Count|Fwd Act Data Pkts|Flow Duration|Fwd Header Len,Flow Duration,0.2
518792,DDoS attacks-LOIC-HTTP,DDoS attacks-LOIC-HTTP,5,Init Fwd Win Byts|Fwd IAT Std|Fwd Pkts/s|Flow IAT Min|Flow IAT Max,Fwd Pkts/s|Flow IAT Min,0.4,Fwd Pkts/s|Fwd IAT Std|FIN Flag Cnt|Flow Duration|Tot Fwd Pkts,Fwd Pkts/s,0.2
519779,FTP-BruteForce,FTP-BruteForce,4,Fwd Seg Size Min|Flow Pkts/s|Flow IAT Mean|Flow IAT Max|Flow IAT Min,Flow IAT Min,0.2,Fwd URG Flags|Fwd Seg Size Min|CWE Flag Count|Init Fwd Win Byts|Bwd Pkts/s,,0.0
519990,Brute Force -Web,Brute Force -Web,4,Fwd Pkt Len Mean|Fwd Pkt Len Max|Dst Port|Bwd Pkts/s|Fwd Pkt Len Std,Dst Port,0.2,RST Flag Cnt|FIN Flag Cnt|Fwd Pkt Len Std|Bwd IAT Min|ECE Flag Cnt,,0.0
520651,Benign,Benign,4,Dst Port|Fwd Pkt Len Max|Init Fwd Win Byts|TotLen Fwd Pkts|Fwd IAT Std,Dst Port,0.2,Tot Fwd Pkts|FIN Flag Cnt|Fwd Act Data Pkts|Fwd Header Len|ECE Flag Cnt,,0.0
520811,Brute Force -Web,Brute Force -Web,4,Fwd Pkt Len Mean|Fwd Pkt Len Max|Dst Port|Bwd Pkts/s|Fwd Pkt Len Std,Dst Port,0.2,RST Flag Cnt|Fwd Pkt Len Std|Pkt Len Max|Bwd Pkts/s|ECE Flag Cnt,,0.0
521057,DoS attacks-Slowloris,DoS attacks-Slowloris,4,Fwd Seg Size Min|Init Bwd Win Byts|Flow Byts/s|Bwd Header Len|Fwd Pkt Len Std,,0.0,Fwd Seg Size Min|Flow Byts/s|FIN Flag Cnt|Fwd URG Flags|Bwd IAT Tot,,0.0
521271,DoS attacks-GoldenEye,DoS attacks-GoldenEye,4,Fwd Seg Size Min|Flow Byts/s|Flow IAT Mean|Bwd IAT Std|TotLen Bwd Pkts,,0.0,Fwd Seg Size Min|FIN Flag Cnt|Bwd Pkt Len Std|Bwd IAT Std|Bwd IAT Mean,,0.0
521292,DoS attacks-Slowloris,DoS attacks-Slowloris,4,Bwd IAT Max|Fwd Seg Size Min|Bwd IAT Tot|Bwd IAT Mean|Init Fwd Win Byts,,0.0,FIN Flag Cnt|Fwd Seg Size Min|Active Std|Active Min|Idle Std,,0.0
521606,Benign,Benign,4,Fwd Pkt Len Max|Fwd IAT Tot|Init Fwd Win Byts|Dst Port|RST Flag Cnt,Dst Port,0.2,FIN Flag Cnt|Tot Fwd Pkts|RST Flag Cnt|Dst Port|URG Flag Cnt,Dst Port,0.2
521700,Brute Force -XSS,Brute Force -XSS,6,Init Fwd Win Byts|Fwd Pkts/s|Dst Port|Flow IAT Max|Fwd IAT Min,Dst Port,0.2,CWE Flag Count|Fwd IAT Min|Fwd IAT Mean|Fwd Pkts/s|Flow IAT Min,,0.0
521856,DDoS attacks-LOIC-HTTP,DDoS attacks-LOIC-HTTP,5,Fwd Pkts/s|Bwd Pkt Len Std|Fwd IAT Std|Fwd IAT Tot|Flow IAT Max,Fwd Pkts/s,0.2,Fwd IAT Tot|Bwd Pkt Len Std|FIN Flag Cnt|Flow Byts/s|Fwd Pkt Len Mean,,0.0
522204,Brute Force -XSS,Brute Force -XSS,6,Init Fwd Win Byts|Fwd Pkts/s|Dst Port|Flow Pkts/s|Flow IAT Mean,Dst Port,0.2,Flow IAT Mean|Fwd IAT Std|Fwd Header Len|Flow IAT Min|Flow Pkts/s,Fwd Header Len,0.2
522303,FTP-BruteForce,FTP-BruteForce,4,Fwd Seg Size Min|Flow Pkts/s|Flow IAT Max|Flow IAT Min|Flow IAT Mean,Flow IAT Min,0.2,Fwd Seg Size Min|Init Fwd Win Byts|Fwd URG Flags|Bwd Header Len|Fwd Header Len,,0.0
523151,DDOS attack-HOIC,DDOS attack-HOIC,5,Init Fwd Win Byts|Dst Port|Tot Bwd Pkts|Fwd IAT Tot|Flow IAT Max,,0.0,Init Fwd Win Byts|Dst Port|FIN Flag Cnt|Fwd PSH Flags|Flow Byts/s,Flow Byts/s,0.2
523818,Bot,Bot,5,Dst Port|Fwd Act Data Pkts|RST Flag Cnt|Protocol|Tot Fwd Pkts,Dst Port,0.2,Dst Port|RST Flag Cnt|Fwd PSH Flags|CWE Flag Count|Bwd IAT Min,Dst Port,0.2
524119,DoS attacks-Hulk,DoS attacks-Hulk,4,Fwd Seg Size Min|Tot Bwd Pkts|Init Fwd Win Byts|Fwd Pkt Len Max|Fwd IAT Min,,0.0,FIN Flag Cnt|Fwd Seg Size Min|Dst Port|Flow Duration|Tot Bwd Pkts,Dst Port,0.2
524215,DoS attacks-Slowloris,DoS attacks-Slowloris,4,Bwd IAT Max|Fwd Seg Size Min|Bwd IAT Tot|Init Bwd Win Byts|Flow Duration,Flow Duration,0.2,SYN Flag Cnt|Fwd PSH Flags|Fwd Seg Size Min|Active Mean|Subflow Fwd Byts,,0.0
524341,Brute Force -Web,Brute Force -Web,4,Init Fwd Win Byts|Fwd Pkts/s|Dst Port|Bwd Pkts/s|Fwd IAT Min,Dst Port,0.2,Flow IAT Min|Flow Pkts/s|Fwd Pkts/s|Dst Port|Fwd Pkt Len Max,Flow IAT Min|Flow Pkts/s|Dst Port,0.6
524431,DoS attacks-SlowHTTPTest,DoS attacks-SlowHTTPTest,4,Fwd Seg Size Min|Flow Duration|Bwd Pkts/s|Flow IAT Max|Flow IAT Mean,Flow Duration|Flow IAT Mean,0.4,Fwd URG Flags|Fwd Seg Size Min|Init Fwd Win Byts|Fwd IAT Max|Flow Pkts/s,Flow Pkts/s,0.2
525369,FTP-BruteForce,FTP-BruteForce,4,Fwd Seg Size Min|Flow Pkts/s|Flow IAT Max|Flow IAT Min|Flow IAT Mean,Flow IAT Min,0.2,Fwd Seg Size Min|Init Fwd Win Byts|FIN Flag Cnt|Fwd Header Len|Bwd Pkts/s,,0.0
527533,SSH-Bruteforce,SSH-Bruteforce,4,Dst Port|Fwd Act Data Pkts|Fwd Seg Size Min|Init Bwd Win Byts|Flow IAT Min,Dst Port|Flow IAT Min,0.4,Dst Port|Init Bwd Win Byts|Fwd URG Flags|CWE Flag Count|Fwd Act Data Pkts,Dst Port,0.2
527604,Brute Force -Web,Brute Force -Web,4,Init Fwd Win Byts|Dst Port|Bwd Pkts/s|Fwd IAT Min|Flow Byts/s,Dst Port,0.2,Fwd URG Flags|Flow Pkts/s|Flow IAT Min|Dst Port|Init Fwd Win Byts,Flow Pkts/s|Flow IAT Min|Dst Port,0.6
527698,DoS attacks-GoldenEye,DoS attacks-GoldenEye,4,Fwd Seg Size Min|Bwd Pkt Len Std|TotLen Bwd Pkts|Flow IAT Mean|Fwd Pkt Len Max,,0.0,Fwd Seg Size Min|Bwd Pkt Len Std|FIN Flag Cnt|Fwd IAT Tot|Fwd Pkt Len Min,,0.0
528224,DDOS attack-HOIC,DDOS attack-HOIC,5,Init Fwd Win Byts|Dst Port|Tot Bwd Pkts|Fwd IAT Tot|Flow IAT Max,,0.0,Init Fwd Win Byts|Dst Port|CWE Flag Count|Flow IAT Max|Fwd IAT Max,,0.0
528339,Infilteration,Infilteration,6,Fwd Header Len|Fwd Seg Size Min|PSH Flag Cnt|Dst Port|Fwd Pkt Len Max,Dst Port,0.2,RST Flag Cnt|FIN Flag Cnt|Fwd Pkt Len Mean|Idle Max|CWE Flag Count,,0.0
529754,DoS attacks-GoldenEye,DoS attacks-GoldenEye,4,Fwd Seg Size Min|Flow IAT Min|Flow IAT Mean|Init Fwd Win Byts|Dst Port,Init Fwd Win Byts|Dst Port,0.4,Fwd Seg Size Min|Flow IAT Min|SYN Flag Cnt|FIN Flag Cnt|Fwd PSH Flags,,0.0
530029,SSH-Bruteforce,SSH-Bruteforce,4,Dst Port|Fwd Act Data Pkts|Fwd Seg Size Min|Init Bwd Win Byts|Flow IAT Min,Dst Port|Flow IAT Min,0.4,Dst Port|Init Bwd Win Byts|Fwd Act Data Pkts|Fwd URG Flags|Flow IAT Min,Dst Port|Flow IAT Min,0.4
530909,Benign,Benign,4,Fwd Pkt Len Max|Dst Port|RST Flag Cnt|Fwd IAT Std|Bwd Header Len,Dst Port,0.2,Tot Fwd Pkts|FIN Flag Cnt|Fwd URG Flags|Fwd Act Data Pkts|Flow Duration,Flow Duration,0.2
531043,SSH-Bruteforce,SSH-Bruteforce,4,Dst Port|Fwd Act Data Pkts|Fwd Seg Size Min|Init Bwd Win Byts|Flow IAT Min,Dst Port|Flow IAT Min,0.4,Dst Port|Init Bwd Win Byts|Fwd Act Data Pkts|Fwd URG Flags|Active Max,Dst Port,0.2
531225,Brute Force -Web,Brute Force -Web,4,Init Fwd Win Byts|Dst Port|Fwd Pkts/s|Bwd Pkts/s|Flow IAT Min,Dst Port|Flow IAT Min,0.4,Fwd Pkts/s|Flow IAT Min|Flow Pkts/s|Fwd IAT Min|Fwd Header Len,Flow IAT Min|Flow Pkts/s|Fwd Header Len,0.6
531234,DoS attacks-SlowHTTPTest,DoS attacks-SlowHTTPTest,4,Fwd Seg Size Min|Flow IAT Max|Flow Duration|Bwd Pkts/s|Flow IAT Min,Flow Duration,0.2,Fwd Seg Size Min|Init Fwd Win Byts|Init Bwd Win Byts|Fwd Pkts/s|Flow IAT Max,,0.0
531260,DoS attacks-SlowHTTPTest,DoS attacks-SlowHTTPTest,4,Fwd Seg Size Min|Flow Duration|Bwd Pkts/s|Flow IAT Max|Flow IAT Min,Flow Duration,0.2,Fwd Seg Size Min|Init Fwd Win Byts|Fwd Header Len|Flow Duration|Bwd Header Len,Flow Duration,0.2
532195,Benign,Benign,4,Init Fwd Win Byts|Fwd Pkt Len Max|Flow Duration|Fwd IAT Std|Bwd Pkt Len Std,Flow Duration,0.2,FIN Flag Cnt|Tot Fwd Pkts|Fwd Act Data Pkts|Fwd Header Len|Flow Duration,Flow Duration,0.2
532594,Bot,Bot,5,Dst Port|RST Flag Cnt|TotLen Fwd Pkts|Fwd Act Data Pkts|Protocol,Dst Port,0.2,Dst Port|RST Flag Cnt|Bwd IAT Std|FIN Flag Cnt|Fwd Act Data Pkts,Dst Port,0.2
533025,Benign,Benign,4,Dst Port|Init Fwd Win Byts|Fwd Pkt Len Max|Fwd Pkt Len Std|Tot Bwd Pkts,Dst Port,0.2,FIN Flag Cnt|Tot Fwd Pkts|CWE Flag Count|RST Flag Cnt|ECE Flag Cnt,,0.0
534785,DoS attacks-SlowHTTPTest,DoS attacks-SlowHTTPTest,4,Fwd Seg Size Min|Flow IAT Max|Flow Duration|Flow IAT Min|Dst Port,Flow Duration,0.2,Fwd Seg Size Min|Init Fwd Win Byts|FIN Flag Cnt|Init Bwd Win Byts|Fwd IAT Min,,0.0
535830,DDOS attack-LOIC-UDP,DDOS attack-LOIC-UDP,5,Tot Fwd Pkts|Fwd IAT Tot|Fwd Act Data Pkts|Flow Pkts/s|Flow Byts/s,Flow Pkts/s,0.2,Tot Fwd Pkts|Fwd Act Data Pkts|CWE Flag Count|Fwd Header Len|Flow Duration,Flow Duration,0.2
536590,DDOS attack-HOIC,DDOS attack-HOIC,5,Init Fwd Win Byts|Dst Port|Tot Bwd Pkts|Fwd IAT Tot|Flow IAT Max,,0.0,Init Fwd Win Byts|Dst Port|Active Min|Fwd IAT Min|Fwd IAT Max,,0.0
537001,DDoS attacks-LOIC-HTTP,DDoS attacks-LOIC-HTTP,5,Init Fwd Win Byts|Fwd IAT Std|Fwd Pkts/s|Flow IAT Min|Flow IAT Max,Fwd Pkts/s|Flow IAT Min,0.4,Fwd IAT Tot|Fwd Pkts/s|Fwd IAT Std|FIN Flag Cnt|Tot Fwd Pkts,Fwd Pkts/s,0.2
537705,Benign,Benign,4,Fwd Pkt Len Max|Init Fwd Win Byts|Bwd Pkt Len Std|Flow IAT Std|RST Flag Cnt,,0.0,FIN Flag Cnt|Tot Fwd Pkts|RST Flag Cnt|Flow Duration|CWE Flag Count,Flow Duration,0.2
538877,Infilteration,Infilteration,6,Fwd Header Len|Fwd Seg Size Min|PSH Flag Cnt|Dst Port|Fwd Pkt Len Max,Dst Port,0.2,RST Flag Cnt|ECE Flag Cnt|Fwd URG Flags|FIN Flag Cnt|Fwd Pkt Len Mean,,0.0
539934,DoS attacks-Hulk,DoS attacks-Hulk,4,Fwd Seg Size Min|Tot Bwd Pkts|Init Fwd Win Byts|Fwd Pkt Len Max|Fwd IAT Min,,0.0,FIN Flag Cnt|Fwd Seg Size Min|Dst Port|Tot Bwd Pkts|URG Flag Cnt,Dst Port,0.2
540314,DoS attacks-GoldenEye,DoS attacks-GoldenEye,4,Fwd Seg Size Min|Flow IAT Mean|Flow Byts/s|Bwd IAT Std|TotLen Bwd Pkts,,0.0,Fwd Seg Size Min|Bwd Pkt Len Std|FIN Flag Cnt|Pkt Len Mean|CWE Flag Count,,0.0
541578,Bot,Bot,5,Dst Port|RST Flag Cnt|TotLen Fwd Pkts|Fwd Act Data Pkts|Protocol,Dst Port,0.2,RST Flag Cnt|Dst Port|Bwd IAT Min|FIN Flag Cnt|ECE Flag Cnt,Dst Port,0.2
541763,SSH-Bruteforce,SSH-Bruteforce,4,Dst Port|Fwd Act Data Pkts|Fwd Seg Size Min|Init Bwd Win Byts|Flow IAT Min,Dst Port|Flow IAT Min,0.4,Dst Port|Init Bwd Win Byts|Fwd Act Data Pkts|Flow IAT Mean|Bwd Header Len,Dst Port,0.2
541907,Benign,Benign,4,Fwd Pkt Len Max|Fwd IAT Tot|Init Fwd Win Byts|Dst Port|RST Flag Cnt,Dst Port,0.2,FIN Flag Cnt|Fwd URG Flags|Tot Fwd Pkts|CWE Flag Count|RST Flag Cnt,,0.0
542701,DoS attacks-Hulk,DoS attacks-Hulk,4,Fwd Seg Size Min|Tot Bwd Pkts|Init Fwd Win Byts|Fwd Pkt Len Max|Fwd IAT Min,,0.0,FIN Flag Cnt|Fwd Seg Size Min|SYN Flag Cnt|URG Flag Cnt|Dst Port,Dst Port,0.2
542957,DoS attacks-GoldenEye,DoS attacks-GoldenEye,4,Fwd Seg Size Min|Flow IAT Min|Init Fwd Win Byts|Flow IAT Mean|Dst Port,Init Fwd Win Byts|Dst Port,0.4,Fwd Seg Size Min|Bwd Pkt Len Std|Flow IAT Min|FIN Flag Cnt|Flow Pkts/s,,0.0
543960,Infilteration,Infilteration,6,Fwd Header Len|Fwd Seg Size Min|PSH Flag Cnt|Fwd Pkt Len Max|Bwd Pkts/s,,0.0,RST Flag Cnt|FIN Flag Cnt|Idle Max|ECE Flag Cnt|Fwd Pkt Len Mean,,0.0
544015,Bot,Bot,5,Dst Port|RST Flag Cnt|TotLen Fwd Pkts|Fwd Act Data Pkts|Protocol,Dst Port,0.2,Dst Port|RST Flag Cnt|URG Flag Cnt|Active Std|Active Max,Dst Port,0.2
544926,DoS attacks-SlowHTTPTest,DoS attacks-SlowHTTPTest,4,Fwd Seg Size Min|Flow Duration|Bwd Pkts/s|Flow IAT Max|Flow IAT Min,Flow Duration,0.2,Fwd Seg Size Min|CWE Flag Count|Init Fwd Win Byts|Fwd URG Flags|Flow Duration,Flow Duration,0.2
545075,Benign,Benign,4,RST Flag Cnt|ECE Flag Cnt|Dst Port|Fwd Pkt Len Max|Flow Duration,Dst Port|Flow Duration,0.4,Tot Fwd Pkts|FIN Flag Cnt|Fwd Act Data Pkts|Flow Duration|Fwd Header Len,Flow Duration,0.2
545107,SSH-Bruteforce,SSH-Bruteforce,4,Dst Port|Fwd Act Data Pkts|Fwd Seg Size Min|Init Bwd Win Byts|Flow IAT Min,Dst Port|Flow IAT Min,0.4,Dst Port|Init Bwd Win Byts|Fwd URG Flags|Fwd Act Data Pkts|Flow IAT Mean,Dst Port,0.2
546412,DDoS attacks-LOIC-HTTP,DDoS attacks-LOIC-HTTP,5,Init Fwd Win Byts|Fwd IAT Std|Fwd Pkts/s|Flow IAT Min|Flow IAT Max,Fwd Pkts/s|Flow IAT Min,0.4,Fwd Pkts/s|CWE Flag Count|Fwd IAT Std|Flow Byts/s|Fwd Pkt Len Max,Fwd Pkts/s,0.2
547046,Infilteration,Infilteration,6,Fwd Header Len|Fwd Seg Size Min|PSH Flag Cnt|Bwd Pkts/s|Fwd Pkt Len Max,,0.0,RST Flag Cnt|FIN Flag Cnt|ECE Flag Cnt|Idle Max|CWE Flag Count,,0.0
547278,Benign,Benign,4,Fwd Pkt Len Max|Fwd IAT Tot|Init Fwd Win Byts|Dst Port|RST Flag Cnt,Dst Port,0.2,FIN Flag Cnt|Tot Fwd Pkts|Dst Port|RST Flag Cnt|Fwd Seg Size Min,Dst Port,0.2
547721,DDoS attacks-LOIC-HTTP,DDoS attacks-LOIC-HTTP,5,Bwd Pkt Len Std|Bwd Pkt Len Mean|Flow IAT Max|Fwd Pkts/s|Fwd IAT Tot,Fwd Pkts/s,0.2,FIN Flag Cnt|Bwd Pkt Len Std|Fwd IAT Tot|URG Flag Cnt|Flow Byts/s,,0.0
548313,DoS attacks-SlowHTTPTest,DoS attacks-SlowHTTPTest,4,Fwd Seg Size Min|Flow IAT Max|Flow Duration|Bwd Pkts/s|Flow IAT Min,Flow Duration,0.2,Fwd Seg Size Min|Init Fwd Win Byts|Dst Port|Bwd Header Len|Flow IAT Mean,Flow IAT Mean,0.2
548820,FTP-BruteForce,FTP-BruteForce,4,Fwd Seg Size Min|Flow Pkts/s|Flow IAT Max|Flow Duration|Flow IAT Min,Flow IAT Min,0.2,Fwd Seg Size Min|Init Fwd Win Byts|Flow Duration|Flow IAT Min|Init Bwd Win Byts,Flow IAT Min,0.2
549022,Brute Force -Web,Brute Force -Web,4,Init Fwd Win Byts|Fwd Pkts/s|Dst Port|Bwd Pkts/s|Fwd IAT Min,Dst Port,0.2,Fwd IAT Max|Flow IAT Max|Dst Port|Fwd IAT Mean|Fwd IAT Tot,Dst Port,0.2
549311,FTP-BruteForce,FTP-BruteForce,4,Fwd Seg Size Min|Flow Pkts/s|Flow IAT Max|Flow IAT Min|Flow IAT Mean,Flow IAT Min,0.2,Fwd Seg Size Min|Init Fwd Win Byts|CWE Flag Count|Flow Pkts/s|Fwd Header Len,,0.0
549377,DoS attacks-Slowloris,DoS attacks-Slowloris,4,Fwd Seg Size Min|Fwd IAT Std|Dst Port|Init Fwd Win Byts|Pkt Size Avg,,0.0,Fwd Seg Size Min|FIN Flag Cnt|Dst Port|Flow IAT Mean|Fwd URG Flags,Flow IAT Mean,0.2
549420,Bot,Bot,5,Dst Port|RST Flag Cnt|TotLen Fwd Pkts|Fwd Act Data Pkts|Protocol,Dst Port,0.2,Dst Port|RST Flag Cnt|FIN Flag Cnt|Fwd IAT Min|Fwd URG Flags,Dst Port,0.2
550396,Benign,Benign,4,Fwd Pkt Len Max|Init Fwd Win Byts|Bwd Pkt Len Std|Flow IAT Mean|Bwd Pkt Len Mean,Flow IAT Mean,0.2,FIN Flag Cnt|Tot Fwd Pkts|Fwd Seg Size Min|URG Flag Cnt|Init Fwd Win Byts,,0.0
552052,DDOS attack-LOIC-UDP,DDOS attack-LOIC-UDP,5,Tot Fwd Pkts|Fwd IAT Tot|Fwd Act Data Pkts|Flow Duration|Flow IAT Min,Flow Duration,0.2,Tot Fwd Pkts|Fwd Act Data Pkts|Fwd Header Len|Flow Duration|CWE Flag Count,Flow Duration,0.2
553764,Infilteration,Infilteration,6,Fwd Header Len|Fwd Seg Size Min|PSH Flag Cnt|Bwd Pkts/s|Fwd Pkt Len Max,,0.0,RST Flag Cnt|ECE Flag Cnt|Fwd Pkt Len Mean|Fwd Pkt Len Max|Idle Max,,0.0
553967,DoS attacks-SlowHTTPTest,DoS attacks-SlowHTTPTest,4,Fwd Seg Size Min|Flow IAT Max|Flow Duration|Flow IAT Min|Flow Pkts/s,Flow Duration|Flow Pkts/s,0.4,Fwd Seg Size Min|CWE Flag Count|Init Fwd Win Byts|Fwd IAT Mean|Init Bwd Win Byts,,0.0
555078,Infilteration,Infilteration,6,Fwd Header Len|Fwd Seg Size Min|PSH Flag Cnt|Dst Port|Fwd Pkt Len Max,Dst Port,0.2,FIN Flag Cnt|RST Flag Cnt|Fwd Pkt Len Mean|Idle Max|URG Flag Cnt,,0.0
556032,Brute Force -XSS,Brute Force -XSS,6,Pkt Len Std|Tot Fwd Pkts|Fwd Pkt Len Mean|Pkt Len Mean|Dst Port,Fwd Pkt Len Mean|Pkt Len Mean|Dst Port,0.6,CWE Flag Count|Bwd Pkts/s|Tot Bwd Pkts|Tot Fwd Pkts|ECE Flag Cnt,,0.0
556093,DDOS attack-HOIC,DDOS attack-HOIC,5,Init Fwd Win Byts|Dst Port|Tot Bwd Pkts|Fwd IAT Tot|Flow IAT Max,,0.0,Init Fwd Win Byts|Dst Port|Flow IAT Max|Fwd PSH Flags|Fwd Seg Size Avg,,0.0
556135,FTP-BruteForce,FTP-BruteForce,4,Fwd Seg Size Min|Flow Pkts/s|Flow IAT Max|Flow Duration|Flow IAT Min,Flow IAT Min,0.2,Fwd Seg Size Min|Fwd URG Flags|Init Fwd Win Byts|Flow Duration|Fwd Header Len,,0.0
556787,DDOS attack-LOIC-UDP,DDOS attack-LOIC-UDP,5,Tot Fwd Pkts|Fwd IAT Tot|Fwd Act Data Pkts|Flow Pkts/s|Flow Byts/s,Flow Pkts/s,0.2,Tot Fwd Pkts|CWE Flag Count|Fwd Act Data Pkts|Fwd Header Len|Flow Duration,Flow Duration,0.2
557077,SQL Injection,SQL Injection,5,Bwd Pkt Len Std|Fwd Pkt Len Std|Dst Port|Flow IAT Min|Fwd IAT Min,Dst Port,0.2,Bwd IAT Std|Flow Byts/s|Bwd IAT Max|Bwd IAT Tot|Bwd IAT Mean,,0.0
557127,Benign,Benign,4,Fwd Pkt Len Max|Dst Port|Bwd Pkt Len Max|Fwd IAT Std|Init Fwd Win Byts,Dst Port,0.2,Tot Fwd Pkts|Fwd URG Flags|Fwd Act Data Pkts|FIN Flag Cnt|Fwd Header Len,,0.0
557149,DoS attacks-GoldenEye,DoS attacks-GoldenEye,4,Fwd Seg Size Min|Flow IAT Min|Flow IAT Mean|Init Fwd Win Byts|Dst Port,Init Fwd Win Byts|Dst Port,0.4,Fwd Seg Size Min|FIN Flag Cnt|Flow IAT Min|Fwd IAT Max|Protocol,,0.0
558508,DDOS attack-HOIC,DDOS attack-HOIC,5,Init Fwd Win Byts|Dst Port|Tot Bwd Pkts|Fwd IAT Tot|Flow IAT Max,,0.0,Init Fwd Win Byts|Dst Port|Bwd Pkt Len Std|FIN Flag Cnt|Fwd Header Len,,0.0
559418,Brute Force -XSS,Brute Force -XSS,6,Pkt Len Std|Tot Fwd Pkts|Fwd Pkt Len Mean|Pkt Len Mean|Dst Port,Fwd Pkt Len Mean|Pkt Len Mean|Dst Port,0.6,CWE Flag Count|Flow IAT Mean|ECE Flag Cnt|Bwd Pkts/s|RST Flag Cnt,,0.0
560298,Bot,Bot,5,Dst Port|Fwd Act Data Pkts|RST Flag Cnt|Protocol|Tot Fwd Pkts,Dst Port,0.2,FIN Flag Cnt|Dst Port|RST Flag Cnt|Bwd IAT Min|SYN Flag Cnt,Dst Port,0.2
560414,DoS attacks-Slowloris,DoS attacks-Slowloris,4,Fwd Seg Size Min|Fwd IAT Std|Dst Port|Init Fwd Win Byts|Pkt Size Avg,,0.0,Fwd Seg Size Min|FIN Flag Cnt|Fwd PSH Flags|Dst Port|CWE Flag Count,,0.0
560964,FTP-BruteForce,FTP-BruteForce,4,Fwd Seg Size Min|Flow Pkts/s|Flow IAT Max|Flow IAT Mean|Flow IAT Min,Flow IAT Min,0.2,Fwd Seg Size Min|Init Fwd Win Byts|Fwd IAT Min|Init Bwd Win Byts|Bwd Header Len,,0.0
561247,FTP-BruteForce,FTP-BruteForce,4,Fwd Seg Size Min|Flow Pkts/s|Flow IAT Mean|Flow IAT Max|Flow IAT Min,Flow IAT Min,0.2,Fwd Seg Size Min|Init Fwd Win Byts|Bwd Header Len|Fwd Header Len|Init Bwd Win Byts,,0.0
561844,Bot,Bot,5,Dst Port|RST Flag Cnt|TotLen Fwd Pkts|Fwd Act Data Pkts|Protocol,Dst Port,0.2,Dst Port|RST Flag Cnt|Fwd URG Flags|Bwd IAT Min|Bwd Pkt Len Std,Dst Port,0.2
562744,DoS attacks-SlowHTTPTest,DoS attacks-SlowHTTPTest,4,Fwd Seg Size Min|Flow Duration|Bwd Pkts/s|Flow IAT Max|Flow IAT Mean,Flow Duration|Flow IAT Mean,0.4,Fwd Seg Size Min|Init Fwd Win Byts|Bwd Header Len|Flow IAT Max|Dst Port,,0.0
562807,SSH-Bruteforce,SSH-Bruteforce,4,Dst Port|Fwd Act Data Pkts|Fwd Seg Size Min|Init Bwd Win Byts|Bwd Header Len,Dst Port,0.2,Dst Port|Init Bwd Win Byts|Fwd Act Data Pkts|Fwd URG Flags|Fwd Seg Size Min,Dst Port,0.2
563067,DoS attacks-Hulk,DoS attacks-Hulk,4,Fwd Seg Size Min|Tot Bwd Pkts|Init Fwd Win Byts|Fwd Pkt Len Max|Fwd IAT Min,,0.0,FIN Flag Cnt|Fwd Seg Size Min|SYN Flag Cnt|Flow IAT Min|Active Min,,0.0
563183,DDOS attack-HOIC,DDOS attack-HOIC,5,Init Fwd Win Byts|Dst Port|Tot Bwd Pkts|Fwd IAT Tot|Flow IAT Max,,0.0,Init Fwd Win Byts|Dst Port|Fwd URG Flags|FIN Flag Cnt|Flow Duration,,0.0
563562,Benign,Benign,4,Fwd Pkt Len Max|Fwd IAT Tot|Init Fwd Win Byts|Dst Port|RST Flag Cnt,Dst Port,0.2,FIN Flag Cnt|Tot Fwd Pkts|Fwd URG Flags|Dst Port|RST Flag Cnt,Dst Port,0.2
566548,DDoS attacks-LOIC-HTTP,DDoS attacks-LOIC-HTTP,5,Init Fwd Win Byts|Fwd IAT Std|Fwd Pkts/s|Flow IAT Min|Flow IAT Max,Fwd Pkts/s|Flow IAT Min,0.4,Fwd Pkts/s|Fwd IAT Std|FIN Flag Cnt|URG Flag Cnt|Bwd IAT Std,Fwd Pkts/s,0.2
567714,Brute Force -Web,Brute Force -Web,4,Fwd Pkt Len Mean|Fwd Pkt Len Max|Dst Port|Bwd Pkts/s|Fwd Pkt Len Std,Dst Port,0.2,Fwd Pkt Len Std|RST Flag Cnt|FIN Flag Cnt|Pkt Len Std|ECE Flag Cnt,,0.0
568374,DoS attacks-SlowHTTPTest,DoS attacks-SlowHTTPTest,4,Fwd Seg Size Min|Flow IAT Max|Flow Duration|Flow IAT Min|Dst Port,Flow Duration,0.2,Fwd Seg Size Min|Init Fwd Win Byts|Bwd Header Len|Init Bwd Win Byts|Fwd Header Len,,0.0
568690,DoS attacks-Slowloris,DoS attacks-Slowloris,4,Bwd IAT Max|Fwd Seg Size Min|Bwd IAT Tot|Bwd IAT Mean|Init Fwd Win Byts,,0.0,FIN Flag Cnt|Fwd Seg Size Min|Active Std|Idle Std|Active Min,,0.0
569841,FTP-BruteForce,FTP-BruteForce,4,Fwd Seg Size Min|Flow Pkts/s|Flow IAT Max|Flow IAT Min|Flow IAT Mean,Flow IAT Min,0.2,Fwd Seg Size Min|Init Fwd Win Byts|Fwd IAT Max|Init Bwd Win Byts|Bwd Header Len,,0.0
570266,DoS attacks-GoldenEye,DoS attacks-GoldenEye,4,Fwd Seg Size Min|Flow IAT Mean|Dst Port|TotLen Fwd Pkts|Fwd Pkt Len Max,Dst Port,0.2,Fwd Seg Size Min|Idle Std|Dst Port|FIN Flag Cnt|SYN Flag Cnt,Dst Port,0.2
570893,FTP-BruteForce,FTP-BruteForce,4,Fwd Seg Size Min|Flow Pkts/s|Flow IAT Max|Flow IAT Min|Dst Port,Flow IAT Min|Dst Port,0.4,Fwd Seg Size Min|Init Fwd Win Byts|Dst Port|Flow IAT Min|Bwd Header Len,Dst Port|Flow IAT Min,0.4
571160,DoS attacks-Slowloris,DoS attacks-Slowloris,4,Bwd IAT Max|Fwd Seg Size Min|Bwd IAT Tot|Init Bwd Win Byts|Flow Duration,Flow Duration,0.2,Fwd PSH Flags|SYN Flag Cnt|Fwd Seg Size Min|Active Min|Active Mean,,0.0
572251,DoS attacks-GoldenEye,DoS attacks-GoldenEye,4,Fwd Seg Size Min|Flow IAT Min|Init Fwd Win Byts|Flow IAT Mean|Dst Port,Init Fwd Win Byts|Dst Port,0.4,Fwd Seg Size Min|Fwd URG Flags|Flow IAT Min|Active Std|Bwd Pkt Len Std,,0.0
572369,DDOS attack-HOIC,DDOS attack-HOIC,5,Init Fwd Win Byts|Dst Port|Tot Bwd Pkts|Fwd IAT Tot|Flow IAT Max,,0.0,Init Fwd Win Byts|Fwd URG Flags|Dst Port|CWE Flag Count|Flow IAT Max,,0.0
572379,Brute Force -XSS,Brute Force -XSS,6,Init Fwd Win Byts|Fwd Pkts/s|Dst Port|Bwd Pkts/s|Flow IAT Max,Dst Port,0.2,Fwd IAT Std|Flow IAT Min|Subflow Fwd Pkts|Flow IAT Max|Flow IAT Mean,,0.0
573050,Infilteration,Infilteration,6,Fwd Header Len|Fwd Seg Size Min|PSH Flag Cnt|Bwd Pkts/s|Fwd Pkt Len Max,,0.0,RST Flag Cnt|FIN Flag Cnt|Fwd Pkt Len Mean|ECE Flag Cnt|Fwd Pkt Len Max,,0.0
573092,Bot,Bot,5,Dst Port|Fwd Act Data Pkts|RST Flag Cnt|Protocol|Tot Fwd Pkts,Dst Port,0.2,Dst Port|RST Flag Cnt|URG Flag Cnt|Bwd IAT Min|FIN Flag Cnt,Dst Port,0.2
573424,Brute Force -XSS,Brute Force -XSS,6,Init Fwd Win Byts|Fwd Pkts/s|Dst Port|Bwd Pkts/s|Flow Duration,Dst Port,0.2,Dst Port|Fwd Header Len|Fwd IAT Tot|Fwd IAT Mean|Flow Duration,Dst Port|Fwd Header Len,0.4
574243,FTP-BruteForce,FTP-BruteForce,4,Fwd Seg Size Min|Flow Pkts/s|Flow IAT Max|Flow Duration|Flow IAT Min,Flow IAT Min,0.2,Fwd URG Flags|Fwd Seg Size Min|Init Fwd Win Byts|Flow Duration|Fwd IAT Tot,,0.0
574359,DoS attacks-SlowHTTPTest,DoS attacks-SlowHTTPTest,4,Fwd Seg Size Min|Flow Duration|Bwd Pkts/s|Flow IAT Max|Flow IAT Mean,Flow Duration|Flow IAT Mean,0.4,Fwd Seg Size Min|Fwd URG Flags|Init Fwd Win Byts|Init Bwd Win Byts|Flow IAT Min,,0.0
574820,FTP-BruteForce,FTP-BruteForce,4,Fwd Seg Size Min|Flow Pkts/s|Flow IAT Max|Flow IAT Mean|Flow IAT Min,Flow IAT Min,0.2,Fwd Seg Size Min|Init Fwd Win Byts|CWE Flag Count|Fwd Header Len|Init Bwd Win Byts,,0.0
575894,DoS attacks-GoldenEye,DoS attacks-GoldenEye,4,Fwd Seg Size Min|Flow Byts/s|Flow IAT Mean|Bwd IAT Std|TotLen Bwd Pkts,,0.0,Fwd Seg Size Min|Bwd Pkt Len Std|SYN Flag Cnt|Idle Mean|Subflow Bwd Pkts,,0.0
576116,Benign,Benign,4,Dst Port|Fwd Pkt Len Max|ECE Flag Cnt|RST Flag Cnt|Bwd Pkt Len Max,Dst Port,0.2,FIN Flag Cnt|Tot Fwd Pkts|Fwd Act Data Pkts|RST Flag Cnt|Fwd Header Len,,0.0
576383,SSH-Bruteforce,SSH-Bruteforce,4,Dst Port|Fwd Act Data Pkts|Fwd Seg Size Min|Init Bwd Win Byts|Flow IAT Min,Dst Port|Flow IAT Min,0.4,Dst Port|Init Bwd Win Byts|Fwd Act Data Pkts|Fwd URG Flags|Flow IAT Mean,Dst Port,0.2
576568,Bot,Bot,5,Dst Port|Fwd Act Data Pkts|RST Flag Cnt|Protocol|Tot Fwd Pkts,Dst Port,0.2,RST Flag Cnt|Dst Port|FIN Flag Cnt|CWE Flag Count|Bwd IAT Min,Dst Port,0.2
576604,SSH-Bruteforce,SSH-Bruteforce,4,Dst Port|Fwd Act Data Pkts|Fwd Seg Size Min|Init Bwd Win Byts|Flow IAT Min,Dst Port|Flow IAT Min,0.4,Dst Port|Init Bwd Win Byts|Fwd Act Data Pkts|CWE Flag Count|Fwd Seg Size Min,Dst Port,0.2
577124,Infilteration,Infilteration,6,Fwd Header Len|Fwd Seg Size Min|PSH Flag Cnt|Bwd Pkts/s|Fwd Pkt Len Max,,0.0,FIN Flag Cnt|RST Flag Cnt|Idle Max|CWE Flag Count|Fwd Pkt Len Mean,,0.0
577200,Brute Force -Web,Brute Force -Web,4,Init Fwd Win Byts|Dst Port|Fwd Pkts/s|Bwd Pkts/s|Fwd IAT Min,Dst Port,0.2,RST Flag Cnt|Flow IAT Mean|Fwd Header Len|TotLen Fwd Pkts|Fwd Pkt Len Max,Fwd Header Len,0.2
577574,DoS attacks-SlowHTTPTest,DoS attacks-SlowHTTPTest,4,Fwd Seg Size Min|Flow IAT Max|Flow Duration|Bwd Pkts/s|Flow IAT Min,Flow Duration,0.2,Fwd Seg Size Min|Init Fwd Win Byts|Bwd Header Len|Bwd Pkts/s|CWE Flag Count,,0.0
577891,DDOS attack-HOIC,DDOS attack-HOIC,5,Init Fwd Win Byts|Dst Port|Tot Bwd Pkts|Fwd IAT Tot|Flow IAT Max,,0.0,Init Fwd Win Byts|Dst Port|Active Max|Fwd URG Flags|Bwd Seg Size Avg,,0.0
579008,DoS attacks-GoldenEye,DoS attacks-GoldenEye,4,Fwd Seg Size Min|Flow IAT Min|Init Fwd Win Byts|Flow IAT Mean|Dst Port,Init Fwd Win Byts|Dst Port,0.4,Fwd Seg Size Min|FIN Flag Cnt|CWE Flag Count|Flow IAT Min|URG Flag Cnt,,0.0
579551,DoS attacks-GoldenEye,DoS attacks-GoldenEye,4,Fwd Seg Size Min|Bwd Pkt Len Std|Bwd IAT Std|Flow IAT Mean|Fwd Pkt Len Max,,0.0,Fwd Seg Size Min|Bwd Pkt Len Std|Fwd URG Flags|Dst Port|Tot Fwd Pkts,Dst Port,0.2
579553,Benign,Benign,4,Dst Port|Fwd Pkt Len Max|Fwd IAT Std|Fwd Pkt Len Mean|Flow IAT Min,Dst Port,0.2,FIN Flag Cnt|Tot Fwd Pkts|Dst Port|Fwd Pkt Len Mean|Fwd Act Data Pkts,Dst Port,0.2
579996,SSH-Bruteforce,SSH-Bruteforce,4,Dst Port|Fwd Act Data Pkts|Fwd Seg Size Min|Init Bwd Win Byts|Flow IAT Min,Dst Port|Flow IAT Min,0.4,Dst Port|Init Bwd Win Byts|Flow IAT Min|Fwd Act Data Pkts|TotLen Bwd Pkts,Dst Port|Flow IAT Min,0.4
580531,DDOS attack-HOIC,DDOS attack-HOIC,5,Init Fwd Win Byts|Dst Port|Tot Bwd Pkts|Fwd IAT Tot|Flow Duration,,0.0,Init Fwd Win Byts|Dst Port|Bwd IAT Tot|Flow IAT Max|Fwd IAT Tot,,0.0
580699,DDOS attack-HOIC,DDOS attack-HOIC,5,Init Fwd Win Byts|Dst Port|Tot Bwd Pkts|Fwd IAT Tot|Flow IAT Max,,0.0,Init Fwd Win Byts|Dst Port|Flow IAT Max|Active Max|Pkt Size Avg,,0.0
581812,DoS attacks-GoldenEye,DoS attacks-GoldenEye,4,Fwd Seg Size Min|Flow IAT Mean|Dst Port|TotLen Fwd Pkts|Fwd Pkt Len Max,Dst Port,0.2,Fwd Seg Size Min|Dst Port|Active Mean|Idle Min|Fwd PSH Flags,Dst Port,0.2
582540,DDOS attack-HOIC,DDOS attack-HOIC,5,Init Fwd Win Byts|Dst Port|Tot Bwd Pkts|Fwd IAT Tot|Flow IAT Max,,0.0,Init Fwd Win Byts|Dst Port|FIN Flag Cnt|Flow IAT Max|Idle Min,,0.0
582782,DoS attacks-Slowloris,DoS attacks-Slowloris,4,Bwd IAT Max|Fwd Seg Size Min|Bwd IAT Tot|Idle Max|Init Bwd Win Byts,,0.0,Fwd PSH Flags|Fwd Seg Size Min|SYN Flag Cnt|Active Min|Pkt Len Mean,,0.0
582796,Benign,Benign,4,Fwd Pkt Len Max|Dst Port|Init Fwd Win Byts|RST Flag Cnt|Bwd Pkts/s,Dst Port,0.2,FIN Flag Cnt|Tot Fwd Pkts|Fwd URG Flags|CWE Flag Count|Dst Port,Dst Port,0.2
583069,Benign,Benign,4,Fwd Pkt Len Max|Init Fwd Win Byts|Bwd Pkt Len Std|Flow IAT Mean|Bwd Pkt Len Mean,Flow IAT Mean,0.2,FIN Flag Cnt|Tot Fwd Pkts|RST Flag Cnt|CWE Flag Count|Fwd Header Len,,0.0
583977,Infilteration,Infilteration,6,Dst Port|Init Fwd Win Byts|Fwd Pkt Len Max|Fwd Header Len|Flow Duration,Dst Port|Flow Duration,0.4,Fwd URG Flags|RST Flag Cnt|Init Fwd Win Byts|Fwd Pkt Len Mean|Idle Max,,0.0
586068,DDoS attacks-LOIC-HTTP,DDoS attacks-LOIC-HTTP,5,Fwd Pkts/s|Bwd Pkt Len Std|Fwd IAT Std|Fwd IAT Tot|Flow IAT Max,Fwd Pkts/s,0.2,Fwd Pkts/s|Fwd URG Flags|Bwd Pkt Len Std|Fwd IAT Tot|Flow Byts/s,Fwd Pkts/s,0.2
586185,DoS attacks-SlowHTTPTest,DoS attacks-SlowHTTPTest,4,Fwd Seg Size Min|Flow IAT Max|Flow Duration|Bwd Pkts/s|Flow IAT Min,Flow Duration,0.2,Fwd Seg Size Min|Init Fwd Win Byts|Flow Duration|Subflow Bwd Pkts|Bwd Pkts/s,Flow Duration,0.2
586287,SSH-Bruteforce,SSH-Bruteforce,4,Dst Port|Fwd Act Data Pkts|Fwd Seg Size Min|Init Bwd Win Byts|Flow IAT Min,Dst Port|Flow IAT Min,0.4,Dst Port|Init Bwd Win Byts|URG Flag Cnt|Fwd Act Data Pkts|SYN Flag Cnt,Dst Port,0.2
587143,SSH-Bruteforce,SSH-Bruteforce,4,Dst Port|Fwd Act Data Pkts|Fwd Seg Size Min|Init Bwd Win Byts|Bwd Header Len,Dst Port,0.2,Dst Port|Init Bwd Win Byts|Fwd Act Data Pkts|Bwd IAT Std|SYN Flag Cnt,Dst Port,0.2
588054,Benign,Benign,4,Fwd Pkt Len Max|Dst Port|Fwd IAT Std|RST Flag Cnt|Bwd Pkt Len Max,Dst Port,0.2,Tot Fwd Pkts|FIN Flag Cnt|Fwd Act Data Pkts|Fwd Header Len|RST Flag Cnt,,0.0
588686,DoS attacks-Slowloris,DoS attacks-Slowloris,4,Bwd IAT Max|Fwd Seg Size Min|Bwd IAT Tot|Bwd IAT Mean|Init Fwd Win Byts,,0.0,Fwd Seg Size Min|FIN Flag Cnt|Idle Std|Active Std|Active Max,,0.0
588707,DDOS attack-HOIC,DDOS attack-HOIC,5,Init Fwd Win Byts|Dst Port|Tot Bwd Pkts|Fwd IAT Tot|Flow IAT Max,,0.0,FIN Flag Cnt|Init Fwd Win Byts|Dst Port|Flow IAT Max|Fwd IAT Tot,,0.0
588815,DoS attacks-Slowloris,DoS attacks-Slowloris,4,Bwd IAT Max|Fwd Seg Size Min|Bwd IAT Tot|Bwd IAT Mean|Init Fwd Win Byts,,0.0,Fwd Seg Size Min|FIN Flag Cnt|Active Std|Idle Std|Active Mean,,0.0
589312,DoS attacks-Slowloris,DoS attacks-Slowloris,4,Bwd IAT Max|Fwd Seg Size Min|Bwd IAT Tot|Idle Max|Bwd Header Len,,0.0,FIN Flag Cnt|Fwd Seg Size Min|Fwd PSH Flags|Active Min|Pkt Len Mean,,0.0
589510,Benign,Benign,4,RST Flag Cnt|ECE Flag Cnt|Dst Port|Fwd Pkt Len Max|Bwd Pkt Len Max,Dst Port,0.2,FIN Flag Cnt|Tot Fwd Pkts|CWE Flag Count|Fwd Act Data Pkts|Flow Duration,Flow Duration,0.2
589638,Bot,Bot,5,Dst Port|RST Flag Cnt|TotLen Fwd Pkts|Fwd Act Data Pkts|Protocol,Dst Port,0.2,Dst Port|RST Flag Cnt|Pkt Size Avg|Flow IAT Min|SYN Flag Cnt,Dst Port|Flow IAT Min,0.4
589832,SSH-Bruteforce,SSH-Bruteforce,4,Dst Port|Fwd Act Data Pkts|Fwd Seg Size Min|Init Bwd Win Byts|Flow IAT Min,Dst Port|Flow IAT Min,0.4,Dst Port|Init Bwd Win Byts|URG Flag Cnt|Fwd Act Data Pkts|FIN Flag Cnt,Dst Port,0.2
590357,DoS attacks-SlowHTTPTest,DoS attacks-SlowHTTPTest,4,Fwd Seg Size Min|Flow Duration|Bwd Pkts/s|Flow IAT Max|Flow IAT Min,Flow Duration,0.2,Fwd Seg Size Min|Init Fwd Win Byts|Fwd IAT Max|Fwd Pkts/s|Init Bwd Win Byts,,0.0
590730,DDOS attack-LOIC-UDP,DDOS attack-LOIC-UDP,5,Tot Fwd Pkts|Fwd IAT Tot|Fwd Act Data Pkts|Fwd IAT Std|Fwd Header Len,,0.0,Tot Fwd Pkts|Fwd Act Data Pkts|Fwd Header Len|Flow Duration|URG Flag Cnt,Flow Duration,0.2
592629,DDOS attack-HOIC,DDOS attack-HOIC,5,Init Fwd Win Byts|Dst Port|Tot Bwd Pkts|Fwd IAT Tot|Flow IAT Max,,0.0,Init Fwd Win Byts|Dst Port|Fwd PSH Flags|Flow IAT Max|Idle Std,,0.0
592661,DDoS attacks-LOIC-HTTP,DDoS attacks-LOIC-HTTP,5,Fwd Pkts/s|Bwd Pkt Len Std|Fwd IAT Std|Fwd IAT Tot|Flow IAT Max,Fwd Pkts/s,0.2,Flow Byts/s|Bwd Pkt Len Std|Fwd IAT Std|FIN Flag Cnt|Fwd IAT Tot,,0.0
592759,FTP-BruteForce,FTP-BruteForce,4,Fwd Seg Size Min|Flow Pkts/s|Flow IAT Max|Flow IAT Min|Flow IAT Mean,Flow IAT Min,0.2,Fwd Seg Size Min|Init Fwd Win Byts|Fwd Pkts/s|Bwd Header Len|Bwd Pkts/s,,0.0
594484,DoS attacks-Hulk,DoS attacks-Hulk,4,Fwd Seg Size Min|Tot Bwd Pkts|Init Fwd Win Byts|Fwd Pkt Len Max|Fwd IAT Min,,0.0,FIN Flag Cnt|Fwd Seg Size Min|Tot Bwd Pkts|Dst Port|Active Min,Dst Port,0.2
596381,DoS attacks-Hulk,DoS attacks-Hulk,4,Fwd Seg Size Min|Tot Bwd Pkts|Init Fwd Win Byts|Fwd Pkt Len Max|Fwd IAT Min,,0.0,FIN Flag Cnt|Fwd Seg Size Min|Dst Port|Active Std|Fwd Header Len,Dst Port,0.2
596432,DoS attacks-Hulk,DoS attacks-Hulk,4,Fwd Seg Size Min|Tot Bwd Pkts|Init Fwd Win Byts|Fwd Pkt Len Max|Fwd IAT Min,,0.0,FIN Flag Cnt|Fwd Seg Size Min|Dst Port|SYN Flag Cnt|CWE Flag Count,Dst Port,0.2
596463,DDOS attack-HOIC,DDOS attack-HOIC,5,Init Fwd Win Byts|Dst Port|Tot Bwd Pkts|Fwd IAT Tot|Flow IAT Max,,0.0,Init Fwd Win Byts|Dst Port|Fwd IAT Tot|Flow IAT Mean|Active Mean,Flow IAT Mean,0.2
598293,Brute Force -XSS,Brute Force -XSS,6,Pkt Len Std|Tot Fwd Pkts|Fwd Pkt Len Mean|Pkt Len Mean|Dst Port,Fwd Pkt Len Mean|Pkt Len Mean|Dst Port,0.6,Fwd URG Flags|Tot Fwd Pkts|Bwd Pkts/s|Subflow Fwd Pkts|RST Flag Cnt,,0.0
599171,SSH-Bruteforce,SSH-Bruteforce,4,Dst Port|Fwd Act Data Pkts|Fwd Seg Size Min|Init Bwd Win Byts|Flow IAT Min,Dst Port|Flow IAT Min,0.4,Dst Port|Init Bwd Win Byts|Fwd Act Data Pkts|Init Fwd Win Byts|FIN Flag Cnt,Dst Port,0.2
600283,DDOS attack-LOIC-UDP,DDOS attack-LOIC-UDP,5,Tot Fwd Pkts|Flow Duration|Fwd Header Len|Fwd Act Data Pkts|Fwd IAT Tot,Flow Duration,0.2,Tot Fwd Pkts|Fwd Act Data Pkts|Fwd Header Len|Flow Duration|Fwd URG Flags,Flow Duration,0.2
601025,Infilteration,Infilteration,6,Dst Port|Flow IAT Max|Init Fwd Win Byts|ACK Flag Cnt|Pkt Len Mean,Dst Port,0.2,Down/Up Ratio|RST Flag Cnt|FIN Flag Cnt|ECE Flag Cnt|Fwd Pkt Len Mean,,0.0
601076,Benign,Benign,4,Fwd Pkt Len Max|Fwd IAT Tot|Init Fwd Win Byts|ECE Flag Cnt|Dst Port,Dst Port,0.2,FIN Flag Cnt|CWE Flag Count|Tot Fwd Pkts|Fwd URG Flags|Dst Port,Dst Port,0.2
601248,Benign,Benign,4,Fwd Pkt Len Max|Dst Port|RST Flag Cnt|Fwd IAT Std|ECE Flag Cnt,Dst Port,0.2,Tot Fwd Pkts|FIN Flag Cnt|Fwd Act Data Pkts|Fwd Header Len|Fwd URG Flags,,0.0
602074,DDOS attack-LOIC-UDP,DDOS attack-LOIC-UDP,5,Tot Fwd Pkts|Fwd IAT Tot|Fwd Act Data Pkts|Fwd Header Len|Flow IAT Min,,0.0,Tot Fwd Pkts|Fwd Act Data Pkts|Fwd Header Len|Flow Duration|FIN Flag Cnt,Flow Duration,0.2
602468,SSH-Bruteforce,SSH-Bruteforce,4,Dst Port|Fwd Act Data Pkts|Fwd Seg Size Min|Init Bwd Win Byts|Bwd Header Len,Dst Port,0.2,Dst Port|Init Bwd Win Byts|CWE Flag Count|Flow IAT Mean|Fwd Act Data Pkts,Dst Port,0.2
603280,DoS attacks-GoldenEye,DoS attacks-GoldenEye,4,Fwd Seg Size Min|Flow Byts/s|Flow IAT Mean|Bwd IAT Std|TotLen Bwd Pkts,,0.0,Fwd Seg Size Min|Bwd Pkt Len Std|Active Min|Tot Bwd Pkts|Fwd Pkt Len Max,,0.0
603794,DoS attacks-SlowHTTPTest,DoS attacks-SlowHTTPTest,4,Fwd Seg Size Min|Flow IAT Max|Flow Duration|Bwd Pkts/s|Flow IAT Min,Flow Duration,0.2,Fwd Seg Size Min|Init Fwd Win Byts|Flow IAT Max|Dst Port|Bwd Header Len,,0.0
603879,DoS attacks-Hulk,DoS attacks-Hulk,4,Fwd Seg Size Min|Tot Bwd Pkts|Init Fwd Win Byts|Fwd Pkt Len Max|Fwd IAT Min,,0.0,FIN Flag Cnt|Fwd Seg Size Min|Bwd Pkt Len Max|Dst Port|Fwd Pkts/s,Dst Port,0.2
604539,DoS attacks-SlowHTTPTest,DoS attacks-SlowHTTPTest,4,Fwd Seg Size Min|Flow IAT Max|Flow Duration|Bwd Pkts/s|Flow IAT Min,Flow Duration,0.2,Fwd Seg Size Min|Fwd URG Flags|Init Fwd Win Byts|Flow IAT Min|Fwd Header Len,,0.0
606155,FTP-BruteForce,FTP-BruteForce,4,Fwd Seg Size Min|Flow Pkts/s|Flow IAT Mean|Flow IAT Max|Flow IAT Min,Flow IAT Min,0.2,Fwd Seg Size Min|Init Fwd Win Byts|CWE Flag Count|Fwd IAT Min|Fwd IAT Max,,0.0
607173,DDOS attack-HOIC,DDOS attack-HOIC,5,Init Fwd Win Byts|Dst Port|Tot Bwd Pkts|Fwd IAT Tot|Flow IAT Max,,0.0,Init Fwd Win Byts|Dst Port|Fwd PSH Flags|Flow IAT Max|Protocol,,0.0
607258,DDOS attack-HOIC,DDOS attack-HOIC,5,Init Fwd Win Byts|Dst Port|Tot Bwd Pkts|Fwd IAT Tot|Flow IAT Max,,0.0,Init Fwd Win Byts|Dst Port|Idle Std|Bwd IAT Mean|Fwd URG Flags,,0.0
607340,DoS attacks-Slowloris,DoS attacks-Slowloris,4,Bwd IAT Max|Fwd Seg Size Min|Bwd IAT Tot|Idle Max|Init Bwd Win Byts,,0.0,SYN Flag Cnt|Fwd PSH Flags|Fwd Seg Size Min|FIN Flag Cnt|Active Min,,0.0
608635,DDoS attacks-LOIC-HTTP,DDoS attacks-LOIC-HTTP,5,Init Fwd Win Byts|Fwd IAT Std|Fwd Pkts/s|Flow IAT Min|Flow IAT Max,Fwd Pkts/s|Flow IAT Min,0.4,Fwd Pkts/s|Fwd IAT Std|Flow IAT Min|Flow Duration|Bwd Pkt Len Std,Fwd Pkts/s|Flow IAT Min,0.4
610381,DoS attacks-GoldenEye,DoS attacks-GoldenEye,4,Fwd Seg Size Min|Bwd Pkt Len Std|Flow IAT Mean|Fwd Pkt Len Max|Dst Port,Dst Port,0.2,Fwd Seg Size Min|Bwd Pkt Len Std|Pkt Len Var|Tot Bwd Pkts|SYN Flag Cnt,,0.0
610547,DoS attacks-Slowloris,DoS attacks-Slowloris,4,Fwd Seg Size Min|Fwd IAT Std|Dst Port|Init Fwd Win Byts|Pkt Size Avg,,0.0,FIN Flag Cnt|Fwd Seg Size Min|URG Flag Cnt|Flow IAT Max|Dst Port,,0.0
611074,Infilteration,Infilteration,6,Fwd Seg Size Min|Fwd Header Len|Dst Port|PSH Flag Cnt|Flow Duration,Dst Port|Flow Duration,0.4,RST Flag Cnt|FIN Flag Cnt|Dst Port|Fwd Pkt Len Mean|Idle Max,Dst Port,0.2
611368,DoS attacks-Hulk,DoS attacks-Hulk,4,Fwd Seg Size Min|Init Fwd Win Byts|Tot Bwd Pkts|Fwd Pkt Len Max|Fwd IAT Min,,0.0,FIN Flag Cnt|Fwd Seg Size Min|CWE Flag Count|Dst Port|SYN Flag Cnt,Dst Port,0.2
612632,DDOS attack-HOIC,DDOS attack-HOIC,5,Init Fwd Win Byts|Dst Port|Tot Bwd Pkts|Fwd IAT Tot|Flow Duration,,0.0,Init Fwd Win Byts|Dst Port|Bwd Pkt Len Std|Bwd Pkts/s|Flow IAT Max,,0.0
612695,Brute Force -Web,Brute Force -Web,4,Fwd Pkt Len Mean|Fwd Pkt Len Max|Dst Port|Bwd Pkts/s|Fwd Pkt Len Std,Dst Port,0.2,RST Flag Cnt|Fwd Pkt Len Std|Bwd Pkt Len Mean|Flow Pkts/s|Pkt Len Var,Flow Pkts/s,0.2
614266,Brute Force -Web,Brute Force -Web,4,Init Fwd Win Byts|Fwd Pkts/s|Dst Port|Bwd Pkts/s|Fwd IAT Min,Dst Port,0.2,Fwd IAT Mean|Fwd IAT Min|Fwd Pkts/s|Dst Port|Bwd Pkts/s,Dst Port,0.2
614472,Brute Force -Web,Brute Force -Web,4,Fwd Pkt Len Mean|Fwd Pkt Len Max|Dst Port|Bwd Pkts/s|Fwd Pkt Len Std,Dst Port,0.2,CWE Flag Count|Fwd Pkt Len Std|RST Flag Cnt|Dst Port|Bwd Pkts/s,Dst Port,0.2
615138,DoS attacks-Hulk,DoS attacks-Hulk,4,Fwd Seg Size Min|Tot Bwd Pkts|Init Fwd Win Byts|Fwd Pkt Len Max|Fwd IAT Min,,0.0,FIN Flag Cnt|Fwd Seg Size Min|Dst Port|Active Max|Bwd IAT Min,Dst Port,0.2
616668,DDoS attacks-LOIC-HTTP,DDoS attacks-LOIC-HTTP,5,Fwd Pkts/s|Bwd Pkt Len Std|Fwd IAT Std|Fwd IAT Tot|Flow IAT Max,Fwd Pkts/s,0.2,CWE Flag Count|FIN Flag Cnt|Bwd Pkt Len Std|Fwd IAT Tot|Fwd IAT Std,,0.0
617191,DDOS attack-HOIC,DDOS attack-HOIC,5,Init Fwd Win Byts|Dst Port|Tot Bwd Pkts|Fwd IAT Tot|Flow IAT Max,,0.0,Init Fwd Win Byts|Dst Port|Fwd IAT Tot|SYN Flag Cnt|ACK Flag Cnt,,0.0
618615,DoS attacks-Hulk,DoS attacks-Hulk,4,Fwd Seg Size Min|Tot Bwd Pkts|Init Fwd Win Byts|Fwd Pkt Len Max|Fwd IAT Min,,0.0,FIN Flag Cnt|Fwd Seg Size Min|Fwd URG Flags|CWE Flag Count|Dst Port,Dst Port,0.2
618663,Brute Force -Web,Brute Force -Web,4,Fwd Pkt Len Mean|Fwd Pkt Len Max|Dst Port|Bwd Pkts/s|Fwd Pkt Len Std,Dst Port,0.2,RST Flag Cnt|Fwd Pkt Len Std|Fwd IAT Tot|Fwd Header Len|Pkt Len Std,Fwd Header Len,0.2
619960,DoS attacks-Hulk,DoS attacks-Hulk,4,Fwd Seg Size Min|Tot Bwd Pkts|Init Fwd Win Byts|Fwd Pkt Len Max|Fwd IAT Min,,0.0,FIN Flag Cnt|Fwd Seg Size Min|Dst Port|Flow Pkts/s|Tot Bwd Pkts,Dst Port|Flow Pkts/s,0.4
620071,FTP-BruteForce,FTP-BruteForce,4,Fwd Seg Size Min|Flow Pkts/s|Flow IAT Max|Flow IAT Min|Flow IAT Mean,Flow IAT Min,0.2,Fwd Seg Size Min|Init Fwd Win Byts|Fwd Header Len|Fwd Pkts/s|Fwd IAT Tot,,0.0
620109,FTP-BruteForce,FTP-BruteForce,4,Fwd Seg Size Min|Flow Pkts/s|Flow IAT Max|Flow Duration|Flow IAT Min,Flow IAT Min,0.2,Fwd Seg Size Min|Init Fwd Win Byts|Flow IAT Max|Init Bwd Win Byts|Fwd Pkts/s,,0.0
621479,DDOS attack-LOIC-UDP,DDOS attack-LOIC-UDP,5,Tot Fwd Pkts|Fwd Header Len|Fwd Act Data Pkts|Flow Duration|Flow IAT Min,Flow Duration,0.2,Tot Fwd Pkts|Fwd Act Data Pkts|CWE Flag Count|Fwd Header Len|Flow Duration,Flow Duration,0.2
621707,DDOS attack-LOIC-UDP,DDOS attack-LOIC-UDP,5,Tot Fwd Pkts|Fwd IAT Tot|Fwd Act Data Pkts|Flow IAT Std|Flow Duration,Flow Duration,0.2,Tot Fwd Pkts|Fwd URG Flags|Fwd Act Data Pkts|Fwd Header Len|Flow Duration,Flow Duration,0.2
621721,Benign,Benign,4,Fwd Pkt Len Max|ECE Flag Cnt|Init Fwd Win Byts|RST Flag Cnt|Flow IAT Std,,0.0,FIN Flag Cnt|Flow Duration|Tot Fwd Pkts|RST Flag Cnt|Init Fwd Win Byts,Flow Duration,0.2
621782,SSH-Bruteforce,SSH-Bruteforce,4,Dst Port|Fwd Act Data Pkts|Fwd Seg Size Min|Init Bwd Win Byts|Flow IAT Min,Dst Port|Flow IAT Min,0.4,Dst Port|Init Bwd Win Byts|Fwd Act Data Pkts|Fwd PSH Flags|Bwd IAT Min,Dst Port,0.2
621884,FTP-BruteForce,FTP-BruteForce,4,Fwd Seg Size Min|Flow Pkts/s|Flow IAT Max|Flow Duration|Flow IAT Min,Flow IAT Min,0.2,Fwd Seg Size Min|Init Fwd Win Byts|Fwd Header Len|Bwd Pkts/s|Flow IAT Max,,0.0
622597,Bot,Bot,5,Dst Port|RST Flag Cnt|TotLen Fwd Pkts|Fwd Act Data Pkts|Protocol,Dst Port,0.2,Dst Port|RST Flag Cnt|Bwd IAT Min|Flow IAT Max|Bwd IAT Mean,Dst Port,0.2
622836,SSH-Bruteforce,SSH-Bruteforce,4,Dst Port|Bwd Header Len|Bwd Pkts/s|Fwd Seg Size Min|Init Bwd Win Byts,Dst Port,0.2,Dst Port|URG Flag Cnt|Init Bwd Win Byts|Fwd PSH Flags|Bwd Pkts/s,Dst Port,0.2
622854,DoS attacks-Hulk,DoS attacks-Hulk,4,Fwd Seg Size Min|Tot Bwd Pkts|Init Fwd Win Byts|Fwd Pkt Len Max|Fwd IAT Min,,0.0,FIN Flag Cnt|Fwd Seg Size Min|Dst Port|SYN Flag Cnt|Fwd PSH Flags,Dst Port,0.2
622888,DDOS attack-HOIC,DDOS attack-HOIC,5,Init Fwd Win Byts|Dst Port|Tot Bwd Pkts|Fwd IAT Tot|Flow IAT Max,,0.0,Init Fwd Win Byts|Dst Port|CWE Flag Count|URG Flag Cnt|Flow IAT Max,,0.0
623914,DoS attacks-SlowHTTPTest,DoS attacks-SlowHTTPTest,4,Fwd Seg Size Min|Flow IAT Max|Flow Duration|Bwd Pkts/s|Flow IAT Min,Flow Duration,0.2,Fwd Seg Size Min|Init Fwd Win Byts|Flow IAT Min|Bwd Header Len|Init Bwd Win Byts,,0.0
624071,DoS attacks-SlowHTTPTest,DoS attacks-SlowHTTPTest,4,Fwd Seg Size Min|Flow IAT Max|Flow Duration|Flow IAT Min|Dst Port,Flow Duration,0.2,Fwd Seg Size Min|Init Fwd Win Byts|Bwd Header Len|Fwd IAT Mean|Flow IAT Mean,Flow IAT Mean,0.2
624147,SSH-Bruteforce,SSH-Bruteforce,4,Dst Port|Fwd Act Data Pkts|Fwd Seg Size Min|Init Bwd Win Byts|Flow IAT Min,Dst Port|Flow IAT Min,0.4,Dst Port|Init Bwd Win Byts|Fwd Act Data Pkts|Fwd Seg Size Min|Init Fwd Win Byts,Dst Port,0.2
624957,DoS attacks-GoldenEye,DoS attacks-GoldenEye,4,Fwd Seg Size Min|Flow Byts/s|Flow IAT Mean|Bwd IAT Std|TotLen Bwd Pkts,,0.0,Fwd Seg Size Min|Bwd Pkt Len Std|URG Flag Cnt|Active Std|Fwd Pkt Len Std,,0.0
625380,Benign,Benign,4,Dst Port|RST Flag Cnt|ECE Flag Cnt|Fwd Pkt Len Max|Flow Duration,Dst Port|Flow Duration,0.4,Tot Fwd Pkts|FIN Flag Cnt|Fwd URG Flags|Fwd Act Data Pkts|Fwd Header Len,,0.0
625897,Brute Force -Web,Brute Force -Web,4,Fwd Pkt Len Std|Dst Port|Pkt Len Mean|Bwd Pkts/s|TotLen Fwd Pkts,Dst Port,0.2,RST Flag Cnt|Fwd Pkt Len Std|Bwd Pkt Len Std|Init Bwd Win Byts|Fwd Pkt Len Mean,,0.0
626359,DDOS attack-LOIC-UDP,DDOS attack-LOIC-UDP,5,Tot Fwd Pkts|Fwd IAT Tot|Fwd Act Data Pkts|Flow IAT Max|Flow IAT Min,,0.0,Tot Fwd Pkts|Fwd Act Data Pkts|Fwd Header Len|Flow Duration|FIN Flag Cnt,Flow Duration,0.2
626687,FTP-BruteForce,FTP-BruteForce,4,Fwd Seg Size Min|Flow Pkts/s|Flow IAT Max|Flow IAT Mean|Flow IAT Min,Flow IAT Min,0.2,Fwd Seg Size Min|Init Fwd Win Byts|FIN Flag Cnt|Flow IAT Mean|Flow Pkts/s,,0.0
626732,DoS attacks-Hulk,DoS attacks-Hulk,4,Fwd Seg Size Min|Tot Bwd Pkts|Init Fwd Win Byts|Fwd Pkt Len Max|Fwd IAT Min,,0.0,FIN Flag Cnt|Fwd Seg Size Min|Fwd URG Flags|Dst Port|Fwd PSH Flags,Dst Port,0.2
628867,Benign,Benign,4,Bwd Pkt Len Max|Fwd Pkt Len Max|Dst Port|Init Fwd Win Byts|Flow Duration,Dst Port|Flow Duration,0.4,Tot Fwd Pkts|FIN Flag Cnt|Fwd URG Flags|Fwd Act Data Pkts|Fwd Header Len,,0.0
629710,DoS attacks-Hulk,DoS attacks-Hulk,4,Fwd Seg Size Min|Tot Bwd Pkts|Init Fwd Win Byts|Fwd Pkt Len Max|Fwd IAT Min,,0.0,FIN Flag Cnt|Fwd Seg Size Min|Dst Port|Tot Bwd Pkts|Active Min,Dst Port,0.2
629734,Brute Force -Web,Brute Force -Web,4,Fwd Pkt Len Mean|Fwd Pkt Len Max|Dst Port|Bwd Pkts/s|Fwd Pkt Len Std,Dst Port,0.2,Fwd Pkt Len Std|RST Flag Cnt|Fwd Header Len|Pkt Len Max|Bwd IAT Min,Fwd Header Len,0.2
630081,Brute Force -XSS,Brute Force -XSS,6,Init Fwd Win Byts|Fwd Pkts/s|Dst Port|Bwd Pkts/s|Flow Duration,Dst Port,0.2,Flow IAT Mean|Flow Duration|Fwd IAT Max|Fwd Header Len|Dst Port,Fwd Header Len|Dst Port,0.4
630498,DoS attacks-GoldenEye,DoS attacks-GoldenEye,4,Fwd Seg Size Min|Bwd Pkt Len Std|Bwd IAT Std|Flow IAT Mean|Fwd Pkt Len Max,,0.0,Fwd Seg Size Min|Bwd Pkt Len Std|SYN Flag Cnt|Idle Max|Active Max,,0.0
633069,FTP-BruteForce,FTP-BruteForce,4,Fwd Seg Size Min|Flow Pkts/s|Flow IAT Max|Flow IAT Min|Dst Port,Flow IAT Min|Dst Port,0.4,Fwd Seg Size Min|Init Fwd Win Byts|CWE Flag Count|Init Bwd Win Byts|Fwd IAT Tot,,0.0
633244,DoS attacks-GoldenEye,DoS attacks-GoldenEye,4,Fwd Seg Size Min|Flow IAT Min|Init Fwd Win Byts|Flow IAT Mean|Dst Port,Init Fwd Win Byts|Dst Port,0.4,Fwd Seg Size Min|Fwd URG Flags|CWE Flag Count|Flow IAT Min|Dst Port,Dst Port,0.2
634085,Benign,Benign,4,Fwd Pkt Len Max|Dst Port|Fwd IAT Std|RST Flag Cnt|Fwd Pkts/s,Dst Port,0.2,FIN Flag Cnt|Tot Fwd Pkts|Fwd Header Len|Fwd URG Flags|Flow Duration,Flow Duration,0.2
635380,DoS attacks-Hulk,DoS attacks-Hulk,4,Fwd Seg Size Min|Tot Bwd Pkts|Init Fwd Win Byts|Fwd Pkt Len Max|Fwd IAT Min,,0.0,FIN Flag Cnt|Fwd Seg Size Min|Bwd Pkts/s|SYN Flag Cnt|Idle Std,,0.0
635670,DoS attacks-Slowloris,DoS attacks-Slowloris,4,Fwd Seg Size Min|Fwd PSH Flags|Flow Byts/s|Init Bwd Win Byts|Dst Port,,0.0,Fwd PSH Flags|SYN Flag Cnt|Fwd Seg Size Min|Fwd URG Flags|Flow Byts/s,,0.0
635904,FTP-BruteForce,FTP-BruteForce,4,Fwd Seg Size Min|Flow IAT Min|Flow Pkts/s|Flow IAT Max|Flow Duration,Flow IAT Min,0.2,Fwd Seg Size Min|Init Fwd Win Byts|Flow IAT Min|Init Bwd Win Byts|Fwd Pkts/s,Flow IAT Min,0.2
636835,FTP-BruteForce,FTP-BruteForce,4,Fwd Seg Size Min|Flow IAT Min|Flow Pkts/s|Flow IAT Max|Flow Duration,Flow IAT Min,0.2,Fwd Seg Size Min|Init Fwd Win Byts|Bwd Header Len|Flow Duration|Init Bwd Win Byts,,0.0
636981,DoS attacks-Slowloris,DoS attacks-Slowloris,4,Bwd IAT Max|Fwd Seg Size Min|Bwd IAT Tot|Bwd IAT Mean|Init Fwd Win Byts,,0.0,FIN Flag Cnt|Fwd Seg Size Min|Active Mean|Fwd PSH Flags|Idle Std,,0.0
637430,Bot,Bot,5,Dst Port|RST Flag Cnt|TotLen Fwd Pkts|Fwd Act Data Pkts|Protocol,Dst Port,0.2,Dst Port|RST Flag Cnt|Bwd IAT Min|URG Flag Cnt|FIN Flag Cnt,Dst Port,0.2
638285,DDoS attacks-LOIC-HTTP,DDoS attacks-LOIC-HTTP,5,Bwd Pkt Len Std|Bwd Pkt Len Mean|Fwd IAT Tot|Fwd Pkts/s|Fwd IAT Std,Fwd Pkts/s,0.2,Fwd IAT Tot|Bwd Pkt Len Std|Flow Byts/s|Fwd IAT Std|Bwd IAT Std,,0.0
638364,DoS attacks-GoldenEye,DoS attacks-GoldenEye,4,Fwd Seg Size Min|Flow IAT Min|Init Fwd Win Byts|Flow IAT Mean|Dst Port,Init Fwd Win Byts|Dst Port,0.4,Fwd Seg Size Min|CWE Flag Count|Flow IAT Min|FIN Flag Cnt|Bwd Pkt Len Min,,0.0
638798,DoS attacks-SlowHTTPTest,DoS attacks-SlowHTTPTest,4,Fwd Seg Size Min|Flow IAT Max|Flow Duration|Bwd Pkts/s|Flow IAT Min,Flow Duration,0.2,Fwd Seg Size Min|Init Fwd Win Byts|Fwd URG Flags|Bwd Header Len|Fwd IAT Max,,0.0
639271,DDOS attack-LOIC-UDP,DDOS attack-LOIC-UDP,5,Tot Fwd Pkts|Fwd IAT Tot|Fwd Act Data Pkts|Flow IAT Min|Fwd Header Len,,0.0,Tot Fwd Pkts|Fwd Act Data Pkts|Fwd Header Len|Flow Duration|FIN Flag Cnt,Flow Duration,0.2
639539,DoS attacks-Hulk,DoS attacks-Hulk,4,Fwd Seg Size Min|Tot Bwd Pkts|Init Fwd Win Byts|Fwd Pkt Len Max|Fwd IAT Min,,0.0,FIN Flag Cnt|Fwd Seg Size Min|Dst Port|CWE Flag Count|Flow IAT Max,Dst Port,0.2
640875,DDOS attack-HOIC,DDOS attack-HOIC,5,Init Fwd Win Byts|Dst Port|Tot Bwd Pkts|Fwd IAT Tot|Flow IAT Max,,0.0,Init Fwd Win Byts|Dst Port|Idle Std|Fwd Header Len|Bwd Pkt Len Min,,0.0
641423,Brute Force -Web,Brute Force -Web,4,Fwd Pkt Len Mean|Fwd Pkt Len Max|Dst Port|Bwd Pkts/s|Fwd Pkt Len Std,Dst Port,0.2,RST Flag Cnt|Fwd Pkt Len Std|Pkt Len Std|FIN Flag Cnt|Bwd Pkt Len Max,,0.0
641553,Infilteration,Infilteration,6,Fwd Header Len|Fwd Seg Size Min|PSH Flag Cnt|Dst Port|Fwd Pkt Len Max,Dst Port,0.2,CWE Flag Count|RST Flag Cnt|ECE Flag Cnt|Fwd Pkt Len Mean|FIN Flag Cnt,,0.0
641947,Bot,Bot,5,Dst Port|RST Flag Cnt|TotLen Fwd Pkts|Fwd Act Data Pkts|Protocol,Dst Port,0.2,Dst Port|RST Flag Cnt|Fwd URG Flags|FIN Flag Cnt|Bwd Seg Size Avg,Dst Port,0.2
642177,DoS attacks-GoldenEye,DoS attacks-GoldenEye,4,Fwd Seg Size Min|Bwd Pkt Len Std|Flow IAT Mean|Fwd Pkt Len Max|Bwd Pkt Len Mean,,0.0,Fwd Seg Size Min|Bwd Pkt Len Std|SYN Flag Cnt|Fwd Pkt Len Mean|Fwd IAT Mean,,0.0
643445,DDoS attacks-LOIC-HTTP,DDoS attacks-LOIC-HTTP,5,Init Fwd Win Byts|Fwd IAT Std|Fwd Pkts/s|Flow IAT Min|Flow IAT Max,Fwd Pkts/s|Flow IAT Min,0.4,Fwd Pkts/s|Fwd IAT Std|Dst Port|Fwd Pkt Len Max|FIN Flag Cnt,Fwd Pkts/s|Dst Port,0.4
644030,DoS attacks-Slowloris,DoS attacks-Slowloris,4,Fwd Seg Size Min|Bwd IAT Mean|Dst Port|Init Bwd Win Byts|Init Fwd Win Byts,,0.0,Fwd Seg Size Min|Fwd URG Flags|URG Flag Cnt|Fwd PSH Flags|Idle Std,,0.0
644398,Infilteration,Infilteration,6,Fwd Header Len|Fwd Seg Size Min|PSH Flag Cnt|Bwd Pkts/s|Fwd Pkt Len Max,,0.0,RST Flag Cnt|ECE Flag Cnt|Idle Max|Fwd Pkt Len Mean|URG Flag Cnt,,0.0
644982,DDOS attack-HOIC,DDOS attack-HOIC,5,Init Fwd Win Byts|Dst Port|Tot Bwd Pkts|Fwd IAT Tot|Flow Duration,,0.0,Init Fwd Win Byts|Dst Port|Fwd URG Flags|Flow IAT Max|Fwd IAT Std,,0.0
645824,Benign,Benign,4,Dst Port|Fwd IAT Tot|Fwd Pkt Len Mean|Fwd Pkt Len Max|Flow IAT Min,Dst Port,0.2,FIN Flag Cnt|Tot Fwd Pkts|Fwd Act Data Pkts|RST Flag Cnt|Init Fwd Win Byts,,0.0
645963,Infilteration,Infilteration,6,Dst Port|Flow IAT Max|Init Fwd Win Byts|ACK Flag Cnt|Pkt Len Mean,Dst Port,0.2,FIN Flag Cnt|Down/Up Ratio|Init Fwd Win Byts|RST Flag Cnt|Fwd Pkt Len Mean,,0.0
646091,DDOS attack-LOIC-UDP,DDOS attack-LOIC-UDP,5,Tot Fwd Pkts|Fwd IAT Tot|Fwd Act Data Pkts|Flow Duration|Flow IAT Mean,Flow Duration,0.2,Tot Fwd Pkts|Fwd Act Data Pkts|Fwd Header Len|Flow Duration|FIN Flag Cnt,Flow Duration,0.2
646460,DDOS attack-HOIC,DDOS attack-HOIC,5,Init Fwd Win Byts|Dst Port|Tot Bwd Pkts|Fwd IAT Tot|Flow IAT Max,,0.0,Init Fwd Win Byts|Dst Port|CWE Flag Count|Pkt Len Mean|Idle Std,Pkt Len Mean,0.2
646707,DoS attacks-SlowHTTPTest,DoS attacks-SlowHTTPTest,4,Fwd Seg Size Min|Flow IAT Max|Flow Duration|Bwd Pkts/s|Flow IAT Min,Flow Duration,0.2,Fwd Seg Size Min|Init Fwd Win Byts|Init Bwd Win Byts|Flow IAT Min|Flow Duration,Flow Duration,0.2
647962,DDOS attack-HOIC,DDOS attack-HOIC,5,Init Fwd Win Byts|Dst Port|Tot Bwd Pkts|Fwd IAT Tot|Flow IAT Max,,0.0,Init Fwd Win Byts|Dst Port|Fwd IAT Min|FIN Flag Cnt|Idle Min,,0.0
648306,DoS attacks-SlowHTTPTest,DoS attacks-SlowHTTPTest,4,Fwd Seg Size Min|Flow IAT Max|Flow Duration|Bwd Pkts/s|Flow IAT Min,Flow Duration,0.2,Fwd Seg Size Min|Init Fwd Win Byts|FIN Flag Cnt|Flow IAT Min|Fwd Pkts/s,,0.0
648799,Benign,Benign,4,Fwd Pkt Len Max|Dst Port|Fwd IAT Std|Init Fwd Win Byts|Bwd Pkt Len Std,Dst Port,0.2,FIN Flag Cnt|Tot Fwd Pkts|Fwd Act Data Pkts|CWE Flag Count|Flow Duration,Flow Duration,0.2
651111,SSH-Bruteforce,SSH-Bruteforce,4,Dst Port|Fwd Act Data Pkts|Fwd Seg Size Min|Init Bwd Win Byts|Flow IAT Min,Dst Port|Flow IAT Min,0.4,Dst Port|Init Bwd Win Byts|Fwd Act Data Pkts|Fwd PSH Flags|Flow IAT Mean,Dst Port,0.2
651743,Brute Force -XSS,Brute Force -XSS,6,Pkt Len Std|Tot Fwd Pkts|Fwd Pkt Len Mean|Pkt Len Mean|Flow IAT Min,Fwd Pkt Len Mean|Pkt Len Mean,0.4,Bwd Pkts/s|Tot Fwd Pkts|RST Flag Cnt|Bwd Header Len|ECE Flag Cnt,,0.0
651755,Bot,Bot,5,Dst Port|RST Flag Cnt|TotLen Fwd Pkts|Fwd Act Data Pkts|Protocol,Dst Port,0.2,Dst Port|RST Flag Cnt|Bwd Seg Size Avg|Bwd IAT Std|FIN Flag Cnt,Dst Port,0.2
651801,SSH-Bruteforce,SSH-Bruteforce,4,Dst Port|Fwd Act Data Pkts|Fwd Seg Size Min|Init Bwd Win Byts|Flow IAT Min,Dst Port|Flow IAT Min,0.4,Dst Port|Init Bwd Win Byts|Fwd URG Flags|Fwd Act Data Pkts|Fwd PSH Flags,Dst Port,0.2
652230,DDOS attack-HOIC,DDOS attack-HOIC,5,Init Fwd Win Byts|Dst Port|Tot Bwd Pkts|Fwd IAT Tot|Flow IAT Max,,0.0,Init Fwd Win Byts|Dst Port|Fwd URG Flags|FIN Flag Cnt|Flow Duration,,0.0
653293,Bot,Bot,5,Dst Port|RST Flag Cnt|TotLen Fwd Pkts|Fwd Act Data Pkts|Protocol,Dst Port,0.2,Dst Port|RST Flag Cnt|Bwd IAT Min|Fwd URG Flags|CWE Flag Count,Dst Port,0.2
653674,SSH-Bruteforce,SSH-Bruteforce,4,Dst Port|Fwd Act Data Pkts|Fwd Seg Size Min|Init Bwd Win Byts|Flow IAT Min,Dst Port|Flow IAT Min,0.4,Dst Port|Init Bwd Win Byts|Fwd Act Data Pkts|Idle Std|FIN Flag Cnt,Dst Port,0.2
654258,DDOS attack-LOIC-UDP,DDOS attack-LOIC-UDP,5,Tot Fwd Pkts|Fwd IAT Tot|Fwd Act Data Pkts|Fwd Header Len|Fwd IAT Mean,,0.0,Tot Fwd Pkts|Fwd Act Data Pkts|Fwd Header Len|Flow Duration|FIN Flag Cnt,Flow Duration,0.2
654276,Brute Force -Web,Brute Force -Web,4,Fwd Pkt Len Std|Pkt Len Mean|Dst Port|Bwd Pkts/s|TotLen Fwd Pkts,Dst Port,0.2,Fwd Pkt Len Std|RST Flag Cnt|Bwd Pkts/s|Bwd Pkt Len Std|ECE Flag Cnt,,0.0
654659,DoS attacks-Slowloris,DoS attacks-Slowloris,4,Bwd IAT Max|Fwd Seg Size Min|Bwd IAT Tot|Bwd IAT Mean|Init Fwd Win Byts,,0.0,Fwd Seg Size Min|Fwd PSH Flags|Active Std|Idle Std|Active Mean,,0.0
657218,DoS attacks-SlowHTTPTest,DoS attacks-SlowHTTPTest,4,Fwd Seg Size Min|Flow IAT Max|Flow Duration|Bwd Pkts/s|Flow IAT Min,Flow Duration,0.2,Fwd Seg Size Min|Init Fwd Win Byts|Init Bwd Win Byts|Bwd Header Len|Flow Pkts/s,Flow Pkts/s,0.2
657540,DDoS attacks-LOIC-HTTP,DDoS attacks-LOIC-HTTP,5,Init Fwd Win Byts|Fwd IAT Std|Fwd Pkts/s|Flow IAT Min|Flow IAT Max,Fwd Pkts/s|Flow IAT Min,0.4,Fwd Pkts/s|FIN Flag Cnt|Fwd IAT Std|URG Flag Cnt|Flow IAT Min,Fwd Pkts/s|Flow IAT Min,0.4
658282,Benign,Benign,4,Dst Port|Fwd Pkt Len Max|Fwd IAT Std|Fwd Pkt Len Mean|Flow IAT Min,Dst Port,0.2,FIN Flag Cnt|Tot Fwd Pkts|RST Flag Cnt|Dst Port|Fwd Seg Size Min,Dst Port,0.2
659806,FTP-BruteForce,FTP-BruteForce,4,Fwd Seg Size Min|Flow Pkts/s|Flow IAT Max|Flow IAT Min|Flow IAT Mean,Flow IAT Min,0.2,Fwd URG Flags|Fwd Seg Size Min|Init Fwd Win Byts|Dst Port|Init Bwd Win Byts,Dst Port,0.2
661051,DDoS attacks-LOIC-HTTP,DDoS attacks-LOIC-HTTP,5,Init Fwd Win Byts|Fwd IAT Std|Fwd Pkts/s|Flow IAT Min|Flow IAT Max,Fwd Pkts/s|Flow IAT Min,0.4,Fwd Pkts/s|Fwd IAT Std|Fwd URG Flags|Flow Duration|Flow Byts/s,Fwd Pkts/s,0.2
661499,FTP-BruteForce,FTP-BruteForce,4,Fwd Seg Size Min|Flow Pkts/s|Flow IAT Max|Flow Duration|Flow IAT Min,Flow IAT Min,0.2,Fwd Seg Size Min|Init Fwd Win Byts|Bwd Header Len|Init Bwd Win Byts|Flow Duration,,0.0
662079,Brute Force -Web,Brute Force -Web,4,Init Fwd Win Byts|Dst Port|Fwd Pkts/s|Bwd Pkts/s|Fwd IAT Min,Dst Port,0.2,RST Flag Cnt|Fwd Pkts/s|Fwd IAT Min|Fwd Seg Size Avg|Flow IAT Max,,0.0
662490,DDOS attack-LOIC-UDP,DDOS attack-LOIC-UDP,5,Tot Fwd Pkts|Fwd IAT Tot|Fwd Act Data Pkts|Flow IAT Mean|Flow Duration,Flow Duration,0.2,Tot Fwd Pkts|Fwd Act Data Pkts|Fwd URG Flags|Fwd Header Len|Flow Duration,Flow Duration,0.2
662673,DDoS attacks-LOIC-HTTP,DDoS attacks-LOIC-HTTP,5,Fwd Pkts/s|Bwd Pkt Len Std|Fwd IAT Std|Fwd IAT Tot|Flow IAT Max,Fwd Pkts/s,0.2,Fwd IAT Tot|Fwd URG Flags|FIN Flag Cnt|Flow Byts/s|Bwd Pkt Len Std,,0.0
663020,Brute Force -Web,Brute Force -Web,4,Init Fwd Win Byts|Fwd Pkts/s|Dst Port|Bwd Pkts/s|Fwd IAT Min,Dst Port,0.2,Flow IAT Min|RST Flag Cnt|Flow Duration|FIN Flag Cnt|Fwd IAT Mean,Flow IAT Min,0.2
663872,DDoS attacks-LOIC-HTTP,DDoS attacks-LOIC-HTTP,5,Fwd Pkts/s|Bwd Pkt Len Std|Fwd IAT Std|Fwd IAT Tot|Flow IAT Max,Fwd Pkts/s,0.2,CWE Flag Count|Fwd IAT Tot|ECE Flag Cnt|Flow Byts/s|Bwd Pkt Len Std,,0.0
664110,DDOS attack-HOIC,DDOS attack-HOIC,5,Init Fwd Win Byts|Dst Port|Tot Bwd Pkts|Fwd IAT Tot|Flow Duration,,0.0,FIN Flag Cnt|Init Fwd Win Byts|Dst Port|Fwd IAT Tot|Flow IAT Mean,Flow IAT Mean,0.2
664226,Bot,Bot,5,Dst Port|Fwd Act Data Pkts|RST Flag Cnt|Protocol|Tot Fwd Pkts,Dst Port,0.2,Dst Port|RST Flag Cnt|Bwd IAT Min|Tot Fwd Pkts|Subflow Bwd Byts,Dst Port,0.2
665520,DoS attacks-SlowHTTPTest,DoS attacks-SlowHTTPTest,4,Fwd Seg Size Min|Flow IAT Max|Flow Duration|Bwd Pkts/s|Flow IAT Min,Flow Duration,0.2,Fwd Seg Size Min|Init Fwd Win Byts|Fwd URG Flags|Flow IAT Min|Init Bwd Win Byts,,0.0
665639,Brute Force -Web,Brute Force -Web,4,Fwd Pkt Len Mean|Fwd Pkt Len Max|Dst Port|Bwd Pkts/s|Fwd Pkt Len Std,Dst Port,0.2,Fwd PSH Flags|Bwd IAT Min|RST Flag Cnt|Fwd Pkt Len Std|Pkt Len Var,,0.0
666222,DoS attacks-SlowHTTPTest,DoS attacks-SlowHTTPTest,4,Fwd Seg Size Min|Flow IAT Max|Flow Duration|Flow IAT Min|Dst Port,Flow Duration,0.2,Fwd Seg Size Min|Init Fwd Win Byts|Init Bwd Win Byts|Fwd Header Len|Flow IAT Min,,0.0
666886,Bot,Bot,5,Dst Port|Fwd Act Data Pkts|RST Flag Cnt|Protocol|Tot Fwd Pkts,Dst Port,0.2,Dst Port|RST Flag Cnt|Bwd IAT Min|URG Flag Cnt|FIN Flag Cnt,Dst Port,0.2
668877,DDOS attack-LOIC-UDP,DDOS attack-LOIC-UDP,5,Tot Fwd Pkts|Fwd IAT Tot|Fwd Act Data Pkts|Flow IAT Min|Fwd Header Len,,0.0,Tot Fwd Pkts|Fwd Act Data Pkts|Fwd Header Len|Flow Duration|SYN Flag Cnt,Flow Duration,0.2
669816,Brute Force -XSS,Brute Force -XSS,6,Pkt Len Std|Tot Fwd Pkts|Fwd Pkt Len Mean|Pkt Len Mean|Dst Port,Fwd Pkt Len Mean|Pkt Len Mean|Dst Port,0.6,Tot Fwd Pkts|Bwd Pkts/s|RST Flag Cnt|Tot Bwd Pkts|Fwd IAT Mean,,0.0
670092,DDOS attack-LOIC-UDP,DDOS attack-LOIC-UDP,5,Tot Fwd Pkts|Fwd IAT Tot|Fwd Act Data Pkts|Flow IAT Mean|Fwd Header Len,,0.0,Tot Fwd Pkts|Fwd URG Flags|Fwd Act Data Pkts|Flow Duration|Fwd Header Len,Flow Duration,0.2
670290,DoS attacks-GoldenEye,DoS attacks-GoldenEye,4,Fwd Seg Size Min|Flow Byts/s|Flow IAT Mean|Bwd IAT Std|TotLen Bwd Pkts,,0.0,Fwd Seg Size Min|URG Flag Cnt|Bwd Pkt Len Std|Active Min|Flow IAT Mean,,0.0
670741,DDOS attack-HOIC,DDOS attack-HOIC,5,Init Fwd Win Byts|Dst Port|Tot Bwd Pkts|Fwd IAT Tot|Flow IAT Max,,0.0,Init Fwd Win Byts|Dst Port|Flow IAT Max|Active Min|Fwd IAT Min,,0.0
670921,DoS attacks-Hulk,DoS attacks-Hulk,4,Fwd Seg Size Min|Tot Bwd Pkts|Init Fwd Win Byts|Fwd Pkt Len Max|Fwd IAT Min,,0.0,FIN Flag Cnt|Fwd Seg Size Min|Active Mean|Dst Port|URG Flag Cnt,Dst Port,0.2
672508,Bot,Bot,5,Dst Port|Fwd Act Data Pkts|RST Flag Cnt|Protocol|Tot Fwd Pkts,Dst Port,0.2,Dst Port|RST Flag Cnt|Fwd URG Flags|FIN Flag Cnt|CWE Flag Count,Dst Port,0.2
672705,DoS attacks-SlowHTTPTest,DoS attacks-SlowHTTPTest,4,Fwd Seg Size Min|Flow IAT Max|Flow Duration|Flow IAT Min|Flow Pkts/s,Flow Duration|Flow Pkts/s,0.4,Fwd Seg Size Min|Init Fwd Win Byts|Flow IAT Min|Fwd IAT Min|Bwd Header Len,,0.0
672978,DDOS attack-HOIC,DDOS attack-HOIC,5,Init Fwd Win Byts|Dst Port|Tot Bwd Pkts|Fwd IAT Tot|Flow IAT Max,,0.0,Init Fwd Win Byts|Dst Port|Fwd URG Flags|Fwd Header Len|Fwd IAT Tot,,0.0
673039,DoS attacks-Hulk,DoS attacks-Hulk,4,Fwd Seg Size Min|Tot Bwd Pkts|Init Fwd Win Byts|Fwd Pkt Len Max|Fwd IAT Min,,0.0,FIN Flag Cnt|Fwd Seg Size Min|CWE Flag Count|Tot Bwd Pkts|Dst Port,Dst Port,0.2
673404,DDOS attack-LOIC-UDP,DDOS attack-LOIC-UDP,5,Tot Fwd Pkts|Fwd IAT Tot|Fwd Act Data Pkts|Flow Duration|Fwd Header Len,Flow Duration,0.2,Tot Fwd Pkts|CWE Flag Count|Fwd URG Flags|Fwd Act Data Pkts|Fwd Header Len,,0.0
673417,DoS attacks-Hulk,DoS attacks-Hulk,4,Fwd Seg Size Min|Tot Bwd Pkts|Init Fwd Win Byts|Fwd Pkt Len Max|Fwd IAT Min,,0.0,FIN Flag Cnt|Fwd Seg Size Min|Fwd URG Flags|CWE Flag Count|Fwd PSH Flags,,0.0
673957,SSH-Bruteforce,SSH-Bruteforce,4,Dst Port|Fwd Act Data Pkts|Fwd Seg Size Min|Init Bwd Win Byts|Bwd Header Len,Dst Port,0.2,Dst Port|Init Bwd Win Byts|Fwd Act Data Pkts|Bwd Header Len|Flow IAT Min,Dst Port|Flow IAT Min,0.4
674131,Infilteration,Infilteration,6,Fwd Header Len|Fwd Seg Size Min|PSH Flag Cnt|Dst Port|Bwd Pkts/s,Dst Port,0.2,RST Flag Cnt|CWE Flag Count|ECE Flag Cnt|Idle Max|Fwd Pkt Len Mean,,0.0
674905,FTP-BruteForce,FTP-BruteForce,4,Fwd Seg Size Min|Flow Pkts/s|Flow IAT Max|Flow IAT Min|Dst Port,Flow IAT Min|Dst Port,0.4,Fwd Seg Size Min|Init Fwd Win Byts|CWE Flag Count|Fwd IAT Max|Bwd Header Len,,0.0
675226,DoS attacks-SlowHTTPTest,DoS attacks-SlowHTTPTest,4,Fwd Seg Size Min|Flow IAT Max|Flow Duration|Bwd Pkts/s|Flow IAT Min,Flow Duration,0.2,Fwd Seg Size Min|Init Fwd Win Byts|Fwd IAT Mean|Flow IAT Min|Fwd IAT Tot,,0.0
675268,DoS attacks-Slowloris,DoS attacks-Slowloris,4,Bwd IAT Max|Fwd Seg Size Min|Bwd IAT Tot|Bwd IAT Mean|Init Fwd Win Byts,,0.0,FIN Flag Cnt|Fwd PSH Flags|Fwd Seg Size Min|Active Std|Active Min,,0.0
675565,DoS attacks-GoldenEye,DoS attacks-GoldenEye,4,Fwd Seg Size Min|Bwd Pkt Len Std|Flow IAT Mean|Bwd IAT Std|Fwd Pkt Len Max,,0.0,Fwd Seg Size Min|Fwd URG Flags|FIN Flag Cnt|Bwd Pkt Len Std|Active Std,,0.0
676095,Brute Force -Web,Brute Force -Web,4,Fwd Pkt Len Mean|Fwd Pkt Len Max|Dst Port|Bwd Pkts/s|Fwd Pkt Len Std,Dst Port,0.2,Fwd Pkt Len Std|CWE Flag Count|RST Flag Cnt|Init Bwd Win Byts|Bwd Pkt Len Mean,,0.0
677410,Benign,Benign,4,Fwd Pkt Len Mean|Fwd IAT Tot|Init Fwd Win Byts|Dst Port|Fwd Pkt Len Max,Dst Port,0.2,FIN Flag Cnt|Tot Fwd Pkts|Fwd URG Flags|Fwd Act Data Pkts|RST Flag Cnt,,0.0
678987,DDoS attacks-LOIC-HTTP,DDoS attacks-LOIC-HTTP,5,Init Fwd Win Byts|Fwd IAT Std|Flow IAT Min|Fwd Pkts/s|Dst Port,Flow IAT Min|Fwd Pkts/s|Dst Port,0.6,Fwd URG Flags|Fwd IAT Tot|Fwd IAT Std|Tot Fwd Pkts|FIN Flag Cnt,,0.0
679360,Infilteration,Infilteration,6,Flow IAT Min|Dst Port|Fwd Seg Size Min|Fwd Pkts/s|Tot Fwd Pkts,Flow IAT Min|Dst Port,0.4,RST Flag Cnt|Fwd Pkt Len Mean|ECE Flag Cnt|Idle Max|Fwd Pkt Len Max,,0.0
679619,Benign,Benign,4,Fwd Pkt Len Max|Dst Port|Init Fwd Win Byts|RST Flag Cnt|Tot Bwd Pkts,Dst Port,0.2,FIN Flag Cnt|Fwd URG Flags|Tot Fwd Pkts|CWE Flag Count|RST Flag Cnt,,0.0
680013,DoS attacks-SlowHTTPTest,DoS attacks-SlowHTTPTest,4,Fwd Seg Size Min|Flow IAT Max|Flow Duration|Bwd Pkts/s|Flow IAT Min,Flow Duration,0.2,Fwd Seg Size Min|Init Fwd Win Byts|Flow IAT Min|Fwd IAT Max|Fwd Header Len,,0.0
680240,DDoS attacks-LOIC-HTTP,DDoS attacks-LOIC-HTTP,5,Init Fwd Win Byts|Fwd IAT Std|Fwd Pkts/s|Flow IAT Min|Flow IAT Max,Fwd Pkts/s|Flow IAT Min,0.4,Fwd Pkts/s|Fwd IAT Std|Dst Port|Bwd Pkt Len Std|Flow Duration,Fwd Pkts/s|Dst Port,0.4
680325,Infilteration,Infilteration,6,Fwd Header Len|Fwd Seg Size Min|PSH Flag Cnt|Dst Port|Fwd Pkt Len Max,Dst Port,0.2,FIN Flag Cnt|RST Flag Cnt|Fwd Pkt Len Max|Fwd Pkt Len Mean|ECE Flag Cnt,,0.0
680502,Bot,Bot,5,Dst Port|Fwd Act Data Pkts|RST Flag Cnt|Protocol|Tot Fwd Pkts,Dst Port,0.2,Dst Port|RST Flag Cnt|Fwd PSH Flags|Bwd IAT Min|Fwd URG Flags,Dst Port,0.2
681769,DoS attacks-GoldenEye,DoS attacks-GoldenEye,4,Fwd Seg Size Min|Bwd Pkt Len Std|Flow IAT Mean|Bwd IAT Std|Fwd Pkt Len Max,,0.0,Fwd Seg Size Min|Bwd Pkt Len Std|CWE Flag Count|Fwd PSH Flags|URG Flag Cnt,,0.0
683028,Benign,Benign,4,Bwd Pkt Len Max|Fwd Pkt Len Max|Dst Port|Fwd IAT Std|Init Fwd Win Byts,Dst Port,0.2,Tot Fwd Pkts|FIN Flag Cnt|Fwd Act Data Pkts|Flow Duration|Fwd Header Len,Flow Duration,0.2
684787,DDoS attacks-LOIC-HTTP,DDoS attacks-LOIC-HTTP,5,Init Fwd Win Byts|Fwd IAT Std|Fwd Pkts/s|Flow IAT Min|Flow IAT Max,Fwd Pkts/s|Flow IAT Min,0.4,FIN Flag Cnt|Fwd Pkts/s|Flow Duration|Fwd IAT Std|CWE Flag Count,Fwd Pkts/s,0.2
684906,DDoS attacks-LOIC-HTTP,DDoS attacks-LOIC-HTTP,5,Init Fwd Win Byts|Fwd IAT Std|Fwd Pkts/s|Flow IAT Min|Flow IAT Max,Fwd Pkts/s|Flow IAT Min,0.4,Fwd Pkts/s|Fwd IAT Std|CWE Flag Count|Flow Duration|Flow IAT Min,Fwd Pkts/s|Flow IAT Min,0.4
684960,DoS attacks-GoldenEye,DoS attacks-GoldenEye,4,Fwd Seg Size Min|Flow IAT Min|Flow IAT Mean|Init Fwd Win Byts|Dst Port,Init Fwd Win Byts|Dst Port,0.4,Fwd Seg Size Min|Flow IAT Min|Fwd IAT Min|Fwd PSH Flags|RST Flag Cnt,,0.0
685369,DoS attacks-Hulk,DoS attacks-Hulk,4,Fwd Seg Size Min|Tot Bwd Pkts|Init Fwd Win Byts|Fwd Pkt Len Max|Fwd IAT Min,,0.0,FIN Flag Cnt|Fwd Seg Size Min|Dst Port|Fwd IAT Mean|Flow IAT Max,Dst Port,0.2
685591,Brute Force -Web,Brute Force -Web,4,Fwd Pkt Len Mean|Fwd Pkt Len Max|Dst Port|Bwd Pkts/s|Fwd Pkt Len Std,Dst Port,0.2,RST Flag Cnt|Fwd Pkt Len Std|ECE Flag Cnt|Fwd Pkt Len Mean|Dst Port,Dst Port,0.2
686123,FTP-BruteForce,FTP-BruteForce,4,Fwd Seg Size Min|Flow Pkts/s|Flow IAT Max|Flow Duration|Flow IAT Min,Flow IAT Min,0.2,Fwd Seg Size Min|Init Fwd Win Byts|Fwd URG Flags|Init Bwd Win Byts|Bwd Header Len,,0.0
687709,DDOS attack-LOIC-UDP,DDOS attack-LOIC-UDP,5,Tot Fwd Pkts|Fwd IAT Tot|Fwd Act Data Pkts|Flow Duration|Fwd Header Len,Flow Duration,0.2,Tot Fwd Pkts|Fwd Act Data Pkts|Fwd Header Len|Fwd URG Flags|Flow Duration,Flow Duration,0.2
687755,DoS attacks-Hulk,DoS attacks-Hulk,4,Fwd Seg Size Min|Tot Bwd Pkts|Init Fwd Win Byts|Fwd Pkt Len Max|Fwd IAT Min,,0.0,FIN Flag Cnt|Fwd Seg Size Min|Dst Port|Fwd Header Len|CWE Flag Count,Dst Port,0.2
687914,FTP-BruteForce,FTP-BruteForce,4,Fwd Seg Size Min|Flow Pkts/s|Flow IAT Max|Flow Duration|Flow IAT Min,Flow IAT Min,0.2,Fwd Seg Size Min|Fwd URG Flags|Init Fwd Win Byts|Bwd Pkts/s|Init Bwd Win Byts,,0.0
687973,DoS attacks-Slowloris,DoS attacks-Slowloris,4,Bwd IAT Max|Fwd Seg Size Min|Bwd IAT Tot|Bwd IAT Mean|Init Fwd Win Byts,,0.0,FIN Flag Cnt|Fwd Seg Size Min|Active Std|Idle Std|Active Min,,0.0
688215,DoS attacks-GoldenEye,DoS attacks-GoldenEye,4,Fwd Seg Size Min|Bwd Pkt Len Std|Flow IAT Mean|Bwd IAT Std|Flow Byts/s,,0.0,Fwd Seg Size Min|Active Min|Idle Mean|Pkt Len Mean|Init Bwd Win Byts,,0.0
688862,DDOS attack-HOIC,DDOS attack-HOIC,5,Init Fwd Win Byts|Dst Port|Tot Bwd Pkts|Fwd IAT Tot|Flow IAT Max,,0.0,Init Fwd Win Byts|Dst Port|Flow IAT Max|Flow Duration|Fwd IAT Tot,,0.0
689226,Infilteration,Infilteration,6,Fwd Header Len|Fwd Seg Size Min|PSH Flag Cnt|Dst Port|Fwd Pkt Len Max,Dst Port,0.2,FIN Flag Cnt|RST Flag Cnt|ECE Flag Cnt|Fwd Pkt Len Mean|Fwd Pkt Len Max,,0.0
689373,FTP-BruteForce,FTP-BruteForce,4,Fwd Seg Size Min|Flow Pkts/s|Flow IAT Max|Flow IAT Min|Flow IAT Mean,Flow IAT Min,0.2,Fwd Seg Size Min|Init Fwd Win Byts|Init Bwd Win Byts|Bwd Header Len|Fwd Header Len,,0.0
689405,DDOS attack-LOIC-UDP,DDOS attack-LOIC-UDP,5,Tot Fwd Pkts|Fwd IAT Tot|Fwd Act Data Pkts|Flow IAT Mean|Flow IAT Std,,0.0,Tot Fwd Pkts|Fwd Act Data Pkts|Fwd Header Len|Fwd URG Flags|Flow Duration,Flow Duration,0.2
689639,Bot,Bot,5,Dst Port|RST Flag Cnt|TotLen Fwd Pkts|Fwd Act Data Pkts|Protocol,Dst Port,0.2,FIN Flag Cnt|Dst Port|RST Flag Cnt|Pkt Size Avg|Fwd IAT Std,Dst Port,0.2
689656,DoS attacks-GoldenEye,DoS attacks-GoldenEye,4,Fwd Seg Size Min|Flow IAT Min|Fwd Header Len|Flow IAT Mean|Dst Port,Dst Port,0.2,Fwd Seg Size Min|Fwd URG Flags|Idle Std|Flow IAT Min|Dst Port,Dst Port,0.2
691430,Brute Force -Web,Brute Force -Web,4,Fwd Pkt Len Std|Dst Port|Pkt Len Mean|Bwd Pkts/s|TotLen Fwd Pkts,Dst Port,0.2,Fwd Pkt Len Std|RST Flag Cnt|Bwd IAT Std|Bwd Pkt Len Std|Dst Port,Dst Port,0.2
691499,FTP-BruteForce,FTP-BruteForce,4,Fwd Seg Size Min|Flow Pkts/s|Flow IAT Mean|Flow IAT Max|Flow IAT Min,Flow IAT Min,0.2,Fwd Seg Size Min|Init Fwd Win Byts|CWE Flag Count|Fwd IAT Tot|Flow Duration,,0.0
692193,FTP-BruteForce,FTP-BruteForce,4,Fwd Seg Size Min|Flow Pkts/s|Flow IAT Max|Flow IAT Mean|Flow IAT Min,Flow IAT Min,0.2,Fwd Seg Size Min|Init Fwd Win Byts|Flow IAT Min|Init Bwd Win Byts|Fwd IAT Max,Flow IAT Min,0.2
693497,Infilteration,Infilteration,6,Fwd Header Len|Fwd Seg Size Min|PSH Flag Cnt|Dst Port|Bwd Pkts/s,Dst Port,0.2,RST Flag Cnt|Fwd Pkt Len Mean|Idle Max|ECE Flag Cnt|Fwd Pkt Len Max,,0.0
694995,FTP-BruteForce,FTP-BruteForce,4,Fwd Seg Size Min|Flow Pkts/s|Flow IAT Max|Flow Duration|Flow IAT Min,Flow IAT Min,0.2,Fwd Seg Size Min|Init Fwd Win Byts|Dst Port|Init Bwd Win Byts|Flow IAT Mean,Dst Port,0.2
695015,DDOS attack-LOIC-UDP,DDOS attack-LOIC-UDP,5,Tot Fwd Pkts|Fwd IAT Tot|Fwd Act Data Pkts|Flow Duration|Flow IAT Mean,Flow Duration,0.2,Tot Fwd Pkts|Fwd Act Data Pkts|Fwd Header Len|Flow Duration|Fwd IAT Std,Flow Duration,0.2
695058,Brute Force -XSS,Brute Force -XSS,6,Init Fwd Win Byts|Fwd Pkts/s|Dst Port|Bwd Pkts/s|Flow IAT Max,Dst Port,0.2,Fwd IAT Std|Fwd IAT Tot|Flow IAT Max|Fwd IAT Min|Subflow Fwd Pkts,,0.0
695173,DDOS attack-HOIC,DDOS attack-HOIC,5,Init Fwd Win Byts|Dst Port|Tot Bwd Pkts|Fwd IAT Tot|Flow IAT Max,,0.0,Init Fwd Win Byts|Dst Port|Fwd IAT Tot|Flow IAT Max|CWE Flag Count,,0.0
695579,DoS attacks-Slowloris,DoS attacks-Slowloris,4,Fwd Seg Size Min|Fwd IAT Std|Dst Port|Init Fwd Win Byts|Pkt Size Avg,,0.0,FIN Flag Cnt|Fwd Seg Size Min|URG Flag Cnt|Dst Port|Fwd IAT Mean,,0.0
695822,FTP-BruteForce,FTP-BruteForce,4,Fwd Seg Size Min|Flow Pkts/s|Flow IAT Max|Flow Duration|Flow IAT Min,Flow IAT Min,0.2,Fwd Seg Size Min|Fwd URG Flags|Init Fwd Win Byts|Init Bwd Win Byts|Fwd Header Len,,0.0
695843,Brute Force -XSS,Brute Force -XSS,6,Init Fwd Win Byts|Fwd Pkts/s|Dst Port|Bwd Pkts/s|Flow IAT Max,Dst Port,0.2,Fwd IAT Std|CWE Flag Count|Flow Pkts/s|Subflow Fwd Pkts|Flow Duration,,0.0
695895,SSH-Bruteforce,SSH-Bruteforce,4,Dst Port|Fwd Act Data Pkts|Fwd Seg Size Min|Init Bwd Win Byts|Flow IAT Min,Dst Port|Flow IAT Min,0.4,Dst Port|Init Bwd Win Byts|Fwd Act Data Pkts|Fwd URG Flags|FIN Flag Cnt,Dst Port,0.2
696877,SSH-Bruteforce,SSH-Bruteforce,4,Dst Port|Fwd Act Data Pkts|Fwd Seg Size Min|Init Bwd Win Byts|Flow IAT Min,Dst Port|Flow IAT Min,0.4,Dst Port|Init Bwd Win Byts|Fwd URG Flags|Fwd Act Data Pkts|Fwd Seg Size Min,Dst Port,0.2
697328,DoS attacks-Hulk,DoS attacks-Hulk,4,Fwd Seg Size Min|Tot Bwd Pkts|Init Fwd Win Byts|Fwd Pkt Len Max|Fwd IAT Min,,0.0,FIN Flag Cnt|Fwd Seg Size Min|Fwd URG Flags|PSH Flag Cnt|SYN Flag Cnt,,0.0
697769,Brute Force -Web,Brute Force -Web,4,Fwd Pkt Len Mean|Fwd Pkt Len Max|Dst Port|Bwd Pkts/s|Fwd Pkt Len Std,Dst Port,0.2,RST Flag Cnt|Fwd Pkt Len Std|FIN Flag Cnt|Bwd Pkts/s|Init Bwd Win Byts,,0.0
697795,DoS attacks-Hulk,DoS attacks-Hulk,4,Fwd Seg Size Min|Tot Bwd Pkts|Init Fwd Win Byts|Fwd Pkt Len Max|Fwd IAT Min,,0.0,FIN Flag Cnt|Fwd Seg Size Min|CWE Flag Count|Active Std|Dst Port,Dst Port,0.2
698896,DoS attacks-GoldenEye,DoS attacks-GoldenEye,4,Fwd Seg Size Min|Flow IAT Min|Flow IAT Mean|Init Fwd Win Byts|Dst Port,Init Fwd Win Byts|Dst Port,0.4,Fwd Seg Size Min|SYN Flag Cnt|Flow IAT Min|Dst Port|Active Mean,Dst Port,0.2
699653,SSH-Bruteforce,SSH-Bruteforce,4,Dst Port|Bwd Header Len|Bwd Pkts/s|Fwd Seg Size Min|Init Bwd Win Byts,Dst Port,0.2,Dst Port|Init Bwd Win Byts|URG Flag Cnt|Fwd URG Flags|Flow IAT Min,Dst Port|Flow IAT Min,0.4
699804,FTP-BruteForce,FTP-BruteForce,4,Fwd Seg Size Min|Flow Pkts/s|Flow IAT Max|Flow IAT Mean|Flow IAT Min,Flow IAT Min,0.2,Fwd Seg Size Min|Init Fwd Win Byts|Flow Duration|Dst Port|Fwd IAT Mean,Dst Port,0.2
699953,Infilteration,Infilteration,6,Fwd Header Len|Fwd Seg Size Min|PSH Flag Cnt|Dst Port|Fwd Pkt Len Max,Dst Port,0.2,Fwd URG Flags|ECE Flag Cnt|RST Flag Cnt|Fwd Pkt Len Max|Fwd IAT Tot,,0.0
