sample_id,true_label,noise_percent,seed,jaccard5_before_after,prediction_changed
5639,Infilteration,1.0,42,0.42857142857142855,False
8334,DoS attacks-Slowloris,1.0,42,0.25,False
12685,DoS attacks-SlowHTTPTest,1.0,42,0.42857142857142855,False
13941,DoS attacks-SlowHTTPTest,1.0,42,0.42857142857142855,False
14421,DDOS attack-HOIC,1.0,42,0.25,False
18565,SSH-Bruteforce,1.0,42,0.42857142857142855,False
19068,Brute Force -XSS,1.0,42,0.42857142857142855,False
20056,Brute Force -XSS,1.0,42,0.42857142857142855,False
26534,DoS attacks-Slowloris,1.0,42,0.42857142857142855,False
29876,DDoS attacks-LOIC-HTTP,1.0,42,0.42857142857142855,False
30515,Bot,1.0,42,0.6666666666666666,False
35439,SSH-Bruteforce,1.0,42,0.42857142857142855,False
42318,DoS attacks-Hulk,1.0,42,0.42857142857142855,False
42573,Brute Force -Web,1.0,42,0.42857142857142855,False
44912,FTP-BruteForce,1.0,42,0.25,False
45365,DoS attacks-GoldenEye,1.0,42,0.25,False
46168,SQL Injection,1.0,42,0.42857142857142855,False
46271,Bot,1.0,42,0.42857142857142855,False
49395,DoS attacks-SlowHTTPTest,1.0,42,0.42857142857142855,False
50452,DoS attacks-SlowHTTPTest,1.0,42,0.25,False
51441,FTP-BruteForce,1.0,42,0.25,False
58379,DDOS attack-LOIC-UDP,1.0,42,1.0,False
58919,DDoS attacks-LOIC-HTTP,1.0,42,0.42857142857142855,False
62914,DDoS attacks-LOIC-HTTP,1.0,42,1.0,False
65664,SSH-Bruteforce,1.0,42,0.6666666666666666,False
65934,Benign,1.0,42,0.6666666666666666,False
66907,DoS attacks-SlowHTTPTest,1.0,42,0.42857142857142855,False
68038,Benign,1.0,42,0.6666666666666666,False
68799,SQL Injection,1.0,42,0.25,False
69550,SSH-Bruteforce,1.0,42,0.42857142857142855,False
72472,SSH-Bruteforce,1.0,42,0.42857142857142855,False
73380,DDOS attack-HOIC,1.0,42,0.42857142857142855,False
73653,DoS attacks-GoldenEye,1.0,42,0.25,False
74683,Infilteration,1.0,42,0.6666666666666666,False
76270,DDOS attack-LOIC-UDP,1.0,42,0.6666666666666666,False
78135,DoS attacks-Slowloris,1.0,42,0.42857142857142855,False
78982,DDOS attack-HOIC,1.0,42,0.25,False
80241,DoS attacks-Hulk,1.0,42,0.6666666666666666,False
86164,Brute Force -Web,1.0,42,0.1111111111111111,False
88694,DoS attacks-SlowHTTPTest,1.0,42,0.42857142857142855,False
89190,Infilteration,1.0,42,0.42857142857142855,False
90525,DDoS attacks-LOIC-HTTP,1.0,42,0.6666666666666666,False
91374,SSH-Bruteforce,1.0,42,0.6666666666666666,False
92086,FTP-BruteForce,1.0,42,0.42857142857142855,False
99470,DoS attacks-Slowloris,1.0,42,0.25,False
99643,Bot,1.0,42,0.25,False
100422,Bot,1.0,42,0.42857142857142855,False
102666,FTP-BruteForce,1.0,42,0.42857142857142855,False
107145,DDOS attack-HOIC,1.0,42,0.25,False
107842,Benign,1.0,42,0.6666666666666666,False
108720,Brute Force -XSS,1.0,42,0.25,False
108787,DDoS attacks-LOIC-HTTP,1.0,42,0.42857142857142855,False
109595,DoS attacks-Hulk,1.0,42,0.25,False
110687,FTP-BruteForce,1.0,42,0.25,False
110737,DDoS attacks-LOIC-HTTP,1.0,42,0.6666666666666666,False
113592,Bot,1.0,42,0.25,False
120459,SSH-Bruteforce,1.0,42,0.42857142857142855,False
131694,SSH-Bruteforce,1.0,42,0.25,False
132419,Infilteration,1.0,42,0.6666666666666666,False
136157,Benign,1.0,42,0.6666666666666666,False
139948,DoS attacks-SlowHTTPTest,1.0,42,0.25,False
148681,Infilteration,1.0,42,0.42857142857142855,False
152193,DoS attacks-Slowloris,1.0,42,0.42857142857142855,False
155941,SQL Injection,1.0,42,0.42857142857142855,False
158038,Infilteration,1.0,42,0.6666666666666666,False
163228,DoS attacks-Slowloris,1.0,42,0.6666666666666666,False
164952,DoS attacks-Hulk,1.0,42,1.0,False
165922,DoS attacks-GoldenEye,1.0,42,0.25,False
166311,SQL Injection,1.0,42,0.42857142857142855,True
169666,DoS attacks-Hulk,1.0,42,0.42857142857142855,False
180148,DDoS attacks-LOIC-HTTP,1.0,42,0.6666666666666666,False
181160,DoS attacks-SlowHTTPTest,1.0,42,0.42857142857142855,False
188164,DDOS attack-HOIC,1.0,42,0.25,False
192124,DoS attacks-Slowloris,1.0,42,0.6666666666666666,False
192228,DoS attacks-Hulk,1.0,42,0.42857142857142855,False
193059,Infilteration,1.0,42,0.42857142857142855,False
193789,DoS attacks-Slowloris,1.0,42,0.25,False
197830,DDOS attack-HOIC,1.0,42,0.42857142857142855,False
198436,DoS attacks-Hulk,1.0,42,0.25,False
199790,DDOS attack-LOIC-UDP,1.0,42,0.6666666666666666,False
200184,DDOS attack-LOIC-UDP,1.0,42,0.6666666666666666,False
200822,Infilteration,1.0,42,0.6666666666666666,False
201841,Brute Force -Web,1.0,42,0.1111111111111111,False
203296,DoS attacks-SlowHTTPTest,1.0,42,0.42857142857142855,False
207060,Bot,1.0,42,0.42857142857142855,False
209974,DoS attacks-Hulk,1.0,42,0.42857142857142855,False
215475,DoS attacks-SlowHTTPTest,1.0,42,0.25,False
217506,DDOS attack-HOIC,1.0,42,0.42857142857142855,False
218003,Bot,1.0,42,0.42857142857142855,False
219442,Infilteration,1.0,42,0.42857142857142855,False
220146,Brute Force -XSS,1.0,42,0.25,False
222292,DDoS attacks-LOIC-HTTP,1.0,42,0.6666666666666666,False
223337,DDOS attack-HOIC,1.0,42,0.25,False
225548,Brute Force -XSS,1.0,42,0.25,False
231364,DDOS attack-LOIC-UDP,1.0,42,0.6666666666666666,False
232595,DoS attacks-Slowloris,1.0,42,0.6666666666666666,False
232970,Bot,1.0,42,0.42857142857142855,False
234429,DoS attacks-GoldenEye,1.0,42,0.42857142857142855,False
236692,SSH-Bruteforce,1.0,42,0.6666666666666666,False
237626,DoS attacks-GoldenEye,1.0,42,0.25,False
241017,DoS attacks-Hulk,1.0,42,0.42857142857142855,False
241153,Brute Force -XSS,1.0,42,0.25,False
243253,FTP-BruteForce,1.0,42,0.42857142857142855,False
243512,Brute Force -Web,1.0,42,0.25,False
244749,Brute Force -Web,1.0,42,0.25,False
245695,Infilteration,1.0,42,0.6666666666666666,False
252162,DDOS attack-LOIC-UDP,1.0,42,0.6666666666666666,False
254715,Brute Force -Web,1.0,42,0.1111111111111111,False
262338,DDOS attack-HOIC,1.0,42,0.25,False
262581,FTP-BruteForce,1.0,42,0.42857142857142855,False
262898,Brute Force -Web,1.0,42,0.42857142857142855,False
276433,DoS attacks-SlowHTTPTest,1.0,42,0.6666666666666666,False
277208,DoS attacks-Slowloris,1.0,42,0.42857142857142855,False
277814,DoS attacks-Slowloris,1.0,42,0.42857142857142855,False
282645,DDoS attacks-LOIC-HTTP,1.0,42,0.42857142857142855,False
287797,DDoS attacks-LOIC-HTTP,1.0,42,0.25,False
292965,DoS attacks-GoldenEye,1.0,42,0.25,False
293180,Bot,1.0,42,0.42857142857142855,False
294434,SQL Injection,1.0,42,0.42857142857142855,False
294469,DoS attacks-Slowloris,1.0,42,0.42857142857142855,False
297866,Brute Force -Web,1.0,42,0.42857142857142855,False
298749,DDOS attack-HOIC,1.0,42,0.42857142857142855,False
301061,DDOS attack-HOIC,1.0,42,0.42857142857142855,False
304762,Benign,1.0,42,0.6666666666666666,False
305787,SSH-Bruteforce,1.0,42,0.6666666666666666,False
308733,Infilteration,1.0,42,0.42857142857142855,False
309889,FTP-BruteForce,1.0,42,0.25,False
310457,SSH-Bruteforce,1.0,42,0.6666666666666666,False
310997,DDOS attack-LOIC-UDP,1.0,42,0.6666666666666666,False
311685,Infilteration,1.0,42,0.6666666666666666,True
312336,Bot,1.0,42,0.42857142857142855,False
313529,Brute Force -XSS,1.0,42,0.25,False
314183,Brute Force -XSS,1.0,42,0.25,False
315063,Brute Force -Web,1.0,42,0.25,False
315426,DDOS attack-LOIC-UDP,1.0,42,1.0,False
317120,Brute Force -XSS,1.0,42,0.42857142857142855,False
319710,SSH-Bruteforce,1.0,42,0.6666666666666666,False
320952,Brute Force -XSS,1.0,42,0.25,False
321790,FTP-BruteForce,1.0,42,0.42857142857142855,False
323255,DDoS attacks-LOIC-HTTP,1.0,42,0.42857142857142855,False
328840,Benign,1.0,42,0.6666666666666666,False
332391,DoS attacks-GoldenEye,1.0,42,0.6666666666666666,False
332458,DDOS attack-LOIC-UDP,1.0,42,0.6666666666666666,False
333648,DDoS attacks-LOIC-HTTP,1.0,42,0.6666666666666666,False
335584,DoS attacks-GoldenEye,1.0,42,0.25,False
336241,DoS attacks-SlowHTTPTest,1.0,42,0.42857142857142855,True
336566,Bot,1.0,42,0.25,False
338824,Brute Force -XSS,1.0,42,0.42857142857142855,False
342541,Bot,1.0,42,0.6666666666666666,False
346512,Brute Force -XSS,1.0,42,0.0,False
348721,Benign,1.0,42,0.6666666666666666,False
353051,Infilteration,1.0,42,0.6666666666666666,False
353691,DoS attacks-GoldenEye,1.0,42,0.25,False
354580,DDoS attacks-LOIC-HTTP,1.0,42,0.42857142857142855,False
356787,DoS attacks-GoldenEye,1.0,42,0.42857142857142855,False
358097,SQL Injection,1.0,42,0.42857142857142855,False
359537,Benign,1.0,42,0.6666666666666666,False
362368,DoS attacks-GoldenEye,1.0,42,0.42857142857142855,False
363664,DoS attacks-Slowloris,1.0,42,0.42857142857142855,False
364235,DDoS attacks-LOIC-HTTP,1.0,42,0.6666666666666666,False
365136,Infilteration,1.0,42,0.6666666666666666,True
367918,DoS attacks-Hulk,1.0,42,0.42857142857142855,False
369335,DoS attacks-Slowloris,1.0,42,0.42857142857142855,False
369453,FTP-BruteForce,1.0,42,0.42857142857142855,False
369784,DoS attacks-Hulk,1.0,42,0.25,False
376563,DDoS attacks-LOIC-HTTP,1.0,42,0.25,False
377864,DDoS attacks-LOIC-HTTP,1.0,42,0.42857142857142855,False
378164,DDOS attack-HOIC,1.0,42,0.25,False
378382,Bot,1.0,42,0.42857142857142855,False
379791,SQL Injection,1.0,42,0.6666666666666666,False
383016,FTP-BruteForce,1.0,42,0.25,False
384388,FTP-BruteForce,1.0,42,0.25,False
385336,Brute Force -Web,1.0,42,0.42857142857142855,False
385798,Bot,1.0,42,0.6666666666666666,False
395416,Benign,1.0,42,0.25,False
396967,Bot,1.0,42,0.42857142857142855,False
398864,DoS attacks-GoldenEye,1.0,42,0.25,False
410166,DoS attacks-Hulk,1.0,42,0.42857142857142855,False
415297,SQL Injection,1.0,42,0.6666666666666666,False
415684,DoS attacks-GoldenEye,1.0,42,0.42857142857142855,False
417110,FTP-BruteForce,1.0,42,0.25,False
417537,SSH-Bruteforce,1.0,42,0.42857142857142855,False
418917,Infilteration,1.0,42,0.25,False
423486,Brute Force -XSS,1.0,42,0.25,False
432325,DDOS attack-LOIC-UDP,1.0,42,0.6666666666666666,False
434271,Brute Force -XSS,1.0,42,0.1111111111111111,False
434619,Bot,1.0,42,0.25,False
435047,Brute Force -Web,1.0,42,0.42857142857142855,False
435789,Bot,1.0,42,0.6666666666666666,False
437912,DoS attacks-Slowloris,1.0,42,0.25,False
438062,DoS attacks-GoldenEye,1.0,42,0.25,False
440080,DDoS attacks-LOIC-HTTP,1.0,42,0.25,False
441377,Infilteration,1.0,42,0.42857142857142855,False
444328,DoS attacks-Hulk,1.0,42,0.6666666666666666,False
447905,SSH-Bruteforce,1.0,42,0.42857142857142855,False
450041,DDOS attack-HOIC,1.0,42,0.42857142857142855,False
456153,FTP-BruteForce,1.0,42,0.42857142857142855,False
462363,Bot,1.0,42,0.6666666666666666,False
464306,FTP-BruteForce,1.0,42,0.42857142857142855,True
464579,DoS attacks-Slowloris,1.0,42,0.6666666666666666,False
470203,DoS attacks-SlowHTTPTest,1.0,42,0.42857142857142855,False
474577,Benign,1.0,42,1.0,False
475200,DoS attacks-GoldenEye,1.0,42,0.25,False
476206,Brute Force -XSS,1.0,42,0.25,False
476835,DDOS attack-LOIC-UDP,1.0,42,0.6666666666666666,False
477378,DDOS attack-HOIC,1.0,42,0.42857142857142855,False
477859,DDOS attack-LOIC-UDP,1.0,42,0.6666666666666666,False
478158,Benign,1.0,42,0.42857142857142855,False
482463,DDoS attacks-LOIC-HTTP,1.0,42,0.42857142857142855,False
483707,Brute Force -Web,1.0,42,0.42857142857142855,False
483764,Infilteration,1.0,42,0.25,False
484171,Infilteration,1.0,42,0.6666666666666666,False
487123,Infilteration,1.0,42,0.6666666666666666,False
487263,DDOS attack-LOIC-UDP,1.0,42,0.6666666666666666,False
498379,Brute Force -Web,1.0,42,0.42857142857142855,False
501190,DDOS attack-LOIC-UDP,1.0,42,1.0,False
502062,FTP-BruteForce,1.0,42,0.6666666666666666,False
502356,Benign,1.0,42,0.6666666666666666,False
507163,Bot,1.0,42,0.42857142857142855,False
516380,DDOS attack-HOIC,1.0,42,0.42857142857142855,False
517942,DDOS attack-LOIC-UDP,1.0,42,0.6666666666666666,False
520811,Brute Force -Web,1.0,42,0.25,False
521606,Benign,1.0,42,0.6666666666666666,False
522204,Brute Force -XSS,1.0,42,0.6666666666666666,False
522303,FTP-BruteForce,1.0,42,0.42857142857142855,False
530029,SSH-Bruteforce,1.0,42,0.42857142857142855,False
531043,SSH-Bruteforce,1.0,42,0.42857142857142855,False
531260,DoS attacks-SlowHTTPTest,1.0,42,0.42857142857142855,False
532195,Benign,1.0,42,0.6666666666666666,False
534785,DoS attacks-SlowHTTPTest,1.0,42,0.42857142857142855,False
535830,DDOS attack-LOIC-UDP,1.0,42,1.0,False
536590,DDOS attack-HOIC,1.0,42,0.42857142857142855,False
537705,Benign,1.0,42,0.6666666666666666,False
540314,DoS attacks-GoldenEye,1.0,42,0.1111111111111111,False
545107,SSH-Bruteforce,1.0,42,0.42857142857142855,False
549022,Brute Force -Web,1.0,42,0.1111111111111111,False
549420,Bot,1.0,42,0.25,False
556032,Brute Force -XSS,1.0,42,0.25,False
556093,DDOS attack-HOIC,1.0,42,0.42857142857142855,False
556787,DDOS attack-LOIC-UDP,1.0,42,0.6666666666666666,False
557077,SQL Injection,1.0,42,0.6666666666666666,False
557149,DoS attacks-GoldenEye,1.0,42,0.42857142857142855,False
562744,DoS attacks-SlowHTTPTest,1.0,42,0.25,True
574359,DoS attacks-SlowHTTPTest,1.0,42,0.42857142857142855,False
577574,DoS attacks-SlowHTTPTest,1.0,42,0.42857142857142855,False
579553,Benign,1.0,42,0.42857142857142855,False
582796,Benign,1.0,42,0.6666666666666666,False
588054,Benign,1.0,42,0.6666666666666666,False
589312,DoS attacks-Slowloris,1.0,42,0.42857142857142855,False
596381,DoS attacks-Hulk,1.0,42,0.42857142857142855,False
596463,DDOS attack-HOIC,1.0,42,0.42857142857142855,False
598293,Brute Force -XSS,1.0,42,0.25,False
601248,Benign,1.0,42,1.0,False
602468,SSH-Bruteforce,1.0,42,0.42857142857142855,False
607340,DoS attacks-Slowloris,1.0,42,0.6666666666666666,False
610381,DoS attacks-GoldenEye,1.0,42,0.25,False
610547,DoS attacks-Slowloris,1.0,42,0.25,False
611368,DoS attacks-Hulk,1.0,42,0.42857142857142855,False
612632,DDOS attack-HOIC,1.0,42,0.25,False
614266,Brute Force -Web,1.0,42,0.1111111111111111,False
615138,DoS attacks-Hulk,1.0,42,0.42857142857142855,False
616668,DDoS attacks-LOIC-HTTP,1.0,42,0.25,False
618663,Brute Force -Web,1.0,42,0.42857142857142855,False
620071,FTP-BruteForce,1.0,42,0.42857142857142855,False
621782,SSH-Bruteforce,1.0,42,0.42857142857142855,False
624071,DoS attacks-SlowHTTPTest,1.0,42,0.25,False
624147,SSH-Bruteforce,1.0,42,0.6666666666666666,False
626732,DoS attacks-Hulk,1.0,42,0.42857142857142855,False
629710,DoS attacks-Hulk,1.0,42,0.42857142857142855,False
629734,Brute Force -Web,1.0,42,0.25,False
630081,Brute Force -XSS,1.0,42,0.1111111111111111,False
638364,DoS attacks-GoldenEye,1.0,42,0.42857142857142855,False
639271,DDOS attack-LOIC-UDP,1.0,42,1.0,False
639539,DoS attacks-Hulk,1.0,42,0.42857142857142855,False
641423,Brute Force -Web,1.0,42,0.42857142857142855,False
645824,Benign,1.0,42,0.42857142857142855,False
652230,DDOS attack-HOIC,1.0,42,0.42857142857142855,False
659806,FTP-BruteForce,1.0,42,0.42857142857142855,False
661051,DDoS attacks-LOIC-HTTP,1.0,42,0.42857142857142855,False
662079,Brute Force -Web,1.0,42,0.25,False
662490,DDOS attack-LOIC-UDP,1.0,42,0.6666666666666666,False
675226,DoS attacks-SlowHTTPTest,1.0,42,0.42857142857142855,False
675268,DoS attacks-Slowloris,1.0,42,0.42857142857142855,False
679360,Infilteration,1.0,42,1.0,False
681769,DoS attacks-GoldenEye,1.0,42,0.25,False
689373,FTP-BruteForce,1.0,42,0.42857142857142855,False
695015,DDOS attack-LOIC-UDP,1.0,42,0.6666666666666666,False
695843,Brute Force -XSS,1.0,42,0.25,False
697328,DoS attacks-Hulk,1.0,42,0.6666666666666666,False
5639,Infilteration,1.0,123,0.6666666666666666,False
8334,DoS attacks-Slowloris,1.0,123,0.25,False
12685,DoS attacks-SlowHTTPTest,1.0,123,0.25,False
13941,DoS attacks-SlowHTTPTest,1.0,123,0.42857142857142855,False
14421,DDOS attack-HOIC,1.0,123,0.25,False
18565,SSH-Bruteforce,1.0,123,0.42857142857142855,False
19068,Brute Force -XSS,1.0,123,0.6666666666666666,False
20056,Brute Force -XSS,1.0,123,0.25,False
26534,DoS attacks-Slowloris,1.0,123,0.25,False
29876,DDoS attacks-LOIC-HTTP,1.0,123,0.42857142857142855,False
30515,Bot,1.0,123,0.6666666666666666,False
35439,SSH-Bruteforce,1.0,123,0.6666666666666666,False
42318,DoS attacks-Hulk,1.0,123,0.42857142857142855,False
42573,Brute Force -Web,1.0,123,0.1111111111111111,False
44912,FTP-BruteForce,1.0,123,0.42857142857142855,False
45365,DoS attacks-GoldenEye,1.0,123,0.25,False
46168,SQL Injection,1.0,123,0.42857142857142855,False
46271,Bot,1.0,123,0.42857142857142855,False
49395,DoS attacks-SlowHTTPTest,1.0,123,0.6666666666666666,False
50452,DoS attacks-SlowHTTPTest,1.0,123,0.42857142857142855,False
51441,FTP-BruteForce,1.0,123,0.25,False
58379,DDOS attack-LOIC-UDP,1.0,123,0.6666666666666666,False
58919,DDoS attacks-LOIC-HTTP,1.0,123,0.6666666666666666,False
62914,DDoS attacks-LOIC-HTTP,1.0,123,0.6666666666666666,False
65664,SSH-Bruteforce,1.0,123,0.42857142857142855,False
65934,Benign,1.0,123,0.6666666666666666,False
66907,DoS attacks-SlowHTTPTest,1.0,123,0.25,False
68038,Benign,1.0,123,0.6666666666666666,False
68799,SQL Injection,1.0,123,0.6666666666666666,False
69550,SSH-Bruteforce,1.0,123,0.42857142857142855,False
72472,SSH-Bruteforce,1.0,123,0.42857142857142855,False
73380,DDOS attack-HOIC,1.0,123,0.42857142857142855,False
73653,DoS attacks-GoldenEye,1.0,123,0.25,False
74683,Infilteration,1.0,123,0.42857142857142855,False
76270,DDOS attack-LOIC-UDP,1.0,123,1.0,False
78135,DoS attacks-Slowloris,1.0,123,0.25,False
78982,DDOS attack-HOIC,1.0,123,0.6666666666666666,False
80241,DoS attacks-Hulk,1.0,123,0.42857142857142855,False
86164,Brute Force -Web,1.0,123,0.1111111111111111,False
88694,DoS attacks-SlowHTTPTest,1.0,123,0.25,False
89190,Infilteration,1.0,123,0.25,False
90525,DDoS attacks-LOIC-HTTP,1.0,123,0.42857142857142855,False
91374,SSH-Bruteforce,1.0,123,0.42857142857142855,False
92086,FTP-BruteForce,1.0,123,0.25,False
99470,DoS attacks-Slowloris,1.0,123,0.25,False
99643,Bot,1.0,123,0.25,False
100422,Bot,1.0,123,0.42857142857142855,False
102666,FTP-BruteForce,1.0,123,0.42857142857142855,False
107145,DDOS attack-HOIC,1.0,123,0.25,False
107842,Benign,1.0,123,0.6666666666666666,False
108720,Brute Force -XSS,1.0,123,0.25,False
108787,DDoS attacks-LOIC-HTTP,1.0,123,0.6666666666666666,False
109595,DoS attacks-Hulk,1.0,123,0.42857142857142855,False
110687,FTP-BruteForce,1.0,123,0.42857142857142855,False
110737,DDoS attacks-LOIC-HTTP,1.0,123,0.6666666666666666,False
113592,Bot,1.0,123,0.25,False
120459,SSH-Bruteforce,1.0,123,0.42857142857142855,False
131694,SSH-Bruteforce,1.0,123,0.6666666666666666,False
132419,Infilteration,1.0,123,1.0,False
136157,Benign,1.0,123,0.6666666666666666,False
139948,DoS attacks-SlowHTTPTest,1.0,123,0.42857142857142855,True
148681,Infilteration,1.0,123,0.42857142857142855,False
152193,DoS attacks-Slowloris,1.0,123,0.6666666666666666,False
155941,SQL Injection,1.0,123,0.6666666666666666,False
158038,Infilteration,1.0,123,0.6666666666666666,False
163228,DoS attacks-Slowloris,1.0,123,0.6666666666666666,False
164952,DoS attacks-Hulk,1.0,123,0.25,False
165922,DoS attacks-GoldenEye,1.0,123,0.42857142857142855,False
166311,SQL Injection,1.0,123,0.42857142857142855,True
169666,DoS attacks-Hulk,1.0,123,0.25,False
180148,DDoS attacks-LOIC-HTTP,1.0,123,0.6666666666666666,False
181160,DoS attacks-SlowHTTPTest,1.0,123,0.25,False
188164,DDOS attack-HOIC,1.0,123,0.25,False
192124,DoS attacks-Slowloris,1.0,123,0.42857142857142855,False
192228,DoS attacks-Hulk,1.0,123,0.42857142857142855,False
193059,Infilteration,1.0,123,1.0,False
193789,DoS attacks-Slowloris,1.0,123,0.6666666666666666,False
197830,DDOS attack-HOIC,1.0,123,0.25,False
198436,DoS attacks-Hulk,1.0,123,0.25,False
199790,DDOS attack-LOIC-UDP,1.0,123,0.6666666666666666,False
200184,DDOS attack-LOIC-UDP,1.0,123,1.0,False
200822,Infilteration,1.0,123,1.0,False
201841,Brute Force -Web,1.0,123,0.25,False
203296,DoS attacks-SlowHTTPTest,1.0,123,0.42857142857142855,False
207060,Bot,1.0,123,0.6666666666666666,False
209974,DoS attacks-Hulk,1.0,123,0.6666666666666666,False
215475,DoS attacks-SlowHTTPTest,1.0,123,0.42857142857142855,False
217506,DDOS attack-HOIC,1.0,123,0.42857142857142855,False
218003,Bot,1.0,123,0.42857142857142855,False
219442,Infilteration,1.0,123,0.42857142857142855,False
220146,Brute Force -XSS,1.0,123,0.42857142857142855,False
222292,DDoS attacks-LOIC-HTTP,1.0,123,0.25,False
223337,DDOS attack-HOIC,1.0,123,0.42857142857142855,False
225548,Brute Force -XSS,1.0,123,0.25,False
231364,DDOS attack-LOIC-UDP,1.0,123,0.6666666666666666,False
232595,DoS attacks-Slowloris,1.0,123,0.6666666666666666,True
232970,Bot,1.0,123,0.42857142857142855,False
234429,DoS attacks-GoldenEye,1.0,123,0.25,False
236692,SSH-Bruteforce,1.0,123,0.42857142857142855,False
237626,DoS attacks-GoldenEye,1.0,123,0.6666666666666666,False
241017,DoS attacks-Hulk,1.0,123,0.42857142857142855,False
241153,Brute Force -XSS,1.0,123,0.42857142857142855,False
243253,FTP-BruteForce,1.0,123,0.42857142857142855,False
243512,Brute Force -Web,1.0,123,0.42857142857142855,False
244749,Brute Force -Web,1.0,123,0.6666666666666666,False
245695,Infilteration,1.0,123,0.6666666666666666,False
252162,DDOS attack-LOIC-UDP,1.0,123,0.6666666666666666,False
254715,Brute Force -Web,1.0,123,0.1111111111111111,False
262338,DDOS attack-HOIC,1.0,123,0.25,False
262581,FTP-BruteForce,1.0,123,0.42857142857142855,False
262898,Brute Force -Web,1.0,123,0.25,False
276433,DoS attacks-SlowHTTPTest,1.0,123,0.42857142857142855,False
277208,DoS attacks-Slowloris,1.0,123,0.42857142857142855,False
277814,DoS attacks-Slowloris,1.0,123,0.6666666666666666,False
282645,DDoS attacks-LOIC-HTTP,1.0,123,0.25,False
287797,DDoS attacks-LOIC-HTTP,1.0,123,0.42857142857142855,False
292965,DoS attacks-GoldenEye,1.0,123,0.42857142857142855,False
293180,Bot,1.0,123,0.42857142857142855,False
294434,SQL Injection,1.0,123,0.6666666666666666,False
294469,DoS attacks-Slowloris,1.0,123,0.42857142857142855,True
297866,Brute Force -Web,1.0,123,0.25,False
298749,DDOS attack-HOIC,1.0,123,0.42857142857142855,False
301061,DDOS attack-HOIC,1.0,123,0.42857142857142855,False
304762,Benign,1.0,123,0.6666666666666666,False
305787,SSH-Bruteforce,1.0,123,0.42857142857142855,False
308733,Infilteration,1.0,123,1.0,False
309889,FTP-BruteForce,1.0,123,0.25,False
310457,SSH-Bruteforce,1.0,123,0.6666666666666666,False
310997,DDOS attack-LOIC-UDP,1.0,123,0.6666666666666666,False
311685,Infilteration,1.0,123,0.25,True
312336,Bot,1.0,123,0.6666666666666666,False
313529,Brute Force -XSS,1.0,123,0.25,False
314183,Brute Force -XSS,1.0,123,0.42857142857142855,False
315063,Brute Force -Web,1.0,123,0.42857142857142855,False
315426,DDOS attack-LOIC-UDP,1.0,123,0.6666666666666666,False
317120,Brute Force -XSS,1.0,123,0.42857142857142855,False
319710,SSH-Bruteforce,1.0,123,0.42857142857142855,False
320952,Brute Force -XSS,1.0,123,0.42857142857142855,False
321790,FTP-BruteForce,1.0,123,0.25,False
323255,DDoS attacks-LOIC-HTTP,1.0,123,0.25,False
328840,Benign,1.0,123,0.6666666666666666,False
332391,DoS attacks-GoldenEye,1.0,123,0.42857142857142855,False
332458,DDOS attack-LOIC-UDP,1.0,123,0.6666666666666666,False
333648,DDoS attacks-LOIC-HTTP,1.0,123,0.42857142857142855,False
335584,DoS attacks-GoldenEye,1.0,123,0.25,False
336241,DoS attacks-SlowHTTPTest,1.0,123,0.6666666666666666,False
336566,Bot,1.0,123,0.25,False
338824,Brute Force -XSS,1.0,123,0.1111111111111111,False
342541,Bot,1.0,123,0.42857142857142855,False
346512,Brute Force -XSS,1.0,123,0.1111111111111111,False
348721,Benign,1.0,123,1.0,False
353051,Infilteration,1.0,123,0.42857142857142855,False
353691,DoS attacks-GoldenEye,1.0,123,0.6666666666666666,False
354580,DDoS attacks-LOIC-HTTP,1.0,123,0.42857142857142855,False
356787,DoS attacks-GoldenEye,1.0,123,0.25,False
358097,SQL Injection,1.0,123,1.0,False
359537,Benign,1.0,123,0.6666666666666666,False
362368,DoS attacks-GoldenEye,1.0,123,0.42857142857142855,False
363664,DoS attacks-Slowloris,1.0,123,0.6666666666666666,False
364235,DDoS attacks-LOIC-HTTP,1.0,123,0.42857142857142855,False
365136,Infilteration,1.0,123,0.6666666666666666,True
367918,DoS attacks-Hulk,1.0,123,0.42857142857142855,False
369335,DoS attacks-Slowloris,1.0,123,0.25,False
369453,FTP-BruteForce,1.0,123,0.6666666666666666,False
369784,DoS attacks-Hulk,1.0,123,0.42857142857142855,False
376563,DDoS attacks-LOIC-HTTP,1.0,123,0.25,False
377864,DDoS attacks-LOIC-HTTP,1.0,123,0.42857142857142855,False
378164,DDOS attack-HOIC,1.0,123,0.25,False
378382,Bot,1.0,123,0.42857142857142855,False
379791,SQL Injection,1.0,123,0.42857142857142855,False
383016,FTP-BruteForce,1.0,123,0.25,False
384388,FTP-BruteForce,1.0,123,0.6666666666666666,False
385336,Brute Force -Web,1.0,123,0.42857142857142855,False
385798,Bot,1.0,123,0.42857142857142855,False
395416,Benign,1.0,123,0.42857142857142855,False
396967,Bot,1.0,123,0.25,False
398864,DoS attacks-GoldenEye,1.0,123,0.42857142857142855,False
410166,DoS attacks-Hulk,1.0,123,0.42857142857142855,False
415297,SQL Injection,1.0,123,0.25,False
415684,DoS attacks-GoldenEye,1.0,123,0.42857142857142855,False
417110,FTP-BruteForce,1.0,123,0.25,False
417537,SSH-Bruteforce,1.0,123,0.6666666666666666,False
418917,Infilteration,1.0,123,0.25,False
423486,Brute Force -XSS,1.0,123,0.25,False
432325,DDOS attack-LOIC-UDP,1.0,123,0.6666666666666666,False
434271,Brute Force -XSS,1.0,123,0.1111111111111111,False
434619,Bot,1.0,123,0.25,False
435047,Brute Force -Web,1.0,123,0.42857142857142855,False
435789,Bot,1.0,123,0.42857142857142855,False
437912,DoS attacks-Slowloris,1.0,123,0.25,False
438062,DoS attacks-GoldenEye,1.0,123,0.6666666666666666,False
440080,DDoS attacks-LOIC-HTTP,1.0,123,0.42857142857142855,False
441377,Infilteration,1.0,123,0.42857142857142855,False
444328,DoS attacks-Hulk,1.0,123,0.42857142857142855,False
447905,SSH-Bruteforce,1.0,123,0.6666666666666666,False
450041,DDOS attack-HOIC,1.0,123,0.42857142857142855,False
456153,FTP-BruteForce,1.0,123,0.25,False
462363,Bot,1.0,123,0.42857142857142855,False
464306,FTP-BruteForce,1.0,123,0.42857142857142855,True
464579,DoS attacks-Slowloris,1.0,123,0.42857142857142855,False
470203,DoS attacks-SlowHTTPTest,1.0,123,0.42857142857142855,False
474577,Benign,1.0,123,1.0,False
475200,DoS attacks-GoldenEye,1.0,123,0.1111111111111111,False
476206,Brute Force -XSS,1.0,123,0.25,False
476835,DDOS attack-LOIC-UDP,1.0,123,0.6666666666666666,False
477378,DDOS attack-HOIC,1.0,123,0.42857142857142855,False
477859,DDOS attack-LOIC-UDP,1.0,123,0.6666666666666666,False
478158,Benign,1.0,123,0.6666666666666666,False
482463,DDoS attacks-LOIC-HTTP,1.0,123,0.42857142857142855,False
483707,Brute Force -Web,1.0,123,0.25,False
483764,Infilteration,1.0,123,0.42857142857142855,False
484171,Infilteration,1.0,123,0.42857142857142855,False
487123,Infilteration,1.0,123,0.42857142857142855,False
487263,DDOS attack-LOIC-UDP,1.0,123,0.6666666666666666,False
498379,Brute Force -Web,1.0,123,0.6666666666666666,False
501190,DDOS attack-LOIC-UDP,1.0,123,0.6666666666666666,False
502062,FTP-BruteForce,1.0,123,0.25,False
502356,Benign,1.0,123,0.25,False
507163,Bot,1.0,123,0.42857142857142855,False
516380,DDOS attack-HOIC,1.0,123,0.25,False
517942,DDOS attack-LOIC-UDP,1.0,123,0.6666666666666666,False
520811,Brute Force -Web,1.0,123,0.42857142857142855,False
521606,Benign,1.0,123,0.6666666666666666,False
522204,Brute Force -XSS,1.0,123,0.1111111111111111,False
522303,FTP-BruteForce,1.0,123,0.25,False
530029,SSH-Bruteforce,1.0,123,0.6666666666666666,False
531043,SSH-Bruteforce,1.0,123,0.42857142857142855,False
531260,DoS attacks-SlowHTTPTest,1.0,123,0.6666666666666666,True
532195,Benign,1.0,123,0.6666666666666666,False
534785,DoS attacks-SlowHTTPTest,1.0,123,0.42857142857142855,False
535830,DDOS attack-LOIC-UDP,1.0,123,0.6666666666666666,False
536590,DDOS attack-HOIC,1.0,123,0.42857142857142855,False
537705,Benign,1.0,123,1.0,False
540314,DoS attacks-GoldenEye,1.0,123,0.1111111111111111,False
545107,SSH-Bruteforce,1.0,123,0.42857142857142855,False
549022,Brute Force -Web,1.0,123,0.1111111111111111,False
549420,Bot,1.0,123,0.42857142857142855,False
556032,Brute Force -XSS,1.0,123,0.42857142857142855,False
556093,DDOS attack-HOIC,1.0,123,0.25,False
556787,DDOS attack-LOIC-UDP,1.0,123,0.6666666666666666,False
557077,SQL Injection,1.0,123,0.42857142857142855,False
557149,DoS attacks-GoldenEye,1.0,123,0.42857142857142855,False
562744,DoS attacks-SlowHTTPTest,1.0,123,0.25,True
574359,DoS attacks-SlowHTTPTest,1.0,123,0.6666666666666666,True
577574,DoS attacks-SlowHTTPTest,1.0,123,0.25,True
579553,Benign,1.0,123,1.0,False
582796,Benign,1.0,123,0.6666666666666666,False
588054,Benign,1.0,123,0.6666666666666666,False
589312,DoS attacks-Slowloris,1.0,123,0.1111111111111111,False
596381,DoS attacks-Hulk,1.0,123,0.42857142857142855,False
596463,DDOS attack-HOIC,1.0,123,0.25,False
598293,Brute Force -XSS,1.0,123,0.25,False
601248,Benign,1.0,123,1.0,False
602468,SSH-Bruteforce,1.0,123,0.42857142857142855,False
607340,DoS attacks-Slowloris,1.0,123,0.42857142857142855,False
610381,DoS attacks-GoldenEye,1.0,123,0.25,False
610547,DoS attacks-Slowloris,1.0,123,0.1111111111111111,False
611368,DoS attacks-Hulk,1.0,123,0.42857142857142855,False
612632,DDOS attack-HOIC,1.0,123,0.42857142857142855,False
614266,Brute Force -Web,1.0,123,0.1111111111111111,False
615138,DoS attacks-Hulk,1.0,123,0.42857142857142855,False
616668,DDoS attacks-LOIC-HTTP,1.0,123,0.25,False
618663,Brute Force -Web,1.0,123,0.42857142857142855,False
620071,FTP-BruteForce,1.0,123,0.25,False
621782,SSH-Bruteforce,1.0,123,0.42857142857142855,False
624071,DoS attacks-SlowHTTPTest,1.0,123,0.42857142857142855,False
624147,SSH-Bruteforce,1.0,123,0.42857142857142855,False
626732,DoS attacks-Hulk,1.0,123,0.42857142857142855,False
629710,DoS attacks-Hulk,1.0,123,0.25,False
629734,Brute Force -Web,1.0,123,0.25,False
630081,Brute Force -XSS,1.0,123,0.1111111111111111,False
638364,DoS attacks-GoldenEye,1.0,123,0.42857142857142855,False
639271,DDOS attack-LOIC-UDP,1.0,123,0.6666666666666666,False
639539,DoS attacks-Hulk,1.0,123,0.42857142857142855,False
641423,Brute Force -Web,1.0,123,0.25,False
645824,Benign,1.0,123,0.42857142857142855,False
652230,DDOS attack-HOIC,1.0,123,0.25,False
659806,FTP-BruteForce,1.0,123,0.42857142857142855,False
661051,DDoS attacks-LOIC-HTTP,1.0,123,0.42857142857142855,False
662079,Brute Force -Web,1.0,123,0.1111111111111111,False
662490,DDOS attack-LOIC-UDP,1.0,123,1.0,False
675226,DoS attacks-SlowHTTPTest,1.0,123,0.42857142857142855,False
675268,DoS attacks-Slowloris,1.0,123,0.42857142857142855,False
679360,Infilteration,1.0,123,0.42857142857142855,False
681769,DoS attacks-GoldenEye,1.0,123,0.42857142857142855,False
689373,FTP-BruteForce,1.0,123,0.6666666666666666,False
695015,DDOS attack-LOIC-UDP,1.0,123,0.6666666666666666,False
695843,Brute Force -XSS,1.0,123,0.1111111111111111,False
697328,DoS attacks-Hulk,1.0,123,0.42857142857142855,False
5639,Infilteration,1.0,2026,0.42857142857142855,False
8334,DoS attacks-Slowloris,1.0,2026,0.42857142857142855,False
12685,DoS attacks-SlowHTTPTest,1.0,2026,0.25,False
13941,DoS attacks-SlowHTTPTest,1.0,2026,0.42857142857142855,False
14421,DDOS attack-HOIC,1.0,2026,0.42857142857142855,False
18565,SSH-Bruteforce,1.0,2026,0.6666666666666666,False
19068,Brute Force -XSS,1.0,2026,0.25,False
20056,Brute Force -XSS,1.0,2026,0.42857142857142855,False
26534,DoS attacks-Slowloris,1.0,2026,0.42857142857142855,False
29876,DDoS attacks-LOIC-HTTP,1.0,2026,0.25,False
30515,Bot,1.0,2026,0.42857142857142855,False
35439,SSH-Bruteforce,1.0,2026,0.42857142857142855,False
42318,DoS attacks-Hulk,1.0,2026,0.42857142857142855,False
42573,Brute Force -Web,1.0,2026,0.1111111111111111,False
44912,FTP-BruteForce,1.0,2026,0.25,False
45365,DoS attacks-GoldenEye,1.0,2026,0.25,False
46168,SQL Injection,1.0,2026,0.25,False
46271,Bot,1.0,2026,0.42857142857142855,False
49395,DoS attacks-SlowHTTPTest,1.0,2026,0.25,False
50452,DoS attacks-SlowHTTPTest,1.0,2026,0.6666666666666666,True
51441,FTP-BruteForce,1.0,2026,0.25,False
58379,DDOS attack-LOIC-UDP,1.0,2026,1.0,False
58919,DDoS attacks-LOIC-HTTP,1.0,2026,0.25,False
62914,DDoS attacks-LOIC-HTTP,1.0,2026,0.42857142857142855,False
65664,SSH-Bruteforce,1.0,2026,0.6666666666666666,False
65934,Benign,1.0,2026,0.6666666666666666,False
66907,DoS attacks-SlowHTTPTest,1.0,2026,0.42857142857142855,False
68038,Benign,1.0,2026,0.6666666666666666,False
68799,SQL Injection,1.0,2026,1.0,False
69550,SSH-Bruteforce,1.0,2026,0.6666666666666666,False
72472,SSH-Bruteforce,1.0,2026,0.42857142857142855,False
73380,DDOS attack-HOIC,1.0,2026,0.25,False
73653,DoS attacks-GoldenEye,1.0,2026,0.42857142857142855,False
74683,Infilteration,1.0,2026,0.42857142857142855,False
76270,DDOS attack-LOIC-UDP,1.0,2026,0.6666666666666666,False
78135,DoS attacks-Slowloris,1.0,2026,0.42857142857142855,False
78982,DDOS attack-HOIC,1.0,2026,0.42857142857142855,False
80241,DoS attacks-Hulk,1.0,2026,0.25,False
86164,Brute Force -Web,1.0,2026,0.0,False
88694,DoS attacks-SlowHTTPTest,1.0,2026,0.25,True
89190,Infilteration,1.0,2026,0.42857142857142855,False
90525,DDoS attacks-LOIC-HTTP,1.0,2026,0.42857142857142855,False
91374,SSH-Bruteforce,1.0,2026,0.42857142857142855,False
92086,FTP-BruteForce,1.0,2026,0.42857142857142855,False
99470,DoS attacks-Slowloris,1.0,2026,0.25,False
99643,Bot,1.0,2026,0.25,False
100422,Bot,1.0,2026,0.42857142857142855,False
102666,FTP-BruteForce,1.0,2026,0.42857142857142855,False
107145,DDOS attack-HOIC,1.0,2026,0.25,False
107842,Benign,1.0,2026,0.6666666666666666,False
108720,Brute Force -XSS,1.0,2026,0.1111111111111111,False
108787,DDoS attacks-LOIC-HTTP,1.0,2026,0.42857142857142855,False
109595,DoS attacks-Hulk,1.0,2026,0.42857142857142855,False
110687,FTP-BruteForce,1.0,2026,0.42857142857142855,False
110737,DDoS attacks-LOIC-HTTP,1.0,2026,0.42857142857142855,False
113592,Bot,1.0,2026,0.25,False
120459,SSH-Bruteforce,1.0,2026,0.42857142857142855,False
131694,SSH-Bruteforce,1.0,2026,0.6666666666666666,False
132419,Infilteration,1.0,2026,0.6666666666666666,False
136157,Benign,1.0,2026,1.0,False
139948,DoS attacks-SlowHTTPTest,1.0,2026,0.42857142857142855,False
148681,Infilteration,1.0,2026,0.6666666666666666,False
152193,DoS attacks-Slowloris,1.0,2026,0.6666666666666666,False
155941,SQL Injection,1.0,2026,0.25,False
158038,Infilteration,1.0,2026,1.0,False
163228,DoS attacks-Slowloris,1.0,2026,0.6666666666666666,False
164952,DoS attacks-Hulk,1.0,2026,0.42857142857142855,False
165922,DoS attacks-GoldenEye,1.0,2026,0.6666666666666666,False
166311,SQL Injection,1.0,2026,0.42857142857142855,True
169666,DoS attacks-Hulk,1.0,2026,0.42857142857142855,False
180148,DDoS attacks-LOIC-HTTP,1.0,2026,0.6666666666666666,False
181160,DoS attacks-SlowHTTPTest,1.0,2026,0.25,False
188164,DDOS attack-HOIC,1.0,2026,0.25,False
192124,DoS attacks-Slowloris,1.0,2026,0.42857142857142855,False
192228,DoS attacks-Hulk,1.0,2026,0.6666666666666666,False
193059,Infilteration,1.0,2026,0.42857142857142855,False
193789,DoS attacks-Slowloris,1.0,2026,0.25,False
197830,DDOS attack-HOIC,1.0,2026,0.6666666666666666,False
198436,DoS attacks-Hulk,1.0,2026,0.25,False
199790,DDOS attack-LOIC-UDP,1.0,2026,0.6666666666666666,False
200184,DDOS attack-LOIC-UDP,1.0,2026,0.6666666666666666,False
200822,Infilteration,1.0,2026,0.25,False
201841,Brute Force -Web,1.0,2026,0.1111111111111111,False
203296,DoS attacks-SlowHTTPTest,1.0,2026,0.25,False
207060,Bot,1.0,2026,0.42857142857142855,False
209974,DoS attacks-Hulk,1.0,2026,0.42857142857142855,False
215475,DoS attacks-SlowHTTPTest,1.0,2026,0.25,True
217506,DDOS attack-HOIC,1.0,2026,0.42857142857142855,False
218003,Bot,1.0,2026,0.42857142857142855,False
219442,Infilteration,1.0,2026,0.42857142857142855,False
220146,Brute Force -XSS,1.0,2026,0.25,False
222292,DDoS attacks-LOIC-HTTP,1.0,2026,0.25,False
223337,DDOS attack-HOIC,1.0,2026,0.6666666666666666,False
225548,Brute Force -XSS,1.0,2026,0.1111111111111111,False
231364,DDOS attack-LOIC-UDP,1.0,2026,0.6666666666666666,False
232595,DoS attacks-Slowloris,1.0,2026,1.0,False
232970,Bot,1.0,2026,0.6666666666666666,False
234429,DoS attacks-GoldenEye,1.0,2026,0.42857142857142855,False
236692,SSH-Bruteforce,1.0,2026,0.6666666666666666,False
237626,DoS attacks-GoldenEye,1.0,2026,0.42857142857142855,False
241017,DoS attacks-Hulk,1.0,2026,0.42857142857142855,False
241153,Brute Force -XSS,1.0,2026,0.25,False
243253,FTP-BruteForce,1.0,2026,0.42857142857142855,False
243512,Brute Force -Web,1.0,2026,0.42857142857142855,False
244749,Brute Force -Web,1.0,2026,0.25,False
245695,Infilteration,1.0,2026,0.42857142857142855,False
252162,DDOS attack-LOIC-UDP,1.0,2026,0.6666666666666666,False
254715,Brute Force -Web,1.0,2026,0.0,False
262338,DDOS attack-HOIC,1.0,2026,0.25,False
262581,FTP-BruteForce,1.0,2026,0.25,False
262898,Brute Force -Web,1.0,2026,0.25,False
276433,DoS attacks-SlowHTTPTest,1.0,2026,0.6666666666666666,False
277208,DoS attacks-Slowloris,1.0,2026,0.42857142857142855,False
277814,DoS attacks-Slowloris,1.0,2026,0.42857142857142855,False
282645,DDoS attacks-LOIC-HTTP,1.0,2026,0.25,False
287797,DDoS attacks-LOIC-HTTP,1.0,2026,0.25,False
292965,DoS attacks-GoldenEye,1.0,2026,0.25,False
293180,Bot,1.0,2026,0.6666666666666666,False
294434,SQL Injection,1.0,2026,0.6666666666666666,False
294469,DoS attacks-Slowloris,1.0,2026,0.6666666666666666,False
297866,Brute Force -Web,1.0,2026,0.25,False
298749,DDOS attack-HOIC,1.0,2026,0.25,False
301061,DDOS attack-HOIC,1.0,2026,0.25,False
304762,Benign,1.0,2026,0.6666666666666666,False
305787,SSH-Bruteforce,1.0,2026,0.6666666666666666,False
308733,Infilteration,1.0,2026,0.6666666666666666,False
309889,FTP-BruteForce,1.0,2026,0.25,False
310457,SSH-Bruteforce,1.0,2026,0.6666666666666666,False
310997,DDOS attack-LOIC-UDP,1.0,2026,0.6666666666666666,False
311685,Infilteration,1.0,2026,0.6666666666666666,False
312336,Bot,1.0,2026,0.6666666666666666,False
313529,Brute Force -XSS,1.0,2026,0.25,False
314183,Brute Force -XSS,1.0,2026,0.25,False
315063,Brute Force -Web,1.0,2026,0.25,False
315426,DDOS attack-LOIC-UDP,1.0,2026,0.6666666666666666,False
317120,Brute Force -XSS,1.0,2026,0.25,False
319710,SSH-Bruteforce,1.0,2026,0.6666666666666666,False
320952,Brute Force -XSS,1.0,2026,0.1111111111111111,False
321790,FTP-BruteForce,1.0,2026,0.42857142857142855,False
323255,DDoS attacks-LOIC-HTTP,1.0,2026,0.42857142857142855,False
328840,Benign,1.0,2026,0.6666666666666666,False
332391,DoS attacks-GoldenEye,1.0,2026,0.42857142857142855,False
332458,DDOS attack-LOIC-UDP,1.0,2026,0.6666666666666666,False
333648,DDoS attacks-LOIC-HTTP,1.0,2026,0.42857142857142855,False
335584,DoS attacks-GoldenEye,1.0,2026,0.25,False
336241,DoS attacks-SlowHTTPTest,1.0,2026,0.42857142857142855,True
336566,Bot,1.0,2026,0.25,False
338824,Brute Force -XSS,1.0,2026,0.42857142857142855,False
342541,Bot,1.0,2026,0.6666666666666666,False
346512,Brute Force -XSS,1.0,2026,0.1111111111111111,False
348721,Benign,1.0,2026,0.42857142857142855,False
353051,Infilteration,1.0,2026,0.6666666666666666,False
353691,DoS attacks-GoldenEye,1.0,2026,0.42857142857142855,False
354580,DDoS attacks-LOIC-HTTP,1.0,2026,0.42857142857142855,False
356787,DoS attacks-GoldenEye,1.0,2026,0.42857142857142855,False
358097,SQL Injection,1.0,2026,0.6666666666666666,False
359537,Benign,1.0,2026,0.42857142857142855,False
362368,DoS attacks-GoldenEye,1.0,2026,0.6666666666666666,False
363664,DoS attacks-Slowloris,1.0,2026,0.6666666666666666,False
364235,DDoS attacks-LOIC-HTTP,1.0,2026,0.6666666666666666,False
365136,Infilteration,1.0,2026,0.42857142857142855,False
367918,DoS attacks-Hulk,1.0,2026,0.6666666666666666,False
369335,DoS attacks-Slowloris,1.0,2026,0.42857142857142855,False
369453,FTP-BruteForce,1.0,2026,0.42857142857142855,False
369784,DoS attacks-Hulk,1.0,2026,0.42857142857142855,False
376563,DDoS attacks-LOIC-HTTP,1.0,2026,0.42857142857142855,False
377864,DDoS attacks-LOIC-HTTP,1.0,2026,0.42857142857142855,False
378164,DDOS attack-HOIC,1.0,2026,0.42857142857142855,False
378382,Bot,1.0,2026,0.42857142857142855,False
379791,SQL Injection,1.0,2026,0.42857142857142855,False
383016,FTP-BruteForce,1.0,2026,0.42857142857142855,False
384388,FTP-BruteForce,1.0,2026,0.25,False
385336,Brute Force -Web,1.0,2026,0.25,False
385798,Bot,1.0,2026,0.42857142857142855,False
395416,Benign,1.0,2026,0.42857142857142855,False
396967,Bot,1.0,2026,0.25,False
398864,DoS attacks-GoldenEye,1.0,2026,0.42857142857142855,False
410166,DoS attacks-Hulk,1.0,2026,0.42857142857142855,False
415297,SQL Injection,1.0,2026,0.25,False
415684,DoS attacks-GoldenEye,1.0,2026,0.42857142857142855,False
417110,FTP-BruteForce,1.0,2026,0.25,False
417537,SSH-Bruteforce,1.0,2026,0.6666666666666666,False
418917,Infilteration,1.0,2026,0.6666666666666666,True
423486,Brute Force -XSS,1.0,2026,0.1111111111111111,False
432325,DDOS attack-LOIC-UDP,1.0,2026,0.6666666666666666,False
434271,Brute Force -XSS,1.0,2026,0.1111111111111111,False
434619,Bot,1.0,2026,0.25,False
435047,Brute Force -Web,1.0,2026,0.25,False
435789,Bot,1.0,2026,0.42857142857142855,False
437912,DoS attacks-Slowloris,1.0,2026,0.25,False
438062,DoS attacks-GoldenEye,1.0,2026,0.42857142857142855,False
440080,DDoS attacks-LOIC-HTTP,1.0,2026,0.25,False
441377,Infilteration,1.0,2026,0.1111111111111111,False
444328,DoS attacks-Hulk,1.0,2026,0.42857142857142855,False
447905,SSH-Bruteforce,1.0,2026,0.42857142857142855,False
450041,DDOS attack-HOIC,1.0,2026,0.6666666666666666,False
456153,FTP-BruteForce,1.0,2026,0.42857142857142855,False
462363,Bot,1.0,2026,0.6666666666666666,False
464306,FTP-BruteForce,1.0,2026,0.25,True
464579,DoS attacks-Slowloris,1.0,2026,0.42857142857142855,False
470203,DoS attacks-SlowHTTPTest,1.0,2026,0.25,False
474577,Benign,1.0,2026,1.0,False
475200,DoS attacks-GoldenEye,1.0,2026,0.25,False
476206,Brute Force -XSS,1.0,2026,0.25,False
476835,DDOS attack-LOIC-UDP,1.0,2026,0.6666666666666666,False
477378,DDOS attack-HOIC,1.0,2026,0.42857142857142855,False
477859,DDOS attack-LOIC-UDP,1.0,2026,0.6666666666666666,False
478158,Benign,1.0,2026,0.42857142857142855,False
482463,DDoS attacks-LOIC-HTTP,1.0,2026,0.6666666666666666,False
483707,Brute Force -Web,1.0,2026,0.6666666666666666,False
483764,Infilteration,1.0,2026,0.25,False
484171,Infilteration,1.0,2026,0.42857142857142855,False
487123,Infilteration,1.0,2026,0.6666666666666666,False
487263,DDOS attack-LOIC-UDP,1.0,2026,0.6666666666666666,False
498379,Brute Force -Web,1.0,2026,0.25,False
501190,DDOS attack-LOIC-UDP,1.0,2026,0.6666666666666666,False
502062,FTP-BruteForce,1.0,2026,0.42857142857142855,False
502356,Benign,1.0,2026,0.6666666666666666,False
507163,Bot,1.0,2026,0.42857142857142855,False
516380,DDOS attack-HOIC,1.0,2026,0.25,False
517942,DDOS attack-LOIC-UDP,1.0,2026,0.6666666666666666,False
520811,Brute Force -Web,1.0,2026,0.42857142857142855,False
521606,Benign,1.0,2026,0.6666666666666666,False
522204,Brute Force -XSS,1.0,2026,0.1111111111111111,False
522303,FTP-BruteForce,1.0,2026,0.6666666666666666,False
530029,SSH-Bruteforce,1.0,2026,0.42857142857142855,False
531043,SSH-Bruteforce,1.0,2026,0.42857142857142855,False
531260,DoS attacks-SlowHTTPTest,1.0,2026,0.42857142857142855,False
532195,Benign,1.0,2026,0.6666666666666666,False
534785,DoS attacks-SlowHTTPTest,1.0,2026,0.42857142857142855,False
535830,DDOS attack-LOIC-UDP,1.0,2026,0.6666666666666666,False
536590,DDOS attack-HOIC,1.0,2026,0.25,False
537705,Benign,1.0,2026,0.6666666666666666,False
540314,DoS attacks-GoldenEye,1.0,2026,0.25,False
545107,SSH-Bruteforce,1.0,2026,0.6666666666666666,False
549022,Brute Force -Web,1.0,2026,0.25,False
549420,Bot,1.0,2026,0.25,False
556032,Brute Force -XSS,1.0,2026,0.25,False
556093,DDOS attack-HOIC,1.0,2026,0.6666666666666666,False
556787,DDOS attack-LOIC-UDP,1.0,2026,1.0,False
557077,SQL Injection,1.0,2026,0.42857142857142855,False
557149,DoS attacks-GoldenEye,1.0,2026,0.42857142857142855,False
562744,DoS attacks-SlowHTTPTest,1.0,2026,0.42857142857142855,False
574359,DoS attacks-SlowHTTPTest,1.0,2026,0.42857142857142855,True
577574,DoS attacks-SlowHTTPTest,1.0,2026,0.25,True
579553,Benign,1.0,2026,0.6666666666666666,False
582796,Benign,1.0,2026,0.25,False
588054,Benign,1.0,2026,0.6666666666666666,False
589312,DoS attacks-Slowloris,1.0,2026,0.25,False
596381,DoS attacks-Hulk,1.0,2026,0.42857142857142855,False
596463,DDOS attack-HOIC,1.0,2026,0.42857142857142855,False
598293,Brute Force -XSS,1.0,2026,0.25,False
601248,Benign,1.0,2026,0.6666666666666666,False
602468,SSH-Bruteforce,1.0,2026,0.42857142857142855,False
607340,DoS attacks-Slowloris,1.0,2026,1.0,False
610381,DoS attacks-GoldenEye,1.0,2026,0.25,False
610547,DoS attacks-Slowloris,1.0,2026,0.25,False
611368,DoS attacks-Hulk,1.0,2026,0.25,False
612632,DDOS attack-HOIC,1.0,2026,0.25,False
614266,Brute Force -Web,1.0,2026,0.1111111111111111,False
615138,DoS attacks-Hulk,1.0,2026,0.42857142857142855,False
616668,DDoS attacks-LOIC-HTTP,1.0,2026,0.25,False
618663,Brute Force -Web,1.0,2026,0.25,False
620071,FTP-BruteForce,1.0,2026,0.25,False
621782,SSH-Bruteforce,1.0,2026,0.42857142857142855,False
624071,DoS attacks-SlowHTTPTest,1.0,2026,0.25,False
624147,SSH-Bruteforce,1.0,2026,0.42857142857142855,False
626732,DoS attacks-Hulk,1.0,2026,0.42857142857142855,False
629710,DoS attacks-Hulk,1.0,2026,0.6666666666666666,False
629734,Brute Force -Web,1.0,2026,0.25,False
630081,Brute Force -XSS,1.0,2026,0.42857142857142855,False
638364,DoS attacks-GoldenEye,1.0,2026,0.6666666666666666,False
639271,DDOS attack-LOIC-UDP,1.0,2026,0.6666666666666666,False
639539,DoS attacks-Hulk,1.0,2026,0.42857142857142855,False
641423,Brute Force -Web,1.0,2026,0.25,False
645824,Benign,1.0,2026,0.6666666666666666,False
652230,DDOS attack-HOIC,1.0,2026,0.25,False
659806,FTP-BruteForce,1.0,2026,0.42857142857142855,False
661051,DDoS attacks-LOIC-HTTP,1.0,2026,0.6666666666666666,False
662079,Brute Force -Web,1.0,2026,0.25,False
662490,DDOS attack-LOIC-UDP,1.0,2026,1.0,False
675226,DoS attacks-SlowHTTPTest,1.0,2026,0.42857142857142855,False
675268,DoS attacks-Slowloris,1.0,2026,0.42857142857142855,False
679360,Infilteration,1.0,2026,0.42857142857142855,False
681769,DoS attacks-GoldenEye,1.0,2026,0.25,False
689373,FTP-BruteForce,1.0,2026,0.42857142857142855,False
695015,DDOS attack-LOIC-UDP,1.0,2026,1.0,False
695843,Brute Force -XSS,1.0,2026,0.42857142857142855,False
697328,DoS attacks-Hulk,1.0,2026,0.42857142857142855,False
5639,Infilteration,5.0,42,0.6666666666666666,False
8334,DoS attacks-Slowloris,5.0,42,0.25,False
12685,DoS attacks-SlowHTTPTest,5.0,42,0.25,False
13941,DoS attacks-SlowHTTPTest,5.0,42,0.42857142857142855,False
14421,DDOS attack-HOIC,5.0,42,0.6666666666666666,False
18565,SSH-Bruteforce,5.0,42,0.42857142857142855,False
19068,Brute Force -XSS,5.0,42,0.1111111111111111,False
20056,Brute Force -XSS,5.0,42,0.42857142857142855,False
26534,DoS attacks-Slowloris,5.0,42,0.25,False
29876,DDoS attacks-LOIC-HTTP,5.0,42,0.6666666666666666,False
30515,Bot,5.0,42,1.0,False
35439,SSH-Bruteforce,5.0,42,0.6666666666666666,False
42318,DoS attacks-Hulk,5.0,42,0.42857142857142855,False
42573,Brute Force -Web,5.0,42,0.1111111111111111,False
44912,FTP-BruteForce,5.0,42,0.25,False
45365,DoS attacks-GoldenEye,5.0,42,0.25,False
46168,SQL Injection,5.0,42,0.1111111111111111,False
46271,Bot,5.0,42,0.42857142857142855,False
49395,DoS attacks-SlowHTTPTest,5.0,42,0.42857142857142855,False
50452,DoS attacks-SlowHTTPTest,5.0,42,0.42857142857142855,False
51441,FTP-BruteForce,5.0,42,0.25,False
58379,DDOS attack-LOIC-UDP,5.0,42,0.6666666666666666,False
58919,DDoS attacks-LOIC-HTTP,5.0,42,0.42857142857142855,False
62914,DDoS attacks-LOIC-HTTP,5.0,42,0.6666666666666666,False
65664,SSH-Bruteforce,5.0,42,0.6666666666666666,False
65934,Benign,5.0,42,0.6666666666666666,False
66907,DoS attacks-SlowHTTPTest,5.0,42,0.42857142857142855,False
68038,Benign,5.0,42,1.0,False
68799,SQL Injection,5.0,42,0.6666666666666666,False
69550,SSH-Bruteforce,5.0,42,0.6666666666666666,False
72472,SSH-Bruteforce,5.0,42,0.42857142857142855,False
73380,DDOS attack-HOIC,5.0,42,0.25,False
73653,DoS attacks-GoldenEye,5.0,42,0.42857142857142855,False
74683,Infilteration,5.0,42,0.6666666666666666,False
76270,DDOS attack-LOIC-UDP,5.0,42,0.6666666666666666,False
78135,DoS attacks-Slowloris,5.0,42,0.25,False
78982,DDOS attack-HOIC,5.0,42,0.42857142857142855,False
80241,DoS attacks-Hulk,5.0,42,0.42857142857142855,False
86164,Brute Force -Web,5.0,42,0.42857142857142855,False
88694,DoS attacks-SlowHTTPTest,5.0,42,0.25,False
89190,Infilteration,5.0,42,0.42857142857142855,False
90525,DDoS attacks-LOIC-HTTP,5.0,42,0.25,False
91374,SSH-Bruteforce,5.0,42,0.6666666666666666,False
92086,FTP-BruteForce,5.0,42,0.6666666666666666,False
99470,DoS attacks-Slowloris,5.0,42,0.42857142857142855,False
99643,Bot,5.0,42,0.25,False
100422,Bot,5.0,42,0.25,False
102666,FTP-BruteForce,5.0,42,0.42857142857142855,False
107145,DDOS attack-HOIC,5.0,42,0.25,False
107842,Benign,5.0,42,1.0,False
108720,Brute Force -XSS,5.0,42,0.25,False
108787,DDoS attacks-LOIC-HTTP,5.0,42,0.42857142857142855,False
109595,DoS attacks-Hulk,5.0,42,0.6666666666666666,False
110687,FTP-BruteForce,5.0,42,0.25,False
110737,DDoS attacks-LOIC-HTTP,5.0,42,0.6666666666666666,False
113592,Bot,5.0,42,0.25,False
120459,SSH-Bruteforce,5.0,42,0.6666666666666666,False
131694,SSH-Bruteforce,5.0,42,0.6666666666666666,False
132419,Infilteration,5.0,42,1.0,False
136157,Benign,5.0,42,0.42857142857142855,False
139948,DoS attacks-SlowHTTPTest,5.0,42,0.6666666666666666,False
148681,Infilteration,5.0,42,0.42857142857142855,False
152193,DoS attacks-Slowloris,5.0,42,0.42857142857142855,False
155941,SQL Injection,5.0,42,0.6666666666666666,False
158038,Infilteration,5.0,42,0.42857142857142855,False
163228,DoS attacks-Slowloris,5.0,42,0.25,False
164952,DoS attacks-Hulk,5.0,42,0.25,False
165922,DoS attacks-GoldenEye,5.0,42,0.25,False
166311,SQL Injection,5.0,42,0.42857142857142855,True
169666,DoS attacks-Hulk,5.0,42,0.42857142857142855,False
180148,DDoS attacks-LOIC-HTTP,5.0,42,0.42857142857142855,False
181160,DoS attacks-SlowHTTPTest,5.0,42,0.42857142857142855,False
188164,DDOS attack-HOIC,5.0,42,0.25,False
192124,DoS attacks-Slowloris,5.0,42,0.6666666666666666,False
192228,DoS attacks-Hulk,5.0,42,0.6666666666666666,False
193059,Infilteration,5.0,42,0.6666666666666666,False
193789,DoS attacks-Slowloris,5.0,42,0.25,False
197830,DDOS attack-HOIC,5.0,42,0.42857142857142855,False
198436,DoS attacks-Hulk,5.0,42,0.25,False
199790,DDOS attack-LOIC-UDP,5.0,42,0.6666666666666666,False
200184,DDOS attack-LOIC-UDP,5.0,42,0.6666666666666666,False
200822,Infilteration,5.0,42,0.6666666666666666,False
201841,Brute Force -Web,5.0,42,0.25,False
203296,DoS attacks-SlowHTTPTest,5.0,42,0.25,False
207060,Bot,5.0,42,0.6666666666666666,False
209974,DoS attacks-Hulk,5.0,42,0.42857142857142855,False
215475,DoS attacks-SlowHTTPTest,5.0,42,0.25,False
217506,DDOS attack-HOIC,5.0,42,0.42857142857142855,False
218003,Bot,5.0,42,0.6666666666666666,False
219442,Infilteration,5.0,42,0.42857142857142855,False
220146,Brute Force -XSS,5.0,42,0.6666666666666666,False
222292,DDoS attacks-LOIC-HTTP,5.0,42,0.25,False
223337,DDOS attack-HOIC,5.0,42,0.25,False
225548,Brute Force -XSS,5.0,42,0.25,False
231364,DDOS attack-LOIC-UDP,5.0,42,0.6666666666666666,False
232595,DoS attacks-Slowloris,5.0,42,0.6666666666666666,False
232970,Bot,5.0,42,0.42857142857142855,False
234429,DoS attacks-GoldenEye,5.0,42,0.42857142857142855,False
236692,SSH-Bruteforce,5.0,42,0.42857142857142855,False
237626,DoS attacks-GoldenEye,5.0,42,0.25,False
241017,DoS attacks-Hulk,5.0,42,0.42857142857142855,False
241153,Brute Force -XSS,5.0,42,0.42857142857142855,False
243253,FTP-BruteForce,5.0,42,0.25,False
243512,Brute Force -Web,5.0,42,0.25,False
244749,Brute Force -Web,5.0,42,0.6666666666666666,False
245695,Infilteration,5.0,42,0.42857142857142855,False
252162,DDOS attack-LOIC-UDP,5.0,42,0.6666666666666666,False
254715,Brute Force -Web,5.0,42,0.25,False
262338,DDOS attack-HOIC,5.0,42,0.6666666666666666,False
262581,FTP-BruteForce,5.0,42,1.0,False
262898,Brute Force -Web,5.0,42,0.42857142857142855,False
276433,DoS attacks-SlowHTTPTest,5.0,42,0.42857142857142855,False
277208,DoS attacks-Slowloris,5.0,42,0.25,False
277814,DoS attacks-Slowloris,5.0,42,0.42857142857142855,False
282645,DDoS attacks-LOIC-HTTP,5.0,42,0.1111111111111111,False
287797,DDoS attacks-LOIC-HTTP,5.0,42,0.42857142857142855,False
292965,DoS attacks-GoldenEye,5.0,42,0.25,False
293180,Bot,5.0,42,0.42857142857142855,False
294434,SQL Injection,5.0,42,0.25,False
294469,DoS attacks-Slowloris,5.0,42,0.6666666666666666,False
297866,Brute Force -Web,5.0,42,0.25,False
298749,DDOS attack-HOIC,5.0,42,0.42857142857142855,False
301061,DDOS attack-HOIC,5.0,42,0.25,False
304762,Benign,5.0,42,0.6666666666666666,False
305787,SSH-Bruteforce,5.0,42,0.42857142857142855,False
308733,Infilteration,5.0,42,0.6666666666666666,False
309889,FTP-BruteForce,5.0,42,0.25,False
310457,SSH-Bruteforce,5.0,42,0.6666666666666666,False
310997,DDOS attack-LOIC-UDP,5.0,42,0.6666666666666666,False
311685,Infilteration,5.0,42,0.42857142857142855,True
312336,Bot,5.0,42,0.42857142857142855,False
313529,Brute Force -XSS,5.0,42,0.25,False
314183,Brute Force -XSS,5.0,42,0.25,False
315063,Brute Force -Web,5.0,42,0.42857142857142855,False
315426,DDOS attack-LOIC-UDP,5.0,42,0.6666666666666666,False
317120,Brute Force -XSS,5.0,42,0.42857142857142855,False
319710,SSH-Bruteforce,5.0,42,0.42857142857142855,False
320952,Brute Force -XSS,5.0,42,0.42857142857142855,False
321790,FTP-BruteForce,5.0,42,0.42857142857142855,False
323255,DDoS attacks-LOIC-HTTP,5.0,42,0.42857142857142855,False
328840,Benign,5.0,42,0.6666666666666666,False
332391,DoS attacks-GoldenEye,5.0,42,0.25,False
332458,DDOS attack-LOIC-UDP,5.0,42,0.6666666666666666,False
333648,DDoS attacks-LOIC-HTTP,5.0,42,0.6666666666666666,False
335584,DoS attacks-GoldenEye,5.0,42,0.25,False
336241,DoS attacks-SlowHTTPTest,5.0,42,0.42857142857142855,True
336566,Bot,5.0,42,0.25,False
338824,Brute Force -XSS,5.0,42,0.42857142857142855,False
342541,Bot,5.0,42,0.6666666666666666,False
346512,Brute Force -XSS,5.0,42,0.1111111111111111,False
348721,Benign,5.0,42,1.0,False
353051,Infilteration,5.0,42,0.6666666666666666,False
353691,DoS attacks-GoldenEye,5.0,42,0.42857142857142855,False
354580,DDoS attacks-LOIC-HTTP,5.0,42,0.6666666666666666,False
356787,DoS attacks-GoldenEye,5.0,42,0.6666666666666666,False
358097,SQL Injection,5.0,42,0.6666666666666666,False
359537,Benign,5.0,42,0.6666666666666666,False
362368,DoS attacks-GoldenEye,5.0,42,0.6666666666666666,False
363664,DoS attacks-Slowloris,5.0,42,0.6666666666666666,False
364235,DDoS attacks-LOIC-HTTP,5.0,42,0.42857142857142855,False
365136,Infilteration,5.0,42,0.6666666666666666,True
367918,DoS attacks-Hulk,5.0,42,0.42857142857142855,False
369335,DoS attacks-Slowloris,5.0,42,0.25,False
369453,FTP-BruteForce,5.0,42,0.6666666666666666,False
369784,DoS attacks-Hulk,5.0,42,0.42857142857142855,False
376563,DDoS attacks-LOIC-HTTP,5.0,42,0.42857142857142855,False
377864,DDoS attacks-LOIC-HTTP,5.0,42,0.42857142857142855,False
378164,DDOS attack-HOIC,5.0,42,0.25,False
378382,Bot,5.0,42,0.42857142857142855,False
379791,SQL Injection,5.0,42,0.25,False
383016,FTP-BruteForce,5.0,42,0.25,False
384388,FTP-BruteForce,5.0,42,0.42857142857142855,False
385336,Brute Force -Web,5.0,42,0.25,False
385798,Bot,5.0,42,1.0,False
395416,Benign,5.0,42,0.6666666666666666,False
396967,Bot,5.0,42,0.25,False
398864,DoS attacks-GoldenEye,5.0,42,0.25,False
410166,DoS attacks-Hulk,5.0,42,0.6666666666666666,False
415297,SQL Injection,5.0,42,0.25,False
415684,DoS attacks-GoldenEye,5.0,42,0.25,False
417110,FTP-BruteForce,5.0,42,0.25,False
417537,SSH-Bruteforce,5.0,42,0.6666666666666666,False
418917,Infilteration,5.0,42,0.25,True
423486,Brute Force -XSS,5.0,42,0.25,False
432325,DDOS attack-LOIC-UDP,5.0,42,1.0,False
434271,Brute Force -XSS,5.0,42,0.1111111111111111,False
434619,Bot,5.0,42,0.25,False
435047,Brute Force -Web,5.0,42,0.25,False
435789,Bot,5.0,42,0.42857142857142855,False
437912,DoS attacks-Slowloris,5.0,42,0.25,False
438062,DoS attacks-GoldenEye,5.0,42,0.25,False
440080,DDoS attacks-LOIC-HTTP,5.0,42,0.6666666666666666,False
441377,Infilteration,5.0,42,0.6666666666666666,False
444328,DoS attacks-Hulk,5.0,42,0.42857142857142855,False
447905,SSH-Bruteforce,5.0,42,0.6666666666666666,False
450041,DDOS attack-HOIC,5.0,42,0.25,False
456153,FTP-BruteForce,5.0,42,0.42857142857142855,False
462363,Bot,5.0,42,0.42857142857142855,False
464306,FTP-BruteForce,5.0,42,0.42857142857142855,True
464579,DoS attacks-Slowloris,5.0,42,0.25,False
470203,DoS attacks-SlowHTTPTest,5.0,42,0.25,False
474577,Benign,5.0,42,0.6666666666666666,False
475200,DoS attacks-GoldenEye,5.0,42,0.25,False
476206,Brute Force -XSS,5.0,42,0.1111111111111111,False
476835,DDOS attack-LOIC-UDP,5.0,42,0.6666666666666666,False
477378,DDOS attack-HOIC,5.0,42,0.25,False
477859,DDOS attack-LOIC-UDP,5.0,42,0.6666666666666666,False
478158,Benign,5.0,42,0.6666666666666666,False
482463,DDoS attacks-LOIC-HTTP,5.0,42,0.6666666666666666,False
483707,Brute Force -Web,5.0,42,0.25,False
483764,Infilteration,5.0,42,0.6666666666666666,False
484171,Infilteration,5.0,42,0.6666666666666666,False
487123,Infilteration,5.0,42,0.42857142857142855,False
487263,DDOS attack-LOIC-UDP,5.0,42,0.6666666666666666,False
498379,Brute Force -Web,5.0,42,0.6666666666666666,False
501190,DDOS attack-LOIC-UDP,5.0,42,0.6666666666666666,False
502062,FTP-BruteForce,5.0,42,0.42857142857142855,False
502356,Benign,5.0,42,0.6666666666666666,False
507163,Bot,5.0,42,0.42857142857142855,False
516380,DDOS attack-HOIC,5.0,42,0.25,False
517942,DDOS attack-LOIC-UDP,5.0,42,0.6666666666666666,False
520811,Brute Force -Web,5.0,42,0.25,False
521606,Benign,5.0,42,0.42857142857142855,False
522204,Brute Force -XSS,5.0,42,0.25,False
522303,FTP-BruteForce,5.0,42,0.25,False
530029,SSH-Bruteforce,5.0,42,0.42857142857142855,False
531043,SSH-Bruteforce,5.0,42,0.42857142857142855,False
531260,DoS attacks-SlowHTTPTest,5.0,42,0.42857142857142855,False
532195,Benign,5.0,42,0.6666666666666666,False
534785,DoS attacks-SlowHTTPTest,5.0,42,0.42857142857142855,True
535830,DDOS attack-LOIC-UDP,5.0,42,1.0,False
536590,DDOS attack-HOIC,5.0,42,0.6666666666666666,False
537705,Benign,5.0,42,0.42857142857142855,False
540314,DoS attacks-GoldenEye,5.0,42,0.1111111111111111,False
545107,SSH-Bruteforce,5.0,42,0.42857142857142855,False
549022,Brute Force -Web,5.0,42,0.1111111111111111,False
549420,Bot,5.0,42,0.42857142857142855,False
556032,Brute Force -XSS,5.0,42,0.42857142857142855,False
556093,DDOS attack-HOIC,5.0,42,0.25,False
556787,DDOS attack-LOIC-UDP,5.0,42,0.6666666666666666,False
557077,SQL Injection,5.0,42,0.42857142857142855,False
557149,DoS attacks-GoldenEye,5.0,42,0.6666666666666666,False
562744,DoS attacks-SlowHTTPTest,5.0,42,0.25,True
574359,DoS attacks-SlowHTTPTest,5.0,42,0.25,False
577574,DoS attacks-SlowHTTPTest,5.0,42,0.25,False
579553,Benign,5.0,42,1.0,False
582796,Benign,5.0,42,0.6666666666666666,False
588054,Benign,5.0,42,0.6666666666666666,False
589312,DoS attacks-Slowloris,5.0,42,0.25,False
596381,DoS attacks-Hulk,5.0,42,0.42857142857142855,False
596463,DDOS attack-HOIC,5.0,42,0.25,False
598293,Brute Force -XSS,5.0,42,0.42857142857142855,False
601248,Benign,5.0,42,0.6666666666666666,False
602468,SSH-Bruteforce,5.0,42,0.6666666666666666,False
607340,DoS attacks-Slowloris,5.0,42,0.6666666666666666,False
610381,DoS attacks-GoldenEye,5.0,42,0.42857142857142855,False
610547,DoS attacks-Slowloris,5.0,42,0.25,False
611368,DoS attacks-Hulk,5.0,42,0.42857142857142855,False
612632,DDOS attack-HOIC,5.0,42,0.42857142857142855,False
614266,Brute Force -Web,5.0,42,0.0,False
615138,DoS attacks-Hulk,5.0,42,0.6666666666666666,False
616668,DDoS attacks-LOIC-HTTP,5.0,42,0.25,False
618663,Brute Force -Web,5.0,42,0.6666666666666666,False
620071,FTP-BruteForce,5.0,42,0.25,False
621782,SSH-Bruteforce,5.0,42,0.42857142857142855,False
624071,DoS attacks-SlowHTTPTest,5.0,42,0.25,True
624147,SSH-Bruteforce,5.0,42,0.25,False
626732,DoS attacks-Hulk,5.0,42,0.25,False
629710,DoS attacks-Hulk,5.0,42,0.6666666666666666,False
629734,Brute Force -Web,5.0,42,0.42857142857142855,False
630081,Brute Force -XSS,5.0,42,0.1111111111111111,False
638364,DoS attacks-GoldenEye,5.0,42,0.42857142857142855,False
639271,DDOS attack-LOIC-UDP,5.0,42,0.6666666666666666,False
639539,DoS attacks-Hulk,5.0,42,0.6666666666666666,False
641423,Brute Force -Web,5.0,42,0.25,False
645824,Benign,5.0,42,0.6666666666666666,False
652230,DDOS attack-HOIC,5.0,42,0.42857142857142855,False
659806,FTP-BruteForce,5.0,42,0.42857142857142855,False
661051,DDoS attacks-LOIC-HTTP,5.0,42,0.42857142857142855,False
662079,Brute Force -Web,5.0,42,0.0,False
662490,DDOS attack-LOIC-UDP,5.0,42,0.6666666666666666,False
675226,DoS attacks-SlowHTTPTest,5.0,42,0.42857142857142855,False
675268,DoS attacks-Slowloris,5.0,42,0.42857142857142855,False
679360,Infilteration,5.0,42,0.6666666666666666,False
681769,DoS attacks-GoldenEye,5.0,42,0.25,False
689373,FTP-BruteForce,5.0,42,0.25,False
695015,DDOS attack-LOIC-UDP,5.0,42,0.6666666666666666,False
695843,Brute Force -XSS,5.0,42,0.42857142857142855,False
697328,DoS attacks-Hulk,5.0,42,0.42857142857142855,False
5639,Infilteration,5.0,123,0.6666666666666666,False
8334,DoS attacks-Slowloris,5.0,123,0.25,False
12685,DoS attacks-SlowHTTPTest,5.0,123,0.25,False
13941,DoS attacks-SlowHTTPTest,5.0,123,0.42857142857142855,False
14421,DDOS attack-HOIC,5.0,123,0.42857142857142855,False
18565,SSH-Bruteforce,5.0,123,0.42857142857142855,False
19068,Brute Force -XSS,5.0,123,0.42857142857142855,False
20056,Brute Force -XSS,5.0,123,1.0,False
26534,DoS attacks-Slowloris,5.0,123,0.42857142857142855,False
29876,DDoS attacks-LOIC-HTTP,5.0,123,0.25,False
30515,Bot,5.0,123,0.42857142857142855,False
35439,SSH-Bruteforce,5.0,123,0.42857142857142855,False
42318,DoS attacks-Hulk,5.0,123,0.25,False
42573,Brute Force -Web,5.0,123,0.1111111111111111,False
44912,FTP-BruteForce,5.0,123,0.42857142857142855,False
45365,DoS attacks-GoldenEye,5.0,123,0.25,False
46168,SQL Injection,5.0,123,0.42857142857142855,True
46271,Bot,5.0,123,0.42857142857142855,False
49395,DoS attacks-SlowHTTPTest,5.0,123,0.42857142857142855,False
50452,DoS attacks-SlowHTTPTest,5.0,123,0.25,False
51441,FTP-BruteForce,5.0,123,0.25,False
58379,DDOS attack-LOIC-UDP,5.0,123,1.0,False
58919,DDoS attacks-LOIC-HTTP,5.0,123,0.6666666666666666,False
62914,DDoS attacks-LOIC-HTTP,5.0,123,0.25,False
65664,SSH-Bruteforce,5.0,123,0.42857142857142855,False
65934,Benign,5.0,123,0.6666666666666666,False
66907,DoS attacks-SlowHTTPTest,5.0,123,0.42857142857142855,False
68038,Benign,5.0,123,1.0,False
68799,SQL Injection,5.0,123,0.6666666666666666,False
69550,SSH-Bruteforce,5.0,123,0.6666666666666666,False
72472,SSH-Bruteforce,5.0,123,0.6666666666666666,False
73380,DDOS attack-HOIC,5.0,123,0.25,False
73653,DoS attacks-GoldenEye,5.0,123,0.25,False
74683,Infilteration,5.0,123,0.6666666666666666,False
76270,DDOS attack-LOIC-UDP,5.0,123,0.6666666666666666,False
78135,DoS attacks-Slowloris,5.0,123,0.42857142857142855,False
78982,DDOS attack-HOIC,5.0,123,0.6666666666666666,False
80241,DoS attacks-Hulk,5.0,123,0.42857142857142855,False
86164,Brute Force -Web,5.0,123,0.25,False
88694,DoS attacks-SlowHTTPTest,5.0,123,0.25,False
89190,Infilteration,5.0,123,0.25,False
90525,DDoS attacks-LOIC-HTTP,5.0,123,0.25,False
91374,SSH-Bruteforce,5.0,123,0.42857142857142855,False
92086,FTP-BruteForce,5.0,123,0.25,False
99470,DoS attacks-Slowloris,5.0,123,0.25,False
99643,Bot,5.0,123,0.25,False
100422,Bot,5.0,123,0.25,False
102666,FTP-BruteForce,5.0,123,0.42857142857142855,False
107145,DDOS attack-HOIC,5.0,123,0.25,False
107842,Benign,5.0,123,0.6666666666666666,False
108720,Brute Force -XSS,5.0,123,0.1111111111111111,False
108787,DDoS attacks-LOIC-HTTP,5.0,123,0.6666666666666666,False
109595,DoS attacks-Hulk,5.0,123,0.6666666666666666,False
110687,FTP-BruteForce,5.0,123,0.42857142857142855,False
110737,DDoS attacks-LOIC-HTTP,5.0,123,0.42857142857142855,False
113592,Bot,5.0,123,0.25,False
120459,SSH-Bruteforce,5.0,123,0.42857142857142855,False
131694,SSH-Bruteforce,5.0,123,0.42857142857142855,False
132419,Infilteration,5.0,123,0.6666666666666666,False
136157,Benign,5.0,123,0.6666666666666666,False
139948,DoS attacks-SlowHTTPTest,5.0,123,0.42857142857142855,True
148681,Infilteration,5.0,123,0.6666666666666666,False
152193,DoS attacks-Slowloris,5.0,123,0.6666666666666666,False
155941,SQL Injection,5.0,123,0.42857142857142855,False
158038,Infilteration,5.0,123,0.6666666666666666,False
163228,DoS attacks-Slowloris,5.0,123,0.42857142857142855,False
164952,DoS attacks-Hulk,5.0,123,0.42857142857142855,False
165922,DoS attacks-GoldenEye,5.0,123,0.25,False
166311,SQL Injection,5.0,123,0.0,True
169666,DoS attacks-Hulk,5.0,123,0.42857142857142855,False
180148,DDoS attacks-LOIC-HTTP,5.0,123,0.6666666666666666,False
181160,DoS attacks-SlowHTTPTest,5.0,123,0.25,False
188164,DDOS attack-HOIC,5.0,123,0.25,False
192124,DoS attacks-Slowloris,5.0,123,0.25,False
192228,DoS attacks-Hulk,5.0,123,0.42857142857142855,False
193059,Infilteration,5.0,123,0.6666666666666666,False
193789,DoS attacks-Slowloris,5.0,123,0.1111111111111111,False
197830,DDOS attack-HOIC,5.0,123,0.42857142857142855,False
198436,DoS attacks-Hulk,5.0,123,0.25,False
199790,DDOS attack-LOIC-UDP,5.0,123,0.6666666666666666,False
200184,DDOS attack-LOIC-UDP,5.0,123,0.6666666666666666,False
200822,Infilteration,5.0,123,0.6666666666666666,False
201841,Brute Force -Web,5.0,123,0.25,False
203296,DoS attacks-SlowHTTPTest,5.0,123,0.42857142857142855,False
207060,Bot,5.0,123,0.42857142857142855,False
209974,DoS attacks-Hulk,5.0,123,0.6666666666666666,False
215475,DoS attacks-SlowHTTPTest,5.0,123,0.25,False
217506,DDOS attack-HOIC,5.0,123,0.42857142857142855,False
218003,Bot,5.0,123,0.42857142857142855,False
219442,Infilteration,5.0,123,0.42857142857142855,False
220146,Brute Force -XSS,5.0,123,0.25,False
222292,DDoS attacks-LOIC-HTTP,5.0,123,0.25,False
223337,DDOS attack-HOIC,5.0,123,0.6666666666666666,False
225548,Brute Force -XSS,5.0,123,0.1111111111111111,False
231364,DDOS attack-LOIC-UDP,5.0,123,0.6666666666666666,False
232595,DoS attacks-Slowloris,5.0,123,0.25,True
232970,Bot,5.0,123,0.42857142857142855,False
234429,DoS attacks-GoldenEye,5.0,123,0.42857142857142855,False
236692,SSH-Bruteforce,5.0,123,0.6666666666666666,False
237626,DoS attacks-GoldenEye,5.0,123,0.25,False
241017,DoS attacks-Hulk,5.0,123,0.42857142857142855,False
241153,Brute Force -XSS,5.0,123,0.42857142857142855,False
243253,FTP-BruteForce,5.0,123,0.6666666666666666,False
243512,Brute Force -Web,5.0,123,0.6666666666666666,False
244749,Brute Force -Web,5.0,123,0.25,False
245695,Infilteration,5.0,123,0.6666666666666666,False
252162,DDOS attack-LOIC-UDP,5.0,123,1.0,False
254715,Brute Force -Web,5.0,123,0.1111111111111111,False
262338,DDOS attack-HOIC,5.0,123,0.25,False
262581,FTP-BruteForce,5.0,123,0.42857142857142855,False
262898,Brute Force -Web,5.0,123,0.42857142857142855,False
276433,DoS attacks-SlowHTTPTest,5.0,123,0.6666666666666666,False
277208,DoS attacks-Slowloris,5.0,123,0.42857142857142855,False
277814,DoS attacks-Slowloris,5.0,123,0.6666666666666666,False
282645,DDoS attacks-LOIC-HTTP,5.0,123,0.25,False
287797,DDoS attacks-LOIC-HTTP,5.0,123,0.42857142857142855,False
292965,DoS attacks-GoldenEye,5.0,123,0.25,False
293180,Bot,5.0,123,0.6666666666666666,False
294434,SQL Injection,5.0,123,0.25,False
294469,DoS attacks-Slowloris,5.0,123,0.25,True
297866,Brute Force -Web,5.0,123,0.42857142857142855,False
298749,DDOS attack-HOIC,5.0,123,0.25,False
301061,DDOS attack-HOIC,5.0,123,0.25,False
304762,Benign,5.0,123,1.0,False
305787,SSH-Bruteforce,5.0,123,0.42857142857142855,False
308733,Infilteration,5.0,123,0.42857142857142855,False
309889,FTP-BruteForce,5.0,123,0.42857142857142855,False
310457,SSH-Bruteforce,5.0,123,0.6666666666666666,False
310997,DDOS attack-LOIC-UDP,5.0,123,0.6666666666666666,False
311685,Infilteration,5.0,123,0.6666666666666666,True
312336,Bot,5.0,123,0.6666666666666666,False
313529,Brute Force -XSS,5.0,123,0.1111111111111111,False
314183,Brute Force -XSS,5.0,123,0.25,False
315063,Brute Force -Web,5.0,123,0.42857142857142855,False
315426,DDOS attack-LOIC-UDP,5.0,123,1.0,False
317120,Brute Force -XSS,5.0,123,0.25,False
319710,SSH-Bruteforce,5.0,123,0.42857142857142855,False
320952,Brute Force -XSS,5.0,123,0.25,False
321790,FTP-BruteForce,5.0,123,0.6666666666666666,True
323255,DDoS attacks-LOIC-HTTP,5.0,123,0.25,False
328840,Benign,5.0,123,0.6666666666666666,False
332391,DoS attacks-GoldenEye,5.0,123,0.42857142857142855,False
332458,DDOS attack-LOIC-UDP,5.0,123,0.6666666666666666,False
333648,DDoS attacks-LOIC-HTTP,5.0,123,0.42857142857142855,False
335584,DoS attacks-GoldenEye,5.0,123,0.25,False
336241,DoS attacks-SlowHTTPTest,5.0,123,0.42857142857142855,False
336566,Bot,5.0,123,0.42857142857142855,False
338824,Brute Force -XSS,5.0,123,0.25,False
342541,Bot,5.0,123,0.6666666666666666,False
346512,Brute Force -XSS,5.0,123,0.25,False
348721,Benign,5.0,123,1.0,False
353051,Infilteration,5.0,123,0.42857142857142855,False
353691,DoS attacks-GoldenEye,5.0,123,0.25,False
354580,DDoS attacks-LOIC-HTTP,5.0,123,0.25,False
356787,DoS attacks-GoldenEye,5.0,123,0.25,False
358097,SQL Injection,5.0,123,0.42857142857142855,True
359537,Benign,5.0,123,0.6666666666666666,False
362368,DoS attacks-GoldenEye,5.0,123,0.42857142857142855,False
363664,DoS attacks-Slowloris,5.0,123,0.6666666666666666,False
364235,DDoS attacks-LOIC-HTTP,5.0,123,0.42857142857142855,False
365136,Infilteration,5.0,123,0.42857142857142855,True
367918,DoS attacks-Hulk,5.0,123,0.6666666666666666,False
369335,DoS attacks-Slowloris,5.0,123,0.42857142857142855,False
369453,FTP-BruteForce,5.0,123,0.25,False
369784,DoS attacks-Hulk,5.0,123,0.42857142857142855,False
376563,DDoS attacks-LOIC-HTTP,5.0,123,0.42857142857142855,False
377864,DDoS attacks-LOIC-HTTP,5.0,123,0.6666666666666666,False
378164,DDOS attack-HOIC,5.0,123,0.25,False
378382,Bot,5.0,123,0.42857142857142855,False
379791,SQL Injection,5.0,123,0.25,False
383016,FTP-BruteForce,5.0,123,0.25,False
384388,FTP-BruteForce,5.0,123,0.25,False
385336,Brute Force -Web,5.0,123,0.25,False
385798,Bot,5.0,123,0.6666666666666666,False
395416,Benign,5.0,123,0.6666666666666666,False
396967,Bot,5.0,123,0.42857142857142855,False
398864,DoS attacks-GoldenEye,5.0,123,0.25,False
410166,DoS attacks-Hulk,5.0,123,0.25,False
415297,SQL Injection,5.0,123,0.42857142857142855,False
415684,DoS attacks-GoldenEye,5.0,123,0.42857142857142855,False
417110,FTP-BruteForce,5.0,123,0.25,False
417537,SSH-Bruteforce,5.0,123,0.6666666666666666,False
418917,Infilteration,5.0,123,0.42857142857142855,True
423486,Brute Force -XSS,5.0,123,0.42857142857142855,False
432325,DDOS attack-LOIC-UDP,5.0,123,0.6666666666666666,False
434271,Brute Force -XSS,5.0,123,0.25,False
434619,Bot,5.0,123,0.42857142857142855,False
435047,Brute Force -Web,5.0,123,0.25,False
435789,Bot,5.0,123,0.42857142857142855,False
437912,DoS attacks-Slowloris,5.0,123,0.25,False
438062,DoS attacks-GoldenEye,5.0,123,0.42857142857142855,False
440080,DDoS attacks-LOIC-HTTP,5.0,123,0.42857142857142855,False
441377,Infilteration,5.0,123,0.6666666666666666,False
444328,DoS attacks-Hulk,5.0,123,0.42857142857142855,False
447905,SSH-Bruteforce,5.0,123,0.6666666666666666,False
450041,DDOS attack-HOIC,5.0,123,0.25,False
456153,FTP-BruteForce,5.0,123,0.42857142857142855,True
462363,Bot,5.0,123,0.6666666666666666,False
464306,FTP-BruteForce,5.0,123,0.42857142857142855,True
464579,DoS attacks-Slowloris,5.0,123,0.42857142857142855,False
470203,DoS attacks-SlowHTTPTest,5.0,123,0.42857142857142855,False
474577,Benign,5.0,123,0.6666666666666666,False
475200,DoS attacks-GoldenEye,5.0,123,0.25,False
476206,Brute Force -XSS,5.0,123,0.25,False
476835,DDOS attack-LOIC-UDP,5.0,123,1.0,False
477378,DDOS attack-HOIC,5.0,123,0.42857142857142855,False
477859,DDOS attack-LOIC-UDP,5.0,123,0.6666666666666666,False
478158,Benign,5.0,123,0.25,False
482463,DDoS attacks-LOIC-HTTP,5.0,123,0.6666666666666666,False
483707,Brute Force -Web,5.0,123,0.42857142857142855,False
483764,Infilteration,5.0,123,0.42857142857142855,False
484171,Infilteration,5.0,123,0.6666666666666666,False
487123,Infilteration,5.0,123,0.6666666666666666,False
487263,DDOS attack-LOIC-UDP,5.0,123,1.0,False
498379,Brute Force -Web,5.0,123,0.25,False
501190,DDOS attack-LOIC-UDP,5.0,123,0.6666666666666666,False
502062,FTP-BruteForce,5.0,123,0.25,False
502356,Benign,5.0,123,0.6666666666666666,False
507163,Bot,5.0,123,0.42857142857142855,False
516380,DDOS attack-HOIC,5.0,123,0.42857142857142855,False
517942,DDOS attack-LOIC-UDP,5.0,123,0.6666666666666666,False
520811,Brute Force -Web,5.0,123,0.25,False
521606,Benign,5.0,123,0.6666666666666666,False
522204,Brute Force -XSS,5.0,123,0.1111111111111111,False
522303,FTP-BruteForce,5.0,123,0.25,False
530029,SSH-Bruteforce,5.0,123,0.6666666666666666,False
531043,SSH-Bruteforce,5.0,123,0.6666666666666666,False
531260,DoS attacks-SlowHTTPTest,5.0,123,0.25,True
532195,Benign,5.0,123,0.6666666666666666,False
534785,DoS attacks-SlowHTTPTest,5.0,123,0.25,False
535830,DDOS attack-LOIC-UDP,5.0,123,0.6666666666666666,False
536590,DDOS attack-HOIC,5.0,123,0.25,False
537705,Benign,5.0,123,0.6666666666666666,False
540314,DoS attacks-GoldenEye,5.0,123,0.1111111111111111,False
545107,SSH-Bruteforce,5.0,123,0.42857142857142855,False
549022,Brute Force -Web,5.0,123,0.1111111111111111,False
549420,Bot,5.0,123,0.25,False
556032,Brute Force -XSS,5.0,123,0.42857142857142855,False
556093,DDOS attack-HOIC,5.0,123,0.25,False
556787,DDOS attack-LOIC-UDP,5.0,123,0.6666666666666666,False
557077,SQL Injection,5.0,123,0.42857142857142855,False
557149,DoS attacks-GoldenEye,5.0,123,0.42857142857142855,False
562744,DoS attacks-SlowHTTPTest,5.0,123,0.42857142857142855,True
574359,DoS attacks-SlowHTTPTest,5.0,123,0.25,True
577574,DoS attacks-SlowHTTPTest,5.0,123,0.25,True
579553,Benign,5.0,123,0.6666666666666666,False
582796,Benign,5.0,123,0.6666666666666666,False
588054,Benign,5.0,123,0.6666666666666666,False
589312,DoS attacks-Slowloris,5.0,123,0.25,False
596381,DoS attacks-Hulk,5.0,123,1.0,False
596463,DDOS attack-HOIC,5.0,123,0.25,False
598293,Brute Force -XSS,5.0,123,0.25,False
601248,Benign,5.0,123,0.42857142857142855,False
602468,SSH-Bruteforce,5.0,123,0.42857142857142855,False
607340,DoS attacks-Slowloris,5.0,123,0.6666666666666666,False
610381,DoS attacks-GoldenEye,5.0,123,0.42857142857142855,False
610547,DoS attacks-Slowloris,5.0,123,0.25,False
611368,DoS attacks-Hulk,5.0,123,0.42857142857142855,False
612632,DDOS attack-HOIC,5.0,123,0.25,False
614266,Brute Force -Web,5.0,123,0.1111111111111111,False
615138,DoS attacks-Hulk,5.0,123,0.42857142857142855,False
616668,DDoS attacks-LOIC-HTTP,5.0,123,0.42857142857142855,False
618663,Brute Force -Web,5.0,123,0.6666666666666666,False
620071,FTP-BruteForce,5.0,123,0.25,False
621782,SSH-Bruteforce,5.0,123,1.0,False
624071,DoS attacks-SlowHTTPTest,5.0,123,0.6666666666666666,True
624147,SSH-Bruteforce,5.0,123,0.42857142857142855,False
626732,DoS attacks-Hulk,5.0,123,0.6666666666666666,False
629710,DoS attacks-Hulk,5.0,123,0.25,False
629734,Brute Force -Web,5.0,123,0.42857142857142855,False
630081,Brute Force -XSS,5.0,123,0.1111111111111111,False
638364,DoS attacks-GoldenEye,5.0,123,0.42857142857142855,False
639271,DDOS attack-LOIC-UDP,5.0,123,0.6666666666666666,False
639539,DoS attacks-Hulk,5.0,123,0.6666666666666666,False
641423,Brute Force -Web,5.0,123,0.42857142857142855,False
645824,Benign,5.0,123,0.6666666666666666,False
652230,DDOS attack-HOIC,5.0,123,0.42857142857142855,False
659806,FTP-BruteForce,5.0,123,0.25,False
661051,DDoS attacks-LOIC-HTTP,5.0,123,0.42857142857142855,False
662079,Brute Force -Web,5.0,123,0.25,False
662490,DDOS attack-LOIC-UDP,5.0,123,0.6666666666666666,False
675226,DoS attacks-SlowHTTPTest,5.0,123,0.25,False
675268,DoS attacks-Slowloris,5.0,123,0.42857142857142855,False
679360,Infilteration,5.0,123,0.6666666666666666,False
681769,DoS attacks-GoldenEye,5.0,123,0.42857142857142855,False
689373,FTP-BruteForce,5.0,123,0.25,False
695015,DDOS attack-LOIC-UDP,5.0,123,0.6666666666666666,False
695843,Brute Force -XSS,5.0,123,0.25,False
697328,DoS attacks-Hulk,5.0,123,0.42857142857142855,False
5639,Infilteration,5.0,2026,0.42857142857142855,False
8334,DoS attacks-Slowloris,5.0,2026,0.42857142857142855,False
12685,DoS attacks-SlowHTTPTest,5.0,2026,0.42857142857142855,False
13941,DoS attacks-SlowHTTPTest,5.0,2026,0.42857142857142855,False
14421,DDOS attack-HOIC,5.0,2026,0.25,False
18565,SSH-Bruteforce,5.0,2026,0.42857142857142855,False
19068,Brute Force -XSS,5.0,2026,0.25,False
20056,Brute Force -XSS,5.0,2026,0.42857142857142855,False
26534,DoS attacks-Slowloris,5.0,2026,0.25,False
29876,DDoS attacks-LOIC-HTTP,5.0,2026,0.42857142857142855,False
30515,Bot,5.0,2026,0.42857142857142855,False
35439,SSH-Bruteforce,5.0,2026,0.42857142857142855,False
42318,DoS attacks-Hulk,5.0,2026,0.42857142857142855,False
42573,Brute Force -Web,5.0,2026,0.0,False
44912,FTP-BruteForce,5.0,2026,0.25,False
45365,DoS attacks-GoldenEye,5.0,2026,0.25,False
46168,SQL Injection,5.0,2026,0.42857142857142855,False
46271,Bot,5.0,2026,0.42857142857142855,False
49395,DoS attacks-SlowHTTPTest,5.0,2026,0.25,False
50452,DoS attacks-SlowHTTPTest,5.0,2026,0.25,True
51441,FTP-BruteForce,5.0,2026,0.25,False
58379,DDOS attack-LOIC-UDP,5.0,2026,1.0,False
58919,DDoS attacks-LOIC-HTTP,5.0,2026,0.42857142857142855,False
62914,DDoS attacks-LOIC-HTTP,5.0,2026,0.42857142857142855,False
65664,SSH-Bruteforce,5.0,2026,0.6666666666666666,False
65934,Benign,5.0,2026,0.6666666666666666,False
66907,DoS attacks-SlowHTTPTest,5.0,2026,0.25,False
68038,Benign,5.0,2026,1.0,False
68799,SQL Injection,5.0,2026,0.6666666666666666,False
69550,SSH-Bruteforce,5.0,2026,0.42857142857142855,False
72472,SSH-Bruteforce,5.0,2026,0.6666666666666666,False
73380,DDOS attack-HOIC,5.0,2026,0.25,False
73653,DoS attacks-GoldenEye,5.0,2026,0.1111111111111111,False
74683,Infilteration,5.0,2026,1.0,False
76270,DDOS attack-LOIC-UDP,5.0,2026,0.6666666666666666,False
78135,DoS attacks-Slowloris,5.0,2026,0.25,False
78982,DDOS attack-HOIC,5.0,2026,0.42857142857142855,False
80241,DoS attacks-Hulk,5.0,2026,0.42857142857142855,False
86164,Brute Force -Web,5.0,2026,0.0,False
88694,DoS attacks-SlowHTTPTest,5.0,2026,0.25,True
89190,Infilteration,5.0,2026,0.25,False
90525,DDoS attacks-LOIC-HTTP,5.0,2026,0.42857142857142855,False
91374,SSH-Bruteforce,5.0,2026,0.42857142857142855,False
92086,FTP-BruteForce,5.0,2026,0.42857142857142855,False
99470,DoS attacks-Slowloris,5.0,2026,0.1111111111111111,False
99643,Bot,5.0,2026,0.42857142857142855,False
100422,Bot,5.0,2026,0.6666666666666666,False
102666,FTP-BruteForce,5.0,2026,0.42857142857142855,False
107145,DDOS attack-HOIC,5.0,2026,0.42857142857142855,False
107842,Benign,5.0,2026,0.6666666666666666,False
108720,Brute Force -XSS,5.0,2026,0.25,False
108787,DDoS attacks-LOIC-HTTP,5.0,2026,0.25,False
109595,DoS attacks-Hulk,5.0,2026,0.42857142857142855,False
110687,FTP-BruteForce,5.0,2026,0.25,False
110737,DDoS attacks-LOIC-HTTP,5.0,2026,0.6666666666666666,False
113592,Bot,5.0,2026,0.25,False
120459,SSH-Bruteforce,5.0,2026,0.25,False
131694,SSH-Bruteforce,5.0,2026,0.42857142857142855,False
132419,Infilteration,5.0,2026,0.42857142857142855,False
136157,Benign,5.0,2026,0.6666666666666666,False
139948,DoS attacks-SlowHTTPTest,5.0,2026,0.25,False
148681,Infilteration,5.0,2026,0.6666666666666666,False
152193,DoS attacks-Slowloris,5.0,2026,0.42857142857142855,False
155941,SQL Injection,5.0,2026,0.42857142857142855,False
158038,Infilteration,5.0,2026,0.42857142857142855,False
163228,DoS attacks-Slowloris,5.0,2026,0.6666666666666666,False
164952,DoS attacks-Hulk,5.0,2026,0.25,False
165922,DoS attacks-GoldenEye,5.0,2026,0.25,False
166311,SQL Injection,5.0,2026,0.25,True
169666,DoS attacks-Hulk,5.0,2026,0.25,False
180148,DDoS attacks-LOIC-HTTP,5.0,2026,0.42857142857142855,False
181160,DoS attacks-SlowHTTPTest,5.0,2026,0.25,False
188164,DDOS attack-HOIC,5.0,2026,0.25,False
192124,DoS attacks-Slowloris,5.0,2026,0.6666666666666666,False
192228,DoS attacks-Hulk,5.0,2026,0.6666666666666666,False
193059,Infilteration,5.0,2026,0.42857142857142855,False
193789,DoS attacks-Slowloris,5.0,2026,0.42857142857142855,False
197830,DDOS attack-HOIC,5.0,2026,0.6666666666666666,False
198436,DoS attacks-Hulk,5.0,2026,0.25,False
199790,DDOS attack-LOIC-UDP,5.0,2026,0.6666666666666666,False
200184,DDOS attack-LOIC-UDP,5.0,2026,1.0,False
200822,Infilteration,5.0,2026,0.42857142857142855,False
201841,Brute Force -Web,5.0,2026,0.42857142857142855,False
203296,DoS attacks-SlowHTTPTest,5.0,2026,0.25,False
207060,Bot,5.0,2026,0.42857142857142855,False
209974,DoS attacks-Hulk,5.0,2026,0.42857142857142855,False
215475,DoS attacks-SlowHTTPTest,5.0,2026,0.25,True
217506,DDOS attack-HOIC,5.0,2026,0.42857142857142855,False
218003,Bot,5.0,2026,0.6666666666666666,False
219442,Infilteration,5.0,2026,0.42857142857142855,False
220146,Brute Force -XSS,5.0,2026,0.42857142857142855,False
222292,DDoS attacks-LOIC-HTTP,5.0,2026,0.42857142857142855,False
223337,DDOS attack-HOIC,5.0,2026,0.42857142857142855,False
225548,Brute Force -XSS,5.0,2026,0.1111111111111111,False
231364,DDOS attack-LOIC-UDP,5.0,2026,0.6666666666666666,False
232595,DoS attacks-Slowloris,5.0,2026,0.6666666666666666,False
232970,Bot,5.0,2026,0.6666666666666666,False
234429,DoS attacks-GoldenEye,5.0,2026,0.25,False
236692,SSH-Bruteforce,5.0,2026,0.6666666666666666,False
237626,DoS attacks-GoldenEye,5.0,2026,0.25,False
241017,DoS attacks-Hulk,5.0,2026,0.25,False
241153,Brute Force -XSS,5.0,2026,0.25,False
243253,FTP-BruteForce,5.0,2026,0.25,False
243512,Brute Force -Web,5.0,2026,0.6666666666666666,False
244749,Brute Force -Web,5.0,2026,0.42857142857142855,False
245695,Infilteration,5.0,2026,0.6666666666666666,False
252162,DDOS attack-LOIC-UDP,5.0,2026,0.6666666666666666,False
254715,Brute Force -Web,5.0,2026,0.1111111111111111,False
262338,DDOS attack-HOIC,5.0,2026,0.42857142857142855,False
262581,FTP-BruteForce,5.0,2026,0.42857142857142855,False
262898,Brute Force -Web,5.0,2026,0.42857142857142855,False
276433,DoS attacks-SlowHTTPTest,5.0,2026,0.25,False
277208,DoS attacks-Slowloris,5.0,2026,0.25,False
277814,DoS attacks-Slowloris,5.0,2026,0.42857142857142855,False
282645,DDoS attacks-LOIC-HTTP,5.0,2026,0.42857142857142855,False
287797,DDoS attacks-LOIC-HTTP,5.0,2026,0.42857142857142855,False
292965,DoS attacks-GoldenEye,5.0,2026,0.25,False
293180,Bot,5.0,2026,0.42857142857142855,False
294434,SQL Injection,5.0,2026,0.42857142857142855,False
294469,DoS attacks-Slowloris,5.0,2026,0.6666666666666666,False
297866,Brute Force -Web,5.0,2026,0.25,False
298749,DDOS attack-HOIC,5.0,2026,0.42857142857142855,False
301061,DDOS attack-HOIC,5.0,2026,0.42857142857142855,False
304762,Benign,5.0,2026,0.42857142857142855,False
305787,SSH-Bruteforce,5.0,2026,0.6666666666666666,False
308733,Infilteration,5.0,2026,0.6666666666666666,False
309889,FTP-BruteForce,5.0,2026,0.42857142857142855,False
310457,SSH-Bruteforce,5.0,2026,0.6666666666666666,False
310997,DDOS attack-LOIC-UDP,5.0,2026,0.6666666666666666,False
311685,Infilteration,5.0,2026,0.42857142857142855,True
312336,Bot,5.0,2026,0.42857142857142855,False
313529,Brute Force -XSS,5.0,2026,0.25,False
314183,Brute Force -XSS,5.0,2026,0.25,False
315063,Brute Force -Web,5.0,2026,0.25,False
315426,DDOS attack-LOIC-UDP,5.0,2026,0.6666666666666666,False
317120,Brute Force -XSS,5.0,2026,0.42857142857142855,False
319710,SSH-Bruteforce,5.0,2026,0.42857142857142855,False
320952,Brute Force -XSS,5.0,2026,0.42857142857142855,False
321790,FTP-BruteForce,5.0,2026,0.25,False
323255,DDoS attacks-LOIC-HTTP,5.0,2026,0.6666666666666666,False
328840,Benign,5.0,2026,0.6666666666666666,False
332391,DoS attacks-GoldenEye,5.0,2026,0.42857142857142855,False
332458,DDOS attack-LOIC-UDP,5.0,2026,0.6666666666666666,False
333648,DDoS attacks-LOIC-HTTP,5.0,2026,0.6666666666666666,False
335584,DoS attacks-GoldenEye,5.0,2026,0.25,False
336241,DoS attacks-SlowHTTPTest,5.0,2026,0.42857142857142855,True
336566,Bot,5.0,2026,0.25,False
338824,Brute Force -XSS,5.0,2026,0.1111111111111111,False
342541,Bot,5.0,2026,0.6666666666666666,False
346512,Brute Force -XSS,5.0,2026,0.0,False
348721,Benign,5.0,2026,1.0,False
353051,Infilteration,5.0,2026,0.6666666666666666,False
353691,DoS attacks-GoldenEye,5.0,2026,0.25,False
354580,DDoS attacks-LOIC-HTTP,5.0,2026,0.42857142857142855,False
356787,DoS attacks-GoldenEye,5.0,2026,0.42857142857142855,False
358097,SQL Injection,5.0,2026,1.0,False
359537,Benign,5.0,2026,0.6666666666666666,False
362368,DoS attacks-GoldenEye,5.0,2026,0.6666666666666666,False
363664,DoS attacks-Slowloris,5.0,2026,0.25,False
364235,DDoS attacks-LOIC-HTTP,5.0,2026,0.42857142857142855,False
365136,Infilteration,5.0,2026,0.6666666666666666,False
367918,DoS attacks-Hulk,5.0,2026,0.42857142857142855,False
369335,DoS attacks-Slowloris,5.0,2026,0.6666666666666666,False
369453,FTP-BruteForce,5.0,2026,0.42857142857142855,False
369784,DoS attacks-Hulk,5.0,2026,0.42857142857142855,False
376563,DDoS attacks-LOIC-HTTP,5.0,2026,0.25,False
377864,DDoS attacks-LOIC-HTTP,5.0,2026,0.42857142857142855,False
378164,DDOS attack-HOIC,5.0,2026,0.25,False
378382,Bot,5.0,2026,0.42857142857142855,False
379791,SQL Injection,5.0,2026,0.25,False
383016,FTP-BruteForce,5.0,2026,0.42857142857142855,False
384388,FTP-BruteForce,5.0,2026,0.42857142857142855,False
385336,Brute Force -Web,5.0,2026,0.25,False
385798,Bot,5.0,2026,0.6666666666666666,False
395416,Benign,5.0,2026,1.0,False
396967,Bot,5.0,2026,0.25,False
398864,DoS attacks-GoldenEye,5.0,2026,0.25,False
410166,DoS attacks-Hulk,5.0,2026,0.25,False
415297,SQL Injection,5.0,2026,0.42857142857142855,False
415684,DoS attacks-GoldenEye,5.0,2026,0.25,False
417110,FTP-BruteForce,5.0,2026,0.25,False
417537,SSH-Bruteforce,5.0,2026,0.42857142857142855,False
418917,Infilteration,5.0,2026,0.42857142857142855,True
423486,Brute Force -XSS,5.0,2026,0.42857142857142855,False
432325,DDOS attack-LOIC-UDP,5.0,2026,0.6666666666666666,False
434271,Brute Force -XSS,5.0,2026,0.25,False
434619,Bot,5.0,2026,0.25,False
435047,Brute Force -Web,5.0,2026,0.25,False
435789,Bot,5.0,2026,0.6666666666666666,False
437912,DoS attacks-Slowloris,5.0,2026,0.25,False
438062,DoS attacks-GoldenEye,5.0,2026,0.25,False
440080,DDoS attacks-LOIC-HTTP,5.0,2026,0.6666666666666666,False
441377,Infilteration,5.0,2026,0.6666666666666666,False
444328,DoS attacks-Hulk,5.0,2026,0.42857142857142855,False
447905,SSH-Bruteforce,5.0,2026,0.6666666666666666,False
450041,DDOS attack-HOIC,5.0,2026,0.25,False
456153,FTP-BruteForce,5.0,2026,0.42857142857142855,False
462363,Bot,5.0,2026,0.6666666666666666,False
464306,FTP-BruteForce,5.0,2026,0.25,True
464579,DoS attacks-Slowloris,5.0,2026,0.6666666666666666,False
470203,DoS attacks-SlowHTTPTest,5.0,2026,0.42857142857142855,False
474577,Benign,5.0,2026,1.0,False
475200,DoS attacks-GoldenEye,5.0,2026,0.25,False
476206,Brute Force -XSS,5.0,2026,0.25,False
476835,DDOS attack-LOIC-UDP,5.0,2026,0.6666666666666666,False
477378,DDOS attack-HOIC,5.0,2026,0.25,False
477859,DDOS attack-LOIC-UDP,5.0,2026,0.6666666666666666,False
478158,Benign,5.0,2026,0.6666666666666666,False
482463,DDoS attacks-LOIC-HTTP,5.0,2026,0.42857142857142855,False
483707,Brute Force -Web,5.0,2026,0.6666666666666666,False
483764,Infilteration,5.0,2026,0.6666666666666666,False
484171,Infilteration,5.0,2026,0.42857142857142855,False
487123,Infilteration,5.0,2026,0.6666666666666666,False
487263,DDOS attack-LOIC-UDP,5.0,2026,0.6666666666666666,False
498379,Brute Force -Web,5.0,2026,0.42857142857142855,False
501190,DDOS attack-LOIC-UDP,5.0,2026,0.6666666666666666,False
502062,FTP-BruteForce,5.0,2026,0.25,False
502356,Benign,5.0,2026,0.42857142857142855,False
507163,Bot,5.0,2026,0.42857142857142855,False
516380,DDOS attack-HOIC,5.0,2026,0.25,False
517942,DDOS attack-LOIC-UDP,5.0,2026,0.6666666666666666,False
520811,Brute Force -Web,5.0,2026,0.25,False
521606,Benign,5.0,2026,0.42857142857142855,False
522204,Brute Force -XSS,5.0,2026,0.42857142857142855,False
522303,FTP-BruteForce,5.0,2026,0.42857142857142855,False
530029,SSH-Bruteforce,5.0,2026,0.42857142857142855,False
531043,SSH-Bruteforce,5.0,2026,0.6666666666666666,False
531260,DoS attacks-SlowHTTPTest,5.0,2026,0.42857142857142855,False
532195,Benign,5.0,2026,0.42857142857142855,False
534785,DoS attacks-SlowHTTPTest,5.0,2026,0.42857142857142855,False
535830,DDOS attack-LOIC-UDP,5.0,2026,1.0,False
536590,DDOS attack-HOIC,5.0,2026,0.42857142857142855,False
537705,Benign,5.0,2026,0.6666666666666666,False
540314,DoS attacks-GoldenEye,5.0,2026,0.25,False
545107,SSH-Bruteforce,5.0,2026,0.42857142857142855,False
549022,Brute Force -Web,5.0,2026,0.25,False
549420,Bot,5.0,2026,0.42857142857142855,False
556032,Brute Force -XSS,5.0,2026,0.25,False
556093,DDOS attack-HOIC,5.0,2026,0.42857142857142855,False
556787,DDOS attack-LOIC-UDP,5.0,2026,1.0,False
557077,SQL Injection,5.0,2026,0.42857142857142855,False
557149,DoS attacks-GoldenEye,5.0,2026,1.0,False
562744,DoS attacks-SlowHTTPTest,5.0,2026,0.25,False
574359,DoS attacks-SlowHTTPTest,5.0,2026,0.25,True
577574,DoS attacks-SlowHTTPTest,5.0,2026,0.42857142857142855,True
579553,Benign,5.0,2026,0.6666666666666666,False
582796,Benign,5.0,2026,1.0,False
588054,Benign,5.0,2026,1.0,False
589312,DoS attacks-Slowloris,5.0,2026,0.25,False
596381,DoS attacks-Hulk,5.0,2026,0.42857142857142855,False
596463,DDOS attack-HOIC,5.0,2026,0.25,False
598293,Brute Force -XSS,5.0,2026,0.1111111111111111,False
601248,Benign,5.0,2026,0.42857142857142855,False
602468,SSH-Bruteforce,5.0,2026,0.42857142857142855,False
607340,DoS attacks-Slowloris,5.0,2026,0.6666666666666666,False
610381,DoS attacks-GoldenEye,5.0,2026,0.25,False
610547,DoS attacks-Slowloris,5.0,2026,0.25,False
611368,DoS attacks-Hulk,5.0,2026,0.42857142857142855,False
612632,DDOS attack-HOIC,5.0,2026,0.25,False
614266,Brute Force -Web,5.0,2026,0.1111111111111111,False
615138,DoS attacks-Hulk,5.0,2026,0.6666666666666666,False
616668,DDoS attacks-LOIC-HTTP,5.0,2026,0.25,False
618663,Brute Force -Web,5.0,2026,0.42857142857142855,False
620071,FTP-BruteForce,5.0,2026,0.25,False
621782,SSH-Bruteforce,5.0,2026,0.42857142857142855,False
624071,DoS attacks-SlowHTTPTest,5.0,2026,0.6666666666666666,False
624147,SSH-Bruteforce,5.0,2026,0.42857142857142855,False
626732,DoS attacks-Hulk,5.0,2026,0.42857142857142855,False
629710,DoS attacks-Hulk,5.0,2026,0.6666666666666666,False
629734,Brute Force -Web,5.0,2026,0.42857142857142855,False
630081,Brute Force -XSS,5.0,2026,0.1111111111111111,False
638364,DoS attacks-GoldenEye,5.0,2026,0.25,False
639271,DDOS attack-LOIC-UDP,5.0,2026,0.6666666666666666,False
639539,DoS attacks-Hulk,5.0,2026,0.42857142857142855,False
641423,Brute Force -Web,5.0,2026,0.25,False
645824,Benign,5.0,2026,0.6666666666666666,False
652230,DDOS attack-HOIC,5.0,2026,0.42857142857142855,False
659806,FTP-BruteForce,5.0,2026,0.42857142857142855,False
661051,DDoS attacks-LOIC-HTTP,5.0,2026,0.25,False
662079,Brute Force -Web,5.0,2026,0.1111111111111111,False
662490,DDOS attack-LOIC-UDP,5.0,2026,1.0,False
675226,DoS attacks-SlowHTTPTest,5.0,2026,0.42857142857142855,False
675268,DoS attacks-Slowloris,5.0,2026,0.42857142857142855,False
679360,Infilteration,5.0,2026,0.42857142857142855,False
681769,DoS attacks-GoldenEye,5.0,2026,0.25,False
689373,FTP-BruteForce,5.0,2026,0.42857142857142855,False
695015,DDOS attack-LOIC-UDP,5.0,2026,0.6666666666666666,False
695843,Brute Force -XSS,5.0,2026,0.25,False
697328,DoS attacks-Hulk,5.0,2026,0.42857142857142855,False
5639,Infilteration,10.0,42,0.25,False
8334,DoS attacks-Slowloris,10.0,42,0.25,False
12685,DoS attacks-SlowHTTPTest,10.0,42,0.25,False
13941,DoS attacks-SlowHTTPTest,10.0,42,0.25,False
14421,DDOS attack-HOIC,10.0,42,0.42857142857142855,False
18565,SSH-Bruteforce,10.0,42,0.42857142857142855,False
19068,Brute Force -XSS,10.0,42,0.42857142857142855,False
20056,Brute Force -XSS,10.0,42,0.25,False
26534,DoS attacks-Slowloris,10.0,42,0.25,False
29876,DDoS attacks-LOIC-HTTP,10.0,42,0.42857142857142855,False
30515,Bot,10.0,42,0.42857142857142855,False
35439,SSH-Bruteforce,10.0,42,0.42857142857142855,False
42318,DoS attacks-Hulk,10.0,42,0.42857142857142855,False
42573,Brute Force -Web,10.0,42,0.25,False
44912,FTP-BruteForce,10.0,42,0.25,False
45365,DoS attacks-GoldenEye,10.0,42,0.25,False
46168,SQL Injection,10.0,42,0.42857142857142855,False
46271,Bot,10.0,42,0.42857142857142855,False
49395,DoS attacks-SlowHTTPTest,10.0,42,0.25,False
50452,DoS attacks-SlowHTTPTest,10.0,42,0.25,False
51441,FTP-BruteForce,10.0,42,0.25,False
58379,DDOS attack-LOIC-UDP,10.0,42,0.6666666666666666,False
58919,DDoS attacks-LOIC-HTTP,10.0,42,0.25,False
62914,DDoS attacks-LOIC-HTTP,10.0,42,0.42857142857142855,False
65664,SSH-Bruteforce,10.0,42,0.6666666666666666,False
65934,Benign,10.0,42,0.6666666666666666,False
66907,DoS attacks-SlowHTTPTest,10.0,42,0.25,False
68038,Benign,10.0,42,1.0,False
68799,SQL Injection,10.0,42,1.0,False
69550,SSH-Bruteforce,10.0,42,0.42857142857142855,False
72472,SSH-Bruteforce,10.0,42,0.42857142857142855,False
73380,DDOS attack-HOIC,10.0,42,0.25,False
73653,DoS attacks-GoldenEye,10.0,42,0.25,False
74683,Infilteration,10.0,42,0.6666666666666666,False
76270,DDOS attack-LOIC-UDP,10.0,42,0.6666666666666666,False
78135,DoS attacks-Slowloris,10.0,42,0.25,False
78982,DDOS attack-HOIC,10.0,42,0.42857142857142855,False
80241,DoS attacks-Hulk,10.0,42,0.42857142857142855,False
86164,Brute Force -Web,10.0,42,0.25,False
88694,DoS attacks-SlowHTTPTest,10.0,42,0.25,False
89190,Infilteration,10.0,42,0.6666666666666666,False
90525,DDoS attacks-LOIC-HTTP,10.0,42,0.6666666666666666,False
91374,SSH-Bruteforce,10.0,42,1.0,False
92086,FTP-BruteForce,10.0,42,0.42857142857142855,False
99470,DoS attacks-Slowloris,10.0,42,0.25,False
99643,Bot,10.0,42,0.25,False
100422,Bot,10.0,42,0.6666666666666666,False
102666,FTP-BruteForce,10.0,42,0.42857142857142855,False
107145,DDOS attack-HOIC,10.0,42,0.6666666666666666,False
107842,Benign,10.0,42,0.6666666666666666,False
108720,Brute Force -XSS,10.0,42,0.0,False
108787,DDoS attacks-LOIC-HTTP,10.0,42,0.6666666666666666,False
109595,DoS attacks-Hulk,10.0,42,0.42857142857142855,False
110687,FTP-BruteForce,10.0,42,0.42857142857142855,False
110737,DDoS attacks-LOIC-HTTP,10.0,42,0.25,False
113592,Bot,10.0,42,0.42857142857142855,False
120459,SSH-Bruteforce,10.0,42,0.42857142857142855,False
131694,SSH-Bruteforce,10.0,42,0.6666666666666666,False
132419,Infilteration,10.0,42,0.42857142857142855,False
136157,Benign,10.0,42,0.42857142857142855,False
139948,DoS attacks-SlowHTTPTest,10.0,42,0.25,False
148681,Infilteration,10.0,42,1.0,False
152193,DoS attacks-Slowloris,10.0,42,0.42857142857142855,False
155941,SQL Injection,10.0,42,0.42857142857142855,False
158038,Infilteration,10.0,42,0.42857142857142855,False
163228,DoS attacks-Slowloris,10.0,42,0.6666666666666666,False
164952,DoS attacks-Hulk,10.0,42,0.42857142857142855,False
165922,DoS attacks-GoldenEye,10.0,42,0.42857142857142855,False
166311,SQL Injection,10.0,42,0.25,True
169666,DoS attacks-Hulk,10.0,42,0.42857142857142855,False
180148,DDoS attacks-LOIC-HTTP,10.0,42,0.42857142857142855,False
181160,DoS attacks-SlowHTTPTest,10.0,42,0.25,False
188164,DDOS attack-HOIC,10.0,42,0.25,False
192124,DoS attacks-Slowloris,10.0,42,0.6666666666666666,False
192228,DoS attacks-Hulk,10.0,42,0.42857142857142855,False
193059,Infilteration,10.0,42,0.42857142857142855,False
193789,DoS attacks-Slowloris,10.0,42,0.25,False
197830,DDOS attack-HOIC,10.0,42,0.42857142857142855,False
198436,DoS attacks-Hulk,10.0,42,0.25,False
199790,DDOS attack-LOIC-UDP,10.0,42,0.6666666666666666,False
200184,DDOS attack-LOIC-UDP,10.0,42,0.6666666666666666,False
200822,Infilteration,10.0,42,0.42857142857142855,False
201841,Brute Force -Web,10.0,42,0.25,False
203296,DoS attacks-SlowHTTPTest,10.0,42,0.25,True
207060,Bot,10.0,42,0.6666666666666666,False
209974,DoS attacks-Hulk,10.0,42,0.42857142857142855,False
215475,DoS attacks-SlowHTTPTest,10.0,42,0.42857142857142855,False
217506,DDOS attack-HOIC,10.0,42,0.25,False
218003,Bot,10.0,42,0.42857142857142855,False
219442,Infilteration,10.0,42,0.25,False
220146,Brute Force -XSS,10.0,42,0.25,False
222292,DDoS attacks-LOIC-HTTP,10.0,42,0.42857142857142855,False
223337,DDOS attack-HOIC,10.0,42,0.6666666666666666,False
225548,Brute Force -XSS,10.0,42,0.25,False
231364,DDOS attack-LOIC-UDP,10.0,42,0.6666666666666666,False
232595,DoS attacks-Slowloris,10.0,42,0.6666666666666666,False
232970,Bot,10.0,42,0.42857142857142855,False
234429,DoS attacks-GoldenEye,10.0,42,0.42857142857142855,False
236692,SSH-Bruteforce,10.0,42,0.6666666666666666,False
237626,DoS attacks-GoldenEye,10.0,42,0.25,False
241017,DoS attacks-Hulk,10.0,42,0.42857142857142855,False
241153,Brute Force -XSS,10.0,42,0.42857142857142855,False
243253,FTP-BruteForce,10.0,42,0.42857142857142855,False
243512,Brute Force -Web,10.0,42,0.25,False
244749,Brute Force -Web,10.0,42,0.42857142857142855,False
245695,Infilteration,10.0,42,0.6666666666666666,False
252162,DDOS attack-LOIC-UDP,10.0,42,0.6666666666666666,False
254715,Brute Force -Web,10.0,42,0.1111111111111111,False
262338,DDOS attack-HOIC,10.0,42,0.42857142857142855,False
262581,FTP-BruteForce,10.0,42,0.42857142857142855,False
262898,Brute Force -Web,10.0,42,0.42857142857142855,False
276433,DoS attacks-SlowHTTPTest,10.0,42,0.25,True
277208,DoS attacks-Slowloris,10.0,42,0.42857142857142855,False
277814,DoS attacks-Slowloris,10.0,42,0.42857142857142855,False
282645,DDoS attacks-LOIC-HTTP,10.0,42,0.6666666666666666,False
287797,DDoS attacks-LOIC-HTTP,10.0,42,0.25,False
292965,DoS attacks-GoldenEye,10.0,42,0.25,False
293180,Bot,10.0,42,0.42857142857142855,False
294434,SQL Injection,10.0,42,0.25,False
294469,DoS attacks-Slowloris,10.0,42,0.42857142857142855,False
297866,Brute Force -Web,10.0,42,0.1111111111111111,False
298749,DDOS attack-HOIC,10.0,42,0.42857142857142855,False
301061,DDOS attack-HOIC,10.0,42,0.25,False
304762,Benign,10.0,42,0.42857142857142855,False
305787,SSH-Bruteforce,10.0,42,0.42857142857142855,False
308733,Infilteration,10.0,42,0.6666666666666666,False
309889,FTP-BruteForce,10.0,42,0.42857142857142855,False
310457,SSH-Bruteforce,10.0,42,0.42857142857142855,False
310997,DDOS attack-LOIC-UDP,10.0,42,0.6666666666666666,False
311685,Infilteration,10.0,42,0.6666666666666666,True
312336,Bot,10.0,42,0.25,False
313529,Brute Force -XSS,10.0,42,0.25,False
314183,Brute Force -XSS,10.0,42,0.25,False
315063,Brute Force -Web,10.0,42,0.25,False
315426,DDOS attack-LOIC-UDP,10.0,42,0.6666666666666666,False
317120,Brute Force -XSS,10.0,42,0.0,False
319710,SSH-Bruteforce,10.0,42,0.6666666666666666,False
320952,Brute Force -XSS,10.0,42,0.25,False
321790,FTP-BruteForce,10.0,42,0.25,False
323255,DDoS attacks-LOIC-HTTP,10.0,42,0.25,False
328840,Benign,10.0,42,0.42857142857142855,False
332391,DoS attacks-GoldenEye,10.0,42,0.42857142857142855,False
332458,DDOS attack-LOIC-UDP,10.0,42,1.0,False
333648,DDoS attacks-LOIC-HTTP,10.0,42,0.6666666666666666,False
335584,DoS attacks-GoldenEye,10.0,42,0.25,False
336241,DoS attacks-SlowHTTPTest,10.0,42,0.42857142857142855,True
336566,Bot,10.0,42,0.25,False
338824,Brute Force -XSS,10.0,42,0.42857142857142855,False
342541,Bot,10.0,42,0.6666666666666666,False
346512,Brute Force -XSS,10.0,42,0.0,False
348721,Benign,10.0,42,0.6666666666666666,False
353051,Infilteration,10.0,42,0.42857142857142855,False
353691,DoS attacks-GoldenEye,10.0,42,0.42857142857142855,False
354580,DDoS attacks-LOIC-HTTP,10.0,42,0.42857142857142855,False
356787,DoS attacks-GoldenEye,10.0,42,0.42857142857142855,False
358097,SQL Injection,10.0,42,0.6666666666666666,True
359537,Benign,10.0,42,0.42857142857142855,False
362368,DoS attacks-GoldenEye,10.0,42,0.25,False
363664,DoS attacks-Slowloris,10.0,42,0.6666666666666666,False
364235,DDoS attacks-LOIC-HTTP,10.0,42,0.6666666666666666,False
365136,Infilteration,10.0,42,0.42857142857142855,True
367918,DoS attacks-Hulk,10.0,42,0.25,False
369335,DoS attacks-Slowloris,10.0,42,0.42857142857142855,False
369453,FTP-BruteForce,10.0,42,0.25,False
369784,DoS attacks-Hulk,10.0,42,0.42857142857142855,False
376563,DDoS attacks-LOIC-HTTP,10.0,42,0.42857142857142855,False
377864,DDoS attacks-LOIC-HTTP,10.0,42,0.6666666666666666,False
378164,DDOS attack-HOIC,10.0,42,0.42857142857142855,False
378382,Bot,10.0,42,0.25,False
379791,SQL Injection,10.0,42,0.6666666666666666,False
383016,FTP-BruteForce,10.0,42,0.25,False
384388,FTP-BruteForce,10.0,42,0.6666666666666666,False
385336,Brute Force -Web,10.0,42,0.25,False
385798,Bot,10.0,42,0.42857142857142855,False
395416,Benign,10.0,42,1.0,False
396967,Bot,10.0,42,0.42857142857142855,False
398864,DoS attacks-GoldenEye,10.0,42,0.42857142857142855,False
410166,DoS attacks-Hulk,10.0,42,0.42857142857142855,False
415297,SQL Injection,10.0,42,0.1111111111111111,False
415684,DoS attacks-GoldenEye,10.0,42,0.42857142857142855,False
417110,FTP-BruteForce,10.0,42,0.42857142857142855,False
417537,SSH-Bruteforce,10.0,42,0.42857142857142855,False
418917,Infilteration,10.0,42,0.25,True
423486,Brute Force -XSS,10.0,42,0.42857142857142855,False
432325,DDOS attack-LOIC-UDP,10.0,42,0.6666666666666666,False
434271,Brute Force -XSS,10.0,42,0.42857142857142855,False
434619,Bot,10.0,42,0.25,False
435047,Brute Force -Web,10.0,42,0.42857142857142855,False
435789,Bot,10.0,42,0.42857142857142855,False
437912,DoS attacks-Slowloris,10.0,42,0.25,False
438062,DoS attacks-GoldenEye,10.0,42,0.42857142857142855,False
440080,DDoS attacks-LOIC-HTTP,10.0,42,0.42857142857142855,False
441377,Infilteration,10.0,42,0.6666666666666666,False
444328,DoS attacks-Hulk,10.0,42,0.42857142857142855,False
447905,SSH-Bruteforce,10.0,42,0.42857142857142855,False
450041,DDOS attack-HOIC,10.0,42,0.25,False
456153,FTP-BruteForce,10.0,42,0.25,False
462363,Bot,10.0,42,0.6666666666666666,False
464306,FTP-BruteForce,10.0,42,0.6666666666666666,True
464579,DoS attacks-Slowloris,10.0,42,0.1111111111111111,False
470203,DoS attacks-SlowHTTPTest,10.0,42,0.25,False
474577,Benign,10.0,42,1.0,False
475200,DoS attacks-GoldenEye,10.0,42,0.25,False
476206,Brute Force -XSS,10.0,42,0.42857142857142855,False
476835,DDOS attack-LOIC-UDP,10.0,42,0.6666666666666666,False
477378,DDOS attack-HOIC,10.0,42,0.25,False
477859,DDOS attack-LOIC-UDP,10.0,42,0.6666666666666666,False
478158,Benign,10.0,42,0.25,False
482463,DDoS attacks-LOIC-HTTP,10.0,42,0.42857142857142855,False
483707,Brute Force -Web,10.0,42,0.6666666666666666,False
483764,Infilteration,10.0,42,0.25,False
484171,Infilteration,10.0,42,0.6666666666666666,False
487123,Infilteration,10.0,42,1.0,False
487263,DDOS attack-LOIC-UDP,10.0,42,0.6666666666666666,False
498379,Brute Force -Web,10.0,42,0.42857142857142855,False
501190,DDOS attack-LOIC-UDP,10.0,42,0.6666666666666666,False
502062,FTP-BruteForce,10.0,42,0.25,False
502356,Benign,10.0,42,0.6666666666666666,False
507163,Bot,10.0,42,0.42857142857142855,False
516380,DDOS attack-HOIC,10.0,42,0.25,False
517942,DDOS attack-LOIC-UDP,10.0,42,1.0,False
520811,Brute Force -Web,10.0,42,0.42857142857142855,False
521606,Benign,10.0,42,0.6666666666666666,False
522204,Brute Force -XSS,10.0,42,0.25,False
522303,FTP-BruteForce,10.0,42,0.42857142857142855,False
530029,SSH-Bruteforce,10.0,42,0.42857142857142855,False
531043,SSH-Bruteforce,10.0,42,0.6666666666666666,False
531260,DoS attacks-SlowHTTPTest,10.0,42,0.42857142857142855,False
532195,Benign,10.0,42,0.6666666666666666,False
534785,DoS attacks-SlowHTTPTest,10.0,42,0.42857142857142855,True
535830,DDOS attack-LOIC-UDP,10.0,42,1.0,False
536590,DDOS attack-HOIC,10.0,42,0.42857142857142855,False
537705,Benign,10.0,42,1.0,False
540314,DoS attacks-GoldenEye,10.0,42,0.1111111111111111,False
545107,SSH-Bruteforce,10.0,42,0.42857142857142855,False
549022,Brute Force -Web,10.0,42,0.42857142857142855,False
549420,Bot,10.0,42,0.42857142857142855,False
556032,Brute Force -XSS,10.0,42,0.42857142857142855,False
556093,DDOS attack-HOIC,10.0,42,0.42857142857142855,False
556787,DDOS attack-LOIC-UDP,10.0,42,0.6666666666666666,False
557077,SQL Injection,10.0,42,0.25,False
557149,DoS attacks-GoldenEye,10.0,42,0.42857142857142855,False
562744,DoS attacks-SlowHTTPTest,10.0,42,0.42857142857142855,True
574359,DoS attacks-SlowHTTPTest,10.0,42,0.25,False
577574,DoS attacks-SlowHTTPTest,10.0,42,0.42857142857142855,False
579553,Benign,10.0,42,0.42857142857142855,False
582796,Benign,10.0,42,0.6666666666666666,False
588054,Benign,10.0,42,1.0,False
589312,DoS attacks-Slowloris,10.0,42,0.42857142857142855,False
596381,DoS attacks-Hulk,10.0,42,0.42857142857142855,False
596463,DDOS attack-HOIC,10.0,42,0.25,False
598293,Brute Force -XSS,10.0,42,0.25,False
601248,Benign,10.0,42,0.6666666666666666,False
602468,SSH-Bruteforce,10.0,42,0.25,False
607340,DoS attacks-Slowloris,10.0,42,0.42857142857142855,True
610381,DoS attacks-GoldenEye,10.0,42,0.25,False
610547,DoS attacks-Slowloris,10.0,42,0.25,False
611368,DoS attacks-Hulk,10.0,42,0.6666666666666666,False
612632,DDOS attack-HOIC,10.0,42,0.42857142857142855,False
614266,Brute Force -Web,10.0,42,0.0,False
615138,DoS attacks-Hulk,10.0,42,0.6666666666666666,False
616668,DDoS attacks-LOIC-HTTP,10.0,42,0.25,False
618663,Brute Force -Web,10.0,42,0.42857142857142855,False
620071,FTP-BruteForce,10.0,42,0.42857142857142855,False
621782,SSH-Bruteforce,10.0,42,0.6666666666666666,False
624071,DoS attacks-SlowHTTPTest,10.0,42,0.6666666666666666,True
624147,SSH-Bruteforce,10.0,42,0.42857142857142855,False
626732,DoS attacks-Hulk,10.0,42,0.42857142857142855,False
629710,DoS attacks-Hulk,10.0,42,0.42857142857142855,False
629734,Brute Force -Web,10.0,42,0.25,False
630081,Brute Force -XSS,10.0,42,0.25,False
638364,DoS attacks-GoldenEye,10.0,42,0.25,False
639271,DDOS attack-LOIC-UDP,10.0,42,0.6666666666666666,False
639539,DoS attacks-Hulk,10.0,42,0.6666666666666666,False
641423,Brute Force -Web,10.0,42,0.42857142857142855,False
645824,Benign,10.0,42,0.6666666666666666,False
652230,DDOS attack-HOIC,10.0,42,0.42857142857142855,False
659806,FTP-BruteForce,10.0,42,0.25,False
661051,DDoS attacks-LOIC-HTTP,10.0,42,0.42857142857142855,False
662079,Brute Force -Web,10.0,42,0.42857142857142855,False
662490,DDOS attack-LOIC-UDP,10.0,42,1.0,False
675226,DoS attacks-SlowHTTPTest,10.0,42,0.25,True
675268,DoS attacks-Slowloris,10.0,42,0.25,False
679360,Infilteration,10.0,42,0.25,False
681769,DoS attacks-GoldenEye,10.0,42,0.6666666666666666,False
689373,FTP-BruteForce,10.0,42,0.42857142857142855,False
695015,DDOS attack-LOIC-UDP,10.0,42,0.6666666666666666,False
695843,Brute Force -XSS,10.0,42,0.42857142857142855,False
697328,DoS attacks-Hulk,10.0,42,0.42857142857142855,False
5639,Infilteration,10.0,123,0.6666666666666666,False
8334,DoS attacks-Slowloris,10.0,123,0.25,False
12685,DoS attacks-SlowHTTPTest,10.0,123,0.42857142857142855,True
13941,DoS attacks-SlowHTTPTest,10.0,123,0.42857142857142855,False
14421,DDOS attack-HOIC,10.0,123,0.6666666666666666,False
18565,SSH-Bruteforce,10.0,123,0.42857142857142855,False
19068,Brute Force -XSS,10.0,123,0.42857142857142855,False
20056,Brute Force -XSS,10.0,123,0.42857142857142855,False
26534,DoS attacks-Slowloris,10.0,123,0.42857142857142855,False
29876,DDoS attacks-LOIC-HTTP,10.0,123,0.1111111111111111,False
30515,Bot,10.0,123,0.6666666666666666,False
35439,SSH-Bruteforce,10.0,123,0.42857142857142855,False
42318,DoS attacks-Hulk,10.0,123,0.42857142857142855,False
42573,Brute Force -Web,10.0,123,0.1111111111111111,False
44912,FTP-BruteForce,10.0,123,0.42857142857142855,False
45365,DoS attacks-GoldenEye,10.0,123,0.42857142857142855,False
46168,SQL Injection,10.0,123,0.42857142857142855,True
46271,Bot,10.0,123,0.6666666666666666,False
49395,DoS attacks-SlowHTTPTest,10.0,123,0.42857142857142855,False
50452,DoS attacks-SlowHTTPTest,10.0,123,0.42857142857142855,False
51441,FTP-BruteForce,10.0,123,0.6666666666666666,False
58379,DDOS attack-LOIC-UDP,10.0,123,0.6666666666666666,False
58919,DDoS attacks-LOIC-HTTP,10.0,123,0.42857142857142855,False
62914,DDoS attacks-LOIC-HTTP,10.0,123,0.42857142857142855,False
65664,SSH-Bruteforce,10.0,123,0.6666666666666666,False
65934,Benign,10.0,123,0.6666666666666666,False
66907,DoS attacks-SlowHTTPTest,10.0,123,0.25,False
68038,Benign,10.0,123,0.42857142857142855,False
68799,SQL Injection,10.0,123,0.6666666666666666,False
69550,SSH-Bruteforce,10.0,123,0.42857142857142855,False
72472,SSH-Bruteforce,10.0,123,0.42857142857142855,False
73380,DDOS attack-HOIC,10.0,123,0.25,False
73653,DoS attacks-GoldenEye,10.0,123,0.25,False
74683,Infilteration,10.0,123,0.6666666666666666,False
76270,DDOS attack-LOIC-UDP,10.0,123,0.6666666666666666,False
78135,DoS attacks-Slowloris,10.0,123,0.42857142857142855,False
78982,DDOS attack-HOIC,10.0,123,0.42857142857142855,False
80241,DoS attacks-Hulk,10.0,123,0.6666666666666666,False
86164,Brute Force -Web,10.0,123,0.1111111111111111,False
88694,DoS attacks-SlowHTTPTest,10.0,123,0.42857142857142855,False
89190,Infilteration,10.0,123,0.6666666666666666,False
90525,DDoS attacks-LOIC-HTTP,10.0,123,0.42857142857142855,False
91374,SSH-Bruteforce,10.0,123,0.42857142857142855,False
92086,FTP-BruteForce,10.0,123,0.42857142857142855,False
99470,DoS attacks-Slowloris,10.0,123,0.25,False
99643,Bot,10.0,123,0.25,False
100422,Bot,10.0,123,0.42857142857142855,False
102666,FTP-BruteForce,10.0,123,0.42857142857142855,False
107145,DDOS attack-HOIC,10.0,123,0.42857142857142855,False
107842,Benign,10.0,123,1.0,False
108720,Brute Force -XSS,10.0,123,0.1111111111111111,False
108787,DDoS attacks-LOIC-HTTP,10.0,123,0.6666666666666666,False
109595,DoS attacks-Hulk,10.0,123,0.42857142857142855,False
110687,FTP-BruteForce,10.0,123,0.25,False
110737,DDoS attacks-LOIC-HTTP,10.0,123,0.6666666666666666,False
113592,Bot,10.0,123,0.25,False
120459,SSH-Bruteforce,10.0,123,0.42857142857142855,False
131694,SSH-Bruteforce,10.0,123,0.6666666666666666,False
132419,Infilteration,10.0,123,0.6666666666666666,False
136157,Benign,10.0,123,0.6666666666666666,False
139948,DoS attacks-SlowHTTPTest,10.0,123,0.25,True
148681,Infilteration,10.0,123,0.6666666666666666,False
152193,DoS attacks-Slowloris,10.0,123,0.42857142857142855,False
155941,SQL Injection,10.0,123,0.42857142857142855,False
158038,Infilteration,10.0,123,0.42857142857142855,False
163228,DoS attacks-Slowloris,10.0,123,0.1111111111111111,True
164952,DoS attacks-Hulk,10.0,123,0.25,False
165922,DoS attacks-GoldenEye,10.0,123,0.42857142857142855,False
166311,SQL Injection,10.0,123,0.1111111111111111,True
169666,DoS attacks-Hulk,10.0,123,0.42857142857142855,False
180148,DDoS attacks-LOIC-HTTP,10.0,123,0.6666666666666666,False
181160,DoS attacks-SlowHTTPTest,10.0,123,0.42857142857142855,False
188164,DDOS attack-HOIC,10.0,123,0.25,False
192124,DoS attacks-Slowloris,10.0,123,0.42857142857142855,False
192228,DoS attacks-Hulk,10.0,123,0.6666666666666666,False
193059,Infilteration,10.0,123,0.25,False
193789,DoS attacks-Slowloris,10.0,123,0.25,False
197830,DDOS attack-HOIC,10.0,123,0.42857142857142855,False
198436,DoS attacks-Hulk,10.0,123,0.25,False
199790,DDOS attack-LOIC-UDP,10.0,123,0.6666666666666666,False
200184,DDOS attack-LOIC-UDP,10.0,123,0.6666666666666666,False
200822,Infilteration,10.0,123,0.6666666666666666,False
201841,Brute Force -Web,10.0,123,0.42857142857142855,False
203296,DoS attacks-SlowHTTPTest,10.0,123,0.42857142857142855,False
207060,Bot,10.0,123,0.42857142857142855,False
209974,DoS attacks-Hulk,10.0,123,0.6666666666666666,False
215475,DoS attacks-SlowHTTPTest,10.0,123,0.42857142857142855,False
217506,DDOS attack-HOIC,10.0,123,0.42857142857142855,False
218003,Bot,10.0,123,0.42857142857142855,False
219442,Infilteration,10.0,123,0.6666666666666666,False
220146,Brute Force -XSS,10.0,123,0.42857142857142855,False
222292,DDoS attacks-LOIC-HTTP,10.0,123,0.42857142857142855,False
223337,DDOS attack-HOIC,10.0,123,0.25,False
225548,Brute Force -XSS,10.0,123,0.42857142857142855,False
231364,DDOS attack-LOIC-UDP,10.0,123,0.6666666666666666,False
232595,DoS attacks-Slowloris,10.0,123,0.1111111111111111,True
232970,Bot,10.0,123,0.42857142857142855,False
234429,DoS attacks-GoldenEye,10.0,123,0.42857142857142855,False
236692,SSH-Bruteforce,10.0,123,0.6666666666666666,False
237626,DoS attacks-GoldenEye,10.0,123,0.25,False
241017,DoS attacks-Hulk,10.0,123,0.42857142857142855,False
241153,Brute Force -XSS,10.0,123,0.25,False
243253,FTP-BruteForce,10.0,123,0.42857142857142855,False
243512,Brute Force -Web,10.0,123,0.6666666666666666,False
244749,Brute Force -Web,10.0,123,0.6666666666666666,False
245695,Infilteration,10.0,123,0.6666666666666666,False
252162,DDOS attack-LOIC-UDP,10.0,123,1.0,False
254715,Brute Force -Web,10.0,123,0.42857142857142855,False
262338,DDOS attack-HOIC,10.0,123,0.25,False
262581,FTP-BruteForce,10.0,123,0.42857142857142855,False
262898,Brute Force -Web,10.0,123,0.25,False
276433,DoS attacks-SlowHTTPTest,10.0,123,0.42857142857142855,False
277208,DoS attacks-Slowloris,10.0,123,0.25,False
277814,DoS attacks-Slowloris,10.0,123,0.6666666666666666,False
282645,DDoS attacks-LOIC-HTTP,10.0,123,0.42857142857142855,False
287797,DDoS attacks-LOIC-HTTP,10.0,123,0.25,False
292965,DoS attacks-GoldenEye,10.0,123,0.25,False
293180,Bot,10.0,123,0.42857142857142855,False
294434,SQL Injection,10.0,123,0.42857142857142855,False
294469,DoS attacks-Slowloris,10.0,123,0.42857142857142855,True
297866,Brute Force -Web,10.0,123,0.25,False
298749,DDOS attack-HOIC,10.0,123,0.42857142857142855,False
301061,DDOS attack-HOIC,10.0,123,0.42857142857142855,False
304762,Benign,10.0,123,0.6666666666666666,False
305787,SSH-Bruteforce,10.0,123,0.6666666666666666,False
308733,Infilteration,10.0,123,0.42857142857142855,False
309889,FTP-BruteForce,10.0,123,0.25,False
310457,SSH-Bruteforce,10.0,123,1.0,False
310997,DDOS attack-LOIC-UDP,10.0,123,1.0,False
311685,Infilteration,10.0,123,0.42857142857142855,True
312336,Bot,10.0,123,0.6666666666666666,False
313529,Brute Force -XSS,10.0,123,0.25,False
314183,Brute Force -XSS,10.0,123,0.25,False
315063,Brute Force -Web,10.0,123,0.25,False
315426,DDOS attack-LOIC-UDP,10.0,123,1.0,False
317120,Brute Force -XSS,10.0,123,0.42857142857142855,False
319710,SSH-Bruteforce,10.0,123,0.42857142857142855,False
320952,Brute Force -XSS,10.0,123,0.42857142857142855,False
321790,FTP-BruteForce,10.0,123,0.25,False
323255,DDoS attacks-LOIC-HTTP,10.0,123,0.42857142857142855,False
328840,Benign,10.0,123,0.42857142857142855,False
332391,DoS attacks-GoldenEye,10.0,123,0.25,False
332458,DDOS attack-LOIC-UDP,10.0,123,0.6666666666666666,False
333648,DDoS attacks-LOIC-HTTP,10.0,123,0.6666666666666666,False
335584,DoS attacks-GoldenEye,10.0,123,0.25,False
336241,DoS attacks-SlowHTTPTest,10.0,123,0.42857142857142855,False
336566,Bot,10.0,123,0.42857142857142855,False
338824,Brute Force -XSS,10.0,123,0.42857142857142855,False
342541,Bot,10.0,123,0.6666666666666666,False
346512,Brute Force -XSS,10.0,123,0.0,False
348721,Benign,10.0,123,0.6666666666666666,False
353051,Infilteration,10.0,123,0.42857142857142855,False
353691,DoS attacks-GoldenEye,10.0,123,0.6666666666666666,False
354580,DDoS attacks-LOIC-HTTP,10.0,123,0.6666666666666666,False
356787,DoS attacks-GoldenEye,10.0,123,0.1111111111111111,False
358097,SQL Injection,10.0,123,0.25,True
359537,Benign,10.0,123,0.6666666666666666,False
362368,DoS attacks-GoldenEye,10.0,123,0.25,False
363664,DoS attacks-Slowloris,10.0,123,0.6666666666666666,False
364235,DDoS attacks-LOIC-HTTP,10.0,123,0.42857142857142855,False
365136,Infilteration,10.0,123,1.0,True
367918,DoS attacks-Hulk,10.0,123,0.42857142857142855,False
369335,DoS attacks-Slowloris,10.0,123,0.42857142857142855,False
369453,FTP-BruteForce,10.0,123,0.25,False
369784,DoS attacks-Hulk,10.0,123,0.42857142857142855,False
376563,DDoS attacks-LOIC-HTTP,10.0,123,0.25,False
377864,DDoS attacks-LOIC-HTTP,10.0,123,0.6666666666666666,False
378164,DDOS attack-HOIC,10.0,123,0.25,False
378382,Bot,10.0,123,0.42857142857142855,False
379791,SQL Injection,10.0,123,0.25,False
383016,FTP-BruteForce,10.0,123,0.25,False
384388,FTP-BruteForce,10.0,123,0.42857142857142855,False
385336,Brute Force -Web,10.0,123,0.25,False
385798,Bot,10.0,123,0.6666666666666666,False
395416,Benign,10.0,123,0.42857142857142855,False
396967,Bot,10.0,123,0.42857142857142855,False
398864,DoS attacks-GoldenEye,10.0,123,0.25,False
410166,DoS attacks-Hulk,10.0,123,0.42857142857142855,False
415297,SQL Injection,10.0,123,0.42857142857142855,False
415684,DoS attacks-GoldenEye,10.0,123,0.6666666666666666,False
417110,FTP-BruteForce,10.0,123,0.25,False
417537,SSH-Bruteforce,10.0,123,0.6666666666666666,False
418917,Infilteration,10.0,123,0.6666666666666666,True
423486,Brute Force -XSS,10.0,123,0.1111111111111111,False
432325,DDOS attack-LOIC-UDP,10.0,123,0.6666666666666666,False
434271,Brute Force -XSS,10.0,123,0.25,False
434619,Bot,10.0,123,0.25,False
435047,Brute Force -Web,10.0,123,0.25,False
435789,Bot,10.0,123,0.6666666666666666,False
437912,DoS attacks-Slowloris,10.0,123,0.1111111111111111,False
438062,DoS attacks-GoldenEye,10.0,123,0.42857142857142855,False
440080,DDoS attacks-LOIC-HTTP,10.0,123,0.6666666666666666,False
441377,Infilteration,10.0,123,0.6666666666666666,False
444328,DoS attacks-Hulk,10.0,123,0.25,False
447905,SSH-Bruteforce,10.0,123,0.42857142857142855,False
450041,DDOS attack-HOIC,10.0,123,0.25,False
456153,FTP-BruteForce,10.0,123,0.25,False
462363,Bot,10.0,123,0.42857142857142855,False
464306,FTP-BruteForce,10.0,123,0.42857142857142855,True
464579,DoS attacks-Slowloris,10.0,123,0.42857142857142855,False
470203,DoS attacks-SlowHTTPTest,10.0,123,0.25,False
474577,Benign,10.0,123,0.6666666666666666,False
475200,DoS attacks-GoldenEye,10.0,123,0.25,False
476206,Brute Force -XSS,10.0,123,0.25,False
476835,DDOS attack-LOIC-UDP,10.0,123,1.0,False
477378,DDOS attack-HOIC,10.0,123,0.42857142857142855,False
477859,DDOS attack-LOIC-UDP,10.0,123,0.6666666666666666,False
478158,Benign,10.0,123,0.42857142857142855,False
482463,DDoS attacks-LOIC-HTTP,10.0,123,0.42857142857142855,False
483707,Brute Force -Web,10.0,123,0.42857142857142855,False
483764,Infilteration,10.0,123,0.6666666666666666,False
484171,Infilteration,10.0,123,0.42857142857142855,False
487123,Infilteration,10.0,123,0.6666666666666666,False
487263,DDOS attack-LOIC-UDP,10.0,123,0.6666666666666666,False
498379,Brute Force -Web,10.0,123,0.42857142857142855,False
501190,DDOS attack-LOIC-UDP,10.0,123,0.6666666666666666,False
502062,FTP-BruteForce,10.0,123,0.25,False
502356,Benign,10.0,123,0.42857142857142855,False
507163,Bot,10.0,123,0.42857142857142855,False
516380,DDOS attack-HOIC,10.0,123,0.25,False
517942,DDOS attack-LOIC-UDP,10.0,123,0.6666666666666666,False
520811,Brute Force -Web,10.0,123,0.25,False
521606,Benign,10.0,123,0.42857142857142855,False
522204,Brute Force -XSS,10.0,123,0.6666666666666666,False
522303,FTP-BruteForce,10.0,123,0.42857142857142855,False
530029,SSH-Bruteforce,10.0,123,0.42857142857142855,False
531043,SSH-Bruteforce,10.0,123,0.6666666666666666,False
531260,DoS attacks-SlowHTTPTest,10.0,123,0.42857142857142855,True
532195,Benign,10.0,123,0.6666666666666666,False
534785,DoS attacks-SlowHTTPTest,10.0,123,0.25,False
535830,DDOS attack-LOIC-UDP,10.0,123,1.0,False
536590,DDOS attack-HOIC,10.0,123,0.6666666666666666,False
537705,Benign,10.0,123,1.0,False
540314,DoS attacks-GoldenEye,10.0,123,0.1111111111111111,False
545107,SSH-Bruteforce,10.0,123,0.42857142857142855,False
549022,Brute Force -Web,10.0,123,0.1111111111111111,False
549420,Bot,10.0,123,0.42857142857142855,False
556032,Brute Force -XSS,10.0,123,0.42857142857142855,False
556093,DDOS attack-HOIC,10.0,123,0.25,False
556787,DDOS attack-LOIC-UDP,10.0,123,0.6666666666666666,False
557077,SQL Injection,10.0,123,0.42857142857142855,False
557149,DoS attacks-GoldenEye,10.0,123,0.42857142857142855,False
562744,DoS attacks-SlowHTTPTest,10.0,123,0.25,True
574359,DoS attacks-SlowHTTPTest,10.0,123,0.42857142857142855,True
577574,DoS attacks-SlowHTTPTest,10.0,123,0.25,True
579553,Benign,10.0,123,0.6666666666666666,False
582796,Benign,10.0,123,1.0,False
588054,Benign,10.0,123,0.6666666666666666,False
589312,DoS attacks-Slowloris,10.0,123,0.1111111111111111,False
596381,DoS attacks-Hulk,10.0,123,0.42857142857142855,False
596463,DDOS attack-HOIC,10.0,123,0.25,False
598293,Brute Force -XSS,10.0,123,0.42857142857142855,False
601248,Benign,10.0,123,0.6666666666666666,False
602468,SSH-Bruteforce,10.0,123,0.6666666666666666,False
607340,DoS attacks-Slowloris,10.0,123,0.6666666666666666,False
610381,DoS attacks-GoldenEye,10.0,123,0.25,False
610547,DoS attacks-Slowloris,10.0,123,0.25,False
611368,DoS attacks-Hulk,10.0,123,0.42857142857142855,False
612632,DDOS attack-HOIC,10.0,123,0.42857142857142855,False
614266,Brute Force -Web,10.0,123,0.1111111111111111,False
615138,DoS attacks-Hulk,10.0,123,0.42857142857142855,False
616668,DDoS attacks-LOIC-HTTP,10.0,123,0.42857142857142855,False
618663,Brute Force -Web,10.0,123,0.6666666666666666,False
620071,FTP-BruteForce,10.0,123,0.25,False
621782,SSH-Bruteforce,10.0,123,0.6666666666666666,False
624071,DoS attacks-SlowHTTPTest,10.0,123,0.25,True
624147,SSH-Bruteforce,10.0,123,0.6666666666666666,False
626732,DoS attacks-Hulk,10.0,123,0.6666666666666666,False
629710,DoS attacks-Hulk,10.0,123,0.42857142857142855,False
629734,Brute Force -Web,10.0,123,0.25,False
630081,Brute Force -XSS,10.0,123,0.25,False
638364,DoS attacks-GoldenEye,10.0,123,0.42857142857142855,False
639271,DDOS attack-LOIC-UDP,10.0,123,0.6666666666666666,False
639539,DoS attacks-Hulk,10.0,123,0.42857142857142855,False
641423,Brute Force -Web,10.0,123,0.25,False
645824,Benign,10.0,123,0.42857142857142855,False
652230,DDOS attack-HOIC,10.0,123,0.42857142857142855,False
659806,FTP-BruteForce,10.0,123,0.25,False
661051,DDoS attacks-LOIC-HTTP,10.0,123,0.25,False
662079,Brute Force -Web,10.0,123,0.25,False
662490,DDOS attack-LOIC-UDP,10.0,123,0.6666666666666666,False
675226,DoS attacks-SlowHTTPTest,10.0,123,0.25,False
675268,DoS attacks-Slowloris,10.0,123,0.25,True
679360,Infilteration,10.0,123,0.42857142857142855,False
681769,DoS attacks-GoldenEye,10.0,123,0.25,False
689373,FTP-BruteForce,10.0,123,0.6666666666666666,False
695015,DDOS attack-LOIC-UDP,10.0,123,1.0,False
695843,Brute Force -XSS,10.0,123,0.25,False
697328,DoS attacks-Hulk,10.0,123,0.42857142857142855,False
5639,Infilteration,10.0,2026,0.42857142857142855,False
8334,DoS attacks-Slowloris,10.0,2026,0.42857142857142855,False
12685,DoS attacks-SlowHTTPTest,10.0,2026,0.25,False
13941,DoS attacks-SlowHTTPTest,10.0,2026,0.42857142857142855,False
14421,DDOS attack-HOIC,10.0,2026,0.42857142857142855,False
18565,SSH-Bruteforce,10.0,2026,0.6666666666666666,False
19068,Brute Force -XSS,10.0,2026,0.0,False
20056,Brute Force -XSS,10.0,2026,0.25,False
26534,DoS attacks-Slowloris,10.0,2026,0.42857142857142855,False
29876,DDoS attacks-LOIC-HTTP,10.0,2026,0.25,False
30515,Bot,10.0,2026,0.42857142857142855,False
35439,SSH-Bruteforce,10.0,2026,0.42857142857142855,False
42318,DoS attacks-Hulk,10.0,2026,0.6666666666666666,False
42573,Brute Force -Web,10.0,2026,0.25,False
44912,FTP-BruteForce,10.0,2026,0.25,False
45365,DoS attacks-GoldenEye,10.0,2026,0.42857142857142855,False
46168,SQL Injection,10.0,2026,0.42857142857142855,False
46271,Bot,10.0,2026,0.6666666666666666,False
49395,DoS attacks-SlowHTTPTest,10.0,2026,0.42857142857142855,False
50452,DoS attacks-SlowHTTPTest,10.0,2026,0.25,True
51441,FTP-BruteForce,10.0,2026,0.42857142857142855,False
58379,DDOS attack-LOIC-UDP,10.0,2026,0.6666666666666666,False
58919,DDoS attacks-LOIC-HTTP,10.0,2026,0.42857142857142855,False
62914,DDoS attacks-LOIC-HTTP,10.0,2026,0.6666666666666666,False
65664,SSH-Bruteforce,10.0,2026,0.6666666666666666,False
65934,Benign,10.0,2026,0.6666666666666666,False
66907,DoS attacks-SlowHTTPTest,10.0,2026,0.25,False
68038,Benign,10.0,2026,1.0,False
68799,SQL Injection,10.0,2026,0.6666666666666666,False
69550,SSH-Bruteforce,10.0,2026,0.42857142857142855,False
72472,SSH-Bruteforce,10.0,2026,0.6666666666666666,False
73380,DDOS attack-HOIC,10.0,2026,0.42857142857142855,False
73653,DoS attacks-GoldenEye,10.0,2026,0.42857142857142855,False
74683,Infilteration,10.0,2026,0.6666666666666666,False
76270,DDOS attack-LOIC-UDP,10.0,2026,0.6666666666666666,False
78135,DoS attacks-Slowloris,10.0,2026,0.42857142857142855,False
78982,DDOS attack-HOIC,10.0,2026,0.42857142857142855,False
80241,DoS attacks-Hulk,10.0,2026,0.42857142857142855,False
86164,Brute Force -Web,10.0,2026,0.1111111111111111,False
88694,DoS attacks-SlowHTTPTest,10.0,2026,0.25,True
89190,Infilteration,10.0,2026,0.25,False
90525,DDoS attacks-LOIC-HTTP,10.0,2026,0.6666666666666666,False
91374,SSH-Bruteforce,10.0,2026,0.42857142857142855,False
92086,FTP-BruteForce,10.0,2026,0.42857142857142855,False
99470,DoS attacks-Slowloris,10.0,2026,0.25,False
99643,Bot,10.0,2026,0.25,False
100422,Bot,10.0,2026,0.42857142857142855,False
102666,FTP-BruteForce,10.0,2026,0.25,False
107145,DDOS attack-HOIC,10.0,2026,0.42857142857142855,False
107842,Benign,10.0,2026,0.6666666666666666,False
108720,Brute Force -XSS,10.0,2026,0.25,False
108787,DDoS attacks-LOIC-HTTP,10.0,2026,0.6666666666666666,False
109595,DoS attacks-Hulk,10.0,2026,0.42857142857142855,False
110687,FTP-BruteForce,10.0,2026,0.25,False
110737,DDoS attacks-LOIC-HTTP,10.0,2026,0.42857142857142855,False
113592,Bot,10.0,2026,0.42857142857142855,False
120459,SSH-Bruteforce,10.0,2026,0.42857142857142855,False
131694,SSH-Bruteforce,10.0,2026,0.42857142857142855,False
132419,Infilteration,10.0,2026,0.6666666666666666,False
136157,Benign,10.0,2026,0.6666666666666666,False
139948,DoS attacks-SlowHTTPTest,10.0,2026,0.42857142857142855,False
148681,Infilteration,10.0,2026,0.6666666666666666,False
152193,DoS attacks-Slowloris,10.0,2026,0.6666666666666666,False
155941,SQL Injection,10.0,2026,0.6666666666666666,False
158038,Infilteration,10.0,2026,0.6666666666666666,False
163228,DoS attacks-Slowloris,10.0,2026,0.42857142857142855,False
164952,DoS attacks-Hulk,10.0,2026,0.25,False
165922,DoS attacks-GoldenEye,10.0,2026,0.42857142857142855,False
166311,SQL Injection,10.0,2026,0.25,True
169666,DoS attacks-Hulk,10.0,2026,0.42857142857142855,False
180148,DDoS attacks-LOIC-HTTP,10.0,2026,0.6666666666666666,False
181160,DoS attacks-SlowHTTPTest,10.0,2026,0.42857142857142855,False
188164,DDOS attack-HOIC,10.0,2026,0.25,False
192124,DoS attacks-Slowloris,10.0,2026,0.6666666666666666,False
192228,DoS attacks-Hulk,10.0,2026,0.42857142857142855,False
193059,Infilteration,10.0,2026,0.42857142857142855,False
193789,DoS attacks-Slowloris,10.0,2026,0.25,False
197830,DDOS attack-HOIC,10.0,2026,0.25,False
198436,DoS attacks-Hulk,10.0,2026,0.25,False
199790,DDOS attack-LOIC-UDP,10.0,2026,0.6666666666666666,False
200184,DDOS attack-LOIC-UDP,10.0,2026,0.6666666666666666,False
200822,Infilteration,10.0,2026,0.25,False
201841,Brute Force -Web,10.0,2026,0.25,False
203296,DoS attacks-SlowHTTPTest,10.0,2026,0.25,True
207060,Bot,10.0,2026,0.6666666666666666,False
209974,DoS attacks-Hulk,10.0,2026,0.42857142857142855,False
215475,DoS attacks-SlowHTTPTest,10.0,2026,0.42857142857142855,True
217506,DDOS attack-HOIC,10.0,2026,0.42857142857142855,False
218003,Bot,10.0,2026,0.42857142857142855,False
219442,Infilteration,10.0,2026,0.6666666666666666,False
220146,Brute Force -XSS,10.0,2026,0.42857142857142855,False
222292,DDoS attacks-LOIC-HTTP,10.0,2026,0.42857142857142855,False
223337,DDOS attack-HOIC,10.0,2026,0.42857142857142855,False
225548,Brute Force -XSS,10.0,2026,0.25,False
231364,DDOS attack-LOIC-UDP,10.0,2026,0.42857142857142855,False
232595,DoS attacks-Slowloris,10.0,2026,0.6666666666666666,False
232970,Bot,10.0,2026,0.6666666666666666,False
234429,DoS attacks-GoldenEye,10.0,2026,0.42857142857142855,False
236692,SSH-Bruteforce,10.0,2026,0.6666666666666666,False
237626,DoS attacks-GoldenEye,10.0,2026,0.25,False
241017,DoS attacks-Hulk,10.0,2026,0.42857142857142855,False
241153,Brute Force -XSS,10.0,2026,0.25,False
243253,FTP-BruteForce,10.0,2026,0.6666666666666666,False
243512,Brute Force -Web,10.0,2026,0.6666666666666666,False
244749,Brute Force -Web,10.0,2026,0.42857142857142855,False
245695,Infilteration,10.0,2026,0.6666666666666666,False
252162,DDOS attack-LOIC-UDP,10.0,2026,0.6666666666666666,False
254715,Brute Force -Web,10.0,2026,0.25,False
262338,DDOS attack-HOIC,10.0,2026,0.42857142857142855,False
262581,FTP-BruteForce,10.0,2026,0.42857142857142855,False
262898,Brute Force -Web,10.0,2026,0.25,False
276433,DoS attacks-SlowHTTPTest,10.0,2026,0.25,False
277208,DoS attacks-Slowloris,10.0,2026,0.42857142857142855,False
277814,DoS attacks-Slowloris,10.0,2026,0.42857142857142855,True
282645,DDoS attacks-LOIC-HTTP,10.0,2026,0.25,False
287797,DDoS attacks-LOIC-HTTP,10.0,2026,0.42857142857142855,False
292965,DoS attacks-GoldenEye,10.0,2026,0.25,False
293180,Bot,10.0,2026,0.42857142857142855,False
294434,SQL Injection,10.0,2026,0.6666666666666666,False
294469,DoS attacks-Slowloris,10.0,2026,0.6666666666666666,False
297866,Brute Force -Web,10.0,2026,0.25,False
298749,DDOS attack-HOIC,10.0,2026,0.42857142857142855,False
301061,DDOS attack-HOIC,10.0,2026,0.25,False
304762,Benign,10.0,2026,0.6666666666666666,False
305787,SSH-Bruteforce,10.0,2026,0.6666666666666666,False
308733,Infilteration,10.0,2026,0.6666666666666666,False
309889,FTP-BruteForce,10.0,2026,0.42857142857142855,False
310457,SSH-Bruteforce,10.0,2026,0.6666666666666666,False
310997,DDOS attack-LOIC-UDP,10.0,2026,0.6666666666666666,False
311685,Infilteration,10.0,2026,0.42857142857142855,True
312336,Bot,10.0,2026,0.42857142857142855,False
313529,Brute Force -XSS,10.0,2026,0.42857142857142855,False
314183,Brute Force -XSS,10.0,2026,0.25,False
315063,Brute Force -Web,10.0,2026,0.42857142857142855,False
315426,DDOS attack-LOIC-UDP,10.0,2026,1.0,False
317120,Brute Force -XSS,10.0,2026,0.42857142857142855,False
319710,SSH-Bruteforce,10.0,2026,0.42857142857142855,False
320952,Brute Force -XSS,10.0,2026,0.25,False
321790,FTP-BruteForce,10.0,2026,0.25,False
323255,DDoS attacks-LOIC-HTTP,10.0,2026,0.42857142857142855,False
328840,Benign,10.0,2026,0.6666666666666666,False
332391,DoS attacks-GoldenEye,10.0,2026,0.42857142857142855,False
332458,DDOS attack-LOIC-UDP,10.0,2026,0.6666666666666666,False
333648,DDoS attacks-LOIC-HTTP,10.0,2026,0.42857142857142855,False
335584,DoS attacks-GoldenEye,10.0,2026,0.42857142857142855,False
336241,DoS attacks-SlowHTTPTest,10.0,2026,0.42857142857142855,True
336566,Bot,10.0,2026,0.25,False
338824,Brute Force -XSS,10.0,2026,0.25,False
342541,Bot,10.0,2026,0.42857142857142855,False
346512,Brute Force -XSS,10.0,2026,0.0,False
348721,Benign,10.0,2026,0.6666666666666666,False
353051,Infilteration,10.0,2026,0.42857142857142855,False
353691,DoS attacks-GoldenEye,10.0,2026,0.42857142857142855,False
354580,DDoS attacks-LOIC-HTTP,10.0,2026,0.42857142857142855,False
356787,DoS attacks-GoldenEye,10.0,2026,0.42857142857142855,False
358097,SQL Injection,10.0,2026,0.42857142857142855,False
359537,Benign,10.0,2026,0.6666666666666666,False
362368,DoS attacks-GoldenEye,10.0,2026,0.6666666666666666,False
363664,DoS attacks-Slowloris,10.0,2026,0.42857142857142855,False
364235,DDoS attacks-LOIC-HTTP,10.0,2026,0.25,False
365136,Infilteration,10.0,2026,0.25,False
367918,DoS attacks-Hulk,10.0,2026,0.42857142857142855,False
369335,DoS attacks-Slowloris,10.0,2026,0.42857142857142855,False
369453,FTP-BruteForce,10.0,2026,0.6666666666666666,False
369784,DoS attacks-Hulk,10.0,2026,0.42857142857142855,False
376563,DDoS attacks-LOIC-HTTP,10.0,2026,0.25,False
377864,DDoS attacks-LOIC-HTTP,10.0,2026,0.6666666666666666,False
378164,DDOS attack-HOIC,10.0,2026,0.25,False
378382,Bot,10.0,2026,0.42857142857142855,False
379791,SQL Injection,10.0,2026,0.42857142857142855,False
383016,FTP-BruteForce,10.0,2026,0.25,False
384388,FTP-BruteForce,10.0,2026,0.25,False
385336,Brute Force -Web,10.0,2026,0.42857142857142855,False
385798,Bot,10.0,2026,0.6666666666666666,False
395416,Benign,10.0,2026,0.42857142857142855,False
396967,Bot,10.0,2026,0.25,False
398864,DoS attacks-GoldenEye,10.0,2026,0.42857142857142855,False
410166,DoS attacks-Hulk,10.0,2026,0.42857142857142855,False
415297,SQL Injection,10.0,2026,0.42857142857142855,False
415684,DoS attacks-GoldenEye,10.0,2026,0.42857142857142855,False
417110,FTP-BruteForce,10.0,2026,0.25,False
417537,SSH-Bruteforce,10.0,2026,0.42857142857142855,False
418917,Infilteration,10.0,2026,0.42857142857142855,True
423486,Brute Force -XSS,10.0,2026,0.1111111111111111,False
432325,DDOS attack-LOIC-UDP,10.0,2026,0.6666666666666666,False
434271,Brute Force -XSS,10.0,2026,0.42857142857142855,False
434619,Bot,10.0,2026,0.25,False
435047,Brute Force -Web,10.0,2026,0.42857142857142855,False
435789,Bot,10.0,2026,0.6666666666666666,False
437912,DoS attacks-Slowloris,10.0,2026,0.25,False
438062,DoS attacks-GoldenEye,10.0,2026,0.42857142857142855,False
440080,DDoS attacks-LOIC-HTTP,10.0,2026,0.6666666666666666,False
441377,Infilteration,10.0,2026,0.6666666666666666,False
444328,DoS attacks-Hulk,10.0,2026,0.42857142857142855,False
447905,SSH-Bruteforce,10.0,2026,0.6666666666666666,False
450041,DDOS attack-HOIC,10.0,2026,0.42857142857142855,False
456153,FTP-BruteForce,10.0,2026,0.42857142857142855,True
462363,Bot,10.0,2026,0.42857142857142855,False
464306,FTP-BruteForce,10.0,2026,0.42857142857142855,True
464579,DoS attacks-Slowloris,10.0,2026,0.25,False
470203,DoS attacks-SlowHTTPTest,10.0,2026,0.25,False
474577,Benign,10.0,2026,0.6666666666666666,False
475200,DoS attacks-GoldenEye,10.0,2026,0.25,False
476206,Brute Force -XSS,10.0,2026,0.1111111111111111,False
476835,DDOS attack-LOIC-UDP,10.0,2026,0.6666666666666666,False
477378,DDOS attack-HOIC,10.0,2026,0.25,False
477859,DDOS attack-LOIC-UDP,10.0,2026,0.6666666666666666,False
478158,Benign,10.0,2026,0.6666666666666666,False
482463,DDoS attacks-LOIC-HTTP,10.0,2026,0.42857142857142855,False
483707,Brute Force -Web,10.0,2026,0.25,False
483764,Infilteration,10.0,2026,0.42857142857142855,False
484171,Infilteration,10.0,2026,0.42857142857142855,False
487123,Infilteration,10.0,2026,1.0,False
487263,DDOS attack-LOIC-UDP,10.0,2026,1.0,False
498379,Brute Force -Web,10.0,2026,0.25,False
501190,DDOS attack-LOIC-UDP,10.0,2026,1.0,False
502062,FTP-BruteForce,10.0,2026,0.6666666666666666,False
502356,Benign,10.0,2026,1.0,False
507163,Bot,10.0,2026,0.42857142857142855,False
516380,DDOS attack-HOIC,10.0,2026,0.42857142857142855,False
517942,DDOS attack-LOIC-UDP,10.0,2026,0.6666666666666666,False
520811,Brute Force -Web,10.0,2026,0.42857142857142855,False
521606,Benign,10.0,2026,0.25,False
522204,Brute Force -XSS,10.0,2026,0.1111111111111111,False
522303,FTP-BruteForce,10.0,2026,0.42857142857142855,False
530029,SSH-Bruteforce,10.0,2026,0.6666666666666666,False
531043,SSH-Bruteforce,10.0,2026,0.42857142857142855,False
531260,DoS attacks-SlowHTTPTest,10.0,2026,0.6666666666666666,False
532195,Benign,10.0,2026,0.6666666666666666,False
534785,DoS attacks-SlowHTTPTest,10.0,2026,0.25,True
535830,DDOS attack-LOIC-UDP,10.0,2026,0.6666666666666666,False
536590,DDOS attack-HOIC,10.0,2026,0.42857142857142855,False
537705,Benign,10.0,2026,0.6666666666666666,False
540314,DoS attacks-GoldenEye,10.0,2026,0.1111111111111111,False
545107,SSH-Bruteforce,10.0,2026,0.6666666666666666,False
549022,Brute Force -Web,10.0,2026,0.1111111111111111,False
549420,Bot,10.0,2026,0.25,False
556032,Brute Force -XSS,10.0,2026,0.25,False
556093,DDOS attack-HOIC,10.0,2026,0.42857142857142855,False
556787,DDOS attack-LOIC-UDP,10.0,2026,1.0,False
557077,SQL Injection,10.0,2026,0.42857142857142855,False
557149,DoS attacks-GoldenEye,10.0,2026,0.25,False
562744,DoS attacks-SlowHTTPTest,10.0,2026,0.42857142857142855,False
574359,DoS attacks-SlowHTTPTest,10.0,2026,0.6666666666666666,True
577574,DoS attacks-SlowHTTPTest,10.0,2026,0.25,True
579553,Benign,10.0,2026,0.6666666666666666,False
582796,Benign,10.0,2026,0.42857142857142855,False
588054,Benign,10.0,2026,0.6666666666666666,False
589312,DoS attacks-Slowloris,10.0,2026,0.1111111111111111,True
596381,DoS attacks-Hulk,10.0,2026,0.42857142857142855,False
596463,DDOS attack-HOIC,10.0,2026,0.42857142857142855,False
598293,Brute Force -XSS,10.0,2026,0.25,False
601248,Benign,10.0,2026,0.6666666666666666,False
602468,SSH-Bruteforce,10.0,2026,0.42857142857142855,False
607340,DoS attacks-Slowloris,10.0,2026,0.6666666666666666,False
610381,DoS attacks-GoldenEye,10.0,2026,0.25,False
610547,DoS attacks-Slowloris,10.0,2026,0.1111111111111111,False
611368,DoS attacks-Hulk,10.0,2026,0.42857142857142855,False
612632,DDOS attack-HOIC,10.0,2026,0.42857142857142855,False
614266,Brute Force -Web,10.0,2026,0.0,False
615138,DoS attacks-Hulk,10.0,2026,0.42857142857142855,False
616668,DDoS attacks-LOIC-HTTP,10.0,2026,0.25,False
618663,Brute Force -Web,10.0,2026,0.42857142857142855,False
620071,FTP-BruteForce,10.0,2026,0.42857142857142855,False
621782,SSH-Bruteforce,10.0,2026,0.6666666666666666,False
624071,DoS attacks-SlowHTTPTest,10.0,2026,0.25,True
624147,SSH-Bruteforce,10.0,2026,0.42857142857142855,False
626732,DoS attacks-Hulk,10.0,2026,0.42857142857142855,False
629710,DoS attacks-Hulk,10.0,2026,0.6666666666666666,False
629734,Brute Force -Web,10.0,2026,0.25,False
630081,Brute Force -XSS,10.0,2026,0.1111111111111111,False
638364,DoS attacks-GoldenEye,10.0,2026,0.6666666666666666,False
639271,DDOS attack-LOIC-UDP,10.0,2026,0.6666666666666666,False
639539,DoS attacks-Hulk,10.0,2026,0.6666666666666666,False
641423,Brute Force -Web,10.0,2026,0.25,False
645824,Benign,10.0,2026,0.6666666666666666,False
652230,DDOS attack-HOIC,10.0,2026,0.25,False
659806,FTP-BruteForce,10.0,2026,0.42857142857142855,False
661051,DDoS attacks-LOIC-HTTP,10.0,2026,0.25,False
662079,Brute Force -Web,10.0,2026,0.1111111111111111,False
662490,DDOS attack-LOIC-UDP,10.0,2026,0.6666666666666666,False
675226,DoS attacks-SlowHTTPTest,10.0,2026,0.42857142857142855,True
675268,DoS attacks-Slowloris,10.0,2026,0.25,True
679360,Infilteration,10.0,2026,0.42857142857142855,False
681769,DoS attacks-GoldenEye,10.0,2026,0.25,False
689373,FTP-BruteForce,10.0,2026,0.42857142857142855,False
695015,DDOS attack-LOIC-UDP,10.0,2026,0.6666666666666666,False
695843,Brute Force -XSS,10.0,2026,0.1111111111111111,False
697328,DoS attacks-Hulk,10.0,2026,0.6666666666666666,False
