sample_id,true_label,predicted_label,jaccard_3,n_common_3,spearman_3,signed_agreement_3,jaccard_5,n_common_5,spearman_5,signed_agreement_5,jaccard_10,n_common_10,spearman_10,signed_agreement_10
303,Infilteration,Infilteration,0.0,0.0,,,0.0,0.0,,,0.1111111111111111,2.0,-0.9999999999999999,0.5
700,SSH-Bruteforce,SSH-Bruteforce,0.5,2.0,0.9999999999999999,1.0,0.42857142857142855,3.0,0.5,1.0,0.25,4.0,0.7999999999999999,1.0
861,DDOS attack-LOIC-UDP,DDOS attack-LOIC-UDP,0.5,2.0,0.9999999999999999,1.0,0.42857142857142855,3.0,1.0,1.0,0.17647058823529413,3.0,1.0,1.0
984,DoS attacks-SlowHTTPTest,DoS attacks-SlowHTTPTest,0.2,1.0,,1.0,0.25,2.0,0.9999999999999999,1.0,0.42857142857142855,6.0,0.6,0.8333333333333334
1127,DoS attacks-Hulk,DoS attacks-Hulk,0.2,1.0,,1.0,0.25,2.0,0.9999999999999999,1.0,0.17647058823529413,3.0,0.5,1.0
1582,Brute Force -Web,Brute Force -Web,0.0,0.0,,,0.1111111111111111,1.0,,1.0,0.05263157894736842,1.0,,1.0
1650,FTP-BruteForce,FTP-BruteForce,0.2,1.0,,1.0,0.1111111111111111,1.0,,1.0,0.6666666666666666,8.0,0.30952380952380953,0.75
2031,FTP-BruteForce,FTP-BruteForce,0.2,1.0,,1.0,0.1111111111111111,1.0,,1.0,0.42857142857142855,6.0,0.6,0.5
2436,DoS attacks-SlowHTTPTest,DoS attacks-SlowHTTPTest,0.2,1.0,,1.0,0.25,2.0,0.9999999999999999,1.0,0.25,4.0,0.39999999999999997,1.0
2615,DDOS attack-LOIC-UDP,DDOS attack-LOIC-UDP,0.5,2.0,0.9999999999999999,1.0,0.25,2.0,0.9999999999999999,1.0,0.25,4.0,1.0,0.75
2967,DDoS attacks-LOIC-HTTP,DDoS attacks-LOIC-HTTP,0.5,2.0,-0.9999999999999999,0.5,0.25,2.0,-0.9999999999999999,0.5,0.3333333333333333,5.0,-0.3,0.6
4054,Brute Force -Web,Brute Force -Web,0.0,0.0,,,0.1111111111111111,1.0,,1.0,0.1111111111111111,2.0,-0.9999999999999999,1.0
4725,Brute Force -XSS,Brute Force -XSS,0.2,1.0,,1.0,0.1111111111111111,1.0,,1.0,0.25,4.0,0.39999999999999997,1.0
4820,DDOS attack-HOIC,DDOS attack-HOIC,0.5,2.0,0.9999999999999999,1.0,0.6666666666666666,4.0,0.7999999999999999,1.0,0.25,4.0,0.7999999999999999,1.0
5384,DoS attacks-GoldenEye,DoS attacks-GoldenEye,0.5,2.0,0.9999999999999999,1.0,0.25,2.0,0.9999999999999999,1.0,0.1111111111111111,2.0,0.9999999999999999,1.0
5639,Infilteration,Infilteration,0.0,0.0,,,0.0,0.0,,,0.05263157894736842,1.0,,0.0
6075,DoS attacks-GoldenEye,DoS attacks-GoldenEye,0.5,2.0,0.9999999999999999,1.0,0.25,2.0,0.9999999999999999,1.0,0.1111111111111111,2.0,0.9999999999999999,1.0
6520,SSH-Bruteforce,SSH-Bruteforce,0.5,2.0,0.9999999999999999,1.0,0.42857142857142855,3.0,0.5,1.0,0.25,4.0,0.7999999999999999,1.0
7494,Bot,Bot,0.5,2.0,0.9999999999999999,1.0,0.42857142857142855,3.0,1.0,0.6666666666666666,0.25,4.0,0.7999999999999999,0.75
7586,DoS attacks-Slowloris,DoS attacks-Slowloris,0.2,1.0,,1.0,0.1111111111111111,1.0,,1.0,0.17647058823529413,3.0,0.5,0.6666666666666666
8334,DoS attacks-Slowloris,DoS attacks-Slowloris,0.2,1.0,,1.0,0.1111111111111111,1.0,,1.0,0.17647058823529413,3.0,1.0,1.0
11309,Brute Force -Web,Brute Force -Web,0.0,0.0,,,0.25,2.0,-0.9999999999999999,1.0,0.3333333333333333,5.0,0.09999999999999999,1.0
11327,DDoS attacks-LOIC-HTTP,DDoS attacks-LOIC-HTTP,0.5,2.0,-0.9999999999999999,1.0,0.42857142857142855,3.0,-1.0,1.0,0.42857142857142855,6.0,0.5428571428571429,1.0
11897,DoS attacks-GoldenEye,DoS attacks-GoldenEye,0.5,2.0,0.9999999999999999,1.0,0.25,2.0,0.9999999999999999,1.0,0.17647058823529413,3.0,1.0,1.0
11942,DDOS attack-HOIC,DDOS attack-HOIC,0.5,2.0,0.9999999999999999,1.0,0.25,2.0,0.9999999999999999,1.0,0.17647058823529413,3.0,1.0,1.0
12365,Brute Force -Web,Brute Force -Web,0.2,1.0,,1.0,0.1111111111111111,1.0,,1.0,0.25,4.0,0.0,1.0
12474,DoS attacks-Hulk,DoS attacks-Hulk,0.2,1.0,,1.0,0.25,2.0,0.9999999999999999,1.0,0.17647058823529413,3.0,0.5,1.0
12685,DoS attacks-SlowHTTPTest,DoS attacks-SlowHTTPTest,0.2,1.0,,1.0,0.25,2.0,0.9999999999999999,1.0,0.17647058823529413,3.0,0.5,1.0
13941,DoS attacks-SlowHTTPTest,DoS attacks-SlowHTTPTest,0.2,1.0,,1.0,0.1111111111111111,1.0,,1.0,0.3333333333333333,5.0,0.6,0.8
14421,DDOS attack-HOIC,DDOS attack-HOIC,0.5,2.0,0.9999999999999999,1.0,0.42857142857142855,3.0,1.0,1.0,0.25,4.0,0.7999999999999999,1.0
15658,Brute Force -XSS,Brute Force -XSS,0.2,1.0,,1.0,0.1111111111111111,1.0,,1.0,0.1111111111111111,2.0,0.9999999999999999,1.0
15730,Bot,Bot,0.5,2.0,0.9999999999999999,1.0,0.25,2.0,0.9999999999999999,1.0,0.25,4.0,1.0,1.0
15815,Infilteration,Infilteration,0.0,0.0,,,0.0,0.0,,,0.17647058823529413,3.0,0.5,0.3333333333333333
16330,DoS attacks-SlowHTTPTest,DoS attacks-SlowHTTPTest,0.2,1.0,,1.0,0.25,2.0,0.9999999999999999,1.0,0.3333333333333333,5.0,0.09999999999999999,1.0
16360,Bot,Bot,0.5,2.0,0.9999999999999999,1.0,0.25,2.0,0.9999999999999999,1.0,0.25,4.0,0.7999999999999999,0.75
17894,Infilteration,Infilteration,0.0,0.0,,,0.1111111111111111,1.0,,0.0,0.1111111111111111,2.0,-0.9999999999999999,0.5
18263,DoS attacks-Hulk,DoS attacks-Hulk,0.2,1.0,,1.0,0.25,2.0,0.9999999999999999,1.0,0.17647058823529413,3.0,0.5,1.0
18529,DoS attacks-GoldenEye,DoS attacks-GoldenEye,0.5,2.0,0.9999999999999999,1.0,0.25,2.0,0.9999999999999999,1.0,0.17647058823529413,3.0,1.0,1.0
18565,SSH-Bruteforce,SSH-Bruteforce,0.5,2.0,0.9999999999999999,1.0,0.42857142857142855,3.0,0.5,1.0,0.3333333333333333,5.0,0.49999999999999994,1.0
19041,DoS attacks-Slowloris,DoS attacks-Slowloris,0.2,1.0,,1.0,0.42857142857142855,3.0,0.5,1.0,0.17647058823529413,3.0,0.5,1.0
19068,Brute Force -XSS,Brute Force -XSS,0.2,1.0,,1.0,0.1111111111111111,1.0,,1.0,0.17647058823529413,3.0,-0.5,1.0
20056,Brute Force -XSS,Brute Force -XSS,0.2,1.0,,1.0,0.1111111111111111,1.0,,1.0,0.1111111111111111,2.0,0.9999999999999999,1.0
20922,Brute Force -Web,Brute Force -Web,0.2,1.0,,1.0,0.1111111111111111,1.0,,1.0,0.17647058823529413,3.0,1.0,1.0
21549,DoS attacks-GoldenEye,DoS attacks-GoldenEye,0.5,2.0,0.9999999999999999,1.0,0.25,2.0,0.9999999999999999,1.0,0.17647058823529413,3.0,1.0,0.6666666666666666
22156,Infilteration,Infilteration,0.0,0.0,,,0.0,0.0,,,0.05263157894736842,1.0,,0.0
22619,SSH-Bruteforce,SSH-Bruteforce,0.5,2.0,0.9999999999999999,1.0,0.6666666666666666,4.0,0.39999999999999997,1.0,0.3333333333333333,5.0,0.7,1.0
25008,Infilteration,Infilteration,0.0,0.0,,,0.0,0.0,,,0.05263157894736842,1.0,,1.0
25514,DDoS attacks-LOIC-HTTP,DDoS attacks-LOIC-HTTP,0.2,1.0,,1.0,0.42857142857142855,3.0,-0.5,1.0,0.42857142857142855,6.0,0.3142857142857143,1.0
26534,DoS attacks-Slowloris,DoS attacks-Slowloris,0.2,1.0,,1.0,0.42857142857142855,3.0,0.5,1.0,0.25,4.0,0.7999999999999999,1.0
26662,Brute Force -Web,Brute Force -Web,0.2,1.0,,1.0,0.1111111111111111,1.0,,1.0,0.1111111111111111,2.0,-0.9999999999999999,1.0
27062,DoS attacks-Slowloris,DoS attacks-Slowloris,0.2,1.0,,1.0,0.1111111111111111,1.0,,1.0,0.25,4.0,0.39999999999999997,0.5
27360,Bot,Bot,0.5,2.0,0.9999999999999999,1.0,0.25,2.0,0.9999999999999999,1.0,0.17647058823529413,3.0,1.0,0.6666666666666666
27421,Brute Force -XSS,Brute Force -XSS,0.2,1.0,,1.0,0.1111111111111111,1.0,,1.0,0.1111111111111111,2.0,-0.9999999999999999,1.0
29535,Brute Force -Web,Brute Force -Web,0.0,0.0,,,0.1111111111111111,1.0,,1.0,0.3333333333333333,5.0,-0.3,1.0
29876,DDoS attacks-LOIC-HTTP,DDoS attacks-LOIC-HTTP,0.0,0.0,,,0.42857142857142855,3.0,-0.5,1.0,0.3333333333333333,5.0,-0.09999999999999999,1.0
30092,DDOS attack-LOIC-UDP,DDOS attack-LOIC-UDP,0.5,2.0,0.9999999999999999,1.0,0.42857142857142855,3.0,1.0,0.6666666666666666,0.3333333333333333,5.0,0.7,0.6
30203,FTP-BruteForce,FTP-BruteForce,0.2,1.0,,1.0,0.25,2.0,0.9999999999999999,0.5,0.3333333333333333,5.0,0.49999999999999994,0.6
30266,DDOS attack-HOIC,DDOS attack-HOIC,0.5,2.0,0.9999999999999999,1.0,0.25,2.0,0.9999999999999999,1.0,0.25,4.0,0.7999999999999999,0.75
30494,Benign,Benign,0.0,0.0,,,0.1111111111111111,1.0,,1.0,0.25,4.0,-0.19999999999999998,0.75
30515,Bot,Bot,0.5,2.0,0.9999999999999999,1.0,0.25,2.0,0.9999999999999999,1.0,0.17647058823529413,3.0,1.0,1.0
30625,DoS attacks-SlowHTTPTest,DoS attacks-SlowHTTPTest,0.2,1.0,,1.0,0.42857142857142855,3.0,1.0,1.0,0.6666666666666666,8.0,0.8571428571428572,0.625
31109,SSH-Bruteforce,SSH-Bruteforce,0.2,1.0,,1.0,0.42857142857142855,3.0,0.5,1.0,0.17647058823529413,3.0,0.5,1.0
31250,DoS attacks-SlowHTTPTest,DoS attacks-SlowHTTPTest,0.2,1.0,,1.0,0.25,2.0,0.9999999999999999,1.0,0.25,4.0,0.7999999999999999,0.75
34009,DDOS attack-HOIC,DDOS attack-HOIC,0.5,2.0,0.9999999999999999,1.0,0.25,2.0,0.9999999999999999,1.0,0.17647058823529413,3.0,1.0,1.0
34569,FTP-BruteForce,FTP-BruteForce,0.2,1.0,,1.0,0.1111111111111111,1.0,,1.0,0.42857142857142855,6.0,0.08571428571428573,0.6666666666666666
35439,SSH-Bruteforce,SSH-Bruteforce,0.5,2.0,0.9999999999999999,1.0,0.6666666666666666,4.0,0.7999999999999999,1.0,0.3333333333333333,5.0,0.8999999999999998,1.0
36375,FTP-BruteForce,FTP-BruteForce,0.2,1.0,,1.0,0.1111111111111111,1.0,,1.0,0.3333333333333333,5.0,0.49999999999999994,0.6
36676,DDoS attacks-LOIC-HTTP,DDoS attacks-LOIC-HTTP,0.2,1.0,,1.0,0.42857142857142855,3.0,0.5,0.3333333333333333,0.3333333333333333,5.0,0.49999999999999994,0.6
36786,DoS attacks-Slowloris,DoS attacks-Slowloris,0.2,1.0,,1.0,0.1111111111111111,1.0,,1.0,0.17647058823529413,3.0,1.0,0.3333333333333333
37220,DDOS attack-HOIC,DDOS attack-HOIC,0.5,2.0,0.9999999999999999,1.0,0.25,2.0,0.9999999999999999,1.0,0.17647058823529413,3.0,1.0,1.0
37352,Infilteration,Infilteration,0.0,0.0,,,0.0,0.0,,,0.1111111111111111,2.0,0.9999999999999999,0.5
37835,DDoS attacks-LOIC-HTTP,DDoS attacks-LOIC-HTTP,0.5,2.0,0.9999999999999999,1.0,0.42857142857142855,3.0,1.0,1.0,0.25,4.0,0.7999999999999999,1.0
38659,DDOS attack-HOIC,DDOS attack-HOIC,0.5,2.0,0.9999999999999999,1.0,0.25,2.0,0.9999999999999999,1.0,0.1111111111111111,2.0,0.9999999999999999,1.0
38663,SSH-Bruteforce,SSH-Bruteforce,0.5,2.0,0.9999999999999999,1.0,0.42857142857142855,3.0,0.5,1.0,0.3333333333333333,5.0,0.8999999999999998,1.0
39368,DoS attacks-Slowloris,DoS attacks-Slowloris,0.2,1.0,,1.0,0.42857142857142855,3.0,0.5,1.0,0.3333333333333333,5.0,0.8999999999999998,1.0
39658,FTP-BruteForce,FTP-BruteForce,0.2,1.0,,1.0,0.25,2.0,0.9999999999999999,1.0,0.25,4.0,0.39999999999999997,1.0
40324,Brute Force -XSS,Brute Force -XSS,0.2,1.0,,1.0,0.1111111111111111,1.0,,1.0,0.17647058823529413,3.0,0.5,1.0
41624,SSH-Bruteforce,SSH-Bruteforce,0.2,1.0,,1.0,0.42857142857142855,3.0,0.5,1.0,0.25,4.0,0.19999999999999998,1.0
42318,DoS attacks-Hulk,DoS attacks-Hulk,0.2,1.0,,1.0,0.1111111111111111,1.0,,1.0,0.25,4.0,0.39999999999999997,1.0
42573,Brute Force -Web,Brute Force -Web,0.0,0.0,,,0.1111111111111111,1.0,,1.0,0.3333333333333333,5.0,-0.19999999999999998,0.8
42662,DoS attacks-Hulk,DoS attacks-Hulk,0.2,1.0,,1.0,0.25,2.0,0.9999999999999999,1.0,0.25,4.0,0.39999999999999997,1.0
42976,DoS attacks-Slowloris,DoS attacks-Slowloris,0.0,0.0,,,0.42857142857142855,3.0,-0.5,1.0,0.25,4.0,0.39999999999999997,1.0
44610,Benign,Benign,0.0,0.0,,,0.0,0.0,,,0.17647058823529413,3.0,0.5,1.0
44772,DDOS attack-LOIC-UDP,DDOS attack-LOIC-UDP,0.5,2.0,0.9999999999999999,1.0,0.25,2.0,0.9999999999999999,1.0,0.3333333333333333,5.0,0.8999999999999998,0.8
44912,FTP-BruteForce,FTP-BruteForce,0.2,1.0,,1.0,0.1111111111111111,1.0,,1.0,0.42857142857142855,6.0,0.3714285714285715,0.6666666666666666
45365,DoS attacks-GoldenEye,DoS attacks-GoldenEye,0.5,2.0,0.9999999999999999,1.0,0.42857142857142855,3.0,1.0,1.0,0.25,4.0,0.7999999999999999,1.0
46134,SSH-Bruteforce,SSH-Bruteforce,0.2,1.0,,1.0,0.42857142857142855,3.0,0.5,1.0,0.25,4.0,0.39999999999999997,1.0
46149,DDOS attack-HOIC,DDOS attack-HOIC,0.5,2.0,0.9999999999999999,1.0,0.42857142857142855,3.0,1.0,1.0,0.17647058823529413,3.0,1.0,1.0
46168,SQL Injection,SQL Injection,0.0,0.0,,,0.0,0.0,,,0.1111111111111111,2.0,-0.9999999999999999,1.0
46271,Bot,Bot,0.5,2.0,0.9999999999999999,1.0,0.25,2.0,0.9999999999999999,1.0,0.25,4.0,1.0,1.0
47132,DoS attacks-Hulk,DoS attacks-Hulk,0.2,1.0,,1.0,0.1111111111111111,1.0,,1.0,0.17647058823529413,3.0,1.0,1.0
47530,Benign,Benign,0.0,0.0,,,0.1111111111111111,1.0,,1.0,0.25,4.0,1.0,1.0
47574,DoS attacks-SlowHTTPTest,DoS attacks-SlowHTTPTest,0.2,1.0,,1.0,0.25,2.0,0.9999999999999999,0.5,0.3333333333333333,5.0,0.3,0.6
48513,DDoS attacks-LOIC-HTTP,DDoS attacks-LOIC-HTTP,0.2,1.0,,1.0,0.25,2.0,-0.9999999999999999,1.0,0.3333333333333333,5.0,0.3,1.0
48852,Infilteration,Infilteration,0.0,0.0,,,0.1111111111111111,1.0,,0.0,0.1111111111111111,2.0,-0.9999999999999999,0.5
49395,DoS attacks-SlowHTTPTest,DoS attacks-SlowHTTPTest,0.2,1.0,,1.0,0.25,2.0,0.9999999999999999,1.0,0.3333333333333333,5.0,0.7999999999999999,0.6
49728,Brute Force -Web,Brute Force -Web,0.0,0.0,,,0.1111111111111111,1.0,,1.0,0.3333333333333333,5.0,-0.49999999999999994,1.0
50246,DoS attacks-SlowHTTPTest,DoS attacks-SlowHTTPTest,0.2,1.0,,1.0,0.25,2.0,0.9999999999999999,1.0,0.42857142857142855,6.0,0.7714285714285715,0.6666666666666666
50452,DoS attacks-SlowHTTPTest,DoS attacks-SlowHTTPTest,0.2,1.0,,1.0,0.1111111111111111,1.0,,1.0,0.42857142857142855,6.0,0.08571428571428573,0.6666666666666666
51441,FTP-BruteForce,FTP-BruteForce,0.2,1.0,,1.0,0.1111111111111111,1.0,,1.0,0.3333333333333333,5.0,0.19999999999999998,0.8
53381,SSH-Bruteforce,SSH-Bruteforce,0.2,1.0,,1.0,0.42857142857142855,3.0,0.5,1.0,0.42857142857142855,6.0,0.8285714285714287,1.0
53520,Benign,Benign,0.0,0.0,,,0.0,0.0,,,0.1111111111111111,2.0,-0.9999999999999999,1.0
53528,FTP-BruteForce,FTP-BruteForce,0.2,1.0,,1.0,0.1111111111111111,1.0,,1.0,0.3333333333333333,5.0,0.8999999999999998,0.6
53657,DDOS attack-LOIC-UDP,DDOS attack-LOIC-UDP,0.5,2.0,0.9999999999999999,1.0,0.42857142857142855,3.0,1.0,1.0,0.17647058823529413,3.0,1.0,1.0
53684,DoS attacks-Slowloris,DoS attacks-Slowloris,0.2,1.0,,1.0,0.25,2.0,0.9999999999999999,1.0,0.42857142857142855,6.0,0.3714285714285715,0.5
55630,DDOS attack-LOIC-UDP,DDOS attack-LOIC-UDP,0.5,2.0,0.9999999999999999,1.0,0.25,2.0,0.9999999999999999,1.0,0.25,4.0,1.0,0.75
56676,DDOS attack-LOIC-UDP,DDOS attack-LOIC-UDP,0.5,2.0,0.9999999999999999,1.0,0.25,2.0,0.9999999999999999,1.0,0.25,4.0,0.7999999999999999,0.75
57732,DoS attacks-Hulk,DoS attacks-Hulk,0.2,1.0,,1.0,0.25,2.0,0.9999999999999999,1.0,0.25,4.0,0.19999999999999998,1.0
58379,DDOS attack-LOIC-UDP,DDOS attack-LOIC-UDP,0.5,2.0,0.9999999999999999,1.0,0.25,2.0,0.9999999999999999,1.0,0.25,4.0,0.7999999999999999,0.75
58671,DoS attacks-SlowHTTPTest,DoS attacks-SlowHTTPTest,0.2,1.0,,1.0,0.1111111111111111,1.0,,1.0,0.25,4.0,0.39999999999999997,0.75
58919,DDoS attacks-LOIC-HTTP,DDoS attacks-LOIC-HTTP,0.2,1.0,,1.0,0.42857142857142855,3.0,-0.5,1.0,0.42857142857142855,6.0,0.48571428571428577,1.0
59163,Bot,Bot,0.5,2.0,0.9999999999999999,1.0,0.25,2.0,0.9999999999999999,1.0,0.25,4.0,0.7999999999999999,1.0
59383,DoS attacks-Hulk,DoS attacks-Hulk,0.2,1.0,,1.0,0.1111111111111111,1.0,,1.0,0.1111111111111111,2.0,0.9999999999999999,1.0
59801,DoS attacks-GoldenEye,DoS attacks-GoldenEye,0.2,1.0,,1.0,0.1111111111111111,1.0,,1.0,0.1111111111111111,2.0,0.9999999999999999,1.0
60055,Bot,Bot,0.5,2.0,0.9999999999999999,1.0,0.25,2.0,0.9999999999999999,1.0,0.25,4.0,0.7999999999999999,0.75
60176,Benign,Benign,0.0,0.0,,,0.1111111111111111,1.0,,1.0,0.17647058823529413,3.0,1.0,1.0
62344,DoS attacks-Slowloris,DoS attacks-Slowloris,0.2,1.0,,1.0,0.1111111111111111,1.0,,1.0,0.17647058823529413,3.0,1.0,1.0
62513,Benign,Benign,0.0,0.0,,,0.1111111111111111,1.0,,1.0,0.17647058823529413,3.0,1.0,1.0
62563,DoS attacks-SlowHTTPTest,DoS attacks-SlowHTTPTest,0.2,1.0,,1.0,0.25,2.0,0.9999999999999999,1.0,0.42857142857142855,6.0,0.6,0.6666666666666666
62914,DDoS attacks-LOIC-HTTP,DDoS attacks-LOIC-HTTP,0.5,2.0,-0.9999999999999999,0.5,0.25,2.0,-0.9999999999999999,0.5,0.25,4.0,-0.39999999999999997,0.75
63175,DoS attacks-Slowloris,DoS attacks-Slowloris,0.2,1.0,,1.0,0.42857142857142855,3.0,0.5,1.0,0.25,4.0,0.7999999999999999,1.0
63228,Brute Force -Web,Brute Force -Web,0.5,2.0,0.9999999999999999,1.0,0.42857142857142855,3.0,1.0,1.0,0.17647058823529413,3.0,1.0,1.0
63427,Infilteration,Infilteration,0.0,0.0,,,0.0,0.0,,,0.17647058823529413,3.0,-1.0,0.6666666666666666
64159,DDoS attacks-LOIC-HTTP,DDoS attacks-LOIC-HTTP,0.2,1.0,,1.0,0.25,2.0,-0.9999999999999999,1.0,0.25,4.0,-0.7999999999999999,0.75
64517,Benign,Benign,0.0,0.0,,,0.1111111111111111,1.0,,1.0,0.3333333333333333,5.0,0.3,1.0
65664,SSH-Bruteforce,SSH-Bruteforce,0.2,1.0,,1.0,0.25,2.0,0.9999999999999999,1.0,0.3333333333333333,5.0,0.7,1.0
65934,Benign,Benign,0.0,0.0,,,0.1111111111111111,1.0,,1.0,0.25,4.0,1.0,1.0
66409,DoS attacks-Slowloris,DoS attacks-Slowloris,0.0,0.0,,,0.25,2.0,-0.9999999999999999,1.0,0.25,4.0,-0.6000000000000001,0.75
66907,DoS attacks-SlowHTTPTest,DoS attacks-SlowHTTPTest,0.5,2.0,0.9999999999999999,1.0,0.25,2.0,0.9999999999999999,1.0,0.42857142857142855,6.0,0.5428571428571429,0.8333333333333334
67232,Bot,Bot,0.5,2.0,0.9999999999999999,1.0,0.25,2.0,0.9999999999999999,1.0,0.25,4.0,0.7999999999999999,0.75
68038,Benign,Benign,0.0,0.0,,,0.1111111111111111,1.0,,1.0,0.25,4.0,0.7999999999999999,1.0
68188,DoS attacks-Slowloris,DoS attacks-Slowloris,0.2,1.0,,1.0,0.42857142857142855,3.0,0.5,1.0,0.25,4.0,0.19999999999999998,1.0
68297,FTP-BruteForce,FTP-BruteForce,0.2,1.0,,1.0,0.1111111111111111,1.0,,1.0,0.25,4.0,0.7999999999999999,0.5
68427,Brute Force -Web,Brute Force -Web,0.0,0.0,,,0.1111111111111111,1.0,,1.0,0.25,4.0,0.19999999999999998,0.75
68660,SSH-Bruteforce,SSH-Bruteforce,0.5,2.0,0.9999999999999999,1.0,0.42857142857142855,3.0,0.5,1.0,0.17647058823529413,3.0,0.5,1.0
68799,SQL Injection,SQL Injection,0.0,0.0,,,0.0,0.0,,,0.05263157894736842,1.0,,1.0
68800,DDoS attacks-LOIC-HTTP,DDoS attacks-LOIC-HTTP,0.5,2.0,-0.9999999999999999,0.5,0.25,2.0,-0.9999999999999999,0.5,0.3333333333333333,5.0,-0.3,0.6
69550,SSH-Bruteforce,SSH-Bruteforce,0.5,2.0,0.9999999999999999,1.0,0.42857142857142855,3.0,0.5,1.0,0.42857142857142855,6.0,0.7714285714285715,1.0
70901,DoS attacks-SlowHTTPTest,DoS attacks-SlowHTTPTest,0.2,1.0,,1.0,0.1111111111111111,1.0,,1.0,0.25,4.0,0.7999999999999999,0.5
71262,Infilteration,Infilteration,0.0,0.0,,,0.0,0.0,,,0.05263157894736842,1.0,,0.0
71888,SSH-Bruteforce,SSH-Bruteforce,0.5,2.0,0.9999999999999999,1.0,0.42857142857142855,3.0,0.5,1.0,0.17647058823529413,3.0,0.5,1.0
72438,DoS attacks-Hulk,DoS attacks-Hulk,0.2,1.0,,1.0,0.1111111111111111,1.0,,1.0,0.17647058823529413,3.0,0.5,1.0
72472,SSH-Bruteforce,SSH-Bruteforce,0.2,1.0,,1.0,0.42857142857142855,3.0,0.5,1.0,0.25,4.0,0.7999999999999999,1.0
73380,DDOS attack-HOIC,DDOS attack-HOIC,0.5,2.0,0.9999999999999999,1.0,0.25,2.0,0.9999999999999999,1.0,0.17647058823529413,3.0,1.0,1.0
73552,Bot,Bot,0.5,2.0,0.9999999999999999,1.0,0.25,2.0,0.9999999999999999,1.0,0.17647058823529413,3.0,1.0,1.0
73653,DoS attacks-GoldenEye,DoS attacks-GoldenEye,0.5,2.0,0.9999999999999999,1.0,0.25,2.0,0.9999999999999999,1.0,0.17647058823529413,3.0,1.0,1.0
74001,DoS attacks-SlowHTTPTest,DoS attacks-SlowHTTPTest,0.2,1.0,,1.0,0.1111111111111111,1.0,,1.0,0.42857142857142855,6.0,0.48571428571428577,0.6666666666666666
74167,DDOS attack-LOIC-UDP,DDOS attack-LOIC-UDP,0.5,2.0,0.9999999999999999,1.0,0.42857142857142855,3.0,1.0,0.6666666666666666,0.25,4.0,0.7999999999999999,0.75
74320,SSH-Bruteforce,SSH-Bruteforce,0.2,1.0,,1.0,0.42857142857142855,3.0,0.5,1.0,0.42857142857142855,6.0,0.8285714285714287,1.0
74683,Infilteration,Infilteration,0.0,0.0,,,0.0,0.0,,,0.1111111111111111,2.0,0.9999999999999999,0.5
75432,Infilteration,Infilteration,0.0,0.0,,,0.0,0.0,,,0.17647058823529413,3.0,-0.5,0.3333333333333333
75851,Infilteration,Infilteration,0.0,0.0,,,0.0,0.0,,,0.17647058823529413,3.0,0.5,0.3333333333333333
75866,DoS attacks-SlowHTTPTest,DoS attacks-SlowHTTPTest,0.2,1.0,,1.0,0.1111111111111111,1.0,,1.0,0.42857142857142855,6.0,0.3714285714285715,0.6666666666666666
75973,DDOS attack-HOIC,DDOS attack-HOIC,0.5,2.0,0.9999999999999999,1.0,0.42857142857142855,3.0,1.0,1.0,0.42857142857142855,6.0,0.6571428571428573,0.6666666666666666
76270,DDOS attack-LOIC-UDP,DDOS attack-LOIC-UDP,0.5,2.0,0.9999999999999999,1.0,0.25,2.0,0.9999999999999999,1.0,0.25,4.0,0.7999999999999999,0.75
76734,DDOS attack-LOIC-UDP,DDOS attack-LOIC-UDP,0.5,2.0,0.9999999999999999,1.0,0.25,2.0,0.9999999999999999,1.0,0.17647058823529413,3.0,1.0,1.0
77046,Bot,Bot,0.5,2.0,0.9999999999999999,1.0,0.42857142857142855,3.0,1.0,0.6666666666666666,0.42857142857142855,6.0,0.3142857142857143,0.6666666666666666
77465,Bot,Bot,0.5,2.0,0.9999999999999999,1.0,0.25,2.0,0.9999999999999999,1.0,0.25,4.0,1.0,0.5
77772,DoS attacks-Slowloris,DoS attacks-Slowloris,0.2,1.0,,1.0,0.1111111111111111,1.0,,1.0,0.17647058823529413,3.0,1.0,0.3333333333333333
77857,Infilteration,Infilteration,0.2,1.0,,1.0,0.1111111111111111,1.0,,1.0,0.17647058823529413,3.0,0.5,1.0
78135,DoS attacks-Slowloris,DoS attacks-Slowloris,0.2,1.0,,1.0,0.1111111111111111,1.0,,1.0,0.3333333333333333,5.0,0.6,1.0
78923,SSH-Bruteforce,SSH-Bruteforce,0.5,2.0,0.9999999999999999,1.0,0.6666666666666666,4.0,0.19999999999999998,1.0,0.3333333333333333,5.0,0.6,1.0
78982,DDOS attack-HOIC,DDOS attack-HOIC,0.5,2.0,0.9999999999999999,1.0,0.25,2.0,0.9999999999999999,1.0,0.25,4.0,1.0,0.5
80115,DDOS attack-HOIC,DDOS attack-HOIC,0.5,2.0,0.9999999999999999,1.0,0.25,2.0,0.9999999999999999,1.0,0.17647058823529413,3.0,1.0,1.0
80241,DoS attacks-Hulk,DoS attacks-Hulk,0.2,1.0,,1.0,0.1111111111111111,1.0,,1.0,0.1111111111111111,2.0,0.9999999999999999,1.0
80897,DoS attacks-SlowHTTPTest,DoS attacks-SlowHTTPTest,0.2,1.0,,1.0,0.1111111111111111,1.0,,1.0,0.42857142857142855,6.0,0.2571428571428572,1.0
82474,DoS attacks-SlowHTTPTest,DoS attacks-SlowHTTPTest,0.2,1.0,,1.0,0.1111111111111111,1.0,,1.0,0.42857142857142855,6.0,0.3714285714285715,0.8333333333333334
82620,DDOS attack-HOIC,DDOS attack-HOIC,0.5,2.0,0.9999999999999999,1.0,0.25,2.0,0.9999999999999999,1.0,0.25,4.0,1.0,0.75
83260,DDoS attacks-LOIC-HTTP,DDoS attacks-LOIC-HTTP,0.5,2.0,-0.9999999999999999,1.0,0.25,2.0,-0.9999999999999999,1.0,0.3333333333333333,5.0,0.6,1.0
83465,DoS attacks-Hulk,DoS attacks-Hulk,0.2,1.0,,1.0,0.25,2.0,0.9999999999999999,1.0,0.25,4.0,1.0,1.0
83550,SSH-Bruteforce,SSH-Bruteforce,0.5,2.0,0.9999999999999999,1.0,0.42857142857142855,3.0,0.5,1.0,0.25,4.0,0.7999999999999999,1.0
84105,DoS attacks-GoldenEye,DoS attacks-GoldenEye,0.2,1.0,,1.0,0.1111111111111111,1.0,,1.0,0.17647058823529413,3.0,1.0,1.0
85230,Bot,Bot,0.5,2.0,0.9999999999999999,1.0,0.25,2.0,0.9999999999999999,1.0,0.1111111111111111,2.0,0.9999999999999999,1.0
85527,DoS attacks-SlowHTTPTest,DoS attacks-SlowHTTPTest,0.2,1.0,,1.0,0.25,2.0,0.9999999999999999,1.0,0.17647058823529413,3.0,1.0,1.0
85863,DoS attacks-Slowloris,DoS attacks-Slowloris,0.2,1.0,,1.0,0.1111111111111111,1.0,,1.0,0.17647058823529413,3.0,1.0,0.3333333333333333
86164,Brute Force -Web,Brute Force -Web,0.2,1.0,,1.0,0.25,2.0,0.9999999999999999,1.0,0.42857142857142855,6.0,-0.2,1.0
86768,DDOS attack-LOIC-UDP,DDOS attack-LOIC-UDP,0.2,1.0,,1.0,0.25,2.0,0.9999999999999999,1.0,0.25,4.0,1.0,0.75
88694,DoS attacks-SlowHTTPTest,DoS attacks-SlowHTTPTest,0.2,1.0,,1.0,0.25,2.0,0.9999999999999999,1.0,0.25,4.0,1.0,0.75
88764,SSH-Bruteforce,SSH-Bruteforce,0.5,2.0,0.9999999999999999,1.0,0.42857142857142855,3.0,-0.5,1.0,0.3333333333333333,5.0,0.6,1.0
88816,Brute Force -Web,Brute Force -Web,0.0,0.0,,,0.42857142857142855,3.0,-1.0,1.0,0.42857142857142855,6.0,0.08571428571428573,1.0
89190,Infilteration,Infilteration,0.0,0.0,,,0.0,0.0,,,0.1111111111111111,2.0,0.9999999999999999,0.5
89606,Benign,Benign,0.0,0.0,,,0.0,0.0,,,0.17647058823529413,3.0,-0.5,0.6666666666666666
90062,DDOS attack-LOIC-UDP,DDOS attack-LOIC-UDP,0.5,2.0,0.9999999999999999,1.0,0.25,2.0,0.9999999999999999,1.0,0.25,4.0,0.7999999999999999,0.75
90165,DoS attacks-Slowloris,DoS attacks-Slowloris,0.2,1.0,,1.0,0.25,2.0,0.9999999999999999,1.0,0.25,4.0,1.0,1.0
90525,DDoS attacks-LOIC-HTTP,DDoS attacks-LOIC-HTTP,0.5,2.0,0.9999999999999999,0.5,0.6666666666666666,4.0,-0.19999999999999998,0.75,0.3333333333333333,5.0,0.19999999999999998,0.8
90855,Benign,Benign,0.0,0.0,,,0.25,2.0,-0.9999999999999999,0.5,0.42857142857142855,6.0,-0.7142857142857143,0.6666666666666666
91374,SSH-Bruteforce,SSH-Bruteforce,0.5,2.0,0.9999999999999999,1.0,0.6666666666666666,4.0,0.39999999999999997,1.0,0.3333333333333333,5.0,0.7,1.0
91411,DDOS attack-LOIC-UDP,DDOS attack-LOIC-UDP,0.5,2.0,0.9999999999999999,1.0,0.25,2.0,0.9999999999999999,1.0,0.25,4.0,0.7999999999999999,0.75
92086,FTP-BruteForce,FTP-BruteForce,0.2,1.0,,1.0,0.25,2.0,0.9999999999999999,1.0,0.5384615384615384,7.0,0.21428571428571433,0.7142857142857143
92264,Brute Force -Web,Brute Force -Web,1.0,3.0,1.0,1.0,0.6666666666666666,4.0,1.0,1.0,0.3333333333333333,5.0,0.8999999999999998,1.0
93779,DDoS attacks-LOIC-HTTP,DDoS attacks-LOIC-HTTP,0.0,0.0,,,0.1111111111111111,1.0,,1.0,0.25,4.0,-0.6000000000000001,1.0
94050,Infilteration,Infilteration,0.0,0.0,,,0.0,0.0,,,0.25,4.0,-0.19999999999999998,0.25
94524,DoS attacks-Hulk,DoS attacks-Hulk,0.2,1.0,,1.0,0.1111111111111111,1.0,,1.0,0.17647058823529413,3.0,0.5,1.0
95197,DDOS attack-LOIC-UDP,DDOS attack-LOIC-UDP,0.5,2.0,0.9999999999999999,1.0,0.42857142857142855,3.0,1.0,1.0,0.25,4.0,1.0,0.75
95283,Infilteration,Infilteration,0.0,0.0,,,0.0,0.0,,,0.1111111111111111,2.0,-0.9999999999999999,0.5
95359,DoS attacks-SlowHTTPTest,DoS attacks-SlowHTTPTest,0.2,1.0,,1.0,0.1111111111111111,1.0,,1.0,0.5384615384615384,7.0,0.42857142857142866,0.7142857142857143
96211,DoS attacks-Hulk,DoS attacks-Hulk,0.2,1.0,,1.0,0.1111111111111111,1.0,,1.0,0.1111111111111111,2.0,0.9999999999999999,1.0
97722,Benign,Benign,0.0,0.0,,,0.1111111111111111,1.0,,1.0,0.1111111111111111,2.0,0.9999999999999999,0.5
97875,SSH-Bruteforce,SSH-Bruteforce,0.5,2.0,0.9999999999999999,1.0,0.6666666666666666,4.0,0.7999999999999999,1.0,0.3333333333333333,5.0,0.8999999999999998,1.0
99049,DoS attacks-SlowHTTPTest,DoS attacks-SlowHTTPTest,0.2,1.0,,1.0,0.25,2.0,0.9999999999999999,1.0,0.5384615384615384,7.0,0.28571428571428575,0.8571428571428571
99470,DoS attacks-Slowloris,DoS attacks-Slowloris,0.2,1.0,,1.0,0.25,2.0,0.9999999999999999,1.0,0.3333333333333333,5.0,0.9999999999999999,1.0
99643,Bot,Bot,0.5,2.0,0.9999999999999999,1.0,0.25,2.0,0.9999999999999999,1.0,0.25,4.0,1.0,0.75
99717,DDOS attack-LOIC-UDP,DDOS attack-LOIC-UDP,0.5,2.0,0.9999999999999999,1.0,0.42857142857142855,3.0,1.0,1.0,0.17647058823529413,3.0,1.0,1.0
99875,Bot,Bot,0.5,2.0,0.9999999999999999,1.0,0.25,2.0,0.9999999999999999,1.0,0.1111111111111111,2.0,0.9999999999999999,1.0
99932,DDOS attack-HOIC,DDOS attack-HOIC,0.5,2.0,0.9999999999999999,1.0,0.42857142857142855,3.0,1.0,1.0,0.25,4.0,1.0,0.75
100291,DDOS attack-LOIC-UDP,DDOS attack-LOIC-UDP,0.5,2.0,0.9999999999999999,1.0,0.42857142857142855,3.0,1.0,1.0,0.25,4.0,1.0,0.75
100422,Bot,Bot,0.5,2.0,0.9999999999999999,1.0,0.25,2.0,0.9999999999999999,1.0,0.3333333333333333,5.0,0.3,0.8
100769,Brute Force -Web,Brute Force -Web,0.2,1.0,,1.0,0.25,2.0,-0.9999999999999999,1.0,0.17647058823529413,3.0,0.5,1.0
101190,DoS attacks-GoldenEye,DoS attacks-GoldenEye,0.5,2.0,0.9999999999999999,1.0,0.25,2.0,0.9999999999999999,1.0,0.17647058823529413,3.0,1.0,1.0
101541,DDoS attacks-LOIC-HTTP,DDoS attacks-LOIC-HTTP,0.0,0.0,,,0.25,2.0,0.9999999999999999,0.0,0.17647058823529413,3.0,-0.5,0.3333333333333333
101801,DDOS attack-HOIC,DDOS attack-HOIC,0.5,2.0,0.9999999999999999,1.0,0.42857142857142855,3.0,1.0,1.0,0.3333333333333333,5.0,0.7,0.6
102592,Bot,Bot,0.5,2.0,0.9999999999999999,1.0,0.25,2.0,0.9999999999999999,1.0,0.1111111111111111,2.0,0.9999999999999999,1.0
102666,FTP-BruteForce,FTP-BruteForce,0.2,1.0,,1.0,0.42857142857142855,3.0,1.0,0.6666666666666666,0.3333333333333333,5.0,0.3,0.8
103742,Brute Force -Web,Brute Force -Web,0.0,0.0,,,0.1111111111111111,1.0,,1.0,0.3333333333333333,5.0,-0.6,1.0
104000,DDoS attacks-LOIC-HTTP,DDoS attacks-LOIC-HTTP,0.2,1.0,,1.0,0.25,2.0,-0.9999999999999999,0.5,0.25,4.0,-0.19999999999999998,0.75
105697,SSH-Bruteforce,SSH-Bruteforce,0.5,2.0,0.9999999999999999,1.0,0.6666666666666666,4.0,0.7999999999999999,1.0,0.3333333333333333,5.0,0.49999999999999994,1.0
105893,Infilteration,Infilteration,0.0,0.0,,,0.0,0.0,,,0.1111111111111111,2.0,-0.9999999999999999,0.5
106760,DDOS attack-LOIC-UDP,DDOS attack-LOIC-UDP,0.5,2.0,0.9999999999999999,1.0,0.25,2.0,0.9999999999999999,1.0,0.25,4.0,1.0,0.75
107145,DDOS attack-HOIC,DDOS attack-HOIC,0.5,2.0,0.9999999999999999,1.0,0.25,2.0,0.9999999999999999,1.0,0.25,4.0,0.7999999999999999,0.75
107291,Bot,Bot,0.5,2.0,-0.9999999999999999,1.0,0.25,2.0,-0.9999999999999999,1.0,0.17647058823529413,3.0,0.5,1.0
107641,DDoS attacks-LOIC-HTTP,DDoS attacks-LOIC-HTTP,0.2,1.0,,1.0,0.42857142857142855,3.0,0.5,1.0,0.3333333333333333,5.0,0.7,1.0
107809,Infilteration,Infilteration,0.0,0.0,,,0.1111111111111111,1.0,,0.0,0.25,4.0,-0.39999999999999997,0.5
107842,Benign,Benign,0.0,0.0,,,0.0,0.0,,,0.17647058823529413,3.0,1.0,1.0
108443,SSH-Bruteforce,SSH-Bruteforce,0.5,2.0,0.9999999999999999,1.0,0.6666666666666666,4.0,0.19999999999999998,1.0,0.3333333333333333,5.0,0.6,1.0
108720,Brute Force -XSS,Brute Force -XSS,0.5,2.0,0.9999999999999999,1.0,0.25,2.0,0.9999999999999999,1.0,0.42857142857142855,6.0,0.3714285714285715,1.0
108736,DDOS attack-HOIC,DDOS attack-HOIC,0.5,2.0,0.9999999999999999,1.0,0.25,2.0,0.9999999999999999,1.0,0.25,4.0,1.0,1.0
108787,DDoS attacks-LOIC-HTTP,DDoS attacks-LOIC-HTTP,0.5,2.0,-0.9999999999999999,0.5,0.42857142857142855,3.0,-0.5,0.3333333333333333,0.3333333333333333,5.0,-0.39999999999999997,0.6
109595,DoS attacks-Hulk,DoS attacks-Hulk,0.2,1.0,,1.0,0.1111111111111111,1.0,,1.0,0.17647058823529413,3.0,0.5,1.0
110687,FTP-BruteForce,FTP-BruteForce,0.2,1.0,,1.0,0.1111111111111111,1.0,,1.0,0.3333333333333333,5.0,0.7,0.4
110737,DDoS attacks-LOIC-HTTP,DDoS attacks-LOIC-HTTP,0.5,2.0,-0.9999999999999999,1.0,0.6666666666666666,4.0,0.7999999999999999,1.0,0.3333333333333333,5.0,0.8999999999999998,1.0
111208,FTP-BruteForce,FTP-BruteForce,0.2,1.0,,1.0,0.1111111111111111,1.0,,1.0,0.25,4.0,0.7999999999999999,0.75
112107,FTP-BruteForce,FTP-BruteForce,0.2,1.0,,1.0,0.1111111111111111,1.0,,1.0,0.5384615384615384,7.0,0.6785714285714287,0.5714285714285714
112373,Benign,Benign,0.0,0.0,,,0.25,2.0,0.9999999999999999,1.0,0.25,4.0,1.0,1.0
113497,Infilteration,Infilteration,0.0,0.0,,,0.0,0.0,,,0.1111111111111111,2.0,-0.9999999999999999,0.5
113592,Bot,Bot,0.5,2.0,0.9999999999999999,1.0,0.25,2.0,0.9999999999999999,1.0,0.17647058823529413,3.0,1.0,0.6666666666666666
114470,DoS attacks-Slowloris,DoS attacks-Slowloris,0.2,1.0,,1.0,0.1111111111111111,1.0,,1.0,0.17647058823529413,3.0,1.0,0.3333333333333333
114522,SSH-Bruteforce,SSH-Bruteforce,0.2,1.0,,1.0,0.42857142857142855,3.0,0.5,1.0,0.25,4.0,0.7999999999999999,1.0
115506,Benign,Benign,0.0,0.0,,,0.1111111111111111,1.0,,1.0,0.17647058823529413,3.0,-0.5,1.0
115573,DDOS attack-HOIC,DDOS attack-HOIC,0.5,2.0,0.9999999999999999,1.0,0.42857142857142855,3.0,1.0,1.0,0.3333333333333333,5.0,0.9999999999999999,0.8
117779,SSH-Bruteforce,SSH-Bruteforce,0.2,1.0,,1.0,0.42857142857142855,3.0,0.5,1.0,0.42857142857142855,6.0,0.5428571428571429,1.0
118870,DoS attacks-GoldenEye,DoS attacks-GoldenEye,0.5,2.0,0.9999999999999999,1.0,0.42857142857142855,3.0,1.0,1.0,0.25,4.0,1.0,1.0
119445,Bot,Bot,0.5,2.0,0.9999999999999999,1.0,0.25,2.0,0.9999999999999999,1.0,0.1111111111111111,2.0,0.9999999999999999,1.0
119755,DoS attacks-Slowloris,DoS attacks-Slowloris,0.2,1.0,,1.0,0.1111111111111111,1.0,,1.0,0.17647058823529413,3.0,1.0,0.3333333333333333
120459,SSH-Bruteforce,SSH-Bruteforce,0.2,1.0,,1.0,0.42857142857142855,3.0,0.5,1.0,0.42857142857142855,6.0,0.8285714285714287,1.0
120958,DDoS attacks-LOIC-HTTP,DDoS attacks-LOIC-HTTP,0.5,2.0,-0.9999999999999999,0.5,0.25,2.0,-0.9999999999999999,0.5,0.3333333333333333,5.0,-0.3,0.6
122230,DDOS attack-HOIC,DDOS attack-HOIC,0.5,2.0,0.9999999999999999,1.0,0.42857142857142855,3.0,1.0,1.0,0.25,4.0,0.7999999999999999,0.75
122374,DoS attacks-GoldenEye,DoS attacks-GoldenEye,0.5,2.0,0.9999999999999999,1.0,0.25,2.0,0.9999999999999999,1.0,0.17647058823529413,3.0,1.0,1.0
122689,Bot,Bot,0.5,2.0,0.9999999999999999,1.0,0.25,2.0,0.9999999999999999,1.0,0.25,4.0,0.7999999999999999,1.0
122917,Infilteration,Infilteration,0.0,0.0,,,0.1111111111111111,1.0,,0.0,0.17647058823529413,3.0,-1.0,0.6666666666666666
123147,DoS attacks-Slowloris,DoS attacks-Slowloris,0.2,1.0,,1.0,0.25,2.0,0.9999999999999999,1.0,0.17647058823529413,3.0,1.0,1.0
124779,DoS attacks-Hulk,DoS attacks-Hulk,0.2,1.0,,1.0,0.25,2.0,0.9999999999999999,1.0,0.17647058823529413,3.0,0.5,1.0
125202,DDOS attack-LOIC-UDP,DDOS attack-LOIC-UDP,0.5,2.0,0.9999999999999999,1.0,0.25,2.0,0.9999999999999999,1.0,0.25,4.0,1.0,0.75
125435,Infilteration,Infilteration,0.0,0.0,,,0.1111111111111111,1.0,,0.0,0.17647058823529413,3.0,-1.0,0.3333333333333333
126122,Bot,Bot,0.5,2.0,0.9999999999999999,1.0,0.25,2.0,0.9999999999999999,1.0,0.17647058823529413,3.0,1.0,0.6666666666666666
126434,DoS attacks-Slowloris,DoS attacks-Slowloris,0.2,1.0,,1.0,0.1111111111111111,1.0,,1.0,0.25,4.0,0.39999999999999997,0.5
126779,DoS attacks-SlowHTTPTest,DoS attacks-SlowHTTPTest,0.2,1.0,,1.0,0.25,2.0,0.9999999999999999,0.5,0.3333333333333333,5.0,0.09999999999999999,0.8
127065,DDOS attack-HOIC,DDOS attack-HOIC,0.5,2.0,0.9999999999999999,1.0,0.25,2.0,0.9999999999999999,1.0,0.17647058823529413,3.0,1.0,1.0
127729,Benign,Benign,0.0,0.0,,,0.0,0.0,,,0.17647058823529413,3.0,-0.5,1.0
127859,DDoS attacks-LOIC-HTTP,DDoS attacks-LOIC-HTTP,0.2,1.0,,1.0,0.25,2.0,-0.9999999999999999,0.5,0.25,4.0,-0.39999999999999997,0.5
130273,DoS attacks-GoldenEye,DoS attacks-GoldenEye,0.2,1.0,,1.0,0.25,2.0,0.9999999999999999,1.0,0.25,4.0,1.0,1.0
130623,FTP-BruteForce,FTP-BruteForce,0.2,1.0,,1.0,0.25,2.0,0.9999999999999999,0.5,0.42857142857142855,6.0,0.5428571428571429,0.6666666666666666
130802,DoS attacks-Hulk,DoS attacks-Hulk,0.2,1.0,,1.0,0.1111111111111111,1.0,,1.0,0.17647058823529413,3.0,0.5,1.0
131309,DoS attacks-GoldenEye,DoS attacks-GoldenEye,0.2,1.0,,1.0,0.42857142857142855,3.0,1.0,1.0,0.25,4.0,1.0,1.0
131354,DoS attacks-GoldenEye,DoS attacks-GoldenEye,0.5,2.0,0.9999999999999999,1.0,0.25,2.0,0.9999999999999999,1.0,0.17647058823529413,3.0,1.0,1.0
131483,DoS attacks-Hulk,DoS attacks-Hulk,0.5,2.0,0.9999999999999999,1.0,0.25,2.0,0.9999999999999999,1.0,0.25,4.0,1.0,1.0
131694,SSH-Bruteforce,SSH-Bruteforce,0.2,1.0,,1.0,0.25,2.0,0.9999999999999999,1.0,0.3333333333333333,5.0,0.09999999999999999,1.0
131703,Brute Force -XSS,Brute Force -XSS,0.0,0.0,,,0.1111111111111111,1.0,,1.0,0.3333333333333333,5.0,0.3,1.0
131987,Bot,Bot,0.5,2.0,0.9999999999999999,1.0,0.25,2.0,0.9999999999999999,1.0,0.17647058823529413,3.0,1.0,1.0
132419,Infilteration,Infilteration,0.0,0.0,,,0.0,0.0,,,0.17647058823529413,3.0,-1.0,0.3333333333333333
132588,Benign,Benign,0.0,0.0,,,0.0,0.0,,,0.17647058823529413,3.0,1.0,1.0
133135,DDOS attack-LOIC-UDP,DDOS attack-LOIC-UDP,0.5,2.0,0.9999999999999999,1.0,0.25,2.0,0.9999999999999999,1.0,0.25,4.0,1.0,0.75
134567,SSH-Bruteforce,SSH-Bruteforce,0.5,2.0,0.9999999999999999,1.0,0.6666666666666666,4.0,0.7999999999999999,1.0,0.3333333333333333,5.0,0.8999999999999998,1.0
134697,DDoS attacks-LOIC-HTTP,DDoS attacks-LOIC-HTTP,0.0,0.0,,,0.1111111111111111,1.0,,1.0,0.3333333333333333,5.0,0.49999999999999994,1.0
134949,DDOS attack-HOIC,DDOS attack-HOIC,0.5,2.0,0.9999999999999999,1.0,0.25,2.0,0.9999999999999999,1.0,0.17647058823529413,3.0,1.0,1.0
135113,FTP-BruteForce,FTP-BruteForce,0.2,1.0,,1.0,0.1111111111111111,1.0,,1.0,0.25,4.0,0.7999999999999999,0.75
136157,Benign,Benign,0.0,0.0,,,0.1111111111111111,1.0,,1.0,0.25,4.0,1.0,1.0
136518,DDOS attack-HOIC,DDOS attack-HOIC,0.5,2.0,0.9999999999999999,1.0,0.42857142857142855,3.0,1.0,1.0,0.42857142857142855,6.0,0.8285714285714287,0.6666666666666666
138222,DDOS attack-LOIC-UDP,DDOS attack-LOIC-UDP,0.5,2.0,0.9999999999999999,1.0,0.6666666666666666,4.0,0.19999999999999998,0.75,0.25,4.0,0.19999999999999998,0.75
138879,SSH-Bruteforce,SSH-Bruteforce,0.2,1.0,,1.0,0.25,2.0,0.9999999999999999,1.0,0.42857142857142855,6.0,0.14285714285714288,1.0
139835,SSH-Bruteforce,SSH-Bruteforce,0.2,1.0,,1.0,0.42857142857142855,3.0,0.5,1.0,0.25,4.0,0.39999999999999997,1.0
139948,DoS attacks-SlowHTTPTest,DoS attacks-SlowHTTPTest,0.2,1.0,,1.0,0.1111111111111111,1.0,,1.0,0.3333333333333333,5.0,0.3,0.8
141029,Benign,Benign,0.0,0.0,,,0.1111111111111111,1.0,,1.0,0.3333333333333333,5.0,-0.6,0.6
141187,DoS attacks-Hulk,DoS attacks-Hulk,0.2,1.0,,1.0,0.25,2.0,0.9999999999999999,1.0,0.25,4.0,0.7999999999999999,1.0
143637,DDOS attack-LOIC-UDP,DDOS attack-LOIC-UDP,0.5,2.0,0.9999999999999999,1.0,0.42857142857142855,3.0,1.0,1.0,0.25,4.0,1.0,0.75
143640,SSH-Bruteforce,SSH-Bruteforce,0.5,2.0,0.9999999999999999,1.0,0.42857142857142855,3.0,0.5,1.0,0.25,4.0,0.39999999999999997,1.0
144138,SSH-Bruteforce,SSH-Bruteforce,0.2,1.0,,1.0,0.42857142857142855,3.0,0.5,1.0,0.3333333333333333,5.0,0.49999999999999994,1.0
145319,DoS attacks-SlowHTTPTest,DoS attacks-SlowHTTPTest,0.5,2.0,0.9999999999999999,1.0,0.42857142857142855,3.0,1.0,1.0,0.5384615384615384,7.0,0.1785714285714286,1.0
145835,SSH-Bruteforce,SSH-Bruteforce,0.5,2.0,0.9999999999999999,1.0,1.0,5.0,0.7,1.0,0.3333333333333333,5.0,0.7,1.0
146369,SSH-Bruteforce,SSH-Bruteforce,0.2,1.0,,1.0,0.42857142857142855,3.0,0.5,1.0,0.25,4.0,0.7999999999999999,1.0
147870,Brute Force -Web,Brute Force -Web,0.0,0.0,,,0.25,2.0,-0.9999999999999999,1.0,0.25,4.0,0.0,1.0
148087,DoS attacks-Slowloris,DoS attacks-Slowloris,0.2,1.0,,1.0,0.1111111111111111,1.0,,1.0,0.3333333333333333,5.0,0.3,0.6
148681,Infilteration,Infilteration,0.0,0.0,,,0.0,0.0,,,0.17647058823529413,3.0,-0.5,0.6666666666666666
149080,Brute Force -Web,Brute Force -Web,0.2,1.0,,1.0,0.1111111111111111,1.0,,1.0,0.05263157894736842,1.0,,1.0
149439,Infilteration,Infilteration,0.0,0.0,,,0.0,0.0,,,0.05263157894736842,1.0,,0.0
149794,Brute Force -Web,Brute Force -Web,0.0,0.0,,,0.1111111111111111,1.0,,1.0,0.25,4.0,0.39999999999999997,1.0
150228,DoS attacks-Slowloris,DoS attacks-Slowloris,0.2,1.0,,1.0,0.25,2.0,0.9999999999999999,1.0,0.25,4.0,1.0,1.0
150662,DoS attacks-SlowHTTPTest,DoS attacks-SlowHTTPTest,0.2,1.0,,1.0,0.1111111111111111,1.0,,1.0,0.5384615384615384,7.0,0.0,0.7142857142857143
151112,DoS attacks-Hulk,DoS attacks-Hulk,0.2,1.0,,1.0,0.1111111111111111,1.0,,1.0,0.17647058823529413,3.0,0.5,1.0
151752,DDoS attacks-LOIC-HTTP,DDoS attacks-LOIC-HTTP,0.2,1.0,,1.0,0.42857142857142855,3.0,-0.5,1.0,0.25,4.0,0.0,1.0
152193,DoS attacks-Slowloris,DoS attacks-Slowloris,0.2,1.0,,1.0,0.1111111111111111,1.0,,1.0,0.3333333333333333,5.0,0.19999999999999998,0.6
152673,DDoS attacks-LOIC-HTTP,DDoS attacks-LOIC-HTTP,0.5,2.0,0.9999999999999999,1.0,0.42857142857142855,3.0,1.0,1.0,0.25,4.0,0.7999999999999999,1.0
152742,FTP-BruteForce,FTP-BruteForce,0.2,1.0,,1.0,0.1111111111111111,1.0,,1.0,0.3333333333333333,5.0,0.7,0.6
153141,FTP-BruteForce,FTP-BruteForce,0.2,1.0,,1.0,0.1111111111111111,1.0,,1.0,0.3333333333333333,5.0,0.3,0.8
153878,DoS attacks-Hulk,DoS attacks-Hulk,0.2,1.0,,1.0,0.25,2.0,0.9999999999999999,1.0,0.25,4.0,0.7999999999999999,0.75
154745,Infilteration,Infilteration,0.0,0.0,,,0.1111111111111111,1.0,,0.0,0.3333333333333333,5.0,-0.09999999999999999,0.2
155914,DoS attacks-Slowloris,DoS attacks-Slowloris,0.2,1.0,,1.0,0.1111111111111111,1.0,,1.0,0.25,4.0,0.39999999999999997,0.5
155941,SQL Injection,SQL Injection,0.0,0.0,,,0.0,0.0,,,0.1111111111111111,2.0,0.9999999999999999,1.0
157284,Brute Force -XSS,Brute Force -XSS,0.2,1.0,,1.0,0.1111111111111111,1.0,,1.0,0.25,4.0,0.19999999999999998,1.0
158038,Infilteration,Infilteration,0.0,0.0,,,0.0,0.0,,,0.1111111111111111,2.0,-0.9999999999999999,0.5
158743,Benign,Benign,0.0,0.0,,,0.0,0.0,,,0.25,4.0,1.0,1.0
158951,Benign,Benign,0.0,0.0,,,0.0,0.0,,,0.17647058823529413,3.0,1.0,1.0
160192,DDOS attack-HOIC,DDOS attack-HOIC,0.5,2.0,0.9999999999999999,1.0,0.42857142857142855,3.0,1.0,1.0,0.17647058823529413,3.0,1.0,1.0
160675,DoS attacks-Slowloris,DoS attacks-Slowloris,0.2,1.0,,1.0,0.1111111111111111,1.0,,1.0,0.25,4.0,0.19999999999999998,0.5
161911,Bot,Bot,0.5,2.0,0.9999999999999999,1.0,0.25,2.0,0.9999999999999999,1.0,0.3333333333333333,5.0,0.3,0.6
163102,DDOS attack-HOIC,DDOS attack-HOIC,0.5,2.0,0.9999999999999999,1.0,0.42857142857142855,3.0,1.0,1.0,0.17647058823529413,3.0,1.0,1.0
163228,DoS attacks-Slowloris,DoS attacks-Slowloris,0.2,1.0,,1.0,0.1111111111111111,1.0,,1.0,0.1111111111111111,2.0,0.9999999999999999,0.5
164082,DoS attacks-SlowHTTPTest,DoS attacks-SlowHTTPTest,0.2,1.0,,1.0,0.25,2.0,0.9999999999999999,1.0,0.42857142857142855,6.0,0.7142857142857143,0.6666666666666666
164952,DoS attacks-Hulk,DoS attacks-Hulk,0.2,1.0,,1.0,0.1111111111111111,1.0,,1.0,0.17647058823529413,3.0,0.5,1.0
165405,DDOS attack-LOIC-UDP,DDOS attack-LOIC-UDP,0.5,2.0,0.9999999999999999,1.0,0.42857142857142855,3.0,1.0,0.6666666666666666,0.25,4.0,0.7999999999999999,0.75
165922,DoS attacks-GoldenEye,DoS attacks-GoldenEye,0.2,1.0,,1.0,0.42857142857142855,3.0,0.5,1.0,0.17647058823529413,3.0,0.5,1.0
165935,SSH-Bruteforce,SSH-Bruteforce,0.2,1.0,,1.0,0.42857142857142855,3.0,0.5,1.0,0.17647058823529413,3.0,0.5,1.0
165952,DDOS attack-HOIC,DDOS attack-HOIC,0.5,2.0,0.9999999999999999,1.0,0.25,2.0,0.9999999999999999,1.0,0.1111111111111111,2.0,0.9999999999999999,1.0
166245,DDOS attack-HOIC,DDOS attack-HOIC,0.5,2.0,0.9999999999999999,1.0,0.25,2.0,0.9999999999999999,1.0,0.25,4.0,0.7999999999999999,0.5
166311,SQL Injection,SQL Injection,0.0,0.0,,,0.0,0.0,,,0.17647058823529413,3.0,-0.5,1.0
166413,DoS attacks-SlowHTTPTest,DoS attacks-SlowHTTPTest,0.2,1.0,,1.0,0.25,2.0,0.9999999999999999,1.0,0.3333333333333333,5.0,0.3,1.0
166436,DoS attacks-SlowHTTPTest,DoS attacks-SlowHTTPTest,0.2,1.0,,1.0,0.25,2.0,0.9999999999999999,1.0,0.3333333333333333,5.0,0.7,0.8
166728,Bot,Bot,0.5,2.0,0.9999999999999999,1.0,0.42857142857142855,3.0,1.0,0.6666666666666666,0.25,4.0,1.0,0.5
167008,Infilteration,Infilteration,0.2,1.0,,1.0,0.1111111111111111,1.0,,1.0,0.17647058823529413,3.0,0.5,0.6666666666666666
167488,Benign,Benign,0.0,0.0,,,0.0,0.0,,,0.17647058823529413,3.0,0.5,1.0
169666,DoS attacks-Hulk,DoS attacks-Hulk,0.2,1.0,,1.0,0.25,2.0,0.9999999999999999,1.0,0.17647058823529413,3.0,0.5,1.0
170021,Infilteration,Infilteration,0.0,0.0,,,0.1111111111111111,1.0,,0.0,0.1111111111111111,2.0,-0.9999999999999999,0.5
171532,DoS attacks-Slowloris,DoS attacks-Slowloris,0.2,1.0,,1.0,0.25,2.0,0.9999999999999999,1.0,0.25,4.0,0.7999999999999999,1.0
171676,Bot,Bot,0.5,2.0,0.9999999999999999,1.0,0.25,2.0,0.9999999999999999,1.0,0.17647058823529413,3.0,1.0,1.0
172660,Infilteration,Infilteration,0.0,0.0,,,0.0,0.0,,,0.1111111111111111,2.0,-0.9999999999999999,0.5
173690,DDoS attacks-LOIC-HTTP,DDoS attacks-LOIC-HTTP,0.0,0.0,,,0.25,2.0,-0.9999999999999999,1.0,0.3333333333333333,5.0,0.19999999999999998,1.0
173896,DDOS attack-HOIC,DDOS attack-HOIC,0.5,2.0,0.9999999999999999,1.0,0.42857142857142855,3.0,1.0,1.0,0.3333333333333333,5.0,0.8999999999999998,1.0
175094,DDOS attack-HOIC,DDOS attack-HOIC,0.5,2.0,0.9999999999999999,1.0,0.6666666666666666,4.0,1.0,1.0,0.3333333333333333,5.0,0.9999999999999999,0.8
175695,DDOS attack-HOIC,DDOS attack-HOIC,0.5,2.0,0.9999999999999999,1.0,0.25,2.0,0.9999999999999999,1.0,0.1111111111111111,2.0,0.9999999999999999,1.0
178095,DDoS attacks-LOIC-HTTP,DDoS attacks-LOIC-HTTP,0.2,1.0,,1.0,0.42857142857142855,3.0,1.0,1.0,0.3333333333333333,5.0,0.7,1.0
180148,DDoS attacks-LOIC-HTTP,DDoS attacks-LOIC-HTTP,0.0,0.0,,,0.25,2.0,-0.9999999999999999,1.0,0.3333333333333333,5.0,0.39999999999999997,1.0
181160,DoS attacks-SlowHTTPTest,DoS attacks-SlowHTTPTest,0.2,1.0,,1.0,0.25,2.0,0.9999999999999999,1.0,0.17647058823529413,3.0,0.5,1.0
181324,DoS attacks-GoldenEye,DoS attacks-GoldenEye,0.5,2.0,0.9999999999999999,1.0,0.25,2.0,0.9999999999999999,1.0,0.25,4.0,0.7999999999999999,1.0
182386,SSH-Bruteforce,SSH-Bruteforce,0.5,2.0,0.9999999999999999,1.0,0.42857142857142855,3.0,0.5,1.0,0.25,4.0,0.7999999999999999,1.0
182417,Brute Force -Web,Brute Force -Web,0.0,0.0,,,0.1111111111111111,1.0,,1.0,0.17647058823529413,3.0,-0.5,1.0
183932,Brute Force -XSS,Brute Force -XSS,0.2,1.0,,1.0,0.1111111111111111,1.0,,1.0,0.17647058823529413,3.0,0.5,1.0
184401,Infilteration,Infilteration,0.0,0.0,,,0.0,0.0,,,0.05263157894736842,1.0,,0.0
185035,SSH-Bruteforce,SSH-Bruteforce,0.5,2.0,0.9999999999999999,1.0,0.42857142857142855,3.0,0.5,1.0,0.25,4.0,0.7999999999999999,1.0
185301,DoS attacks-GoldenEye,DoS attacks-GoldenEye,0.5,2.0,0.9999999999999999,1.0,0.25,2.0,0.9999999999999999,1.0,0.17647058823529413,3.0,1.0,1.0
188164,DDOS attack-HOIC,DDOS attack-HOIC,0.5,2.0,0.9999999999999999,1.0,0.25,2.0,0.9999999999999999,1.0,0.17647058823529413,3.0,1.0,1.0
188521,Bot,Bot,0.5,2.0,0.9999999999999999,1.0,0.25,2.0,0.9999999999999999,1.0,0.17647058823529413,3.0,1.0,0.6666666666666666
189439,DDoS attacks-LOIC-HTTP,DDoS attacks-LOIC-HTTP,0.2,1.0,,1.0,0.42857142857142855,3.0,1.0,1.0,0.3333333333333333,5.0,0.9999999999999999,1.0
191397,Infilteration,Infilteration,0.0,0.0,,,0.1111111111111111,1.0,,0.0,0.25,4.0,-0.39999999999999997,0.5
191963,DDOS attack-HOIC,DDOS attack-HOIC,0.5,2.0,0.9999999999999999,1.0,0.25,2.0,0.9999999999999999,1.0,0.17647058823529413,3.0,1.0,1.0
192124,DoS attacks-Slowloris,DoS attacks-Slowloris,0.2,1.0,,1.0,0.1111111111111111,1.0,,1.0,0.17647058823529413,3.0,0.5,0.3333333333333333
192228,DoS attacks-Hulk,DoS attacks-Hulk,0.2,1.0,,1.0,0.1111111111111111,1.0,,1.0,0.25,4.0,0.39999999999999997,1.0
192450,Infilteration,Infilteration,0.0,0.0,,,0.1111111111111111,1.0,,0.0,0.05263157894736842,1.0,,0.0
193059,Infilteration,Infilteration,0.2,1.0,,1.0,0.25,2.0,0.9999999999999999,0.5,0.17647058823529413,3.0,0.5,0.6666666666666666
193450,Benign,Benign,0.0,0.0,,,0.0,0.0,,,0.25,4.0,-0.6000000000000001,1.0
193737,Infilteration,Infilteration,0.0,0.0,,,0.0,0.0,,,0.1111111111111111,2.0,-0.9999999999999999,0.5
193789,DoS attacks-Slowloris,DoS attacks-Slowloris,0.2,1.0,,1.0,0.1111111111111111,1.0,,1.0,0.17647058823529413,3.0,1.0,0.3333333333333333
193967,Bot,Bot,0.5,2.0,0.9999999999999999,1.0,0.42857142857142855,3.0,1.0,0.6666666666666666,0.3333333333333333,5.0,0.7,0.8
194636,DoS attacks-SlowHTTPTest,DoS attacks-SlowHTTPTest,0.2,1.0,,1.0,0.1111111111111111,1.0,,1.0,0.42857142857142855,6.0,0.4285714285714286,0.8333333333333334
194790,DDoS attacks-LOIC-HTTP,DDoS attacks-LOIC-HTTP,0.2,1.0,,0.0,0.25,2.0,-0.9999999999999999,0.0,0.3333333333333333,5.0,-0.7,0.6
194936,Infilteration,Infilteration,0.0,0.0,,,0.0,0.0,,,0.17647058823529413,3.0,0.5,0.3333333333333333
195631,DoS attacks-GoldenEye,DoS attacks-GoldenEye,0.5,2.0,0.9999999999999999,1.0,0.42857142857142855,3.0,1.0,1.0,0.25,4.0,0.7999999999999999,1.0
197064,DDOS attack-LOIC-UDP,DDOS attack-LOIC-UDP,0.5,2.0,0.9999999999999999,1.0,0.25,2.0,0.9999999999999999,1.0,0.25,4.0,0.7999999999999999,0.75
197092,DoS attacks-Slowloris,DoS attacks-Slowloris,0.0,0.0,,,0.1111111111111111,1.0,,1.0,0.17647058823529413,3.0,0.5,0.3333333333333333
197830,DDOS attack-HOIC,DDOS attack-HOIC,0.5,2.0,0.9999999999999999,1.0,0.42857142857142855,3.0,1.0,1.0,0.3333333333333333,5.0,0.8999999999999998,0.8
197964,Bot,Bot,0.5,2.0,0.9999999999999999,1.0,0.25,2.0,0.9999999999999999,1.0,0.17647058823529413,3.0,1.0,0.6666666666666666
198436,DoS attacks-Hulk,DoS attacks-Hulk,0.2,1.0,,1.0,0.1111111111111111,1.0,,1.0,0.1111111111111111,2.0,0.9999999999999999,1.0
198580,FTP-BruteForce,FTP-BruteForce,0.2,1.0,,1.0,0.25,2.0,0.9999999999999999,0.5,0.5384615384615384,7.0,-0.03571428571428572,0.7142857142857143
198625,FTP-BruteForce,FTP-BruteForce,0.5,2.0,0.9999999999999999,1.0,0.25,2.0,0.9999999999999999,1.0,0.42857142857142855,6.0,0.5428571428571429,0.6666666666666666
198731,FTP-BruteForce,FTP-BruteForce,0.2,1.0,,1.0,0.1111111111111111,1.0,,1.0,0.3333333333333333,5.0,0.39999999999999997,0.6
199216,DoS attacks-SlowHTTPTest,DoS attacks-SlowHTTPTest,0.2,1.0,,1.0,0.25,2.0,0.9999999999999999,0.5,0.42857142857142855,6.0,0.3714285714285715,0.6666666666666666
199219,DoS attacks-Hulk,DoS attacks-Hulk,0.2,1.0,,1.0,0.1111111111111111,1.0,,1.0,0.25,4.0,0.39999999999999997,1.0
199313,DDOS attack-HOIC,DDOS attack-HOIC,0.5,2.0,0.9999999999999999,1.0,0.25,2.0,0.9999999999999999,1.0,0.25,4.0,1.0,0.75
199790,DDOS attack-LOIC-UDP,DDOS attack-LOIC-UDP,0.5,2.0,0.9999999999999999,1.0,0.42857142857142855,3.0,1.0,1.0,0.3333333333333333,5.0,0.8999999999999998,0.6
200112,Bot,Bot,0.5,2.0,0.9999999999999999,1.0,0.25,2.0,0.9999999999999999,1.0,0.17647058823529413,3.0,1.0,1.0
200184,DDOS attack-LOIC-UDP,DDOS attack-LOIC-UDP,0.5,2.0,0.9999999999999999,1.0,0.42857142857142855,3.0,1.0,1.0,0.17647058823529413,3.0,1.0,1.0
200652,DoS attacks-Slowloris,DoS attacks-Slowloris,0.2,1.0,,1.0,0.1111111111111111,1.0,,1.0,0.17647058823529413,3.0,0.5,0.3333333333333333
200822,Infilteration,Infilteration,0.0,0.0,,,0.1111111111111111,1.0,,0.0,0.17647058823529413,3.0,-0.5,0.6666666666666666
201301,DoS attacks-GoldenEye,DoS attacks-GoldenEye,0.5,2.0,0.9999999999999999,1.0,0.25,2.0,0.9999999999999999,1.0,0.17647058823529413,3.0,1.0,1.0
201366,DDOS attack-HOIC,DDOS attack-HOIC,0.5,2.0,0.9999999999999999,1.0,0.42857142857142855,3.0,1.0,1.0,0.25,4.0,1.0,1.0
201517,Infilteration,Infilteration,0.0,0.0,,,0.0,0.0,,,0.1111111111111111,2.0,-0.9999999999999999,0.5
201691,Benign,Benign,0.0,0.0,,,0.1111111111111111,1.0,,1.0,0.05263157894736842,1.0,,1.0
201841,Brute Force -Web,Brute Force -Web,0.0,0.0,,,0.1111111111111111,1.0,,1.0,0.25,4.0,-1.0,1.0
201915,FTP-BruteForce,FTP-BruteForce,0.2,1.0,,1.0,0.1111111111111111,1.0,,1.0,0.25,4.0,1.0,0.5
202665,Infilteration,Infilteration,0.0,0.0,,,0.0,0.0,,,0.1111111111111111,2.0,-0.9999999999999999,0.5
202868,DDOS attack-HOIC,DDOS attack-HOIC,0.5,2.0,0.9999999999999999,1.0,0.25,2.0,0.9999999999999999,1.0,0.3333333333333333,5.0,0.8999999999999998,1.0
203296,DoS attacks-SlowHTTPTest,DoS attacks-SlowHTTPTest,0.2,1.0,,1.0,0.25,2.0,0.9999999999999999,0.5,0.5384615384615384,7.0,0.10714285714285716,0.5714285714285714
204165,Brute Force -XSS,Brute Force -XSS,0.0,0.0,,,0.0,0.0,,,0.3333333333333333,5.0,-0.09999999999999999,0.8
205334,FTP-BruteForce,FTP-BruteForce,0.2,1.0,,1.0,0.25,2.0,0.9999999999999999,1.0,0.3333333333333333,5.0,0.7999999999999999,0.6
205450,DoS attacks-Slowloris,DoS attacks-Slowloris,0.2,1.0,,1.0,0.1111111111111111,1.0,,1.0,0.17647058823529413,3.0,1.0,0.3333333333333333
206443,SSH-Bruteforce,SSH-Bruteforce,0.2,1.0,,1.0,0.42857142857142855,3.0,0.5,1.0,0.3333333333333333,5.0,0.8999999999999998,1.0
207060,Bot,Bot,0.5,2.0,0.9999999999999999,1.0,0.25,2.0,0.9999999999999999,1.0,0.1111111111111111,2.0,0.9999999999999999,1.0
207243,DoS attacks-Hulk,DoS attacks-Hulk,0.2,1.0,,1.0,0.1111111111111111,1.0,,1.0,0.17647058823529413,3.0,0.5,1.0
207263,DoS attacks-Slowloris,DoS attacks-Slowloris,0.2,1.0,,1.0,0.1111111111111111,1.0,,1.0,0.17647058823529413,3.0,0.5,0.3333333333333333
208427,DoS attacks-Slowloris,DoS attacks-Slowloris,0.2,1.0,,1.0,0.25,2.0,0.9999999999999999,1.0,0.25,4.0,1.0,1.0
208853,DoS attacks-Hulk,DoS attacks-Hulk,0.2,1.0,,1.0,0.25,2.0,0.9999999999999999,1.0,0.25,4.0,0.39999999999999997,1.0
208982,DDoS attacks-LOIC-HTTP,DDoS attacks-LOIC-HTTP,0.2,1.0,,1.0,0.1111111111111111,1.0,,1.0,0.25,4.0,-0.19999999999999998,0.75
209441,DoS attacks-Slowloris,DoS attacks-Slowloris,0.2,1.0,,1.0,0.1111111111111111,1.0,,1.0,0.1111111111111111,2.0,-0.9999999999999999,1.0
209785,DoS attacks-Hulk,DoS attacks-Hulk,0.2,1.0,,1.0,0.42857142857142855,3.0,1.0,1.0,0.3333333333333333,5.0,0.7,0.8
209974,DoS attacks-Hulk,DoS attacks-Hulk,0.2,1.0,,1.0,0.25,2.0,0.9999999999999999,1.0,0.25,4.0,1.0,0.75
210836,DDoS attacks-LOIC-HTTP,DDoS attacks-LOIC-HTTP,0.2,1.0,,1.0,0.42857142857142855,3.0,-0.5,1.0,0.3333333333333333,5.0,0.6,1.0
210886,Bot,Bot,0.5,2.0,-0.9999999999999999,1.0,0.42857142857142855,3.0,0.5,0.6666666666666666,0.25,4.0,0.7999999999999999,0.5
211189,DoS attacks-Hulk,DoS attacks-Hulk,0.2,1.0,,1.0,0.1111111111111111,1.0,,1.0,0.17647058823529413,3.0,1.0,1.0
211580,DoS attacks-SlowHTTPTest,DoS attacks-SlowHTTPTest,0.2,1.0,,1.0,0.25,2.0,0.9999999999999999,1.0,0.42857142857142855,6.0,0.7714285714285715,0.6666666666666666
211898,Brute Force -Web,Brute Force -Web,0.2,1.0,,1.0,0.1111111111111111,1.0,,1.0,0.1111111111111111,2.0,-0.9999999999999999,1.0
212405,DoS attacks-GoldenEye,DoS attacks-GoldenEye,0.2,1.0,,1.0,0.25,2.0,0.9999999999999999,1.0,0.17647058823529413,3.0,1.0,1.0
212432,DoS attacks-Slowloris,DoS attacks-Slowloris,0.2,1.0,,1.0,0.25,2.0,0.9999999999999999,1.0,0.3333333333333333,5.0,0.7,1.0
212575,DoS attacks-Slowloris,DoS attacks-Slowloris,0.2,1.0,,1.0,0.25,2.0,0.9999999999999999,1.0,0.25,4.0,1.0,1.0
212645,Bot,Bot,0.5,2.0,0.9999999999999999,1.0,0.25,2.0,0.9999999999999999,1.0,0.3333333333333333,5.0,0.3,0.8
213256,DDoS attacks-LOIC-HTTP,DDoS attacks-LOIC-HTTP,0.5,2.0,-0.9999999999999999,0.5,0.25,2.0,-0.9999999999999999,0.5,0.3333333333333333,5.0,-0.3,0.6
213893,FTP-BruteForce,FTP-BruteForce,0.2,1.0,,1.0,0.1111111111111111,1.0,,1.0,0.17647058823529413,3.0,1.0,0.6666666666666666
214171,DoS attacks-Hulk,DoS attacks-Hulk,0.2,1.0,,1.0,0.1111111111111111,1.0,,1.0,0.25,4.0,0.39999999999999997,1.0
214964,Brute Force -XSS,Brute Force -XSS,0.0,0.0,,,0.0,0.0,,,0.3333333333333333,5.0,-0.7,1.0
214991,DoS attacks-SlowHTTPTest,DoS attacks-SlowHTTPTest,0.2,1.0,,1.0,0.1111111111111111,1.0,,1.0,0.25,4.0,0.19999999999999998,0.5
215418,SSH-Bruteforce,SSH-Bruteforce,0.5,2.0,0.9999999999999999,1.0,0.42857142857142855,3.0,0.5,1.0,0.25,4.0,0.7999999999999999,1.0
215475,DoS attacks-SlowHTTPTest,DoS attacks-SlowHTTPTest,0.2,1.0,,1.0,0.1111111111111111,1.0,,1.0,0.42857142857142855,6.0,0.08571428571428573,0.8333333333333334
216346,Bot,Bot,0.5,2.0,0.9999999999999999,1.0,0.25,2.0,0.9999999999999999,1.0,0.17647058823529413,3.0,1.0,1.0
217453,DoS attacks-GoldenEye,DoS attacks-GoldenEye,0.5,2.0,0.9999999999999999,1.0,0.25,2.0,0.9999999999999999,1.0,0.3333333333333333,5.0,0.8999999999999998,1.0
217506,DDOS attack-HOIC,DDOS attack-HOIC,0.5,2.0,0.9999999999999999,1.0,0.42857142857142855,3.0,1.0,1.0,0.17647058823529413,3.0,1.0,1.0
218003,Bot,Bot,0.5,2.0,0.9999999999999999,1.0,0.25,2.0,0.9999999999999999,1.0,0.17647058823529413,3.0,1.0,0.6666666666666666
218186,Infilteration,Infilteration,0.0,0.0,,,0.0,0.0,,,0.0,0.0,,
218371,DoS attacks-Slowloris,DoS attacks-Slowloris,0.2,1.0,,1.0,0.1111111111111111,1.0,,1.0,0.25,4.0,0.39999999999999997,0.75
218526,Benign,Benign,0.0,0.0,,,0.0,0.0,,,0.17647058823529413,3.0,0.5,1.0
219442,Infilteration,Infilteration,0.0,0.0,,,0.0,0.0,,,0.17647058823529413,3.0,0.5,0.6666666666666666
219909,DoS attacks-SlowHTTPTest,DoS attacks-SlowHTTPTest,0.2,1.0,,1.0,0.25,2.0,0.9999999999999999,1.0,0.42857142857142855,6.0,0.6,0.6666666666666666
220142,SSH-Bruteforce,SSH-Bruteforce,0.2,1.0,,1.0,0.42857142857142855,3.0,0.5,1.0,0.25,4.0,0.7999999999999999,1.0
220146,Brute Force -XSS,Brute Force -XSS,0.0,0.0,,,0.0,0.0,,,0.05263157894736842,1.0,,1.0
220653,DDOS attack-LOIC-UDP,DDOS attack-LOIC-UDP,0.5,2.0,0.9999999999999999,1.0,0.25,2.0,0.9999999999999999,1.0,0.25,4.0,0.7999999999999999,0.75
221528,Bot,Bot,0.5,2.0,0.9999999999999999,1.0,0.25,2.0,0.9999999999999999,1.0,0.17647058823529413,3.0,1.0,1.0
222292,DDoS attacks-LOIC-HTTP,DDoS attacks-LOIC-HTTP,0.2,1.0,,1.0,0.25,2.0,-0.9999999999999999,0.5,0.25,4.0,-0.19999999999999998,0.75
222400,DDOS attack-LOIC-UDP,DDOS attack-LOIC-UDP,0.5,2.0,0.9999999999999999,1.0,0.42857142857142855,3.0,1.0,1.0,0.17647058823529413,3.0,1.0,1.0
222621,DoS attacks-GoldenEye,DoS attacks-GoldenEye,0.2,1.0,,1.0,0.25,2.0,0.9999999999999999,1.0,0.17647058823529413,3.0,1.0,1.0
222741,Bot,Bot,0.5,2.0,0.9999999999999999,1.0,0.42857142857142855,3.0,1.0,0.6666666666666666,0.25,4.0,0.7999999999999999,0.5
222843,DDOS attack-HOIC,DDOS attack-HOIC,0.5,2.0,0.9999999999999999,1.0,0.25,2.0,0.9999999999999999,1.0,0.25,4.0,0.7999999999999999,0.75
223169,FTP-BruteForce,FTP-BruteForce,0.2,1.0,,1.0,0.25,2.0,0.9999999999999999,0.5,0.3333333333333333,5.0,0.49999999999999994,0.6
223337,DDOS attack-HOIC,DDOS attack-HOIC,0.5,2.0,0.9999999999999999,1.0,0.25,2.0,0.9999999999999999,1.0,0.3333333333333333,5.0,0.7,0.4
223746,Infilteration,Infilteration,0.0,0.0,,,0.0,0.0,,,0.17647058823529413,3.0,-0.5,0.3333333333333333
224113,Infilteration,Infilteration,0.0,0.0,,,0.1111111111111111,1.0,,1.0,0.05263157894736842,1.0,,1.0
224980,DoS attacks-Hulk,DoS attacks-Hulk,0.2,1.0,,1.0,0.1111111111111111,1.0,,1.0,0.17647058823529413,3.0,1.0,1.0
225021,Bot,Bot,0.5,2.0,0.9999999999999999,1.0,0.25,2.0,0.9999999999999999,1.0,0.25,4.0,0.7999999999999999,0.5
225229,DoS attacks-Slowloris,DoS attacks-Slowloris,0.2,1.0,,1.0,0.1111111111111111,1.0,,1.0,0.17647058823529413,3.0,1.0,0.3333333333333333
225548,Brute Force -XSS,Brute Force -XSS,0.0,0.0,,,0.0,0.0,,,0.17647058823529413,3.0,-1.0,1.0
226678,DoS attacks-Hulk,DoS attacks-Hulk,0.2,1.0,,1.0,0.1111111111111111,1.0,,1.0,0.25,4.0,0.39999999999999997,1.0
227068,FTP-BruteForce,FTP-BruteForce,0.2,1.0,,1.0,0.1111111111111111,1.0,,1.0,0.25,4.0,1.0,0.5
227974,Benign,Benign,0.0,0.0,,,0.0,0.0,,,0.17647058823529413,3.0,-1.0,0.6666666666666666
229373,DoS attacks-GoldenEye,DoS attacks-GoldenEye,0.2,1.0,,1.0,0.25,2.0,0.9999999999999999,1.0,0.25,4.0,1.0,1.0
231078,Benign,Benign,0.0,0.0,,,0.25,2.0,-0.9999999999999999,0.5,0.17647058823529413,3.0,-0.5,0.6666666666666666
231362,Bot,Bot,0.5,2.0,0.9999999999999999,1.0,0.25,2.0,0.9999999999999999,1.0,0.17647058823529413,3.0,1.0,0.6666666666666666
231364,DDOS attack-LOIC-UDP,DDOS attack-LOIC-UDP,0.5,2.0,0.9999999999999999,1.0,0.42857142857142855,3.0,1.0,1.0,0.17647058823529413,3.0,1.0,1.0
232102,Brute Force -Web,Brute Force -Web,0.2,1.0,,1.0,0.1111111111111111,1.0,,1.0,0.17647058823529413,3.0,-0.5,1.0
232258,DoS attacks-Slowloris,DoS attacks-Slowloris,0.2,1.0,,1.0,0.1111111111111111,1.0,,1.0,0.1111111111111111,2.0,0.9999999999999999,1.0
232595,DoS attacks-Slowloris,DoS attacks-Slowloris,0.0,0.0,,,0.1111111111111111,1.0,,1.0,0.17647058823529413,3.0,-0.5,1.0
232970,Bot,Bot,0.5,2.0,0.9999999999999999,1.0,0.25,2.0,0.9999999999999999,1.0,0.25,4.0,0.7999999999999999,0.75
233319,DoS attacks-SlowHTTPTest,DoS attacks-SlowHTTPTest,0.2,1.0,,1.0,0.1111111111111111,1.0,,1.0,0.25,4.0,0.7999999999999999,0.75
234034,DoS attacks-Slowloris,DoS attacks-Slowloris,0.2,1.0,,1.0,0.1111111111111111,1.0,,1.0,0.1111111111111111,2.0,0.9999999999999999,1.0
234049,SSH-Bruteforce,SSH-Bruteforce,0.2,1.0,,1.0,0.42857142857142855,3.0,0.5,1.0,0.3333333333333333,5.0,0.8999999999999998,1.0
234340,DDOS attack-HOIC,DDOS attack-HOIC,0.5,2.0,0.9999999999999999,1.0,0.25,2.0,0.9999999999999999,1.0,0.17647058823529413,3.0,1.0,1.0
234429,DoS attacks-GoldenEye,DoS attacks-GoldenEye,0.5,2.0,0.9999999999999999,1.0,0.25,2.0,0.9999999999999999,1.0,0.17647058823529413,3.0,1.0,1.0
235728,SSH-Bruteforce,SSH-Bruteforce,0.5,2.0,0.9999999999999999,1.0,0.6666666666666666,4.0,0.39999999999999997,1.0,0.3333333333333333,5.0,0.49999999999999994,1.0
236692,SSH-Bruteforce,SSH-Bruteforce,0.2,1.0,,1.0,0.25,2.0,0.9999999999999999,1.0,0.42857142857142855,6.0,0.6571428571428573,1.0
237041,DoS attacks-Hulk,DoS attacks-Hulk,0.2,1.0,,1.0,0.1111111111111111,1.0,,1.0,0.25,4.0,0.39999999999999997,1.0
237510,DoS attacks-GoldenEye,DoS attacks-GoldenEye,0.2,1.0,,1.0,0.25,2.0,0.9999999999999999,1.0,0.17647058823529413,3.0,1.0,1.0
237626,DoS attacks-GoldenEye,DoS attacks-GoldenEye,0.2,1.0,,1.0,0.1111111111111111,1.0,,1.0,0.1111111111111111,2.0,0.9999999999999999,1.0
238095,DoS attacks-SlowHTTPTest,DoS attacks-SlowHTTPTest,0.2,1.0,,1.0,0.1111111111111111,1.0,,1.0,0.3333333333333333,5.0,0.7,0.6
238198,SSH-Bruteforce,SSH-Bruteforce,0.2,1.0,,1.0,0.42857142857142855,3.0,0.5,1.0,0.3333333333333333,5.0,0.3,1.0
238203,DoS attacks-Hulk,DoS attacks-Hulk,0.2,1.0,,1.0,0.1111111111111111,1.0,,1.0,0.17647058823529413,3.0,0.5,1.0
238710,DoS attacks-Hulk,DoS attacks-Hulk,0.2,1.0,,1.0,0.25,2.0,0.9999999999999999,1.0,0.25,4.0,0.7999999999999999,1.0
240544,DoS attacks-Hulk,DoS attacks-Hulk,0.2,1.0,,1.0,0.1111111111111111,1.0,,1.0,0.17647058823529413,3.0,0.5,1.0
241017,DoS attacks-Hulk,DoS attacks-Hulk,0.2,1.0,,1.0,0.1111111111111111,1.0,,1.0,0.1111111111111111,2.0,0.9999999999999999,1.0
241112,DoS attacks-Hulk,DoS attacks-Hulk,0.2,1.0,,1.0,0.1111111111111111,1.0,,1.0,0.17647058823529413,3.0,0.5,1.0
241153,Brute Force -XSS,Brute Force -XSS,0.2,1.0,,1.0,0.1111111111111111,1.0,,1.0,0.42857142857142855,6.0,-0.3714285714285715,1.0
241322,DoS attacks-Slowloris,DoS attacks-Slowloris,0.2,1.0,,1.0,0.1111111111111111,1.0,,1.0,0.17647058823529413,3.0,1.0,0.3333333333333333
241586,Infilteration,Infilteration,0.0,0.0,,,0.0,0.0,,,0.1111111111111111,2.0,-0.9999999999999999,0.5
243253,FTP-BruteForce,FTP-BruteForce,0.2,1.0,,1.0,0.1111111111111111,1.0,,1.0,0.5384615384615384,7.0,0.42857142857142866,0.42857142857142855
243348,Bot,Bot,0.5,2.0,0.9999999999999999,1.0,0.25,2.0,0.9999999999999999,1.0,0.25,4.0,1.0,1.0
243410,DoS attacks-Hulk,DoS attacks-Hulk,0.2,1.0,,1.0,0.1111111111111111,1.0,,1.0,0.05263157894736842,1.0,,1.0
243512,Brute Force -Web,Brute Force -Web,0.0,0.0,,,0.1111111111111111,1.0,,1.0,0.1111111111111111,2.0,0.9999999999999999,1.0
244272,FTP-BruteForce,FTP-BruteForce,0.2,1.0,,1.0,0.25,2.0,0.9999999999999999,1.0,0.3333333333333333,5.0,0.19999999999999998,0.8
244609,DoS attacks-Slowloris,DoS attacks-Slowloris,0.5,2.0,0.9999999999999999,1.0,0.42857142857142855,3.0,1.0,1.0,0.25,4.0,1.0,0.75
244749,Brute Force -Web,Brute Force -Web,0.2,1.0,,1.0,0.1111111111111111,1.0,,1.0,0.1111111111111111,2.0,-0.9999999999999999,1.0
245289,SSH-Bruteforce,SSH-Bruteforce,0.5,2.0,0.9999999999999999,1.0,0.42857142857142855,3.0,0.5,1.0,0.17647058823529413,3.0,0.5,1.0
245695,Infilteration,Infilteration,0.0,0.0,,,0.1111111111111111,1.0,,0.0,0.1111111111111111,2.0,-0.9999999999999999,0.5
245944,Infilteration,Infilteration,0.0,0.0,,,0.0,0.0,,,0.1111111111111111,2.0,-0.9999999999999999,0.5
246006,DDOS attack-LOIC-UDP,DDOS attack-LOIC-UDP,0.5,2.0,0.9999999999999999,1.0,0.25,2.0,0.9999999999999999,1.0,0.25,4.0,1.0,0.75
246629,Brute Force -Web,Brute Force -Web,0.2,1.0,,1.0,0.1111111111111111,1.0,,1.0,0.1111111111111111,2.0,0.9999999999999999,1.0
247339,SSH-Bruteforce,SSH-Bruteforce,0.2,1.0,,1.0,0.42857142857142855,3.0,0.5,1.0,0.5384615384615384,7.0,0.6785714285714287,1.0
247717,Brute Force -Web,Brute Force -Web,0.0,0.0,,,0.1111111111111111,1.0,,1.0,0.17647058823529413,3.0,-1.0,1.0
248218,Benign,Benign,0.0,0.0,,,0.0,0.0,,,0.17647058823529413,3.0,0.5,1.0
248695,FTP-BruteForce,FTP-BruteForce,0.2,1.0,,1.0,0.25,2.0,0.9999999999999999,1.0,0.42857142857142855,6.0,0.5428571428571429,0.6666666666666666
250642,Brute Force -Web,Brute Force -Web,0.2,1.0,,1.0,0.1111111111111111,1.0,,1.0,0.17647058823529413,3.0,0.5,1.0
250791,DDOS attack-HOIC,DDOS attack-HOIC,0.5,2.0,0.9999999999999999,1.0,0.25,2.0,0.9999999999999999,1.0,0.25,4.0,1.0,0.75
252079,DDOS attack-LOIC-UDP,DDOS attack-LOIC-UDP,0.5,2.0,0.9999999999999999,1.0,0.42857142857142855,3.0,1.0,1.0,0.3333333333333333,5.0,0.9999999999999999,0.8
252162,DDOS attack-LOIC-UDP,DDOS attack-LOIC-UDP,0.5,2.0,0.9999999999999999,1.0,0.25,2.0,0.9999999999999999,1.0,0.25,4.0,0.7999999999999999,0.75
252600,Brute Force -XSS,Brute Force -XSS,0.2,1.0,,1.0,0.1111111111111111,1.0,,1.0,0.25,4.0,0.39999999999999997,1.0
252676,Brute Force -Web,Brute Force -Web,0.2,1.0,,1.0,0.1111111111111111,1.0,,1.0,0.17647058823529413,3.0,0.5,1.0
252879,DoS attacks-SlowHTTPTest,DoS attacks-SlowHTTPTest,0.2,1.0,,1.0,0.25,2.0,0.9999999999999999,1.0,0.3333333333333333,5.0,0.49999999999999994,1.0
253042,DoS attacks-Hulk,DoS attacks-Hulk,0.2,1.0,,1.0,0.1111111111111111,1.0,,1.0,0.1111111111111111,2.0,0.9999999999999999,1.0
253046,Brute Force -Web,Brute Force -Web,0.0,0.0,,,0.1111111111111111,1.0,,1.0,0.25,4.0,0.0,1.0
253251,DoS attacks-GoldenEye,DoS attacks-GoldenEye,0.5,2.0,0.9999999999999999,1.0,0.42857142857142855,3.0,1.0,1.0,0.25,4.0,1.0,1.0
254715,Brute Force -Web,Brute Force -Web,0.0,0.0,,,0.1111111111111111,1.0,,1.0,0.17647058823529413,3.0,1.0,0.6666666666666666
254773,Benign,Benign,0.0,0.0,,,0.1111111111111111,1.0,,1.0,0.17647058823529413,3.0,-0.5,0.6666666666666666
255268,Infilteration,Infilteration,0.0,0.0,,,0.0,0.0,,,0.0,0.0,,
255418,Bot,Bot,0.5,2.0,0.9999999999999999,1.0,0.42857142857142855,3.0,1.0,0.6666666666666666,0.25,4.0,0.7999999999999999,0.75
256587,DoS attacks-GoldenEye,DoS attacks-GoldenEye,0.5,2.0,0.9999999999999999,1.0,0.42857142857142855,3.0,1.0,1.0,0.25,4.0,1.0,1.0
256733,Benign,Benign,0.0,0.0,,,0.1111111111111111,1.0,,1.0,0.05263157894736842,1.0,,1.0
257390,DoS attacks-Slowloris,DoS attacks-Slowloris,0.0,0.0,,,0.25,2.0,-0.9999999999999999,1.0,0.3333333333333333,5.0,-0.09999999999999999,0.8
259395,Benign,Benign,0.0,0.0,,,0.0,0.0,,,0.25,4.0,0.19999999999999998,1.0
259600,DDoS attacks-LOIC-HTTP,DDoS attacks-LOIC-HTTP,0.2,1.0,,1.0,0.25,2.0,-0.9999999999999999,0.5,0.3333333333333333,5.0,-0.3,0.6
259608,Benign,Benign,0.0,0.0,,,0.1111111111111111,1.0,,1.0,0.25,4.0,0.7999999999999999,1.0
259946,DDOS attack-LOIC-UDP,DDOS attack-LOIC-UDP,0.5,2.0,0.9999999999999999,1.0,0.42857142857142855,3.0,1.0,1.0,0.25,4.0,1.0,0.75
260353,Bot,Bot,0.5,2.0,0.9999999999999999,1.0,0.25,2.0,0.9999999999999999,1.0,0.25,4.0,0.7999999999999999,0.75
261418,DoS attacks-SlowHTTPTest,DoS attacks-SlowHTTPTest,0.2,1.0,,1.0,0.25,2.0,0.9999999999999999,1.0,0.3333333333333333,5.0,0.3,1.0
262213,DDOS attack-HOIC,DDOS attack-HOIC,0.5,2.0,0.9999999999999999,1.0,0.42857142857142855,3.0,1.0,1.0,0.3333333333333333,5.0,0.8999999999999998,1.0
262338,DDOS attack-HOIC,DDOS attack-HOIC,0.5,2.0,0.9999999999999999,1.0,0.25,2.0,0.9999999999999999,1.0,0.25,4.0,1.0,1.0
262581,FTP-BruteForce,FTP-BruteForce,0.2,1.0,,1.0,0.42857142857142855,3.0,0.5,0.6666666666666666,0.42857142857142855,6.0,-0.028571428571428574,0.8333333333333334
262898,Brute Force -Web,Brute Force -Web,0.0,0.0,,,0.1111111111111111,1.0,,1.0,0.25,4.0,0.39999999999999997,1.0
263296,SSH-Bruteforce,SSH-Bruteforce,0.2,1.0,,1.0,0.25,2.0,0.9999999999999999,1.0,0.3333333333333333,5.0,0.19999999999999998,1.0
263530,DDoS attacks-LOIC-HTTP,DDoS attacks-LOIC-HTTP,0.5,2.0,-0.9999999999999999,0.5,0.42857142857142855,3.0,-0.5,0.3333333333333333,0.3333333333333333,5.0,-0.3,0.6
264918,Infilteration,Infilteration,0.0,0.0,,,0.0,0.0,,,0.05263157894736842,1.0,,0.0
267683,DoS attacks-Hulk,DoS attacks-Hulk,0.2,1.0,,1.0,0.25,2.0,0.9999999999999999,1.0,0.25,4.0,0.39999999999999997,1.0
267844,DoS attacks-GoldenEye,DoS attacks-GoldenEye,0.2,1.0,,1.0,0.25,2.0,0.9999999999999999,1.0,0.17647058823529413,3.0,1.0,1.0
270317,DoS attacks-SlowHTTPTest,DoS attacks-SlowHTTPTest,0.2,1.0,,1.0,0.42857142857142855,3.0,0.5,1.0,0.3333333333333333,5.0,0.3,0.8
271314,Benign,Benign,0.0,0.0,,,0.1111111111111111,1.0,,1.0,0.17647058823529413,3.0,0.5,1.0
271816,DoS attacks-Hulk,DoS attacks-Hulk,0.2,1.0,,1.0,0.25,2.0,0.9999999999999999,1.0,0.25,4.0,0.7999999999999999,1.0
272395,DoS attacks-SlowHTTPTest,DoS attacks-SlowHTTPTest,0.5,2.0,0.9999999999999999,1.0,0.42857142857142855,3.0,1.0,1.0,0.5384615384615384,7.0,0.4642857142857144,0.8571428571428571
273408,DoS attacks-GoldenEye,DoS attacks-GoldenEye,0.2,1.0,,1.0,0.25,2.0,0.9999999999999999,1.0,0.1111111111111111,2.0,0.9999999999999999,1.0
274595,Infilteration,Infilteration,0.0,0.0,,,0.0,0.0,,,0.1111111111111111,2.0,-0.9999999999999999,1.0
274707,DDOS attack-LOIC-UDP,DDOS attack-LOIC-UDP,0.5,2.0,0.9999999999999999,1.0,0.25,2.0,0.9999999999999999,1.0,0.25,4.0,1.0,0.75
274915,DoS attacks-Hulk,DoS attacks-Hulk,0.2,1.0,,1.0,0.1111111111111111,1.0,,1.0,0.1111111111111111,2.0,0.9999999999999999,1.0
274973,DoS attacks-SlowHTTPTest,DoS attacks-SlowHTTPTest,0.2,1.0,,1.0,0.25,2.0,0.9999999999999999,1.0,0.42857142857142855,6.0,0.8285714285714287,0.6666666666666666
275348,DDOS attack-LOIC-UDP,DDOS attack-LOIC-UDP,0.5,2.0,0.9999999999999999,1.0,0.42857142857142855,3.0,1.0,1.0,0.25,4.0,1.0,0.75
276107,DDOS attack-HOIC,DDOS attack-HOIC,0.5,2.0,0.9999999999999999,1.0,0.25,2.0,0.9999999999999999,1.0,0.1111111111111111,2.0,0.9999999999999999,1.0
276421,Infilteration,Infilteration,0.0,0.0,,,0.0,0.0,,,0.05263157894736842,1.0,,0.0
276433,DoS attacks-SlowHTTPTest,DoS attacks-SlowHTTPTest,0.2,1.0,,1.0,0.25,2.0,0.9999999999999999,1.0,0.25,4.0,0.39999999999999997,1.0
276638,DoS attacks-SlowHTTPTest,DoS attacks-SlowHTTPTest,0.2,1.0,,1.0,0.42857142857142855,3.0,0.5,1.0,0.42857142857142855,6.0,0.14285714285714288,1.0
276916,DoS attacks-GoldenEye,DoS attacks-GoldenEye,0.2,1.0,,1.0,0.42857142857142855,3.0,1.0,1.0,0.25,4.0,1.0,1.0
277208,DoS attacks-Slowloris,DoS attacks-Slowloris,0.2,1.0,,1.0,0.1111111111111111,1.0,,1.0,0.25,4.0,0.39999999999999997,0.5
277814,DoS attacks-Slowloris,DoS attacks-Slowloris,0.2,1.0,,1.0,0.1111111111111111,1.0,,1.0,0.25,4.0,0.39999999999999997,0.5
278182,Brute Force -Web,Brute Force -Web,0.0,0.0,,,0.25,2.0,-0.9999999999999999,1.0,0.17647058823529413,3.0,-1.0,1.0
279085,DoS attacks-GoldenEye,DoS attacks-GoldenEye,0.2,1.0,,1.0,0.25,2.0,0.9999999999999999,1.0,0.17647058823529413,3.0,1.0,1.0
280267,FTP-BruteForce,FTP-BruteForce,0.2,1.0,,1.0,0.1111111111111111,1.0,,1.0,0.3333333333333333,5.0,0.7999999999999999,0.6
280531,FTP-BruteForce,FTP-BruteForce,0.2,1.0,,1.0,0.25,2.0,0.9999999999999999,0.5,0.42857142857142855,6.0,-0.08571428571428573,0.8333333333333334
280654,DDoS attacks-LOIC-HTTP,DDoS attacks-LOIC-HTTP,0.5,2.0,-0.9999999999999999,1.0,0.6666666666666666,4.0,-0.39999999999999997,1.0,0.3333333333333333,5.0,0.3,1.0
281156,DDOS attack-LOIC-UDP,DDOS attack-LOIC-UDP,0.5,2.0,0.9999999999999999,1.0,0.25,2.0,0.9999999999999999,1.0,0.3333333333333333,5.0,0.7,0.8
281657,Benign,Benign,0.2,1.0,,1.0,0.1111111111111111,1.0,,1.0,0.17647058823529413,3.0,1.0,1.0
281860,SSH-Bruteforce,SSH-Bruteforce,0.2,1.0,,1.0,0.6666666666666666,4.0,0.19999999999999998,1.0,0.42857142857142855,6.0,0.7714285714285715,1.0
282645,DDoS attacks-LOIC-HTTP,DDoS attacks-LOIC-HTTP,0.2,1.0,,1.0,0.25,2.0,0.9999999999999999,1.0,0.42857142857142855,6.0,0.8285714285714287,1.0
283080,FTP-BruteForce,FTP-BruteForce,0.2,1.0,,1.0,0.1111111111111111,1.0,,1.0,0.25,4.0,0.7999999999999999,0.75
283133,DoS attacks-Hulk,DoS attacks-Hulk,0.2,1.0,,1.0,0.25,2.0,0.9999999999999999,1.0,0.17647058823529413,3.0,0.5,1.0
283848,Brute Force -Web,Brute Force -Web,0.2,1.0,,1.0,0.42857142857142855,3.0,0.5,1.0,0.17647058823529413,3.0,0.5,1.0
285682,SSH-Bruteforce,SSH-Bruteforce,0.5,2.0,0.9999999999999999,1.0,0.42857142857142855,3.0,0.5,1.0,0.3333333333333333,5.0,0.49999999999999994,1.0
285799,DDoS attacks-LOIC-HTTP,DDoS attacks-LOIC-HTTP,0.2,1.0,,1.0,0.42857142857142855,3.0,-0.5,1.0,0.17647058823529413,3.0,-0.5,1.0
286012,DDOS attack-LOIC-UDP,DDOS attack-LOIC-UDP,0.5,2.0,0.9999999999999999,1.0,0.42857142857142855,3.0,1.0,1.0,0.25,4.0,1.0,0.75
286975,Brute Force -XSS,Brute Force -XSS,0.2,1.0,,1.0,0.1111111111111111,1.0,,1.0,0.3333333333333333,5.0,0.09999999999999999,1.0
287311,DDoS attacks-LOIC-HTTP,DDoS attacks-LOIC-HTTP,0.2,1.0,,1.0,0.25,2.0,-0.9999999999999999,0.5,0.17647058823529413,3.0,-0.5,0.6666666666666666
287602,Benign,Benign,0.2,1.0,,0.0,0.25,2.0,-0.9999999999999999,0.5,0.25,4.0,-0.39999999999999997,0.75
287792,DDOS attack-LOIC-UDP,DDOS attack-LOIC-UDP,0.5,2.0,0.9999999999999999,1.0,0.25,2.0,0.9999999999999999,1.0,0.25,4.0,0.7999999999999999,0.75
287797,DDoS attacks-LOIC-HTTP,DDoS attacks-LOIC-HTTP,0.2,1.0,,1.0,0.42857142857142855,3.0,-0.5,0.3333333333333333,0.5384615384615384,7.0,-0.1785714285714286,0.5714285714285714
287878,DDOS attack-LOIC-UDP,DDOS attack-LOIC-UDP,0.5,2.0,0.9999999999999999,1.0,0.25,2.0,0.9999999999999999,1.0,0.25,4.0,1.0,0.75
288495,DDOS attack-LOIC-UDP,DDOS attack-LOIC-UDP,0.5,2.0,0.9999999999999999,1.0,0.25,2.0,0.9999999999999999,1.0,0.25,4.0,0.7999999999999999,0.75
288753,Brute Force -XSS,Brute Force -XSS,0.0,0.0,,,0.1111111111111111,1.0,,1.0,0.5384615384615384,7.0,0.0,1.0
289382,SSH-Bruteforce,SSH-Bruteforce,0.5,2.0,0.9999999999999999,1.0,0.42857142857142855,3.0,0.5,1.0,0.3333333333333333,5.0,0.7,1.0
289408,DDOS attack-HOIC,DDOS attack-HOIC,0.5,2.0,0.9999999999999999,1.0,0.25,2.0,0.9999999999999999,1.0,0.1111111111111111,2.0,0.9999999999999999,1.0
289834,DoS attacks-GoldenEye,DoS attacks-GoldenEye,0.2,1.0,,1.0,0.1111111111111111,1.0,,1.0,0.17647058823529413,3.0,1.0,1.0
290931,Infilteration,Infilteration,0.0,0.0,,,0.0,0.0,,,0.1111111111111111,2.0,-0.9999999999999999,0.5
291046,Bot,Bot,0.5,2.0,0.9999999999999999,1.0,0.25,2.0,0.9999999999999999,1.0,0.25,4.0,0.7999999999999999,1.0
291486,SSH-Bruteforce,SSH-Bruteforce,0.5,2.0,0.9999999999999999,1.0,0.6666666666666666,4.0,0.39999999999999997,1.0,0.3333333333333333,5.0,0.7,1.0
291573,DoS attacks-Hulk,DoS attacks-Hulk,0.2,1.0,,1.0,0.1111111111111111,1.0,,1.0,0.1111111111111111,2.0,0.9999999999999999,1.0
292359,DDOS attack-HOIC,DDOS attack-HOIC,0.5,2.0,0.9999999999999999,1.0,0.42857142857142855,3.0,1.0,1.0,0.25,4.0,1.0,0.75
292364,DDoS attacks-LOIC-HTTP,DDoS attacks-LOIC-HTTP,0.5,2.0,-0.9999999999999999,0.5,0.25,2.0,-0.9999999999999999,0.5,0.25,4.0,-0.39999999999999997,0.5
292602,DoS attacks-Slowloris,DoS attacks-Slowloris,0.2,1.0,,1.0,0.1111111111111111,1.0,,1.0,0.17647058823529413,3.0,1.0,0.3333333333333333
292855,DDoS attacks-LOIC-HTTP,DDoS attacks-LOIC-HTTP,0.5,2.0,-0.9999999999999999,0.5,0.42857142857142855,3.0,-0.5,0.3333333333333333,0.3333333333333333,5.0,-0.3,0.6
292965,DoS attacks-GoldenEye,DoS attacks-GoldenEye,0.2,1.0,,1.0,0.1111111111111111,1.0,,1.0,0.25,4.0,0.39999999999999997,1.0
293180,Bot,Bot,0.5,2.0,0.9999999999999999,1.0,0.25,2.0,0.9999999999999999,1.0,0.3333333333333333,5.0,0.6,0.8
294297,DoS attacks-Hulk,DoS attacks-Hulk,0.2,1.0,,1.0,0.1111111111111111,1.0,,1.0,0.17647058823529413,3.0,0.5,1.0
294434,SQL Injection,SQL Injection,0.0,0.0,,,0.0,0.0,,,0.05263157894736842,1.0,,1.0
294469,DoS attacks-Slowloris,DoS attacks-Slowloris,0.2,1.0,,1.0,0.1111111111111111,1.0,,1.0,0.17647058823529413,3.0,0.5,1.0
295399,Infilteration,Infilteration,0.0,0.0,,,0.0,0.0,,,0.1111111111111111,2.0,-0.9999999999999999,0.5
296840,DoS attacks-SlowHTTPTest,DoS attacks-SlowHTTPTest,0.2,1.0,,1.0,0.1111111111111111,1.0,,1.0,0.25,4.0,0.39999999999999997,1.0
296971,DoS attacks-GoldenEye,DoS attacks-GoldenEye,0.2,1.0,,1.0,0.25,2.0,0.9999999999999999,1.0,0.17647058823529413,3.0,1.0,1.0
297650,FTP-BruteForce,FTP-BruteForce,0.2,1.0,,1.0,0.1111111111111111,1.0,,1.0,0.3333333333333333,5.0,0.7,0.6
297866,Brute Force -Web,Brute Force -Web,0.2,1.0,,1.0,0.1111111111111111,1.0,,1.0,0.25,4.0,0.39999999999999997,1.0
298749,DDOS attack-HOIC,DDOS attack-HOIC,0.5,2.0,0.9999999999999999,1.0,0.42857142857142855,3.0,1.0,1.0,0.17647058823529413,3.0,1.0,1.0
299303,DDoS attacks-LOIC-HTTP,DDoS attacks-LOIC-HTTP,0.5,2.0,0.9999999999999999,1.0,0.6666666666666666,4.0,-0.19999999999999998,1.0,0.42857142857142855,6.0,0.6,1.0
299907,Infilteration,Infilteration,0.0,0.0,,,0.1111111111111111,1.0,,0.0,0.17647058823529413,3.0,0.5,0.6666666666666666
300186,DoS attacks-Slowloris,DoS attacks-Slowloris,0.2,1.0,,1.0,0.25,2.0,0.9999999999999999,1.0,0.25,4.0,0.7999999999999999,1.0
300727,DDOS attack-LOIC-UDP,DDOS attack-LOIC-UDP,0.5,2.0,0.9999999999999999,1.0,0.25,2.0,0.9999999999999999,1.0,0.25,4.0,0.7999999999999999,0.75
301061,DDOS attack-HOIC,DDOS attack-HOIC,0.5,2.0,0.9999999999999999,1.0,0.6666666666666666,4.0,0.7999999999999999,1.0,0.25,4.0,0.7999999999999999,1.0
302291,Brute Force -Web,Brute Force -Web,0.2,1.0,,1.0,0.1111111111111111,1.0,,1.0,0.1111111111111111,2.0,0.9999999999999999,1.0
303174,Benign,Benign,0.0,0.0,,,0.1111111111111111,1.0,,1.0,0.17647058823529413,3.0,-1.0,0.6666666666666666
304762,Benign,Benign,0.0,0.0,,,0.1111111111111111,1.0,,0.0,0.25,4.0,0.0,0.75
305787,SSH-Bruteforce,SSH-Bruteforce,0.5,2.0,0.9999999999999999,1.0,0.42857142857142855,3.0,0.5,1.0,0.17647058823529413,3.0,0.5,1.0
306105,Benign,Benign,0.0,0.0,,,0.1111111111111111,1.0,,1.0,0.1111111111111111,2.0,-0.9999999999999999,1.0
307181,Bot,Bot,0.5,2.0,0.9999999999999999,1.0,0.25,2.0,0.9999999999999999,1.0,0.17647058823529413,3.0,1.0,0.6666666666666666
307260,Benign,Benign,0.0,0.0,,,0.25,2.0,0.9999999999999999,1.0,0.17647058823529413,3.0,1.0,1.0
307982,Brute Force -Web,Brute Force -Web,0.2,1.0,,1.0,0.1111111111111111,1.0,,1.0,0.17647058823529413,3.0,0.5,1.0
308683,Bot,Bot,0.5,2.0,0.9999999999999999,1.0,0.25,2.0,0.9999999999999999,1.0,0.25,4.0,0.7999999999999999,1.0
308733,Infilteration,Infilteration,0.0,0.0,,,0.0,0.0,,,0.1111111111111111,2.0,-0.9999999999999999,0.0
309128,FTP-BruteForce,FTP-BruteForce,0.2,1.0,,1.0,0.25,2.0,0.9999999999999999,1.0,0.3333333333333333,5.0,0.8999999999999998,0.6
309794,Infilteration,Infilteration,0.0,0.0,,,0.0,0.0,,,0.17647058823529413,3.0,-1.0,0.0
309889,FTP-BruteForce,FTP-BruteForce,0.2,1.0,,1.0,0.1111111111111111,1.0,,1.0,0.3333333333333333,5.0,0.09999999999999999,0.8
310027,DDoS attacks-LOIC-HTTP,DDoS attacks-LOIC-HTTP,0.2,1.0,,1.0,0.25,2.0,-0.9999999999999999,0.5,0.3333333333333333,5.0,-0.3,0.6
310305,DoS attacks-GoldenEye,DoS attacks-GoldenEye,0.2,1.0,,1.0,0.1111111111111111,1.0,,1.0,0.17647058823529413,3.0,0.5,1.0
310445,Benign,Benign,0.0,0.0,,,0.1111111111111111,1.0,,1.0,0.25,4.0,0.7999999999999999,1.0
310457,SSH-Bruteforce,SSH-Bruteforce,0.2,1.0,,1.0,0.25,2.0,0.9999999999999999,1.0,0.3333333333333333,5.0,0.7,1.0
310702,DoS attacks-Slowloris,DoS attacks-Slowloris,0.2,1.0,,1.0,0.1111111111111111,1.0,,1.0,0.17647058823529413,3.0,-0.5,0.6666666666666666
310796,DoS attacks-Hulk,DoS attacks-Hulk,0.2,1.0,,1.0,0.1111111111111111,1.0,,1.0,0.25,4.0,1.0,1.0
310997,DDOS attack-LOIC-UDP,DDOS attack-LOIC-UDP,0.5,2.0,0.9999999999999999,1.0,0.25,2.0,0.9999999999999999,1.0,0.25,4.0,0.7999999999999999,0.75
311497,DoS attacks-Hulk,DoS attacks-Hulk,0.2,1.0,,1.0,0.1111111111111111,1.0,,1.0,0.25,4.0,0.39999999999999997,1.0
311643,DoS attacks-Hulk,DoS attacks-Hulk,0.2,1.0,,1.0,0.1111111111111111,1.0,,1.0,0.25,4.0,0.7999999999999999,1.0
311685,Infilteration,Infilteration,0.0,0.0,,,0.1111111111111111,1.0,,1.0,0.1111111111111111,2.0,0.9999999999999999,1.0
312043,Benign,Benign,0.2,1.0,,1.0,0.1111111111111111,1.0,,1.0,0.25,4.0,0.39999999999999997,0.75
312105,DoS attacks-Slowloris,DoS attacks-Slowloris,0.2,1.0,,1.0,0.1111111111111111,1.0,,1.0,0.17647058823529413,3.0,1.0,0.3333333333333333
312336,Bot,Bot,0.5,2.0,0.9999999999999999,1.0,0.25,2.0,0.9999999999999999,1.0,0.17647058823529413,3.0,1.0,0.6666666666666666
312371,Infilteration,Infilteration,0.0,0.0,,,0.0,0.0,,,0.05263157894736842,1.0,,0.0
313063,DDoS attacks-LOIC-HTTP,DDoS attacks-LOIC-HTTP,0.0,0.0,,,0.42857142857142855,3.0,0.5,0.3333333333333333,0.3333333333333333,5.0,-0.3,0.6
313529,Brute Force -XSS,Brute Force -XSS,0.0,0.0,,,0.0,0.0,,,0.17647058823529413,3.0,-0.5,1.0
313667,DDOS attack-LOIC-UDP,DDOS attack-LOIC-UDP,0.5,2.0,0.9999999999999999,1.0,0.42857142857142855,3.0,1.0,0.6666666666666666,0.3333333333333333,5.0,0.7,0.6
314084,DoS attacks-Hulk,DoS attacks-Hulk,0.2,1.0,,1.0,0.25,2.0,0.9999999999999999,1.0,0.17647058823529413,3.0,0.5,1.0
314183,Brute Force -XSS,Brute Force -XSS,0.0,0.0,,,0.1111111111111111,1.0,,1.0,0.1111111111111111,2.0,-0.9999999999999999,1.0
314218,DDoS attacks-LOIC-HTTP,DDoS attacks-LOIC-HTTP,0.2,1.0,,1.0,0.1111111111111111,1.0,,1.0,0.3333333333333333,5.0,-0.39999999999999997,0.8
315063,Brute Force -Web,Brute Force -Web,0.0,0.0,,,0.25,2.0,-0.9999999999999999,1.0,0.25,4.0,0.0,1.0
315332,Benign,Benign,0.0,0.0,,,0.0,0.0,,,0.17647058823529413,3.0,1.0,1.0
315394,Benign,Benign,0.0,0.0,,,0.1111111111111111,1.0,,0.0,0.3333333333333333,5.0,-0.7999999999999999,0.6
315426,DDOS attack-LOIC-UDP,DDOS attack-LOIC-UDP,0.5,2.0,0.9999999999999999,1.0,0.42857142857142855,3.0,1.0,1.0,0.25,4.0,1.0,1.0
317120,Brute Force -XSS,Brute Force -XSS,0.2,1.0,,1.0,0.1111111111111111,1.0,,1.0,0.17647058823529413,3.0,0.5,0.6666666666666666
317310,DDOS attack-HOIC,DDOS attack-HOIC,0.5,2.0,0.9999999999999999,1.0,0.25,2.0,0.9999999999999999,1.0,0.17647058823529413,3.0,1.0,1.0
318492,Brute Force -Web,Brute Force -Web,0.0,0.0,,,0.1111111111111111,1.0,,1.0,0.25,4.0,-0.19999999999999998,1.0
318843,DDOS attack-HOIC,DDOS attack-HOIC,0.5,2.0,0.9999999999999999,1.0,0.25,2.0,0.9999999999999999,1.0,0.25,4.0,0.7999999999999999,1.0
319416,DoS attacks-Slowloris,DoS attacks-Slowloris,0.2,1.0,,1.0,0.1111111111111111,1.0,,1.0,0.1111111111111111,2.0,-0.9999999999999999,1.0
319640,DoS attacks-Slowloris,DoS attacks-Slowloris,0.2,1.0,,1.0,0.1111111111111111,1.0,,1.0,0.1111111111111111,2.0,0.9999999999999999,1.0
319710,SSH-Bruteforce,SSH-Bruteforce,0.2,1.0,,1.0,0.6666666666666666,4.0,0.39999999999999997,1.0,0.3333333333333333,5.0,0.7,1.0
320905,DDoS attacks-LOIC-HTTP,DDoS attacks-LOIC-HTTP,0.2,1.0,,1.0,0.25,2.0,0.9999999999999999,0.5,0.3333333333333333,5.0,0.49999999999999994,0.6
320952,Brute Force -XSS,Brute Force -XSS,0.0,0.0,,,0.1111111111111111,1.0,,1.0,0.17647058823529413,3.0,-1.0,1.0
321040,SSH-Bruteforce,SSH-Bruteforce,0.5,2.0,0.9999999999999999,1.0,0.42857142857142855,3.0,0.5,1.0,0.25,4.0,0.7999999999999999,1.0
321097,DDoS attacks-LOIC-HTTP,DDoS attacks-LOIC-HTTP,0.5,2.0,-0.9999999999999999,0.5,0.42857142857142855,3.0,-0.5,0.3333333333333333,0.3333333333333333,5.0,-0.3,0.6
321790,FTP-BruteForce,FTP-BruteForce,0.2,1.0,,1.0,0.25,2.0,0.9999999999999999,1.0,0.42857142857142855,6.0,0.8857142857142858,0.5
322220,Bot,Bot,0.5,2.0,0.9999999999999999,1.0,0.25,2.0,0.9999999999999999,1.0,0.25,4.0,0.7999999999999999,0.75
323255,DDoS attacks-LOIC-HTTP,DDoS attacks-LOIC-HTTP,0.2,1.0,,1.0,0.42857142857142855,3.0,-0.5,1.0,0.17647058823529413,3.0,-0.5,1.0
323541,FTP-BruteForce,FTP-BruteForce,0.2,1.0,,1.0,0.1111111111111111,1.0,,1.0,0.25,4.0,0.19999999999999998,1.0
323699,DDOS attack-HOIC,DDOS attack-HOIC,0.5,2.0,0.9999999999999999,1.0,0.6666666666666666,4.0,1.0,1.0,0.3333333333333333,5.0,0.9999999999999999,1.0
324056,FTP-BruteForce,FTP-BruteForce,0.2,1.0,,1.0,0.25,2.0,0.9999999999999999,0.5,0.5384615384615384,7.0,0.0,0.7142857142857143
324210,Benign,Benign,0.0,0.0,,,0.0,0.0,,,0.17647058823529413,3.0,-0.5,0.6666666666666666
324227,FTP-BruteForce,FTP-BruteForce,0.2,1.0,,1.0,0.1111111111111111,1.0,,1.0,0.42857142857142855,6.0,0.08571428571428573,0.8333333333333334
325045,SSH-Bruteforce,SSH-Bruteforce,0.5,2.0,0.9999999999999999,1.0,0.42857142857142855,3.0,0.5,1.0,0.5384615384615384,7.0,0.5357142857142858,1.0
325470,Infilteration,Infilteration,0.2,1.0,,1.0,0.1111111111111111,1.0,,1.0,0.25,4.0,0.7999999999999999,0.5
326102,Bot,Bot,0.5,2.0,0.9999999999999999,1.0,0.25,2.0,0.9999999999999999,1.0,0.17647058823529413,3.0,1.0,0.6666666666666666
326526,DoS attacks-SlowHTTPTest,DoS attacks-SlowHTTPTest,0.2,1.0,,1.0,0.25,2.0,0.9999999999999999,1.0,0.42857142857142855,6.0,0.5428571428571429,1.0
326818,DoS attacks-Slowloris,DoS attacks-Slowloris,0.2,1.0,,1.0,0.1111111111111111,1.0,,1.0,0.1111111111111111,2.0,-0.9999999999999999,1.0
326858,Benign,Benign,0.0,0.0,,,0.0,0.0,,,0.1111111111111111,2.0,-0.9999999999999999,0.5
326905,FTP-BruteForce,FTP-BruteForce,0.5,2.0,0.9999999999999999,1.0,0.25,2.0,0.9999999999999999,1.0,0.42857142857142855,6.0,0.3142857142857143,0.8333333333333334
328165,DoS attacks-Slowloris,DoS attacks-Slowloris,0.2,1.0,,1.0,0.25,2.0,0.9999999999999999,1.0,0.42857142857142855,6.0,1.0,1.0
328754,Infilteration,Infilteration,0.0,0.0,,,0.0,0.0,,,0.05263157894736842,1.0,,0.0
328840,Benign,Benign,0.0,0.0,,,0.25,2.0,-0.9999999999999999,0.5,0.25,4.0,-0.39999999999999997,0.75
329146,SSH-Bruteforce,SSH-Bruteforce,0.5,2.0,0.9999999999999999,1.0,0.42857142857142855,3.0,0.5,1.0,0.3333333333333333,5.0,0.49999999999999994,1.0
329442,SSH-Bruteforce,SSH-Bruteforce,0.5,2.0,0.9999999999999999,1.0,0.42857142857142855,3.0,0.5,1.0,0.3333333333333333,5.0,0.49999999999999994,1.0
329485,DoS attacks-GoldenEye,DoS attacks-GoldenEye,0.5,2.0,0.9999999999999999,1.0,0.25,2.0,0.9999999999999999,1.0,0.17647058823529413,3.0,1.0,1.0
329947,SSH-Bruteforce,SSH-Bruteforce,0.2,1.0,,1.0,0.42857142857142855,3.0,0.5,1.0,0.5384615384615384,7.0,0.42857142857142866,1.0
330383,Bot,Bot,0.5,2.0,-0.9999999999999999,1.0,0.42857142857142855,3.0,0.5,0.6666666666666666,0.17647058823529413,3.0,0.5,0.6666666666666666
331386,DoS attacks-GoldenEye,DoS attacks-GoldenEye,0.2,1.0,,1.0,0.42857142857142855,3.0,0.5,1.0,0.25,4.0,0.7999999999999999,1.0
331439,DDoS attacks-LOIC-HTTP,DDoS attacks-LOIC-HTTP,0.5,2.0,-0.9999999999999999,0.5,0.42857142857142855,3.0,-0.5,0.3333333333333333,0.3333333333333333,5.0,-0.39999999999999997,0.6
331547,DDoS attacks-LOIC-HTTP,DDoS attacks-LOIC-HTTP,0.5,2.0,-0.9999999999999999,0.5,0.25,2.0,-0.9999999999999999,0.5,0.25,4.0,-0.39999999999999997,0.5
332391,DoS attacks-GoldenEye,DoS attacks-GoldenEye,0.5,2.0,0.9999999999999999,1.0,0.25,2.0,0.9999999999999999,1.0,0.25,4.0,1.0,1.0
332458,DDOS attack-LOIC-UDP,DDOS attack-LOIC-UDP,0.5,2.0,0.9999999999999999,1.0,0.25,2.0,0.9999999999999999,1.0,0.25,4.0,0.7999999999999999,0.75
332537,FTP-BruteForce,FTP-BruteForce,0.2,1.0,,1.0,0.25,2.0,0.9999999999999999,1.0,0.3333333333333333,5.0,0.7,0.8
332562,DDOS attack-HOIC,DDOS attack-HOIC,0.2,1.0,,1.0,0.42857142857142855,3.0,1.0,1.0,0.3333333333333333,5.0,0.8999999999999998,0.8
333222,Benign,Benign,0.0,0.0,,,0.1111111111111111,1.0,,0.0,0.3333333333333333,5.0,-0.7999999999999999,0.6
333648,DDoS attacks-LOIC-HTTP,DDoS attacks-LOIC-HTTP,0.0,0.0,,,0.25,2.0,-0.9999999999999999,0.5,0.25,4.0,-0.7999999999999999,0.5
335584,DoS attacks-GoldenEye,DoS attacks-GoldenEye,0.5,2.0,0.9999999999999999,1.0,0.25,2.0,0.9999999999999999,1.0,0.3333333333333333,5.0,0.7,1.0
336241,DoS attacks-SlowHTTPTest,DoS attacks-SlowHTTPTest,0.2,1.0,,1.0,0.25,2.0,0.9999999999999999,1.0,0.42857142857142855,6.0,0.48571428571428577,0.8333333333333334
336566,Bot,Bot,0.5,2.0,-0.9999999999999999,1.0,0.25,2.0,-0.9999999999999999,1.0,0.17647058823529413,3.0,0.5,0.6666666666666666
338824,Brute Force -XSS,Brute Force -XSS,0.2,1.0,,1.0,0.25,2.0,-0.9999999999999999,1.0,0.42857142857142855,6.0,0.08571428571428573,1.0
339667,Brute Force -Web,Brute Force -Web,0.2,1.0,,1.0,0.1111111111111111,1.0,,1.0,0.1111111111111111,2.0,0.9999999999999999,1.0
339672,Bot,Bot,0.5,2.0,0.9999999999999999,1.0,0.25,2.0,0.9999999999999999,1.0,0.25,4.0,0.7999999999999999,0.75
340658,DoS attacks-Slowloris,DoS attacks-Slowloris,0.2,1.0,,1.0,0.1111111111111111,1.0,,1.0,0.17647058823529413,3.0,1.0,0.3333333333333333
340972,DoS attacks-GoldenEye,DoS attacks-GoldenEye,0.2,1.0,,1.0,0.25,2.0,0.9999999999999999,1.0,0.25,4.0,0.7999999999999999,0.75
342541,Bot,Bot,0.5,2.0,0.9999999999999999,1.0,0.25,2.0,0.9999999999999999,1.0,0.3333333333333333,5.0,0.6,0.8
343740,DoS attacks-Hulk,DoS attacks-Hulk,0.2,1.0,,1.0,0.1111111111111111,1.0,,1.0,0.1111111111111111,2.0,0.9999999999999999,1.0
344079,DoS attacks-GoldenEye,DoS attacks-GoldenEye,0.5,2.0,0.9999999999999999,1.0,0.25,2.0,0.9999999999999999,1.0,0.25,4.0,0.7999999999999999,1.0
344525,DoS attacks-SlowHTTPTest,DoS attacks-SlowHTTPTest,0.2,1.0,,1.0,0.25,2.0,0.9999999999999999,1.0,0.3333333333333333,5.0,0.9999999999999999,1.0
344533,DoS attacks-Hulk,DoS attacks-Hulk,0.2,1.0,,1.0,0.1111111111111111,1.0,,1.0,0.17647058823529413,3.0,0.5,1.0
344633,Bot,Bot,0.2,1.0,,1.0,0.25,2.0,0.9999999999999999,1.0,0.3333333333333333,5.0,0.7,0.8
345186,DDOS attack-HOIC,DDOS attack-HOIC,0.5,2.0,0.9999999999999999,1.0,0.25,2.0,0.9999999999999999,1.0,0.3333333333333333,5.0,0.6,1.0
346512,Brute Force -XSS,Brute Force -XSS,0.0,0.0,,,0.0,0.0,,,0.25,4.0,1.0,1.0
348298,FTP-BruteForce,FTP-BruteForce,0.2,1.0,,1.0,0.1111111111111111,1.0,,1.0,0.3333333333333333,5.0,0.7,0.8
348721,Benign,Benign,0.0,0.0,,,0.0,0.0,,,0.25,4.0,0.7999999999999999,1.0
348766,DoS attacks-Hulk,DoS attacks-Hulk,0.2,1.0,,1.0,0.1111111111111111,1.0,,1.0,0.25,4.0,0.19999999999999998,1.0
349906,Brute Force -Web,Brute Force -Web,0.0,0.0,,,0.0,0.0,,,0.17647058823529413,3.0,-1.0,1.0
349945,Infilteration,Infilteration,0.0,0.0,,,0.0,0.0,,,0.05263157894736842,1.0,,0.0
350502,Benign,Benign,0.0,0.0,,,0.1111111111111111,1.0,,1.0,0.25,4.0,1.0,1.0
351629,DDoS attacks-LOIC-HTTP,DDoS attacks-LOIC-HTTP,0.5,2.0,-0.9999999999999999,0.5,0.25,2.0,-0.9999999999999999,0.5,0.3333333333333333,5.0,-0.09999999999999999,0.4
352406,DoS attacks-SlowHTTPTest,DoS attacks-SlowHTTPTest,0.2,1.0,,1.0,0.1111111111111111,1.0,,1.0,0.3333333333333333,5.0,0.09999999999999999,1.0
352421,DoS attacks-SlowHTTPTest,DoS attacks-SlowHTTPTest,0.2,1.0,,1.0,0.25,2.0,0.9999999999999999,0.5,0.42857142857142855,6.0,0.4285714285714286,0.5
353051,Infilteration,Infilteration,0.0,0.0,,,0.0,0.0,,,0.1111111111111111,2.0,-0.9999999999999999,0.0
353305,DDOS attack-HOIC,DDOS attack-HOIC,0.5,2.0,0.9999999999999999,1.0,0.25,2.0,0.9999999999999999,1.0,0.17647058823529413,3.0,1.0,1.0
353346,DoS attacks-Slowloris,DoS attacks-Slowloris,0.2,1.0,,1.0,0.1111111111111111,1.0,,1.0,0.25,4.0,0.39999999999999997,0.5
353691,DoS attacks-GoldenEye,DoS attacks-GoldenEye,0.2,1.0,,1.0,0.1111111111111111,1.0,,1.0,0.1111111111111111,2.0,0.9999999999999999,1.0
353766,DoS attacks-SlowHTTPTest,DoS attacks-SlowHTTPTest,0.2,1.0,,1.0,0.25,2.0,0.9999999999999999,1.0,0.6666666666666666,8.0,0.38095238095238104,0.75
354580,DDoS attacks-LOIC-HTTP,DDoS attacks-LOIC-HTTP,0.5,2.0,-0.9999999999999999,0.5,0.25,2.0,-0.9999999999999999,0.5,0.3333333333333333,5.0,0.0,0.6
354905,DDoS attacks-LOIC-HTTP,DDoS attacks-LOIC-HTTP,0.5,2.0,-0.9999999999999999,0.5,0.42857142857142855,3.0,-0.5,0.3333333333333333,0.3333333333333333,5.0,-0.3,0.6
356751,Brute Force -Web,Brute Force -Web,0.2,1.0,,1.0,0.1111111111111111,1.0,,1.0,0.1111111111111111,2.0,-0.9999999999999999,1.0
356787,DoS attacks-GoldenEye,DoS attacks-GoldenEye,0.2,1.0,,1.0,0.25,2.0,0.9999999999999999,1.0,0.25,4.0,0.7999999999999999,1.0
358097,SQL Injection,SQL Injection,0.0,0.0,,,0.0,0.0,,,0.1111111111111111,2.0,-0.9999999999999999,1.0
359145,DoS attacks-SlowHTTPTest,DoS attacks-SlowHTTPTest,0.2,1.0,,1.0,0.1111111111111111,1.0,,1.0,0.3333333333333333,5.0,0.39999999999999997,1.0
359537,Benign,Benign,0.0,0.0,,,0.1111111111111111,1.0,,0.0,0.17647058823529413,3.0,-0.5,0.6666666666666666
361156,DDOS attack-HOIC,DDOS attack-HOIC,0.5,2.0,0.9999999999999999,1.0,0.25,2.0,0.9999999999999999,1.0,0.25,4.0,0.7999999999999999,1.0
361519,DDOS attack-LOIC-UDP,DDOS attack-LOIC-UDP,0.5,2.0,0.9999999999999999,1.0,0.42857142857142855,3.0,1.0,1.0,0.25,4.0,1.0,0.75
362368,DoS attacks-GoldenEye,DoS attacks-GoldenEye,0.5,2.0,0.9999999999999999,1.0,0.42857142857142855,3.0,1.0,1.0,0.3333333333333333,5.0,0.8999999999999998,1.0
362492,Bot,Bot,0.5,2.0,-0.9999999999999999,1.0,0.25,2.0,-0.9999999999999999,1.0,0.1111111111111111,2.0,-0.9999999999999999,1.0
362851,DoS attacks-GoldenEye,DoS attacks-GoldenEye,0.2,1.0,,1.0,0.25,2.0,0.9999999999999999,1.0,0.25,4.0,1.0,0.75
363455,SSH-Bruteforce,SSH-Bruteforce,0.2,1.0,,1.0,0.6666666666666666,4.0,0.19999999999999998,1.0,0.3333333333333333,5.0,0.6,1.0
363664,DoS attacks-Slowloris,DoS attacks-Slowloris,0.2,1.0,,1.0,0.1111111111111111,1.0,,1.0,0.17647058823529413,3.0,1.0,0.3333333333333333
363688,DoS attacks-GoldenEye,DoS attacks-GoldenEye,0.2,1.0,,1.0,0.25,2.0,0.9999999999999999,1.0,0.17647058823529413,3.0,0.5,1.0
363715,DDOS attack-LOIC-UDP,DDOS attack-LOIC-UDP,0.5,2.0,0.9999999999999999,1.0,0.42857142857142855,3.0,1.0,1.0,0.25,4.0,1.0,0.75
364235,DDoS attacks-LOIC-HTTP,DDoS attacks-LOIC-HTTP,0.2,1.0,,1.0,0.42857142857142855,3.0,-0.5,1.0,0.3333333333333333,5.0,-0.49999999999999994,1.0
364645,FTP-BruteForce,FTP-BruteForce,0.2,1.0,,1.0,0.1111111111111111,1.0,,1.0,0.42857142857142855,6.0,0.4285714285714286,0.8333333333333334
364927,SSH-Bruteforce,SSH-Bruteforce,0.5,2.0,0.9999999999999999,1.0,0.6666666666666666,4.0,0.39999999999999997,1.0,0.42857142857142855,6.0,0.7714285714285715,1.0
365110,DDOS attack-LOIC-UDP,DDOS attack-LOIC-UDP,0.5,2.0,0.9999999999999999,1.0,0.25,2.0,0.9999999999999999,1.0,0.25,4.0,1.0,0.75
365136,Infilteration,Infilteration,0.0,0.0,,,0.0,0.0,,,0.1111111111111111,2.0,0.9999999999999999,0.0
365833,Brute Force -Web,Brute Force -Web,0.0,0.0,,,0.1111111111111111,1.0,,1.0,0.05263157894736842,1.0,,1.0
366290,Brute Force -Web,Brute Force -Web,0.0,0.0,,,0.1111111111111111,1.0,,1.0,0.05263157894736842,1.0,,1.0
366662,FTP-BruteForce,FTP-BruteForce,0.2,1.0,,1.0,0.1111111111111111,1.0,,1.0,0.25,4.0,0.39999999999999997,0.75
366663,DoS attacks-GoldenEye,DoS attacks-GoldenEye,0.5,2.0,0.9999999999999999,1.0,0.25,2.0,0.9999999999999999,1.0,0.17647058823529413,3.0,1.0,1.0
367918,DoS attacks-Hulk,DoS attacks-Hulk,0.2,1.0,,1.0,0.1111111111111111,1.0,,1.0,0.25,4.0,0.39999999999999997,1.0
368211,SSH-Bruteforce,SSH-Bruteforce,0.2,1.0,,1.0,0.42857142857142855,3.0,0.5,1.0,0.17647058823529413,3.0,0.5,1.0
368802,Benign,Benign,0.0,0.0,,,0.0,0.0,,,0.1111111111111111,2.0,0.9999999999999999,1.0
369335,DoS attacks-Slowloris,DoS attacks-Slowloris,0.5,2.0,0.9999999999999999,1.0,0.25,2.0,0.9999999999999999,1.0,0.17647058823529413,3.0,0.5,1.0
369453,FTP-BruteForce,FTP-BruteForce,0.2,1.0,,1.0,0.1111111111111111,1.0,,1.0,0.42857142857142855,6.0,0.48571428571428577,0.6666666666666666
369740,FTP-BruteForce,FTP-BruteForce,0.2,1.0,,1.0,0.25,2.0,0.9999999999999999,1.0,0.25,4.0,0.7999999999999999,0.75
369784,DoS attacks-Hulk,DoS attacks-Hulk,0.2,1.0,,1.0,0.1111111111111111,1.0,,1.0,0.17647058823529413,3.0,0.5,1.0
369975,SSH-Bruteforce,SSH-Bruteforce,0.5,2.0,0.9999999999999999,1.0,0.42857142857142855,3.0,0.5,1.0,0.42857142857142855,6.0,0.48571428571428577,0.8333333333333334
370271,DoS attacks-Hulk,DoS attacks-Hulk,0.2,1.0,,1.0,0.25,2.0,0.9999999999999999,1.0,0.25,4.0,1.0,1.0
371195,DDOS attack-HOIC,DDOS attack-HOIC,0.5,2.0,0.9999999999999999,1.0,0.25,2.0,0.9999999999999999,1.0,0.25,4.0,0.7999999999999999,1.0
371468,DDOS attack-HOIC,DDOS attack-HOIC,0.5,2.0,0.9999999999999999,1.0,0.42857142857142855,3.0,1.0,1.0,0.25,4.0,1.0,0.75
372674,DoS attacks-Slowloris,DoS attacks-Slowloris,0.2,1.0,,1.0,0.1111111111111111,1.0,,1.0,0.3333333333333333,5.0,0.7,0.4
374398,Brute Force -XSS,Brute Force -XSS,0.0,0.0,,,0.0,0.0,,,0.25,4.0,-0.7999999999999999,1.0
375348,DDoS attacks-LOIC-HTTP,DDoS attacks-LOIC-HTTP,0.2,1.0,,1.0,0.42857142857142855,3.0,-0.5,0.3333333333333333,0.3333333333333333,5.0,-0.3,0.4
375398,DDOS attack-HOIC,DDOS attack-HOIC,0.5,2.0,0.9999999999999999,1.0,0.25,2.0,0.9999999999999999,1.0,0.25,4.0,1.0,1.0
376321,DoS attacks-GoldenEye,DoS attacks-GoldenEye,0.5,2.0,0.9999999999999999,1.0,0.42857142857142855,3.0,1.0,1.0,0.17647058823529413,3.0,1.0,1.0
376345,DoS attacks-Hulk,DoS attacks-Hulk,0.2,1.0,,1.0,0.1111111111111111,1.0,,1.0,0.17647058823529413,3.0,0.5,1.0
376563,DDoS attacks-LOIC-HTTP,DDoS attacks-LOIC-HTTP,0.5,2.0,-0.9999999999999999,0.5,0.25,2.0,-0.9999999999999999,0.5,0.3333333333333333,5.0,-0.39999999999999997,0.6
376618,Bot,Bot,0.5,2.0,0.9999999999999999,1.0,0.25,2.0,0.9999999999999999,1.0,0.1111111111111111,2.0,0.9999999999999999,1.0
376680,DoS attacks-SlowHTTPTest,DoS attacks-SlowHTTPTest,0.5,2.0,0.9999999999999999,1.0,0.25,2.0,0.9999999999999999,1.0,0.3333333333333333,5.0,0.3,1.0
376910,DDOS attack-LOIC-UDP,DDOS attack-LOIC-UDP,0.5,2.0,0.9999999999999999,1.0,0.6666666666666666,4.0,0.7999999999999999,0.75,0.25,4.0,0.7999999999999999,0.75
377236,Bot,Bot,0.5,2.0,-0.9999999999999999,1.0,0.25,2.0,-0.9999999999999999,1.0,0.17647058823529413,3.0,0.5,0.6666666666666666
377864,DDoS attacks-LOIC-HTTP,DDoS attacks-LOIC-HTTP,0.5,2.0,-0.9999999999999999,0.5,0.42857142857142855,3.0,-0.5,0.3333333333333333,0.3333333333333333,5.0,-0.39999999999999997,0.6
378164,DDOS attack-HOIC,DDOS attack-HOIC,0.5,2.0,0.9999999999999999,1.0,0.25,2.0,0.9999999999999999,1.0,0.17647058823529413,3.0,1.0,1.0
378382,Bot,Bot,0.5,2.0,0.9999999999999999,1.0,0.25,2.0,0.9999999999999999,1.0,0.3333333333333333,5.0,0.49999999999999994,0.6
378868,DDOS attack-LOIC-UDP,DDOS attack-LOIC-UDP,0.5,2.0,0.9999999999999999,1.0,0.42857142857142855,3.0,1.0,0.6666666666666666,0.25,4.0,0.7999999999999999,0.75
379134,DDoS attacks-LOIC-HTTP,DDoS attacks-LOIC-HTTP,0.5,2.0,-0.9999999999999999,1.0,0.42857142857142855,3.0,0.5,1.0,0.3333333333333333,5.0,0.6,1.0
379323,DDOS attack-LOIC-UDP,DDOS attack-LOIC-UDP,0.5,2.0,0.9999999999999999,1.0,0.42857142857142855,3.0,1.0,1.0,0.25,4.0,1.0,0.75
379791,SQL Injection,SQL Injection,0.0,0.0,,,0.0,0.0,,,0.3333333333333333,5.0,-0.8999999999999998,0.8
380253,Bot,Bot,0.5,2.0,0.9999999999999999,1.0,0.42857142857142855,3.0,1.0,0.6666666666666666,0.17647058823529413,3.0,1.0,0.6666666666666666
381870,DoS attacks-Hulk,DoS attacks-Hulk,0.2,1.0,,1.0,0.25,2.0,0.9999999999999999,1.0,0.17647058823529413,3.0,0.5,1.0
382053,Benign,Benign,0.0,0.0,,,0.1111111111111111,1.0,,1.0,0.25,4.0,0.39999999999999997,0.75
382638,DDoS attacks-LOIC-HTTP,DDoS attacks-LOIC-HTTP,0.5,2.0,-0.9999999999999999,0.5,0.42857142857142855,3.0,-0.5,0.3333333333333333,0.3333333333333333,5.0,-0.3,0.6
382654,DoS attacks-Slowloris,DoS attacks-Slowloris,0.2,1.0,,1.0,0.1111111111111111,1.0,,1.0,0.25,4.0,0.0,0.5
382878,Benign,Benign,0.0,0.0,,,0.1111111111111111,1.0,,0.0,0.25,4.0,0.39999999999999997,0.75
383016,FTP-BruteForce,FTP-BruteForce,0.2,1.0,,1.0,0.25,2.0,0.9999999999999999,1.0,0.42857142857142855,6.0,0.7714285714285715,0.6666666666666666
383599,Brute Force -Web,Brute Force -Web,0.0,0.0,,,0.1111111111111111,1.0,,1.0,0.25,4.0,-0.7999999999999999,1.0
384388,FTP-BruteForce,FTP-BruteForce,0.2,1.0,,1.0,0.1111111111111111,1.0,,1.0,0.5384615384615384,7.0,0.3214285714285715,0.5714285714285714
384785,Bot,Bot,0.5,2.0,0.9999999999999999,1.0,0.25,2.0,0.9999999999999999,1.0,0.17647058823529413,3.0,1.0,1.0
385328,DoS attacks-SlowHTTPTest,DoS attacks-SlowHTTPTest,0.2,1.0,,1.0,0.1111111111111111,1.0,,1.0,0.3333333333333333,5.0,0.19999999999999998,0.8
385336,Brute Force -Web,Brute Force -Web,0.0,0.0,,,0.1111111111111111,1.0,,1.0,0.17647058823529413,3.0,0.5,1.0
385602,DoS attacks-Slowloris,DoS attacks-Slowloris,0.2,1.0,,1.0,0.1111111111111111,1.0,,1.0,0.05263157894736842,1.0,,1.0
385617,DoS attacks-Slowloris,DoS attacks-Slowloris,0.2,1.0,,1.0,0.25,2.0,0.9999999999999999,1.0,0.25,4.0,0.7999999999999999,1.0
385798,Bot,Bot,0.5,2.0,0.9999999999999999,1.0,0.25,2.0,0.9999999999999999,1.0,0.25,4.0,0.7999999999999999,0.75
385932,DoS attacks-Hulk,DoS attacks-Hulk,0.2,1.0,,1.0,0.1111111111111111,1.0,,1.0,0.1111111111111111,2.0,0.9999999999999999,1.0
385934,DoS attacks-Slowloris,DoS attacks-Slowloris,0.5,2.0,0.9999999999999999,1.0,0.25,2.0,0.9999999999999999,1.0,0.1111111111111111,2.0,0.9999999999999999,1.0
386217,DDOS attack-LOIC-UDP,DDOS attack-LOIC-UDP,0.5,2.0,0.9999999999999999,1.0,0.25,2.0,0.9999999999999999,1.0,0.25,4.0,1.0,0.75
387260,DoS attacks-SlowHTTPTest,DoS attacks-SlowHTTPTest,0.2,1.0,,1.0,0.1111111111111111,1.0,,1.0,0.5384615384615384,7.0,-0.14285714285714288,0.8571428571428571
387556,Brute Force -Web,Brute Force -Web,0.2,1.0,,1.0,0.1111111111111111,1.0,,1.0,0.1111111111111111,2.0,0.9999999999999999,1.0
388408,Benign,Benign,0.0,0.0,,,0.0,0.0,,,0.17647058823529413,3.0,1.0,1.0
389350,FTP-BruteForce,FTP-BruteForce,0.2,1.0,,1.0,0.1111111111111111,1.0,,1.0,0.42857142857142855,6.0,0.4285714285714286,0.8333333333333334
389415,Infilteration,Infilteration,0.0,0.0,,,0.0,0.0,,,0.05263157894736842,1.0,,0.0
390091,DoS attacks-Hulk,DoS attacks-Hulk,0.2,1.0,,1.0,0.1111111111111111,1.0,,1.0,0.17647058823529413,3.0,0.5,1.0
390292,Brute Force -XSS,Brute Force -XSS,0.2,1.0,,1.0,0.1111111111111111,1.0,,1.0,0.17647058823529413,3.0,0.5,1.0
390371,DoS attacks-GoldenEye,DoS attacks-GoldenEye,0.5,2.0,0.9999999999999999,1.0,0.25,2.0,0.9999999999999999,1.0,0.17647058823529413,3.0,1.0,1.0
390775,SSH-Bruteforce,SSH-Bruteforce,0.5,2.0,0.9999999999999999,1.0,0.6666666666666666,4.0,0.39999999999999997,1.0,0.3333333333333333,5.0,0.7,1.0
391731,DoS attacks-SlowHTTPTest,DoS attacks-SlowHTTPTest,0.2,1.0,,1.0,0.1111111111111111,1.0,,1.0,0.17647058823529413,3.0,1.0,0.6666666666666666
392548,Brute Force -Web,Brute Force -Web,0.0,0.0,,,0.1111111111111111,1.0,,1.0,0.05263157894736842,1.0,,1.0
392665,Infilteration,Infilteration,0.0,0.0,,,0.0,0.0,,,0.1111111111111111,2.0,-0.9999999999999999,0.5
393056,SSH-Bruteforce,SSH-Bruteforce,0.5,2.0,0.9999999999999999,1.0,0.42857142857142855,3.0,0.5,1.0,0.17647058823529413,3.0,0.5,1.0
395416,Benign,Benign,0.0,0.0,,,0.25,2.0,0.9999999999999999,1.0,0.25,4.0,0.7999999999999999,1.0
396789,DoS attacks-Slowloris,DoS attacks-Slowloris,0.2,1.0,,1.0,0.25,2.0,0.9999999999999999,1.0,0.3333333333333333,5.0,0.9999999999999999,1.0
396967,Bot,Bot,0.5,2.0,0.9999999999999999,1.0,0.25,2.0,0.9999999999999999,1.0,0.25,4.0,0.7999999999999999,0.75
397039,DoS attacks-GoldenEye,DoS attacks-GoldenEye,0.5,2.0,0.9999999999999999,1.0,0.25,2.0,0.9999999999999999,1.0,0.42857142857142855,6.0,0.8285714285714287,0.8333333333333334
397403,DoS attacks-Slowloris,DoS attacks-Slowloris,0.2,1.0,,1.0,0.1111111111111111,1.0,,1.0,0.17647058823529413,3.0,0.5,1.0
398799,DDOS attack-LOIC-UDP,DDOS attack-LOIC-UDP,0.5,2.0,0.9999999999999999,1.0,0.25,2.0,0.9999999999999999,1.0,0.25,4.0,0.7999999999999999,0.75
398864,DoS attacks-GoldenEye,DoS attacks-GoldenEye,0.5,2.0,0.9999999999999999,1.0,0.25,2.0,0.9999999999999999,1.0,0.17647058823529413,3.0,1.0,1.0
399257,DDOS attack-LOIC-UDP,DDOS attack-LOIC-UDP,0.5,2.0,0.9999999999999999,1.0,0.25,2.0,0.9999999999999999,1.0,0.25,4.0,1.0,0.75
399586,DoS attacks-Hulk,DoS attacks-Hulk,0.5,2.0,0.9999999999999999,1.0,0.25,2.0,0.9999999999999999,1.0,0.25,4.0,0.7999999999999999,1.0
399811,DDOS attack-HOIC,DDOS attack-HOIC,0.5,2.0,0.9999999999999999,1.0,0.25,2.0,0.9999999999999999,1.0,0.25,4.0,0.7999999999999999,1.0
400210,DDoS attacks-LOIC-HTTP,DDoS attacks-LOIC-HTTP,0.0,0.0,,,0.42857142857142855,3.0,-1.0,1.0,0.42857142857142855,6.0,0.5428571428571429,1.0
401115,Infilteration,Infilteration,0.0,0.0,,,0.0,0.0,,,0.17647058823529413,3.0,0.5,0.6666666666666666
402304,DoS attacks-GoldenEye,DoS attacks-GoldenEye,0.5,2.0,0.9999999999999999,1.0,0.25,2.0,0.9999999999999999,1.0,0.17647058823529413,3.0,1.0,1.0
403612,Infilteration,Infilteration,0.0,0.0,,,0.0,0.0,,,0.1111111111111111,2.0,0.9999999999999999,0.5
403618,Bot,Bot,0.5,2.0,0.9999999999999999,1.0,0.25,2.0,0.9999999999999999,1.0,0.3333333333333333,5.0,0.7,0.8
403685,DDOS attack-HOIC,DDOS attack-HOIC,0.5,2.0,0.9999999999999999,1.0,0.42857142857142855,3.0,1.0,1.0,0.17647058823529413,3.0,1.0,1.0
403982,DDoS attacks-LOIC-HTTP,DDoS attacks-LOIC-HTTP,0.2,1.0,,1.0,0.25,2.0,-0.9999999999999999,0.5,0.42857142857142855,6.0,-0.028571428571428574,0.5
404996,DoS attacks-SlowHTTPTest,DoS attacks-SlowHTTPTest,0.2,1.0,,1.0,0.1111111111111111,1.0,,1.0,0.25,4.0,0.39999999999999997,1.0
405569,Bot,Bot,0.5,2.0,-0.9999999999999999,1.0,0.25,2.0,-0.9999999999999999,1.0,0.25,4.0,0.7999999999999999,0.5
406393,DDOS attack-LOIC-UDP,DDOS attack-LOIC-UDP,0.5,2.0,0.9999999999999999,1.0,0.25,2.0,0.9999999999999999,1.0,0.25,4.0,1.0,0.75
407937,Bot,Bot,0.5,2.0,0.9999999999999999,1.0,0.25,2.0,0.9999999999999999,1.0,0.25,4.0,0.7999999999999999,0.75
408181,DoS attacks-Slowloris,DoS attacks-Slowloris,0.2,1.0,,1.0,0.25,2.0,0.9999999999999999,1.0,0.25,4.0,0.7999999999999999,0.5
408518,Infilteration,Infilteration,0.0,0.0,,,0.1111111111111111,1.0,,1.0,0.17647058823529413,3.0,0.5,0.6666666666666666
408538,SSH-Bruteforce,SSH-Bruteforce,0.5,2.0,0.9999999999999999,1.0,0.6666666666666666,4.0,0.19999999999999998,1.0,0.42857142857142855,6.0,0.7714285714285715,1.0
408785,DDOS attack-LOIC-UDP,DDOS attack-LOIC-UDP,0.5,2.0,0.9999999999999999,1.0,0.42857142857142855,3.0,1.0,1.0,0.3333333333333333,5.0,0.8999999999999998,0.8
410166,DoS attacks-Hulk,DoS attacks-Hulk,0.2,1.0,,1.0,0.1111111111111111,1.0,,1.0,0.17647058823529413,3.0,1.0,1.0
410232,Bot,Bot,0.5,2.0,-0.9999999999999999,1.0,0.25,2.0,-0.9999999999999999,1.0,0.17647058823529413,3.0,0.5,0.6666666666666666
410467,FTP-BruteForce,FTP-BruteForce,0.5,2.0,0.9999999999999999,1.0,0.25,2.0,0.9999999999999999,1.0,0.42857142857142855,6.0,0.8285714285714287,0.6666666666666666
411378,DDoS attacks-LOIC-HTTP,DDoS attacks-LOIC-HTTP,0.5,2.0,0.9999999999999999,1.0,0.42857142857142855,3.0,1.0,1.0,0.25,4.0,1.0,1.0
411418,DoS attacks-Hulk,DoS attacks-Hulk,0.2,1.0,,1.0,0.1111111111111111,1.0,,1.0,0.17647058823529413,3.0,0.5,1.0
412307,DDOS attack-LOIC-UDP,DDOS attack-LOIC-UDP,0.5,2.0,0.9999999999999999,1.0,0.42857142857142855,3.0,1.0,1.0,0.25,4.0,1.0,0.75
412338,DoS attacks-SlowHTTPTest,DoS attacks-SlowHTTPTest,0.2,1.0,,1.0,0.1111111111111111,1.0,,1.0,0.17647058823529413,3.0,0.5,1.0
413460,DDOS attack-HOIC,DDOS attack-HOIC,0.5,2.0,0.9999999999999999,1.0,0.42857142857142855,3.0,1.0,1.0,0.17647058823529413,3.0,1.0,1.0
413772,DDoS attacks-LOIC-HTTP,DDoS attacks-LOIC-HTTP,0.2,1.0,,1.0,0.42857142857142855,3.0,-0.5,1.0,0.42857142857142855,6.0,0.7142857142857143,1.0
414320,DoS attacks-Hulk,DoS attacks-Hulk,0.2,1.0,,1.0,0.1111111111111111,1.0,,1.0,0.17647058823529413,3.0,0.5,1.0
414918,DDOS attack-LOIC-UDP,DDOS attack-LOIC-UDP,0.5,2.0,0.9999999999999999,1.0,0.25,2.0,0.9999999999999999,1.0,0.25,4.0,1.0,0.75
415235,DDOS attack-LOIC-UDP,DDOS attack-LOIC-UDP,0.5,2.0,0.9999999999999999,1.0,0.42857142857142855,3.0,1.0,1.0,0.42857142857142855,6.0,0.942857142857143,0.6666666666666666
415297,SQL Injection,SQL Injection,0.0,0.0,,,0.0,0.0,,,0.05263157894736842,1.0,,1.0
415665,DDOS attack-HOIC,DDOS attack-HOIC,0.5,2.0,0.9999999999999999,1.0,0.42857142857142855,3.0,1.0,1.0,0.25,4.0,1.0,1.0
415684,DoS attacks-GoldenEye,DoS attacks-GoldenEye,0.5,2.0,0.9999999999999999,1.0,0.42857142857142855,3.0,1.0,1.0,0.25,4.0,1.0,1.0
415878,DDOS attack-LOIC-UDP,DDOS attack-LOIC-UDP,0.5,2.0,0.9999999999999999,1.0,0.25,2.0,0.9999999999999999,1.0,0.25,4.0,0.7999999999999999,0.75
415964,DDOS attack-LOIC-UDP,DDOS attack-LOIC-UDP,0.5,2.0,0.9999999999999999,1.0,0.42857142857142855,3.0,1.0,0.6666666666666666,0.25,4.0,0.7999999999999999,0.75
416724,DoS attacks-SlowHTTPTest,DoS attacks-SlowHTTPTest,0.2,1.0,,1.0,0.25,2.0,0.9999999999999999,1.0,0.25,4.0,1.0,0.75
417110,FTP-BruteForce,FTP-BruteForce,0.2,1.0,,1.0,0.1111111111111111,1.0,,1.0,0.42857142857142855,6.0,-0.08571428571428573,1.0
417537,SSH-Bruteforce,SSH-Bruteforce,0.2,1.0,,1.0,0.42857142857142855,3.0,0.5,1.0,0.3333333333333333,5.0,0.7,1.0
417634,Brute Force -Web,Brute Force -Web,0.0,0.0,,,0.1111111111111111,1.0,,1.0,0.17647058823529413,3.0,0.5,0.6666666666666666
418551,DDOS attack-HOIC,DDOS attack-HOIC,0.5,2.0,0.9999999999999999,1.0,0.25,2.0,0.9999999999999999,1.0,0.25,4.0,0.7999999999999999,1.0
418917,Infilteration,Infilteration,0.2,1.0,,1.0,0.25,2.0,-0.9999999999999999,0.5,0.17647058823529413,3.0,-0.5,0.6666666666666666
420353,FTP-BruteForce,FTP-BruteForce,0.2,1.0,,1.0,0.1111111111111111,1.0,,1.0,0.3333333333333333,5.0,0.49999999999999994,0.8
420451,DoS attacks-GoldenEye,DoS attacks-GoldenEye,0.2,1.0,,1.0,0.25,2.0,0.9999999999999999,1.0,0.17647058823529413,3.0,1.0,1.0
420874,DDoS attacks-LOIC-HTTP,DDoS attacks-LOIC-HTTP,0.5,2.0,-0.9999999999999999,0.5,0.42857142857142855,3.0,-0.5,0.3333333333333333,0.3333333333333333,5.0,0.3,0.6
421578,DoS attacks-GoldenEye,DoS attacks-GoldenEye,0.2,1.0,,1.0,0.1111111111111111,1.0,,1.0,0.25,4.0,0.39999999999999997,1.0
421591,DDOS attack-HOIC,DDOS attack-HOIC,0.5,2.0,0.9999999999999999,1.0,0.42857142857142855,3.0,1.0,1.0,0.17647058823529413,3.0,1.0,1.0
421816,DoS attacks-SlowHTTPTest,DoS attacks-SlowHTTPTest,0.2,1.0,,1.0,0.42857142857142855,3.0,1.0,0.6666666666666666,0.42857142857142855,6.0,0.3142857142857143,0.8333333333333334
421817,Brute Force -Web,Brute Force -Web,0.2,1.0,,1.0,0.1111111111111111,1.0,,1.0,0.1111111111111111,2.0,-0.9999999999999999,1.0
423486,Brute Force -XSS,Brute Force -XSS,0.2,1.0,,1.0,0.1111111111111111,1.0,,1.0,0.17647058823529413,3.0,-0.5,1.0
423527,DDOS attack-HOIC,DDOS attack-HOIC,0.5,2.0,0.9999999999999999,1.0,0.42857142857142855,3.0,1.0,1.0,0.25,4.0,1.0,0.75
423765,Bot,Bot,0.5,2.0,-0.9999999999999999,1.0,0.42857142857142855,3.0,0.5,0.6666666666666666,0.17647058823529413,3.0,0.5,0.6666666666666666
424233,DDOS attack-LOIC-UDP,DDOS attack-LOIC-UDP,0.5,2.0,0.9999999999999999,1.0,0.25,2.0,0.9999999999999999,1.0,0.25,4.0,1.0,0.75
426472,Bot,Bot,0.5,2.0,0.9999999999999999,1.0,0.42857142857142855,3.0,1.0,0.6666666666666666,0.17647058823529413,3.0,1.0,0.6666666666666666
427344,DDoS attacks-LOIC-HTTP,DDoS attacks-LOIC-HTTP,0.2,1.0,,1.0,0.25,2.0,-0.9999999999999999,0.5,0.3333333333333333,5.0,-0.3,0.6
427584,DoS attacks-Slowloris,DoS attacks-Slowloris,0.5,2.0,0.9999999999999999,1.0,0.42857142857142855,3.0,1.0,1.0,0.25,4.0,1.0,1.0
427612,DDoS attacks-LOIC-HTTP,DDoS attacks-LOIC-HTTP,0.2,1.0,,1.0,0.25,2.0,0.9999999999999999,1.0,0.3333333333333333,5.0,0.7,1.0
428942,DoS attacks-SlowHTTPTest,DoS attacks-SlowHTTPTest,0.5,2.0,0.9999999999999999,1.0,0.25,2.0,0.9999999999999999,1.0,0.5384615384615384,7.0,0.3214285714285715,1.0
429478,SSH-Bruteforce,SSH-Bruteforce,0.2,1.0,,1.0,0.42857142857142855,3.0,0.5,1.0,0.3333333333333333,5.0,0.49999999999999994,1.0
429861,DDoS attacks-LOIC-HTTP,DDoS attacks-LOIC-HTTP,0.5,2.0,0.9999999999999999,1.0,0.25,2.0,0.9999999999999999,1.0,0.3333333333333333,5.0,0.8999999999999998,1.0
430386,DDoS attacks-LOIC-HTTP,DDoS attacks-LOIC-HTTP,0.2,1.0,,1.0,0.25,2.0,-0.9999999999999999,1.0,0.17647058823529413,3.0,0.5,1.0
430855,Brute Force -Web,Brute Force -Web,0.0,0.0,,,0.1111111111111111,1.0,,1.0,0.17647058823529413,3.0,0.5,0.6666666666666666
431553,DoS attacks-Hulk,DoS attacks-Hulk,0.2,1.0,,1.0,0.1111111111111111,1.0,,1.0,0.17647058823529413,3.0,0.5,1.0
432002,FTP-BruteForce,FTP-BruteForce,0.2,1.0,,1.0,0.42857142857142855,3.0,0.5,0.6666666666666666,0.3333333333333333,5.0,0.3,0.8
432325,DDOS attack-LOIC-UDP,DDOS attack-LOIC-UDP,0.5,2.0,0.9999999999999999,1.0,0.42857142857142855,3.0,1.0,1.0,0.25,4.0,1.0,0.75
432465,Infilteration,Infilteration,0.2,1.0,,1.0,0.1111111111111111,1.0,,1.0,0.17647058823529413,3.0,0.5,0.6666666666666666
433631,DoS attacks-GoldenEye,DoS attacks-GoldenEye,0.2,1.0,,1.0,0.25,2.0,0.9999999999999999,1.0,0.25,4.0,1.0,1.0
434271,Brute Force -XSS,Brute Force -XSS,0.0,0.0,,,0.0,0.0,,,0.17647058823529413,3.0,-0.5,1.0
434291,DoS attacks-SlowHTTPTest,DoS attacks-SlowHTTPTest,0.2,1.0,,1.0,0.1111111111111111,1.0,,1.0,0.3333333333333333,5.0,0.39999999999999997,0.8
434619,Bot,Bot,0.5,2.0,-0.9999999999999999,1.0,0.25,2.0,-0.9999999999999999,1.0,0.17647058823529413,3.0,0.5,1.0
435047,Brute Force -Web,Brute Force -Web,0.0,0.0,,,0.42857142857142855,3.0,-1.0,1.0,0.42857142857142855,6.0,-0.08571428571428573,1.0
435082,Brute Force -Web,Brute Force -Web,0.0,0.0,,,0.25,2.0,-0.9999999999999999,1.0,0.25,4.0,-0.19999999999999998,1.0
435789,Bot,Bot,0.5,2.0,0.9999999999999999,1.0,0.25,2.0,0.9999999999999999,1.0,0.17647058823529413,3.0,1.0,1.0
437479,DoS attacks-GoldenEye,DoS attacks-GoldenEye,0.2,1.0,,1.0,0.1111111111111111,1.0,,1.0,0.25,4.0,1.0,1.0
437486,SSH-Bruteforce,SSH-Bruteforce,0.2,1.0,,1.0,0.42857142857142855,3.0,0.5,1.0,0.25,4.0,0.7999999999999999,1.0
437912,DoS attacks-Slowloris,DoS attacks-Slowloris,0.2,1.0,,1.0,0.42857142857142855,3.0,0.5,1.0,0.42857142857142855,6.0,0.7142857142857143,1.0
438029,DoS attacks-GoldenEye,DoS attacks-GoldenEye,0.5,2.0,0.9999999999999999,1.0,0.25,2.0,0.9999999999999999,1.0,0.17647058823529413,3.0,1.0,1.0
438062,DoS attacks-GoldenEye,DoS attacks-GoldenEye,0.5,2.0,0.9999999999999999,1.0,0.25,2.0,0.9999999999999999,1.0,0.1111111111111111,2.0,0.9999999999999999,1.0
438174,Brute Force -Web,Brute Force -Web,0.0,0.0,,,0.1111111111111111,1.0,,1.0,0.3333333333333333,5.0,-0.09999999999999999,1.0
438668,DoS attacks-GoldenEye,DoS attacks-GoldenEye,0.2,1.0,,1.0,0.1111111111111111,1.0,,1.0,0.17647058823529413,3.0,1.0,1.0
439451,DDOS attack-LOIC-UDP,DDOS attack-LOIC-UDP,0.5,2.0,0.9999999999999999,1.0,0.25,2.0,0.9999999999999999,1.0,0.25,4.0,0.7999999999999999,0.75
440080,DDoS attacks-LOIC-HTTP,DDoS attacks-LOIC-HTTP,0.5,2.0,-0.9999999999999999,0.5,0.25,2.0,-0.9999999999999999,0.5,0.3333333333333333,5.0,-0.3,0.6
440968,Benign,Benign,0.0,0.0,,,0.1111111111111111,1.0,,1.0,0.1111111111111111,2.0,0.9999999999999999,1.0
441377,Infilteration,Infilteration,0.0,0.0,,,0.0,0.0,,,0.1111111111111111,2.0,0.9999999999999999,1.0
442051,DoS attacks-Hulk,DoS attacks-Hulk,0.2,1.0,,1.0,0.1111111111111111,1.0,,1.0,0.1111111111111111,2.0,0.9999999999999999,1.0
442254,Benign,Benign,0.0,0.0,,,0.0,0.0,,,0.25,4.0,0.7999999999999999,1.0
442724,DoS attacks-SlowHTTPTest,DoS attacks-SlowHTTPTest,0.2,1.0,,1.0,0.25,2.0,0.9999999999999999,1.0,0.42857142857142855,6.0,0.48571428571428577,0.8333333333333334
442728,FTP-BruteForce,FTP-BruteForce,0.2,1.0,,1.0,0.25,2.0,0.9999999999999999,1.0,0.42857142857142855,6.0,0.4285714285714286,0.8333333333333334
443324,DoS attacks-GoldenEye,DoS attacks-GoldenEye,0.5,2.0,0.9999999999999999,1.0,0.25,2.0,0.9999999999999999,1.0,0.17647058823529413,3.0,1.0,1.0
444154,DDoS attacks-LOIC-HTTP,DDoS attacks-LOIC-HTTP,0.2,1.0,,1.0,0.42857142857142855,3.0,0.5,1.0,0.3333333333333333,5.0,0.3,1.0
444328,DoS attacks-Hulk,DoS attacks-Hulk,0.2,1.0,,1.0,0.25,2.0,0.9999999999999999,1.0,0.1111111111111111,2.0,0.9999999999999999,1.0
444405,FTP-BruteForce,FTP-BruteForce,0.2,1.0,,1.0,0.1111111111111111,1.0,,1.0,0.3333333333333333,5.0,0.3,0.8
444547,DoS attacks-Slowloris,DoS attacks-Slowloris,0.2,1.0,,1.0,0.1111111111111111,1.0,,1.0,0.1111111111111111,2.0,0.9999999999999999,1.0
445057,DDoS attacks-LOIC-HTTP,DDoS attacks-LOIC-HTTP,0.5,2.0,-0.9999999999999999,0.5,0.42857142857142855,3.0,-0.5,0.3333333333333333,0.3333333333333333,5.0,-0.3,0.4
445619,Brute Force -Web,Brute Force -Web,0.2,1.0,,1.0,0.1111111111111111,1.0,,1.0,0.17647058823529413,3.0,-0.5,1.0
445828,Benign,Benign,0.0,0.0,,,0.0,0.0,,,0.17647058823529413,3.0,-0.5,1.0
446108,DoS attacks-GoldenEye,DoS attacks-GoldenEye,0.5,2.0,0.9999999999999999,1.0,0.25,2.0,0.9999999999999999,1.0,0.25,4.0,1.0,1.0
447905,SSH-Bruteforce,SSH-Bruteforce,0.2,1.0,,1.0,0.42857142857142855,3.0,0.5,1.0,0.25,4.0,0.7999999999999999,1.0
450028,Bot,Bot,0.5,2.0,-0.9999999999999999,1.0,0.25,2.0,-0.9999999999999999,1.0,0.17647058823529413,3.0,0.5,1.0
450041,DDOS attack-HOIC,DDOS attack-HOIC,0.5,2.0,0.9999999999999999,1.0,0.6666666666666666,4.0,1.0,1.0,0.25,4.0,1.0,1.0
450411,Infilteration,Infilteration,0.0,0.0,,,0.1111111111111111,1.0,,0.0,0.1111111111111111,2.0,-0.9999999999999999,0.0
450710,DoS attacks-Slowloris,DoS attacks-Slowloris,0.2,1.0,,1.0,0.1111111111111111,1.0,,1.0,0.25,4.0,0.19999999999999998,0.5
450725,Benign,Benign,0.0,0.0,,,0.1111111111111111,1.0,,1.0,0.17647058823529413,3.0,-1.0,0.6666666666666666
453704,DDOS attack-LOIC-UDP,DDOS attack-LOIC-UDP,0.5,2.0,0.9999999999999999,1.0,0.42857142857142855,3.0,1.0,1.0,0.25,4.0,1.0,0.75
453786,SSH-Bruteforce,SSH-Bruteforce,0.5,2.0,0.9999999999999999,1.0,0.42857142857142855,3.0,0.5,1.0,0.25,4.0,0.7999999999999999,1.0
453905,DDOS attack-LOIC-UDP,DDOS attack-LOIC-UDP,0.5,2.0,0.9999999999999999,1.0,0.25,2.0,0.9999999999999999,1.0,0.25,4.0,0.7999999999999999,0.75
453987,DDoS attacks-LOIC-HTTP,DDoS attacks-LOIC-HTTP,0.2,1.0,,1.0,0.42857142857142855,3.0,0.5,0.3333333333333333,0.42857142857142855,6.0,-0.2,0.5
455710,DoS attacks-Hulk,DoS attacks-Hulk,0.2,1.0,,1.0,0.1111111111111111,1.0,,1.0,0.1111111111111111,2.0,0.9999999999999999,1.0
456116,DDOS attack-HOIC,DDOS attack-HOIC,0.5,2.0,0.9999999999999999,1.0,0.42857142857142855,3.0,1.0,1.0,0.25,4.0,1.0,1.0
456153,FTP-BruteForce,FTP-BruteForce,0.2,1.0,,1.0,0.25,2.0,0.9999999999999999,0.5,0.5384615384615384,7.0,0.10714285714285716,0.7142857142857143
456941,FTP-BruteForce,FTP-BruteForce,0.2,1.0,,1.0,0.25,2.0,0.9999999999999999,0.5,0.3333333333333333,5.0,0.19999999999999998,0.8
457587,Bot,Bot,0.5,2.0,0.9999999999999999,1.0,0.25,2.0,0.9999999999999999,1.0,0.17647058823529413,3.0,1.0,0.6666666666666666
457677,FTP-BruteForce,FTP-BruteForce,0.2,1.0,,1.0,0.1111111111111111,1.0,,1.0,0.3333333333333333,5.0,0.7999999999999999,0.6
457891,Bot,Bot,0.5,2.0,0.9999999999999999,1.0,0.25,2.0,0.9999999999999999,1.0,0.25,4.0,0.7999999999999999,1.0
458156,Benign,Benign,0.0,0.0,,,0.25,2.0,-0.9999999999999999,0.5,0.25,4.0,-0.19999999999999998,0.75
458164,SSH-Bruteforce,SSH-Bruteforce,0.2,1.0,,1.0,0.25,2.0,0.9999999999999999,1.0,0.3333333333333333,5.0,0.7,1.0
459056,DoS attacks-GoldenEye,DoS attacks-GoldenEye,0.5,2.0,0.9999999999999999,1.0,0.42857142857142855,3.0,1.0,1.0,0.17647058823529413,3.0,1.0,1.0
459674,Infilteration,Infilteration,0.0,0.0,,,0.1111111111111111,1.0,,0.0,0.05263157894736842,1.0,,0.0
459821,DoS attacks-Slowloris,DoS attacks-Slowloris,0.2,1.0,,1.0,0.1111111111111111,1.0,,1.0,0.17647058823529413,3.0,0.5,0.3333333333333333
460443,Brute Force -XSS,Brute Force -XSS,0.2,1.0,,1.0,0.1111111111111111,1.0,,1.0,0.25,4.0,0.39999999999999997,1.0
461617,DoS attacks-GoldenEye,DoS attacks-GoldenEye,0.2,1.0,,1.0,0.42857142857142855,3.0,0.5,1.0,0.25,4.0,0.7999999999999999,0.75
462363,Bot,Bot,0.5,2.0,0.9999999999999999,1.0,0.25,2.0,0.9999999999999999,1.0,0.17647058823529413,3.0,1.0,1.0
462813,Brute Force -Web,Brute Force -Web,0.0,0.0,,,0.1111111111111111,1.0,,1.0,0.25,4.0,0.19999999999999998,1.0
462908,FTP-BruteForce,FTP-BruteForce,0.2,1.0,,1.0,0.25,2.0,0.9999999999999999,1.0,0.3333333333333333,5.0,0.3,1.0
463389,DDOS attack-LOIC-UDP,DDOS attack-LOIC-UDP,0.5,2.0,0.9999999999999999,1.0,0.42857142857142855,3.0,1.0,1.0,0.17647058823529413,3.0,1.0,1.0
463576,Infilteration,Infilteration,0.0,0.0,,,0.1111111111111111,1.0,,1.0,0.1111111111111111,2.0,0.9999999999999999,1.0
464247,DDOS attack-LOIC-UDP,DDOS attack-LOIC-UDP,0.5,2.0,0.9999999999999999,1.0,0.42857142857142855,3.0,1.0,1.0,0.17647058823529413,3.0,1.0,1.0
464306,FTP-BruteForce,FTP-BruteForce,0.2,1.0,,1.0,0.25,2.0,0.9999999999999999,1.0,0.5384615384615384,7.0,0.5357142857142858,0.8571428571428571
464364,DDOS attack-HOIC,DDOS attack-HOIC,0.5,2.0,0.9999999999999999,1.0,0.25,2.0,0.9999999999999999,1.0,0.25,4.0,0.7999999999999999,1.0
464579,DoS attacks-Slowloris,DoS attacks-Slowloris,0.2,1.0,,1.0,0.1111111111111111,1.0,,1.0,0.1111111111111111,2.0,0.9999999999999999,1.0
465061,Brute Force -Web,Brute Force -Web,0.0,0.0,,,0.0,0.0,,,0.1111111111111111,2.0,0.9999999999999999,1.0
465710,Bot,Bot,0.5,2.0,0.9999999999999999,1.0,0.25,2.0,0.9999999999999999,1.0,0.1111111111111111,2.0,0.9999999999999999,1.0
467398,Bot,Bot,0.5,2.0,0.9999999999999999,1.0,0.25,2.0,0.9999999999999999,1.0,0.17647058823529413,3.0,1.0,0.6666666666666666
467987,DDOS attack-LOIC-UDP,DDOS attack-LOIC-UDP,0.5,2.0,0.9999999999999999,1.0,0.42857142857142855,3.0,1.0,1.0,0.25,4.0,1.0,0.75
468844,Benign,Benign,0.0,0.0,,,0.0,0.0,,,0.17647058823529413,3.0,0.5,1.0
469542,Bot,Bot,0.5,2.0,0.9999999999999999,1.0,0.25,2.0,0.9999999999999999,1.0,0.25,4.0,1.0,0.75
469725,DoS attacks-Hulk,DoS attacks-Hulk,0.2,1.0,,1.0,0.1111111111111111,1.0,,1.0,0.25,4.0,0.39999999999999997,1.0
470203,DoS attacks-SlowHTTPTest,DoS attacks-SlowHTTPTest,0.2,1.0,,1.0,0.25,2.0,0.9999999999999999,1.0,0.25,4.0,0.19999999999999998,1.0
470279,FTP-BruteForce,FTP-BruteForce,0.2,1.0,,1.0,0.25,2.0,0.9999999999999999,1.0,0.3333333333333333,5.0,0.09999999999999999,1.0
470325,Brute Force -Web,Brute Force -Web,0.2,1.0,,1.0,0.25,2.0,0.9999999999999999,1.0,0.25,4.0,0.7999999999999999,1.0
472434,DoS attacks-Hulk,DoS attacks-Hulk,0.2,1.0,,1.0,0.1111111111111111,1.0,,1.0,0.17647058823529413,3.0,0.5,1.0
473684,SSH-Bruteforce,SSH-Bruteforce,0.5,2.0,0.9999999999999999,1.0,0.6666666666666666,4.0,0.7999999999999999,1.0,0.3333333333333333,5.0,0.49999999999999994,1.0
474140,DoS attacks-SlowHTTPTest,DoS attacks-SlowHTTPTest,0.2,1.0,,1.0,0.42857142857142855,3.0,1.0,0.6666666666666666,0.3333333333333333,5.0,0.49999999999999994,0.8
474577,Benign,Benign,0.0,0.0,,,0.1111111111111111,1.0,,1.0,0.1111111111111111,2.0,0.9999999999999999,0.5
475200,DoS attacks-GoldenEye,DoS attacks-GoldenEye,0.2,1.0,,1.0,0.25,2.0,0.9999999999999999,1.0,0.17647058823529413,3.0,1.0,1.0
476206,Brute Force -XSS,Brute Force -XSS,0.2,1.0,,1.0,0.1111111111111111,1.0,,1.0,0.1111111111111111,2.0,-0.9999999999999999,1.0
476336,Brute Force -XSS,Brute Force -XSS,0.2,1.0,,1.0,0.1111111111111111,1.0,,1.0,0.1111111111111111,2.0,0.9999999999999999,1.0
476416,FTP-BruteForce,FTP-BruteForce,0.2,1.0,,1.0,0.42857142857142855,3.0,1.0,0.6666666666666666,0.3333333333333333,5.0,0.49999999999999994,0.8
476835,DDOS attack-LOIC-UDP,DDOS attack-LOIC-UDP,0.5,2.0,0.9999999999999999,1.0,0.6666666666666666,4.0,0.7999999999999999,0.75,0.25,4.0,0.7999999999999999,0.75
477378,DDOS attack-HOIC,DDOS attack-HOIC,0.5,2.0,0.9999999999999999,1.0,0.25,2.0,0.9999999999999999,1.0,0.17647058823529413,3.0,1.0,1.0
477442,SSH-Bruteforce,SSH-Bruteforce,0.5,2.0,0.9999999999999999,1.0,0.42857142857142855,3.0,0.5,1.0,0.3333333333333333,5.0,0.8999999999999998,1.0
477490,Infilteration,Infilteration,0.0,0.0,,,0.0,0.0,,,0.05263157894736842,1.0,,0.0
477804,Benign,Benign,0.0,0.0,,,0.1111111111111111,1.0,,1.0,0.17647058823529413,3.0,0.5,1.0
477859,DDOS attack-LOIC-UDP,DDOS attack-LOIC-UDP,0.2,1.0,,1.0,0.25,2.0,0.9999999999999999,1.0,0.25,4.0,0.7999999999999999,0.75
478158,Benign,Benign,0.0,0.0,,,0.25,2.0,-0.9999999999999999,0.5,0.3333333333333333,5.0,-0.19999999999999998,0.8
479042,DoS attacks-SlowHTTPTest,DoS attacks-SlowHTTPTest,0.5,2.0,0.9999999999999999,1.0,0.25,2.0,0.9999999999999999,1.0,0.42857142857142855,6.0,0.5428571428571429,0.8333333333333334
480588,Benign,Benign,0.0,0.0,,,0.1111111111111111,1.0,,0.0,0.17647058823529413,3.0,-1.0,0.6666666666666666
480683,DoS attacks-GoldenEye,DoS attacks-GoldenEye,0.2,1.0,,1.0,0.1111111111111111,1.0,,1.0,0.1111111111111111,2.0,0.9999999999999999,1.0
481508,DoS attacks-Slowloris,DoS attacks-Slowloris,0.2,1.0,,1.0,0.1111111111111111,1.0,,1.0,0.17647058823529413,3.0,0.5,0.3333333333333333
482463,DDoS attacks-LOIC-HTTP,DDoS attacks-LOIC-HTTP,0.5,2.0,-0.9999999999999999,0.5,0.25,2.0,-0.9999999999999999,0.5,0.3333333333333333,5.0,-0.39999999999999997,0.6
483042,Infilteration,Infilteration,0.0,0.0,,,0.0,0.0,,,0.1111111111111111,2.0,0.9999999999999999,0.5
483707,Brute Force -Web,Brute Force -Web,0.2,1.0,,1.0,0.1111111111111111,1.0,,1.0,0.25,4.0,0.0,1.0
483764,Infilteration,Infilteration,0.0,0.0,,,0.1111111111111111,1.0,,0.0,0.25,4.0,-0.39999999999999997,0.5
484171,Infilteration,Infilteration,0.0,0.0,,,0.0,0.0,,,0.1111111111111111,2.0,-0.9999999999999999,0.5
485957,DDOS attack-LOIC-UDP,DDOS attack-LOIC-UDP,0.2,1.0,,1.0,0.25,2.0,0.9999999999999999,1.0,0.25,4.0,1.0,1.0
486200,DDoS attacks-LOIC-HTTP,DDoS attacks-LOIC-HTTP,0.2,1.0,,1.0,0.6666666666666666,4.0,-0.39999999999999997,1.0,0.3333333333333333,5.0,0.3,1.0
486614,DDOS attack-LOIC-UDP,DDOS attack-LOIC-UDP,0.5,2.0,0.9999999999999999,1.0,0.42857142857142855,3.0,1.0,1.0,0.25,4.0,1.0,0.75
487123,Infilteration,Infilteration,0.2,1.0,,1.0,0.1111111111111111,1.0,,1.0,0.25,4.0,0.39999999999999997,0.5
487263,DDOS attack-LOIC-UDP,DDOS attack-LOIC-UDP,0.5,2.0,0.9999999999999999,1.0,0.25,2.0,0.9999999999999999,1.0,0.25,4.0,1.0,0.75
487575,DoS attacks-Hulk,DoS attacks-Hulk,0.2,1.0,,1.0,0.1111111111111111,1.0,,1.0,0.25,4.0,0.19999999999999998,1.0
487904,SSH-Bruteforce,SSH-Bruteforce,0.2,1.0,,1.0,0.42857142857142855,3.0,0.5,1.0,0.3333333333333333,5.0,0.7,1.0
488135,Benign,Benign,0.0,0.0,,,0.1111111111111111,1.0,,1.0,0.17647058823529413,3.0,-0.5,0.6666666666666666
488554,DDoS attacks-LOIC-HTTP,DDoS attacks-LOIC-HTTP,0.2,1.0,,0.0,0.42857142857142855,3.0,-0.5,0.3333333333333333,0.3333333333333333,5.0,-0.49999999999999994,0.6
489470,DoS attacks-GoldenEye,DoS attacks-GoldenEye,0.5,2.0,0.9999999999999999,1.0,0.25,2.0,0.9999999999999999,1.0,0.25,4.0,1.0,1.0
490284,Benign,Benign,0.0,0.0,,,0.25,2.0,-0.9999999999999999,0.5,0.17647058823529413,3.0,-0.5,0.6666666666666666
490420,Benign,Benign,0.0,0.0,,,0.25,2.0,-0.9999999999999999,0.5,0.3333333333333333,5.0,-0.49999999999999994,0.6
491715,DoS attacks-SlowHTTPTest,DoS attacks-SlowHTTPTest,0.2,1.0,,1.0,0.25,2.0,0.9999999999999999,1.0,0.3333333333333333,5.0,0.3,1.0
491867,DoS attacks-SlowHTTPTest,DoS attacks-SlowHTTPTest,0.2,1.0,,1.0,0.1111111111111111,1.0,,1.0,0.3333333333333333,5.0,0.09999999999999999,1.0
492119,SSH-Bruteforce,SSH-Bruteforce,0.2,1.0,,1.0,0.6666666666666666,4.0,0.7999999999999999,1.0,0.42857142857142855,6.0,0.8857142857142858,0.8333333333333334
492815,DDOS attack-LOIC-UDP,DDOS attack-LOIC-UDP,0.5,2.0,0.9999999999999999,1.0,0.42857142857142855,3.0,1.0,0.6666666666666666,0.25,4.0,0.7999999999999999,0.75
492964,DoS attacks-GoldenEye,DoS attacks-GoldenEye,0.2,1.0,,1.0,0.25,2.0,0.9999999999999999,1.0,0.17647058823529413,3.0,1.0,1.0
492969,DDOS attack-LOIC-UDP,DDOS attack-LOIC-UDP,0.5,2.0,0.9999999999999999,1.0,0.25,2.0,0.9999999999999999,1.0,0.3333333333333333,5.0,0.8999999999999998,0.6
493139,DoS attacks-Hulk,DoS attacks-Hulk,0.2,1.0,,1.0,0.42857142857142855,3.0,1.0,1.0,0.25,4.0,0.39999999999999997,1.0
493521,DDOS attack-LOIC-UDP,DDOS attack-LOIC-UDP,0.5,2.0,0.9999999999999999,1.0,0.25,2.0,0.9999999999999999,1.0,0.25,4.0,1.0,0.75
494293,DoS attacks-SlowHTTPTest,DoS attacks-SlowHTTPTest,0.2,1.0,,1.0,0.25,2.0,0.9999999999999999,1.0,0.25,4.0,0.7999999999999999,1.0
494676,DDoS attacks-LOIC-HTTP,DDoS attacks-LOIC-HTTP,0.2,1.0,,1.0,0.25,2.0,-0.9999999999999999,0.5,0.25,4.0,-0.39999999999999997,0.5
494780,DDoS attacks-LOIC-HTTP,DDoS attacks-LOIC-HTTP,0.0,0.0,,,0.25,2.0,-0.9999999999999999,0.5,0.25,4.0,-0.39999999999999997,0.5
495251,DoS attacks-GoldenEye,DoS attacks-GoldenEye,0.5,2.0,0.9999999999999999,1.0,0.25,2.0,0.9999999999999999,1.0,0.25,4.0,1.0,1.0
495254,DoS attacks-GoldenEye,DoS attacks-GoldenEye,0.5,2.0,0.9999999999999999,1.0,0.25,2.0,0.9999999999999999,1.0,0.25,4.0,0.7999999999999999,1.0
497947,DDOS attack-HOIC,DDOS attack-HOIC,0.5,2.0,0.9999999999999999,1.0,0.42857142857142855,3.0,1.0,1.0,0.17647058823529413,3.0,1.0,1.0
498379,Brute Force -Web,Brute Force -Web,0.0,0.0,,,0.1111111111111111,1.0,,1.0,0.3333333333333333,5.0,-0.3,1.0
498647,Brute Force -Web,Brute Force -Web,0.2,1.0,,1.0,0.25,2.0,-0.9999999999999999,1.0,0.25,4.0,0.7999999999999999,1.0
498997,DoS attacks-Slowloris,DoS attacks-Slowloris,0.2,1.0,,1.0,0.1111111111111111,1.0,,1.0,0.25,4.0,0.39999999999999997,0.5
499490,DoS attacks-Slowloris,DoS attacks-Slowloris,0.2,1.0,,1.0,0.1111111111111111,1.0,,1.0,0.1111111111111111,2.0,-0.9999999999999999,1.0
499534,DoS attacks-Hulk,DoS attacks-Hulk,0.2,1.0,,1.0,0.1111111111111111,1.0,,1.0,0.1111111111111111,2.0,0.9999999999999999,1.0
499736,Infilteration,Infilteration,0.0,0.0,,,0.1111111111111111,1.0,,0.0,0.1111111111111111,2.0,-0.9999999999999999,0.5
499961,DoS attacks-SlowHTTPTest,DoS attacks-SlowHTTPTest,0.2,1.0,,1.0,0.25,2.0,0.9999999999999999,1.0,0.3333333333333333,5.0,0.09999999999999999,1.0
501190,DDOS attack-LOIC-UDP,DDOS attack-LOIC-UDP,0.5,2.0,0.9999999999999999,1.0,0.42857142857142855,3.0,1.0,0.6666666666666666,0.25,4.0,0.7999999999999999,0.75
502013,DoS attacks-GoldenEye,DoS attacks-GoldenEye,0.5,2.0,0.9999999999999999,1.0,0.25,2.0,0.9999999999999999,1.0,0.3333333333333333,5.0,0.7,0.8
502062,FTP-BruteForce,FTP-BruteForce,0.2,1.0,,1.0,0.25,2.0,0.9999999999999999,0.5,0.3333333333333333,5.0,0.19999999999999998,0.8
502356,Benign,Benign,0.0,0.0,,,0.1111111111111111,1.0,,1.0,0.17647058823529413,3.0,-0.5,0.3333333333333333
503052,Brute Force -XSS,Brute Force -XSS,0.2,1.0,,1.0,0.1111111111111111,1.0,,1.0,0.17647058823529413,3.0,0.5,1.0
504955,FTP-BruteForce,FTP-BruteForce,0.2,1.0,,1.0,0.25,2.0,0.9999999999999999,0.5,0.42857142857142855,6.0,0.08571428571428573,0.6666666666666666
505057,Bot,Bot,0.5,2.0,0.9999999999999999,1.0,0.25,2.0,0.9999999999999999,1.0,0.25,4.0,0.39999999999999997,0.75
505412,DoS attacks-Slowloris,DoS attacks-Slowloris,0.2,1.0,,1.0,0.1111111111111111,1.0,,1.0,0.17647058823529413,3.0,1.0,0.3333333333333333
505679,DDOS attack-LOIC-UDP,DDOS attack-LOIC-UDP,0.5,2.0,0.9999999999999999,1.0,0.25,2.0,0.9999999999999999,1.0,0.25,4.0,0.7999999999999999,0.75
506937,FTP-BruteForce,FTP-BruteForce,0.2,1.0,,1.0,0.25,2.0,0.9999999999999999,0.5,0.42857142857142855,6.0,0.3714285714285715,0.6666666666666666
507163,Bot,Bot,0.5,2.0,0.9999999999999999,1.0,0.25,2.0,0.9999999999999999,1.0,0.42857142857142855,6.0,0.3142857142857143,0.6666666666666666
507836,DoS attacks-GoldenEye,DoS attacks-GoldenEye,0.2,1.0,,1.0,0.1111111111111111,1.0,,1.0,0.17647058823529413,3.0,0.5,1.0
511434,DDoS attacks-LOIC-HTTP,DDoS attacks-LOIC-HTTP,0.2,1.0,,1.0,0.42857142857142855,3.0,-1.0,1.0,0.25,4.0,0.19999999999999998,1.0
511643,DoS attacks-Hulk,DoS attacks-Hulk,0.2,1.0,,1.0,0.1111111111111111,1.0,,1.0,0.17647058823529413,3.0,0.5,1.0
513633,DoS attacks-SlowHTTPTest,DoS attacks-SlowHTTPTest,0.2,1.0,,1.0,0.1111111111111111,1.0,,1.0,0.3333333333333333,5.0,0.7,0.8
514192,Infilteration,Infilteration,0.0,0.0,,,0.1111111111111111,1.0,,0.0,0.17647058823529413,3.0,-0.5,0.6666666666666666
514378,Brute Force -Web,Brute Force -Web,0.0,0.0,,,0.0,0.0,,,0.05263157894736842,1.0,,1.0
515246,Benign,Benign,0.0,0.0,,,0.0,0.0,,,0.05263157894736842,1.0,,0.0
516380,DDOS attack-HOIC,DDOS attack-HOIC,0.5,2.0,0.9999999999999999,1.0,0.25,2.0,0.9999999999999999,1.0,0.25,4.0,0.7999999999999999,1.0
516400,FTP-BruteForce,FTP-BruteForce,0.2,1.0,,1.0,0.1111111111111111,1.0,,1.0,0.25,4.0,0.39999999999999997,0.75
517291,Brute Force -Web,Brute Force -Web,0.0,0.0,,,0.0,0.0,,,0.1111111111111111,2.0,-0.9999999999999999,1.0
517439,DoS attacks-Hulk,DoS attacks-Hulk,0.2,1.0,,1.0,0.1111111111111111,1.0,,1.0,0.1111111111111111,2.0,0.9999999999999999,1.0
517942,DDOS attack-LOIC-UDP,DDOS attack-LOIC-UDP,0.5,2.0,0.9999999999999999,1.0,0.25,2.0,0.9999999999999999,1.0,0.25,4.0,0.7999999999999999,0.75
518670,DDOS attack-LOIC-UDP,DDOS attack-LOIC-UDP,0.5,2.0,0.9999999999999999,1.0,0.42857142857142855,3.0,1.0,0.6666666666666666,0.25,4.0,0.7999999999999999,0.75
518792,DDoS attacks-LOIC-HTTP,DDoS attacks-LOIC-HTTP,0.5,2.0,-0.9999999999999999,0.5,0.25,2.0,-0.9999999999999999,0.5,0.25,4.0,-0.39999999999999997,0.5
519779,FTP-BruteForce,FTP-BruteForce,0.2,1.0,,1.0,0.1111111111111111,1.0,,1.0,0.3333333333333333,5.0,0.3,0.8
519990,Brute Force -Web,Brute Force -Web,0.0,0.0,,,0.1111111111111111,1.0,,1.0,0.3333333333333333,5.0,-0.7,1.0
520651,Benign,Benign,0.0,0.0,,,0.0,0.0,,,0.05263157894736842,1.0,,1.0
520811,Brute Force -Web,Brute Force -Web,0.0,0.0,,,0.25,2.0,-0.9999999999999999,1.0,0.42857142857142855,6.0,0.08571428571428573,1.0
521057,DoS attacks-Slowloris,DoS attacks-Slowloris,0.5,2.0,0.9999999999999999,1.0,0.25,2.0,0.9999999999999999,1.0,0.17647058823529413,3.0,1.0,1.0
521271,DoS attacks-GoldenEye,DoS attacks-GoldenEye,0.2,1.0,,1.0,0.25,2.0,0.9999999999999999,1.0,0.25,4.0,0.7999999999999999,1.0
521292,DoS attacks-Slowloris,DoS attacks-Slowloris,0.2,1.0,,1.0,0.1111111111111111,1.0,,1.0,0.25,4.0,0.39999999999999997,0.5
521606,Benign,Benign,0.0,0.0,,,0.25,2.0,-0.9999999999999999,0.5,0.3333333333333333,5.0,-0.49999999999999994,0.6
521700,Brute Force -XSS,Brute Force -XSS,0.0,0.0,,,0.25,2.0,-0.9999999999999999,0.5,0.3333333333333333,5.0,-0.09999999999999999,0.8
521856,DDoS attacks-LOIC-HTTP,DDoS attacks-LOIC-HTTP,0.2,1.0,,1.0,0.25,2.0,-0.9999999999999999,1.0,0.25,4.0,0.0,1.0
522204,Brute Force -XSS,Brute Force -XSS,0.0,0.0,,,0.25,2.0,-0.9999999999999999,1.0,0.3333333333333333,5.0,0.09999999999999999,1.0
522303,FTP-BruteForce,FTP-BruteForce,0.2,1.0,,1.0,0.1111111111111111,1.0,,1.0,0.25,4.0,0.7999999999999999,0.75
523151,DDOS attack-HOIC,DDOS attack-HOIC,0.5,2.0,0.9999999999999999,1.0,0.25,2.0,0.9999999999999999,1.0,0.25,4.0,1.0,1.0
523818,Bot,Bot,0.5,2.0,0.9999999999999999,1.0,0.25,2.0,0.9999999999999999,1.0,0.3333333333333333,5.0,0.6,0.8
524119,DoS attacks-Hulk,DoS attacks-Hulk,0.2,1.0,,1.0,0.25,2.0,0.9999999999999999,1.0,0.3333333333333333,5.0,0.09999999999999999,1.0
524215,DoS attacks-Slowloris,DoS attacks-Slowloris,0.2,1.0,,1.0,0.1111111111111111,1.0,,1.0,0.1111111111111111,2.0,-0.9999999999999999,1.0
524341,Brute Force -Web,Brute Force -Web,0.2,1.0,,1.0,0.25,2.0,0.9999999999999999,1.0,0.25,4.0,-0.7999999999999999,0.75
524431,DoS attacks-SlowHTTPTest,DoS attacks-SlowHTTPTest,0.2,1.0,,1.0,0.1111111111111111,1.0,,1.0,0.3333333333333333,5.0,0.09999999999999999,1.0
525369,FTP-BruteForce,FTP-BruteForce,0.2,1.0,,1.0,0.1111111111111111,1.0,,1.0,0.3333333333333333,5.0,0.7999999999999999,0.6
527533,SSH-Bruteforce,SSH-Bruteforce,0.2,1.0,,1.0,0.42857142857142855,3.0,0.5,1.0,0.3333333333333333,5.0,0.7999999999999999,1.0
527604,Brute Force -Web,Brute Force -Web,0.0,0.0,,,0.25,2.0,-0.9999999999999999,1.0,0.25,4.0,-0.39999999999999997,1.0
527698,DoS attacks-GoldenEye,DoS attacks-GoldenEye,0.5,2.0,0.9999999999999999,1.0,0.25,2.0,0.9999999999999999,1.0,0.17647058823529413,3.0,1.0,1.0
528224,DDOS attack-HOIC,DDOS attack-HOIC,0.5,2.0,0.9999999999999999,1.0,0.42857142857142855,3.0,1.0,1.0,0.17647058823529413,3.0,1.0,1.0
528339,Infilteration,Infilteration,0.0,0.0,,,0.0,0.0,,,0.1111111111111111,2.0,0.9999999999999999,0.5
529754,DoS attacks-GoldenEye,DoS attacks-GoldenEye,0.5,2.0,0.9999999999999999,1.0,0.25,2.0,0.9999999999999999,1.0,0.25,4.0,1.0,0.75
530029,SSH-Bruteforce,SSH-Bruteforce,0.5,2.0,0.9999999999999999,1.0,0.6666666666666666,4.0,0.7999999999999999,1.0,0.3333333333333333,5.0,0.49999999999999994,1.0
530909,Benign,Benign,0.0,0.0,,,0.0,0.0,,,0.17647058823529413,3.0,1.0,1.0
531043,SSH-Bruteforce,SSH-Bruteforce,0.5,2.0,0.9999999999999999,1.0,0.42857142857142855,3.0,0.5,1.0,0.25,4.0,0.7999999999999999,1.0
531225,Brute Force -Web,Brute Force -Web,0.2,1.0,,1.0,0.25,2.0,0.9999999999999999,1.0,0.25,4.0,-0.39999999999999997,1.0
531234,DoS attacks-SlowHTTPTest,DoS attacks-SlowHTTPTest,0.2,1.0,,1.0,0.25,2.0,0.9999999999999999,1.0,0.42857142857142855,6.0,0.08571428571428573,0.8333333333333334
531260,DoS attacks-SlowHTTPTest,DoS attacks-SlowHTTPTest,0.2,1.0,,1.0,0.25,2.0,0.9999999999999999,1.0,0.3333333333333333,5.0,0.8999999999999998,0.8
532195,Benign,Benign,0.0,0.0,,,0.1111111111111111,1.0,,1.0,0.3333333333333333,5.0,0.19999999999999998,1.0
532594,Bot,Bot,0.5,2.0,0.9999999999999999,1.0,0.42857142857142855,3.0,1.0,0.6666666666666666,0.17647058823529413,3.0,1.0,0.6666666666666666
533025,Benign,Benign,0.0,0.0,,,0.0,0.0,,,0.3333333333333333,5.0,0.6,0.6
534785,DoS attacks-SlowHTTPTest,DoS attacks-SlowHTTPTest,0.2,1.0,,1.0,0.1111111111111111,1.0,,1.0,0.25,4.0,0.39999999999999997,1.0
535830,DDOS attack-LOIC-UDP,DDOS attack-LOIC-UDP,0.5,2.0,0.9999999999999999,1.0,0.25,2.0,0.9999999999999999,1.0,0.25,4.0,1.0,0.75
536590,DDOS attack-HOIC,DDOS attack-HOIC,0.5,2.0,0.9999999999999999,1.0,0.25,2.0,0.9999999999999999,1.0,0.25,4.0,1.0,1.0
537001,DDoS attacks-LOIC-HTTP,DDoS attacks-LOIC-HTTP,0.5,2.0,-0.9999999999999999,0.5,0.25,2.0,-0.9999999999999999,0.5,0.3333333333333333,5.0,0.3,0.6
537705,Benign,Benign,0.0,0.0,,,0.1111111111111111,1.0,,1.0,0.1111111111111111,2.0,-0.9999999999999999,1.0
538877,Infilteration,Infilteration,0.0,0.0,,,0.0,0.0,,,0.1111111111111111,2.0,0.9999999999999999,0.5
539934,DoS attacks-Hulk,DoS attacks-Hulk,0.2,1.0,,1.0,0.25,2.0,0.9999999999999999,1.0,0.17647058823529413,3.0,0.5,1.0
540314,DoS attacks-GoldenEye,DoS attacks-GoldenEye,0.2,1.0,,1.0,0.1111111111111111,1.0,,1.0,0.17647058823529413,3.0,1.0,1.0
541578,Bot,Bot,0.5,2.0,-0.9999999999999999,1.0,0.25,2.0,-0.9999999999999999,1.0,0.1111111111111111,2.0,-0.9999999999999999,1.0
541763,SSH-Bruteforce,SSH-Bruteforce,0.5,2.0,0.9999999999999999,1.0,0.42857142857142855,3.0,0.5,1.0,0.3333333333333333,5.0,0.7999999999999999,1.0
541907,Benign,Benign,0.0,0.0,,,0.1111111111111111,1.0,,1.0,0.25,4.0,-0.6000000000000001,0.75
542701,DoS attacks-Hulk,DoS attacks-Hulk,0.2,1.0,,1.0,0.1111111111111111,1.0,,1.0,0.1111111111111111,2.0,0.9999999999999999,1.0
542957,DoS attacks-GoldenEye,DoS attacks-GoldenEye,0.5,2.0,0.9999999999999999,1.0,0.25,2.0,0.9999999999999999,1.0,0.25,4.0,1.0,1.0
543960,Infilteration,Infilteration,0.0,0.0,,,0.0,0.0,,,0.17647058823529413,3.0,-1.0,0.3333333333333333
544015,Bot,Bot,0.5,2.0,0.9999999999999999,1.0,0.25,2.0,0.9999999999999999,1.0,0.17647058823529413,3.0,1.0,1.0
544926,DoS attacks-SlowHTTPTest,DoS attacks-SlowHTTPTest,0.2,1.0,,1.0,0.25,2.0,0.9999999999999999,1.0,0.1111111111111111,2.0,0.9999999999999999,1.0
545075,Benign,Benign,0.0,0.0,,,0.1111111111111111,1.0,,1.0,0.25,4.0,0.7999999999999999,1.0
545107,SSH-Bruteforce,SSH-Bruteforce,0.2,1.0,,1.0,0.42857142857142855,3.0,0.5,1.0,0.17647058823529413,3.0,0.5,1.0
546412,DDoS attacks-LOIC-HTTP,DDoS attacks-LOIC-HTTP,0.5,2.0,-0.9999999999999999,0.5,0.25,2.0,-0.9999999999999999,0.5,0.25,4.0,-0.19999999999999998,0.75
547046,Infilteration,Infilteration,0.0,0.0,,,0.0,0.0,,,0.25,4.0,-0.39999999999999997,0.5
547278,Benign,Benign,0.0,0.0,,,0.25,2.0,-0.9999999999999999,0.5,0.25,4.0,-0.19999999999999998,0.75
547721,DDoS attacks-LOIC-HTTP,DDoS attacks-LOIC-HTTP,0.2,1.0,,1.0,0.25,2.0,0.9999999999999999,1.0,0.1111111111111111,2.0,0.9999999999999999,1.0
548313,DoS attacks-SlowHTTPTest,DoS attacks-SlowHTTPTest,0.2,1.0,,1.0,0.1111111111111111,1.0,,1.0,0.42857142857142855,6.0,0.028571428571428574,0.8333333333333334
548820,FTP-BruteForce,FTP-BruteForce,0.2,1.0,,1.0,0.42857142857142855,3.0,0.5,0.3333333333333333,0.5384615384615384,7.0,-0.10714285714285716,0.7142857142857143
549022,Brute Force -Web,Brute Force -Web,0.2,1.0,,1.0,0.1111111111111111,1.0,,1.0,0.1111111111111111,2.0,0.9999999999999999,1.0
549311,FTP-BruteForce,FTP-BruteForce,0.2,1.0,,1.0,0.25,2.0,0.9999999999999999,1.0,0.42857142857142855,6.0,0.48571428571428577,0.6666666666666666
549377,DoS attacks-Slowloris,DoS attacks-Slowloris,0.5,2.0,0.9999999999999999,1.0,0.25,2.0,0.9999999999999999,1.0,0.25,4.0,1.0,1.0
549420,Bot,Bot,0.5,2.0,0.9999999999999999,1.0,0.25,2.0,0.9999999999999999,1.0,0.17647058823529413,3.0,1.0,1.0
550396,Benign,Benign,0.0,0.0,,,0.1111111111111111,1.0,,1.0,0.17647058823529413,3.0,-0.5,1.0
552052,DDOS attack-LOIC-UDP,DDOS attack-LOIC-UDP,0.5,2.0,0.9999999999999999,1.0,0.42857142857142855,3.0,1.0,0.6666666666666666,0.25,4.0,0.7999999999999999,0.75
553764,Infilteration,Infilteration,0.0,0.0,,,0.1111111111111111,1.0,,0.0,0.17647058823529413,3.0,-1.0,0.6666666666666666
553967,DoS attacks-SlowHTTPTest,DoS attacks-SlowHTTPTest,0.2,1.0,,1.0,0.1111111111111111,1.0,,1.0,0.25,4.0,0.19999999999999998,0.75
555078,Infilteration,Infilteration,0.0,0.0,,,0.0,0.0,,,0.1111111111111111,2.0,-0.9999999999999999,0.0
556032,Brute Force -XSS,Brute Force -XSS,0.0,0.0,,,0.1111111111111111,1.0,,1.0,0.1111111111111111,2.0,-0.9999999999999999,1.0
556093,DDOS attack-HOIC,DDOS attack-HOIC,0.5,2.0,0.9999999999999999,1.0,0.42857142857142855,3.0,1.0,1.0,0.17647058823529413,3.0,1.0,1.0
556135,FTP-BruteForce,FTP-BruteForce,0.2,1.0,,1.0,0.25,2.0,0.9999999999999999,1.0,0.42857142857142855,6.0,0.3142857142857143,1.0
556787,DDOS attack-LOIC-UDP,DDOS attack-LOIC-UDP,0.5,2.0,0.9999999999999999,1.0,0.25,2.0,0.9999999999999999,1.0,0.25,4.0,1.0,0.75
557077,SQL Injection,SQL Injection,0.0,0.0,,,0.0,0.0,,,0.05263157894736842,1.0,,1.0
557127,Benign,Benign,0.0,0.0,,,0.0,0.0,,,0.17647058823529413,3.0,-0.5,1.0
557149,DoS attacks-GoldenEye,DoS attacks-GoldenEye,0.5,2.0,0.9999999999999999,1.0,0.25,2.0,0.9999999999999999,1.0,0.3333333333333333,5.0,0.9999999999999999,1.0
558508,DDOS attack-HOIC,DDOS attack-HOIC,0.5,2.0,0.9999999999999999,1.0,0.25,2.0,0.9999999999999999,1.0,0.25,4.0,1.0,0.5
559418,Brute Force -XSS,Brute Force -XSS,0.0,0.0,,,0.0,0.0,,,0.25,4.0,-0.39999999999999997,1.0
560298,Bot,Bot,0.5,2.0,0.9999999999999999,1.0,0.25,2.0,0.9999999999999999,1.0,0.25,4.0,1.0,1.0
560414,DoS attacks-Slowloris,DoS attacks-Slowloris,0.2,1.0,,1.0,0.25,2.0,0.9999999999999999,1.0,0.3333333333333333,5.0,0.9999999999999999,1.0
560964,FTP-BruteForce,FTP-BruteForce,0.2,1.0,,1.0,0.1111111111111111,1.0,,1.0,0.3333333333333333,5.0,0.39999999999999997,0.6
561247,FTP-BruteForce,FTP-BruteForce,0.2,1.0,,1.0,0.1111111111111111,1.0,,1.0,0.42857142857142855,6.0,0.48571428571428577,0.6666666666666666
561844,Bot,Bot,0.5,2.0,0.9999999999999999,1.0,0.25,2.0,0.9999999999999999,1.0,0.1111111111111111,2.0,0.9999999999999999,1.0
562744,DoS attacks-SlowHTTPTest,DoS attacks-SlowHTTPTest,0.2,1.0,,1.0,0.25,2.0,0.9999999999999999,0.5,0.42857142857142855,6.0,-0.028571428571428574,0.8333333333333334
562807,SSH-Bruteforce,SSH-Bruteforce,0.5,2.0,0.9999999999999999,1.0,0.6666666666666666,4.0,0.39999999999999997,1.0,0.3333333333333333,5.0,0.7,1.0
563067,DoS attacks-Hulk,DoS attacks-Hulk,0.2,1.0,,1.0,0.1111111111111111,1.0,,1.0,0.17647058823529413,3.0,1.0,1.0
563183,DDOS attack-HOIC,DDOS attack-HOIC,0.5,2.0,0.9999999999999999,1.0,0.25,2.0,0.9999999999999999,1.0,0.17647058823529413,3.0,1.0,0.6666666666666666
563562,Benign,Benign,0.0,0.0,,,0.25,2.0,-0.9999999999999999,0.5,0.17647058823529413,3.0,-0.5,0.6666666666666666
566548,DDoS attacks-LOIC-HTTP,DDoS attacks-LOIC-HTTP,0.5,2.0,-0.9999999999999999,0.5,0.25,2.0,-0.9999999999999999,0.5,0.25,4.0,-0.39999999999999997,0.5
567714,Brute Force -Web,Brute Force -Web,0.0,0.0,,,0.1111111111111111,1.0,,1.0,0.3333333333333333,5.0,-0.3,1.0
568374,DoS attacks-SlowHTTPTest,DoS attacks-SlowHTTPTest,0.2,1.0,,1.0,0.1111111111111111,1.0,,1.0,0.17647058823529413,3.0,0.5,0.6666666666666666
568690,DoS attacks-Slowloris,DoS attacks-Slowloris,0.2,1.0,,1.0,0.1111111111111111,1.0,,1.0,0.25,4.0,0.39999999999999997,0.5
569841,FTP-BruteForce,FTP-BruteForce,0.2,1.0,,1.0,0.1111111111111111,1.0,,1.0,0.17647058823529413,3.0,0.5,1.0
570266,DoS attacks-GoldenEye,DoS attacks-GoldenEye,0.5,2.0,0.9999999999999999,1.0,0.25,2.0,0.9999999999999999,1.0,0.17647058823529413,3.0,1.0,1.0
570893,FTP-BruteForce,FTP-BruteForce,0.2,1.0,,1.0,0.42857142857142855,3.0,1.0,0.6666666666666666,0.25,4.0,0.7999999999999999,0.75
571160,DoS attacks-Slowloris,DoS attacks-Slowloris,0.2,1.0,,1.0,0.1111111111111111,1.0,,1.0,0.1111111111111111,2.0,-0.9999999999999999,1.0
572251,DoS attacks-GoldenEye,DoS attacks-GoldenEye,0.5,2.0,0.9999999999999999,1.0,0.25,2.0,0.9999999999999999,1.0,0.17647058823529413,3.0,1.0,1.0
572369,DDOS attack-HOIC,DDOS attack-HOIC,0.5,2.0,0.9999999999999999,1.0,0.42857142857142855,3.0,1.0,1.0,0.3333333333333333,5.0,0.7,0.8
572379,Brute Force -XSS,Brute Force -XSS,0.0,0.0,,,0.1111111111111111,1.0,,1.0,0.17647058823529413,3.0,0.5,1.0
573050,Infilteration,Infilteration,0.0,0.0,,,0.1111111111111111,1.0,,0.0,0.1111111111111111,2.0,-0.9999999999999999,0.0
573092,Bot,Bot,0.5,2.0,0.9999999999999999,1.0,0.25,2.0,0.9999999999999999,1.0,0.17647058823529413,3.0,1.0,1.0
573424,Brute Force -XSS,Brute Force -XSS,0.2,1.0,,1.0,0.25,2.0,0.9999999999999999,1.0,0.3333333333333333,5.0,0.19999999999999998,1.0
574243,FTP-BruteForce,FTP-BruteForce,0.2,1.0,,1.0,0.25,2.0,0.9999999999999999,1.0,0.3333333333333333,5.0,0.0,1.0
574359,DoS attacks-SlowHTTPTest,DoS attacks-SlowHTTPTest,0.2,1.0,,1.0,0.1111111111111111,1.0,,1.0,0.42857142857142855,6.0,-0.028571428571428574,0.8333333333333334
574820,FTP-BruteForce,FTP-BruteForce,0.2,1.0,,1.0,0.1111111111111111,1.0,,1.0,0.25,4.0,0.39999999999999997,0.75
575894,DoS attacks-GoldenEye,DoS attacks-GoldenEye,0.2,1.0,,1.0,0.1111111111111111,1.0,,1.0,0.1111111111111111,2.0,0.9999999999999999,1.0
576116,Benign,Benign,0.0,0.0,,,0.1111111111111111,1.0,,1.0,0.25,4.0,0.7999999999999999,1.0
576383,SSH-Bruteforce,SSH-Bruteforce,0.5,2.0,0.9999999999999999,1.0,0.42857142857142855,3.0,0.5,1.0,0.17647058823529413,3.0,0.5,1.0
576568,Bot,Bot,0.5,2.0,0.9999999999999999,1.0,0.25,2.0,0.9999999999999999,1.0,0.25,4.0,0.7999999999999999,0.75
576604,SSH-Bruteforce,SSH-Bruteforce,0.5,2.0,0.9999999999999999,1.0,0.6666666666666666,4.0,0.39999999999999997,1.0,0.3333333333333333,5.0,0.7,1.0
577124,Infilteration,Infilteration,0.0,0.0,,,0.0,0.0,,,0.1111111111111111,2.0,-0.9999999999999999,0.0
577200,Brute Force -Web,Brute Force -Web,0.0,0.0,,,0.0,0.0,,,0.05263157894736842,1.0,,0.0
577574,DoS attacks-SlowHTTPTest,DoS attacks-SlowHTTPTest,0.2,1.0,,1.0,0.25,2.0,0.9999999999999999,0.5,0.42857142857142855,6.0,0.028571428571428574,0.6666666666666666
577891,DDOS attack-HOIC,DDOS attack-HOIC,0.5,2.0,0.9999999999999999,1.0,0.25,2.0,0.9999999999999999,1.0,0.25,4.0,1.0,1.0
579008,DoS attacks-GoldenEye,DoS attacks-GoldenEye,0.2,1.0,,1.0,0.25,2.0,0.9999999999999999,1.0,0.17647058823529413,3.0,1.0,1.0
579551,DoS attacks-GoldenEye,DoS attacks-GoldenEye,0.5,2.0,0.9999999999999999,1.0,0.25,2.0,0.9999999999999999,1.0,0.17647058823529413,3.0,1.0,1.0
579553,Benign,Benign,0.2,1.0,,1.0,0.25,2.0,0.9999999999999999,1.0,0.25,4.0,1.0,1.0
579996,SSH-Bruteforce,SSH-Bruteforce,0.2,1.0,,1.0,0.6666666666666666,4.0,0.39999999999999997,1.0,0.25,4.0,0.39999999999999997,1.0
580531,DDOS attack-HOIC,DDOS attack-HOIC,0.5,2.0,0.9999999999999999,1.0,0.42857142857142855,3.0,1.0,1.0,0.25,4.0,0.7999999999999999,1.0
580699,DDOS attack-HOIC,DDOS attack-HOIC,0.5,2.0,0.9999999999999999,1.0,0.42857142857142855,3.0,1.0,1.0,0.25,4.0,0.7999999999999999,1.0
581812,DoS attacks-GoldenEye,DoS attacks-GoldenEye,0.5,2.0,0.9999999999999999,1.0,0.25,2.0,0.9999999999999999,1.0,0.1111111111111111,2.0,0.9999999999999999,1.0
582540,DDOS attack-HOIC,DDOS attack-HOIC,0.5,2.0,0.9999999999999999,1.0,0.42857142857142855,3.0,1.0,1.0,0.3333333333333333,5.0,0.9999999999999999,0.8
582782,DoS attacks-Slowloris,DoS attacks-Slowloris,0.2,1.0,,1.0,0.1111111111111111,1.0,,1.0,0.17647058823529413,3.0,-0.5,1.0
582796,Benign,Benign,0.0,0.0,,,0.1111111111111111,1.0,,0.0,0.17647058823529413,3.0,-0.5,0.6666666666666666
583069,Benign,Benign,0.0,0.0,,,0.0,0.0,,,0.1111111111111111,2.0,-0.9999999999999999,1.0
583977,Infilteration,Infilteration,0.2,1.0,,0.0,0.1111111111111111,1.0,,0.0,0.17647058823529413,3.0,-0.5,0.6666666666666666
586068,DDoS attacks-LOIC-HTTP,DDoS attacks-LOIC-HTTP,0.5,2.0,0.9999999999999999,1.0,0.42857142857142855,3.0,1.0,1.0,0.25,4.0,0.7999999999999999,1.0
586185,DoS attacks-SlowHTTPTest,DoS attacks-SlowHTTPTest,0.5,2.0,0.9999999999999999,1.0,0.42857142857142855,3.0,1.0,0.6666666666666666,0.3333333333333333,5.0,0.49999999999999994,0.8
586287,SSH-Bruteforce,SSH-Bruteforce,0.2,1.0,,1.0,0.42857142857142855,3.0,0.5,1.0,0.25,4.0,0.7999999999999999,1.0
587143,SSH-Bruteforce,SSH-Bruteforce,0.5,2.0,0.9999999999999999,1.0,0.42857142857142855,3.0,0.5,1.0,0.25,4.0,0.39999999999999997,1.0
588054,Benign,Benign,0.0,0.0,,,0.1111111111111111,1.0,,1.0,0.25,4.0,1.0,1.0
588686,DoS attacks-Slowloris,DoS attacks-Slowloris,0.2,1.0,,1.0,0.1111111111111111,1.0,,1.0,0.17647058823529413,3.0,1.0,0.3333333333333333
588707,DDOS attack-HOIC,DDOS attack-HOIC,0.5,2.0,0.9999999999999999,1.0,0.6666666666666666,4.0,0.7999999999999999,1.0,0.3333333333333333,5.0,0.8999999999999998,0.8
588815,DoS attacks-Slowloris,DoS attacks-Slowloris,0.2,1.0,,1.0,0.1111111111111111,1.0,,1.0,0.17647058823529413,3.0,1.0,0.3333333333333333
589312,DoS attacks-Slowloris,DoS attacks-Slowloris,0.2,1.0,,1.0,0.1111111111111111,1.0,,1.0,0.17647058823529413,3.0,-0.5,1.0
589510,Benign,Benign,0.0,0.0,,,0.0,0.0,,,0.25,4.0,0.7999999999999999,1.0
589638,Bot,Bot,0.5,2.0,0.9999999999999999,1.0,0.25,2.0,0.9999999999999999,1.0,0.17647058823529413,3.0,1.0,1.0
589832,SSH-Bruteforce,SSH-Bruteforce,0.2,1.0,,1.0,0.42857142857142855,3.0,0.5,1.0,0.25,4.0,0.7999999999999999,1.0
590357,DoS attacks-SlowHTTPTest,DoS attacks-SlowHTTPTest,0.2,1.0,,1.0,0.1111111111111111,1.0,,1.0,0.3333333333333333,5.0,0.3,0.8
590730,DDOS attack-LOIC-UDP,DDOS attack-LOIC-UDP,0.5,2.0,0.9999999999999999,1.0,0.42857142857142855,3.0,1.0,1.0,0.25,4.0,1.0,0.75
592629,DDOS attack-HOIC,DDOS attack-HOIC,0.5,2.0,0.9999999999999999,1.0,0.42857142857142855,3.0,1.0,1.0,0.25,4.0,0.7999999999999999,1.0
592661,DDoS attacks-LOIC-HTTP,DDoS attacks-LOIC-HTTP,0.5,2.0,0.9999999999999999,1.0,0.42857142857142855,3.0,1.0,1.0,0.25,4.0,1.0,1.0
592759,FTP-BruteForce,FTP-BruteForce,0.2,1.0,,1.0,0.1111111111111111,1.0,,1.0,0.42857142857142855,6.0,0.2571428571428572,0.6666666666666666
594484,DoS attacks-Hulk,DoS attacks-Hulk,0.5,2.0,0.9999999999999999,1.0,0.25,2.0,0.9999999999999999,1.0,0.25,4.0,0.7999999999999999,1.0
596381,DoS attacks-Hulk,DoS attacks-Hulk,0.2,1.0,,1.0,0.1111111111111111,1.0,,1.0,0.1111111111111111,2.0,0.9999999999999999,1.0
596432,DoS attacks-Hulk,DoS attacks-Hulk,0.2,1.0,,1.0,0.1111111111111111,1.0,,1.0,0.17647058823529413,3.0,0.5,1.0
596463,DDOS attack-HOIC,DDOS attack-HOIC,0.5,2.0,0.9999999999999999,1.0,0.42857142857142855,3.0,1.0,1.0,0.17647058823529413,3.0,1.0,1.0
598293,Brute Force -XSS,Brute Force -XSS,0.2,1.0,,1.0,0.1111111111111111,1.0,,1.0,0.17647058823529413,3.0,1.0,1.0
599171,SSH-Bruteforce,SSH-Bruteforce,0.5,2.0,0.9999999999999999,1.0,0.42857142857142855,3.0,0.5,1.0,0.3333333333333333,5.0,0.8999999999999998,0.8
600283,DDOS attack-LOIC-UDP,DDOS attack-LOIC-UDP,0.5,2.0,0.9999999999999999,1.0,0.6666666666666666,4.0,0.19999999999999998,0.75,0.25,4.0,0.19999999999999998,0.75
601025,Infilteration,Infilteration,0.0,0.0,,,0.0,0.0,,,0.25,4.0,0.39999999999999997,0.75
601076,Benign,Benign,0.0,0.0,,,0.1111111111111111,1.0,,0.0,0.25,4.0,-0.6000000000000001,0.75
601248,Benign,Benign,0.0,0.0,,,0.0,0.0,,,0.25,4.0,0.6000000000000001,1.0
602074,DDOS attack-LOIC-UDP,DDOS attack-LOIC-UDP,0.5,2.0,0.9999999999999999,1.0,0.42857142857142855,3.0,1.0,1.0,0.25,4.0,1.0,0.75
602468,SSH-Bruteforce,SSH-Bruteforce,0.2,1.0,,1.0,0.42857142857142855,3.0,0.5,1.0,0.25,4.0,0.7999999999999999,1.0
603280,DoS attacks-GoldenEye,DoS attacks-GoldenEye,0.2,1.0,,1.0,0.1111111111111111,1.0,,1.0,0.25,4.0,0.39999999999999997,1.0
603794,DoS attacks-SlowHTTPTest,DoS attacks-SlowHTTPTest,0.5,2.0,0.9999999999999999,1.0,0.25,2.0,0.9999999999999999,1.0,0.5384615384615384,7.0,0.3571428571428572,0.8571428571428571
603879,DoS attacks-Hulk,DoS attacks-Hulk,0.2,1.0,,1.0,0.1111111111111111,1.0,,1.0,0.25,4.0,0.39999999999999997,1.0
604539,DoS attacks-SlowHTTPTest,DoS attacks-SlowHTTPTest,0.2,1.0,,1.0,0.25,2.0,0.9999999999999999,1.0,0.25,4.0,0.39999999999999997,1.0
606155,FTP-BruteForce,FTP-BruteForce,0.2,1.0,,1.0,0.1111111111111111,1.0,,1.0,0.3333333333333333,5.0,0.09999999999999999,1.0
607173,DDOS attack-HOIC,DDOS attack-HOIC,0.5,2.0,0.9999999999999999,1.0,0.42857142857142855,3.0,1.0,1.0,0.17647058823529413,3.0,1.0,1.0
607258,DDOS attack-HOIC,DDOS attack-HOIC,0.5,2.0,0.9999999999999999,1.0,0.25,2.0,0.9999999999999999,1.0,0.1111111111111111,2.0,0.9999999999999999,1.0
607340,DoS attacks-Slowloris,DoS attacks-Slowloris,0.2,1.0,,1.0,0.1111111111111111,1.0,,1.0,0.1111111111111111,2.0,-0.9999999999999999,1.0
608635,DDoS attacks-LOIC-HTTP,DDoS attacks-LOIC-HTTP,0.5,2.0,-0.9999999999999999,0.5,0.42857142857142855,3.0,-0.5,0.3333333333333333,0.25,4.0,-0.39999999999999997,0.5
610381,DoS attacks-GoldenEye,DoS attacks-GoldenEye,0.5,2.0,0.9999999999999999,1.0,0.25,2.0,0.9999999999999999,1.0,0.25,4.0,0.7999999999999999,0.75
610547,DoS attacks-Slowloris,DoS attacks-Slowloris,0.2,1.0,,1.0,0.25,2.0,0.9999999999999999,1.0,0.25,4.0,1.0,1.0
611074,Infilteration,Infilteration,0.2,1.0,,1.0,0.1111111111111111,1.0,,1.0,0.1111111111111111,2.0,0.9999999999999999,0.5
611368,DoS attacks-Hulk,DoS attacks-Hulk,0.2,1.0,,1.0,0.1111111111111111,1.0,,1.0,0.25,4.0,1.0,1.0
612632,DDOS attack-HOIC,DDOS attack-HOIC,0.5,2.0,0.9999999999999999,1.0,0.25,2.0,0.9999999999999999,1.0,0.25,4.0,0.7999999999999999,1.0
612695,Brute Force -Web,Brute Force -Web,0.0,0.0,,,0.1111111111111111,1.0,,1.0,0.17647058823529413,3.0,0.5,1.0
614266,Brute Force -Web,Brute Force -Web,0.2,1.0,,1.0,0.6666666666666666,4.0,-0.19999999999999998,1.0,0.3333333333333333,5.0,0.39999999999999997,1.0
614472,Brute Force -Web,Brute Force -Web,0.0,0.0,,,0.42857142857142855,3.0,-0.5,1.0,0.25,4.0,-0.6000000000000001,1.0
615138,DoS attacks-Hulk,DoS attacks-Hulk,0.2,1.0,,1.0,0.1111111111111111,1.0,,1.0,0.25,4.0,0.39999999999999997,1.0
616668,DDoS attacks-LOIC-HTTP,DDoS attacks-LOIC-HTTP,0.2,1.0,,1.0,0.42857142857142855,3.0,0.5,1.0,0.25,4.0,0.7999999999999999,1.0
617191,DDOS attack-HOIC,DDOS attack-HOIC,0.5,2.0,0.9999999999999999,1.0,0.42857142857142855,3.0,1.0,1.0,0.3333333333333333,5.0,0.9999999999999999,0.8
618615,DoS attacks-Hulk,DoS attacks-Hulk,0.2,1.0,,1.0,0.1111111111111111,1.0,,1.0,0.17647058823529413,3.0,0.5,1.0
618663,Brute Force -Web,Brute Force -Web,0.0,0.0,,,0.1111111111111111,1.0,,1.0,0.17647058823529413,3.0,-1.0,1.0
619960,DoS attacks-Hulk,DoS attacks-Hulk,0.2,1.0,,1.0,0.25,2.0,0.9999999999999999,1.0,0.25,4.0,0.39999999999999997,0.75
620071,FTP-BruteForce,FTP-BruteForce,0.2,1.0,,1.0,0.1111111111111111,1.0,,1.0,0.3333333333333333,5.0,0.39999999999999997,0.6
620109,FTP-BruteForce,FTP-BruteForce,0.5,2.0,0.9999999999999999,1.0,0.25,2.0,0.9999999999999999,1.0,0.42857142857142855,6.0,0.5428571428571429,0.6666666666666666
621479,DDOS attack-LOIC-UDP,DDOS attack-LOIC-UDP,0.5,2.0,0.9999999999999999,1.0,0.6666666666666666,4.0,0.7999999999999999,0.75,0.3333333333333333,5.0,0.7999999999999999,0.6
621707,DDOS attack-LOIC-UDP,DDOS attack-LOIC-UDP,0.5,2.0,0.9999999999999999,1.0,0.42857142857142855,3.0,1.0,0.6666666666666666,0.3333333333333333,5.0,0.7,0.6
621721,Benign,Benign,0.0,0.0,,,0.25,2.0,0.9999999999999999,1.0,0.1111111111111111,2.0,0.9999999999999999,1.0
621782,SSH-Bruteforce,SSH-Bruteforce,0.5,2.0,0.9999999999999999,1.0,0.42857142857142855,3.0,0.5,1.0,0.3333333333333333,5.0,0.7,1.0
621884,FTP-BruteForce,FTP-BruteForce,0.2,1.0,,1.0,0.25,2.0,0.9999999999999999,1.0,0.42857142857142855,6.0,0.2,0.8333333333333334
622597,Bot,Bot,0.5,2.0,0.9999999999999999,1.0,0.25,2.0,0.9999999999999999,1.0,0.17647058823529413,3.0,1.0,0.6666666666666666
622836,SSH-Bruteforce,SSH-Bruteforce,0.2,1.0,,1.0,0.42857142857142855,3.0,0.5,1.0,0.3333333333333333,5.0,0.09999999999999999,1.0
622854,DoS attacks-Hulk,DoS attacks-Hulk,0.2,1.0,,1.0,0.1111111111111111,1.0,,1.0,0.17647058823529413,3.0,0.5,1.0
622888,DDOS attack-HOIC,DDOS attack-HOIC,0.5,2.0,0.9999999999999999,1.0,0.42857142857142855,3.0,1.0,1.0,0.25,4.0,1.0,1.0
623914,DoS attacks-SlowHTTPTest,DoS attacks-SlowHTTPTest,0.2,1.0,,1.0,0.25,2.0,0.9999999999999999,1.0,0.42857142857142855,6.0,0.7714285714285715,0.5
624071,DoS attacks-SlowHTTPTest,DoS attacks-SlowHTTPTest,0.2,1.0,,1.0,0.1111111111111111,1.0,,1.0,0.3333333333333333,5.0,0.3,0.8
624147,SSH-Bruteforce,SSH-Bruteforce,0.5,2.0,0.9999999999999999,1.0,0.6666666666666666,4.0,0.39999999999999997,1.0,0.3333333333333333,5.0,0.7,1.0
624957,DoS attacks-GoldenEye,DoS attacks-GoldenEye,0.2,1.0,,1.0,0.1111111111111111,1.0,,1.0,0.25,4.0,0.7999999999999999,1.0
625380,Benign,Benign,0.0,0.0,,,0.0,0.0,,,0.17647058823529413,3.0,0.5,1.0
625897,Brute Force -Web,Brute Force -Web,0.2,1.0,,1.0,0.1111111111111111,1.0,,1.0,0.25,4.0,0.0,1.0
626359,DDOS attack-LOIC-UDP,DDOS attack-LOIC-UDP,0.5,2.0,0.9999999999999999,1.0,0.25,2.0,0.9999999999999999,1.0,0.25,4.0,0.7999999999999999,0.75
626687,FTP-BruteForce,FTP-BruteForce,0.2,1.0,,1.0,0.42857142857142855,3.0,0.5,1.0,0.25,4.0,0.19999999999999998,1.0
626732,DoS attacks-Hulk,DoS attacks-Hulk,0.2,1.0,,1.0,0.1111111111111111,1.0,,1.0,0.17647058823529413,3.0,0.5,1.0
628867,Benign,Benign,0.0,0.0,,,0.0,0.0,,,0.17647058823529413,3.0,-0.5,1.0
629710,DoS attacks-Hulk,DoS attacks-Hulk,0.2,1.0,,1.0,0.25,2.0,0.9999999999999999,1.0,0.25,4.0,0.39999999999999997,1.0
629734,Brute Force -Web,Brute Force -Web,0.0,0.0,,,0.1111111111111111,1.0,,1.0,0.1111111111111111,2.0,0.9999999999999999,1.0
630081,Brute Force -XSS,Brute Force -XSS,0.0,0.0,,,0.25,2.0,-0.9999999999999999,1.0,0.25,4.0,0.6000000000000001,1.0
630498,DoS attacks-GoldenEye,DoS attacks-GoldenEye,0.5,2.0,0.9999999999999999,1.0,0.25,2.0,0.9999999999999999,1.0,0.17647058823529413,3.0,1.0,1.0
633069,FTP-BruteForce,FTP-BruteForce,0.2,1.0,,1.0,0.1111111111111111,1.0,,1.0,0.25,4.0,0.39999999999999997,1.0
633244,DoS attacks-GoldenEye,DoS attacks-GoldenEye,0.2,1.0,,1.0,0.42857142857142855,3.0,1.0,1.0,0.3333333333333333,5.0,0.8999999999999998,0.8
634085,Benign,Benign,0.0,0.0,,,0.0,0.0,,,0.1111111111111111,2.0,0.9999999999999999,0.5
635380,DoS attacks-Hulk,DoS attacks-Hulk,0.2,1.0,,1.0,0.1111111111111111,1.0,,1.0,0.1111111111111111,2.0,0.9999999999999999,1.0
635670,DoS attacks-Slowloris,DoS attacks-Slowloris,0.5,2.0,-0.9999999999999999,1.0,0.42857142857142855,3.0,0.5,1.0,0.42857142857142855,6.0,0.7714285714285715,1.0
635904,FTP-BruteForce,FTP-BruteForce,0.5,2.0,0.9999999999999999,1.0,0.25,2.0,0.9999999999999999,1.0,0.3333333333333333,5.0,0.49999999999999994,0.8
636835,FTP-BruteForce,FTP-BruteForce,0.2,1.0,,1.0,0.25,2.0,0.9999999999999999,1.0,0.42857142857142855,6.0,0.2571428571428572,0.8333333333333334
636981,DoS attacks-Slowloris,DoS attacks-Slowloris,0.2,1.0,,1.0,0.1111111111111111,1.0,,1.0,0.17647058823529413,3.0,1.0,0.3333333333333333
637430,Bot,Bot,0.5,2.0,0.9999999999999999,1.0,0.25,2.0,0.9999999999999999,1.0,0.1111111111111111,2.0,0.9999999999999999,1.0
638285,DDoS attacks-LOIC-HTTP,DDoS attacks-LOIC-HTTP,0.5,2.0,-0.9999999999999999,1.0,0.42857142857142855,3.0,0.5,1.0,0.3333333333333333,5.0,0.7999999999999999,1.0
638364,DoS attacks-GoldenEye,DoS attacks-GoldenEye,0.5,2.0,0.9999999999999999,1.0,0.25,2.0,0.9999999999999999,1.0,0.17647058823529413,3.0,1.0,1.0
638798,DoS attacks-SlowHTTPTest,DoS attacks-SlowHTTPTest,0.2,1.0,,1.0,0.1111111111111111,1.0,,1.0,0.42857142857142855,6.0,0.6,0.8333333333333334
639271,DDOS attack-LOIC-UDP,DDOS attack-LOIC-UDP,0.5,2.0,0.9999999999999999,1.0,0.42857142857142855,3.0,1.0,1.0,0.25,4.0,1.0,0.75
639539,DoS attacks-Hulk,DoS attacks-Hulk,0.2,1.0,,1.0,0.1111111111111111,1.0,,1.0,0.17647058823529413,3.0,0.5,1.0
640875,DDOS attack-HOIC,DDOS attack-HOIC,0.5,2.0,0.9999999999999999,1.0,0.25,2.0,0.9999999999999999,1.0,0.25,4.0,1.0,0.5
641423,Brute Force -Web,Brute Force -Web,0.0,0.0,,,0.1111111111111111,1.0,,1.0,0.3333333333333333,5.0,-0.3,1.0
641553,Infilteration,Infilteration,0.0,0.0,,,0.0,0.0,,,0.17647058823529413,3.0,0.5,0.6666666666666666
641947,Bot,Bot,0.5,2.0,0.9999999999999999,1.0,0.25,2.0,0.9999999999999999,1.0,0.1111111111111111,2.0,0.9999999999999999,1.0
642177,DoS attacks-GoldenEye,DoS attacks-GoldenEye,0.5,2.0,0.9999999999999999,1.0,0.25,2.0,0.9999999999999999,1.0,0.1111111111111111,2.0,0.9999999999999999,1.0
643445,DDoS attacks-LOIC-HTTP,DDoS attacks-LOIC-HTTP,0.5,2.0,-0.9999999999999999,0.5,0.25,2.0,-0.9999999999999999,0.5,0.3333333333333333,5.0,-0.39999999999999997,0.6
644030,DoS attacks-Slowloris,DoS attacks-Slowloris,0.2,1.0,,1.0,0.1111111111111111,1.0,,1.0,0.1111111111111111,2.0,0.9999999999999999,1.0
644398,Infilteration,Infilteration,0.0,0.0,,,0.0,0.0,,,0.05263157894736842,1.0,,0.0
644982,DDOS attack-HOIC,DDOS attack-HOIC,0.5,2.0,0.9999999999999999,1.0,0.25,2.0,0.9999999999999999,1.0,0.25,4.0,1.0,1.0
645824,Benign,Benign,0.0,0.0,,,0.0,0.0,,,0.42857142857142855,6.0,0.2,0.8333333333333334
645963,Infilteration,Infilteration,0.2,1.0,,1.0,0.1111111111111111,1.0,,1.0,0.25,4.0,0.19999999999999998,0.5
646091,DDOS attack-LOIC-UDP,DDOS attack-LOIC-UDP,0.5,2.0,0.9999999999999999,1.0,0.42857142857142855,3.0,1.0,0.6666666666666666,0.3333333333333333,5.0,0.6,0.6
646460,DDOS attack-HOIC,DDOS attack-HOIC,0.5,2.0,0.9999999999999999,1.0,0.25,2.0,0.9999999999999999,1.0,0.17647058823529413,3.0,1.0,1.0
646707,DoS attacks-SlowHTTPTest,DoS attacks-SlowHTTPTest,0.2,1.0,,1.0,0.42857142857142855,3.0,0.5,1.0,0.25,4.0,0.19999999999999998,1.0
647962,DDOS attack-HOIC,DDOS attack-HOIC,0.5,2.0,0.9999999999999999,1.0,0.25,2.0,0.9999999999999999,1.0,0.17647058823529413,3.0,1.0,1.0
648306,DoS attacks-SlowHTTPTest,DoS attacks-SlowHTTPTest,0.2,1.0,,1.0,0.25,2.0,0.9999999999999999,1.0,0.3333333333333333,5.0,0.49999999999999994,0.8
648799,Benign,Benign,0.0,0.0,,,0.0,0.0,,,0.25,4.0,0.39999999999999997,0.75
651111,SSH-Bruteforce,SSH-Bruteforce,0.5,2.0,0.9999999999999999,1.0,0.42857142857142855,3.0,0.5,1.0,0.25,4.0,0.39999999999999997,1.0
651743,Brute Force -XSS,Brute Force -XSS,0.2,1.0,,1.0,0.1111111111111111,1.0,,1.0,0.17647058823529413,3.0,0.5,1.0
651755,Bot,Bot,0.5,2.0,0.9999999999999999,1.0,0.25,2.0,0.9999999999999999,1.0,0.17647058823529413,3.0,1.0,0.6666666666666666
651801,SSH-Bruteforce,SSH-Bruteforce,0.2,1.0,,1.0,0.42857142857142855,3.0,0.5,1.0,0.25,4.0,0.7999999999999999,1.0
652230,DDOS attack-HOIC,DDOS attack-HOIC,0.5,2.0,0.9999999999999999,1.0,0.25,2.0,0.9999999999999999,1.0,0.17647058823529413,3.0,1.0,1.0
653293,Bot,Bot,0.5,2.0,0.9999999999999999,1.0,0.25,2.0,0.9999999999999999,1.0,0.1111111111111111,2.0,0.9999999999999999,1.0
653674,SSH-Bruteforce,SSH-Bruteforce,0.5,2.0,0.9999999999999999,1.0,0.42857142857142855,3.0,0.5,1.0,0.25,4.0,0.7999999999999999,1.0
654258,DDOS attack-LOIC-UDP,DDOS attack-LOIC-UDP,0.5,2.0,0.9999999999999999,1.0,0.42857142857142855,3.0,1.0,1.0,0.17647058823529413,3.0,1.0,1.0
654276,Brute Force -Web,Brute Force -Web,0.2,1.0,,1.0,0.25,2.0,0.9999999999999999,1.0,0.25,4.0,0.7999999999999999,1.0
654659,DoS attacks-Slowloris,DoS attacks-Slowloris,0.2,1.0,,1.0,0.1111111111111111,1.0,,1.0,0.25,4.0,0.7999999999999999,0.5
657218,DoS attacks-SlowHTTPTest,DoS attacks-SlowHTTPTest,0.2,1.0,,1.0,0.1111111111111111,1.0,,1.0,0.3333333333333333,5.0,0.6,0.8
657540,DDoS attacks-LOIC-HTTP,DDoS attacks-LOIC-HTTP,0.5,2.0,-0.9999999999999999,0.5,0.42857142857142855,3.0,-0.5,0.3333333333333333,0.42857142857142855,6.0,-0.2571428571428572,0.5
658282,Benign,Benign,0.0,0.0,,,0.1111111111111111,1.0,,1.0,0.3333333333333333,5.0,0.6,1.0
659806,FTP-BruteForce,FTP-BruteForce,0.2,1.0,,1.0,0.1111111111111111,1.0,,1.0,0.42857142857142855,6.0,0.6,0.6666666666666666
661051,DDoS attacks-LOIC-HTTP,DDoS attacks-LOIC-HTTP,0.5,2.0,-0.9999999999999999,0.5,0.25,2.0,-0.9999999999999999,0.5,0.25,4.0,-0.39999999999999997,0.5
661499,FTP-BruteForce,FTP-BruteForce,0.2,1.0,,1.0,0.25,2.0,0.9999999999999999,0.5,0.5384615384615384,7.0,0.10714285714285716,0.7142857142857143
662079,Brute Force -Web,Brute Force -Web,0.2,1.0,,1.0,0.25,2.0,0.9999999999999999,1.0,0.17647058823529413,3.0,-0.5,1.0
662490,DDOS attack-LOIC-UDP,DDOS attack-LOIC-UDP,0.5,2.0,0.9999999999999999,1.0,0.42857142857142855,3.0,1.0,0.6666666666666666,0.25,4.0,0.7999999999999999,0.75
662673,DDoS attacks-LOIC-HTTP,DDoS attacks-LOIC-HTTP,0.0,0.0,,,0.25,2.0,-0.9999999999999999,1.0,0.25,4.0,0.39999999999999997,1.0
663020,Brute Force -Web,Brute Force -Web,0.0,0.0,,,0.0,0.0,,,0.25,4.0,-0.7999999999999999,0.75
663872,DDoS attacks-LOIC-HTTP,DDoS attacks-LOIC-HTTP,0.0,0.0,,,0.25,2.0,-0.9999999999999999,1.0,0.25,4.0,0.0,1.0
664110,DDOS attack-HOIC,DDOS attack-HOIC,0.5,2.0,0.9999999999999999,1.0,0.42857142857142855,3.0,1.0,1.0,0.3333333333333333,5.0,0.8999999999999998,1.0
664226,Bot,Bot,0.5,2.0,0.9999999999999999,1.0,0.42857142857142855,3.0,1.0,1.0,0.3333333333333333,5.0,0.8999999999999998,1.0
665520,DoS attacks-SlowHTTPTest,DoS attacks-SlowHTTPTest,0.2,1.0,,1.0,0.25,2.0,0.9999999999999999,1.0,0.42857142857142855,6.0,0.7714285714285715,0.6666666666666666
665639,Brute Force -Web,Brute Force -Web,0.0,0.0,,,0.1111111111111111,1.0,,1.0,0.17647058823529413,3.0,-1.0,1.0
666222,DoS attacks-SlowHTTPTest,DoS attacks-SlowHTTPTest,0.2,1.0,,1.0,0.25,2.0,0.9999999999999999,1.0,0.42857142857142855,6.0,0.3714285714285715,0.8333333333333334
666886,Bot,Bot,0.5,2.0,0.9999999999999999,1.0,0.25,2.0,0.9999999999999999,1.0,0.3333333333333333,5.0,0.8999999999999998,0.8
668877,DDOS attack-LOIC-UDP,DDOS attack-LOIC-UDP,0.5,2.0,0.9999999999999999,1.0,0.42857142857142855,3.0,1.0,1.0,0.25,4.0,1.0,0.75
669816,Brute Force -XSS,Brute Force -XSS,0.2,1.0,,1.0,0.1111111111111111,1.0,,1.0,0.17647058823529413,3.0,-0.5,1.0
670092,DDOS attack-LOIC-UDP,DDOS attack-LOIC-UDP,0.5,2.0,0.9999999999999999,1.0,0.42857142857142855,3.0,1.0,1.0,0.25,4.0,1.0,0.75
670290,DoS attacks-GoldenEye,DoS attacks-GoldenEye,0.2,1.0,,1.0,0.25,2.0,0.9999999999999999,1.0,0.25,4.0,0.7999999999999999,1.0
670741,DDOS attack-HOIC,DDOS attack-HOIC,0.5,2.0,0.9999999999999999,1.0,0.42857142857142855,3.0,1.0,1.0,0.25,4.0,1.0,0.75
670921,DoS attacks-Hulk,DoS attacks-Hulk,0.2,1.0,,1.0,0.1111111111111111,1.0,,1.0,0.17647058823529413,3.0,0.5,1.0
672508,Bot,Bot,0.5,2.0,0.9999999999999999,1.0,0.25,2.0,0.9999999999999999,1.0,0.25,4.0,0.7999999999999999,1.0
672705,DoS attacks-SlowHTTPTest,DoS attacks-SlowHTTPTest,0.2,1.0,,1.0,0.25,2.0,0.9999999999999999,1.0,0.3333333333333333,5.0,0.7,0.6
672978,DDOS attack-HOIC,DDOS attack-HOIC,0.5,2.0,0.9999999999999999,1.0,0.42857142857142855,3.0,1.0,1.0,0.3333333333333333,5.0,0.9999999999999999,1.0
673039,DoS attacks-Hulk,DoS attacks-Hulk,0.2,1.0,,1.0,0.25,2.0,0.9999999999999999,1.0,0.25,4.0,0.7999999999999999,1.0
673404,DDOS attack-LOIC-UDP,DDOS attack-LOIC-UDP,0.2,1.0,,1.0,0.42857142857142855,3.0,1.0,1.0,0.25,4.0,0.7999999999999999,0.75
673417,DoS attacks-Hulk,DoS attacks-Hulk,0.2,1.0,,1.0,0.1111111111111111,1.0,,1.0,0.1111111111111111,2.0,0.9999999999999999,1.0
673957,SSH-Bruteforce,SSH-Bruteforce,0.5,2.0,0.9999999999999999,1.0,0.6666666666666666,4.0,0.7999999999999999,1.0,0.5384615384615384,7.0,0.7142857142857144,0.8571428571428571
674131,Infilteration,Infilteration,0.0,0.0,,,0.0,0.0,,,0.17647058823529413,3.0,0.5,0.3333333333333333
674905,FTP-BruteForce,FTP-BruteForce,0.2,1.0,,1.0,0.1111111111111111,1.0,,1.0,0.25,4.0,0.19999999999999998,1.0
675226,DoS attacks-SlowHTTPTest,DoS attacks-SlowHTTPTest,0.2,1.0,,1.0,0.25,2.0,0.9999999999999999,1.0,0.3333333333333333,5.0,0.3,1.0
675268,DoS attacks-Slowloris,DoS attacks-Slowloris,0.2,1.0,,1.0,0.1111111111111111,1.0,,1.0,0.17647058823529413,3.0,1.0,0.3333333333333333
675565,DoS attacks-GoldenEye,DoS attacks-GoldenEye,0.2,1.0,,1.0,0.25,2.0,0.9999999999999999,1.0,0.17647058823529413,3.0,1.0,1.0
676095,Brute Force -Web,Brute Force -Web,0.0,0.0,,,0.1111111111111111,1.0,,1.0,0.42857142857142855,6.0,-0.48571428571428577,1.0
677410,Benign,Benign,0.0,0.0,,,0.0,0.0,,,0.17647058823529413,3.0,0.5,1.0
678987,DDoS attacks-LOIC-HTTP,DDoS attacks-LOIC-HTTP,0.2,1.0,,0.0,0.1111111111111111,1.0,,0.0,0.17647058823529413,3.0,-1.0,0.3333333333333333
679360,Infilteration,Infilteration,0.0,0.0,,,0.0,0.0,,,0.1111111111111111,2.0,-0.9999999999999999,1.0
679619,Benign,Benign,0.0,0.0,,,0.1111111111111111,1.0,,1.0,0.25,4.0,-0.39999999999999997,0.75
680013,DoS attacks-SlowHTTPTest,DoS attacks-SlowHTTPTest,0.2,1.0,,1.0,0.25,2.0,0.9999999999999999,1.0,0.3333333333333333,5.0,0.6,0.8
680240,DDoS attacks-LOIC-HTTP,DDoS attacks-LOIC-HTTP,0.5,2.0,-0.9999999999999999,0.5,0.25,2.0,-0.9999999999999999,0.5,0.42857142857142855,6.0,-0.2571428571428572,0.6666666666666666
680325,Infilteration,Infilteration,0.0,0.0,,,0.1111111111111111,1.0,,0.0,0.1111111111111111,2.0,-0.9999999999999999,0.5
680502,Bot,Bot,0.5,2.0,0.9999999999999999,1.0,0.25,2.0,0.9999999999999999,1.0,0.3333333333333333,5.0,0.7,0.8
681769,DoS attacks-GoldenEye,DoS attacks-GoldenEye,0.5,2.0,0.9999999999999999,1.0,0.25,2.0,0.9999999999999999,1.0,0.25,4.0,0.7999999999999999,0.75
683028,Benign,Benign,0.0,0.0,,,0.0,0.0,,,0.25,4.0,0.39999999999999997,1.0
684787,DDoS attacks-LOIC-HTTP,DDoS attacks-LOIC-HTTP,0.2,1.0,,1.0,0.25,2.0,-0.9999999999999999,0.5,0.3333333333333333,5.0,-0.3,0.4
684906,DDoS attacks-LOIC-HTTP,DDoS attacks-LOIC-HTTP,0.5,2.0,-0.9999999999999999,0.5,0.42857142857142855,3.0,-0.5,0.3333333333333333,0.25,4.0,-0.39999999999999997,0.5
684960,DoS attacks-GoldenEye,DoS attacks-GoldenEye,0.5,2.0,0.9999999999999999,1.0,0.25,2.0,0.9999999999999999,1.0,0.3333333333333333,5.0,0.8999999999999998,1.0
685369,DoS attacks-Hulk,DoS attacks-Hulk,0.2,1.0,,1.0,0.1111111111111111,1.0,,1.0,0.1111111111111111,2.0,0.9999999999999999,1.0
685591,Brute Force -Web,Brute Force -Web,0.0,0.0,,,0.42857142857142855,3.0,-0.5,1.0,0.3333333333333333,5.0,-0.6,1.0
686123,FTP-BruteForce,FTP-BruteForce,0.2,1.0,,1.0,0.1111111111111111,1.0,,1.0,0.17647058823529413,3.0,0.5,1.0
687709,DDOS attack-LOIC-UDP,DDOS attack-LOIC-UDP,0.5,2.0,0.9999999999999999,1.0,0.6666666666666666,4.0,0.7999999999999999,0.75,0.25,4.0,0.7999999999999999,0.75
687755,DoS attacks-Hulk,DoS attacks-Hulk,0.2,1.0,,1.0,0.1111111111111111,1.0,,1.0,0.1111111111111111,2.0,0.9999999999999999,1.0
687914,FTP-BruteForce,FTP-BruteForce,0.2,1.0,,1.0,0.1111111111111111,1.0,,1.0,0.3333333333333333,5.0,0.3,0.8
687973,DoS attacks-Slowloris,DoS attacks-Slowloris,0.2,1.0,,1.0,0.1111111111111111,1.0,,1.0,0.17647058823529413,3.0,1.0,0.3333333333333333
688215,DoS attacks-GoldenEye,DoS attacks-GoldenEye,0.2,1.0,,1.0,0.1111111111111111,1.0,,1.0,0.1111111111111111,2.0,0.9999999999999999,1.0
688862,DDOS attack-HOIC,DDOS attack-HOIC,0.5,2.0,0.9999999999999999,1.0,0.6666666666666666,4.0,0.7999999999999999,1.0,0.3333333333333333,5.0,0.8999999999999998,0.8
689226,Infilteration,Infilteration,0.0,0.0,,,0.1111111111111111,1.0,,0.0,0.1111111111111111,2.0,-0.9999999999999999,0.5
689373,FTP-BruteForce,FTP-BruteForce,0.2,1.0,,1.0,0.1111111111111111,1.0,,1.0,0.42857142857142855,6.0,0.6,0.8333333333333334
689405,DDOS attack-LOIC-UDP,DDOS attack-LOIC-UDP,0.5,2.0,0.9999999999999999,1.0,0.25,2.0,0.9999999999999999,1.0,0.3333333333333333,5.0,0.7,0.8
689639,Bot,Bot,0.5,2.0,0.9999999999999999,1.0,0.25,2.0,0.9999999999999999,1.0,0.17647058823529413,3.0,1.0,0.6666666666666666
689656,DoS attacks-GoldenEye,DoS attacks-GoldenEye,0.2,1.0,,1.0,0.42857142857142855,3.0,1.0,1.0,0.17647058823529413,3.0,1.0,1.0
691430,Brute Force -Web,Brute Force -Web,0.2,1.0,,1.0,0.25,2.0,0.9999999999999999,1.0,0.3333333333333333,5.0,0.49999999999999994,1.0
691499,FTP-BruteForce,FTP-BruteForce,0.2,1.0,,1.0,0.1111111111111111,1.0,,1.0,0.42857142857142855,6.0,0.2571428571428572,1.0
692193,FTP-BruteForce,FTP-BruteForce,0.2,1.0,,1.0,0.25,2.0,0.9999999999999999,0.5,0.3333333333333333,5.0,0.3,0.6
693497,Infilteration,Infilteration,0.0,0.0,,,0.0,0.0,,,0.25,4.0,0.19999999999999998,0.5
694995,FTP-BruteForce,FTP-BruteForce,0.2,1.0,,1.0,0.1111111111111111,1.0,,1.0,0.3333333333333333,5.0,0.49999999999999994,0.8
695015,DDOS attack-LOIC-UDP,DDOS attack-LOIC-UDP,0.5,2.0,0.9999999999999999,1.0,0.42857142857142855,3.0,1.0,0.6666666666666666,0.25,4.0,0.7999999999999999,0.75
695058,Brute Force -XSS,Brute Force -XSS,0.0,0.0,,,0.1111111111111111,1.0,,1.0,0.25,4.0,0.19999999999999998,1.0
695173,DDOS attack-HOIC,DDOS attack-HOIC,0.5,2.0,0.9999999999999999,1.0,0.6666666666666666,4.0,1.0,1.0,0.25,4.0,1.0,1.0
695579,DoS attacks-Slowloris,DoS attacks-Slowloris,0.2,1.0,,1.0,0.25,2.0,0.9999999999999999,1.0,0.25,4.0,1.0,1.0
695822,FTP-BruteForce,FTP-BruteForce,0.2,1.0,,1.0,0.1111111111111111,1.0,,1.0,0.3333333333333333,5.0,0.7,0.8
695843,Brute Force -XSS,Brute Force -XSS,0.0,0.0,,,0.0,0.0,,,0.17647058823529413,3.0,-0.5,0.6666666666666666
695895,SSH-Bruteforce,SSH-Bruteforce,0.5,2.0,0.9999999999999999,1.0,0.42857142857142855,3.0,0.5,1.0,0.3333333333333333,5.0,0.7999999999999999,1.0
696877,SSH-Bruteforce,SSH-Bruteforce,0.2,1.0,,1.0,0.6666666666666666,4.0,0.39999999999999997,1.0,0.5384615384615384,7.0,0.8571428571428573,0.7142857142857143
697328,DoS attacks-Hulk,DoS attacks-Hulk,0.2,1.0,,1.0,0.1111111111111111,1.0,,1.0,0.1111111111111111,2.0,0.9999999999999999,1.0
697769,Brute Force -Web,Brute Force -Web,0.0,0.0,,,0.25,2.0,-0.9999999999999999,1.0,0.3333333333333333,5.0,0.3,1.0
697795,DoS attacks-Hulk,DoS attacks-Hulk,0.2,1.0,,1.0,0.1111111111111111,1.0,,1.0,0.17647058823529413,3.0,0.5,1.0
698896,DoS attacks-GoldenEye,DoS attacks-GoldenEye,0.5,2.0,0.9999999999999999,1.0,0.42857142857142855,3.0,1.0,1.0,0.3333333333333333,5.0,0.8999999999999998,0.8
699653,SSH-Bruteforce,SSH-Bruteforce,0.2,1.0,,1.0,0.25,2.0,0.9999999999999999,1.0,0.5384615384615384,7.0,0.7142857142857144,1.0
699804,FTP-BruteForce,FTP-BruteForce,0.2,1.0,,1.0,0.1111111111111111,1.0,,1.0,0.3333333333333333,5.0,0.09999999999999999,0.8
699953,Infilteration,Infilteration,0.0,0.0,,,0.1111111111111111,1.0,,0.0,0.1111111111111111,2.0,-0.9999999999999999,0.5
