flow_id,pred_class,k,jaccard,spearman_topk_union,kendall_tau_topk_union,spearman_full78,kendall_full78,rbo,sign_agreement,jaccard_group
172,DoS attacks-SlowHTTPTest,3,0.2,0.0,-0.19999999999999998,0.22148737338610755,0.1441891441891442,0.6346863468634687,1.0,0.2
172,DoS attacks-SlowHTTPTest,5,0.1111111111111111,-0.2333333333333333,-0.2222222222222222,0.22148737338610755,0.1441891441891442,0.4965617445239432,1.0,0.1111111111111111
172,DoS attacks-SlowHTTPTest,10,0.05263157894736842,-0.41754385964912283,-0.2631578947368421,0.22148737338610755,0.1441891441891442,0.3614441988713819,1.0,0.8181818181818182
172,DoS attacks-SlowHTTPTest,20,0.3333333333333333,-0.40600667408231367,-0.30574712643678165,0.22148737338610755,0.1441891441891442,0.34320735971501687,0.3,1.0
731,SSH-Bruteforce,3,0.2,-0.49999999999999994,-0.39999999999999997,0.10952338800440066,0.07425907425907426,0.2656826568265683,1.0,0.5
731,SSH-Bruteforce,5,0.1111111111111111,-0.2833333333333333,-0.16666666666666666,0.10952338800440066,0.07425907425907426,0.2523674635540035,1.0,0.42857142857142855
731,SSH-Bruteforce,10,0.1111111111111111,-0.3065015479876161,-0.17647058823529413,0.10952338800440066,0.07425907425907426,0.25714763515143474,1.0,0.8181818181818182
731,SSH-Bruteforce,20,0.17647058823529413,-0.34698242933537043,-0.2620320855614973,0.10952338800440066,0.07425907425907426,0.25983244414120965,0.8333333333333334,1.0
787,DoS attacks-SlowHTTPTest,3,0.2,0.09999999999999999,0.0,0.3674426838983801,0.2520812520812521,0.6346863468634687,1.0,0.2
787,DoS attacks-SlowHTTPTest,5,0.1111111111111111,-0.19999999999999998,-0.16666666666666666,0.3674426838983801,0.2520812520812521,0.4965617445239432,1.0,0.25
787,DoS attacks-SlowHTTPTest,10,0.1111111111111111,-0.3869969040247678,-0.22875816993464054,0.3674426838983801,0.2520812520812521,0.3673924203468,1.0,0.8181818181818182
787,DoS attacks-SlowHTTPTest,20,0.21212121212121213,-0.3592914438502674,-0.23106060606060608,0.3674426838983801,0.2520812520812521,0.35251101982196836,0.5714285714285714,1.0
1256,Infilteration,3,0.0,-0.7714285714285715,-0.6,0.3443518506809645,0.24342324342324342,0.0,,0.2
1256,Infilteration,5,0.1111111111111111,-0.8333333333333333,-0.6666666666666666,0.3443518506809645,0.24342324342324342,0.03204317354887549,0.0,0.6666666666666666
1256,Infilteration,10,0.25,-0.4647058823529412,-0.3,0.3443518506809645,0.24342324342324342,0.12761798274952865,0.0,0.8181818181818182
1256,Infilteration,20,0.2903225806451613,-0.2701612903225806,-0.178494623655914,0.3443518506809645,0.24342324342324342,0.19957017607385974,0.4444444444444444,1.0
1582,Brute Force -Web,3,0.0,-0.8857142857142858,-0.7333333333333333,0.10198662097396273,0.06493506493506493,0.0,,0.0
1582,Brute Force -Web,5,0.0,-0.7212121212121211,-0.5111111111111111,0.10198662097396273,0.06493506493506493,0.0,,0.25
1582,Brute Force -Web,10,0.0,-0.675187969924812,-0.4105263157894737,0.10198662097396273,0.06493506493506493,0.0,,0.8181818181818182
1582,Brute Force -Web,20,0.17647058823529413,-0.5095492742551565,-0.2976827094474154,0.10198662097396273,0.06493506493506493,0.036976001221509104,0.3333333333333333,1.0
3338,DoS attacks-Hulk,3,0.2,0.09999999999999999,0.0,0.10137963302520264,0.06426906426906427,0.6346863468634687,1.0,0.5
3338,DoS attacks-Hulk,5,0.1111111111111111,-0.31666666666666665,-0.3333333333333333,0.10137963302520264,0.06426906426906427,0.4965617445239432,1.0,0.42857142857142855
3338,DoS attacks-Hulk,10,0.05263157894736842,-0.5105263157894736,-0.40350877192982454,0.10137963302520264,0.06426906426906427,0.3614441988713819,1.0,0.6666666666666666
3338,DoS attacks-Hulk,20,0.14285714285714285,-0.4162464985994398,-0.2672268907563025,0.10137963302520264,0.06426906426906427,0.3225644945876886,1.0,1.0
3495,DoS attacks-Hulk,3,0.2,0.0,-0.19999999999999998,0.09619494429621012,0.06093906093906094,0.6346863468634687,1.0,0.2
3495,DoS attacks-Hulk,5,0.1111111111111111,-0.3,-0.3333333333333333,0.09619494429621012,0.06093906093906094,0.4965617445239432,1.0,0.42857142857142855
3495,DoS attacks-Hulk,10,0.1111111111111111,-0.3746130030959752,-0.30718954248366015,0.09619494429621012,0.06093906093906094,0.39557158048166824,1.0,0.8181818181818182
3495,DoS attacks-Hulk,20,0.17647058823529413,-0.32711993888464475,-0.24064171122994657,0.09619494429621012,0.06093906093906094,0.37274496425595405,0.6666666666666666,1.0
3770,DDoS attacks-LOIC-HTTP,3,0.0,-0.6571428571428573,-0.4666666666666666,0.38476713160257464,0.2733932733932734,0.0,,0.2
3770,DDoS attacks-LOIC-HTTP,5,0.1111111111111111,-0.7833333333333333,-0.5555555555555556,0.38476713160257464,0.2733932733932734,0.03204317354887549,1.0,0.1111111111111111
3770,DDoS attacks-LOIC-HTTP,10,0.17647058823529413,-0.3602941176470589,-0.19117647058823525,0.38476713160257464,0.2733932733932734,0.1259826006742765,1.0,0.8181818181818182
3770,DDoS attacks-LOIC-HTTP,20,0.21212121212121213,-0.38836898395721925,-0.25757575757575757,0.38476713160257464,0.2733932733932734,0.16184963595910035,0.7142857142857143,1.0
3784,DDoS attacks-LOIC-HTTP,3,0.2,-0.7,-0.6,0.11804651045157374,0.07625707625707626,0.09963099630996312,1.0,0.5
3784,DDoS attacks-LOIC-HTTP,5,0.1111111111111111,-0.5499999999999999,-0.5,0.11804651045157374,0.07625707625707626,0.1424800371175307,1.0,0.25
3784,DDoS attacks-LOIC-HTTP,10,0.1111111111111111,-0.4840041279669762,-0.34640522875817,0.11804651045157374,0.07625707625707626,0.14476813009259373,0.5,0.8181818181818182
3784,DDoS attacks-LOIC-HTTP,20,0.1111111111111111,-0.5557271557271558,-0.4126984126984128,0.11804651045157374,0.07625707625707626,0.1629814870714116,0.75,1.0
4054,Brute Force -Web,3,0.0,-0.8285714285714287,-0.7333333333333333,0.1967273233096018,0.1381951381951382,0.0,,0.0
4054,Brute Force -Web,5,0.0,-0.709090909090909,-0.4666666666666666,0.1967273233096018,0.1381951381951382,0.0,,0.25
4054,Brute Force -Web,10,0.05263157894736842,-0.756140350877193,-0.52046783625731,0.1967273233096018,0.1381951381951382,0.005948221475418107,0.0,0.8181818181818182
4054,Brute Force -Web,20,0.1111111111111111,-0.5837837837837838,-0.38095238095238104,0.1967273233096018,0.1381951381951382,0.03861966306686093,0.5,1.0
4327,DoS attacks-Slowloris,3,0.0,-0.6571428571428573,-0.4666666666666666,0.3995877540181338,0.2707292707292707,0.0,,0.2
4327,DoS attacks-Slowloris,5,0.1111111111111111,-0.5333333333333333,-0.3888888888888889,0.3995877540181338,0.2707292707292707,0.076547581255647,1.0,0.42857142857142855
4327,DoS attacks-Slowloris,10,0.25,-0.3323529411764706,-0.2833333333333333,0.3995877540181338,0.2707292707292707,0.19402224637941523,0.75,0.8181818181818182
4327,DoS attacks-Slowloris,20,0.2903225806451613,-0.13588709677419356,-0.0924731182795699,0.3995877540181338,0.2707292707292707,0.2503449119364877,0.5555555555555556,1.0
4463,DDOS attack-HOIC,3,0.2,0.19999999999999998,0.19999999999999998,0.258108979627967,0.15884115884115885,0.6346863468634687,1.0,0.2
4463,DDOS attack-HOIC,5,0.1111111111111111,-0.33333333333333337,-0.3888888888888889,0.258108979627967,0.15884115884115885,0.4965617445239432,1.0,0.42857142857142855
4463,DDOS attack-HOIC,10,0.05263157894736842,-0.48245614035087714,-0.3684210526315789,0.258108979627967,0.15884115884115885,0.3614441988713819,1.0,0.8181818181818182
4463,DDOS attack-HOIC,20,0.14285714285714285,-0.6277310924369748,-0.4689075630252101,0.258108979627967,0.15884115884115885,0.2986082389982406,0.2,1.0
4725,Brute Force -XSS,3,0.0,-0.7714285714285715,-0.6,0.5152948317505279,0.4019314019314019,0.0,,0.2
4725,Brute Force -XSS,5,0.25,-0.6190476190476191,-0.42857142857142855,0.5152948317505279,0.4019314019314019,0.10859075480452249,0.0,0.42857142857142855
4725,Brute Force -XSS,10,0.17647058823529413,-0.3823529411764707,-0.2647058823529411,0.5152948317505279,0.4019314019314019,0.17269811206418287,0.0,0.6666666666666666
4725,Brute Force -XSS,20,0.25,-0.35850439882697943,-0.28225806451612906,0.5152948317505279,0.4019314019314019,0.2201982891420939,0.0,1.0
5100,SSH-Bruteforce,3,0.2,-0.49999999999999994,-0.39999999999999997,0.26680914022686175,0.18281718281718282,0.2656826568265683,1.0,0.5
5100,SSH-Bruteforce,5,0.1111111111111111,-0.2833333333333333,-0.16666666666666666,0.26680914022686175,0.18281718281718282,0.2523674635540035,1.0,0.42857142857142855
5100,SSH-Bruteforce,10,0.1111111111111111,-0.3519091847265222,-0.24183006535947715,0.26680914022686175,0.18281718281718282,0.25714763515143474,1.0,1.0
5100,SSH-Bruteforce,20,0.21212121212121213,-0.39438502673796794,-0.3106060606060606,0.26680914022686175,0.18281718281718282,0.2610904800850025,0.8571428571428571,1.0
5906,DoS attacks-Hulk,3,0.2,0.0,-0.19999999999999998,0.14839590788957877,0.09756909756909757,0.6346863468634687,1.0,0.5
5906,DoS attacks-Hulk,5,0.1111111111111111,-0.16666666666666669,-0.1111111111111111,0.14839590788957877,0.09756909756909757,0.4965617445239432,1.0,0.42857142857142855
5906,DoS attacks-Hulk,10,0.17647058823529413,-0.2720588235294118,-0.1764705882352941,0.14839590788957877,0.09756909756909757,0.40886328526007165,0.6666666666666666,0.8181818181818182
5906,DoS attacks-Hulk,20,0.21212121212121213,-0.30648395721925137,-0.23484848484848486,0.14839590788957877,0.09756909756909757,0.3806100487238718,0.7142857142857143,1.0
6234,FTP-BruteForce,3,0.5,-0.19999999999999998,0.0,0.41008358729877714,0.2853812853812854,0.3653136531365314,1.0,0.5
6234,FTP-BruteForce,5,0.25,0.04761904761904763,0.0,0.41008358729877714,0.2853812853812854,0.3948475006715343,1.0,0.25
6234,FTP-BruteForce,10,0.25,-0.08529411764705883,-0.09999999999999999,0.41008358729877714,0.2853812853812854,0.38680571729549906,0.75,0.8181818181818182
6234,FTP-BruteForce,20,0.3333333333333333,-0.08075639599555061,-0.06206896551724138,0.41008358729877714,0.2853812853812854,0.4015462615705608,0.5,1.0
8793,DDoS attacks-LOIC-HTTP,3,0.0,-0.7714285714285715,-0.6,0.35960242289356203,0.24075924075924077,0.0,,0.2
8793,DDoS attacks-LOIC-HTTP,5,0.1111111111111111,-0.7333333333333334,-0.5555555555555556,0.35960242289356203,0.24075924075924077,0.076547581255647,1.0,0.1111111111111111
8793,DDoS attacks-LOIC-HTTP,10,0.17647058823529413,-0.4558823529411765,-0.30882352941176466,0.35960242289356203,0.24075924075924077,0.13312849411744812,1.0,0.8181818181818182
8793,DDoS attacks-LOIC-HTTP,20,0.17647058823529413,-0.34576012223071045,-0.23351158645276296,0.35960242289356203,0.24075924075924077,0.1674339122940932,0.8333333333333334,1.0
8844,DoS attacks-GoldenEye,3,0.2,0.0,-0.19999999999999998,0.3590965996029287,0.25674325674325676,0.6346863468634687,1.0,0.5
8844,DoS attacks-GoldenEye,5,0.25,-0.261904761904762,-0.3571428571428571,0.3590965996029287,0.25674325674325676,0.5731093257795903,1.0,0.25
8844,DoS attacks-GoldenEye,10,0.25,-0.1647058823529412,-0.19999999999999998,0.3590965996029287,0.25674325674325676,0.5213390636405106,1.0,0.6666666666666666
8844,DoS attacks-GoldenEye,20,0.3333333333333333,-0.1385984427141268,-0.1310344827586207,0.3590965996029287,0.25674325674325676,0.50222476056004,0.8,1.0
9514,DDOS attack-HOIC,3,0.2,0.19999999999999998,0.19999999999999998,0.14647377938517178,0.09557109557109557,0.6346863468634687,1.0,0.2
9514,DDOS attack-HOIC,5,0.1111111111111111,-0.26666666666666666,-0.2777777777777778,0.14647377938517178,0.09557109557109557,0.4965617445239432,1.0,0.6666666666666666
9514,DDOS attack-HOIC,10,0.1111111111111111,-0.47368421052631576,-0.411764705882353,0.14647377938517178,0.09557109557109557,0.39557158048166824,1.0,0.8181818181818182
9514,DDOS attack-HOIC,20,0.17647058823529413,-0.5202444614209321,-0.38680926916221037,0.14647377938517178,0.09557109557109557,0.340473166395023,0.3333333333333333,1.0
10459,DDoS attacks-LOIC-HTTP,3,0.2,-0.09999999999999999,0.0,0.08268946243629788,0.05228105228105229,0.2656826568265683,1.0,0.5
10459,DDoS attacks-LOIC-HTTP,5,0.1111111111111111,-0.39999999999999997,-0.3888888888888889,0.08268946243629788,0.05228105228105229,0.2523674635540035,1.0,0.42857142857142855
10459,DDoS attacks-LOIC-HTTP,10,0.1111111111111111,-0.40350877192982454,-0.30718954248366015,0.08268946243629788,0.05228105228105229,0.23038126449975396,0.5,0.8181818181818182
10459,DDoS attacks-LOIC-HTTP,20,0.17647058823529413,-0.4851031321619557,-0.38680926916221037,0.08268946243629788,0.05228105228105229,0.23363946163746036,0.5,1.0
11309,Brute Force -Web,3,0.2,-0.6,-0.39999999999999997,0.34111458162091074,0.28471528471528473,0.09963099630996312,0.0,0.2
11309,Brute Force -Web,5,0.1111111111111111,-0.33333333333333337,-0.2222222222222222,0.34111458162091074,0.28471528471528473,0.1424800371175307,0.0,0.25
11309,Brute Force -Web,10,0.17647058823529413,-0.4093137254901961,-0.2941176470588235,0.34111458162091074,0.28471528471528473,0.16723918899972878,0.0,0.6666666666666666
11309,Brute Force -Web,20,0.2903225806451613,-0.33830645161290324,-0.2688172043010753,0.34111458162091074,0.28471528471528473,0.22462233034500975,0.0,1.0
11329,DDoS attacks-LOIC-HTTP,3,0.2,-0.7,-0.6,0.04419631001909482,0.02097902097902098,0.09963099630996312,1.0,0.5
11329,DDoS attacks-LOIC-HTTP,5,0.1111111111111111,-0.6,-0.5,0.04419631001909482,0.02097902097902098,0.1424800371175307,1.0,0.42857142857142855
11329,DDoS attacks-LOIC-HTTP,10,0.05263157894736842,-0.5807017543859649,-0.43859649122807015,0.04419631001909482,0.02097902097902098,0.13881990861717564,1.0,0.8181818181818182
11329,DDoS attacks-LOIC-HTTP,20,0.14285714285714285,-0.5008403361344538,-0.3781512605042017,0.04419631001909482,0.02097902097902098,0.15689511529282726,0.6,1.0
11840,DoS attacks-Slowloris,3,0.0,-0.6571428571428573,-0.4666666666666666,0.2937948127821545,0.19946719946719949,0.0,,0.2
11840,DoS attacks-Slowloris,5,0.25,-0.5476190476190477,-0.42857142857142855,0.2937948127821545,0.19946719946719949,0.10859075480452249,1.0,0.42857142857142855
11840,DoS attacks-Slowloris,10,0.17647058823529413,-0.42892156862745107,-0.3676470588235294,0.2937948127821545,0.19946719946719949,0.18004159536716816,0.6666666666666666,0.8181818181818182
11840,DoS attacks-Slowloris,20,0.2903225806451613,-0.1737903225806452,-0.10967741935483873,0.2937948127821545,0.19946719946719949,0.2317103699212963,0.5555555555555556,1.0
11950,DDOS attack-HOIC,3,0.2,0.09999999999999999,0.0,0.256717965578725,0.17882117882117884,0.6346863468634687,1.0,0.2
11950,DDOS attack-HOIC,5,0.1111111111111111,-0.26666666666666666,-0.2777777777777778,0.256717965578725,0.17882117882117884,0.4965617445239432,1.0,0.42857142857142855
11950,DDOS attack-HOIC,10,0.1111111111111111,-0.49226006191950467,-0.39869281045751637,0.256717965578725,0.17882117882117884,0.3673924203468,1.0,0.8181818181818182
11950,DDOS attack-HOIC,20,0.25,-0.49560117302052775,-0.37500000000000006,0.256717965578725,0.17882117882117884,0.3399613913660967,0.375,1.0
12033,DDOS attack-HOIC,3,0.2,-0.09999999999999999,0.0,0.3146094411917197,0.20412920412920413,0.2656826568265683,1.0,0.2
12033,DDOS attack-HOIC,5,0.1111111111111111,-0.4666666666666666,-0.4444444444444444,0.3146094411917197,0.20412920412920413,0.2523674635540035,1.0,0.25
12033,DDOS attack-HOIC,10,0.05263157894736842,-0.524561403508772,-0.38011695906432746,0.3146094411917197,0.20412920412920413,0.20791020559261889,1.0,0.8181818181818182
12033,DDOS attack-HOIC,20,0.17647058823529413,-0.5248281130634072,-0.358288770053476,0.3146094411917197,0.20412920412920413,0.20346870674111417,0.3333333333333333,1.0
12163,DoS attacks-GoldenEye,3,0.2,0.09999999999999999,0.0,0.27409299561198297,0.18081918081918083,0.6346863468634687,1.0,0.5
12163,DoS attacks-GoldenEye,5,0.1111111111111111,-0.3666666666666667,-0.4444444444444444,0.27409299561198297,0.18081918081918083,0.4965617445239432,1.0,0.42857142857142855
12163,DoS attacks-GoldenEye,10,0.17647058823529413,-0.32107843137254904,-0.2794117647058823,0.27409299561198297,0.18081918081918083,0.423973333208601,1.0,0.8181818181818182
12163,DoS attacks-GoldenEye,20,0.3333333333333333,-0.14349276974416017,-0.12643678160919541,0.27409299561198297,0.18081918081918083,0.42477175895308383,0.8,1.0
12365,Brute Force -Web,3,0.2,0.09999999999999999,0.0,0.05170778588500107,0.043623043623043624,0.6346863468634687,1.0,0.2
12365,Brute Force -Web,5,0.1111111111111111,-0.2333333333333333,-0.2222222222222222,0.05170778588500107,0.043623043623043624,0.4965617445239432,1.0,0.25
12365,Brute Force -Web,10,0.17647058823529413,-0.34558823529411764,-0.2647058823529411,0.05170778588500107,0.043623043623043624,0.43315268733733264,1.0,0.6666666666666666
12365,Brute Force -Web,20,0.21212121212121213,-0.36062834224598933,-0.26136363636363635,0.05170778588500107,0.043623043623043624,0.4013790062930686,0.7142857142857143,1.0
13242,Infilteration,3,0.0,-0.7714285714285715,-0.6,0.30373424044310116,0.20546120546120547,0.0,,0.5
13242,Infilteration,5,0.0,-0.7818181818181817,-0.6,0.30373424044310116,0.20546120546120547,0.0,,0.42857142857142855
13242,Infilteration,10,0.17647058823529413,-0.5441176470588236,-0.39705882352941174,0.30373424044310116,0.20546120546120547,0.12094591802476669,0.6666666666666666,1.0
13242,Infilteration,20,0.3333333333333333,-0.25739710789766407,-0.167816091954023,0.30373424044310116,0.20546120546120547,0.19963480153561794,0.7,1.0
13566,DoS attacks-Slowloris,3,0.0,-0.6571428571428573,-0.4666666666666666,0.2916956461260259,0.19746919746919744,0.0,,0.5
13566,DoS attacks-Slowloris,5,0.1111111111111111,-0.45,-0.2777777777777778,0.2916956461260259,0.19746919746919744,0.076547581255647,1.0,0.6666666666666666
13566,DoS attacks-Slowloris,10,0.25,-0.3058823529411765,-0.19999999999999998,0.2916956461260259,0.19746919746919744,0.17156871512790045,0.75,0.8181818181818182
13566,DoS attacks-Slowloris,20,0.2903225806451613,-0.1028225806451613,-0.062365591397849474,0.2916956461260259,0.19746919746919744,0.24321405904878712,0.7777777777777778,1.0
13946,DoS attacks-SlowHTTPTest,3,0.5,0.39999999999999997,0.3333333333333334,0.38625931030994315,0.27206127206127206,0.7343173431734318,1.0,0.5
13946,DoS attacks-SlowHTTPTest,5,0.25,0.2380952380952381,0.21428571428571427,0.38625931030994315,0.27206127206127206,0.6390417816414738,1.0,0.42857142857142855
13946,DoS attacks-SlowHTTPTest,10,0.3333333333333333,-0.04642857142857142,-0.04761904761904762,0.38625931030994315,0.27206127206127206,0.5419750926495139,0.8,0.8181818181818182
13946,DoS attacks-SlowHTTPTest,20,0.42857142857142855,0.0071154898741105635,-0.015873015873015872,0.38625931030994315,0.27206127206127206,0.5324575713670631,0.4166666666666667,1.0
14215,Bot,3,0.2,-0.6,-0.39999999999999997,0.12950340798442062,0.09557109557109557,0.09963099630996312,1.0,0.2
14215,Bot,5,0.1111111111111111,-0.6333333333333333,-0.611111111111111,0.12950340798442062,0.09557109557109557,0.1424800371175307,1.0,0.42857142857142855
14215,Bot,10,0.1111111111111111,-0.5624355005159958,-0.46405228758169936,0.12950340798442062,0.09557109557109557,0.172947290227462,0.5,0.8181818181818182
14215,Bot,20,0.25,-0.48387096774193544,-0.35483870967741943,0.12950340798442062,0.09557109557109557,0.2018383606749261,0.625,1.0
15658,Brute Force -XSS,3,0.0,-0.7714285714285715,-0.6,0.5140302735239445,0.39926739926739924,0.0,,0.2
15658,Brute Force -XSS,5,0.25,-0.6190476190476191,-0.42857142857142855,0.5140302735239445,0.39926739926739924,0.10859075480452249,0.0,0.42857142857142855
15658,Brute Force -XSS,10,0.17647058823529413,-0.3823529411764707,-0.2647058823529411,0.5140302735239445,0.39926739926739924,0.17269811206418287,0.0,0.6666666666666666
15658,Brute Force -XSS,20,0.25,-0.3647360703812316,-0.2943548387096775,0.5140302735239445,0.39926739926739924,0.21873336954231734,0.0,1.0
15924,SSH-Bruteforce,3,0.2,-0.3,-0.19999999999999998,0.3779385171790235,0.25141525141525145,0.2656826568265683,1.0,0.5
15924,SSH-Bruteforce,5,0.1111111111111111,-0.21666666666666667,-0.1111111111111111,0.3779385171790235,0.25141525141525145,0.2523674635540035,1.0,0.6666666666666666
15924,SSH-Bruteforce,10,0.1111111111111111,-0.31888544891640863,-0.21568627450980396,0.3779385171790235,0.25141525141525145,0.25714763515143474,1.0,0.8181818181818182
15924,SSH-Bruteforce,20,0.2903225806451613,-0.33145161290322583,-0.2731182795698925,0.3779385171790235,0.25141525141525145,0.2794713763560007,0.8888888888888888,1.0
16366,Bot,3,0.0,-0.942857142857143,-0.8666666666666666,0.1726754258399828,0.1028971028971029,0.0,,0.5
16366,Bot,5,0.0,-0.9151515151515152,-0.8222222222222221,0.1726754258399828,0.1028971028971029,0.0,,0.42857142857142855
16366,Bot,10,0.05263157894736842,-0.5982456140350877,-0.391812865497076,0.1726754258399828,0.1028971028971029,0.03412738161028636,1.0,0.6666666666666666
16366,Bot,20,0.25,-0.5839442815249266,-0.40725806451612906,0.1726754258399828,0.1028971028971029,0.07259033808437265,0.5,1.0
17100,DDOS attack-HOIC,3,0.2,0.09999999999999999,0.0,0.18607974304176833,0.12687312687312688,0.6346863468634687,1.0,0.2
17100,DDOS attack-HOIC,5,0.1111111111111111,-0.2833333333333333,-0.3333333333333333,0.18607974304176833,0.12687312687312688,0.4965617445239432,1.0,0.6666666666666666
17100,DDOS attack-HOIC,10,0.1111111111111111,-0.31475748194014447,-0.21568627450980396,0.18607974304176833,0.12687312687312688,0.4106816284301976,1.0,0.8181818181818182
17100,DDOS attack-HOIC,20,0.25,-0.4186217008797653,-0.3064516129032258,0.18607974304176833,0.12687312687312688,0.36306595963759875,0.375,1.0
17227,DoS attacks-Slowloris,3,0.2,-0.49999999999999994,-0.39999999999999997,0.16362118893764463,0.10489510489510491,0.2656826568265683,1.0,0.2
17227,DoS attacks-Slowloris,5,0.1111111111111111,-0.45,-0.3888888888888889,0.16362118893764463,0.10489510489510491,0.2523674635540035,1.0,0.6666666666666666
17227,DoS attacks-Slowloris,10,0.25,-0.3764705882352941,-0.2833333333333333,0.16362118893764463,0.10489510489510491,0.2569646740565608,1.0,0.8181818181818182
17227,DoS attacks-Slowloris,20,0.25,-0.17961876832844573,-0.1532258064516129,0.16362118893764463,0.10489510489510491,0.2956068252553135,1.0,1.0
17228,DDOS attack-HOIC,3,0.2,0.19999999999999998,0.19999999999999998,0.10752538600639865,0.07092907092907093,0.6346863468634687,1.0,0.2
17228,DDOS attack-HOIC,5,0.1111111111111111,-0.2833333333333333,-0.2777777777777778,0.10752538600639865,0.07092907092907093,0.4965617445239432,1.0,0.6666666666666666
17228,DDOS attack-HOIC,10,0.1111111111111111,-0.3333333333333333,-0.24183006535947715,0.10752538600639865,0.07092907092907093,0.4106816284301976,1.0,1.0
17228,DDOS attack-HOIC,20,0.21212121212121213,-0.46590909090909094,-0.32954545454545453,0.10752538600639865,0.07092907092907093,0.36865447830063336,0.42857142857142855,1.0
17231,DDoS attacks-LOIC-HTTP,3,0.0,-0.7142857142857143,-0.4666666666666666,0.11872937189392886,0.0775890775890776,0.0,,0.2
17231,DDoS attacks-LOIC-HTTP,5,0.0,-0.8909090909090909,-0.6888888888888888,0.11872937189392886,0.0775890775890776,0.0,,0.25
17231,DDoS attacks-LOIC-HTTP,10,0.05263157894736842,-0.6561403508771929,-0.4502923976608187,0.11872937189392886,0.0775890775890776,0.0492374295588158,1.0,0.8181818181818182
17231,DDoS attacks-LOIC-HTTP,20,0.17647058823529413,-0.5071046600458365,-0.33333333333333337,0.11872937189392886,0.0775890775890776,0.08124395591872498,0.8333333333333334,1.0
17866,DDOS attack-LOIC-UDP,3,0.0,-0.7142857142857143,-0.4666666666666666,0.7873771797822431,0.6716616716616717,0.0,,0.0
17866,DDOS attack-LOIC-UDP,5,0.1111111111111111,-0.65,-0.5,0.7873771797822431,0.6716616716616717,0.076547581255647,0.0,0.25
17866,DDOS attack-LOIC-UDP,10,0.1111111111111111,-0.5624355005159958,-0.4509803921568628,0.7873771797822431,0.6716616716616717,0.11065743521031306,0.0,0.8181818181818182
17866,DDOS attack-LOIC-UDP,20,0.2903225806451613,-0.46169354838709675,-0.29462365591397854,0.7873771797822431,0.6716616716616717,0.13415487694808215,0.0,1.0
18255,SSH-Bruteforce,3,0.2,-0.6,-0.39999999999999997,0.23147738337611753,0.15817515817515818,0.09963099630996312,1.0,0.2
18255,SSH-Bruteforce,5,0.1111111111111111,-0.5,-0.3888888888888889,0.23147738337611753,0.15817515817515818,0.1424800371175307,1.0,0.25
18255,SSH-Bruteforce,10,0.25,-0.17941176470588235,-0.09999999999999999,0.23147738337611753,0.15817515817515818,0.24324298921022533,1.0,0.6666666666666666
18255,SSH-Bruteforce,20,0.2903225806451613,-0.1342741935483871,-0.09677419354838711,0.23147738337611753,0.15817515817515818,0.29838941614204456,0.6666666666666666,1.0
18302,DoS attacks-SlowHTTPTest,3,0.2,0.19999999999999998,0.19999999999999998,0.25929766436095547,0.17415917415917415,0.6346863468634687,1.0,0.2
18302,DoS attacks-SlowHTTPTest,5,0.1111111111111111,-0.11666666666666665,0.0,0.25929766436095547,0.17415917415917415,0.4965617445239432,1.0,0.25
18302,DoS attacks-SlowHTTPTest,10,0.1111111111111111,-0.3869969040247678,-0.22875816993464054,0.25929766436095547,0.17415917415917415,0.3673924203468,1.0,0.8181818181818182
18302,DoS attacks-SlowHTTPTest,20,0.25,-0.3346774193548387,-0.25000000000000006,0.25929766436095547,0.17415917415917415,0.3555290520690161,0.5,1.0
19068,Brute Force -XSS,3,0.0,-0.7714285714285715,-0.6,0.5144096409919194,0.39993339993339994,0.0,,0.2
19068,Brute Force -XSS,5,0.25,-0.6190476190476191,-0.42857142857142855,0.5144096409919194,0.39993339993339994,0.10859075480452249,0.0,0.42857142857142855
19068,Brute Force -XSS,10,0.17647058823529413,-0.3823529411764707,-0.2647058823529411,0.5144096409919194,0.39993339993339994,0.17269811206418287,0.0,0.6666666666666666
19068,Brute Force -XSS,20,0.25,-0.36180351906158353,-0.2903225806451613,0.5144096409919194,0.39993339993339994,0.2201982891420939,0.0,1.0
20056,Brute Force -XSS,3,0.0,-0.7714285714285715,-0.6,0.5127404241328292,0.39793539793539795,0.0,,0.2
20056,Brute Force -XSS,5,0.25,-0.6190476190476191,-0.42857142857142855,0.5127404241328292,0.39793539793539795,0.10859075480452249,0.0,0.42857142857142855
20056,Brute Force -XSS,10,0.17647058823529413,-0.3823529411764707,-0.2647058823529411,0.5127404241328292,0.39793539793539795,0.17269811206418287,0.0,0.6666666666666666
20056,Brute Force -XSS,20,0.25,-0.374633431085044,-0.30241935483870974,0.5127404241328292,0.39793539793539795,0.21873336954231734,0.0,1.0
20734,DDoS attacks-LOIC-HTTP,3,0.0,-0.8857142857142858,-0.7333333333333333,0.13893701235473388,0.09224109224109224,0.0,,0.2
20734,DDoS attacks-LOIC-HTTP,5,0.0,-0.6,-0.3333333333333333,0.13893701235473388,0.09224109224109224,0.0,,0.42857142857142855
20734,DDoS attacks-LOIC-HTTP,10,0.1111111111111111,-0.6160990712074303,-0.411764705882353,0.13893701235473388,0.09224109224109224,0.06252913433721924,0.0,0.8181818181818182
20734,DDoS attacks-LOIC-HTTP,20,0.1111111111111111,-0.5976833976833977,-0.4126984126984128,0.13893701235473388,0.09224109224109224,0.08643635886387585,0.25,1.0
20903,DoS attacks-SlowHTTPTest,3,0.2,0.09999999999999999,0.0,0.26410298562197293,0.18414918414918416,0.6346863468634687,1.0,0.2
20903,DoS attacks-SlowHTTPTest,5,0.1111111111111111,-0.18333333333333335,-0.1111111111111111,0.26410298562197293,0.18414918414918416,0.4965617445239432,1.0,0.25
20903,DoS attacks-SlowHTTPTest,10,0.05263157894736842,-0.5035087719298245,-0.40350877192982454,0.26410298562197293,0.18414918414918416,0.3614441988713819,1.0,0.6666666666666666
20903,DoS attacks-SlowHTTPTest,20,0.25,-0.5230938416422287,-0.3951612903225807,0.26410298562197293,0.18414918414918416,0.33555098388974003,0.375,1.0
20922,Brute Force -Web,3,0.2,-0.19999999999999998,-0.19999999999999998,0.1388105565320755,0.09024309024309024,0.2656826568265683,1.0,0.5
20922,Brute Force -Web,5,0.1111111111111111,-0.3,-0.2777777777777778,0.1388105565320755,0.09024309024309024,0.2523674635540035,1.0,0.42857142857142855
20922,Brute Force -Web,10,0.17647058823529413,-0.34068627450980393,-0.2941176470588235,0.1388105565320755,0.09024309024309024,0.2796186940585698,1.0,0.8181818181818182
20922,Brute Force -Web,20,0.21212121212121213,-0.28241978609625673,-0.2196969696969697,0.1388105565320755,0.09024309024309024,0.2947522946141722,0.8571428571428571,1.0
22508,SSH-Bruteforce,3,0.2,-0.7999999999999999,-0.6,0.32884836682305035,0.22943722943722944,0.09963099630996312,1.0,0.2
22508,SSH-Bruteforce,5,0.25,-0.261904761904762,-0.14285714285714285,0.32884836682305035,0.22943722943722944,0.2190276183731777,1.0,0.42857142857142855
22508,SSH-Bruteforce,10,0.25,-0.06470588235294117,0.0,0.32884836682305035,0.22943722943722944,0.2987147733863045,1.0,0.6666666666666666
22508,SSH-Bruteforce,20,0.2903225806451613,-0.04596774193548387,-0.08387096774193549,0.32884836682305035,0.22943722943722944,0.3503039910149877,0.6666666666666666,1.0
22780,FTP-BruteForce,3,0.2,0.19999999999999998,0.19999999999999998,0.4245754245754245,0.3066933066933067,0.6346863468634687,1.0,0.5
22780,FTP-BruteForce,5,0.25,0.023809523809523815,0.0,0.4245754245754245,0.3066933066933067,0.5731093257795903,1.0,0.25
22780,FTP-BruteForce,10,0.25,-0.1264705882352941,-0.13333333333333333,0.4245754245754245,0.3066933066933067,0.49457269298882994,1.0,0.8181818181818182
22780,FTP-BruteForce,20,0.3333333333333333,-0.10300333704115683,-0.10804597701149425,0.4245754245754245,0.3066933066933067,0.49043116176205515,0.5,1.0
24518,DoS attacks-Slowloris,3,0.2,0.09999999999999999,0.0,-0.003755737932953122,-0.005661005661005661,0.6346863468634687,1.0,0.2
24518,DoS attacks-Slowloris,5,0.1111111111111111,-0.35,-0.3888888888888889,-0.003755737932953122,-0.005661005661005661,0.4965617445239432,1.0,0.42857142857142855
24518,DoS attacks-Slowloris,10,0.1111111111111111,-0.39938080495356043,-0.32026143790849676,-0.003755737932953122,-0.005661005661005661,0.39557158048166824,1.0,0.8181818181818182
24518,DoS attacks-Slowloris,20,0.21212121212121213,-0.4050802139037434,-0.32196969696969696,-0.003755737932953122,-0.005661005661005661,0.37020380490600013,0.5714285714285714,1.0
25577,DDoS attacks-LOIC-HTTP,3,0.0,-0.6,-0.3333333333333333,0.27156387915881586,0.18414918414918416,0.0,,0.2
25577,DDoS attacks-LOIC-HTTP,5,0.0,-0.8424242424242423,-0.6444444444444444,0.27156387915881586,0.18414918414918416,0.0,,0.1111111111111111
25577,DDoS attacks-LOIC-HTTP,10,0.1111111111111111,-0.6862745098039216,-0.46405228758169936,0.27156387915881586,0.18414918414918416,0.0357627636855385,1.0,0.8181818181818182
25577,DDoS attacks-LOIC-HTTP,20,0.17647058823529413,-0.5948051948051948,-0.41176470588235303,0.27156387915881586,0.18414918414918416,0.07116728930544744,0.8333333333333334,1.0
26103,DoS attacks-Hulk,3,0.2,-0.39999999999999997,-0.39999999999999997,0.10562854866652334,0.06293706293706294,0.2656826568265683,1.0,0.5
26103,DoS attacks-Hulk,5,0.1111111111111111,-0.43333333333333335,-0.3888888888888889,0.10562854866652334,0.06293706293706294,0.2523674635540035,1.0,0.6666666666666666
26103,DoS attacks-Hulk,10,0.17647058823529413,-0.3823529411764707,-0.2941176470588235,0.10562854866652334,0.06293706293706294,0.2436729692781574,0.6666666666666666,0.8181818181818182
26103,DoS attacks-Hulk,20,0.25,-0.21590909090909088,-0.1733870967741936,0.10562854866652334,0.06293706293706294,0.2822485337420728,0.625,1.0
26400,Infilteration,3,0.0,-0.7714285714285715,-0.6,0.29141744331617747,0.19480519480519481,0.0,,0.5
26400,Infilteration,5,0.1111111111111111,-0.48333333333333334,-0.3333333333333333,0.29141744331617747,0.19480519480519481,0.076547581255647,1.0,0.42857142857142855
26400,Infilteration,10,0.25,-0.2676470588235294,-0.19999999999999998,0.29141744331617747,0.19480519480519481,0.17891219843088577,0.75,0.8181818181818182
26400,Infilteration,20,0.3333333333333333,-0.06829810901001113,-0.03448275862068966,0.29141744331617747,0.19480519480519481,0.24742737506888,0.5,1.0
26662,Brute Force -Web,3,0.2,-0.7,-0.6,0.13183019512133434,0.08957708957708958,0.09963099630996312,1.0,0.2
26662,Brute Force -Web,5,0.1111111111111111,-0.41666666666666663,-0.2777777777777778,0.13183019512133434,0.08957708957708958,0.1424800371175307,1.0,0.6666666666666666
26662,Brute Force -Web,10,0.25,-0.2911764705882353,-0.19999999999999998,0.13183019512133434,0.08957708957708958,0.2164766185585446,0.75,0.6666666666666666
26662,Brute Force -Web,20,0.21212121212121213,-0.19385026737967917,-0.14772727272727273,0.13183019512133434,0.08957708957708958,0.2522970765398051,0.7142857142857143,1.0
27402,SSH-Bruteforce,3,0.2,-0.6,-0.39999999999999997,0.3426826338218743,0.23210123210123212,0.09963099630996312,1.0,0.2
27402,SSH-Bruteforce,5,0.25,-0.5000000000000001,-0.3571428571428571,0.3426826338218743,0.23210123210123212,0.1745232106664062,1.0,0.42857142857142855
27402,SSH-Bruteforce,10,0.3333333333333333,-0.039285714285714285,-0.08571428571428572,0.3426826338218743,0.23210123210123212,0.3048605847215363,0.8,0.8181818181818182
27402,SSH-Bruteforce,20,0.3793103448275862,0.12807881773399013,0.08374384236453201,0.3426826338218743,0.23210123210123212,0.36049294681838656,0.5454545454545454,1.0
27421,Brute Force -XSS,3,0.0,-0.7714285714285715,-0.6,0.5161547313446047,0.4019314019314019,0.0,,0.0
27421,Brute Force -XSS,5,0.1111111111111111,-0.6333333333333333,-0.4444444444444444,0.5161547313446047,0.4019314019314019,0.076547581255647,0.0,0.42857142857142855
27421,Brute Force -XSS,10,0.17647058823529413,-0.411764705882353,-0.2794117647058823,0.5161547313446047,0.4019314019314019,0.15255138146614355,0.0,0.6666666666666666
27421,Brute Force -XSS,20,0.2903225806451613,-0.38104838709677424,-0.2989247311827957,0.5161547313446047,0.4019314019314019,0.20602906856501305,0.0,1.0
27685,DoS attacks-SlowHTTPTest,3,0.2,0.19999999999999998,0.19999999999999998,0.33102340697277405,0.23676323676323677,0.6346863468634687,1.0,0.2
27685,DoS attacks-SlowHTTPTest,5,0.1111111111111111,-0.13333333333333333,-0.05555555555555555,0.33102340697277405,0.23676323676323677,0.4965617445239432,1.0,0.25
27685,DoS attacks-SlowHTTPTest,10,0.1111111111111111,-0.3457172342621259,-0.15032679738562094,0.33102340697277405,0.23676323676323677,0.3673924203468,1.0,0.8181818181818182
27685,DoS attacks-SlowHTTPTest,20,0.3793103448275862,-0.2551724137931034,-0.1527093596059113,0.33102340697277405,0.23676323676323677,0.3628610731581354,0.36363636363636365,1.0
28493,DDoS attacks-LOIC-HTTP,3,0.2,-0.7,-0.6,0.22070334728562574,0.15151515151515152,0.09963099630996312,1.0,0.5
28493,DDoS attacks-LOIC-HTTP,5,0.1111111111111111,-0.5833333333333334,-0.4444444444444444,0.22070334728562574,0.15151515151515152,0.1424800371175307,1.0,0.42857142857142855
28493,DDoS attacks-LOIC-HTTP,10,0.1111111111111111,-0.43859649122807015,-0.30718954248366015,0.22070334728562574,0.15151515151515152,0.18805733817599143,0.5,0.6666666666666666
28493,DDoS attacks-LOIC-HTTP,20,0.14285714285714285,-0.4596638655462185,-0.3277310924369748,0.22070334728562574,0.15151515151515152,0.2014070430931188,0.4,1.0
28878,DoS attacks-Hulk,3,0.5,0.7999999999999999,0.6666666666666669,0.1947040301470681,0.13952713952713952,0.900369003690037,1.0,0.5
28878,DoS attacks-Hulk,5,0.25,0.3333333333333334,0.2857142857142857,0.1947040301470681,0.13952713952713952,0.7489292080779467,1.0,0.6666666666666666
28878,DoS attacks-Hulk,10,0.17647058823529413,-0.09313725490196079,-0.014705882352941175,0.1947040301470681,0.13952713952713952,0.5753026259394187,0.6666666666666666,0.8181818181818182
28878,DoS attacks-Hulk,20,0.21212121212121213,-0.2857620320855615,-0.23863636363636362,0.1947040301470681,0.13952713952713952,0.5039142684870948,0.7142857142857143,1.0
29535,Brute Force -Web,3,0.2,-0.6,-0.39999999999999997,0.34096283463372073,0.2840492840492841,0.09963099630996312,0.0,0.2
29535,Brute Force -Web,5,0.1111111111111111,-0.33333333333333337,-0.2222222222222222,0.34096283463372073,0.2840492840492841,0.1424800371175307,0.0,0.25
29535,Brute Force -Web,10,0.17647058823529413,-0.4093137254901961,-0.2941176470588235,0.34096283463372073,0.2840492840492841,0.16723918899972878,0.0,0.6666666666666666
29535,Brute Force -Web,20,0.2903225806451613,-0.33911290322580645,-0.2731182795698925,0.34096283463372073,0.2840492840492841,0.22462233034500975,0.0,1.0
30186,DoS attacks-Slowloris,3,0.0,-0.6571428571428573,-0.4666666666666666,0.40446894877274625,0.28471528471528473,0.0,,0.2
30186,DoS attacks-Slowloris,5,0.25,-0.4761904761904762,-0.3571428571428571,0.40446894877274625,0.28471528471528473,0.10859075480452249,1.0,0.42857142857142855
30186,DoS attacks-Slowloris,10,0.25,-0.25588235294117645,-0.21666666666666667,0.40446894877274625,0.28471528471528473,0.21416897697745446,0.75,0.8181818181818182
30186,DoS attacks-Slowloris,20,0.2903225806451613,-0.1350806451612903,-0.07526881720430108,0.40446894877274625,0.28471528471528473,0.2634107253123137,0.5555555555555556,1.0
30316,DDoS attacks-LOIC-HTTP,3,0.0,-0.7714285714285715,-0.6,0.12710074735391189,0.07559107559107558,0.0,,0.5
30316,DDoS attacks-LOIC-HTTP,5,0.1111111111111111,-0.7333333333333334,-0.5555555555555556,0.12710074735391189,0.07559107559107558,0.076547581255647,1.0,0.42857142857142855
30316,DDoS attacks-LOIC-HTTP,10,0.1111111111111111,-0.4901960784313726,-0.35947712418300654,0.12710074735391189,0.07559107559107558,0.14660315999072546,0.5,0.6666666666666666
30316,DDoS attacks-LOIC-HTTP,20,0.1111111111111111,-0.5580437580437582,-0.4126984126984128,0.12710074735391189,0.07559107559107558,0.15196936134097327,0.5,1.0
30494,Benign,3,0.0,-0.6571428571428573,-0.4666666666666666,0.13261422122181615,0.08491508491508491,0.0,,0.2
30494,Benign,5,0.25,-0.4761904761904762,-0.3571428571428571,0.13261422122181615,0.08491508491508491,0.10859075480452249,1.0,0.6666666666666666
30494,Benign,10,0.25,-0.22058823529411767,-0.13333333333333333,0.13261422122181615,0.08491508491508491,0.18598981684258625,1.0,0.8181818181818182
30494,Benign,20,0.14285714285714285,-0.23165266106442578,-0.173109243697479,0.13261422122181615,0.08491508491508491,0.22574980074362064,1.0,1.0
30548,Bot,3,0.0,-1.0,-0.9999999999999999,0.12295299637071788,0.07692307692307691,0.0,,0.2
30548,Bot,5,0.0,-0.9515151515151514,-0.8666666666666666,0.12295299637071788,0.07692307692307691,0.0,,0.42857142857142855
30548,Bot,10,0.0,-0.7563909774436091,-0.5368421052631579,0.12295299637071788,0.07692307692307691,0.0,,0.6666666666666666
30548,Bot,20,0.14285714285714285,-0.6296918767507003,-0.4151260504201681,0.12295299637071788,0.07692307692307691,0.016630420454944693,0.4,1.0
30861,DDoS attacks-LOIC-HTTP,3,0.2,-0.49999999999999994,-0.19999999999999998,0.20502282527598983,0.13353313353313354,0.09963099630996312,1.0,0.5
30861,DDoS attacks-LOIC-HTTP,5,0.1111111111111111,-0.5333333333333333,-0.3888888888888889,0.20502282527598983,0.13353313353313354,0.1424800371175307,1.0,0.42857142857142855
30861,DDoS attacks-LOIC-HTTP,10,0.05263157894736842,-0.6368421052631579,-0.5321637426900584,0.20502282527598983,0.13353313353313354,0.13881990861717564,1.0,1.0
30861,DDoS attacks-LOIC-HTTP,20,0.21212121212121213,-0.670788770053476,-0.5454545454545455,0.20502282527598983,0.13353313353313354,0.15425880091638364,0.2857142857142857,1.0
31235,DoS attacks-Slowloris,3,0.2,0.19999999999999998,0.19999999999999998,0.007954071245210484,0.016317016317016316,0.6346863468634687,1.0,0.5
31235,DoS attacks-Slowloris,5,0.25,0.04761904761904763,0.0,0.007954071245210484,0.016317016317016316,0.5731093257795903,1.0,0.6666666666666666
31235,DoS attacks-Slowloris,10,0.17647058823529413,-0.16911764705882354,-0.16176470588235295,0.007954071245210484,0.016317016317016316,0.5080473588621073,1.0,0.8181818181818182
31235,DoS attacks-Slowloris,20,0.17647058823529413,-0.30450725744843393,-0.21925133689839574,0.007954071245210484,0.016317016317016316,0.4533510526577695,0.6666666666666666,1.0
31263,FTP-BruteForce,3,0.5,-0.19999999999999998,0.0,0.33426067603282794,0.24075924075924077,0.3653136531365314,1.0,0.5
31263,FTP-BruteForce,5,0.25,0.11904761904761905,0.14285714285714285,0.33426067603282794,0.24075924075924077,0.3948475006715343,1.0,0.25
31263,FTP-BruteForce,10,0.25,-0.09999999999999999,-0.11666666666666665,0.33426067603282794,0.24075924075924077,0.38680571729549906,0.75,0.8181818181818182
31263,FTP-BruteForce,20,0.2903225806451613,-0.11895161290322583,-0.09677419354838711,0.33426067603282794,0.24075924075924077,0.39483128521112354,0.5555555555555556,1.0
32293,FTP-BruteForce,3,0.2,-0.3,-0.19999999999999998,0.4255870711566914,0.2987012987012987,0.2656826568265683,1.0,0.5
32293,FTP-BruteForce,5,0.25,-0.11904761904761905,-0.14285714285714285,0.4255870711566914,0.2987012987012987,0.32891504480965056,1.0,0.25
32293,FTP-BruteForce,10,0.3333333333333333,-0.05357142857142857,-0.028571428571428574,0.4255870711566914,0.2987012987012987,0.35864324388863644,0.8,0.8181818181818182
32293,FTP-BruteForce,20,0.3333333333333333,-0.06562847608453837,-0.0574712643678161,0.4255870711566914,0.2987012987012987,0.38889001112149457,0.5,1.0
33069,DoS attacks-GoldenEye,3,0.2,0.09999999999999999,0.0,0.3768762882686933,0.2600732600732601,0.6346863468634687,1.0,0.5
33069,DoS attacks-GoldenEye,5,0.25,-0.023809523809523815,-0.07142857142857142,0.3768762882686933,0.2600732600732601,0.5731093257795903,1.0,0.42857142857142855
33069,DoS attacks-GoldenEye,10,0.25,-0.2323529411764706,-0.18333333333333335,0.3768762882686933,0.2600732600732601,0.478049855557113,1.0,0.8181818181818182
33069,DoS attacks-GoldenEye,20,0.25,-0.1510263929618768,-0.08064516129032259,0.3768762882686933,0.2600732600732601,0.45716645809322826,0.875,1.0
33734,DoS attacks-SlowHTTPTest,3,0.2,0.09999999999999999,0.0,0.16953932143805558,0.10755910755910755,0.6346863468634687,1.0,0.2
33734,DoS attacks-SlowHTTPTest,5,0.1111111111111111,-0.3666666666666667,-0.4444444444444444,0.16953932143805558,0.10755910755910755,0.4965617445239432,1.0,0.25
33734,DoS attacks-SlowHTTPTest,10,0.05263157894736842,-0.5017543859649122,-0.391812865497076,0.16953932143805558,0.10755910755910755,0.3614441988713819,1.0,0.6666666666666666
33734,DoS attacks-SlowHTTPTest,20,0.2903225806451613,-0.49516129032258066,-0.3548387096774194,0.16953932143805558,0.10755910755910755,0.3258194660039277,0.3333333333333333,1.0
34218,DoS attacks-Hulk,3,0.2,0.0,-0.19999999999999998,0.25150798568520083,0.16616716616716617,0.6346863468634687,1.0,0.5
34218,DoS attacks-Hulk,5,0.1111111111111111,-0.3,-0.3333333333333333,0.25150798568520083,0.16616716616716617,0.4965617445239432,1.0,0.42857142857142855
34218,DoS attacks-Hulk,10,0.05263157894736842,-0.45789473684210524,-0.3099415204678362,0.25150798568520083,0.16616716616716617,0.3614441988713819,1.0,0.8181818181818182
34218,DoS attacks-Hulk,20,0.17647058823529413,-0.37020626432391135,-0.24064171122994657,0.25150798568520083,0.16616716616716617,0.33569994168321965,0.6666666666666666,1.0
34372,DoS attacks-Hulk,3,0.2,0.0,-0.19999999999999998,0.10375700249117971,0.0636030636030636,0.6346863468634687,1.0,0.5
34372,DoS attacks-Hulk,5,0.1111111111111111,-0.25,-0.2777777777777778,0.10375700249117971,0.0636030636030636,0.4965617445239432,1.0,0.6666666666666666
34372,DoS attacks-Hulk,10,0.1111111111111111,-0.44272445820433437,-0.34640522875817,0.10375700249117971,0.0636030636030636,0.383915257778517,1.0,0.6666666666666666
34372,DoS attacks-Hulk,20,0.21212121212121213,-0.3375668449197861,-0.2537878787878788,0.10375700249117971,0.0636030636030636,0.3726061458288724,0.7142857142857143,1.0
35169,DoS attacks-SlowHTTPTest,3,0.2,0.19999999999999998,0.19999999999999998,0.29753790513284184,0.19014319014319014,0.6346863468634687,1.0,0.2
35169,DoS attacks-SlowHTTPTest,5,0.1111111111111111,-0.18333333333333335,-0.16666666666666666,0.29753790513284184,0.19014319014319014,0.4965617445239432,1.0,0.1111111111111111
35169,DoS attacks-SlowHTTPTest,10,0.1111111111111111,-0.42002063983488136,-0.281045751633987,0.29753790513284184,0.19014319014319014,0.3673924203468,1.0,0.8181818181818182
35169,DoS attacks-SlowHTTPTest,20,0.3333333333333333,-0.3637374860956618,-0.25517241379310346,0.29753790513284184,0.19014319014319014,0.35107930751884786,0.3,1.0
35834,DDoS attacks-LOIC-HTTP,3,0.2,-0.3,-0.19999999999999998,0.1793522932763439,0.10556110556110557,0.2656826568265683,1.0,0.5
35834,DDoS attacks-LOIC-HTTP,5,0.1111111111111111,-0.39999999999999997,-0.3333333333333333,0.1793522932763439,0.10556110556110557,0.2523674635540035,1.0,0.42857142857142855
35834,DDoS attacks-LOIC-HTTP,10,0.05263157894736842,-0.5421052631578946,-0.43859649122807015,0.1793522932763439,0.10556110556110557,0.20791020559261889,1.0,0.6666666666666666
35834,DDoS attacks-LOIC-HTTP,20,0.17647058823529413,-0.6730328495034378,-0.5864527629233512,0.1793522932763439,0.10556110556110557,0.19790955909234725,0.5,1.0
35910,SSH-Bruteforce,3,0.2,-0.49999999999999994,-0.39999999999999997,0.3060357364154832,0.20745920745920746,0.2656826568265683,1.0,0.5
35910,SSH-Bruteforce,5,0.1111111111111111,-0.2833333333333333,-0.16666666666666666,0.3060357364154832,0.20745920745920746,0.2523674635540035,1.0,0.42857142857142855
35910,SSH-Bruteforce,10,0.1111111111111111,-0.40763673890608876,-0.30718954248366015,0.3060357364154832,0.20745920745920746,0.24203758720290527,1.0,0.8181818181818182
35910,SSH-Bruteforce,20,0.21212121212121213,-0.3375668449197861,-0.2537878787878788,0.3060357364154832,0.20745920745920746,0.26033392445077086,0.7142857142857143,1.0
36718,DDoS attacks-LOIC-HTTP,3,0.2,-0.49999999999999994,-0.19999999999999998,0.1927819016426611,0.11621711621711622,0.09963099630996312,1.0,0.5
36718,DDoS attacks-LOIC-HTTP,5,0.1111111111111111,-0.5499999999999999,-0.4444444444444444,0.1927819016426611,0.11621711621711622,0.1424800371175307,1.0,0.42857142857142855
36718,DDoS attacks-LOIC-HTTP,10,0.05263157894736842,-0.5228070175438596,-0.3567251461988304,0.1927819016426611,0.11621711621711622,0.13881990861717564,1.0,0.8181818181818182
36718,DDoS attacks-LOIC-HTTP,20,0.14285714285714285,-0.5277310924369749,-0.38823529411764707,0.1927819016426611,0.11621711621711622,0.16885426078781848,0.4,1.0
36840,DoS attacks-Slowloris,3,0.0,-0.6571428571428573,-0.4666666666666666,0.3821368504912809,0.26606726606726605,0.0,,0.2
36840,DoS attacks-Slowloris,5,0.1111111111111111,-0.5499999999999999,-0.4444444444444444,0.3821368504912809,0.26606726606726605,0.076547581255647,1.0,0.42857142857142855
36840,DoS attacks-Slowloris,10,0.25,-0.40294117647058825,-0.35,0.3821368504912809,0.26606726606726605,0.1731865695475323,0.75,0.8181818181818182
36840,DoS attacks-Slowloris,20,0.3333333333333333,-0.18175750834260287,-0.12643678160919541,0.3821368504912809,0.26606726606726605,0.22709522862864034,0.5,1.0
37957,DoS attacks-SlowHTTPTest,3,0.2,0.09999999999999999,0.0,0.10135434186067097,0.06293706293706294,0.6346863468634687,1.0,0.2
37957,DoS attacks-SlowHTTPTest,5,0.1111111111111111,-0.21666666666666667,-0.2222222222222222,0.10135434186067097,0.06293706293706294,0.4965617445239432,1.0,0.25
37957,DoS attacks-SlowHTTPTest,10,0.17647058823529413,-0.44117647058823534,-0.3235294117647059,0.10135434186067097,0.06293706293706294,0.37334064182221804,0.6666666666666666,0.8181818181818182
37957,DoS attacks-SlowHTTPTest,20,0.25,-0.31524926686217003,-0.22177419354838715,0.10135434186067097,0.06293706293706294,0.3697153077533038,0.375,1.0
38600,DoS attacks-Hulk,3,0.2,0.09999999999999999,0.0,0.04988682203872077,0.030969030969030968,0.6346863468634687,1.0,0.5
38600,DoS attacks-Hulk,5,0.1111111111111111,-0.31666666666666665,-0.3333333333333333,0.04988682203872077,0.030969030969030968,0.4965617445239432,1.0,0.42857142857142855
38600,DoS attacks-Hulk,10,0.1111111111111111,-0.3828689370485036,-0.25490196078431376,0.04988682203872077,0.030969030969030968,0.383915257778517,0.5,0.8181818181818182
38600,DoS attacks-Hulk,20,0.21212121212121213,-0.35193850267379684,-0.23863636363636362,0.04988682203872077,0.030969030969030968,0.35086653846262167,0.5714285714285714,1.0
39107,FTP-BruteForce,3,0.5,0.39999999999999997,0.3333333333333334,0.3566180654788249,0.2480852480852481,0.7343173431734318,1.0,0.5
39107,FTP-BruteForce,5,0.25,0.2380952380952381,0.21428571428571427,0.3566180654788249,0.2480852480852481,0.6390417816414738,1.0,0.42857142857142855
39107,FTP-BruteForce,10,0.17647058823529413,-0.16911764705882354,-0.16176470588235295,0.3566180654788249,0.2480852480852481,0.5227351663956924,1.0,0.8181818181818182
39107,FTP-BruteForce,20,0.3333333333333333,-0.18798665183537264,-0.14482758620689656,0.3566180654788249,0.2480852480852481,0.48751470681221637,0.4,1.0
39719,DDoS attacks-LOIC-HTTP,3,0.2,-0.7,-0.6,0.1924531165037494,0.1341991341991342,0.09963099630996312,1.0,0.5
39719,DDoS attacks-LOIC-HTTP,5,0.1111111111111111,-0.5666666666666667,-0.4444444444444444,0.1924531165037494,0.1341991341991342,0.1424800371175307,1.0,0.6666666666666666
39719,DDoS attacks-LOIC-HTTP,10,0.05263157894736842,-0.5333333333333333,-0.34502923976608185,0.1924531165037494,0.1341991341991342,0.13881990861717564,1.0,0.8181818181818182
39719,DDoS attacks-LOIC-HTTP,20,0.25,-0.4824046920821114,-0.32258064516129037,0.1924531165037494,0.1341991341991342,0.17292553229969027,0.5,1.0
40324,Brute Force -XSS,3,0.0,-0.7714285714285715,-0.6,0.5131197916008043,0.39793539793539795,0.0,,0.2
40324,Brute Force -XSS,5,0.25,-0.6190476190476191,-0.42857142857142855,0.5131197916008043,0.39793539793539795,0.10859075480452249,0.0,0.42857142857142855
40324,Brute Force -XSS,10,0.17647058823529413,-0.3823529411764707,-0.2647058823529411,0.5131197916008043,0.39793539793539795,0.17269811206418287,0.0,0.6666666666666666
40324,Brute Force -XSS,20,0.25,-0.3684017595307918,-0.30241935483870974,0.5131197916008043,0.39793539793539795,0.21643775435772636,0.0,1.0
40556,DoS attacks-SlowHTTPTest,3,0.2,0.09999999999999999,0.0,0.1468025645240835,0.1008991008991009,0.6346863468634687,1.0,0.2
40556,DoS attacks-SlowHTTPTest,5,0.1111111111111111,-0.31666666666666665,-0.3333333333333333,0.1468025645240835,0.1008991008991009,0.4965617445239432,1.0,0.1111111111111111
40556,DoS attacks-SlowHTTPTest,10,0.1111111111111111,-0.4055727554179567,-0.281045751633987,0.1468025645240835,0.1008991008991009,0.3673924203468,1.0,0.8181818181818182
40556,DoS attacks-SlowHTTPTest,20,0.21212121212121213,-0.40741978609625673,-0.2840909090909091,0.1468025645240835,0.1008991008991009,0.3373042637829841,0.42857142857142855,1.0
40715,DDOS attack-LOIC-UDP,3,0.0,-0.7142857142857143,-0.4666666666666666,0.789678675754625,0.6756576756576756,0.0,,0.0
40715,DDOS attack-LOIC-UDP,5,0.1111111111111111,-0.6166666666666666,-0.4444444444444444,0.789678675754625,0.6756576756576756,0.076547581255647,0.0,0.25
40715,DDOS attack-LOIC-UDP,10,0.1111111111111111,-0.5211558307533539,-0.4379084967320262,0.789678675754625,0.6756576756576756,0.14660315999072546,0.0,0.8181818181818182
40715,DDOS attack-LOIC-UDP,20,0.2903225806451613,-0.42822580645161296,-0.2688172043010753,0.789678675754625,0.6756576756576756,0.1622723504195934,0.0,1.0
40737,DoS attacks-SlowHTTPTest,3,0.2,0.19999999999999998,0.19999999999999998,0.22553395971117485,0.1481851481851482,0.6346863468634687,1.0,0.2
40737,DoS attacks-SlowHTTPTest,5,0.1111111111111111,-0.16666666666666669,-0.1111111111111111,0.22553395971117485,0.1481851481851482,0.4965617445239432,1.0,0.1111111111111111
40737,DoS attacks-SlowHTTPTest,10,0.1111111111111111,-0.3828689370485036,-0.21568627450980396,0.22553395971117485,0.1481851481851482,0.3673924203468,1.0,0.8181818181818182
40737,DoS attacks-SlowHTTPTest,20,0.3333333333333333,-0.36151279199110126,-0.24597701149425286,0.22553395971117485,0.1481851481851482,0.3647246852870656,0.3,1.0
42573,Brute Force -Web,3,0.0,-0.7142857142857143,-0.4666666666666666,0.1362055665853134,0.08558108558108558,0.0,,0.2
42573,Brute Force -Web,5,0.0,-0.7939393939393938,-0.6,0.1362055665853134,0.08558108558108558,0.0,,0.25
42573,Brute Force -Web,10,0.0,-0.7563909774436091,-0.5368421052631579,0.1362055665853134,0.08558108558108558,0.0,,0.8181818181818182
42573,Brute Force -Web,20,0.14285714285714285,-0.7123249299719888,-0.5193277310924369,0.1362055665853134,0.08558108558108558,0.03171345739027293,0.4,1.0
43708,Infilteration,3,0.2,-0.7,-0.6,0.268630104073142,0.1874791874791875,0.09963099630996312,1.0,0.5
43708,Infilteration,5,0.42857142857142855,-0.3571428571428572,-0.23809523809523814,0.268630104073142,0.1874791874791875,0.2510707919220532,1.0,0.6666666666666666
43708,Infilteration,10,0.42857142857142855,0.1076923076923077,0.14285714285714285,0.268630104073142,0.1874791874791875,0.402226315153446,0.6666666666666666,0.6666666666666666
43708,Infilteration,20,0.48148148148148145,0.08974358974358974,0.059829059829059845,0.268630104073142,0.1874791874791875,0.44904403098363105,0.5384615384615384,1.0
43950,DoS attacks-GoldenEye,3,0.2,0.09999999999999999,0.0,0.30158449145790917,0.19547119547119546,0.6346863468634687,1.0,0.5
43950,DoS attacks-GoldenEye,5,0.1111111111111111,-0.13333333333333333,-0.05555555555555555,0.30158449145790917,0.19547119547119546,0.4965617445239432,1.0,0.42857142857142855
43950,DoS attacks-GoldenEye,10,0.25,-0.33529411764705885,-0.19999999999999998,0.30158449145790917,0.19547119547119546,0.3958117007293531,0.5,0.6666666666666666
43950,DoS attacks-GoldenEye,20,0.25,-0.03409090909090909,0.00403225806451613,0.30158449145790917,0.19547119547119546,0.4165981377543313,0.75,1.0
43974,DoS attacks-GoldenEye,3,0.2,0.0,-0.19999999999999998,0.23835658012873204,0.16483516483516483,0.6346863468634687,1.0,0.2
43974,DoS attacks-GoldenEye,5,0.1111111111111111,-0.25,-0.2777777777777778,0.23835658012873204,0.16483516483516483,0.4965617445239432,1.0,0.6666666666666666
43974,DoS attacks-GoldenEye,10,0.25,-0.3558823529411765,-0.26666666666666666,0.23835658012873204,0.16483516483516483,0.40315518403233847,0.75,0.8181818181818182
43974,DoS attacks-GoldenEye,20,0.25,-0.26502932551319647,-0.1653225806451613,0.23835658012873204,0.16483516483516483,0.38929528194668095,0.5,1.0
44610,Benign,3,0.2,-0.6,-0.39999999999999997,0.05620961317163849,0.04162504162504163,0.09963099630996312,1.0,0.5
44610,Benign,5,0.1111111111111111,-0.33333333333333337,-0.16666666666666666,0.05620961317163849,0.04162504162504163,0.1424800371175307,1.0,0.42857142857142855
44610,Benign,10,0.17647058823529413,-0.1936274509803922,-0.07352941176470587,0.05620961317163849,0.04162504162504163,0.21052839708312654,1.0,0.6666666666666666
44610,Benign,20,0.14285714285714285,-0.33725490196078434,-0.226890756302521,0.05620961317163849,0.04162504162504163,0.22642262883850717,0.8,1.0
45214,FTP-BruteForce,3,0.2,-0.3,-0.19999999999999998,0.3329961178062444,0.22677322677322678,0.2656826568265683,1.0,0.5
45214,FTP-BruteForce,5,0.25,-0.04761904761904763,0.0,0.3329961178062444,0.22677322677322678,0.32891504480965056,1.0,0.25
45214,FTP-BruteForce,10,0.25,-0.13529411764705881,-0.16666666666666669,0.3329961178062444,0.22677322677322678,0.34535153911023303,0.75,1.0
45214,FTP-BruteForce,20,0.2903225806451613,-0.1217741935483871,-0.13118279569892474,0.3329961178062444,0.22677322677322678,0.3741653221048135,0.5555555555555556,1.0
46168,SQL Injection,3,0.2,-0.3,-0.19999999999999998,0.13033801641396578,0.08624708624708624,0.2656826568265683,1.0,0.2
46168,SQL Injection,5,0.1111111111111111,-0.33333333333333337,-0.2222222222222222,0.13033801641396578,0.08624708624708624,0.2523674635540035,1.0,0.6666666666666666
46168,SQL Injection,10,0.05263157894736842,-0.4263157894736842,-0.2631578947368421,0.13033801641396578,0.08624708624708624,0.20791020559261889,1.0,0.6666666666666666
46168,SQL Injection,20,0.25,-0.32587976539589436,-0.1895161290322581,0.13033801641396578,0.08624708624708624,0.2250564015312887,0.875,1.0
46299,Bot,3,0.0,-0.6,-0.3333333333333333,0.101657835835051,0.04895104895104895,0.0,,0.2
46299,Bot,5,0.0,-0.8181818181818182,-0.6444444444444444,0.101657835835051,0.04895104895104895,0.0,,0.42857142857142855
46299,Bot,10,0.0,-0.78796992481203,-0.5789473684210527,0.101657835835051,0.04895104895104895,0.0,,0.6666666666666666
46299,Bot,20,0.17647058823529413,-0.6452253628724216,-0.44385026737967925,0.101657835835051,0.04895104895104895,0.031301708840048285,0.5,1.0
47530,Benign,3,0.2,0.19999999999999998,0.19999999999999998,0.22399119867474293,0.15151515151515152,0.6346863468634687,1.0,0.2
47530,Benign,5,0.25,-0.023809523809523815,0.0,0.22399119867474293,0.15151515151515152,0.5731093257795903,0.5,0.6666666666666666
47530,Benign,10,0.25,-0.15294117647058825,-0.15,0.22399119867474293,0.15151515151515152,0.5062290156919812,0.75,0.8181818181818182
47530,Benign,20,0.14285714285714285,-0.24453781512605044,-0.18319327731092439,0.22399119867474293,0.15151515151515152,0.4577462206975669,0.6,1.0
47891,SSH-Bruteforce,3,0.2,-0.49999999999999994,-0.39999999999999997,0.24751198168919686,0.16616716616716617,0.2656826568265683,1.0,0.5
47891,SSH-Bruteforce,5,0.25,-0.2380952380952381,-0.07142857142857142,0.24751198168919686,0.16616716616716617,0.28441063710287906,1.0,0.42857142857142855
47891,SSH-Bruteforce,10,0.17647058823529413,-0.27941176470588236,-0.20588235294117643,0.24751198168919686,0.16616716616716617,0.2905860705278775,0.6666666666666666,0.8181818181818182
47891,SSH-Bruteforce,20,0.25,-0.15762463343108502,-0.09274193548387098,0.24751198168919686,0.16616716616716617,0.3119158262618331,0.875,1.0
49274,DoS attacks-GoldenEye,3,0.5,0.6000000000000001,0.3333333333333334,0.36412954134473113,0.25074925074925075,0.5313653136531366,1.0,0.5
49274,DoS attacks-GoldenEye,5,0.25,0.261904761904762,0.14285714285714285,0.36412954134473113,0.25074925074925075,0.504734927108007,1.0,0.42857142857142855
49274,DoS attacks-GoldenEye,10,0.3333333333333333,0.08214285714285713,0.06666666666666668,0.36412954134473113,0.25074925074925075,0.4691877190493457,1.0,0.6666666666666666
49274,DoS attacks-GoldenEye,20,0.3793103448275862,-0.0985221674876847,-0.12315270935960589,0.36412954134473113,0.25074925074925075,0.46279390099628587,0.8181818181818182,1.0
49460,DDOS attack-LOIC-UDP,3,0.0,-0.7142857142857143,-0.4666666666666666,0.787604800263028,0.6723276723276723,0.0,,0.0
49460,DDOS attack-LOIC-UDP,5,0.1111111111111111,-0.6166666666666666,-0.4444444444444444,0.787604800263028,0.6723276723276723,0.076547581255647,0.0,0.25
49460,DDOS attack-LOIC-UDP,10,0.1111111111111111,-0.5252837977296182,-0.3856209150326798,0.787604800263028,0.6723276723276723,0.11065743521031306,0.0,0.8181818181818182
49460,DDOS attack-LOIC-UDP,20,0.2903225806451613,-0.4620967741935485,-0.2903225806451613,0.787604800263028,0.6723276723276723,0.1366745386596978,0.0,1.0
49728,Brute Force -Web,3,0.2,-0.6,-0.39999999999999997,0.34111458162091074,0.28471528471528473,0.09963099630996312,0.0,0.2
49728,Brute Force -Web,5,0.1111111111111111,-0.33333333333333337,-0.2222222222222222,0.34111458162091074,0.28471528471528473,0.1424800371175307,0.0,0.25
49728,Brute Force -Web,10,0.17647058823529413,-0.4093137254901961,-0.2941176470588235,0.34111458162091074,0.28471528471528473,0.16723918899972878,0.0,0.6666666666666666
49728,Brute Force -Web,20,0.2903225806451613,-0.33830645161290324,-0.2688172043010753,0.34111458162091074,0.28471528471528473,0.22462233034500975,0.0,1.0
51095,Infilteration,3,0.0,-0.7714285714285715,-0.6,0.3002440597377306,0.2087912087912088,0.0,,0.5
51095,Infilteration,5,0.25,-0.6190476190476191,-0.42857142857142855,0.3002440597377306,0.2087912087912088,0.10859075480452249,1.0,0.42857142857142855
51095,Infilteration,10,0.3333333333333333,-0.12142857142857141,-0.12380952380952381,0.3002440597377306,0.2087912087912088,0.256062923233285,0.6,0.8181818181818182
51095,Infilteration,20,0.3333333333333333,-0.046496106785317015,-0.04827586206896552,0.3002440597377306,0.2087912087912088,0.3022638780215509,0.6,1.0
51763,DoS attacks-Hulk,3,0.2,0.09999999999999999,0.0,0.04518266543582999,0.028305028305028304,0.6346863468634687,1.0,0.5
51763,DoS attacks-Hulk,5,0.1111111111111111,-0.3,-0.3333333333333333,0.04518266543582999,0.028305028305028304,0.4965617445239432,1.0,0.42857142857142855
51763,DoS attacks-Hulk,10,0.05263157894736842,-0.5614035087719299,-0.48538011695906425,0.04518266543582999,0.028305028305028304,0.3614441988713819,1.0,0.8181818181818182
51763,DoS attacks-Hulk,20,0.1111111111111111,-0.5083655083655083,-0.3460317460317461,0.04518266543582999,0.028305028305028304,0.3076582979887496,1.0,1.0
51801,DoS attacks-Hulk,3,0.2,0.09999999999999999,0.0,0.06703423159119361,0.04961704961704962,0.6346863468634687,1.0,0.5
51801,DoS attacks-Hulk,5,0.1111111111111111,-0.3666666666666667,-0.4444444444444444,0.06703423159119361,0.04961704961704962,0.4965617445239432,1.0,0.42857142857142855
51801,DoS attacks-Hulk,10,0.1111111111111111,-0.4406604747162023,-0.33333333333333337,0.06703423159119361,0.04961704961704962,0.383915257778517,1.0,0.8181818181818182
51801,DoS attacks-Hulk,20,0.14285714285714285,-0.4549019607843138,-0.3243697478991597,0.06703423159119361,0.04961704961704962,0.3449014551116261,0.8,1.0
52018,FTP-BruteForce,3,0.2,0.19999999999999998,0.19999999999999998,0.41792384830359514,0.28471528471528473,0.6346863468634687,1.0,0.5
52018,FTP-BruteForce,5,0.1111111111111111,-0.09999999999999999,0.0,0.41792384830359514,0.28471528471528473,0.4965617445239432,1.0,0.25
52018,FTP-BruteForce,10,0.17647058823529413,-0.38970588235294124,-0.30882352941176466,0.41792384830359514,0.28471528471528473,0.389863479253935,1.0,1.0
52018,FTP-BruteForce,20,0.3333333333333333,-0.2729699666295884,-0.167816091954023,0.41792384830359514,0.28471528471528473,0.3786951562973992,0.5,1.0
52279,DoS attacks-GoldenEye,3,0.2,0.19999999999999998,0.19999999999999998,0.3818839388459641,0.2574092574092574,0.6346863468634687,1.0,0.2
52279,DoS attacks-GoldenEye,5,0.1111111111111111,-0.13333333333333333,-0.05555555555555555,0.3818839388459641,0.2574092574092574,0.4965617445239432,1.0,0.25
52279,DoS attacks-GoldenEye,10,0.25,-0.12058823529411765,-0.08333333333333334,0.3818839388459641,0.2574092574092574,0.45217002099908965,1.0,0.6666666666666666
52279,DoS attacks-GoldenEye,20,0.2903225806451613,-0.02217741935483871,-0.049462365591397855,0.3818839388459641,0.2574092574092574,0.4605239044554892,0.6666666666666666,1.0
53520,Benign,3,0.5,0.7999999999999999,0.6666666666666669,0.1059320426409034,0.06227106227106227,0.900369003690037,1.0,0.5
53520,Benign,5,0.25,0.28571428571428575,0.21428571428571427,0.1059320426409034,0.06227106227106227,0.7489292080779467,1.0,0.25
53520,Benign,10,0.1111111111111111,-0.17853457172342618,-0.09803921568627452,0.1059320426409034,0.06227106227106227,0.5693544044640008,1.0,0.8181818181818182
53520,Benign,20,0.17647058823529413,-0.4105423987776929,-0.304812834224599,0.1059320426409034,0.06227106227106227,0.4774101377962225,0.6666666666666666,1.0
53684,DoS attacks-Slowloris,3,0.0,-0.6571428571428573,-0.4666666666666666,0.4186067097459502,0.2807192807192807,0.0,,0.2
53684,DoS attacks-Slowloris,5,0.25,-0.6428571428571429,-0.42857142857142855,0.4186067097459502,0.2807192807192807,0.06408634709775098,1.0,0.42857142857142855
53684,DoS attacks-Slowloris,10,0.25,-0.3588235294117647,-0.2833333333333333,0.4186067097459502,0.2807192807192807,0.17453108399924863,0.75,1.0
53684,DoS attacks-Slowloris,20,0.2903225806451613,-0.1495967741935484,-0.0881720430107527,0.4186067097459502,0.2807192807192807,0.23104352704163006,0.6666666666666666,1.0
54695,DoS attacks-SlowHTTPTest,3,0.5,0.39999999999999997,0.3333333333333334,0.36693686060774666,0.2614052614052614,0.7343173431734318,1.0,0.5
54695,DoS attacks-SlowHTTPTest,5,0.25,0.1666666666666667,0.14285714285714285,0.36693686060774666,0.2614052614052614,0.6390417816414738,1.0,0.42857142857142855
54695,DoS attacks-SlowHTTPTest,10,0.3333333333333333,-0.04642857142857142,0.009523809523809525,0.36693686060774666,0.2614052614052614,0.5419750926495139,1.0,0.8181818181818182
54695,DoS attacks-SlowHTTPTest,20,0.3333333333333333,0.005116796440489433,-0.011494252873563218,0.36693686060774666,0.2614052614052614,0.5378383389254147,0.6,1.0
55668,DoS attacks-GoldenEye,3,1.0,1.0,1.0,0.4175191896710884,0.2967032967032967,1.0000000000000002,1.0,0.2
55668,DoS attacks-GoldenEye,5,0.42857142857142855,0.7142857142857144,0.6190476190476191,0.4175191896710884,0.2967032967032967,0.8914092451954776,1.0,0.42857142857142855
55668,DoS attacks-GoldenEye,10,0.17647058823529413,0.03431372549019608,0.02941176470588235,0.4175191896710884,0.2967032967032967,0.7081743130811764,1.0,0.6666666666666666
55668,DoS attacks-GoldenEye,20,0.42857142857142855,0.002736726874657909,0.021164021164021163,0.4175191896710884,0.2967032967032967,0.6383185109199727,0.6666666666666666,1.0
55705,DoS attacks-GoldenEye,3,0.5,0.39999999999999997,0.3333333333333334,0.3535578345704928,0.24075924075924077,0.7343173431734318,1.0,0.5
55705,DoS attacks-GoldenEye,5,0.42857142857142855,0.1785714285714286,0.04761904761904762,0.3535578345704928,0.24075924075924077,0.6710849551903494,1.0,0.42857142857142855
55705,DoS attacks-GoldenEye,10,0.25,0.014705882352941175,0.016666666666666666,0.3535578345704928,0.24075924075924077,0.5755964891208307,1.0,0.6666666666666666
55705,DoS attacks-GoldenEye,20,0.25,-0.07587976539589442,-0.07258064516129033,0.3535578345704928,0.24075924075924077,0.5315098850322643,0.875,1.0
56007,DDOS attack-HOIC,3,0.2,-0.3,-0.19999999999999998,0.21898354809747214,0.14885114885114886,0.2656826568265683,1.0,0.2
56007,DDOS attack-HOIC,5,0.1111111111111111,-0.31666666666666665,-0.2222222222222222,0.21898354809747214,0.14885114885114886,0.2523674635540035,1.0,0.42857142857142855
56007,DDOS attack-HOIC,10,0.05263157894736842,-0.5087719298245614,-0.3684210526315789,0.21898354809747214,0.14885114885114886,0.20791020559261889,1.0,0.8181818181818182
56007,DDOS attack-HOIC,20,0.1111111111111111,-0.5971685971685972,-0.4285714285714286,0.21898354809747214,0.14885114885114886,0.184564619174734,0.5,1.0
56226,Bot,3,0.2,-0.19999999999999998,-0.19999999999999998,0.07914869940186396,0.05427905427905428,0.2656826568265683,1.0,0.2
56226,Bot,5,0.1111111111111111,-0.31666666666666665,-0.2777777777777778,0.07914869940186396,0.05427905427905428,0.2523674635540035,1.0,0.42857142857142855
56226,Bot,10,0.1111111111111111,-0.4489164086687306,-0.3725490196078432,0.07914869940186396,0.05427905427905428,0.24203758720290527,0.5,0.8181818181818182
56226,Bot,20,0.25,-0.4035923753665689,-0.310483870967742,0.07914869940186396,0.05427905427905428,0.25768327475381814,0.5,1.0
57617,DoS attacks-SlowHTTPTest,3,0.2,0.19999999999999998,0.19999999999999998,0.1783153555305454,0.11954711954711954,0.6346863468634687,1.0,0.2
57617,DoS attacks-SlowHTTPTest,5,0.1111111111111111,-0.11666666666666665,0.0,0.1783153555305454,0.11954711954711954,0.4965617445239432,1.0,0.25
57617,DoS attacks-SlowHTTPTest,10,0.05263157894736842,-0.45964912280701753,-0.3099415204678362,0.1783153555305454,0.11954711954711954,0.3614441988713819,1.0,0.8181818181818182
57617,DoS attacks-SlowHTTPTest,20,0.3333333333333333,-0.4558398220244716,-0.3195402298850575,0.1783153555305454,0.11954711954711954,0.3498700206494103,0.3,1.0
58379,DDOS attack-LOIC-UDP,3,0.0,-0.7142857142857143,-0.4666666666666666,0.7921319187141971,0.680985680985681,0.0,,0.0
58379,DDOS attack-LOIC-UDP,5,0.1111111111111111,-0.6833333333333333,-0.5555555555555556,0.7921319187141971,0.680985680985681,0.076547581255647,0.0,0.25
58379,DDOS attack-LOIC-UDP,10,0.1111111111111111,-0.45510835913312697,-0.34640522875817,0.7921319187141971,0.680985680985681,0.14660315999072546,0.0,0.8181818181818182
58379,DDOS attack-LOIC-UDP,20,0.2903225806451613,-0.38024193548387103,-0.20860215053763445,0.7921319187141971,0.680985680985681,0.16422639896363217,0.0,1.0
58667,DDOS attack-HOIC,3,0.2,0.09999999999999999,0.0,0.15092502434274585,0.10422910422910424,0.6346863468634687,1.0,0.2
58667,DDOS attack-HOIC,5,0.1111111111111111,-0.19999999999999998,-0.2222222222222222,0.15092502434274585,0.10422910422910424,0.4965617445239432,1.0,0.42857142857142855
58667,DDOS attack-HOIC,10,0.1111111111111111,-0.3973168214654283,-0.2941176470588236,0.15092502434274585,0.10422910422910424,0.3747359036497853,1.0,0.8181818181818182
58667,DDOS attack-HOIC,20,0.17647058823529413,-0.4811306340718105,-0.340463458110517,0.15092502434274585,0.10422910422910424,0.3244585950381701,0.5,1.0
59083,DDoS attacks-LOIC-HTTP,3,0.2,-0.6,-0.39999999999999997,0.14371704245121966,0.09756909756909757,0.09963099630996312,1.0,0.5
59083,DDoS attacks-LOIC-HTTP,5,0.1111111111111111,-0.6,-0.4444444444444444,0.14371704245121966,0.09756909756909757,0.1424800371175307,1.0,0.6666666666666666
59083,DDoS attacks-LOIC-HTTP,10,0.05263157894736842,-0.6052631578947367,-0.4502923976608187,0.14371704245121966,0.09756909756909757,0.13881990861717564,1.0,0.8181818181818182
59083,DDoS attacks-LOIC-HTTP,20,0.21212121212121213,-0.5845588235294118,-0.4166666666666667,0.14371704245121966,0.09756909756909757,0.1536568145552762,0.42857142857142855,1.0
59199,Bot,3,0.0,-0.942857142857143,-0.8666666666666666,0.1853210081058182,0.11888111888111888,0.0,,0.5
59199,Bot,5,0.0,-0.7939393939393938,-0.6444444444444444,0.1853210081058182,0.11888111888111888,0.0,,0.42857142857142855
59199,Bot,10,0.05263157894736842,-0.7210526315789473,-0.5087719298245613,0.1853210081058182,0.11888111888111888,0.022471058907135067,1.0,0.8181818181818182
59199,Bot,20,0.25,-0.6055718475073314,-0.4193548387096775,0.1853210081058182,0.11888111888111888,0.0670227714411931,0.5,1.0
59482,DoS attacks-Hulk,3,0.5,-0.19999999999999998,0.0,0.02760530608631874,0.016983016983016984,0.3653136531365314,1.0,0.2
59482,DoS attacks-Hulk,5,0.25,-0.11904761904761905,-0.14285714285714285,0.02760530608631874,0.016983016983016984,0.3948475006715343,1.0,0.25
59482,DoS attacks-Hulk,10,0.17647058823529413,-0.1985294117647059,-0.16176470588235295,0.02760530608631874,0.016983016983016984,0.3692011731169296,1.0,0.8181818181818182
59482,DoS attacks-Hulk,20,0.14285714285714285,-0.34873949579831937,-0.24369747899159663,0.02760530608631874,0.016983016983016984,0.3386229446865612,0.6,1.0
60176,Benign,3,0.0,-0.6571428571428573,-0.4666666666666666,0.2534806965186712,0.17282717282717283,0.0,,0.2
60176,Benign,5,0.1111111111111111,-0.6833333333333333,-0.5,0.2534806965186712,0.17282717282717283,0.03204317354887549,1.0,0.6666666666666666
60176,Benign,10,0.25,-0.3764705882352941,-0.2333333333333333,0.2534806965186712,0.17282717282717283,0.11843862862079702,0.5,0.8181818181818182
60176,Benign,20,0.2903225806451613,-0.18306451612903227,-0.13978494623655915,0.2534806965186712,0.17282717282717283,0.19159297606488165,0.3333333333333333,1.0
60182,Bot,3,0.2,-0.19999999999999998,-0.19999999999999998,0.10535034585667495,0.07892107892107893,0.2656826568265683,1.0,0.2
60182,Bot,5,0.1111111111111111,-0.31666666666666665,-0.2222222222222222,0.10535034585667495,0.07892107892107893,0.2523674635540035,1.0,0.6666666666666666
60182,Bot,10,0.17647058823529413,-0.4387254901960785,-0.3529411764705882,0.10535034585667495,0.07892107892107893,0.2553292919813087,0.6666666666666666,0.6666666666666666
60182,Bot,20,0.1111111111111111,-0.5202059202059203,-0.41587301587301595,0.10535034585667495,0.07892107892107893,0.24495889443659297,0.5,1.0
60281,Infilteration,3,0.0,-0.7714285714285715,-0.6,0.24091098774643077,0.17082917082917085,0.0,,0.5
60281,Infilteration,5,0.0,-0.7818181818181817,-0.6,0.24091098774643077,0.17082917082917085,0.0,,0.42857142857142855
60281,Infilteration,10,0.17647058823529413,-0.5955882352941178,-0.4411764705882352,0.24091098774643077,0.17082917082917085,0.0607107911670932,0.3333333333333333,0.8181818181818182
60281,Infilteration,20,0.21212121212121213,-0.3125,-0.20454545454545456,0.24091098774643077,0.17082917082917085,0.13039398549470557,0.42857142857142855,1.0
60571,FTP-BruteForce,3,0.2,0.19999999999999998,0.19999999999999998,0.2367632367632367,0.1681651681651682,0.6346863468634687,1.0,0.2
60571,FTP-BruteForce,5,0.1111111111111111,-0.18333333333333335,-0.16666666666666666,0.2367632367632367,0.1681651681651682,0.4965617445239432,1.0,0.25
60571,FTP-BruteForce,10,0.1111111111111111,-0.40350877192982454,-0.2679738562091504,0.2367632367632367,0.1681651681651682,0.3747359036497853,1.0,0.8181818181818182
60571,FTP-BruteForce,20,0.25,-0.26063049853372433,-0.16129032258064518,0.2367632367632367,0.1681651681651682,0.36943694775528485,0.5,1.0
61813,Infilteration,3,0.0,-0.7714285714285715,-0.6,0.28506936101872804,0.2027972027972028,0.0,,0.2
61813,Infilteration,5,0.25,-0.6190476190476191,-0.42857142857142855,0.28506936101872804,0.2027972027972028,0.10859075480452249,1.0,0.42857142857142855
61813,Infilteration,10,0.3333333333333333,-0.16785714285714282,-0.12380952380952381,0.28506936101872804,0.2027972027972028,0.26340640653627034,0.6,0.8181818181818182
61813,Infilteration,20,0.25,-0.2126099706744868,-0.19354838709677422,0.28506936101872804,0.2027972027972028,0.3047786583942875,0.625,1.0
61835,DoS attacks-SlowHTTPTest,3,0.2,0.09999999999999999,0.0,0.3719192200204858,0.2494172494172494,0.6346863468634687,1.0,0.2
61835,DoS attacks-SlowHTTPTest,5,0.1111111111111111,-0.13333333333333333,-0.05555555555555555,0.3719192200204858,0.2494172494172494,0.4965617445239432,1.0,0.1111111111111111
61835,DoS attacks-SlowHTTPTest,10,0.1111111111111111,-0.3746130030959752,-0.22875816993464054,0.3719192200204858,0.2494172494172494,0.3673924203468,1.0,0.8181818181818182
61835,DoS attacks-SlowHTTPTest,20,0.25,-0.3984604105571847,-0.28225806451612906,0.3719192200204858,0.2494172494172494,0.3462756992465533,0.5,1.0
61906,DDoS attacks-LOIC-HTTP,3,0.0,-0.6571428571428573,-0.4666666666666666,0.18941817675994888,0.12887112887112886,0.0,,0.2
61906,DDoS attacks-LOIC-HTTP,5,0.0,-0.7696969696969697,-0.5555555555555555,0.18941817675994888,0.12887112887112886,0.0,,0.1111111111111111
61906,DDoS attacks-LOIC-HTTP,10,0.05263157894736842,-0.719298245614035,-0.47368421052631576,0.18941817675994888,0.12887112887112886,0.013291704778403425,1.0,0.6666666666666666
61906,DDoS attacks-LOIC-HTTP,20,0.14285714285714285,-0.67703081232493,-0.4756302521008403,0.18941817675994888,0.12887112887112886,0.05072570651977728,1.0,1.0
62489,DoS attacks-Slowloris,3,0.2,0.0,-0.19999999999999998,0.061950707520327775,0.04961704961704962,0.6346863468634687,1.0,0.2
62489,DoS attacks-Slowloris,5,0.25,-0.261904761904762,-0.3571428571428571,0.061950707520327775,0.04961704961704962,0.5731093257795903,1.0,0.25
62489,DoS attacks-Slowloris,10,0.17647058823529413,-0.13480392156862747,-0.10294117647058822,0.061950707520327775,0.04961704961704962,0.5080473588621073,1.0,0.8181818181818182
62489,DoS attacks-Slowloris,20,0.17647058823529413,-0.23025210084033612,-0.10516934046345813,0.061950707520327775,0.04961704961704962,0.4455365807713571,0.5,1.0
62513,Benign,3,0.2,-0.39999999999999997,-0.39999999999999997,0.3796583163671771,0.26073926073926074,0.2656826568265683,1.0,0.2
62513,Benign,5,0.25,-0.1666666666666667,-0.07142857142857142,0.3796583163671771,0.26073926073926074,0.32891504480965056,0.5,1.0
62513,Benign,10,0.3333333333333333,-0.14285714285714282,-0.10476190476190476,0.3796583163671771,0.26073926073926074,0.35616627531421685,0.6,1.0
62513,Benign,20,0.2903225806451613,-0.08830645161290324,-0.07096774193548387,0.3796583163671771,0.26073926073926074,0.366616426944837,0.3333333333333333,1.0
63228,Brute Force -Web,3,0.0,-0.942857142857143,-0.8666666666666666,0.1381276950897204,0.08624708624708624,0.0,,0.0
63228,Brute Force -Web,5,0.0,-0.6363636363636362,-0.37777777777777777,0.1381276950897204,0.08624708624708624,0.0,,0.1111111111111111
63228,Brute Force -Web,10,0.0,-0.8285714285714285,-0.631578947368421,0.1381276950897204,0.08624708624708624,0.0,,1.0
63228,Brute Force -Web,20,0.14285714285714285,-0.6966386554621848,-0.492436974789916,0.1381276950897204,0.08624708624708624,0.028247999309383647,0.2,1.0
63272,DoS attacks-SlowHTTPTest,3,0.2,0.19999999999999998,0.19999999999999998,0.28413358793105625,0.18414918414918416,0.6346863468634687,1.0,0.2
63272,DoS attacks-SlowHTTPTest,5,0.1111111111111111,-0.15,-0.05555555555555555,0.28413358793105625,0.18414918414918416,0.4965617445239432,1.0,0.1111111111111111
63272,DoS attacks-SlowHTTPTest,10,0.1111111111111111,-0.47781217750258,-0.3725490196078432,0.28413358793105625,0.18414918414918416,0.3673924203468,1.0,0.8181818181818182
63272,DoS attacks-SlowHTTPTest,20,0.2903225806451613,-0.39435483870967747,-0.28602150537634413,0.28413358793105625,0.18414918414918416,0.3572437554378205,0.3333333333333333,1.0
64517,Benign,3,0.2,-0.6,-0.39999999999999997,0.38016413965781054,0.2620712620712621,0.09963099630996312,1.0,0.2
64517,Benign,5,0.25,-0.30952380952380953,-0.14285714285714285,0.38016413965781054,0.2620712620712621,0.1745232106664062,0.5,0.42857142857142855
64517,Benign,10,0.1111111111111111,-0.3498452012383901,-0.25490196078431376,0.38016413965781054,0.2620712620712621,0.20820406877403072,0.5,0.8181818181818182
64517,Benign,20,0.21212121212121213,-0.29612299465240643,-0.1553030303030303,0.38016413965781054,0.2620712620712621,0.21657008464545463,0.2857142857142857,1.0
65838,SSH-Bruteforce,3,0.2,-0.49999999999999994,-0.39999999999999997,0.21903413042653544,0.15084915084915085,0.2656826568265683,1.0,0.5
65838,SSH-Bruteforce,5,0.1111111111111111,-0.26666666666666666,-0.1111111111111111,0.21903413042653544,0.15084915084915085,0.2523674635540035,1.0,0.42857142857142855
65838,SSH-Bruteforce,10,0.1111111111111111,-0.3622291021671827,-0.22875816993464054,0.21903413042653544,0.15084915084915085,0.24203758720290527,1.0,0.8181818181818182
65838,SSH-Bruteforce,20,0.21212121212121213,-0.33589572192513373,-0.24621212121212122,0.21903413042653544,0.15084915084915085,0.2560542174025467,0.8571428571428571,1.0
65934,Benign,3,0.2,-0.3,-0.19999999999999998,0.26048634909394397,0.17615717615717613,0.2656826568265683,1.0,0.5
65934,Benign,5,0.25,-0.19047619047619052,-0.14285714285714285,0.26048634909394397,0.17615717615717613,0.28441063710287906,0.5,0.42857142857142855
65934,Benign,10,0.17647058823529413,-0.10539215686274511,-0.07352941176470587,0.26048634909394397,0.17615717615717613,0.3265317953082898,0.6666666666666666,0.8181818181818182
65934,Benign,20,0.3333333333333333,-0.05761957730812013,-0.03908045977011494,0.26048634909394397,0.17615717615717613,0.3512364308709715,0.8,1.0
65936,FTP-BruteForce,3,0.2,0.19999999999999998,0.19999999999999998,0.2972344111584618,0.20945720945720947,0.6346863468634687,1.0,0.2
65936,FTP-BruteForce,5,0.1111111111111111,-0.15,-0.05555555555555555,0.2972344111584618,0.20945720945720947,0.4965617445239432,1.0,0.25
65936,FTP-BruteForce,10,0.25,-0.2823529411764706,-0.11666666666666665,0.2972344111584618,0.20945720945720947,0.40315518403233847,1.0,0.8181818181818182
65936,FTP-BruteForce,20,0.2903225806451613,-0.28104838709677427,-0.19569892473118283,0.2972344111584618,0.20945720945720947,0.39381685035464975,0.5555555555555556,1.0
66016,DDOS attack-LOIC-UDP,3,0.0,-0.7142857142857143,-0.4666666666666666,0.7908926516521453,0.6803196803196804,0.0,,0.0
66016,DDOS attack-LOIC-UDP,5,0.1111111111111111,-0.6833333333333333,-0.5555555555555556,0.7908926516521453,0.6803196803196804,0.076547581255647,0.0,0.25
66016,DDOS attack-LOIC-UDP,10,0.1111111111111111,-0.5087719298245614,-0.3856209150326798,0.7908926516521453,0.6803196803196804,0.11983678933904471,0.0,0.8181818181818182
66016,DDOS attack-LOIC-UDP,20,0.2903225806451613,-0.4205645161290323,-0.23870967741935484,0.7908926516521453,0.6803196803196804,0.14242598092495234,0.0,1.0
67293,Bot,3,0.0,-0.942857142857143,-0.8666666666666666,0.1169589903767119,0.08091908091908091,0.0,,0.2
67293,Bot,5,0.0,-0.9030303030303028,-0.7333333333333333,0.1169589903767119,0.08091908091908091,0.0,,0.42857142857142855
67293,Bot,10,0.05263157894736842,-0.6157894736842106,-0.4269005847953216,0.1169589903767119,0.08091908091908091,0.0492374295588158,1.0,0.6666666666666666
67293,Bot,20,0.21212121212121213,-0.49131016042780756,-0.32196969696969696,0.1169589903767119,0.08091908091908091,0.08644399491111592,0.42857142857142855,1.0
68038,Benign,3,0.0,-0.8285714285714287,-0.7333333333333333,0.3250799833078314,0.22011322011322013,0.0,,0.0
68038,Benign,5,0.0,-0.8666666666666665,-0.6888888888888888,0.3250799833078314,0.22011322011322013,0.0,,0.42857142857142855
68038,Benign,10,0.25,-0.6735294117647058,-0.48333333333333334,0.3250799833078314,0.22011322011322013,0.09667404360312591,1.0,0.8181818181818182
68038,Benign,20,0.3333333333333333,-0.2600667408231368,-0.1632183908045977,0.3250799833078314,0.22011322011322013,0.17878412315150444,0.8,1.0
68427,Brute Force -Web,3,0.0,-0.7714285714285715,-0.6,0.11076265506645251,0.08158508158508158,0.0,,0.0
68427,Brute Force -Web,5,0.0,-0.8060606060606059,-0.6444444444444444,0.11076265506645251,0.08158508158508158,0.0,,0.0
68427,Brute Force -Web,10,0.0,-0.6932330827067669,-0.45263157894736844,0.11076265506645251,0.08158508158508158,0.0,,0.6666666666666666
68427,Brute Force -Web,20,0.05263157894736842,-0.7196629828208776,-0.49644381223328593,0.11076265506645251,0.08158508158508158,0.020936931176144428,0.0,1.0
68687,Bot,3,0.0,-1.0,-0.9999999999999999,0.0047926756787516275,0.008991008991008992,0.0,,0.5
68687,Bot,5,0.0,-0.8787878787878788,-0.7333333333333333,0.0047926756787516275,0.008991008991008992,0.0,,0.25
68687,Bot,10,0.0,-0.7218045112781954,-0.49473684210526314,0.0047926756787516275,0.008991008991008992,0.0,,0.6666666666666666
68687,Bot,20,0.1111111111111111,-0.6393822393822395,-0.4126984126984128,0.0047926756787516275,0.008991008991008992,0.019062634062333095,0.25,1.0
68799,SQL Injection,3,0.2,-0.3,-0.19999999999999998,0.18615561653536336,0.12221112221112222,0.2656826568265683,1.0,0.5
68799,SQL Injection,5,0.1111111111111111,-0.3,-0.16666666666666666,0.18615561653536336,0.12221112221112222,0.2523674635540035,1.0,0.6666666666666666
68799,SQL Injection,10,0.1111111111111111,-0.49638802889576883,-0.34640522875817,0.18615561653536336,0.12221112221112222,0.21385842706803698,1.0,0.6666666666666666
68799,SQL Injection,20,0.25,-0.343841642228739,-0.2298387096774194,0.18615561653536336,0.12221112221112222,0.23573121084782797,0.75,1.0
68943,DDoS attacks-LOIC-HTTP,3,0.2,-0.49999999999999994,-0.39999999999999997,0.2444517507808647,0.1635031635031635,0.2656826568265683,1.0,0.5
68943,DDoS attacks-LOIC-HTTP,5,0.1111111111111111,-0.45,-0.3333333333333333,0.2444517507808647,0.1635031635031635,0.2523674635540035,1.0,0.25
68943,DDoS attacks-LOIC-HTTP,10,0.1111111111111111,-0.564499484004128,-0.46405228758169936,0.2444517507808647,0.1635031635031635,0.21385842706803698,0.5,0.8181818181818182
68943,DDoS attacks-LOIC-HTTP,20,0.17647058823529413,-0.5006875477463713,-0.376114081996435,0.2444517507808647,0.1635031635031635,0.21875282231934953,0.5,1.0
71814,DoS attacks-Hulk,3,0.2,0.0,-0.19999999999999998,0.17490104831876982,0.12354312354312354,0.6346863468634687,1.0,0.5
71814,DoS attacks-Hulk,5,0.1111111111111111,-0.25,-0.2777777777777778,0.17490104831876982,0.12354312354312354,0.4965617445239432,1.0,0.42857142857142855
71814,DoS attacks-Hulk,10,0.1111111111111111,-0.47781217750258,-0.3725490196078432,0.17490104831876982,0.12354312354312354,0.3747359036497853,1.0,0.8181818181818182
71814,DoS attacks-Hulk,20,0.21212121212121213,-0.40340909090909094,-0.3068181818181818,0.17490104831876982,0.12354312354312354,0.35425099344472505,0.5714285714285714,1.0
71892,DoS attacks-Slowloris,3,0.0,-0.6571428571428573,-0.4666666666666666,0.38532353722227136,0.26473526473526476,0.0,,0.2
71892,DoS attacks-Slowloris,5,0.1111111111111111,-0.5499999999999999,-0.4444444444444444,0.38532353722227136,0.26473526473526476,0.076547581255647,1.0,0.42857142857142855
71892,DoS attacks-Slowloris,10,0.25,-0.3382352941176471,-0.2833333333333333,0.38532353722227136,0.26473526473526476,0.19402224637941523,0.75,0.8181818181818182
71892,DoS attacks-Slowloris,20,0.3333333333333333,-0.14349276974416017,-0.10344827586206898,0.38532353722227136,0.26473526473526476,0.25739014671194044,0.5,1.0
71950,FTP-BruteForce,3,0.2,0.09999999999999999,0.0,0.31860544518772366,0.23276723276723277,0.6346863468634687,1.0,0.5
71950,FTP-BruteForce,5,0.25,-0.023809523809523815,-0.07142857142857142,0.31860544518772366,0.23276723276723277,0.5731093257795903,1.0,0.25
71950,FTP-BruteForce,10,0.3333333333333333,-0.0035714285714285704,0.009523809523809525,0.31860544518772366,0.23276723276723277,0.5272872851159288,1.0,0.6666666666666666
71950,FTP-BruteForce,20,0.3333333333333333,0.0033370411568409346,0.006896551724137931,0.31860544518772366,0.23276723276723277,0.5184484735174204,0.5,1.0
72271,DoS attacks-Slowloris,3,0.0,-0.6571428571428573,-0.4666666666666666,0.41509123787604796,0.29004329004329005,0.0,,0.5
72271,DoS attacks-Slowloris,5,0.1111111111111111,-0.45,-0.2777777777777778,0.41509123787604796,0.29004329004329005,0.076547581255647,1.0,0.42857142857142855
72271,DoS attacks-Slowloris,10,0.25,-0.4382352941176471,-0.3,0.41509123787604796,0.29004329004329005,0.15073303829601753,0.75,0.8181818181818182
72271,DoS attacks-Slowloris,20,0.2903225806451613,-0.0866935483870968,-0.04516129032258065,0.41509123787604796,0.29004329004329005,0.22776510085951107,0.7777777777777778,1.0
73232,SSH-Bruteforce,3,0.2,-0.49999999999999994,-0.39999999999999997,0.08612906081260512,0.055611055611055615,0.2656826568265683,1.0,0.5
73232,SSH-Bruteforce,5,0.1111111111111111,-0.38333333333333336,-0.2777777777777778,0.08612906081260512,0.055611055611055615,0.2523674635540035,1.0,0.25
73232,SSH-Bruteforce,10,0.1111111111111111,-0.3663570691434469,-0.24183006535947715,0.08612906081260512,0.055611055611055615,0.24203758720290527,1.0,0.8181818181818182
73232,SSH-Bruteforce,20,0.21212121212121213,-0.3893716577540107,-0.2689393939393939,0.08612906081260512,0.055611055611055615,0.2433927090897257,0.8571428571428571,1.0
73472,DDoS attacks-LOIC-HTTP,3,0.0,-0.6571428571428573,-0.4666666666666666,0.3596530052226254,0.25607725607725607,0.0,,0.2
73472,DDoS attacks-LOIC-HTTP,5,0.1111111111111111,-0.7833333333333333,-0.611111111111111,0.3596530052226254,0.25607725607725607,0.076547581255647,1.0,0.1111111111111111
73472,DDoS attacks-LOIC-HTTP,10,0.17647058823529413,-0.36764705882352944,-0.2352941176470588,0.3596530052226254,0.25607725607725607,0.15396417094933107,1.0,0.8181818181818182
73472,DDoS attacks-LOIC-HTTP,20,0.1111111111111111,-0.3253539253539254,-0.17142857142857143,0.3596530052226254,0.25607725607725607,0.17619608632347836,0.75,1.0
73683,Bot,3,0.2,-0.39999999999999997,-0.39999999999999997,0.06367050670848139,0.042291042291042295,0.2656826568265683,1.0,0.2
73683,Bot,5,0.1111111111111111,-0.41666666666666663,-0.3888888888888889,0.06367050670848139,0.042291042291042295,0.2523674635540035,1.0,0.42857142857142855
73683,Bot,10,0.17647058823529413,-0.4730392156862746,-0.39705882352941174,0.06367050670848139,0.042291042291042295,0.27616496881319164,0.6666666666666666,0.8181818181818182
73683,Bot,20,0.21212121212121213,-0.39872994652406424,-0.2916666666666667,0.06367050670848139,0.042291042291042295,0.27696537868152865,0.5714285714285714,1.0
73788,DDOS attack-HOIC,3,0.2,0.19999999999999998,0.19999999999999998,0.12935166099723064,0.07825507825507826,0.6346863468634687,1.0,0.2
73788,DDOS attack-HOIC,5,0.1111111111111111,-0.21666666666666667,-0.2222222222222222,0.12935166099723064,0.07825507825507826,0.4965617445239432,1.0,0.6666666666666666
73788,DDOS attack-HOIC,10,0.05263157894736842,-0.5140350877192983,-0.4152046783625731,0.12935166099723064,0.07825507825507826,0.3614441988713819,1.0,0.8181818181818182
73788,DDOS attack-HOIC,20,0.21212121212121213,-0.5481283422459894,-0.44318181818181823,0.12935166099723064,0.07825507825507826,0.32398716385405596,0.42857142857142855,1.0
73809,DoS attacks-Slowloris,3,0.0,-0.6,-0.3333333333333333,0.35057347715575565,0.23343323343323344,0.0,,0.2
73809,DoS attacks-Slowloris,5,0.1111111111111111,-0.5166666666666667,-0.3333333333333333,0.35057347715575565,0.23343323343323344,0.076547581255647,1.0,0.42857142857142855
73809,DoS attacks-Slowloris,10,0.25,-0.30882352941176466,-0.25,0.35057347715575565,0.23343323343323344,0.19402224637941523,0.75,0.8181818181818182
73809,DoS attacks-Slowloris,20,0.2903225806451613,-0.15000000000000002,-0.08387096774193549,0.35057347715575565,0.23343323343323344,0.24297586194419202,0.5555555555555556,1.0
74167,DDOS attack-LOIC-UDP,3,0.0,-0.7142857142857143,-0.4666666666666666,0.7902603725388534,0.6769896769896769,0.0,,0.2
74167,DDOS attack-LOIC-UDP,5,0.25,-0.5952380952380953,-0.42857142857142855,0.7902603725388534,0.6769896769896769,0.153095162511294,0.0,0.25
74167,DDOS attack-LOIC-UDP,10,0.1111111111111111,-0.4613003095975232,-0.3856209150326798,0.7902603725388534,0.6769896769896769,0.19473146086381926,0.0,0.8181818181818182
74167,DDOS attack-LOIC-UDP,20,0.2903225806451613,-0.41935483870967744,-0.2602150537634409,0.7902603725388534,0.6769896769896769,0.19795787740816548,0.0,1.0
75338,DoS attacks-SlowHTTPTest,3,0.2,0.0,-0.19999999999999998,0.2940983067565346,0.19746919746919744,0.6346863468634687,1.0,0.2
75338,DoS attacks-SlowHTTPTest,5,0.1111111111111111,-0.15,-0.1111111111111111,0.2940983067565346,0.19746919746919744,0.4965617445239432,1.0,0.42857142857142855
75338,DoS attacks-SlowHTTPTest,10,0.1111111111111111,-0.40763673890608876,-0.2679738562091504,0.2940983067565346,0.19746919746919744,0.3673924203468,1.0,0.8181818181818182
75338,DoS attacks-SlowHTTPTest,20,0.25,-0.2994868035190616,-0.22580645161290325,0.2940983067565346,0.19746919746919744,0.36120447323782834,0.375,1.0
75549,DoS attacks-Hulk,3,0.2,0.0,-0.19999999999999998,0.1907838996446591,0.13486513486513485,0.6346863468634687,1.0,0.5
75549,DoS attacks-Hulk,5,0.1111111111111111,-0.2333333333333333,-0.2222222222222222,0.1907838996446591,0.13486513486513485,0.4965617445239432,1.0,0.6666666666666666
75549,DoS attacks-Hulk,10,0.17647058823529413,-0.34313725490196084,-0.20588235294117643,0.1907838996446591,0.13486513486513485,0.389863479253935,0.3333333333333333,0.6666666666666666
75549,DoS attacks-Hulk,20,0.21212121212121213,-0.322192513368984,-0.23106060606060608,0.1907838996446591,0.13486513486513485,0.3733024594245818,0.7142857142857143,1.0
75572,FTP-BruteForce,3,0.2,0.0,-0.19999999999999998,0.24098686124002577,0.1694971694971695,0.6346863468634687,1.0,0.2
75572,FTP-BruteForce,5,0.1111111111111111,-0.19999999999999998,-0.2222222222222222,0.24098686124002577,0.1694971694971695,0.4965617445239432,1.0,0.25
75572,FTP-BruteForce,10,0.1111111111111111,-0.36016511867905054,-0.25490196078431376,0.24098686124002577,0.1694971694971695,0.3747359036497853,1.0,0.8181818181818182
75572,FTP-BruteForce,20,0.2903225806451613,-0.3399193548387097,-0.25591397849462366,0.24098686124002577,0.1694971694971695,0.37091903022610245,0.4444444444444444,1.0
76102,DDOS attack-HOIC,3,0.2,0.0,-0.19999999999999998,0.18337358843687956,0.11754911754911755,0.6346863468634687,1.0,0.2
76102,DDOS attack-HOIC,5,0.1111111111111111,-0.35,-0.4444444444444444,0.18337358843687956,0.11754911754911755,0.4965617445239432,1.0,0.42857142857142855
76102,DDOS attack-HOIC,10,0.05263157894736842,-0.38245614035087716,-0.22807017543859648,0.18337358843687956,0.11754911754911755,0.3614441988713819,1.0,0.8181818181818182
76102,DDOS attack-HOIC,20,0.17647058823529413,-0.6852559205500381,-0.5258467023172906,0.18337358843687956,0.11754911754911755,0.29978732348570875,0.3333333333333333,1.0
76339,SSH-Bruteforce,3,0.2,-0.49999999999999994,-0.39999999999999997,0.2289229757584188,0.15084915084915085,0.2656826568265683,1.0,0.5
76339,SSH-Bruteforce,5,0.1111111111111111,-0.2833333333333333,-0.16666666666666666,0.2289229757584188,0.15084915084915085,0.2523674635540035,1.0,0.6666666666666666
76339,SSH-Bruteforce,10,0.1111111111111111,-0.347781217750258,-0.20261437908496735,0.2289229757584188,0.15084915084915085,0.24203758720290527,1.0,0.8181818181818182
76339,SSH-Bruteforce,20,0.25,-0.30645161290322576,-0.24193548387096778,0.2289229757584188,0.15084915084915085,0.2723102328168031,0.875,1.0
76413,DoS attacks-Slowloris,3,0.0,-0.6571428571428573,-0.4666666666666666,0.31033523438586724,0.20412920412920413,0.0,,0.2
76413,DoS attacks-Slowloris,5,0.25,-0.3571428571428572,-0.2857142857142857,0.31033523438586724,0.20412920412920413,0.153095162511294,1.0,0.42857142857142855
76413,DoS attacks-Slowloris,10,0.25,-0.2676470588235294,-0.2833333333333333,0.31033523438586724,0.20412920412920413,0.24215054725250904,0.75,0.8181818181818182
76413,DoS attacks-Slowloris,20,0.2903225806451613,-0.24838709677419357,-0.20860215053763445,0.31033523438586724,0.20412920412920413,0.27226534670905433,0.6666666666666666,1.0
76824,DDoS attacks-LOIC-HTTP,3,0.0,-0.7714285714285715,-0.6,0.35302672011532765,0.23676323676323677,0.0,,0.2
76824,DDoS attacks-LOIC-HTTP,5,0.1111111111111111,-0.8333333333333333,-0.6666666666666666,0.35302672011532765,0.23676323676323677,0.076547581255647,1.0,0.1111111111111111
76824,DDoS attacks-LOIC-HTTP,10,0.1111111111111111,-0.6243550051599587,-0.4509803921568628,0.35302672011532765,0.23676323676323677,0.11065743521031306,1.0,0.8181818181818182
76824,DDoS attacks-LOIC-HTTP,20,0.17647058823529413,-0.45607333842627956,-0.3262032085561498,0.35302672011532765,0.23676323676323677,0.1488183243949292,0.8333333333333334,1.0
76830,DDOS attack-LOIC-UDP,3,0.0,-0.7142857142857143,-0.4666666666666666,0.7878324207438131,0.6743256743256744,0.0,,0.0
76830,DDOS attack-LOIC-UDP,5,0.1111111111111111,-0.65,-0.5,0.7878324207438131,0.6743256743256744,0.076547581255647,0.0,0.25
76830,DDOS attack-LOIC-UDP,10,0.05263157894736842,-0.6175438596491227,-0.48538011695906425,0.7878324207438131,0.6743256743256744,0.09736573043190963,0.0,0.8181818181818182
76830,DDOS attack-LOIC-UDP,20,0.2903225806451613,-0.46169354838709675,-0.2774193548387097,0.7878324207438131,0.6743256743256744,0.12445154154648992,0.0,1.0
76953,DoS attacks-Hulk,3,0.2,0.09999999999999999,0.0,0.19202316670671096,0.11621711621711622,0.6346863468634687,1.0,0.2
76953,DoS attacks-Hulk,5,0.1111111111111111,-0.33333333333333337,-0.3888888888888889,0.19202316670671096,0.11621711621711622,0.4965617445239432,1.0,0.6666666666666666
76953,DoS attacks-Hulk,10,0.05263157894736842,-0.519298245614035,-0.4152046783625731,0.19202316670671096,0.11621711621711622,0.3614441988713819,1.0,0.8181818181818182
76953,DoS attacks-Hulk,20,0.17647058823529413,-0.4065699006875478,-0.25846702317290554,0.19202316670671096,0.11621711621711622,0.33174985983473926,0.8333333333333334,1.0
77078,FTP-BruteForce,3,0.2,-0.3,-0.19999999999999998,0.3499917803715272,0.23343323343323344,0.2656826568265683,1.0,0.5
77078,FTP-BruteForce,5,0.25,-0.023809523809523815,0.07142857142857142,0.3499917803715272,0.23343323343323344,0.32891504480965056,1.0,0.25
77078,FTP-BruteForce,10,0.3333333333333333,-0.028571428571428564,-0.028571428571428574,0.3499917803715272,0.23343323343323344,0.35864324388863644,0.8,0.8181818181818182
77078,FTP-BruteForce,20,0.25,-0.16422287390029325,-0.1895161290322581,0.3499917803715272,0.23343323343323344,0.3827626411390521,0.625,1.0
78286,SSH-Bruteforce,3,0.2,-0.7999999999999999,-0.6,0.16260954235637778,0.1108891108891109,0.09963099630996312,1.0,0.5
78286,SSH-Bruteforce,5,0.1111111111111111,-0.3666666666666667,-0.2222222222222222,0.16260954235637778,0.1108891108891109,0.1424800371175307,1.0,0.25
78286,SSH-Bruteforce,10,0.17647058823529413,-0.40196078431372556,-0.2794117647058823,0.16260954235637778,0.1108891108891109,0.17889551170288012,1.0,0.8181818181818182
78286,SSH-Bruteforce,20,0.21212121212121213,-0.3379010695187166,-0.25,0.16260954235637778,0.1108891108891109,0.2123604781096993,0.8571428571428571,1.0
78437,DoS attacks-SlowHTTPTest,3,0.2,0.19999999999999998,0.19999999999999998,0.25269667041818933,0.17482517482517482,0.6346863468634687,1.0,0.2
78437,DoS attacks-SlowHTTPTest,5,0.1111111111111111,-0.19999999999999998,-0.16666666666666666,0.25269667041818933,0.17482517482517482,0.4965617445239432,1.0,0.25
78437,DoS attacks-SlowHTTPTest,10,0.1111111111111111,-0.3973168214654283,-0.25490196078431376,0.25269667041818933,0.17482517482517482,0.3673924203468,1.0,0.8181818181818182
78437,DoS attacks-SlowHTTPTest,20,0.25,-0.38306451612903225,-0.2540322580645162,0.25269667041818933,0.17482517482517482,0.3455239551180637,0.375,1.0
78606,FTP-BruteForce,3,0.2,0.09999999999999999,0.0,0.298600134043172,0.19413919413919414,0.6346863468634687,1.0,0.5
78606,FTP-BruteForce,5,0.1111111111111111,-0.16666666666666669,-0.1111111111111111,0.298600134043172,0.19413919413919414,0.4965617445239432,1.0,0.42857142857142855
78606,FTP-BruteForce,10,0.17647058823529413,-0.27941176470588236,-0.16176470588235295,0.298600134043172,0.19413919413919414,0.39720696255692034,1.0,0.8181818181818182
78606,FTP-BruteForce,20,0.3333333333333333,-0.2921023359288098,-0.2597701149425288,0.298600134043172,0.19413919413919414,0.3897997363912209,0.5,1.0
78836,SSH-Bruteforce,3,0.2,-0.49999999999999994,-0.39999999999999997,0.16023217289040073,0.1028971028971029,0.2656826568265683,1.0,0.5
78836,SSH-Bruteforce,5,0.1111111111111111,-0.31666666666666665,-0.2222222222222222,0.16023217289040073,0.1028971028971029,0.2523674635540035,1.0,0.42857142857142855
78836,SSH-Bruteforce,10,0.1111111111111111,-0.3312693498452013,-0.17647058823529413,0.16023217289040073,0.1028971028971029,0.24203758720290527,1.0,0.8181818181818182
78836,SSH-Bruteforce,20,0.25,-0.28409090909090906,-0.22177419354838715,0.16023217289040073,0.1028971028971029,0.27149147867279716,0.75,1.0
79267,DDoS attacks-LOIC-HTTP,3,0.2,-0.09999999999999999,0.0,0.13987278544240567,0.06626706626706627,0.2656826568265683,1.0,0.5
79267,DDoS attacks-LOIC-HTTP,5,0.1111111111111111,-0.39999999999999997,-0.3333333333333333,0.13987278544240567,0.06626706626706627,0.2523674635540035,1.0,0.42857142857142855
79267,DDoS attacks-LOIC-HTTP,10,0.1111111111111111,-0.5583075335397317,-0.47712418300653603,0.13987278544240567,0.06626706626706627,0.22120191037102233,0.5,1.0
79267,DDoS attacks-LOIC-HTTP,20,0.1111111111111111,-0.5806949806949808,-0.4571428571428572,0.13987278544240567,0.06626706626706627,0.20852271525590846,0.5,1.0
79772,FTP-BruteForce,3,0.2,-0.3,-0.19999999999999998,0.3673162280757217,0.2594072594072594,0.2656826568265683,1.0,0.5
79772,FTP-BruteForce,5,0.25,-0.023809523809523815,0.07142857142857142,0.3673162280757217,0.2594072594072594,0.32891504480965056,1.0,0.25
79772,FTP-BruteForce,10,0.3333333333333333,-0.03214285714285714,0.009523809523809525,0.3673162280757217,0.2594072594072594,0.35864324388863644,0.8,0.8181818181818182
79772,FTP-BruteForce,20,0.3333333333333333,-0.018020022246941044,-0.006896551724137931,0.3673162280757217,0.2594072594072594,0.39118562630608555,0.5,1.0
79875,DoS attacks-Hulk,3,0.2,0.0,-0.19999999999999998,0.137621871799087,0.08757908757908757,0.6346863468634687,1.0,0.2
79875,DoS attacks-Hulk,5,0.1111111111111111,-0.33333333333333337,-0.3888888888888889,0.137621871799087,0.08757908757908757,0.4965617445239432,1.0,0.42857142857142855
79875,DoS attacks-Hulk,10,0.1111111111111111,-0.44685242518059853,-0.35947712418300654,0.137621871799087,0.08757908757908757,0.3673924203468,1.0,0.8181818181818182
79875,DoS attacks-Hulk,20,0.17647058823529413,-0.43651642475171887,-0.322638146167558,0.137621871799087,0.08757908757908757,0.3408235246308632,0.8333333333333334,1.0
80453,DoS attacks-Slowloris,3,0.0,-0.6571428571428573,-0.4666666666666666,0.3377255655736668,0.2340992340992341,0.0,,0.5
80453,DoS attacks-Slowloris,5,0.1111111111111111,-0.45,-0.2777777777777778,0.3377255655736668,0.2340992340992341,0.076547581255647,1.0,0.6666666666666666
80453,DoS attacks-Slowloris,10,0.25,-0.33529411764705885,-0.21666666666666667,0.3377255655736668,0.2340992340992341,0.16725587572773448,0.75,0.6666666666666666
80453,DoS attacks-Slowloris,20,0.3793103448275862,-0.08965517241379309,-0.03448275862068965,0.3377255655736668,0.2340992340992341,0.23608566045196802,0.7272727272727273,1.0
80517,DoS attacks-GoldenEye,3,0.2,0.09999999999999999,0.0,0.2326913592736377,0.1601731601731602,0.6346863468634687,1.0,0.5
80517,DoS attacks-GoldenEye,5,0.1111111111111111,-0.2833333333333333,-0.2777777777777778,0.2326913592736377,0.1601731601731602,0.4965617445239432,1.0,0.6666666666666666
80517,DoS attacks-GoldenEye,10,0.25,-0.31176470588235294,-0.3,0.2326913592736377,0.1601731601731602,0.4464443921157361,0.5,0.6666666666666666
80517,DoS attacks-GoldenEye,20,0.25,-0.26722873900293254,-0.2056451612903226,0.2326913592736377,0.1601731601731602,0.4190971681354995,0.5,1.0
80796,FTP-BruteForce,3,0.5,-0.39999999999999997,-0.3333333333333334,0.39045764362220053,0.26873126873126874,0.3653136531365314,1.0,0.5
80796,FTP-BruteForce,5,0.25,0.11904761904761905,0.14285714285714285,0.39045764362220053,0.26873126873126874,0.3948475006715343,1.0,0.25
80796,FTP-BruteForce,10,0.3333333333333333,-0.05357142857142857,-0.04761904761904762,0.39045764362220053,0.26873126873126874,0.40009742207390253,0.8,0.8181818181818182
80796,FTP-BruteForce,20,0.3333333333333333,-0.11012235817575085,-0.08045977011494253,0.39045764362220053,0.26873126873126874,0.40816133986121433,0.4,1.0
80989,SSH-Bruteforce,3,0.2,-0.49999999999999994,-0.39999999999999997,0.25355657001226617,0.16749916749916752,0.2656826568265683,1.0,0.5
80989,SSH-Bruteforce,5,0.1111111111111111,-0.2833333333333333,-0.16666666666666666,0.25355657001226617,0.16749916749916752,0.2523674635540035,1.0,0.42857142857142855
80989,SSH-Bruteforce,10,0.1111111111111111,-0.37254901960784315,-0.21568627450980396,0.25355657001226617,0.16749916749916752,0.23038126449975396,1.0,0.8181818181818182
80989,SSH-Bruteforce,20,0.2903225806451613,-0.26653225806451614,-0.19569892473118283,0.25355657001226617,0.16749916749916752,0.26738108592204063,0.6666666666666666,1.0
82741,DDOS attack-HOIC,3,0.2,0.19999999999999998,0.19999999999999998,0.0971560085484136,0.058941058941058944,0.6346863468634687,1.0,0.2
82741,DDOS attack-HOIC,5,0.1111111111111111,-0.19999999999999998,-0.16666666666666666,0.0971560085484136,0.058941058941058944,0.4965617445239432,1.0,0.25
82741,DDOS attack-HOIC,10,0.05263157894736842,-0.5,-0.38011695906432746,0.0971560085484136,0.058941058941058944,0.3614441988713819,1.0,0.8181818181818182
82741,DDOS attack-HOIC,20,0.17647058823529413,-0.5847211611917493,-0.4331550802139038,0.0971560085484136,0.058941058941058944,0.30633880138905806,0.3333333333333333,1.0
83758,DDoS attacks-LOIC-HTTP,3,0.0,-0.7714285714285715,-0.6,0.28995055577334056,0.19480519480519481,0.0,,0.2
83758,DDoS attacks-LOIC-HTTP,5,0.0,-0.7454545454545454,-0.5555555555555555,0.28995055577334056,0.19480519480519481,0.0,,0.42857142857142855
83758,DDoS attacks-LOIC-HTTP,10,0.1111111111111111,-0.6738906088751291,-0.47712418300653603,0.28995055577334056,0.19480519480519481,0.04741908638868978,1.0,0.6666666666666666
83758,DDoS attacks-LOIC-HTTP,20,0.17647058823529413,-0.4499618029029794,-0.29055258467023176,0.28995055577334056,0.19480519480519481,0.11181057957119481,0.8333333333333334,1.0
84004,DoS attacks-GoldenEye,3,0.5,-0.7999999999999999,-0.6666666666666669,0.41069057524753727,0.2967032967032967,0.19926199261992625,1.0,0.5
84004,DoS attacks-GoldenEye,5,0.25,0.023809523809523815,0.07142857142857142,0.41069057524753727,0.2967032967032967,0.2849600742350614,1.0,0.25
84004,DoS attacks-GoldenEye,10,0.3333333333333333,-0.125,-0.12380952380952381,0.41069057524753727,0.2967032967032967,0.33100712509845914,0.8,0.8181818181818182
84004,DoS attacks-GoldenEye,20,0.2903225806451613,0.0072580645161290334,0.027956989247311832,0.41069057524753727,0.2967032967032967,0.37688025898841954,0.5555555555555556,1.0
84451,DDOS attack-HOIC,3,0.2,0.19999999999999998,0.19999999999999998,0.17576094791284663,0.10955710955710957,0.6346863468634687,1.0,0.2
84451,DDOS attack-HOIC,5,0.1111111111111111,-0.2333333333333333,-0.2222222222222222,0.17576094791284663,0.10955710955710957,0.4965617445239432,1.0,0.25
84451,DDOS attack-HOIC,10,0.05263157894736842,-0.47543859649122805,-0.34502923976608185,0.17576094791284663,0.10955710955710957,0.3614441988713819,1.0,0.8181818181818182
84451,DDOS attack-HOIC,20,0.1111111111111111,-0.5837837837837838,-0.4285714285714286,0.17576094791284663,0.10955710955710957,0.3044633763719589,0.25,1.0
84596,Infilteration,3,0.0,-0.942857142857143,-0.8666666666666666,0.3363345515244249,0.23343323343323344,0.0,,0.2
84596,Infilteration,5,0.1111111111111111,-0.7666666666666667,-0.5555555555555556,0.3363345515244249,0.23343323343323344,0.03204317354887549,1.0,0.42857142857142855
84596,Infilteration,10,0.3333333333333333,-0.3285714285714285,-0.2571428571428572,0.3363345515244249,0.23343323343323344,0.18116825170851042,0.6,0.8181818181818182
84596,Infilteration,20,0.2903225806451613,-0.12056451612903227,-0.09677419354838711,0.3363345515244249,0.23343323343323344,0.25999254209788236,0.4444444444444444,1.0
85099,Infilteration,3,0.0,-0.7714285714285715,-0.6,0.19500752412144814,0.13286713286713286,0.0,,0.5
85099,Infilteration,5,0.1111111111111111,-0.7833333333333333,-0.611111111111111,0.19500752412144814,0.13286713286713286,0.03204317354887549,1.0,0.25
85099,Infilteration,10,0.1111111111111111,-0.500515995872033,-0.33333333333333337,0.19500752412144814,0.13286713286713286,0.10351154176714143,0.5,0.6666666666666666
85099,Infilteration,20,0.25,-0.33027859237536655,-0.217741935483871,0.19500752412144814,0.13286713286713286,0.15652601990857773,0.5,1.0
85863,DoS attacks-Slowloris,3,0.0,-0.6,-0.3333333333333333,0.3351205756269047,0.22877122877122877,0.0,,0.2
85863,DoS attacks-Slowloris,5,0.1111111111111111,-0.45,-0.2777777777777778,0.3351205756269047,0.22877122877122877,0.076547581255647,1.0,0.25
85863,DoS attacks-Slowloris,10,0.25,-0.31176470588235294,-0.25,0.3351205756269047,0.22877122877122877,0.18236592367626392,0.75,0.8181818181818182
85863,DoS attacks-Slowloris,20,0.2903225806451613,-0.24435483870967747,-0.1655913978494624,0.3351205756269047,0.22877122877122877,0.21951438867065157,0.6666666666666666,1.0
85907,DDOS attack-HOIC,3,0.2,0.09999999999999999,0.0,0.18615561653536336,0.11888111888111888,0.6346863468634687,1.0,0.2
85907,DDOS attack-HOIC,5,0.1111111111111111,-0.31666666666666665,-0.3888888888888889,0.18615561653536336,0.11888111888111888,0.4965617445239432,1.0,0.6666666666666666
85907,DDOS attack-HOIC,10,0.1111111111111111,-0.45510835913312697,-0.35947712418300654,0.18615561653536336,0.11888111888111888,0.3673924203468,0.5,0.8181818181818182
85907,DDOS attack-HOIC,20,0.17647058823529413,-0.42398777692895334,-0.3012477718360072,0.18615561653536336,0.11888111888111888,0.3309727930314865,0.3333333333333333,1.0
86164,Brute Force -Web,3,0.0,-0.7714285714285715,-0.6,0.07826350864325549,0.04761904761904762,0.0,,0.0
86164,Brute Force -Web,5,0.0,-0.7818181818181817,-0.6,0.07826350864325549,0.04761904761904762,0.0,,0.25
86164,Brute Force -Web,10,0.05263157894736842,-0.7578947368421053,-0.543859649122807,0.07826350864325549,0.04761904761904762,0.013291704778403425,0.0,0.8181818181818182
86164,Brute Force -Web,20,0.14285714285714285,-0.5677871148459385,-0.3781512605042017,0.07826350864325549,0.04761904761904762,0.06772883205554696,0.4,1.0
86714,DoS attacks-Hulk,3,0.2,0.09999999999999999,0.0,0.23752197169918687,0.14751914751914752,0.6346863468634687,1.0,0.5
86714,DoS attacks-Hulk,5,0.25,-0.2142857142857143,-0.21428571428571427,0.23752197169918687,0.14751914751914752,0.5286049180728187,0.5,0.25
86714,DoS attacks-Hulk,10,0.1111111111111111,-0.38906088751289986,-0.32026143790849676,0.23752197169918687,0.14751914751914752,0.4308283590282369,0.5,0.8181818181818182
86714,DoS attacks-Hulk,20,0.21212121212121213,-0.37667112299465244,-0.2878787878787879,0.23752197169918687,0.14751914751914752,0.3976101810288655,0.5714285714285714,1.0
87301,DDoS attacks-LOIC-HTTP,3,0.0,-0.7714285714285715,-0.6,0.30965237294351217,0.21012321012321014,0.0,,0.0
87301,DDoS attacks-LOIC-HTTP,5,0.0,-0.7212121212121211,-0.5111111111111111,0.30965237294351217,0.21012321012321014,0.0,,0.25
87301,DDoS attacks-LOIC-HTTP,10,0.05263157894736842,-0.6912280701754386,-0.47368421052631576,0.30965237294351217,0.21012321012321014,0.022471058907135067,0.0,0.8181818181818182
87301,DDoS attacks-LOIC-HTTP,20,0.17647058823529413,-0.4851031321619557,-0.30837789661319076,0.30965237294351217,0.21012321012321014,0.07620322986437097,0.6666666666666666,1.0
87407,FTP-BruteForce,3,0.2,0.19999999999999998,0.19999999999999998,0.3023179352293276,0.2141192141192141,0.6346863468634687,1.0,0.5
87407,FTP-BruteForce,5,0.1111111111111111,-0.09999999999999999,0.0,0.3023179352293276,0.2141192141192141,0.4965617445239432,1.0,0.25
87407,FTP-BruteForce,10,0.25,-0.22352941176470587,-0.19999999999999998,0.3023179352293276,0.2141192141192141,0.43564718356737275,0.75,0.8181818181818182
87407,FTP-BruteForce,20,0.3793103448275862,-0.15221674876847288,-0.14285714285714282,0.3023179352293276,0.2141192141192141,0.4399451306486684,0.45454545454545453,1.0
88694,DoS attacks-SlowHTTPTest,3,0.5,0.39999999999999997,0.3333333333333334,0.23792663033169362,0.15950715950715952,0.7343173431734318,1.0,0.5
88694,DoS attacks-SlowHTTPTest,5,0.25,0.1666666666666667,0.14285714285714285,0.23792663033169362,0.15950715950715952,0.6390417816414738,1.0,0.25
88694,DoS attacks-SlowHTTPTest,10,0.25,-0.15294117647058825,-0.13333333333333333,0.23792663033169362,0.15950715950715952,0.5286833878711106,1.0,0.8181818181818182
88694,DoS attacks-SlowHTTPTest,20,0.3333333333333333,-0.17285873192436038,-0.11264367816091954,0.23792663033169362,0.15950715950715952,0.4915835476480208,0.4,1.0
88816,Brute Force -Web,3,0.2,-0.6,-0.39999999999999997,0.3418986077213925,0.2827172827172827,0.09963099630996312,0.0,0.2
88816,Brute Force -Web,5,0.1111111111111111,-0.33333333333333337,-0.2222222222222222,0.3418986077213925,0.2827172827172827,0.1424800371175307,0.0,0.25
88816,Brute Force -Web,10,0.17647058823529413,-0.4093137254901961,-0.2941176470588235,0.3418986077213925,0.2827172827172827,0.16723918899972878,0.0,0.6666666666666666
88816,Brute Force -Web,20,0.2903225806451613,-0.3459677419354839,-0.2817204301075269,0.3418986077213925,0.2827172827172827,0.22462233034500975,0.0,1.0
89606,Benign,3,0.5,0.0,0.0,0.2813515598325725,0.19547119547119546,0.3653136531365314,1.0,0.5
89606,Benign,5,0.25,0.07142857142857144,0.0,0.2813515598325725,0.19547119547119546,0.3948475006715343,1.0,0.42857142857142855
89606,Benign,10,0.17647058823529413,-0.16176470588235298,-0.14705882352941174,0.2813515598325725,0.19547119547119546,0.38085749582008094,0.6666666666666666,0.8181818181818182
89606,Benign,20,0.17647058823529413,-0.2922841864018334,-0.19073083778966135,0.2813515598325725,0.19547119547119546,0.34742644014703833,0.6666666666666666,1.0
89689,DoS attacks-Slowloris,3,0.0,-0.6571428571428573,-0.4666666666666666,0.352925555457201,0.2340992340992341,0.0,,0.2
89689,DoS attacks-Slowloris,5,0.1111111111111111,-0.5333333333333333,-0.3888888888888889,0.352925555457201,0.2340992340992341,0.076547581255647,1.0,0.42857142857142855
89689,DoS attacks-Slowloris,10,0.25,-0.3411764705882353,-0.3,0.352925555457201,0.2340992340992341,0.19402224637941523,0.75,0.8181818181818182
89689,DoS attacks-Slowloris,20,0.2903225806451613,-0.15000000000000002,-0.0924731182795699,0.352925555457201,0.2340992340992341,0.24403060405603116,0.5555555555555556,1.0
89871,DoS attacks-GoldenEye,3,0.0,-0.6,-0.3333333333333333,0.2085888794749554,0.1601731601731602,0.0,,0.2
89871,DoS attacks-GoldenEye,5,0.25,-0.4761904761904762,-0.21428571428571427,0.2085888794749554,0.1601731601731602,0.10859075480452249,1.0,0.25
89871,DoS attacks-GoldenEye,10,0.1111111111111111,-0.48194014447884415,-0.3725490196078432,0.2085888794749554,0.1601731601731602,0.16674989058876474,1.0,0.8181818181818182
89871,DoS attacks-GoldenEye,20,0.2903225806451613,-0.3713709677419355,-0.2774193548387097,0.2085888794749554,0.1601731601731602,0.20880086599518627,0.8888888888888888,1.0
90062,DDOS attack-LOIC-UDP,3,0.0,-0.7142857142857143,-0.4666666666666666,0.7910191074748038,0.6769896769896769,0.0,,0.2
90062,DDOS attack-LOIC-UDP,5,0.1111111111111111,-0.6166666666666666,-0.4444444444444444,0.7910191074748038,0.6769896769896769,0.076547581255647,0.0,0.25
90062,DDOS attack-LOIC-UDP,10,0.1111111111111111,-0.48194014447884415,-0.3725490196078432,0.7910191074748038,0.6769896769896769,0.13149311204219602,0.0,0.8181818181818182
90062,DDOS attack-LOIC-UDP,20,0.2903225806451613,-0.4294354838709678,-0.2602150537634409,0.7910191074748038,0.6769896769896769,0.15106875473713477,0.0,1.0
90422,FTP-BruteForce,3,0.2,-0.3,-0.19999999999999998,0.4037607961658594,0.2827172827172827,0.2656826568265683,1.0,0.5
90422,FTP-BruteForce,5,0.25,-0.023809523809523815,0.07142857142857142,0.4037607961658594,0.2827172827172827,0.32891504480965056,1.0,0.25
90422,FTP-BruteForce,10,0.3333333333333333,-0.024999999999999998,0.009523809523809525,0.4037607961658594,0.2827172827172827,0.35864324388863644,0.8,0.8181818181818182
90422,FTP-BruteForce,20,0.2903225806451613,-0.055645161290322584,-0.04516129032258065,0.4037607961658594,0.2827172827172827,0.3922232055468837,0.5555555555555556,1.0
90591,Infilteration,3,0.0,-0.6571428571428573,-0.4666666666666666,0.29245438106197597,0.20146520146520147,0.0,,0.2
90591,Infilteration,5,0.0,-0.709090909090909,-0.5111111111111111,0.29245438106197597,0.20146520146520147,0.0,,0.42857142857142855
90591,Infilteration,10,0.17647058823529413,-0.607843137254902,-0.3676470588235294,0.29245438106197597,0.20146520146520147,0.06989014529582485,0.3333333333333333,1.0
90591,Infilteration,20,0.25,-0.14626099706744866,-0.09274193548387098,0.29245438106197597,0.20146520146520147,0.16703975412534183,0.375,1.0
90799,DDOS attack-HOIC,3,0.2,-0.3,-0.19999999999999998,0.19240253417468606,0.12554112554112556,0.2656826568265683,1.0,0.2
90799,DDOS attack-HOIC,5,0.1111111111111111,-0.39999999999999997,-0.3333333333333333,0.19240253417468606,0.12554112554112556,0.2523674635540035,1.0,0.6666666666666666
90799,DDOS attack-HOIC,10,0.1111111111111111,-0.4447884416924664,-0.2679738562091504,0.19240253417468606,0.12554112554112556,0.21385842706803698,0.5,0.8181818181818182
90799,DDOS attack-HOIC,20,0.17647058823529413,-0.5022154316271963,-0.38324420677361865,0.19240253417468606,0.12554112554112556,0.2181872091517727,0.5,1.0
90855,Benign,3,0.5,-0.7999999999999999,-0.6666666666666669,0.3240936278910962,0.21678321678321677,0.19926199261992625,1.0,0.5
90855,Benign,5,0.42857142857142855,-0.03571428571428572,-0.04761904761904762,0.3240936278910962,0.21678321678321677,0.3170032477839369,1.0,0.6666666666666666
90855,Benign,10,0.25,-0.0588235294117647,-0.09999999999999999,0.3240936278910962,0.21678321678321677,0.3529721988666245,0.75,1.0
90855,Benign,20,0.25,-0.044721407624633426,-0.048387096774193554,0.3240936278910962,0.21678321678321677,0.37774017865266474,0.5,1.0
90935,SSH-Bruteforce,3,0.2,-0.6,-0.39999999999999997,0.30939946129819546,0.20745920745920746,0.09963099630996312,1.0,0.2
90935,SSH-Bruteforce,5,0.25,-0.4285714285714286,-0.2857142857142857,0.30939946129819546,0.20745920745920746,0.1745232106664062,1.0,0.42857142857142855
90935,SSH-Bruteforce,10,0.42857142857142855,-0.16483516483516483,-0.09890109890109891,0.30939946129819546,0.20745920745920746,0.2826296460620862,0.8333333333333334,0.8181818181818182
90935,SSH-Bruteforce,20,0.3333333333333333,0.07942157953281423,0.011494252873563218,0.30939946129819546,0.20745920745920746,0.35666802280222937,0.7,1.0
91287,DDOS attack-HOIC,3,0.2,-0.3,-0.19999999999999998,0.18392999405657634,0.12221112221112222,0.2656826568265683,1.0,0.2
91287,DDOS attack-HOIC,5,0.1111111111111111,-0.35,-0.3333333333333333,0.18392999405657634,0.12221112221112222,0.2523674635540035,1.0,0.42857142857142855
91287,DDOS attack-HOIC,10,0.1111111111111111,-0.3684210526315789,-0.281045751633987,0.18392999405657634,0.12221112221112222,0.25714763515143474,1.0,0.8181818181818182
91287,DDOS attack-HOIC,20,0.21212121212121213,-0.511029411764706,-0.3901515151515152,0.18392999405657634,0.12221112221112222,0.23999377846192152,0.2857142857142857,1.0
91415,Bot,3,0.2,-0.19999999999999998,-0.19999999999999998,0.06483390027693825,0.051615051615051616,0.2656826568265683,1.0,0.2
91415,Bot,5,0.1111111111111111,-0.43333333333333335,-0.4444444444444444,0.06483390027693825,0.051615051615051616,0.2523674635540035,1.0,0.25
91415,Bot,10,0.1111111111111111,-0.4447884416924664,-0.35947712418300654,0.06483390027693825,0.051615051615051616,0.24203758720290527,0.5,0.8181818181818182
91415,Bot,20,0.17647058823529413,-0.4857142857142857,-0.35115864527629237,0.06483390027693825,0.051615051615051616,0.22768758251530938,0.6666666666666666,1.0
91509,DDOS attack-HOIC,3,0.2,0.19999999999999998,0.19999999999999998,0.17436993386360475,0.12287712287712288,0.6346863468634687,1.0,0.2
91509,DDOS attack-HOIC,5,0.1111111111111111,-0.21666666666666667,-0.16666666666666666,0.17436993386360475,0.12287712287712288,0.4965617445239432,1.0,0.25
91509,DDOS attack-HOIC,10,0.05263157894736842,-0.4385964912280701,-0.2982456140350877,0.17436993386360475,0.12287712287712288,0.3614441988713819,1.0,0.8181818181818182
91509,DDOS attack-HOIC,20,0.17647058823529413,-0.5804430863254393,-0.41532976827094475,0.17436993386360475,0.12287712287712288,0.29708153081318034,0.16666666666666666,1.0
92264,Brute Force -Web,3,0.0,-0.7142857142857143,-0.4666666666666666,0.09728246437107196,0.06293706293706294,0.0,,0.0
92264,Brute Force -Web,5,0.0,-0.6969696969696969,-0.4666666666666666,0.09728246437107196,0.06293706293706294,0.0,,0.1111111111111111
92264,Brute Force -Web,10,0.0,-0.7368421052631579,-0.49473684210526314,0.09728246437107196,0.06293706293706294,0.0,,0.8181818181818182
92264,Brute Force -Web,20,0.05263157894736842,-0.6030200240726558,-0.38833570412517787,0.09728246437107196,0.06293706293706294,0.021847050261801174,0.0,1.0
92992,DoS attacks-SlowHTTPTest,3,0.5,0.39999999999999997,0.3333333333333334,0.3168603548350383,0.22144522144522147,0.7343173431734318,1.0,0.5
92992,DoS attacks-SlowHTTPTest,5,0.25,0.1666666666666667,0.07142857142857142,0.3168603548350383,0.22144522144522147,0.6390417816414738,1.0,0.25
92992,DoS attacks-SlowHTTPTest,10,0.3333333333333333,-0.039285714285714285,0.009523809523809525,0.3168603548350383,0.22144522144522147,0.5419750926495139,1.0,0.8181818181818182
92992,DoS attacks-SlowHTTPTest,20,0.2903225806451613,-0.12016129032258066,-0.11827956989247314,0.3168603548350383,0.22144522144522147,0.527624337705048,0.6666666666666666,1.0
92995,DoS attacks-SlowHTTPTest,3,0.5,0.39999999999999997,0.3333333333333334,0.35628928033991325,0.2494172494172494,0.7343173431734318,1.0,0.5
92995,DoS attacks-SlowHTTPTest,5,0.25,0.19047619047619052,0.14285714285714285,0.35628928033991325,0.2494172494172494,0.6390417816414738,1.0,0.25
92995,DoS attacks-SlowHTTPTest,10,0.3333333333333333,-0.11785714285714284,-0.08571428571428572,0.35628928033991325,0.2494172494172494,0.5346316093465286,1.0,0.8181818181818182
92995,DoS attacks-SlowHTTPTest,20,0.3793103448275862,-0.06945812807881772,-0.02463054187192118,0.35628928033991325,0.2494172494172494,0.52349535200967,0.5454545454545454,1.0
93768,SSH-Bruteforce,3,0.2,-0.49999999999999994,-0.39999999999999997,0.22773429102543025,0.1535131535131535,0.2656826568265683,1.0,0.5
93768,SSH-Bruteforce,5,0.1111111111111111,-0.26666666666666666,-0.1111111111111111,0.22773429102543025,0.1535131535131535,0.2523674635540035,1.0,0.42857142857142855
93768,SSH-Bruteforce,10,0.17647058823529413,-0.35539215686274517,-0.2352941176470588,0.22773429102543025,0.1535131535131535,0.2479858086783234,0.6666666666666666,0.8181818181818182
93768,SSH-Bruteforce,20,0.17647058823529413,-0.307563025210084,-0.21925133689839574,0.22773429102543025,0.1535131535131535,0.2659011239654986,0.8333333333333334,1.0
93921,DDOS attack-LOIC-UDP,3,0.0,-0.7142857142857143,-0.4666666666666666,0.7915755130945004,0.6789876789876791,0.0,,0.2
93921,DDOS attack-LOIC-UDP,5,0.1111111111111111,-0.6666666666666667,-0.5,0.7915755130945004,0.6789876789876791,0.076547581255647,0.0,0.25
93921,DDOS attack-LOIC-UDP,10,0.1111111111111111,-0.5128998968008256,-0.3856209150326798,0.7915755130945004,0.6789876789876791,0.11983678933904471,0.0,0.8181818181818182
93921,DDOS attack-LOIC-UDP,20,0.2903225806451613,-0.4278225806451613,-0.24731182795698925,0.7915755130945004,0.6789876789876791,0.14242598092495234,0.0,1.0
95197,DDOS attack-LOIC-UDP,3,0.0,-0.7142857142857143,-0.4666666666666666,0.7902603725388534,0.6783216783216783,0.0,,0.0
95197,DDOS attack-LOIC-UDP,5,0.1111111111111111,-0.6166666666666666,-0.4444444444444444,0.7902603725388534,0.6783216783216783,0.076547581255647,0.0,0.25
95197,DDOS attack-LOIC-UDP,10,0.1111111111111111,-0.5108359133126935,-0.3856209150326798,0.7902603725388534,0.6783216783216783,0.11983678933904471,0.0,0.8181818181818182
95197,DDOS attack-LOIC-UDP,20,0.2903225806451613,-0.43024193548387096,-0.2516129032258065,0.7902603725388534,0.6783216783216783,0.14348072303679144,0.0,1.0
95302,DDoS attacks-LOIC-HTTP,3,0.2,-0.09999999999999999,0.0,0.22431998381365467,0.14352314352314352,0.2656826568265683,1.0,0.5
95302,DDoS attacks-LOIC-HTTP,5,0.1111111111111111,-0.3666666666666667,-0.2777777777777778,0.22431998381365467,0.14352314352314352,0.2523674635540035,1.0,0.25
95302,DDoS attacks-LOIC-HTTP,10,0.1111111111111111,-0.4282765737874097,-0.34640522875817,0.22431998381365467,0.14352314352314352,0.25714763515143474,0.5,0.8181818181818182
95302,DDoS attacks-LOIC-HTTP,20,0.17647058823529413,-0.49946524064171116,-0.39750445632798576,0.22431998381365467,0.14352314352314352,0.2544588389006875,0.5,1.0
95359,DoS attacks-SlowHTTPTest,3,0.2,0.09999999999999999,0.0,0.2309715600854841,0.1601731601731602,0.6346863468634687,1.0,0.2
95359,DoS attacks-SlowHTTPTest,5,0.1111111111111111,-0.11666666666666665,0.0,0.2309715600854841,0.1601731601731602,0.4965617445239432,1.0,0.1111111111111111
95359,DoS attacks-SlowHTTPTest,10,0.1111111111111111,-0.4097007223942208,-0.25490196078431376,0.2309715600854841,0.1601731601731602,0.3673924203468,1.0,0.8181818181818182
95359,DoS attacks-SlowHTTPTest,20,0.25,-0.35520527859237533,-0.21370967741935484,0.2309715600854841,0.1601731601731602,0.3488379331418281,0.375,1.0
97056,FTP-BruteForce,3,0.2,-0.3,-0.19999999999999998,0.37477712161256466,0.26673326673326675,0.2656826568265683,1.0,0.5
97056,FTP-BruteForce,5,0.25,-0.04761904761904763,0.0,0.37477712161256466,0.26673326673326675,0.32891504480965056,1.0,0.25
97056,FTP-BruteForce,10,0.3333333333333333,-0.07142857142857141,-0.08571428571428572,0.37477712161256466,0.26673326673326675,0.35864324388863644,0.8,1.0
97056,FTP-BruteForce,20,0.3333333333333333,-0.07408231368186874,-0.06666666666666667,0.37477712161256466,0.26673326673326675,0.38568889051457544,0.5,1.0
97201,DDOS attack-HOIC,3,0.2,-0.3,-0.19999999999999998,0.1697163595897773,0.09623709623709624,0.2656826568265683,1.0,0.2
97201,DDOS attack-HOIC,5,0.1111111111111111,-0.39999999999999997,-0.3333333333333333,0.1697163595897773,0.09623709623709624,0.2523674635540035,1.0,0.42857142857142855
97201,DDOS attack-HOIC,10,0.1111111111111111,-0.5521155830753354,-0.4509803921568628,0.1697163595897773,0.09623709623709624,0.22120191037102233,1.0,0.8181818181818182
97201,DDOS attack-HOIC,20,0.17647058823529413,-0.5828877005347594,-0.4688057040998218,0.1697163595897773,0.09623709623709624,0.20971896261441764,0.5,1.0
97722,Benign,3,0.5,0.6000000000000001,0.3333333333333334,0.3145588588626563,0.22410922410922413,0.5313653136531366,1.0,1.0
97722,Benign,5,0.25,0.2380952380952381,0.07142857142857142,0.3145588588626563,0.22410922410922413,0.504734927108007,1.0,0.42857142857142855
97722,Benign,10,0.25,-0.032352941176470584,-0.049999999999999996,0.3145588588626563,0.22410922410922413,0.4515831748707763,1.0,1.0
97722,Benign,20,0.3333333333333333,-0.030478309232480537,-0.0574712643678161,0.3145588588626563,0.22410922410922413,0.4498216899258141,0.6,1.0
97857,DoS attacks-Slowloris,3,0.2,0.09999999999999999,0.0,0.06245653081096119,0.040293040293040296,0.6346863468634687,1.0,0.5
97857,DoS attacks-Slowloris,5,0.42857142857142855,0.0,-0.04761904761904762,0.06245653081096119,0.040293040293040296,0.6051524993284658,1.0,0.6666666666666666
97857,DoS attacks-Slowloris,10,0.25,0.0029411764705882353,0.016666666666666666,0.06245653081096119,0.040293040293040296,0.54148579423855,0.75,1.0
97857,DoS attacks-Slowloris,20,0.21212121212121213,-0.2025401069518717,-0.15151515151515152,0.06245653081096119,0.040293040293040296,0.49553584502670184,0.42857142857142855,1.0
99470,DoS attacks-Slowloris,3,0.2,0.19999999999999998,0.19999999999999998,0.13122320717257424,0.08691308691308691,0.6346863468634687,1.0,0.2
99470,DoS attacks-Slowloris,5,0.25,-0.14285714285714288,-0.14285714285714285,0.13122320717257424,0.08691308691308691,0.5731093257795903,1.0,0.6666666666666666
99470,DoS attacks-Slowloris,10,0.1111111111111111,-0.2961816305469556,-0.21568627450980396,0.13122320717257424,0.08691308691308691,0.45880992930329145,1.0,0.8181818181818182
99470,DoS attacks-Slowloris,20,0.17647058823529413,-0.3970970206264324,-0.29411764705882354,0.13122320717257424,0.08691308691308691,0.4039080512668983,0.5,1.0
99536,DoS attacks-SlowHTTPTest,3,0.5,0.39999999999999997,0.3333333333333334,0.4648136673453128,0.3406593406593406,0.7343173431734318,1.0,0.5
99536,DoS attacks-SlowHTTPTest,5,0.25,0.14285714285714288,0.07142857142857142,0.4648136673453128,0.3406593406593406,0.6390417816414738,1.0,0.25
99536,DoS attacks-SlowHTTPTest,10,0.25,-0.15294117647058825,-0.15,0.4648136673453128,0.3406593406593406,0.5286833878711106,1.0,0.8181818181818182
99536,DoS attacks-SlowHTTPTest,20,0.3333333333333333,-0.14126807563959956,-0.09885057471264368,0.4648136673453128,0.3406593406593406,0.5072601540935057,0.6,1.0
99758,Bot,3,0.0,-0.8285714285714287,-0.7333333333333333,-0.04432276584175318,-0.032301032301032304,0.0,,0.5
99758,Bot,5,0.0,-0.8545454545454544,-0.6888888888888888,-0.04432276584175318,-0.032301032301032304,0.0,,0.6666666666666666
99758,Bot,10,0.0,-0.7639097744360903,-0.5368421052631579,-0.04432276584175318,-0.032301032301032304,0.0,,0.6666666666666666
99758,Bot,20,0.17647058823529413,-0.6333078686019862,-0.4224598930481284,-0.04432276584175318,-0.032301032301032304,0.027816324183107984,0.5,1.0
99906,DDOS attack-HOIC,3,0.2,0.09999999999999999,0.0,0.11372172131665802,0.0775890775890776,0.6346863468634687,1.0,0.2
99906,DDOS attack-HOIC,5,0.1111111111111111,-0.26666666666666666,-0.2777777777777778,0.11372172131665802,0.0775890775890776,0.4965617445239432,1.0,0.6666666666666666
99906,DDOS attack-HOIC,10,0.1111111111111111,-0.5128998968008256,-0.4379084967320262,0.11372172131665802,0.0775890775890776,0.3747359036497853,1.0,0.8181818181818182
99906,DDOS attack-HOIC,20,0.21212121212121213,-0.5641711229946524,-0.4356060606060606,0.11372172131665802,0.0775890775890776,0.32432819560550114,0.2857142857142857,1.0
100125,DDoS attacks-LOIC-HTTP,3,0.0,-0.7142857142857143,-0.4666666666666666,0.3442253948583062,0.23543123543123542,0.0,,0.2
100125,DDoS attacks-LOIC-HTTP,5,0.1111111111111111,-0.65,-0.5,0.3442253948583062,0.23543123543123542,0.076547581255647,1.0,0.25
100125,DDoS attacks-LOIC-HTTP,10,0.17647058823529413,-0.5049019607843138,-0.3529411764705882,0.3442253948583062,0.23543123543123542,0.11660565668573115,1.0,0.8181818181818182
100125,DDoS attacks-LOIC-HTTP,20,0.25,-0.31598240469208205,-0.19758064516129034,0.3442253948583062,0.23543123543123542,0.1645815562378724,0.625,1.0
100178,FTP-BruteForce,3,0.2,0.19999999999999998,0.19999999999999998,0.23248902995738438,0.16083916083916083,0.6346863468634687,1.0,0.2
100178,FTP-BruteForce,5,0.1111111111111111,-0.13333333333333333,-0.05555555555555555,0.23248902995738438,0.16083916083916083,0.4965617445239432,1.0,0.25
100178,FTP-BruteForce,10,0.1111111111111111,-0.48813209494324045,-0.34640522875817,0.23248902995738438,0.16083916083916083,0.3747359036497853,1.0,0.6666666666666666
100178,FTP-BruteForce,20,0.25,-0.38453079178885624,-0.2459677419354839,0.23248902995738438,0.16083916083916083,0.35889628095634996,0.625,1.0
100769,Brute Force -Web,3,0.0,-0.7142857142857143,-0.4666666666666666,0.05148016540421604,0.036297036297036296,0.0,,0.0
100769,Brute Force -Web,5,0.0,-0.6121212121212121,-0.37777777777777777,0.05148016540421604,0.036297036297036296,0.0,,0.1111111111111111
100769,Brute Force -Web,10,0.05263157894736842,-0.7315789473684211,-0.543859649122807,0.05148016540421604,0.036297036297036296,0.022471058907135067,0.0,0.8181818181818182
100769,Brute Force -Web,20,0.14285714285714285,-0.6801120448179272,-0.4890756302521009,0.05148016540421604,0.036297036297036296,0.046595721904381736,0.4,1.0
101190,DoS attacks-GoldenEye,3,0.2,0.0,-0.19999999999999998,0.18172966274232097,0.13486513486513485,0.6346863468634687,1.0,0.5
101190,DoS attacks-GoldenEye,5,0.1111111111111111,-0.3,-0.3333333333333333,0.18172966274232097,0.13486513486513485,0.4965617445239432,1.0,0.42857142857142855
101190,DoS attacks-GoldenEye,10,0.25,-0.33529411764705885,-0.33333333333333337,0.18172966274232097,0.13486513486513485,0.4464443921157361,0.5,0.8181818181818182
101190,DoS attacks-GoldenEye,20,0.17647058823529413,-0.30328495034377384,-0.22638146167557938,0.18172966274232097,0.13486513486513485,0.412119920935459,0.5,1.0
101923,DoS attacks-GoldenEye,3,0.0,-0.8857142857142858,-0.7333333333333333,0.18678789564865514,0.13153513153513155,0.0,,0.2
101923,DoS attacks-GoldenEye,5,0.0,-0.7454545454545454,-0.5555555555555555,0.18678789564865514,0.13153513153513155,0.0,,0.42857142857142855
101923,DoS attacks-GoldenEye,10,0.1111111111111111,-0.6738906088751291,-0.47712418300653603,0.18678789564865514,0.13153513153513155,0.02841928038255317,1.0,0.8181818181818182
101923,DoS attacks-GoldenEye,20,0.25,-0.4142228739002932,-0.310483870967742,0.18678789564865514,0.13153513153513155,0.10858886452207267,0.75,1.0
102683,Bot,3,0.2,-0.49999999999999994,-0.39999999999999997,0.12775831763173534,0.09224109224109224,0.2656826568265683,1.0,0.2
102683,Bot,5,0.1111111111111111,-0.5,-0.3888888888888889,0.12775831763173534,0.09224109224109224,0.2523674635540035,1.0,0.6666666666666666
102683,Bot,10,0.17647058823529413,-0.3823529411764707,-0.24999999999999997,0.12775831763173534,0.09224109224109224,0.2553292919813087,0.6666666666666666,0.8181818181818182
102683,Bot,20,0.14285714285714285,-0.46442577030812326,-0.36470588235294116,0.12775831763173534,0.09224109224109224,0.2613238116451801,0.8,1.0
102716,DoS attacks-Slowloris,3,0.0,-0.6571428571428573,-0.4666666666666666,0.43780270362548845,0.29537129537129536,0.0,,0.5
102716,DoS attacks-Slowloris,5,0.1111111111111111,-0.65,-0.4444444444444444,0.43780270362548845,0.29537129537129536,0.03204317354887549,1.0,0.6666666666666666
102716,DoS attacks-Slowloris,10,0.25,-0.44117647058823534,-0.3,0.43780270362548845,0.29537129537129536,0.11540798471797765,1.0,0.8181818181818182
102716,DoS attacks-Slowloris,20,0.3333333333333333,-0.08654060066740822,-0.043678160919540236,0.43780270362548845,0.29537129537129536,0.20627360236294984,0.8,1.0
103226,DDOS attack-HOIC,3,0.2,0.09999999999999999,0.0,0.2131918714197195,0.14285714285714288,0.6346863468634687,1.0,0.2
103226,DDOS attack-HOIC,5,0.1111111111111111,-0.2333333333333333,-0.2222222222222222,0.2131918714197195,0.14285714285714288,0.4965617445239432,1.0,0.6666666666666666
103226,DDOS attack-HOIC,10,0.05263157894736842,-0.5,-0.38011695906432746,0.2131918714197195,0.14285714285714288,0.3614441988713819,1.0,0.8181818181818182
103226,DDOS attack-HOIC,20,0.25,-0.5487536656891494,-0.38306451612903236,0.2131918714197195,0.14285714285714288,0.31150956234876975,0.375,1.0
103531,SSH-Bruteforce,3,0.2,-0.49999999999999994,-0.39999999999999997,0.2600816904614373,0.17082917082917085,0.2656826568265683,1.0,0.5
103531,SSH-Bruteforce,5,0.1111111111111111,-0.31666666666666665,-0.2222222222222222,0.2600816904614373,0.17082917082917085,0.2523674635540035,1.0,0.42857142857142855
103531,SSH-Bruteforce,10,0.1111111111111111,-0.32714138286893707,-0.18954248366013074,0.2600816904614373,0.17082917082917085,0.24203758720290527,1.0,0.8181818181818182
103531,SSH-Bruteforce,20,0.25,-0.3251466275659824,-0.24193548387096778,0.2600816904614373,0.17082917082917085,0.25577919494369544,0.75,1.0
103742,Brute Force -Web,3,0.2,-0.6,-0.39999999999999997,0.33830726235789527,0.2833832833832834,0.09963099630996312,0.0,0.2
103742,Brute Force -Web,5,0.1111111111111111,-0.33333333333333337,-0.2222222222222222,0.33830726235789527,0.2833832833832834,0.1424800371175307,0.0,0.25
103742,Brute Force -Web,10,0.17647058823529413,-0.4093137254901961,-0.2941176470588235,0.33830726235789527,0.2833832833832834,0.16723918899972878,0.0,0.6666666666666666
103742,Brute Force -Web,20,0.2903225806451613,-0.33830645161290324,-0.2688172043010753,0.33830726235789527,0.2833832833832834,0.22462233034500975,0.0,1.0
104432,Infilteration,3,0.0,-0.8285714285714287,-0.7333333333333333,0.23734493354746516,0.1601731601731602,0.0,,0.5
104432,Infilteration,5,0.1111111111111111,-0.6666666666666667,-0.4444444444444444,0.23734493354746516,0.1601731601731602,0.03204317354887549,1.0,0.42857142857142855
104432,Infilteration,10,0.25,-0.3588235294117647,-0.25,0.23734493354746516,0.1601731601731602,0.15093062815583125,0.5,0.6666666666666666
104432,Infilteration,20,0.25,-0.126099706744868,-0.09274193548387098,0.23734493354746516,0.1601731601731602,0.22785646416292585,0.5,1.0
104560,DoS attacks-Slowloris,3,0.2,0.0,-0.19999999999999998,0.008788679674755622,0.007659007659007659,0.6346863468634687,1.0,0.2
104560,DoS attacks-Slowloris,5,0.25,-0.07142857142857144,-0.14285714285714285,0.008788679674755622,0.007659007659007659,0.5731093257795903,1.0,0.42857142857142855
104560,DoS attacks-Slowloris,10,0.1111111111111111,-0.32301341589267285,-0.281045751633987,0.008788679674755622,0.007659007659007659,0.45880992930329145,1.0,0.8181818181818182
104560,DoS attacks-Slowloris,20,0.1111111111111111,-0.4401544401544402,-0.3047619047619048,0.008788679674755622,0.007659007659007659,0.38767353349098016,0.75,1.0
104902,Infilteration,3,0.0,-0.7714285714285715,-0.6,-0.01928451295539903,-0.028305028305028304,0.0,,0.0
104902,Infilteration,5,0.0,-0.7333333333333332,-0.5111111111111111,-0.01928451295539903,-0.028305028305028304,0.0,,0.25
104902,Infilteration,10,0.17647058823529413,-0.5661764705882354,-0.3676470588235294,-0.01928451295539903,-0.028305028305028304,0.06254666199283952,0.6666666666666666,0.8181818181818182
104902,Infilteration,20,0.21212121212121213,-0.27907754010695185,-0.19696969696969696,-0.01928451295539903,-0.028305028305028304,0.15135465023142358,0.7142857142857143,1.0
105028,SSH-Bruteforce,3,0.2,-0.7999999999999999,-0.6,0.31139746329619744,0.21878121878121878,0.09963099630996312,1.0,0.2
105028,SSH-Bruteforce,5,0.25,-0.261904761904762,-0.14285714285714285,0.31139746329619744,0.21878121878121878,0.2190276183731777,1.0,0.42857142857142855
105028,SSH-Bruteforce,10,0.42857142857142855,0.07252747252747253,0.09890109890109891,0.31139746329619744,0.21878121878121878,0.3271340537688576,0.6666666666666666,0.8181818181818182
105028,SSH-Bruteforce,20,0.2903225806451613,0.13709677419354843,0.10967741935483873,0.31139746329619744,0.21878121878121878,0.3763773457035891,0.5555555555555556,1.0
107048,DDOS attack-LOIC-UDP,3,0.0,-0.7142857142857143,-0.4666666666666666,0.7902603725388534,0.6783216783216783,0.0,,0.0
107048,DDOS attack-LOIC-UDP,5,0.1111111111111111,-0.6166666666666666,-0.4444444444444444,0.7902603725388534,0.6783216783216783,0.076547581255647,0.0,0.25
107048,DDOS attack-LOIC-UDP,10,0.1111111111111111,-0.5108359133126935,-0.3856209150326798,0.7902603725388534,0.6783216783216783,0.11983678933904471,0.0,0.8181818181818182
107048,DDOS attack-LOIC-UDP,20,0.2903225806451613,-0.43024193548387096,-0.2516129032258065,0.7902603725388534,0.6783216783216783,0.14348072303679144,0.0,1.0
107435,Bot,3,0.0,-0.6571428571428573,-0.4666666666666666,0.09842056677499714,0.05627705627705628,0.0,,0.2
107435,Bot,5,0.0,-0.7696969696969697,-0.6,0.09842056677499714,0.05627705627705628,0.0,,0.42857142857142855
107435,Bot,10,0.0,-0.7187969924812029,-0.5157894736842106,0.09842056677499714,0.05627705627705628,0.0,,0.6666666666666666
107435,Bot,20,0.17647058823529413,-0.6180290297937356,-0.3725490196078432,0.09842056677499714,0.05627705627705628,0.020818295598290727,0.5,1.0
107842,Benign,3,0.0,-0.7142857142857143,-0.4666666666666666,0.3239418809039062,0.22677322677322678,0.0,,0.5
107842,Benign,5,0.25,-0.3333333333333334,-0.21428571428571427,0.3239418809039062,0.22677322677322678,0.153095162511294,1.0,0.6666666666666666
107842,Benign,10,0.3333333333333333,0.024999999999999998,-0.028571428571428574,0.3239418809039062,0.22677322677322678,0.27627792886279545,1.0,0.8181818181818182
107842,Benign,20,0.2903225806451613,-0.009274193548387096,-0.04516129032258065,0.3239418809039062,0.22677322677322678,0.3201245425897767,0.7777777777777778,1.0
108152,DoS attacks-GoldenEye,3,0.2,0.09999999999999999,0.0,0.27123509401990414,0.18614718614718614,0.6346863468634687,1.0,0.5
108152,DoS attacks-GoldenEye,5,0.1111111111111111,-0.15,-0.1111111111111111,0.27123509401990414,0.18614718614718614,0.4965617445239432,1.0,0.42857142857142855
108152,DoS attacks-GoldenEye,10,0.17647058823529413,-0.47794117647058826,-0.3529411764705882,0.27123509401990414,0.18614718614718614,0.389863479253935,1.0,0.6666666666666666
108152,DoS attacks-GoldenEye,20,0.42857142857142855,-0.13683634373289547,-0.09523809523809523,0.27123509401990414,0.18614718614718614,0.42465857606235663,0.8333333333333334,1.0
108384,DoS attacks-Hulk,3,0.2,0.09999999999999999,0.0,0.14869940186395883,0.09357309357309358,0.6346863468634687,1.0,0.2
108384,DoS attacks-Hulk,5,0.1111111111111111,-0.26666666666666666,-0.2777777777777778,0.14869940186395883,0.09357309357309358,0.4965617445239432,1.0,0.25
108384,DoS attacks-Hulk,10,0.1111111111111111,-0.4262125902992776,-0.34640522875817,0.14869940186395883,0.09357309357309358,0.383915257778517,0.5,0.8181818181818182
108384,DoS attacks-Hulk,20,0.14285714285714285,-0.4473389355742297,-0.35798319327731093,0.14869940186395883,0.09357309357309358,0.3568606006066173,0.6,1.0
108720,Brute Force -XSS,3,0.0,-0.6571428571428573,-0.4666666666666666,0.23327305605786616,0.16550116550116553,0.0,,0.0
108720,Brute Force -XSS,5,0.0,-0.709090909090909,-0.4666666666666666,0.23327305605786616,0.16550116550116553,0.0,,0.25
108720,Brute Force -XSS,10,0.17647058823529413,-0.7107843137254903,-0.48529411764705876,0.23327305605786616,0.16550116550116553,0.041710985160956594,0.6666666666666666,0.6666666666666666
108720,Brute Force -XSS,20,0.2903225806451613,-0.20766129032258068,-0.15268817204301077,0.23327305605786616,0.16550116550116553,0.15512750191961394,0.5555555555555556,1.0
108966,DDoS attacks-LOIC-HTTP,3,0.2,-0.8999999999999998,-0.7999999999999999,0.312586148029186,0.21744921744921744,0.09963099630996312,0.0,0.2
108966,DDoS attacks-LOIC-HTTP,5,0.1111111111111111,-0.5499999999999999,-0.3888888888888889,0.312586148029186,0.21744921744921744,0.1424800371175307,0.0,0.42857142857142855
108966,DDoS attacks-LOIC-HTTP,10,0.1111111111111111,-0.4654282765737873,-0.32026143790849676,0.312586148029186,0.21744921744921744,0.172947290227462,0.5,0.8181818181818182
108966,DDoS attacks-LOIC-HTTP,20,0.17647058823529413,-0.35095492742551565,-0.24420677361853835,0.312586148029186,0.21744921744921744,0.21244919020161507,0.5,1.0
109587,DDoS attacks-LOIC-HTTP,3,0.2,-0.19999999999999998,-0.19999999999999998,0.20282249396173443,0.1302031302031302,0.2656826568265683,1.0,0.5
109587,DDoS attacks-LOIC-HTTP,5,0.1111111111111111,-0.33333333333333337,-0.2777777777777778,0.20282249396173443,0.1302031302031302,0.2523674635540035,1.0,0.42857142857142855
109587,DDoS attacks-LOIC-HTTP,10,0.05263157894736842,-0.5210526315789473,-0.38011695906432746,0.20282249396173443,0.1302031302031302,0.20791020559261889,1.0,0.8181818181818182
109587,DDoS attacks-LOIC-HTTP,20,0.25,-0.3640029325513196,-0.2459677419354839,0.20282249396173443,0.1302031302031302,0.22873814124993075,0.375,1.0
111646,SSH-Bruteforce,3,0.2,-0.49999999999999994,-0.39999999999999997,0.16969106842524562,0.10955710955710957,0.2656826568265683,1.0,0.5
111646,SSH-Bruteforce,5,0.25,-0.38095238095238104,-0.2857142857142857,0.16969106842524562,0.10955710955710957,0.28441063710287906,1.0,0.42857142857142855
111646,SSH-Bruteforce,10,0.1111111111111111,-0.3168214654282766,-0.21568627450980396,0.16969106842524562,0.10955710955710957,0.277294365749474,1.0,0.8181818181818182
111646,SSH-Bruteforce,20,0.2903225806451613,-0.3112903225806452,-0.19569892473118283,0.16969106842524562,0.10955710955710957,0.2806523485015471,0.6666666666666666,1.0
112373,Benign,3,0.2,0.19999999999999998,0.19999999999999998,0.3520656558631242,0.2440892440892441,0.6346863468634687,1.0,0.2
112373,Benign,5,0.42857142857142855,-0.03571428571428572,-0.04761904761904762,0.3520656558631242,0.2440892440892441,0.6051524993284658,0.6666666666666666,0.6666666666666666
112373,Benign,10,0.17647058823529413,-0.002450980392156863,0.044117647058823525,0.3520656558631242,0.2440892440892441,0.5281940894601466,0.6666666666666666,1.0
112373,Benign,20,0.3793103448275862,-0.12857142857142856,-0.08374384236453201,0.3520656558631242,0.2440892440892441,0.4926964763152875,0.5454545454545454,1.0
112569,DoS attacks-Slowloris,3,0.0,-0.6571428571428573,-0.4666666666666666,0.35398778436753114,0.24275724275724278,0.0,,0.2
112569,DoS attacks-Slowloris,5,0.1111111111111111,-0.5499999999999999,-0.4444444444444444,0.35398778436753114,0.24275724275724278,0.076547581255647,1.0,0.42857142857142855
112569,DoS attacks-Slowloris,10,0.25,-0.36470588235294116,-0.33333333333333337,0.35398778436753114,0.24275724275724278,0.19402224637941523,0.75,0.8181818181818182
112569,DoS attacks-Slowloris,20,0.2903225806451613,-0.19798387096774195,-0.13548387096774195,0.35398778436753114,0.24275724275724278,0.23601812430632035,0.5555555555555556,1.0
113993,Bot,3,0.0,-0.8857142857142858,-0.7333333333333333,0.08635668129339015,0.058941058941058944,0.0,,0.2
113993,Bot,5,0.0,-0.8909090909090909,-0.7333333333333333,0.08635668129339015,0.058941058941058944,0.0,,0.25
113993,Bot,10,0.0,-0.7127819548872181,-0.4736842105263158,0.08635668129339015,0.058941058941058944,0.0,,0.6666666666666666
113993,Bot,20,0.17647058823529413,-0.7106187929717341,-0.49019607843137264,0.08635668129339015,0.058941058941058944,0.024621402566317313,0.5,1.0
114902,DoS attacks-GoldenEye,3,0.0,-0.7714285714285715,-0.6,0.3171638488094184,0.21944721944721945,0.0,,0.2
114902,DoS attacks-GoldenEye,5,0.0,-0.7212121212121211,-0.5111111111111111,0.3171638488094184,0.21944721944721945,0.0,,0.42857142857142855
114902,DoS attacks-GoldenEye,10,0.25,-0.5764705882352941,-0.38333333333333336,0.3171638488094184,0.21944721944721945,0.10260473742292373,0.75,0.8181818181818182
114902,DoS attacks-GoldenEye,20,0.3333333333333333,-0.24093437152391545,-0.15402298850574714,0.3171638488094184,0.21944721944721945,0.1827310660219865,0.9,1.0
115506,Benign,3,0.5,-0.39999999999999997,-0.3333333333333334,0.23102214241454747,0.15018315018315018,0.3653136531365314,1.0,0.5
115506,Benign,5,0.25,-0.14285714285714288,-0.21428571428571427,0.23102214241454747,0.15018315018315018,0.3948475006715343,1.0,0.42857142857142855
115506,Benign,10,0.25,-0.14705882352941177,-0.11666666666666665,0.23102214241454747,0.15018315018315018,0.37331352376660143,1.0,0.6666666666666666
115506,Benign,20,0.25,-0.22470674486803516,-0.1895161290322581,0.23102214241454747,0.15018315018315018,0.37126911499685417,1.0,1.0
115924,DDOS attack-HOIC,3,0.2,0.09999999999999999,0.0,0.22644444163431504,0.14352314352314352,0.6346863468634687,1.0,0.2
115924,DDOS attack-HOIC,5,0.1111111111111111,-0.3,-0.3333333333333333,0.22644444163431504,0.14352314352314352,0.4965617445239432,1.0,0.42857142857142855
115924,DDOS attack-HOIC,10,0.05263157894736842,-0.4526315789473684,-0.34502923976608185,0.22644444163431504,0.14352314352314352,0.3614441988713819,1.0,0.8181818181818182
115924,DDOS attack-HOIC,20,0.21212121212121213,-0.5454545454545455,-0.3939393939393939,0.22644444163431504,0.14352314352314352,0.305705200646069,0.2857142857142857,1.0
116628,DoS attacks-GoldenEye,3,0.5,0.7999999999999999,0.6666666666666669,0.3086913086913087,0.21012321012321014,0.900369003690037,1.0,0.5
116628,DoS attacks-GoldenEye,5,0.25,0.28571428571428575,0.21428571428571427,0.3086913086913087,0.21012321012321014,0.7489292080779467,1.0,0.25
116628,DoS attacks-GoldenEye,10,0.17647058823529413,-0.14215686274509806,-0.08823529411764705,0.3086913086913087,0.21012321012321014,0.5753026259394187,1.0,0.8181818181818182
116628,DoS attacks-GoldenEye,20,0.3333333333333333,-0.1403781979977753,-0.07586206896551725,0.3086913086913087,0.21012321012321014,0.5206432011759303,0.7,1.0
117969,SSH-Bruteforce,3,0.2,-0.49999999999999994,-0.39999999999999997,0.31205503357402087,0.21545121545121546,0.2656826568265683,1.0,0.5
117969,SSH-Bruteforce,5,0.1111111111111111,-0.2833333333333333,-0.16666666666666666,0.31205503357402087,0.21545121545121546,0.2523674635540035,1.0,0.42857142857142855
117969,SSH-Bruteforce,10,0.1111111111111111,-0.3663570691434469,-0.24183006535947715,0.31205503357402087,0.21545121545121546,0.24203758720290527,1.0,0.8181818181818182
117969,SSH-Bruteforce,20,0.2903225806451613,-0.3189516129032258,-0.2516129032258065,0.31205503357402087,0.21545121545121546,0.2720708876415686,0.7777777777777778,1.0
118320,DDOS attack-LOIC-UDP,3,0.0,-0.7142857142857143,-0.4666666666666666,0.7874783444403698,0.6709956709956709,0.0,,0.0
118320,DDOS attack-LOIC-UDP,5,0.1111111111111111,-0.65,-0.5,0.7874783444403698,0.6709956709956709,0.076547581255647,0.0,0.25
118320,DDOS attack-LOIC-UDP,10,0.1111111111111111,-0.5232198142414861,-0.4248366013071896,0.7874783444403698,0.6709956709956709,0.11983678933904471,0.0,0.8181818181818182
118320,DDOS attack-LOIC-UDP,20,0.2903225806451613,-0.467741935483871,-0.2989247311827957,0.7874783444403698,0.6709956709956709,0.14348072303679144,0.0,1.0
118636,FTP-BruteForce,3,0.2,0.19999999999999998,0.19999999999999998,0.20411234335284967,0.13686313686313686,0.6346863468634687,1.0,0.2
118636,FTP-BruteForce,5,0.1111111111111111,-0.13333333333333333,-0.05555555555555555,0.20411234335284967,0.13686313686313686,0.4965617445239432,1.0,0.25
118636,FTP-BruteForce,10,0.1111111111111111,-0.38493292053663575,-0.2679738562091504,0.20411234335284967,0.13686313686313686,0.3747359036497853,1.0,0.8181818181818182
118636,FTP-BruteForce,20,0.21212121212121213,-0.43683155080213903,-0.3257575757575758,0.20411234335284967,0.13686313686313686,0.35155372610980495,0.42857142857142855,1.0
118743,DoS attacks-SlowHTTPTest,3,0.2,0.19999999999999998,0.19999999999999998,0.33585401939832316,0.23876123876123875,0.6346863468634687,1.0,0.2
118743,DoS attacks-SlowHTTPTest,5,0.1111111111111111,-0.11666666666666665,0.0,0.33585401939832316,0.23876123876123875,0.4965617445239432,1.0,0.25
118743,DoS attacks-SlowHTTPTest,10,0.17647058823529413,-0.40441176470588236,-0.2794117647058823,0.33585401939832316,0.23876123876123875,0.37334064182221804,0.6666666666666666,0.8181818181818182
118743,DoS attacks-SlowHTTPTest,20,0.3333333333333333,-0.2961067853170189,-0.23218390804597702,0.33585401939832316,0.23876123876123875,0.3779760062888904,0.3,1.0
119061,SSH-Bruteforce,3,0.2,-0.49999999999999994,-0.39999999999999997,0.2865109573970333,0.19880119880119881,0.2656826568265683,1.0,0.5
119061,SSH-Bruteforce,5,0.1111111111111111,-0.31666666666666665,-0.2222222222222222,0.2865109573970333,0.19880119880119881,0.2523674635540035,1.0,0.42857142857142855
119061,SSH-Bruteforce,10,0.17647058823529413,-0.27696078431372556,-0.16176470588235295,0.2865109573970333,0.19880119880119881,0.2645086461100403,0.6666666666666666,0.6666666666666666
119061,SSH-Bruteforce,20,0.3333333333333333,-0.2413793103448276,-0.18160919540229886,0.2865109573970333,0.19880119880119881,0.2936722026591289,0.6,1.0
119106,DoS attacks-GoldenEye,3,0.2,-0.6,-0.39999999999999997,0.5126392594747026,0.36729936729936735,0.09963099630996312,1.0,0.5
119106,DoS attacks-GoldenEye,5,0.25,-0.28571428571428575,-0.21428571428571427,0.5126392594747026,0.36729936729936735,0.1745232106664062,1.0,0.42857142857142855
119106,DoS attacks-GoldenEye,10,0.3333333333333333,0.028571428571428564,-0.028571428571428574,0.5126392594747026,0.36729936729936735,0.314039938850268,0.8,0.8181818181818182
119106,DoS attacks-GoldenEye,20,0.3333333333333333,0.09766407119021134,0.09885057471264368,0.5126392594747026,0.36729936729936735,0.3508614911263941,0.8,1.0
119747,Bot,3,0.2,-0.39999999999999997,-0.39999999999999997,0.1902274940249624,0.1302031302031302,0.2656826568265683,1.0,0.2
119747,Bot,5,0.1111111111111111,-0.41666666666666663,-0.3888888888888889,0.1902274940249624,0.1302031302031302,0.2523674635540035,1.0,0.6666666666666666
119747,Bot,10,0.1111111111111111,-0.48194014447884415,-0.39869281045751637,0.1902274940249624,0.1302031302031302,0.24203758720290527,0.5,0.6666666666666666
119747,Bot,20,0.17647058823529413,-0.43559969442322377,-0.340463458110517,0.1902274940249624,0.1302031302031302,0.24952815489095065,0.6666666666666666,1.0
119755,DoS attacks-Slowloris,3,0.0,-0.6571428571428573,-0.4666666666666666,0.3570227241113317,0.25074925074925075,0.0,,0.2
119755,DoS attacks-Slowloris,5,0.1111111111111111,-0.5333333333333333,-0.3888888888888889,0.3570227241113317,0.25074925074925075,0.076547581255647,1.0,0.42857142857142855
119755,DoS attacks-Slowloris,10,0.25,-0.3323529411764706,-0.2833333333333333,0.3570227241113317,0.25074925074925075,0.19402224637941523,0.75,0.8181818181818182
119755,DoS attacks-Slowloris,20,0.3333333333333333,-0.14126807563959956,-0.07586206896551725,0.3570227241113317,0.25074925074925075,0.2469396905605134,0.5,1.0
120795,Infilteration,3,0.0,-0.7714285714285715,-0.6,0.3660010875200748,0.26606726606726605,0.0,,0.2
120795,Infilteration,5,0.1111111111111111,-0.6166666666666666,-0.3888888888888889,0.3660010875200748,0.26606726606726605,0.076547581255647,1.0,0.42857142857142855
120795,Infilteration,10,0.17647058823529413,-0.31127450980392163,-0.1764705882352941,0.3660010875200748,0.26606726606726605,0.16562049365248235,0.6666666666666666,0.8181818181818182
120795,Infilteration,20,0.21212121212121213,-0.2740641711229947,-0.22348484848484848,0.3660010875200748,0.26606726606726605,0.21413849074057004,0.2857142857142857,1.0
120899,DoS attacks-Slowloris,3,0.0,-0.6,-0.3333333333333333,0.34796848720899354,0.23143523143523145,0.0,,0.2
120899,DoS attacks-Slowloris,5,0.1111111111111111,-0.5333333333333333,-0.3888888888888889,0.34796848720899354,0.23143523143523145,0.076547581255647,1.0,0.42857142857142855
120899,DoS attacks-Slowloris,10,0.25,-0.3205882352941176,-0.26666666666666666,0.34796848720899354,0.23143523143523145,0.19402224637941523,0.75,1.0
120899,DoS attacks-Slowloris,20,0.2903225806451613,-0.1403225806451613,-0.07526881720430108,0.34796848720899354,0.23143523143523145,0.24568507071992052,0.5555555555555556,1.0
121133,FTP-BruteForce,3,0.2,0.19999999999999998,0.19999999999999998,0.17204314672669102,0.12420912420912421,0.6346863468634687,1.0,0.2
121133,FTP-BruteForce,5,0.1111111111111111,-0.26666666666666666,-0.2777777777777778,0.17204314672669102,0.12420912420912421,0.4965617445239432,1.0,0.25
121133,FTP-BruteForce,10,0.1111111111111111,-0.4406604747162023,-0.33333333333333337,0.17204314672669102,0.12420912420912421,0.3747359036497853,1.0,0.8181818181818182
121133,FTP-BruteForce,20,0.2903225806451613,-0.3536290322580646,-0.25591397849462366,0.17204314672669102,0.12420912420912421,0.36494402717714086,0.3333333333333333,1.0
121969,DDOS attack-HOIC,3,0.2,-0.39999999999999997,-0.39999999999999997,0.25896887922204376,0.17882117882117884,0.2656826568265683,1.0,0.2
121969,DDOS attack-HOIC,5,0.1111111111111111,-0.45,-0.3888888888888889,0.25896887922204376,0.17882117882117884,0.2523674635540035,1.0,0.42857142857142855
121969,DDOS attack-HOIC,10,0.05263157894736842,-0.4070175438596491,-0.20467836257309938,0.25896887922204376,0.17882117882117884,0.20791020559261889,1.0,1.0
121969,DDOS attack-HOIC,20,0.14285714285714285,-0.4596638655462185,-0.24705882352941178,0.25896887922204376,0.17882117882117884,0.18352703993393593,0.4,1.0
122839,Infilteration,3,0.2,0.19999999999999998,0.19999999999999998,0.27970763413801386,0.19746919746919744,0.6346863468634687,0.0,0.2
122839,Infilteration,5,0.25,0.09523809523809526,0.14285714285714285,0.27970763413801386,0.19746919746919744,0.5731093257795903,0.0,0.6666666666666666
122839,Infilteration,10,0.3333333333333333,-0.07142857142857141,-0.028571428571428574,0.27970763413801386,0.19746919746919744,0.5121772371673994,0.2,0.6666666666666666
122839,Infilteration,20,0.2903225806451613,-0.013709677419354839,-0.006451612903225807,0.27970763413801386,0.19746919746919744,0.5022263071068013,0.2222222222222222,1.0
122949,Bot,3,0.2,-0.39999999999999997,-0.39999999999999997,0.09063088809924251,0.0675990675990676,0.2656826568265683,1.0,0.2
122949,Bot,5,0.1111111111111111,-0.5166666666666667,-0.5555555555555556,0.09063088809924251,0.0675990675990676,0.2523674635540035,1.0,0.25
122949,Bot,10,0.1111111111111111,-0.479876160990712,-0.3856209150326798,0.09063088809924251,0.0675990675990676,0.24203758720290527,0.5,0.6666666666666666
122949,Bot,20,0.14285714285714285,-0.5593837535014006,-0.43529411764705883,0.09063088809924251,0.0675990675990676,0.23516377616347625,0.6,1.0
123798,DDOS attack-LOIC-UDP,3,0.0,-0.7142857142857143,-0.4666666666666666,0.7884141175280416,0.6763236763236764,0.0,,0.0
123798,DDOS attack-LOIC-UDP,5,0.1111111111111111,-0.65,-0.5,0.7884141175280416,0.6763236763236764,0.076547581255647,0.0,0.25
123798,DDOS attack-LOIC-UDP,10,0.1111111111111111,-0.4901960784313726,-0.3725490196078432,0.7884141175280416,0.6763236763236764,0.13149311204219602,0.0,0.8181818181818182
123798,DDOS attack-LOIC-UDP,20,0.2903225806451613,-0.4346774193548387,-0.2645161290322581,0.7884141175280416,0.6763236763236764,0.1521234968489739,0.0,1.0
123816,Bot,3,0.2,-0.49999999999999994,-0.39999999999999997,0.0868372134194919,0.06160506160506161,0.2656826568265683,1.0,0.2
123816,Bot,5,0.1111111111111111,-0.6,-0.5555555555555556,0.0868372134194919,0.06160506160506161,0.2523674635540035,1.0,0.42857142857142855
123816,Bot,10,0.17647058823529413,-0.48774509803921573,-0.3823529411764705,0.0868372134194919,0.06160506160506161,0.2479858086783234,0.6666666666666666,0.8181818181818182
123816,Bot,20,0.21212121212121213,-0.44017379679144386,-0.3333333333333333,0.0868372134194919,0.06160506160506161,0.247379815582277,0.5714285714285714,1.0
126309,Bot,3,0.2,-0.19999999999999998,-0.19999999999999998,0.07826350864325549,0.053613053613053616,0.2656826568265683,1.0,0.2
126309,Bot,5,0.1111111111111111,-0.43333333333333335,-0.3888888888888889,0.07826350864325549,0.053613053613053616,0.2523674635540035,1.0,0.25
126309,Bot,10,0.1111111111111111,-0.4757481940144479,-0.3725490196078432,0.07826350864325549,0.053613053613053616,0.24203758720290527,0.5,0.8181818181818182
126309,Bot,20,0.17647058823529413,-0.4698242933537051,-0.33333333333333337,0.07826350864325549,0.053613053613053616,0.24054945054570026,0.5,1.0
126974,DDOS attack-HOIC,3,0.2,-0.6,-0.39999999999999997,0.14533567698124658,0.07958707958707958,0.09963099630996312,1.0,0.2
126974,DDOS attack-HOIC,5,0.1111111111111111,-0.43333333333333335,-0.3333333333333333,0.14533567698124658,0.07958707958707958,0.1424800371175307,1.0,0.42857142857142855
126974,DDOS attack-HOIC,10,0.05263157894736842,-0.5736842105263157,-0.43859649122807015,0.14533567698124658,0.07958707958707958,0.13881990861717564,1.0,0.8181818181818182
126974,DDOS attack-HOIC,20,0.1111111111111111,-0.6316602316602318,-0.4571428571428572,0.14533567698124658,0.07958707958707958,0.1285211955823287,0.25,1.0
127729,Benign,3,0.2,-0.3,-0.19999999999999998,0.30125570631899745,0.2007992007992008,0.2656826568265683,1.0,0.2
127729,Benign,5,0.25,-0.1666666666666667,0.0,0.30125570631899745,0.2007992007992008,0.28441063710287906,1.0,0.42857142857142855
127729,Benign,10,0.25,-0.06176470588235294,-0.03333333333333333,0.30125570631899745,0.2007992007992008,0.3398235000866932,0.5,0.8181818181818182
127729,Benign,20,0.2903225806451613,-0.15040322580645166,-0.14408602150537636,0.30125570631899745,0.2007992007992008,0.35864626166957436,0.6666666666666666,1.0
129405,SSH-Bruteforce,3,0.2,-0.49999999999999994,-0.39999999999999997,0.23473994360070308,0.15018315018315018,0.2656826568265683,1.0,0.5
129405,SSH-Bruteforce,5,0.1111111111111111,-0.2833333333333333,-0.16666666666666666,0.23473994360070308,0.15018315018315018,0.2523674635540035,1.0,0.42857142857142855
129405,SSH-Bruteforce,10,0.17647058823529413,-0.3357843137254902,-0.2205882352941176,0.23473994360070308,0.15018315018315018,0.2479858086783234,0.6666666666666666,0.8181818181818182
129405,SSH-Bruteforce,20,0.21212121212121213,-0.2917780748663102,-0.22348484848484848,0.23473994360070308,0.15018315018315018,0.2687437939568558,0.8571428571428571,1.0
129571,DDOS attack-LOIC-UDP,3,0.0,-0.7142857142857143,-0.4666666666666666,0.7867196095044195,0.6696636696636696,0.0,,0.0
129571,DDOS attack-LOIC-UDP,5,0.1111111111111111,-0.6166666666666666,-0.4444444444444444,0.7867196095044195,0.6696636696636696,0.076547581255647,0.0,0.25
129571,DDOS attack-LOIC-UDP,10,0.1111111111111111,-0.5046439628482973,-0.39869281045751637,0.7867196095044195,0.6696636696636696,0.13149311204219602,0.0,0.8181818181818182
129571,DDOS attack-LOIC-UDP,20,0.2903225806451613,-0.4641129032258065,-0.30752688172043013,0.7867196095044195,0.6696636696636696,0.15065857724919732,0.0,1.0
131380,DDOS attack-LOIC-UDP,3,0.0,-0.7142857142857143,-0.4666666666666666,0.7858344187458112,0.6709956709956709,0.0,,0.0
131380,DDOS attack-LOIC-UDP,5,0.1111111111111111,-0.6,-0.4444444444444444,0.7858344187458112,0.6709956709956709,0.076547581255647,0.0,0.25
131380,DDOS attack-LOIC-UDP,10,0.05263157894736842,-0.6175438596491227,-0.48538011695906425,0.7858344187458112,0.6709956709956709,0.09736573043190963,0.0,0.8181818181818182
131380,DDOS attack-LOIC-UDP,20,0.2903225806451613,-0.48629032258064525,-0.2989247311827957,0.7858344187458112,0.6709956709956709,0.11659282309061753,0.0,1.0
131385,FTP-BruteForce,3,0.2,0.19999999999999998,0.19999999999999998,0.1655686086065833,0.09823509823509823,0.6346863468634687,1.0,0.2
131385,FTP-BruteForce,5,0.1111111111111111,-0.09999999999999999,0.0,0.1655686086065833,0.09823509823509823,0.4965617445239432,1.0,0.25
131385,FTP-BruteForce,10,0.1111111111111111,-0.4055727554179567,-0.281045751633987,0.1655686086065833,0.09823509823509823,0.3747359036497853,1.0,0.6666666666666666
131385,FTP-BruteForce,20,0.21212121212121213,-0.4876336898395722,-0.36742424242424243,0.1655686086065833,0.09823509823509823,0.34274921128465907,0.42857142857142855,1.0
131703,Brute Force -XSS,3,0.0,-0.8285714285714287,-0.7333333333333333,0.25808368846343527,0.1734931734931735,0.0,,0.0
131703,Brute Force -XSS,5,0.0,-0.7333333333333332,-0.5111111111111111,0.25808368846343527,0.1734931734931735,0.0,,0.1111111111111111
131703,Brute Force -XSS,10,0.05263157894736842,-0.780701754385965,-0.5906432748538012,0.25808368846343527,0.1734931734931735,0.005948221475418107,0.0,0.6666666666666666
131703,Brute Force -XSS,20,0.25,-0.49853372434017584,-0.3629032258064517,0.25808368846343527,0.1734931734931735,0.0961378267359831,0.625,1.0
132105,DoS attacks-SlowHTTPTest,3,0.2,0.19999999999999998,0.19999999999999998,0.359298928919182,0.24542124542124544,0.6346863468634687,1.0,0.2
132105,DoS attacks-SlowHTTPTest,5,0.1111111111111111,-0.15,-0.1111111111111111,0.359298928919182,0.24542124542124544,0.4965617445239432,1.0,0.25
132105,DoS attacks-SlowHTTPTest,10,0.05263157894736842,-0.42280701754385963,-0.2631578947368421,0.359298928919182,0.24542124542124544,0.3614441988713819,1.0,0.8181818181818182
132105,DoS attacks-SlowHTTPTest,20,0.2903225806451613,-0.35645161290322586,-0.20000000000000004,0.359298928919182,0.24542124542124544,0.340979732105838,0.3333333333333333,1.0
132210,Bot,3,0.2,-0.19999999999999998,-0.19999999999999998,0.11584617913731836,0.08091908091908091,0.2656826568265683,1.0,0.2
132210,Bot,5,0.1111111111111111,-0.38333333333333336,-0.3333333333333333,0.11584617913731836,0.08091908091908091,0.2523674635540035,1.0,0.42857142857142855
132210,Bot,10,0.1111111111111111,-0.5541795665634675,-0.4379084967320262,0.11584617913731836,0.08091908091908091,0.23038126449975396,0.5,0.6666666666666666
132210,Bot,20,0.21212121212121213,-0.5063502673796791,-0.38636363636363635,0.11584617913731836,0.08091908091908091,0.2417007780153729,0.7142857142857143,1.0
132426,Infilteration,3,0.0,-0.8857142857142858,-0.7333333333333333,0.25573161016198986,0.18081918081918083,0.0,,0.5
132426,Infilteration,5,0.1111111111111111,-0.75,-0.5555555555555556,0.25573161016198986,0.18081918081918083,0.03204317354887549,1.0,0.25
132426,Infilteration,10,0.25,-0.34411764705882353,-0.2333333333333333,0.25573161016198986,0.18081918081918083,0.15093062815583125,0.5,0.8181818181818182
132426,Infilteration,20,0.25,-0.18255131964809382,-0.13306451612903228,0.25573161016198986,0.18081918081918083,0.21461848099571715,0.5,1.0
132588,Benign,3,0.0,-0.8857142857142858,-0.7333333333333333,0.20826009433604367,0.15018315018315018,0.0,,0.2
132588,Benign,5,0.0,-0.8060606060606059,-0.6,0.20826009433604367,0.15018315018315018,0.0,,0.25
132588,Benign,10,0.05263157894736842,-0.6859649122807018,-0.48538011695906425,0.20826009433604367,0.15018315018315018,0.022471058907135067,0.0,0.8181818181818182
132588,Benign,20,0.25,-0.4497800586510263,-0.3306451612903226,0.20826009433604367,0.15018315018315018,0.09458754223856924,0.25,1.0
133267,FTP-BruteForce,3,0.5,-0.39999999999999997,-0.3333333333333334,0.2728031462208677,0.17815517815517817,0.3653136531365314,1.0,0.5
133267,FTP-BruteForce,5,0.25,0.11904761904761905,0.14285714285714285,0.2728031462208677,0.17815517815517817,0.3948475006715343,1.0,0.25
133267,FTP-BruteForce,10,0.3333333333333333,-0.024999999999999998,0.028571428571428574,0.2728031462208677,0.17815517815517817,0.3927539387709172,0.8,0.6666666666666666
133267,FTP-BruteForce,20,0.3793103448275862,-0.07241379310344825,-0.06403940886699505,0.2728031462208677,0.17815517815517817,0.4117497380301506,0.45454545454545453,1.0
133827,FTP-BruteForce,3,0.2,0.09999999999999999,0.0,0.19561451207020827,0.1401931401931402,0.6346863468634687,1.0,0.2
133827,FTP-BruteForce,5,0.1111111111111111,-0.13333333333333333,-0.05555555555555555,0.19561451207020827,0.1401931401931402,0.4965617445239432,1.0,0.25
133827,FTP-BruteForce,10,0.1111111111111111,-0.4097007223942208,-0.30718954248366015,0.19561451207020827,0.1401931401931402,0.3747359036497853,1.0,0.8181818181818182
133827,FTP-BruteForce,20,0.25,-0.3610703812316715,-0.26612903225806456,0.19561451207020827,0.1401931401931402,0.3620179290290731,0.5,1.0
134961,DDoS attacks-LOIC-HTTP,3,0.0,-0.7714285714285715,-0.6,0.1796810784152556,0.11621711621711622,0.0,,0.2
134961,DDoS attacks-LOIC-HTTP,5,0.0,-0.6606060606060605,-0.4222222222222222,0.1796810784152556,0.11621711621711622,0.0,,0.25
134961,DDoS attacks-LOIC-HTTP,10,0.05263157894736842,-0.6157894736842106,-0.4502923976608187,0.1796810784152556,0.11621711621711622,0.0492374295588158,0.0,0.8181818181818182
134961,DDoS attacks-LOIC-HTTP,20,0.14285714285714285,-0.4330532212885154,-0.280672268907563,0.1796810784152556,0.11621711621711622,0.09231447996639766,0.8,1.0
136157,Benign,3,0.0,-0.6571428571428573,-0.4666666666666666,0.30507467216327977,0.2107892107892108,0.0,,0.0
136157,Benign,5,0.0,-0.5878787878787878,-0.28888888888888886,0.30507467216327977,0.2107892107892108,0.0,,0.25
136157,Benign,10,0.17647058823529413,-0.5882352941176471,-0.3676470588235294,0.30507467216327977,0.2107892107892108,0.06254666199283952,1.0,0.8181818181818182
136157,Benign,20,0.3333333333333333,-0.1835372636262514,-0.08045977011494253,0.30507467216327977,0.2107892107892108,0.14369934811293714,0.7,1.0
136921,DDOS attack-LOIC-UDP,3,0.2,-0.6,-0.39999999999999997,0.7866690271753561,0.6696636696636696,0.09963099630996312,0.0,0.2
136921,DDOS attack-LOIC-UDP,5,0.25,-0.38095238095238104,-0.2857142857142857,0.7866690271753561,0.6696636696636696,0.2190276183731777,0.0,0.25
136921,DDOS attack-LOIC-UDP,10,0.1111111111111111,-0.38493292053663575,-0.34640522875817,0.7866690271753561,0.6696636696636696,0.23618563904908527,0.0,0.8181818181818182
136921,DDOS attack-LOIC-UDP,20,0.2903225806451613,-0.44072580645161297,-0.30752688172043013,0.7866690271753561,0.6696636696636696,0.2272298458261082,0.0,1.0
137142,DoS attacks-GoldenEye,3,0.5,0.7999999999999999,0.6666666666666669,0.3152923026340748,0.2207792207792208,0.900369003690037,1.0,0.5
137142,DoS attacks-GoldenEye,5,0.25,0.3333333333333334,0.2857142857142857,0.3152923026340748,0.2207792207792208,0.7489292080779467,1.0,0.25
137142,DoS attacks-GoldenEye,10,0.17647058823529413,-0.14950980392156862,-0.10294117647058822,0.3152923026340748,0.2207792207792208,0.5753026259394187,1.0,0.6666666666666666
137142,DoS attacks-GoldenEye,20,0.17647058823529413,-0.22077922077922077,-0.11229946524064173,0.3152923026340748,0.2207792207792208,0.49468241330297014,0.8333333333333334,1.0
138072,DDoS attacks-LOIC-HTTP,3,0.2,-0.09999999999999999,0.0,0.18476460248612145,0.12953712953712954,0.2656826568265683,1.0,0.5
138072,DDoS attacks-LOIC-HTTP,5,0.1111111111111111,-0.31666666666666665,-0.2777777777777778,0.18476460248612145,0.12953712953712954,0.2523674635540035,1.0,0.42857142857142855
138072,DDoS attacks-LOIC-HTTP,10,0.1111111111111111,-0.5067079463364293,-0.3856209150326798,0.18476460248612145,0.12953712953712954,0.21385842706803698,0.5,0.8181818181818182
138072,DDoS attacks-LOIC-HTTP,20,0.14285714285714285,-0.507563025210084,-0.39831932773109247,0.18476460248612145,0.12953712953712954,0.22068970799234724,0.4,1.0
138212,FTP-BruteForce,3,0.2,0.09999999999999999,0.0,0.29531228265405474,0.19613719613719613,0.6346863468634687,1.0,0.2
138212,FTP-BruteForce,5,0.1111111111111111,-0.18333333333333335,-0.1111111111111111,0.29531228265405474,0.19613719613719613,0.4965617445239432,1.0,0.42857142857142855
138212,FTP-BruteForce,10,0.1111111111111111,-0.43859649122807015,-0.34640522875817,0.29531228265405474,0.19613719613719613,0.3747359036497853,1.0,0.8181818181818182
138212,FTP-BruteForce,20,0.3333333333333333,-0.3187986651835373,-0.22758620689655176,0.29531228265405474,0.19613719613719613,0.36829505677889773,0.5,1.0
138222,DDOS attack-LOIC-UDP,3,0.2,-0.6,-0.39999999999999997,0.78884406732508,0.6716616716616717,0.09963099630996312,0.0,0.2
138222,DDOS attack-LOIC-UDP,5,0.25,-0.38095238095238104,-0.2857142857142857,0.78884406732508,0.6716616716616717,0.2190276183731777,0.0,0.25
138222,DDOS attack-LOIC-UDP,10,0.1111111111111111,-0.40763673890608876,-0.3725490196078432,0.78884406732508,0.6716616716616717,0.23618563904908527,0.0,0.8181818181818182
138222,DDOS attack-LOIC-UDP,20,0.2903225806451613,-0.4262096774193549,-0.29462365591397854,0.78884406732508,0.6716616716616717,0.22828458793794731,0.0,1.0
139936,DDOS attack-HOIC,3,0.2,0.0,-0.19999999999999998,0.09255301660364952,0.05427905427905428,0.6346863468634687,1.0,0.2
139936,DDOS attack-HOIC,5,0.1111111111111111,-0.33333333333333337,-0.3888888888888889,0.09255301660364952,0.05427905427905428,0.4965617445239432,1.0,0.42857142857142855
139936,DDOS attack-HOIC,10,0.1111111111111111,-0.5170278637770898,-0.4379084967320262,0.09255301660364952,0.05427905427905428,0.3747359036497853,1.0,0.6666666666666666
139936,DDOS attack-HOIC,20,0.17647058823529413,-0.5657754010695187,-0.44385026737967925,0.09255301660364952,0.05427905427905428,0.32250454649413135,0.3333333333333333,1.0
139948,DoS attacks-SlowHTTPTest,3,0.2,0.0,-0.19999999999999998,0.22806307616434196,0.14685314685314688,0.6346863468634687,1.0,0.2
139948,DoS attacks-SlowHTTPTest,5,0.1111111111111111,-0.2833333333333333,-0.3333333333333333,0.22806307616434196,0.14685314685314688,0.4965617445239432,1.0,0.25
139948,DoS attacks-SlowHTTPTest,10,0.1111111111111111,-0.46955624355005166,-0.3725490196078432,0.22806307616434196,0.14685314685314688,0.3673924203468,1.0,0.8181818181818182
139948,DoS attacks-SlowHTTPTest,20,0.25,-0.3640029325513196,-0.2580645161290323,0.22806307616434196,0.14685314685314688,0.3499659487977347,0.375,1.0
140635,DDoS attacks-LOIC-HTTP,3,0.0,-0.7142857142857143,-0.4666666666666666,0.10471806674338319,0.07559107559107558,0.0,,0.5
140635,DDoS attacks-LOIC-HTTP,5,0.1111111111111111,-0.65,-0.5,0.10471806674338319,0.07559107559107558,0.076547581255647,1.0,0.42857142857142855
140635,DDoS attacks-LOIC-HTTP,10,0.1111111111111111,-0.5727554179566564,-0.4509803921568628,0.10471806674338319,0.07559107559107558,0.13149311204219602,0.5,0.8181818181818182
140635,DDoS attacks-LOIC-HTTP,20,0.17647058823529413,-0.4912146676852559,-0.358288770053476,0.10471806674338319,0.07559107559107558,0.17076145789702343,0.5,1.0
141029,Benign,3,0.2,-0.6,-0.39999999999999997,0.30601044525095156,0.2107892107892108,0.09963099630996312,1.0,0.2
141029,Benign,5,0.25,-0.4761904761904762,-0.3571428571428571,0.30601044525095156,0.2107892107892108,0.2190276183731777,1.0,0.42857142857142855
141029,Benign,10,0.1111111111111111,-0.2961816305469556,-0.17647058823529413,0.30601044525095156,0.2107892107892108,0.23618563904908527,1.0,0.8181818181818182
141029,Benign,20,0.2903225806451613,-0.2592741935483871,-0.16129032258064518,0.30601044525095156,0.2107892107892108,0.25163656985043903,0.5555555555555556,1.0
141904,Bot,3,0.2,-0.19999999999999998,-0.19999999999999998,0.17899821697290053,0.12487512487512487,0.2656826568265683,1.0,0.2
141904,Bot,5,0.1111111111111111,-0.39999999999999997,-0.3888888888888889,0.17899821697290053,0.12487512487512487,0.2523674635540035,1.0,0.25
141904,Bot,10,0.1111111111111111,-0.4592363261093911,-0.35947712418300654,0.17899821697290053,0.12487512487512487,0.24203758720290527,0.5,0.8181818181818182
141904,Bot,20,0.14285714285714285,-0.4490196078431373,-0.30756302521008405,0.17899821697290053,0.12487512487512487,0.23516377616347625,0.8,1.0
143100,SSH-Bruteforce,3,0.2,-0.49999999999999994,-0.39999999999999997,0.21207906018032596,0.15018315018315018,0.2656826568265683,1.0,0.5
143100,SSH-Bruteforce,5,0.1111111111111111,-0.31666666666666665,-0.2222222222222222,0.21207906018032596,0.15018315018315018,0.2523674635540035,1.0,0.42857142857142855
143100,SSH-Bruteforce,10,0.1111111111111111,-0.37048503611971106,-0.25490196078431376,0.21207906018032596,0.15018315018315018,0.24203758720290527,1.0,0.8181818181818182
143100,SSH-Bruteforce,20,0.25,-0.376099706744868,-0.2701612903225807,0.21207906018032596,0.15018315018315018,0.2503142247615224,0.875,1.0
143155,DoS attacks-GoldenEye,3,0.5,0.7999999999999999,0.6666666666666669,0.38587994284196814,0.2700632700632701,0.900369003690037,1.0,0.5
143155,DoS attacks-GoldenEye,5,0.25,0.1666666666666667,-0.07142857142857142,0.38587994284196814,0.2700632700632701,0.7489292080779467,1.0,0.42857142857142855
143155,DoS attacks-GoldenEye,10,0.17647058823529413,-0.2524509803921569,-0.2794117647058823,0.38587994284196814,0.2700632700632701,0.5753026259394187,1.0,0.8181818181818182
143155,DoS attacks-GoldenEye,20,0.25,-0.25806451612903225,-0.19758064516129034,0.38587994284196814,0.2700632700632701,0.5202003906299563,0.75,1.0
144595,DDOS attack-LOIC-UDP,3,0.0,-0.7142857142857143,-0.4666666666666666,0.7891475612994598,0.6776556776556777,0.0,,0.0
144595,DDOS attack-LOIC-UDP,5,0.1111111111111111,-0.6833333333333333,-0.5555555555555556,0.7891475612994598,0.6776556776556777,0.076547581255647,0.0,0.25
144595,DDOS attack-LOIC-UDP,10,0.1111111111111111,-0.5108359133126935,-0.3856209150326798,0.7891475612994598,0.6776556776556777,0.11983678933904471,0.0,0.8181818181818182
144595,DDOS attack-LOIC-UDP,20,0.2903225806451613,-0.43306451612903224,-0.25591397849462366,0.7891475612994598,0.6776556776556777,0.14242598092495234,0.0,1.0
145596,FTP-BruteForce,3,0.2,-0.3,-0.19999999999999998,0.34111458162091074,0.23942723942723942,0.2656826568265683,1.0,0.5
145596,FTP-BruteForce,5,0.25,-0.09523809523809526,-0.07142857142857142,0.34111458162091074,0.23942723942723942,0.32891504480965056,1.0,0.25
145596,FTP-BruteForce,10,0.3333333333333333,-0.11428571428571425,-0.12380952380952381,0.34111458162091074,0.23942723942723942,0.35864324388863644,0.8,0.8181818181818182
145596,FTP-BruteForce,20,0.3793103448275862,-0.06847290640394087,-0.07881773399014777,0.34111458162091074,0.23942723942723942,0.39195453330561625,0.45454545454545453,1.0
145690,DoS attacks-Slowloris,3,0.5,0.0,0.0,0.15509806649047153,0.10156510156510157,0.3653136531365314,1.0,0.5
145690,DoS attacks-Slowloris,5,0.25,0.04761904761904763,-0.07142857142857142,0.15509806649047153,0.10156510156510157,0.3948475006715343,1.0,0.25
145690,DoS attacks-Slowloris,10,0.1111111111111111,-0.3312693498452013,-0.33333333333333337,0.15509806649047153,0.10156510156510157,0.34673011420979455,1.0,0.8181818181818182
145690,DoS attacks-Slowloris,20,0.1111111111111111,-0.39665379665379663,-0.2888888888888889,0.15509806649047153,0.10156510156510157,0.31912559237102117,0.5,1.0
147870,Brute Force -Web,3,0.2,-0.6,-0.39999999999999997,0.33830726235789527,0.2833832833832834,0.09963099630996312,0.0,0.2
147870,Brute Force -Web,5,0.1111111111111111,-0.33333333333333337,-0.2222222222222222,0.33830726235789527,0.2833832833832834,0.1424800371175307,0.0,0.25
147870,Brute Force -Web,10,0.17647058823529413,-0.4093137254901961,-0.2941176470588235,0.33830726235789527,0.2833832833832834,0.16723918899972878,0.0,0.6666666666666666
147870,Brute Force -Web,20,0.2903225806451613,-0.33830645161290324,-0.2688172043010753,0.33830726235789527,0.2833832833832834,0.22462233034500975,0.0,1.0
148625,SSH-Bruteforce,3,0.2,-0.49999999999999994,-0.39999999999999997,0.23580217251103325,0.15950715950715952,0.2656826568265683,1.0,0.5
148625,SSH-Bruteforce,5,0.1111111111111111,-0.31666666666666665,-0.2222222222222222,0.23580217251103325,0.15950715950715952,0.2523674635540035,1.0,0.42857142857142855
148625,SSH-Bruteforce,10,0.1111111111111111,-0.38493292053663575,-0.2679738562091504,0.23580217251103325,0.15950715950715952,0.24203758720290527,1.0,0.8181818181818182
148625,SSH-Bruteforce,20,0.25,-0.2412023460410557,-0.16935483870967744,0.23580217251103325,0.15950715950715952,0.26798800261827366,0.75,1.0
148650,DoS attacks-Slowloris,3,0.2,0.09999999999999999,0.0,-0.02525322778487335,-0.010323010323010322,0.6346863468634687,1.0,0.2
148650,DoS attacks-Slowloris,5,0.1111111111111111,-0.2333333333333333,-0.2222222222222222,-0.02525322778487335,-0.010323010323010322,0.4965617445239432,1.0,0.6666666666666666
148650,DoS attacks-Slowloris,10,0.1111111111111111,-0.4654282765737873,-0.34640522875817,-0.02525322778487335,-0.010323010323010322,0.3747359036497853,1.0,0.8181818181818182
148650,DoS attacks-Slowloris,20,0.14285714285714285,-0.49551820728291324,-0.3546218487394958,-0.02525322778487335,-0.010323010323010322,0.32403745366932013,0.8,1.0
149080,Brute Force -Web,3,0.0,-0.8857142857142858,-0.7333333333333333,0.0661743319971168,0.04495504495504496,0.0,,0.0
149080,Brute Force -Web,5,0.0,-0.6363636363636362,-0.37777777777777777,0.0661743319971168,0.04495504495504496,0.0,,0.1111111111111111
149080,Brute Force -Web,10,0.05263157894736842,-0.6964912280701754,-0.47368421052631576,0.0661743319971168,0.04495504495504496,0.013291704778403425,0.0,0.8181818181818182
149080,Brute Force -Web,20,0.14285714285714285,-0.6064425770308124,-0.42857142857142855,0.0661743319971168,0.04495504495504496,0.06525561124765156,0.2,1.0
149794,Brute Force -Web,3,0.2,-0.6,-0.39999999999999997,0.34096283463372073,0.2840492840492841,0.09963099630996312,0.0,0.2
149794,Brute Force -Web,5,0.1111111111111111,-0.33333333333333337,-0.2222222222222222,0.34096283463372073,0.2840492840492841,0.1424800371175307,0.0,0.25
149794,Brute Force -Web,10,0.17647058823529413,-0.4093137254901961,-0.2941176470588235,0.34096283463372073,0.2840492840492841,0.16723918899972878,0.0,0.6666666666666666
149794,Brute Force -Web,20,0.2903225806451613,-0.33911290322580645,-0.2731182795698925,0.34096283463372073,0.2840492840492841,0.22462233034500975,0.0,1.0
151941,SSH-Bruteforce,3,0.2,-0.49999999999999994,-0.39999999999999997,0.05959862921888238,0.042291042291042295,0.2656826568265683,1.0,0.2
151941,SSH-Bruteforce,5,0.1111111111111111,-0.2833333333333333,-0.16666666666666666,0.05959862921888238,0.042291042291042295,0.2523674635540035,1.0,0.42857142857142855
151941,SSH-Bruteforce,10,0.1111111111111111,-0.3931888544891641,-0.25490196078431376,0.05959862921888238,0.042291042291042295,0.23038126449975396,1.0,0.8181818181818182
151941,SSH-Bruteforce,20,0.17647058823529413,-0.37203972498090143,-0.2798573975044564,0.05959862921888238,0.042291042291042295,0.24378918161459517,0.8333333333333334,1.0
152234,FTP-BruteForce,3,0.5,-0.19999999999999998,0.0,0.4283943904197068,0.3093573093573094,0.3653136531365314,1.0,0.5
152234,FTP-BruteForce,5,0.25,0.11904761904761905,0.14285714285714285,0.4283943904197068,0.3093573093573094,0.3948475006715343,1.0,0.42857142857142855
152234,FTP-BruteForce,10,0.25,-0.10294117647058824,-0.09999999999999999,0.4283943904197068,0.3093573093573094,0.38680571729549906,0.75,0.8181818181818182
152234,FTP-BruteForce,20,0.48148148148148145,0.04029304029304029,0.03133903133903134,0.4283943904197068,0.3093573093573094,0.423736134961159,0.38461538461538464,1.0
155760,DoS attacks-Hulk,3,0.5,0.7999999999999999,0.6666666666666669,0.20350535540408954,0.12554112554112556,0.900369003690037,1.0,0.5
155760,DoS attacks-Hulk,5,0.25,0.3571428571428572,0.3571428571428571,0.20350535540408954,0.12554112554112556,0.7489292080779467,1.0,0.6666666666666666
155760,DoS attacks-Hulk,10,0.1111111111111111,-0.1867905056759546,-0.11111111111111112,0.20350535540408954,0.12554112554112556,0.5693544044640008,1.0,0.8181818181818182
155760,DoS attacks-Hulk,20,0.17647058823529413,-0.2953399541634836,-0.19429590017825316,0.20350535540408954,0.12554112554112556,0.4845857720043442,0.6666666666666666,1.0
155941,SQL Injection,3,0.2,-0.3,-0.19999999999999998,0.2780384172789236,0.18081918081918083,0.2656826568265683,1.0,0.2
155941,SQL Injection,5,0.1111111111111111,-0.3,-0.16666666666666666,0.2780384172789236,0.18081918081918083,0.2523674635540035,1.0,0.25
155941,SQL Injection,10,0.1111111111111111,-0.4489164086687306,-0.34640522875817,0.2780384172789236,0.18081918081918083,0.23038126449975396,1.0,0.6666666666666666
155941,SQL Injection,20,0.25,-0.24303519061583576,-0.13306451612903228,0.2780384172789236,0.18081918081918083,0.2549837874146139,0.75,1.0
156019,DoS attacks-SlowHTTPTest,3,0.2,0.09999999999999999,0.0,0.23233728297019432,0.15151515151515152,0.6346863468634687,1.0,0.2
156019,DoS attacks-SlowHTTPTest,5,0.1111111111111111,-0.18333333333333335,-0.16666666666666666,0.23233728297019432,0.15151515151515152,0.4965617445239432,1.0,0.25
156019,DoS attacks-SlowHTTPTest,10,0.1111111111111111,-0.413828689370485,-0.281045751633987,0.23233728297019432,0.15151515151515152,0.3673924203468,1.0,0.8181818181818182
156019,DoS attacks-SlowHTTPTest,20,0.3333333333333333,-0.32013348164627364,-0.22758620689655176,0.23233728297019432,0.15151515151515152,0.37036447820561463,0.4,1.0
156210,DDOS attack-LOIC-UDP,3,0.0,-0.7142857142857143,-0.4666666666666666,0.7840134548995308,0.666999666999667,0.0,,0.0
156210,DDOS attack-LOIC-UDP,5,0.1111111111111111,-0.6666666666666667,-0.5,0.7840134548995308,0.666999666999667,0.076547581255647,0.0,0.25
156210,DDOS attack-LOIC-UDP,10,0.05263157894736842,-0.5929824561403508,-0.4502923976608187,0.7840134548995308,0.666999666999667,0.09736573043190963,0.0,0.8181818181818182
156210,DDOS attack-LOIC-UDP,20,0.2903225806451613,-0.5012096774193548,-0.32473118279569896,0.7840134548995308,0.666999666999667,0.12321066847373804,0.0,1.0
157284,Brute Force -XSS,3,0.0,-0.7714285714285715,-0.6,0.5122346008421957,0.39926739926739924,0.0,,0.2
157284,Brute Force -XSS,5,0.25,-0.6190476190476191,-0.42857142857142855,0.5122346008421957,0.39926739926739924,0.10859075480452249,0.0,0.42857142857142855
157284,Brute Force -XSS,10,0.17647058823529413,-0.3823529411764707,-0.2647058823529411,0.5122346008421957,0.39926739926739924,0.17269811206418287,0.0,0.6666666666666666
157284,Brute Force -XSS,20,0.25,-0.3647360703812316,-0.2903225806451613,0.5122346008421957,0.39926739926739924,0.2201982891420939,0.0,1.0
158232,SSH-Bruteforce,3,0.2,-0.49999999999999994,-0.39999999999999997,0.1936165100722063,0.13686313686313686,0.2656826568265683,1.0,0.5
158232,SSH-Bruteforce,5,0.1111111111111111,-0.39999999999999997,-0.3333333333333333,0.1936165100722063,0.13686313686313686,0.2523674635540035,1.0,0.6666666666666666
158232,SSH-Bruteforce,10,0.17647058823529413,-0.36274509803921573,-0.24999999999999997,0.1936165100722063,0.13686313686313686,0.26309585662685286,1.0,0.8181818181818182
158232,SSH-Bruteforce,20,0.21212121212121213,-0.3044786096256685,-0.2121212121212121,0.1936165100722063,0.13686313686313686,0.2787729330796877,1.0,1.0
158617,FTP-BruteForce,3,0.2,0.19999999999999998,0.19999999999999998,0.28613158992905824,0.19080919080919082,0.6346863468634687,1.0,0.5
158617,FTP-BruteForce,5,0.1111111111111111,-0.11666666666666665,0.0,0.28613158992905824,0.19080919080919082,0.4965617445239432,1.0,0.25
158617,FTP-BruteForce,10,0.3333333333333333,-0.1714285714285714,-0.028571428571428574,0.28613158992905824,0.19080919080919082,0.4256262429394736,1.0,0.8181818181818182
158617,FTP-BruteForce,20,0.3793103448275862,-0.08620689655172412,-0.0689655172413793,0.28613158992905824,0.19080919080919082,0.43402014854905735,0.5454545454545454,1.0
158743,Benign,3,0.5,-0.39999999999999997,-0.3333333333333334,0.3544936076581646,0.2400932400932401,0.3653136531365314,1.0,0.5
158743,Benign,5,0.25,0.07142857142857144,0.0,0.3544936076581646,0.2400932400932401,0.3948475006715343,1.0,0.25
158743,Benign,10,0.25,-0.08823529411764705,-0.09999999999999999,0.3544936076581646,0.2400932400932401,0.38680571729549906,1.0,0.8181818181818182
158743,Benign,20,0.21212121212121213,-0.19953208556149735,-0.14772727272727273,0.3544936076581646,0.2400932400932401,0.37332858447680295,0.5714285714285714,1.0
158951,Benign,3,0.5,0.6000000000000001,0.3333333333333334,0.16220488372387107,0.1068931068931069,0.5313653136531366,1.0,0.5
158951,Benign,5,0.25,0.2142857142857143,0.0,0.16220488372387107,0.1068931068931069,0.504734927108007,1.0,0.42857142857142855
158951,Benign,10,0.17647058823529413,-0.08578431372549021,-0.08823529411764705,0.16220488372387107,0.1068931068931069,0.4382914700923728,0.6666666666666666,1.0
158951,Benign,20,0.25,-0.29838709677419356,-0.2056451612903226,0.16220488372387107,0.1068931068931069,0.38974314078978733,0.75,1.0
161019,DDOS attack-HOIC,3,0.2,-0.3,-0.19999999999999998,0.19614562652537335,0.1262071262071262,0.2656826568265683,1.0,0.2
161019,DDOS attack-HOIC,5,0.1111111111111111,-0.31666666666666665,-0.2777777777777778,0.19614562652537335,0.1262071262071262,0.2523674635540035,1.0,0.42857142857142855
161019,DDOS attack-HOIC,10,0.05263157894736842,-0.5017543859649122,-0.3684210526315789,0.19614562652537335,0.1262071262071262,0.20791020559261889,1.0,0.6666666666666666
161019,DDOS attack-HOIC,20,0.17647058823529413,-0.60244461420932,-0.4367201426024956,0.19614562652537335,0.1262071262071262,0.1870017396059951,0.3333333333333333,1.0
161881,DoS attacks-SlowHTTPTest,3,0.5,0.39999999999999997,0.3333333333333334,0.35279909963454265,0.24275724275724278,0.7343173431734318,1.0,0.5
161881,DoS attacks-SlowHTTPTest,5,0.25,0.261904761904762,0.2857142857142857,0.35279909963454265,0.24275724275724278,0.6390417816414738,1.0,0.25
161881,DoS attacks-SlowHTTPTest,10,0.3333333333333333,-0.11785714285714284,-0.06666666666666668,0.35279909963454265,0.24275724275724278,0.5419750926495139,1.0,0.8181818181818182
161881,DoS attacks-SlowHTTPTest,20,0.2903225806451613,-0.08629032258064517,-0.07526881720430108,0.35279909963454265,0.24275724275724278,0.5278483842320727,0.6666666666666666,1.0
162056,DoS attacks-Slowloris,3,0.2,-0.09999999999999999,0.0,0.2400005058232906,0.1455211455211455,0.2656826568265683,1.0,0.2
162056,DoS attacks-Slowloris,5,0.25,-0.14285714285714288,-0.07142857142857142,0.2400005058232906,0.1455211455211455,0.32891504480965056,1.0,0.6666666666666666
162056,DoS attacks-Slowloris,10,0.17647058823529413,-0.3088235294117647,-0.24999999999999997,0.2400005058232906,0.1455211455211455,0.318567640802932,0.6666666666666666,0.8181818181818182
162056,DoS attacks-Slowloris,20,0.25,-0.2635630498533724,-0.2016129032258065,0.2400005058232906,0.1455211455211455,0.3254552863370204,0.625,1.0
163400,DDOS attack-HOIC,3,0.2,0.0,-0.19999999999999998,0.05919397058637565,0.045621045621045624,0.6346863468634687,1.0,0.2
163400,DDOS attack-HOIC,5,0.1111111111111111,-0.25,-0.2777777777777778,0.05919397058637565,0.045621045621045624,0.4965617445239432,1.0,0.6666666666666666
163400,DDOS attack-HOIC,10,0.1111111111111111,-0.543859649122807,-0.47712418300653603,0.05919397058637565,0.045621045621045624,0.3747359036497853,1.0,0.8181818181818182
163400,DDOS attack-HOIC,20,0.14285714285714285,-0.5044817927170869,-0.3445378151260504,0.05919397058637565,0.045621045621045624,0.3217356394946006,0.4,1.0
163756,DoS attacks-SlowHTTPTest,3,0.5,0.19999999999999998,0.0,0.44890552485489194,0.31135531135531136,0.7343173431734318,1.0,0.5
163756,DoS attacks-SlowHTTPTest,5,0.25,0.14285714285714288,0.14285714285714285,0.44890552485489194,0.31135531135531136,0.6390417816414738,1.0,0.25
163756,DoS attacks-SlowHTTPTest,10,0.25,-0.06176470588235294,0.016666666666666666,0.44890552485489194,0.31135531135531136,0.5286833878711106,1.0,0.8181818181818182
163756,DoS attacks-SlowHTTPTest,20,0.3793103448275862,-0.1364532019704433,-0.10837438423645318,0.44890552485489194,0.31135531135531136,0.5020523642306174,0.45454545454545453,1.0
163861,DoS attacks-GoldenEye,3,0.5,0.0,0.0,0.33759910975100843,0.24142524142524144,0.3653136531365314,1.0,0.5
163861,DoS attacks-GoldenEye,5,0.42857142857142855,0.3571428571428572,0.23809523809523814,0.33759910975100843,0.24142524142524144,0.47139508192718127,1.0,0.42857142857142855
163861,DoS attacks-GoldenEye,10,0.25,0.14411764705882352,0.0,0.33759910975100843,0.24142524142524144,0.4933332742005201,1.0,0.8181818181818182
163861,DoS attacks-GoldenEye,20,0.2903225806451613,-0.06854838709677422,-0.0881720430107527,0.33759910975100843,0.24142524142524144,0.4761826748068546,0.7777777777777778,1.0
164018,DoS attacks-Hulk,3,0.2,0.09999999999999999,0.0,0.10669077757685352,0.0695970695970696,0.6346863468634687,1.0,0.5
164018,DoS attacks-Hulk,5,0.1111111111111111,-0.21666666666666667,-0.16666666666666666,0.10669077757685352,0.0695970695970696,0.4965617445239432,1.0,0.42857142857142855
164018,DoS attacks-Hulk,10,0.1111111111111111,-0.4984520123839009,-0.39869281045751637,0.10669077757685352,0.0695970695970696,0.39557158048166824,1.0,0.6666666666666666
164018,DoS attacks-Hulk,20,0.2903225806451613,-0.3548387096774194,-0.24301075268817204,0.10669077757685352,0.0695970695970696,0.3816547623616951,0.5555555555555556,1.0
164709,DoS attacks-Hulk,3,0.2,0.0,-0.19999999999999998,0.16230604838199775,0.10822510822510822,0.6346863468634687,1.0,0.5
164709,DoS attacks-Hulk,5,0.1111111111111111,-0.26666666666666666,-0.2222222222222222,0.16230604838199775,0.10822510822510822,0.4965617445239432,1.0,0.42857142857142855
164709,DoS attacks-Hulk,10,0.1111111111111111,-0.3519091847265222,-0.22875816993464054,0.16230604838199775,0.10822510822510822,0.39557158048166824,1.0,0.6666666666666666
164709,DoS attacks-Hulk,20,0.21212121212121213,-0.27774064171123,-0.20075757575757577,0.16230604838199775,0.10822510822510822,0.3889901670167533,0.5714285714285714,1.0
165405,DDOS attack-LOIC-UDP,3,0.0,-0.7142857142857143,-0.4666666666666666,0.788616446844295,0.6723276723276723,0.0,,0.2
165405,DDOS attack-LOIC-UDP,5,0.25,-0.6666666666666669,-0.4999999999999999,0.788616446844295,0.6723276723276723,0.10859075480452249,0.0,0.25
165405,DDOS attack-LOIC-UDP,10,0.1111111111111111,-0.45717234262125905,-0.3856209150326798,0.788616446844295,0.6723276723276723,0.16674989058876474,0.0,0.8181818181818182
165405,DDOS attack-LOIC-UDP,20,0.2903225806451613,-0.44193548387096776,-0.2903225806451613,0.788616446844295,0.6723276723276723,0.17721047799620498,0.0,1.0
165500,DoS attacks-SlowHTTPTest,3,0.5,0.39999999999999997,0.3333333333333334,0.40985596681799213,0.2827172827172827,0.7343173431734318,1.0,0.5
165500,DoS attacks-SlowHTTPTest,5,0.25,0.2380952380952381,0.21428571428571427,0.40985596681799213,0.2827172827172827,0.6390417816414738,1.0,0.25
165500,DoS attacks-SlowHTTPTest,10,0.17647058823529413,-0.1936274509803922,-0.1764705882352941,0.40985596681799213,0.2827172827172827,0.5227351663956924,1.0,0.8181818181818182
165500,DoS attacks-SlowHTTPTest,20,0.3333333333333333,-0.22269187986651834,-0.1632183908045977,0.40985596681799213,0.2827172827172827,0.4919419761641505,0.5,1.0
165540,SSH-Bruteforce,3,0.2,-0.49999999999999994,-0.39999999999999997,0.22816424082246867,0.16283716283716282,0.2656826568265683,1.0,0.5
165540,SSH-Bruteforce,5,0.1111111111111111,-0.2833333333333333,-0.16666666666666666,0.22816424082246867,0.16283716283716282,0.2523674635540035,1.0,0.6666666666666666
165540,SSH-Bruteforce,10,0.1111111111111111,-0.3415892672858617,-0.22875816993464054,0.22816424082246867,0.16283716283716282,0.25714763515143474,1.0,0.6666666666666666
165540,SSH-Bruteforce,20,0.21212121212121213,-0.23429144385026737,-0.1553030303030303,0.22816424082246867,0.16283716283716282,0.28110008543423926,0.7142857142857143,1.0
166311,SQL Injection,3,0.0,-0.7714285714285715,-0.6,0.22211965249939933,0.14885114885114886,0.0,,0.0
166311,SQL Injection,5,0.0,-0.6363636363636362,-0.37777777777777777,0.22211965249939933,0.14885114885114886,0.0,,0.42857142857142855
166311,SQL Injection,10,0.1111111111111111,-0.6202270381836945,-0.46405228758169936,0.22211965249939933,0.14885114885114886,0.06252913433721924,1.0,0.6666666666666666
166311,SQL Injection,20,0.14285714285714285,-0.49243697478991594,-0.3411764705882353,0.22211965249939933,0.14885114885114886,0.10206425627171016,0.6,1.0
166844,DDoS attacks-LOIC-HTTP,3,0.0,-0.6,-0.3333333333333333,0.19467873898253643,0.12753912753912755,0.0,,0.2
166844,DDoS attacks-LOIC-HTTP,5,0.0,-0.5393939393939393,-0.19999999999999998,0.19467873898253643,0.12753912753912755,0.0,,0.25
166844,DDoS attacks-LOIC-HTTP,10,0.05263157894736842,-0.7,-0.4502923976608187,0.19467873898253643,0.12753912753912755,0.005948221475418107,0.0,0.8181818181818182
166844,DDoS attacks-LOIC-HTTP,20,0.1111111111111111,-0.6669240669240669,-0.4666666666666667,0.19467873898253643,0.12753912753912755,0.03286250755479558,0.5,1.0
167443,FTP-BruteForce,3,0.2,0.09999999999999999,0.0,0.24159384918878588,0.1635031635031635,0.6346863468634687,1.0,0.5
167443,FTP-BruteForce,5,0.1111111111111111,-0.18333333333333335,-0.16666666666666666,0.24159384918878588,0.1635031635031635,0.4965617445239432,1.0,0.25
167443,FTP-BruteForce,10,0.17647058823529413,-0.3921568627450981,-0.30882352941176466,0.24159384918878588,0.1635031635031635,0.39720696255692034,0.6666666666666666,0.8181818181818182
167443,FTP-BruteForce,20,0.25,-0.22947214076246328,-0.1532258064516129,0.24159384918878588,0.1635031635031635,0.3974482496940368,0.375,1.0
167488,Benign,3,0.5,-0.39999999999999997,-0.3333333333333334,0.42207159928678917,0.2887112887112887,0.3653136531365314,1.0,1.0
167488,Benign,5,0.25,-0.07142857142857144,-0.14285714285714285,0.42207159928678917,0.2887112887112887,0.3948475006715343,1.0,0.42857142857142855
167488,Benign,10,0.17647058823529413,-0.2058823529411765,-0.14705882352941174,0.42207159928678917,0.2887112887112887,0.3692011731169296,1.0,1.0
167488,Benign,20,0.2903225806451613,-0.17298387096774195,-0.09677419354838711,0.42207159928678917,0.2887112887112887,0.3593219049818467,0.8888888888888888,1.0
167637,DoS attacks-Hulk,3,0.2,0.09999999999999999,0.0,0.19088506430278582,0.12420912420912421,0.6346863468634687,1.0,0.5
167637,DoS attacks-Hulk,5,0.25,-0.07142857142857144,-0.07142857142857142,0.19088506430278582,0.12420912420912421,0.5731093257795903,0.5,0.42857142857142855
167637,DoS attacks-Hulk,10,0.17647058823529413,-0.32843137254901966,-0.2794117647058823,0.19088506430278582,0.12420912420912421,0.47210163408169487,0.3333333333333333,0.8181818181818182
167637,DoS attacks-Hulk,20,0.25,-0.23973607038123165,-0.18548387096774197,0.19088506430278582,0.12420912420912421,0.4411265303216241,0.625,1.0
168257,DDoS attacks-LOIC-HTTP,3,0.0,-0.8285714285714287,-0.7333333333333333,0.18494164063784316,0.1208791208791209,0.0,,0.2
168257,DDoS attacks-LOIC-HTTP,5,0.0,-0.6969696969696969,-0.4666666666666666,0.18494164063784316,0.1208791208791209,0.0,,0.25
168257,DDoS attacks-LOIC-HTTP,10,0.05263157894736842,-0.7526315789473684,-0.5321637426900584,0.18494164063784316,0.1208791208791209,0.005948221475418107,0.0,0.8181818181818182
168257,DDoS attacks-LOIC-HTTP,20,0.1111111111111111,-0.6164736164736165,-0.40634920634920635,0.18494164063784316,0.1208791208791209,0.0508795447361444,0.75,1.0
168789,DoS attacks-GoldenEye,3,0.2,0.09999999999999999,0.0,0.1837529559048546,0.12287712287712288,0.6346863468634687,1.0,0.2
168789,DoS attacks-GoldenEye,5,0.1111111111111111,-0.2333333333333333,-0.2222222222222222,0.1837529559048546,0.12287712287712288,0.4965617445239432,1.0,0.6666666666666666
168789,DoS attacks-GoldenEye,10,0.17647058823529413,-0.34803921568627455,-0.24999999999999997,0.1837529559048546,0.12287712287712288,0.39720696255692034,0.6666666666666666,0.8181818181818182
168789,DoS attacks-GoldenEye,20,0.2903225806451613,-0.25685483870967746,-0.18709677419354842,0.1837529559048546,0.12287712287712288,0.38784040187852675,0.4444444444444444,1.0
169468,FTP-BruteForce,3,0.2,0.19999999999999998,0.19999999999999998,0.24763843751185524,0.17415917415917415,0.6346863468634687,1.0,0.2
169468,FTP-BruteForce,5,0.1111111111111111,-0.15,-0.05555555555555555,0.24763843751185524,0.17415917415917415,0.4965617445239432,1.0,0.25
169468,FTP-BruteForce,10,0.1111111111111111,-0.391124871001032,-0.22875816993464054,0.24763843751185524,0.17415917415917415,0.3747359036497853,1.0,0.8181818181818182
169468,FTP-BruteForce,20,0.14285714285714285,-0.3831932773109244,-0.2672268907563025,0.24763843751185524,0.17415917415917415,0.3483949048696487,0.8,1.0
169550,DoS attacks-SlowHTTPTest,3,0.5,0.0,0.0,0.2691106361992438,0.1914751914751915,0.3653136531365314,1.0,0.5
169550,DoS attacks-SlowHTTPTest,5,0.25,0.1666666666666667,0.07142857142857142,0.2691106361992438,0.1914751914751915,0.3948475006715343,1.0,0.25
169550,DoS attacks-SlowHTTPTest,10,0.3333333333333333,-0.125,-0.12380952380952381,0.2691106361992438,0.1914751914751915,0.3810976160677659,1.0,0.8181818181818182
169550,DoS attacks-SlowHTTPTest,20,0.2903225806451613,-0.14395161290322583,-0.10967741935483873,0.2691106361992438,0.1914751914751915,0.39774670522749733,0.6666666666666666,1.0
169732,SSH-Bruteforce,3,0.2,-0.49999999999999994,-0.39999999999999997,0.14070739387195083,0.08824508824508825,0.2656826568265683,1.0,0.5
169732,SSH-Bruteforce,5,0.1111111111111111,-0.2833333333333333,-0.16666666666666666,0.14070739387195083,0.08824508824508825,0.2523674635540035,1.0,0.25
169732,SSH-Bruteforce,10,0.1111111111111111,-0.32301341589267285,-0.21568627450980396,0.14070739387195083,0.08824508824508825,0.25714763515143474,1.0,0.8181818181818182
169732,SSH-Bruteforce,20,0.25,-0.249633431085044,-0.14919354838709678,0.14070739387195083,0.08824508824508825,0.26803753273799324,0.75,1.0
169831,DoS attacks-Hulk,3,0.2,0.0,-0.19999999999999998,0.10545151051480166,0.07559107559107558,0.6346863468634687,1.0,0.2
169831,DoS attacks-Hulk,5,0.1111111111111111,-0.3,-0.3333333333333333,0.10545151051480166,0.07559107559107558,0.4965617445239432,1.0,0.25
169831,DoS attacks-Hulk,10,0.1111111111111111,-0.4282765737874097,-0.30718954248366015,0.10545151051480166,0.07559107559107558,0.3747359036497853,1.0,0.8181818181818182
169831,DoS attacks-Hulk,20,0.21212121212121213,-0.3465909090909091,-0.23863636363636362,0.10545151051480166,0.07559107559107558,0.3506424782367969,0.7142857142857143,1.0
170336,DoS attacks-Slowloris,3,0.0,-0.6,-0.3333333333333333,0.4144336675982246,0.2840492840492841,0.0,,0.2
170336,DoS attacks-Slowloris,5,0.1111111111111111,-0.5,-0.3333333333333333,0.4144336675982246,0.2840492840492841,0.076547581255647,1.0,0.42857142857142855
170336,DoS attacks-Slowloris,10,0.25,-0.33529411764705885,-0.2833333333333333,0.4144336675982246,0.2840492840492841,0.19402224637941523,0.75,0.8181818181818182
170336,DoS attacks-Slowloris,20,0.2903225806451613,-0.13629032258064516,-0.07096774193548387,0.4144336675982246,0.2840492840492841,0.24403060405603116,0.5555555555555556,1.0
170901,DoS attacks-SlowHTTPTest,3,0.2,0.09999999999999999,0.0,0.3412410374435691,0.23809523809523808,0.6346863468634687,1.0,0.2
170901,DoS attacks-SlowHTTPTest,5,0.1111111111111111,-0.11666666666666665,0.0,0.3412410374435691,0.23809523809523808,0.4965617445239432,1.0,0.25
170901,DoS attacks-SlowHTTPTest,10,0.05263157894736842,-0.4122807017543859,-0.25146198830409355,0.3412410374435691,0.23809523809523808,0.3614441988713819,1.0,0.8181818181818182
170901,DoS attacks-SlowHTTPTest,20,0.42857142857142855,-0.3278598795840175,-0.20105820105820105,0.3412410374435691,0.23809523809523808,0.3612938751924505,0.3333333333333333,1.0
171147,DDoS attacks-LOIC-HTTP,3,0.2,-0.7,-0.6,0.08392872949834974,0.05827505827505828,0.09963099630996312,1.0,0.5
171147,DDoS attacks-LOIC-HTTP,5,0.1111111111111111,-0.6333333333333333,-0.5555555555555556,0.08392872949834974,0.05827505827505828,0.1424800371175307,1.0,0.42857142857142855
171147,DDoS attacks-LOIC-HTTP,10,0.1111111111111111,-0.5046439628482973,-0.39869281045751637,0.08392872949834974,0.05827505827505828,0.18805733817599143,0.5,0.6666666666666666
171147,DDoS attacks-LOIC-HTTP,20,0.14285714285714285,-0.5176470588235295,-0.3915966386554622,0.08392872949834974,0.05827505827505828,0.18881645647009393,0.4,1.0
171584,DDOS attack-LOIC-UDP,3,0.0,-0.7142857142857143,-0.4666666666666666,0.7899821697290051,0.6749916749916751,0.0,,0.0
171584,DDOS attack-LOIC-UDP,5,0.1111111111111111,-0.6833333333333333,-0.5555555555555556,0.7899821697290051,0.6749916749916751,0.076547581255647,0.0,0.25
171584,DDOS attack-LOIC-UDP,10,0.1111111111111111,-0.564499484004128,-0.4379084967320262,0.7899821697290051,0.6749916749916751,0.10331395190732774,0.0,0.8181818181818182
171584,DDOS attack-LOIC-UDP,20,0.2903225806451613,-0.4459677419354839,-0.2731182795698925,0.7899821697290051,0.6749916749916751,0.13017484904618382,0.0,1.0
171621,DDOS attack-LOIC-UDP,3,0.0,-0.7142857142857143,-0.4666666666666666,0.7926630331693622,0.6829836829836831,0.0,,0.0
171621,DDOS attack-LOIC-UDP,5,0.1111111111111111,-0.6666666666666667,-0.5,0.7926630331693622,0.6829836829836831,0.076547581255647,0.0,0.25
171621,DDOS attack-LOIC-UDP,10,0.1111111111111111,-0.5067079463364293,-0.3725490196078432,0.7926630331693622,0.6829836829836831,0.11983678933904471,0.0,0.8181818181818182
171621,DDOS attack-LOIC-UDP,20,0.2903225806451613,-0.4104838709677419,-0.22150537634408607,0.7926630331693622,0.6829836829836831,0.14242598092495234,0.0,1.0
171743,DDoS attacks-LOIC-HTTP,3,0.2,-0.3,-0.19999999999999998,0.17970636957978728,0.11621711621711622,0.2656826568265683,1.0,0.5
171743,DDoS attacks-LOIC-HTTP,5,0.1111111111111111,-0.45,-0.4444444444444444,0.17970636957978728,0.11621711621711622,0.2523674635540035,1.0,0.6666666666666666
171743,DDoS attacks-LOIC-HTTP,10,0.1111111111111111,-0.43446852425180604,-0.33333333333333337,0.17970636957978728,0.11621711621711622,0.23038126449975396,0.5,0.6666666666666666
171743,DDoS attacks-LOIC-HTTP,20,0.25,-0.5183284457478006,-0.38709677419354843,0.17970636957978728,0.11621711621711622,0.22787797135809784,0.375,1.0
172308,DoS attacks-Slowloris,3,0.2,0.09999999999999999,0.0,0.013290506961393037,0.022311022311022312,0.6346863468634687,1.0,0.2
172308,DoS attacks-Slowloris,5,0.25,-0.023809523809523815,-0.07142857142857142,0.013290506961393037,0.022311022311022312,0.5731093257795903,1.0,0.42857142857142855
172308,DoS attacks-Slowloris,10,0.1111111111111111,-0.19504643962848298,-0.08496732026143793,0.013290506961393037,0.022311022311022312,0.45880992930329145,1.0,0.6666666666666666
172308,DoS attacks-Slowloris,20,0.17647058823529413,-0.35737203972498083,-0.21568627450980396,0.013290506961393037,0.022311022311022312,0.3986400246990952,0.5,1.0
173817,FTP-BruteForce,3,0.2,0.19999999999999998,0.19999999999999998,0.2897229352925555,0.1968031968031968,0.6346863468634687,1.0,0.2
173817,FTP-BruteForce,5,0.1111111111111111,-0.16666666666666669,-0.1111111111111111,0.2897229352925555,0.1968031968031968,0.4965617445239432,1.0,0.25
173817,FTP-BruteForce,10,0.17647058823529413,-0.35539215686274517,-0.2647058823529411,0.2897229352925555,0.1968031968031968,0.39720696255692034,0.6666666666666666,0.8181818181818182
173817,FTP-BruteForce,20,0.25,-0.3548387096774193,-0.2540322580645162,0.2897229352925555,0.1968031968031968,0.37770136688627315,0.375,1.0
174953,DoS attacks-SlowHTTPTest,3,0.2,0.09999999999999999,0.0,0.20588272487006662,0.1455211455211455,0.6346863468634687,1.0,0.2
174953,DoS attacks-SlowHTTPTest,5,0.1111111111111111,-0.19999999999999998,-0.16666666666666666,0.20588272487006662,0.1455211455211455,0.4965617445239432,1.0,0.25
174953,DoS attacks-SlowHTTPTest,10,0.1111111111111111,-0.3973168214654283,-0.2679738562091504,0.20588272487006662,0.1455211455211455,0.3673924203468,1.0,0.8181818181818182
174953,DoS attacks-SlowHTTPTest,20,0.2903225806451613,-0.305241935483871,-0.21720430107526886,0.20588272487006662,0.1455211455211455,0.363737881717285,0.5555555555555556,1.0
175955,DDOS attack-HOIC,3,0.2,-0.09999999999999999,0.0,0.21223080716751602,0.14285714285714288,0.2656826568265683,1.0,0.2
175955,DDOS attack-HOIC,5,0.1111111111111111,-0.43333333333333335,-0.3888888888888889,0.21223080716751602,0.14285714285714288,0.2523674635540035,1.0,0.6666666666666666
175955,DDOS attack-HOIC,10,0.05263157894736842,-0.5456140350877193,-0.391812865497076,0.21223080716751602,0.14285714285714288,0.20791020559261889,1.0,0.8181818181818182
175955,DDOS attack-HOIC,20,0.21212121212121213,-0.598596256684492,-0.4242424242424242,0.21223080716751602,0.14285714285714288,0.1933297942542927,0.2857142857142857,1.0
176759,DoS attacks-Slowloris,3,0.0,-0.8285714285714287,-0.7333333333333333,0.27502876869965476,0.1754911754911755,0.0,,0.5
176759,DoS attacks-Slowloris,5,0.25,-0.6904761904761906,-0.5714285714285714,0.27502876869965476,0.1754911754911755,0.10859075480452249,1.0,0.6666666666666666
176759,DoS attacks-Slowloris,10,0.1111111111111111,-0.40350877192982454,-0.281045751633987,0.27502876869965476,0.1754911754911755,0.16674989058876474,1.0,0.8181818181818182
176759,DoS attacks-Slowloris,20,0.42857142857142855,-0.04597701149425287,-0.021164021164021163,0.27502876869965476,0.1754911754911755,0.24546151682586248,0.75,1.0
178197,DDOS attack-LOIC-UDP,3,0.0,-0.7142857142857143,-0.4666666666666666,0.7873518886177113,0.6723276723276723,0.0,,0.0
178197,DDOS attack-LOIC-UDP,5,0.1111111111111111,-0.6833333333333333,-0.5555555555555556,0.7873518886177113,0.6723276723276723,0.076547581255647,0.0,0.25
178197,DDOS attack-LOIC-UDP,10,0.05263157894736842,-0.5631578947368421,-0.40350877192982454,0.7873518886177113,0.6723276723276723,0.09736573043190963,0.0,0.8181818181818182
178197,DDOS attack-LOIC-UDP,20,0.2903225806451613,-0.472983870967742,-0.2903225806451613,0.7873518886177113,0.6723276723276723,0.12681918368166623,0.0,1.0
179253,FTP-BruteForce,3,0.2,0.19999999999999998,0.19999999999999998,0.17062684151291743,0.11421911421911421,0.6346863468634687,1.0,0.5
179253,FTP-BruteForce,5,0.1111111111111111,-0.13333333333333333,-0.05555555555555555,0.17062684151291743,0.11421911421911421,0.4965617445239432,1.0,0.25
179253,FTP-BruteForce,10,0.1111111111111111,-0.38906088751289986,-0.25490196078431376,0.17062684151291743,0.11421911421911421,0.383915257778517,1.0,0.6666666666666666
179253,FTP-BruteForce,20,0.25,-0.3203812316715542,-0.2338709677419355,0.17062684151291743,0.11421911421911421,0.37895234090810703,0.625,1.0
180812,DDOS attack-LOIC-UDP,3,0.0,-0.7142857142857143,-0.4666666666666666,0.7881106235536615,0.6756576756576756,0.0,,0.0
180812,DDOS attack-LOIC-UDP,5,0.1111111111111111,-0.65,-0.5,0.7881106235536615,0.6756576756576756,0.076547581255647,0.0,0.25
180812,DDOS attack-LOIC-UDP,10,0.1111111111111111,-0.5190918472652218,-0.3856209150326798,0.7881106235536615,0.6756576756576756,0.11983678933904471,0.0,0.8181818181818182
180812,DDOS attack-LOIC-UDP,20,0.2903225806451613,-0.4471774193548388,-0.2688172043010753,0.7881106235536615,0.6756576756576756,0.14242598092495234,0.0,1.0
181269,Infilteration,3,0.0,-0.942857142857143,-0.8666666666666666,0.24935823670000884,0.17016317016317017,0.0,,0.2
181269,Infilteration,5,0.25,-0.6190476190476191,-0.4999999999999999,0.24935823670000884,0.17016317016317017,0.10859075480452249,1.0,0.42857142857142855
181269,Infilteration,10,0.17647058823529413,-0.35539215686274517,-0.30882352941176466,0.24935823670000884,0.17016317016317017,0.20087727219905108,0.6666666666666666,0.8181818181818182
181269,Infilteration,20,0.17647058823529413,-0.22414056531703588,-0.16577540106951874,0.24935823670000884,0.17016317016317017,0.2484934274485599,0.5,1.0
181436,DoS attacks-SlowHTTPTest,3,0.5,0.0,0.0,0.25444176077087466,0.17482517482517482,0.3653136531365314,1.0,0.5
181436,DoS attacks-SlowHTTPTest,5,0.25,0.04761904761904763,-0.07142857142857142,0.25444176077087466,0.17482517482517482,0.3948475006715343,1.0,0.25
181436,DoS attacks-SlowHTTPTest,10,0.3333333333333333,-0.11428571428571425,-0.12380952380952381,0.25444176077087466,0.17482517482517482,0.38844109937075116,1.0,0.8181818181818182
181436,DoS attacks-SlowHTTPTest,20,0.3333333333333333,-0.040711902113459396,-0.02528735632183908,0.25444176077087466,0.17482517482517482,0.41970808786398384,0.6,1.0
181968,FTP-BruteForce,3,0.2,0.19999999999999998,0.19999999999999998,0.370983446932814,0.26073926073926074,0.6346863468634687,1.0,0.5
181968,FTP-BruteForce,5,0.1111111111111111,-0.13333333333333333,-0.05555555555555555,0.370983446932814,0.26073926073926074,0.4965617445239432,1.0,0.42857142857142855
181968,FTP-BruteForce,10,0.42857142857142855,-0.2087912087912088,-0.14285714285714285,0.370983446932814,0.26073926073926074,0.45834083506657236,0.8333333333333334,0.8181818181818182
181968,FTP-BruteForce,20,0.2903225806451613,-0.08830645161290324,-0.07096774193548387,0.370983446932814,0.26073926073926074,0.46343984554151024,0.5555555555555556,1.0
182006,DoS attacks-SlowHTTPTest,3,0.2,0.19999999999999998,0.19999999999999998,0.3215139291088658,0.2261072261072261,0.6346863468634687,1.0,0.2
182006,DoS attacks-SlowHTTPTest,5,0.25,-0.2142857142857143,-0.21428571428571427,0.3215139291088658,0.2261072261072261,0.5286049180728187,0.5,0.25
182006,DoS attacks-SlowHTTPTest,10,0.25,-0.25,-0.16666666666666669,0.3215139291088658,0.2261072261072261,0.45924763941079016,0.75,0.8181818181818182
182006,DoS attacks-SlowHTTPTest,20,0.25,-0.22104105571847504,-0.1532258064516129,0.3215139291088658,0.2261072261072261,0.4447668523054055,0.5,1.0
182417,Brute Force -Web,3,0.0,-0.7714285714285715,-0.6,0.049254542925428996,0.03163503163503164,0.0,,0.0
182417,Brute Force -Web,5,0.0,-0.7575757575757575,-0.5555555555555555,0.049254542925428996,0.03163503163503164,0.0,,0.1111111111111111
182417,Brute Force -Web,10,0.0,-0.7187969924812029,-0.4842105263157895,0.049254542925428996,0.03163503163503164,0.0,,0.8181818181818182
182417,Brute Force -Web,20,0.1111111111111111,-0.6818532818532819,-0.46031746031746035,0.049254542925428996,0.03163503163503164,0.01939333901607454,0.0,1.0
183491,Bot,3,0.5,-0.19999999999999998,0.0,0.1750022129768965,0.12221112221112222,0.3653136531365314,1.0,0.5
183491,Bot,5,0.25,-0.14285714285714288,-0.21428571428571427,0.1750022129768965,0.12221112221112222,0.3948475006715343,1.0,0.42857142857142855
183491,Bot,10,0.1111111111111111,-0.3746130030959752,-0.3725490196078432,0.1750022129768965,0.12221112221112222,0.34673011420979455,1.0,0.8181818181818182
183491,Bot,20,0.2903225806451613,-0.3733870967741936,-0.30752688172043013,0.1750022129768965,0.12221112221112222,0.33067791532157875,0.4444444444444444,1.0
183651,FTP-BruteForce,3,0.5,-0.19999999999999998,0.0,0.23458819661351304,0.15950715950715952,0.3653136531365314,1.0,0.5
183651,FTP-BruteForce,5,0.25,0.14285714285714288,0.21428571428571427,0.23458819661351304,0.15950715950715952,0.3948475006715343,1.0,0.42857142857142855
183651,FTP-BruteForce,10,0.3333333333333333,-0.04285714285714285,-0.009523809523809525,0.23458819661351304,0.15950715950715952,0.40009742207390253,0.8,0.8181818181818182
183651,FTP-BruteForce,20,0.3333333333333333,-0.014015572858731925,-0.0022988505747126436,0.23458819661351304,0.15950715950715952,0.42192251432380484,0.5,1.0
183932,Brute Force -XSS,3,0.0,-0.7714285714285715,-0.6,0.5187850124558985,0.4039294039294039,0.0,,0.2
183932,Brute Force -XSS,5,0.25,-0.6190476190476191,-0.42857142857142855,0.5187850124558985,0.4039294039294039,0.10859075480452249,0.0,0.42857142857142855
183932,Brute Force -XSS,10,0.17647058823529413,-0.3970588235294118,-0.2941176470588235,0.5187850124558985,0.4039294039294039,0.17269811206418287,0.0,0.6666666666666666
183932,Brute Force -XSS,20,0.2903225806451613,-0.35725806451612907,-0.28602150537634413,0.5187850124558985,0.4039294039294039,0.22096719614162463,0.0,1.0
185358,Bot,3,0.0,-0.8857142857142858,-0.7333333333333333,0.009901490914149142,0.007659007659007659,0.0,,0.2
185358,Bot,5,0.0,-0.8666666666666665,-0.6888888888888888,0.009901490914149142,0.007659007659007659,0.0,,0.25
185358,Bot,10,0.0,-0.7368421052631579,-0.5052631578947369,0.009901490914149142,0.007659007659007659,0.0,,0.6666666666666666
185358,Bot,20,0.17647058823529413,-0.6113063407181054,-0.41176470588235303,0.009901490914149142,0.007659007659007659,0.03811129562154189,0.6666666666666666,1.0
185409,DoS attacks-GoldenEye,3,0.2,0.09999999999999999,0.0,0.38916779423108533,0.2780552780552781,0.6346863468634687,1.0,0.2
185409,DoS attacks-GoldenEye,5,0.1111111111111111,-0.2333333333333333,-0.2222222222222222,0.38916779423108533,0.2780552780552781,0.4965617445239432,1.0,0.42857142857142855
185409,DoS attacks-GoldenEye,10,0.17647058823529413,-0.32352941176470595,-0.2205882352941176,0.38916779423108533,0.2780552780552781,0.423973333208601,1.0,0.8181818181818182
185409,DoS attacks-GoldenEye,20,0.2903225806451613,-0.1745967741935484,-0.13978494623655915,0.38916779423108533,0.2780552780552781,0.4220952933465884,0.8888888888888888,1.0
185839,SSH-Bruteforce,3,0.2,-0.49999999999999994,-0.39999999999999997,0.19313597794610451,0.1341991341991342,0.2656826568265683,1.0,0.5
185839,SSH-Bruteforce,5,0.1111111111111111,-0.3,-0.16666666666666666,0.19313597794610451,0.1341991341991342,0.2523674635540035,1.0,0.42857142857142855
185839,SSH-Bruteforce,10,0.1111111111111111,-0.3931888544891641,-0.281045751633987,0.19313597794610451,0.1341991341991342,0.24203758720290527,1.0,1.0
185839,SSH-Bruteforce,20,0.25,-0.2456011730205278,-0.16935483870967744,0.19313597794610451,0.1341991341991342,0.2734455272168359,0.875,1.0
186477,DoS attacks-Hulk,3,0.2,0.0,-0.19999999999999998,0.1999898835341873,0.13619713619713622,0.6346863468634687,1.0,0.5
186477,DoS attacks-Hulk,5,0.25,-0.11904761904761905,-0.14285714285714285,0.1999898835341873,0.13619713619713622,0.5731093257795903,0.5,0.6666666666666666
186477,DoS attacks-Hulk,10,0.1111111111111111,-0.31475748194014447,-0.24183006535947715,0.1999898835341873,0.13619713619713622,0.45880992930329145,0.5,0.8181818181818182
186477,DoS attacks-Hulk,20,0.3333333333333333,-0.3472747497219132,-0.2597701149425288,0.1999898835341873,0.13619713619713622,0.41987683607907683,0.6,1.0
186594,DoS attacks-Slowloris,3,0.0,-0.6571428571428573,-0.4666666666666666,0.29010230276053056,0.19347319347319347,0.0,,0.2
186594,DoS attacks-Slowloris,5,0.1111111111111111,-0.5333333333333333,-0.3888888888888889,0.29010230276053056,0.19347319347319347,0.076547581255647,1.0,0.42857142857142855
186594,DoS attacks-Slowloris,10,0.25,-0.3029411764705882,-0.26666666666666666,0.29010230276053056,0.19347319347319347,0.19402224637941523,0.75,0.8181818181818182
186594,DoS attacks-Slowloris,20,0.25,-0.2232404692082111,-0.1653225806451613,0.29010230276053056,0.19347319347319347,0.23310903780183803,0.625,1.0
186910,Infilteration,3,0.2,0.0,-0.19999999999999998,0.39776679017185346,0.2807192807192807,0.6346863468634687,1.0,0.2
186910,Infilteration,5,0.1111111111111111,-0.26666666666666666,-0.2777777777777778,0.39776679017185346,0.2807192807192807,0.4965617445239432,1.0,0.6666666666666666
186910,Infilteration,10,0.25,-0.36764705882352944,-0.31666666666666665,0.39776679017185346,0.2807192807192807,0.43910090881275077,0.75,0.6666666666666666
186910,Infilteration,20,0.3793103448275862,-0.032512315270935954,-0.019704433497536943,0.39776679017185346,0.2807192807192807,0.46303014607440685,0.7272727272727273,1.0
187551,DDOS attack-LOIC-UDP,3,0.0,-0.7142857142857143,-0.4666666666666666,0.7907914869940186,0.6803196803196804,0.0,,0.0
187551,DDOS attack-LOIC-UDP,5,0.1111111111111111,-0.6833333333333333,-0.5555555555555556,0.7907914869940186,0.6803196803196804,0.076547581255647,0.0,0.25
187551,DDOS attack-LOIC-UDP,10,0.1111111111111111,-0.4716202270381837,-0.3725490196078432,0.7907914869940186,0.6803196803196804,0.14660315999072546,0.0,0.8181818181818182
187551,DDOS attack-LOIC-UDP,20,0.2903225806451613,-0.4145161290322581,-0.23870967741935484,0.7907914869940186,0.6803196803196804,0.1622723504195934,0.0,1.0
187553,Bot,3,0.2,-0.49999999999999994,-0.39999999999999997,0.07452041629256818,0.05494505494505495,0.2656826568265683,1.0,0.2
187553,Bot,5,0.1111111111111111,-0.5,-0.4444444444444444,0.07452041629256818,0.05494505494505495,0.2523674635540035,1.0,0.6666666666666666
187553,Bot,10,0.17647058823529413,-0.4852941176470589,-0.3529411764705882,0.07452041629256818,0.05494505494505495,0.2553292919813087,0.6666666666666666,0.6666666666666666
187553,Bot,20,0.25,-0.45051319648093835,-0.35080645161290325,0.07452041629256818,0.05494505494505495,0.27916815002709716,0.5,1.0
187700,Infilteration,3,0.0,-0.8285714285714287,-0.7333333333333333,0.31739146929020345,0.2087912087912088,0.0,,0.2
187700,Infilteration,5,0.1111111111111111,-0.5666666666666667,-0.3888888888888889,0.31739146929020345,0.2087912087912088,0.076547581255647,1.0,0.25
187700,Infilteration,10,0.25,-0.36764705882352944,-0.3,0.31739146929020345,0.2087912087912088,0.1866787630764299,0.5,0.8181818181818182
187700,Infilteration,20,0.17647058823529413,-0.3729564553093964,-0.31194295900178254,0.31739146929020345,0.2087912087912088,0.22243602674992033,0.5,1.0
188726,Bot,3,0.0,-0.942857142857143,-0.8666666666666666,0.07578497451915174,0.045621045621045624,0.0,,0.2
188726,Bot,5,0.0,-0.9030303030303028,-0.7777777777777777,0.07578497451915174,0.045621045621045624,0.0,,0.42857142857142855
188726,Bot,10,0.05263157894736842,-0.6526315789473683,-0.4269005847953216,0.07578497451915174,0.045621045621045624,0.022471058907135067,1.0,0.6666666666666666
188726,Bot,20,0.17647058823529413,-0.7225362872421696,-0.5401069518716578,0.07578497451915174,0.045621045621045624,0.04379022508045767,0.5,1.0
189660,DDoS attacks-LOIC-HTTP,3,0.2,-0.3,-0.19999999999999998,0.03602726387536513,0.014985014985014984,0.2656826568265683,1.0,0.5
189660,DDoS attacks-LOIC-HTTP,5,0.1111111111111111,-0.5666666666666667,-0.5,0.03602726387536513,0.014985014985014984,0.2523674635540035,1.0,0.25
189660,DDoS attacks-LOIC-HTTP,10,0.1111111111111111,-0.5025799793601652,-0.3856209150326798,0.03602726387536513,0.014985014985014984,0.23038126449975396,0.5,0.8181818181818182
189660,DDoS attacks-LOIC-HTTP,20,0.14285714285714285,-0.5235294117647059,-0.3915966386554622,0.03602726387536513,0.014985014985014984,0.23188951386247683,0.6,1.0
189761,Infilteration,3,0.0,-0.8285714285714287,-0.7333333333333333,0.34291025430265937,0.24875124875124874,0.0,,0.2
189761,Infilteration,5,0.1111111111111111,-0.6333333333333333,-0.3888888888888889,0.34291025430265937,0.24875124875124874,0.03204317354887549,1.0,0.25
189761,Infilteration,10,0.3333333333333333,-0.28571428571428564,-0.14285714285714288,0.34291025430265937,0.24875124875124874,0.1719888975797788,0.6,1.0
189761,Infilteration,20,0.2903225806451613,-0.07580645161290324,-0.0021505376344086026,0.34291025430265937,0.24875124875124874,0.2349429476649353,0.3333333333333333,1.0
190683,FTP-BruteForce,3,0.2,0.09999999999999999,0.0,0.32965768408806384,0.2281052281052281,0.6346863468634687,1.0,0.2
190683,FTP-BruteForce,5,0.1111111111111111,-0.09999999999999999,0.0,0.32965768408806384,0.2281052281052281,0.4965617445239432,1.0,0.42857142857142855
190683,FTP-BruteForce,10,0.1111111111111111,-0.3415892672858617,-0.18954248366013074,0.32965768408806384,0.2281052281052281,0.3747359036497853,1.0,0.8181818181818182
190683,FTP-BruteForce,20,0.3793103448275862,-0.2881773399014778,-0.18226600985221672,0.32965768408806384,0.2281052281052281,0.3684296907301126,0.36363636363636365,1.0
191525,Infilteration,3,0.2,-0.9999999999999999,-0.9999999999999999,0.33104869813730575,0.23809523809523808,0.09963099630996312,1.0,0.5
191525,Infilteration,5,0.25,-0.5000000000000001,-0.3571428571428571,0.33104869813730575,0.23809523809523808,0.1745232106664062,1.0,0.25
191525,Infilteration,10,0.3333333333333333,-0.05357142857142857,-0.028571428571428574,0.33104869813730575,0.23809523809523808,0.2689148599411239,0.6,0.8181818181818182
191525,Infilteration,20,0.3793103448275862,0.000985221674876847,-0.05911330049261083,0.33104869813730575,0.23809523809523808,0.3287662622290334,0.6363636363636364,1.0
191740,Bot,3,0.2,-0.39999999999999997,-0.39999999999999997,0.11822354860329543,0.08491508491508491,0.2656826568265683,1.0,0.2
191740,Bot,5,0.1111111111111111,-0.43333333333333335,-0.4444444444444444,0.11822354860329543,0.08491508491508491,0.2523674635540035,1.0,0.6666666666666666
191740,Bot,10,0.17647058823529413,-0.5171568627450981,-0.4264705882352941,0.11822354860329543,0.08491508491508491,0.2479858086783234,0.6666666666666666,0.6666666666666666
191740,Bot,20,0.17647058823529413,-0.41359816653934295,-0.2976827094474154,0.11822354860329543,0.08491508491508491,0.2605241026217763,0.8333333333333334,1.0
193450,Benign,3,0.2,-0.6,-0.39999999999999997,0.18613032537083168,0.12753912753912755,0.09963099630996312,1.0,0.2
193450,Benign,5,0.1111111111111111,-0.5833333333333334,-0.5,0.18613032537083168,0.12753912753912755,0.1424800371175307,1.0,0.42857142857142855
193450,Benign,10,0.05263157894736842,-0.5491228070175439,-0.3684210526315789,0.18613032537083168,0.12753912753912755,0.13881990861717564,1.0,0.8181818181818182
193450,Benign,20,0.14285714285714285,-0.4630252100840337,-0.3210084033613445,0.18613032537083168,0.12753912753912755,0.15451899685339632,0.6,1.0
194251,FTP-BruteForce,3,0.5,-0.19999999999999998,0.0,0.35886897912214366,0.24608724608724608,0.3653136531365314,1.0,0.5
194251,FTP-BruteForce,5,0.25,0.04761904761904763,0.0,0.35886897912214366,0.24608724608724608,0.3948475006715343,1.0,0.25
194251,FTP-BruteForce,10,0.3333333333333333,-0.05357142857142857,-0.10476190476190476,0.35886897912214366,0.24608724608724608,0.40009742207390253,0.8,0.8181818181818182
194251,FTP-BruteForce,20,0.2903225806451613,-0.06250000000000001,-0.049462365591397855,0.35886897912214366,0.24608724608724608,0.42002559166836756,0.5555555555555556,1.0
194338,Bot,3,0.2,-0.7,-0.6,0.1705762591838541,0.11222111222111222,0.2656826568265683,1.0,0.2
194338,Bot,5,0.1111111111111111,-0.5333333333333333,-0.5,0.1705762591838541,0.11222111222111222,0.2523674635540035,1.0,0.42857142857142855
194338,Bot,10,0.1111111111111111,-0.6140350877192982,-0.5163398692810458,0.1705762591838541,0.11222111222111222,0.24203758720290527,0.5,0.6666666666666666
194338,Bot,20,0.2903225806451613,-0.4669354838709678,-0.3505376344086022,0.1705762591838541,0.11222111222111222,0.25120284620884087,0.4444444444444444,1.0
195169,DoS attacks-GoldenEye,3,1.0,1.0,1.0,0.24450233310992803,0.1754911754911755,1.0000000000000002,1.0,0.2
195169,DoS attacks-GoldenEye,5,0.42857142857142855,0.642857142857143,0.4285714285714286,0.24450233310992803,0.1754911754911755,0.8914092451954776,1.0,0.25
195169,DoS attacks-GoldenEye,10,0.25,0.06176470588235294,-0.03333333333333333,0.24450233310992803,0.1754911754911755,0.7214660178595799,1.0,0.6666666666666666
195169,DoS attacks-GoldenEye,20,0.25,-0.17045454545454544,-0.14112903225806453,0.24450233310992803,0.1754911754911755,0.6338483022188208,0.75,1.0
195619,SSH-Bruteforce,3,0.2,-0.49999999999999994,-0.39999999999999997,0.17115795596808253,0.11355311355311355,0.2656826568265683,1.0,0.5
195619,SSH-Bruteforce,5,0.1111111111111111,-0.31666666666666665,-0.2222222222222222,0.17115795596808253,0.11355311355311355,0.2523674635540035,1.0,0.42857142857142855
195619,SSH-Bruteforce,10,0.1111111111111111,-0.4097007223942208,-0.30718954248366015,0.17115795596808253,0.11355311355311355,0.23038126449975396,1.0,0.8181818181818182
195619,SSH-Bruteforce,20,0.21212121212121213,-0.4435160427807487,-0.3371212121212121,0.17115795596808253,0.11355311355311355,0.24165428807829892,0.8571428571428571,1.0
195646,Infilteration,3,0.0,-0.7714285714285715,-0.6,0.25509933104869814,0.17082917082917085,0.0,,0.2
195646,Infilteration,5,0.0,-0.8666666666666665,-0.6888888888888888,0.25509933104869814,0.17082917082917085,0.0,,0.42857142857142855
195646,Infilteration,10,0.1111111111111111,-0.762641898864809,-0.5294117647058824,0.25509933104869814,0.17082917082917085,0.019239926253821527,0.0,0.8181818181818182
195646,Infilteration,20,0.2903225806451613,-0.307258064516129,-0.19139784946236563,0.25509933104869814,0.17082917082917085,0.11270424639917216,0.5555555555555556,1.0
195657,DDOS attack-HOIC,3,0.2,-0.6,-0.39999999999999997,0.10623553661528343,0.07825507825507826,0.09963099630996312,1.0,0.2
195657,DDOS attack-HOIC,5,0.1111111111111111,-0.38333333333333336,-0.2777777777777778,0.10623553661528343,0.07825507825507826,0.1424800371175307,1.0,0.6666666666666666
195657,DDOS attack-HOIC,10,0.1111111111111111,-0.4654282765737873,-0.33333333333333337,0.10623553661528343,0.07825507825507826,0.172947290227462,1.0,0.8181818181818182
195657,DDOS attack-HOIC,20,0.14285714285714285,-0.5610644257703082,-0.42857142857142855,0.10623553661528343,0.07825507825507826,0.1721161249961251,0.4,1.0
196247,SSH-Bruteforce,3,0.2,-0.49999999999999994,-0.39999999999999997,0.31589929058283484,0.2221112221112221,0.2656826568265683,1.0,0.5
196247,SSH-Bruteforce,5,0.1111111111111111,-0.2833333333333333,-0.16666666666666666,0.31589929058283484,0.2221112221112221,0.2523674635540035,1.0,0.42857142857142855
196247,SSH-Bruteforce,10,0.17647058823529413,-0.34313725490196084,-0.2205882352941176,0.31589929058283484,0.2221112221112221,0.2553292919813087,1.0,0.8181818181818182
196247,SSH-Bruteforce,20,0.21212121212121213,-0.2613636363636364,-0.20075757575757577,0.31589929058283484,0.2221112221112221,0.2890408748358918,0.8571428571428571,1.0
196504,DDOS attack-HOIC,3,0.2,0.19999999999999998,0.19999999999999998,0.19766309639727359,0.12487512487512487,0.6346863468634687,1.0,0.2
196504,DDOS attack-HOIC,5,0.1111111111111111,-0.3,-0.3333333333333333,0.19766309639727359,0.12487512487512487,0.4965617445239432,1.0,0.6666666666666666
196504,DDOS attack-HOIC,10,0.05263157894736842,-0.519298245614035,-0.40350877192982454,0.19766309639727359,0.12487512487512487,0.3614441988713819,1.0,0.8181818181818182
196504,DDOS attack-HOIC,20,0.14285714285714285,-0.6330532212885155,-0.4857142857142857,0.19766309639727359,0.12487512487512487,0.30075461749332066,0.2,1.0
197064,DDOS attack-LOIC-UDP,3,0.0,-0.7142857142857143,-0.4666666666666666,0.7895016376029034,0.6743256743256744,0.0,,0.2
197064,DDOS attack-LOIC-UDP,5,0.1111111111111111,-0.6166666666666666,-0.4444444444444444,0.7895016376029034,0.6743256743256744,0.076547581255647,0.0,0.25
197064,DDOS attack-LOIC-UDP,10,0.1111111111111111,-0.48813209494324045,-0.3856209150326798,0.7895016376029034,0.6743256743256744,0.13149311204219602,0.0,0.8181818181818182
197064,DDOS attack-LOIC-UDP,20,0.2903225806451613,-0.4423387096774194,-0.2774193548387097,0.7895016376029034,0.6743256743256744,0.15106875473713477,0.0,1.0
197092,DoS attacks-Slowloris,3,0.0,-0.6571428571428573,-0.4666666666666666,0.419163115365647,0.2833832833832834,0.0,,0.2
197092,DoS attacks-Slowloris,5,0.1111111111111111,-0.5499999999999999,-0.4444444444444444,0.419163115365647,0.2833832833832834,0.076547581255647,1.0,0.42857142857142855
197092,DoS attacks-Slowloris,10,0.25,-0.34411764705882353,-0.3,0.419163115365647,0.2833832833832834,0.19402224637941523,0.75,0.8181818181818182
197092,DoS attacks-Slowloris,20,0.3333333333333333,-0.15061179087875418,-0.0942528735632184,0.419163115365647,0.2833832833832834,0.25130841069611687,0.5,1.0
198082,DoS attacks-SlowHTTPTest,3,0.2,0.19999999999999998,0.19999999999999998,0.3097788287661705,0.21545121545121546,0.6346863468634687,1.0,0.2
198082,DoS attacks-SlowHTTPTest,5,0.1111111111111111,-0.13333333333333333,-0.05555555555555555,0.3097788287661705,0.21545121545121546,0.4965617445239432,1.0,0.25
198082,DoS attacks-SlowHTTPTest,10,0.1111111111111111,-0.3766769865841073,-0.22875816993464054,0.3097788287661705,0.21545121545121546,0.3673924203468,1.0,0.8181818181818182
198082,DoS attacks-SlowHTTPTest,20,0.25,-0.4131231671554252,-0.3064516129032258,0.3097788287661705,0.21545121545121546,0.34928448990243127,0.375,1.0
198263,DoS attacks-SlowHTTPTest,3,0.2,0.09999999999999999,0.0,0.3016350737869725,0.2221112221112221,0.6346863468634687,1.0,0.2
198263,DoS attacks-SlowHTTPTest,5,0.1111111111111111,-0.13333333333333333,-0.05555555555555555,0.3016350737869725,0.2221112221112221,0.4965617445239432,1.0,0.25
198263,DoS attacks-SlowHTTPTest,10,0.1111111111111111,-0.38493292053663575,-0.24183006535947715,0.3016350737869725,0.2221112221112221,0.3673924203468,1.0,0.8181818181818182
198263,DoS attacks-SlowHTTPTest,20,0.2903225806451613,-0.33467741935483875,-0.24301075268817204,0.3016350737869725,0.2221112221112221,0.36630251650018486,0.4444444444444444,1.0
198286,SSH-Bruteforce,3,0.2,-0.49999999999999994,-0.39999999999999997,0.26096688122004574,0.1794871794871795,0.2656826568265683,1.0,0.5
198286,SSH-Bruteforce,5,0.1111111111111111,-0.35,-0.2222222222222222,0.26096688122004574,0.1794871794871795,0.2523674635540035,1.0,0.42857142857142855
198286,SSH-Bruteforce,10,0.1111111111111111,-0.3787409700722394,-0.24183006535947715,0.26096688122004574,0.1794871794871795,0.23038126449975396,1.0,1.0
198286,SSH-Bruteforce,20,0.25,-0.38159824046920815,-0.29838709677419356,0.26096688122004574,0.1794871794871795,0.24634601649364404,0.875,1.0
198290,DDOS attack-LOIC-UDP,3,0.0,-0.7142857142857143,-0.4666666666666666,0.7896533845900934,0.6796536796536796,0.0,,0.0
198290,DDOS attack-LOIC-UDP,5,0.1111111111111111,-0.6666666666666667,-0.5,0.7896533845900934,0.6796536796536796,0.076547581255647,0.0,0.25
198290,DDOS attack-LOIC-UDP,10,0.1111111111111111,-0.5046439628482973,-0.3725490196078432,0.7896533845900934,0.6796536796536796,0.11983678933904471,0.0,0.8181818181818182
198290,DDOS attack-LOIC-UDP,20,0.2903225806451613,-0.4254032258064516,-0.24301075268817204,0.7896533845900934,0.6796536796536796,0.14242598092495234,0.0,1.0
198404,SSH-Bruteforce,3,0.2,-0.49999999999999994,-0.39999999999999997,0.15985280542242566,0.09956709956709958,0.2656826568265683,1.0,0.5
198404,SSH-Bruteforce,5,0.1111111111111111,-0.26666666666666666,-0.1111111111111111,0.15985280542242566,0.09956709956709958,0.2523674635540035,1.0,0.6666666666666666
198404,SSH-Bruteforce,10,0.17647058823529413,-0.27696078431372556,-0.13235294117647056,0.15985280542242566,0.09956709956709958,0.26309585662685286,0.6666666666666666,0.8181818181818182
198404,SSH-Bruteforce,20,0.21212121212121213,-0.24899732620320858,-0.19696969696969696,0.15985280542242566,0.09956709956709958,0.2917868206865179,0.8571428571428571,1.0
198423,DDoS attacks-LOIC-HTTP,3,0.0,-0.6571428571428573,-0.4666666666666666,0.25800781496984027,0.1868131868131868,0.0,,0.2
198423,DDoS attacks-LOIC-HTTP,5,0.1111111111111111,-0.5166666666666667,-0.3333333333333333,0.25800781496984027,0.1868131868131868,0.076547581255647,1.0,0.1111111111111111
198423,DDoS attacks-LOIC-HTTP,10,0.1111111111111111,-0.5025799793601652,-0.34640522875817,0.25800781496984027,0.1868131868131868,0.11065743521031306,1.0,0.6666666666666666
198423,DDoS attacks-LOIC-HTTP,20,0.17647058823529413,-0.4857142857142857,-0.358288770053476,0.25800781496984027,0.1868131868131868,0.13993096996574078,0.6666666666666666,1.0
199021,DoS attacks-Hulk,3,0.2,0.09999999999999999,0.0,0.09035268528939414,0.05294705294705295,0.6346863468634687,1.0,0.5
199021,DoS attacks-Hulk,5,0.1111111111111111,-0.33333333333333337,-0.3888888888888889,0.09035268528939414,0.05294705294705295,0.4965617445239432,1.0,0.6666666666666666
199021,DoS attacks-Hulk,10,0.1111111111111111,-0.40144478844169246,-0.30718954248366015,0.09035268528939414,0.05294705294705295,0.39557158048166824,1.0,0.8181818181818182
199021,DoS attacks-Hulk,20,0.21212121212121213,-0.3125,-0.25,0.09035268528939414,0.05294705294705295,0.3871558329205024,0.5714285714285714,1.0
199216,DoS attacks-SlowHTTPTest,3,0.2,0.09999999999999999,0.0,0.20474462246614145,0.13286713286713286,0.6346863468634687,1.0,0.2
199216,DoS attacks-SlowHTTPTest,5,0.1111111111111111,-0.26666666666666666,-0.2777777777777778,0.20474462246614145,0.13286713286713286,0.4965617445239432,1.0,0.25
199216,DoS attacks-SlowHTTPTest,10,0.1111111111111111,-0.4592363261093911,-0.34640522875817,0.20474462246614145,0.13286713286713286,0.3673924203468,1.0,0.8181818181818182
199216,DoS attacks-SlowHTTPTest,20,0.25,-0.34310850439882695,-0.21370967741935484,0.20474462246614145,0.13286713286713286,0.3467648281908156,0.375,1.0
200342,Bot,3,0.2,-0.49999999999999994,-0.39999999999999997,0.16357060660858128,0.1068931068931069,0.2656826568265683,1.0,0.2
200342,Bot,5,0.1111111111111111,-0.5499999999999999,-0.5,0.16357060660858128,0.1068931068931069,0.2523674635540035,1.0,0.42857142857142855
200342,Bot,10,0.17647058823529413,-0.49754901960784315,-0.39705882352941174,0.16357060660858128,0.1068931068931069,0.2553292919813087,0.6666666666666666,0.8181818181818182
200342,Bot,20,0.17647058823529413,-0.493048128342246,-0.36898395721925137,0.16357060660858128,0.1068931068931069,0.24845075697969315,0.5,1.0
200563,DDOS attack-HOIC,3,0.2,-0.3,-0.19999999999999998,0.21304012443252948,0.14085914085914086,0.2656826568265683,1.0,0.2
200563,DDOS attack-HOIC,5,0.1111111111111111,-0.39999999999999997,-0.3333333333333333,0.21304012443252948,0.14085914085914086,0.2523674635540035,1.0,0.42857142857142855
200563,DDOS attack-HOIC,10,0.05263157894736842,-0.5105263157894736,-0.3684210526315789,0.21304012443252948,0.14085914085914086,0.20791020559261889,1.0,0.8181818181818182
200563,DDOS attack-HOIC,20,0.25,-0.5197947214076246,-0.38709677419354843,0.21304012443252948,0.14085914085914086,0.2087290754200085,0.25,1.0
201487,DDoS attacks-LOIC-HTTP,3,0.0,-0.8285714285714287,-0.7333333333333333,0.24508402989415648,0.15551115551115552,0.0,,0.5
201487,DDoS attacks-LOIC-HTTP,5,0.1111111111111111,-0.6833333333333333,-0.5555555555555556,0.24508402989415648,0.15551115551115552,0.076547581255647,1.0,0.25
201487,DDoS attacks-LOIC-HTTP,10,0.1111111111111111,-0.5108359133126935,-0.3856209150326798,0.24508402989415648,0.15551115551115552,0.14660315999072546,0.5,0.8181818181818182
201487,DDoS attacks-LOIC-HTTP,20,0.17647058823529413,-0.521772345301757,-0.3903743315508022,0.24508402989415648,0.15551115551115552,0.16607055056374734,0.5,1.0
201676,DDOS attack-HOIC,3,0.2,-0.09999999999999999,0.0,0.21764311637729358,0.12887112887112886,0.2656826568265683,1.0,0.2
201676,DDOS attack-HOIC,5,0.1111111111111111,-0.3,-0.2222222222222222,0.21764311637729358,0.12887112887112886,0.2523674635540035,1.0,0.42857142857142855
201676,DDOS attack-HOIC,10,0.05263157894736842,-0.5543859649122806,-0.4269005847953216,0.21764311637729358,0.12887112887112886,0.20791020559261889,1.0,0.8181818181818182
201676,DDOS attack-HOIC,20,0.17647058823529413,-0.5911382734912146,-0.4402852049910874,0.21764311637729358,0.12887112887112886,0.18553682000621854,0.3333333333333333,1.0
201682,DoS attacks-Hulk,3,0.2,0.0,-0.19999999999999998,0.09849644026859217,0.06160506160506161,0.6346863468634687,1.0,0.5
201682,DoS attacks-Hulk,5,0.1111111111111111,-0.3,-0.3333333333333333,0.09849644026859217,0.06160506160506161,0.4965617445239432,1.0,0.42857142857142855
201682,DoS attacks-Hulk,10,0.1111111111111111,-0.47781217750258,-0.3856209150326798,0.09849644026859217,0.06160506160506161,0.3747359036497853,0.5,0.8181818181818182
201682,DoS attacks-Hulk,20,0.21212121212121213,-0.38469251336898397,-0.2916666666666667,0.09849644026859217,0.06160506160506161,0.358206119989191,0.7142857142857143,1.0
201691,Benign,3,0.2,0.09999999999999999,0.0,0.16296361865982117,0.10622710622710622,0.6346863468634687,1.0,0.5
201691,Benign,5,0.25,-0.04761904761904763,-0.07142857142857142,0.16296361865982117,0.10622710622710622,0.5731093257795903,0.5,0.42857142857142855
201691,Benign,10,0.25,-0.13529411764705881,-0.08333333333333334,0.16296361865982117,0.10622710622710622,0.478049855557113,0.75,0.6666666666666666
201691,Benign,20,0.25,-0.11986803519061583,-0.08467741935483872,0.16296361865982117,0.10622710622710622,0.4507040483897472,0.375,1.0
201841,Brute Force -Web,3,0.0,-0.6571428571428573,-0.4666666666666666,0.07130843839704598,0.043623043623043624,0.0,,0.0
201841,Brute Force -Web,5,0.0,-0.6606060606060605,-0.4222222222222222,0.07130843839704598,0.043623043623043624,0.0,,0.0
201841,Brute Force -Web,10,0.0,-0.7819548872180451,-0.5578947368421052,0.07130843839704598,0.043623043623043624,0.0,,0.8181818181818182
201841,Brute Force -Web,20,0.1111111111111111,-0.7456885456885458,-0.5396825396825397,0.07130843839704598,0.043623043623043624,0.029060285429674808,0.5,1.0
202269,Infilteration,3,0.0,-0.7714285714285715,-0.6,0.3041641902401396,0.20213120213120214,0.0,,0.5
202269,Infilteration,5,0.0,-0.8787878787878788,-0.7333333333333333,0.3041641902401396,0.20213120213120214,0.0,,0.6666666666666666
202269,Infilteration,10,0.05263157894736842,-0.7964912280701755,-0.5906432748538012,0.3041641902401396,0.20213120213120214,0.005948221475418107,1.0,0.8181818181818182
202269,Infilteration,20,0.25,-0.5278592375366569,-0.37096774193548393,0.3041641902401396,0.20213120213120214,0.06971005347157042,0.625,1.0
202275,DDoS attacks-LOIC-HTTP,3,0.0,-0.7714285714285715,-0.6,0.43916842651019866,0.2907092907092907,0.0,,0.2
202275,DDoS attacks-LOIC-HTTP,5,0.1111111111111111,-0.7333333333333334,-0.6666666666666666,0.43916842651019866,0.2907092907092907,0.076547581255647,1.0,0.25
202275,DDoS attacks-LOIC-HTTP,10,0.17647058823529413,-0.4068627450980392,-0.2647058823529411,0.43916842651019866,0.2907092907092907,0.1257850108144628,1.0,0.8181818181818182
202275,DDoS attacks-LOIC-HTTP,20,0.25,-0.32404692082111436,-0.217741935483871,0.43916842651019866,0.2907092907092907,0.17514435764591865,0.875,1.0
202603,SSH-Bruteforce,3,0.0,-0.7714285714285715,-0.6,0.3379026037253885,0.23543123543123542,0.0,,0.2
202603,SSH-Bruteforce,5,0.25,-0.4285714285714286,-0.2857142857142857,0.3379026037253885,0.23543123543123542,0.153095162511294,1.0,0.42857142857142855
202603,SSH-Bruteforce,10,0.25,-0.14705882352941177,-0.09999999999999999,0.3379026037253885,0.23543123543123542,0.24991711189805316,1.0,0.8181818181818182
202603,SSH-Bruteforce,20,0.21212121212121213,-0.17212566844919788,-0.10606060606060605,0.3379026037253885,0.23543123543123542,0.27479646982070793,0.8571428571428571,1.0
203170,DDOS attack-HOIC,3,0.2,-0.3,-0.19999999999999998,0.16273599817903614,0.1008991008991009,0.2656826568265683,1.0,0.2
203170,DDOS attack-HOIC,5,0.1111111111111111,-0.31666666666666665,-0.2222222222222222,0.16273599817903614,0.1008991008991009,0.2523674635540035,1.0,0.42857142857142855
203170,DDOS attack-HOIC,10,0.05263157894736842,-0.5175438596491229,-0.391812865497076,0.16273599817903614,0.1008991008991009,0.20791020559261889,1.0,0.8181818181818182
203170,DDOS attack-HOIC,20,0.14285714285714285,-0.5815126050420167,-0.4151260504201681,0.16273599817903614,0.1008991008991009,0.1868410179577003,0.4,1.0
203858,Infilteration,3,0.0,-0.7714285714285715,-0.6,0.15633733355252338,0.10356310356310355,0.0,,0.2
203858,Infilteration,5,0.25,-0.523809523809524,-0.2857142857142857,0.15633733355252338,0.10356310356310355,0.10859075480452249,1.0,0.25
203858,Infilteration,10,0.3333333333333333,-0.035714285714285705,0.028571428571428574,0.15633733355252338,0.10356310356310355,0.23664003588458957,0.6,0.8181818181818182
203858,Infilteration,20,0.25,-0.10593841642228738,-0.0685483870967742,0.15633733355252338,0.10356310356310355,0.27526875858924627,0.625,1.0
203979,SSH-Bruteforce,3,0.2,-0.49999999999999994,-0.39999999999999997,0.27189266429772757,0.18414918414918416,0.2656826568265683,1.0,0.5
203979,SSH-Bruteforce,5,0.1111111111111111,-0.31666666666666665,-0.2222222222222222,0.27189266429772757,0.18414918414918416,0.2523674635540035,1.0,0.6666666666666666
203979,SSH-Bruteforce,10,0.17647058823529413,-0.39460784313725494,-0.2941176470588235,0.27189266429772757,0.18414918414918416,0.2479858086783234,0.6666666666666666,0.6666666666666666
203979,SSH-Bruteforce,20,0.25,-0.29508797653958946,-0.2298387096774194,0.27189266429772757,0.18414918414918416,0.2715331660135503,0.875,1.0
204165,Brute Force -XSS,3,0.0,-0.7142857142857143,-0.4666666666666666,0.34705800528585334,0.22877122877122877,0.0,,0.0
204165,Brute Force -XSS,5,0.0,-0.7454545454545454,-0.5111111111111111,0.34705800528585334,0.22877122877122877,0.0,,0.25
204165,Brute Force -XSS,10,0.1111111111111111,-0.7192982456140351,-0.4901960784313726,0.34705800528585334,0.22877122877122877,0.019239926253821527,0.5,0.6666666666666666
204165,Brute Force -XSS,20,0.3333333333333333,-0.3979977753058954,-0.2735632183908046,0.34705800528585334,0.22877122877122877,0.11057668064035579,0.5,1.0
204303,DoS attacks-SlowHTTPTest,3,0.2,0.19999999999999998,0.19999999999999998,0.25914591737376547,0.17482517482517482,0.6346863468634687,1.0,0.2
204303,DoS attacks-SlowHTTPTest,5,0.1111111111111111,-0.13333333333333333,-0.05555555555555555,0.25914591737376547,0.17482517482517482,0.4965617445239432,1.0,0.42857142857142855
204303,DoS attacks-SlowHTTPTest,10,0.1111111111111111,-0.32507739938080493,-0.22875816993464054,0.25914591737376547,0.17482517482517482,0.4106816284301976,0.5,0.8181818181818182
204303,DoS attacks-SlowHTTPTest,20,0.3333333333333333,-0.30945494994438266,-0.24597701149425286,0.25914591737376547,0.17482517482517482,0.39645227051378584,0.4,1.0
204508,DDOS attack-LOIC-UDP,3,0.0,-0.7142857142857143,-0.4666666666666666,0.7818384147498071,0.6623376623376623,0.0,,0.0
204508,DDOS attack-LOIC-UDP,5,0.1111111111111111,-0.6166666666666666,-0.4444444444444444,0.7818384147498071,0.6623376623376623,0.076547581255647,0.0,0.25
204508,DDOS attack-LOIC-UDP,10,0.1111111111111111,-0.5190918472652218,-0.4248366013071896,0.7818384147498071,0.6623376623376623,0.13149311204219602,0.0,0.8181818181818182
204508,DDOS attack-LOIC-UDP,20,0.2903225806451613,-0.5092741935483871,-0.3548387096774194,0.7818384147498071,0.6623376623376623,0.15106875473713477,0.0,1.0
205256,FTP-BruteForce,3,0.2,-0.3,-0.19999999999999998,0.42609289444732473,0.298035298035298,0.2656826568265683,1.0,0.5
205256,FTP-BruteForce,5,0.25,-0.023809523809523815,0.07142857142857142,0.42609289444732473,0.298035298035298,0.32891504480965056,1.0,0.25
205256,FTP-BruteForce,10,0.25,-0.09705882352941177,-0.08333333333333334,0.42609289444732473,0.298035298035298,0.34535153911023303,0.75,1.0
205256,FTP-BruteForce,20,0.3333333333333333,-0.1586206896551724,-0.14482758620689656,0.42609289444732473,0.298035298035298,0.3737364298654661,0.5,1.0
207419,Bot,3,0.2,-0.39999999999999997,-0.39999999999999997,0.07229479381378115,0.058941058941058944,0.2656826568265683,1.0,0.2
207419,Bot,5,0.1111111111111111,-0.45,-0.4444444444444444,0.07229479381378115,0.058941058941058944,0.2523674635540035,1.0,0.42857142857142855
207419,Bot,10,0.1111111111111111,-0.43446852425180604,-0.34640522875817,0.07229479381378115,0.058941058941058944,0.25714763515143474,0.5,0.8181818181818182
207419,Bot,20,0.21212121212121213,-0.42446524064171126,-0.3068181818181818,0.07229479381378115,0.058941058941058944,0.26935883650949793,0.42857142857142855,1.0
207651,DDOS attack-HOIC,3,0.2,0.09999999999999999,0.0,0.3264204150280099,0.21345321345321347,0.6346863468634687,1.0,0.2
207651,DDOS attack-HOIC,5,0.1111111111111111,-0.15,-0.1111111111111111,0.3264204150280099,0.21345321345321347,0.4965617445239432,1.0,0.6666666666666666
207651,DDOS attack-HOIC,10,0.1111111111111111,-0.4489164086687306,-0.33333333333333337,0.3264204150280099,0.21345321345321347,0.3747359036497853,1.0,1.0
207651,DDOS attack-HOIC,20,0.17647058823529413,-0.5575248281130634,-0.42959001782531203,0.3264204150280099,0.21345321345321347,0.3300681882465255,0.3333333333333333,1.0
208160,FTP-BruteForce,3,0.5,-0.39999999999999997,-0.3333333333333334,0.35062405948481895,0.24142524142524144,0.3653136531365314,1.0,0.5
208160,FTP-BruteForce,5,0.25,0.09523809523809526,0.07142857142857142,0.35062405948481895,0.24142524142524144,0.3948475006715343,1.0,0.42857142857142855
208160,FTP-BruteForce,10,0.3333333333333333,-0.0964285714285714,-0.14285714285714288,0.35062405948481895,0.24142524142524144,0.40009742207390253,0.8,0.8181818181818182
208160,FTP-BruteForce,20,0.3793103448275862,-0.05911330049261083,-0.11330049261083742,0.35062405948481895,0.24142524142524144,0.4279594478911387,0.5454545454545454,1.0
208194,Infilteration,3,0.2,-0.6,-0.39999999999999997,0.21491167060787314,0.1535131535131535,0.09963099630996312,1.0,0.5
208194,Infilteration,5,0.25,-0.1666666666666667,-0.07142857142857142,0.21491167060787314,0.1535131535131535,0.2190276183731777,1.0,0.6666666666666666
208194,Infilteration,10,0.25,-0.10588235294117648,-0.06666666666666667,0.21491167060787314,0.1535131535131535,0.28360472543777504,0.75,0.8181818181818182
208194,Infilteration,20,0.25,-0.05718475073313783,-0.04435483870967743,0.21491167060787314,0.1535131535131535,0.3197209746230813,0.375,1.0
208244,DoS attacks-Hulk,3,0.2,0.0,-0.19999999999999998,0.21286308628080777,0.14485514485514486,0.6346863468634687,1.0,0.2
208244,DoS attacks-Hulk,5,0.1111111111111111,-0.2333333333333333,-0.2222222222222222,0.21286308628080777,0.14485514485514486,0.4965617445239432,1.0,0.42857142857142855
208244,DoS attacks-Hulk,10,0.17647058823529413,-0.32352941176470595,-0.2205882352941176,0.21286308628080777,0.14485514485514486,0.40886328526007165,0.6666666666666666,0.8181818181818182
208244,DoS attacks-Hulk,20,0.21212121212121213,-0.2556818181818182,-0.17803030303030304,0.21286308628080777,0.14485514485514486,0.3961777094267911,0.5714285714285714,1.0
209641,DoS attacks-SlowHTTPTest,3,0.5,0.39999999999999997,0.3333333333333334,0.2722973229302343,0.19014319014319014,0.7343173431734318,1.0,0.5
209641,DoS attacks-SlowHTTPTest,5,0.25,0.19047619047619052,0.14285714285714285,0.2722973229302343,0.19014319014319014,0.6390417816414738,1.0,0.25
209641,DoS attacks-SlowHTTPTest,10,0.25,-0.0823529411764706,-0.016666666666666666,0.2722973229302343,0.19014319014319014,0.5286833878711106,1.0,0.6666666666666666
209641,DoS attacks-SlowHTTPTest,20,0.25,-0.2661290322580645,-0.24193548387096778,0.2722973229302343,0.19014319014319014,0.48861080833542353,0.75,1.0
209645,DoS attacks-SlowHTTPTest,3,0.5,0.39999999999999997,0.3333333333333334,0.37260208146284096,0.2673992673992674,0.7343173431734318,1.0,0.5
209645,DoS attacks-SlowHTTPTest,5,0.25,0.2142857142857143,0.14285714285714285,0.37260208146284096,0.2673992673992674,0.6390417816414738,1.0,0.25
209645,DoS attacks-SlowHTTPTest,10,0.25,-0.15294117647058825,-0.13333333333333333,0.37260208146284096,0.2673992673992674,0.5286833878711106,1.0,0.8181818181818182
209645,DoS attacks-SlowHTTPTest,20,0.42857142857142855,-0.09688013136288998,-0.06349206349206349,0.37260208146284096,0.2673992673992674,0.5257238644617546,0.5,1.0
210341,FTP-BruteForce,3,0.2,-0.3,-0.19999999999999998,0.40426661945649284,0.28737928737928736,0.2656826568265683,1.0,0.5
210341,FTP-BruteForce,5,0.25,-0.023809523809523815,0.07142857142857142,0.40426661945649284,0.28737928737928736,0.32891504480965056,1.0,0.25
210341,FTP-BruteForce,10,0.25,-0.11470588235294117,-0.09999999999999999,0.40426661945649284,0.28737928737928736,0.34535153911023303,0.75,0.8181818181818182
210341,FTP-BruteForce,20,0.42857142857142855,-0.05911330049261084,-0.037037037037037035,0.40426661945649284,0.28737928737928736,0.3893769849676705,0.4166666666666667,1.0
210828,DDOS attack-HOIC,3,0.2,0.09999999999999999,0.0,0.04935570758355568,0.0342990342990343,0.6346863468634687,1.0,0.2
210828,DDOS attack-HOIC,5,0.1111111111111111,-0.21666666666666667,-0.16666666666666666,0.04935570758355568,0.0342990342990343,0.4965617445239432,1.0,0.42857142857142855
210828,DDOS attack-HOIC,10,0.05263157894736842,-0.4456140350877193,-0.2982456140350877,0.04935570758355568,0.0342990342990343,0.3614441988713819,1.0,0.8181818181818182
210828,DDOS attack-HOIC,20,0.14285714285714285,-0.565546218487395,-0.3848739495798319,0.04935570758355568,0.0342990342990343,0.29755349688640154,0.4,1.0
211085,DDoS attacks-LOIC-HTTP,3,0.2,-0.49999999999999994,-0.39999999999999997,0.16177493392683265,0.10356310356310355,0.2656826568265683,1.0,0.5
211085,DDoS attacks-LOIC-HTTP,5,0.25,-0.523809523809524,-0.42857142857142855,0.16177493392683265,0.10356310356310355,0.32891504480965056,0.5,0.42857142857142855
211085,DDoS attacks-LOIC-HTTP,10,0.1111111111111111,-0.4303405572755417,-0.33333333333333337,0.16177493392683265,0.10356310356310355,0.30527593602452857,0.5,1.0
211085,DDoS attacks-LOIC-HTTP,20,0.17647058823529413,-0.4249045072574484,-0.30837789661319076,0.16177493392683265,0.10356310356310355,0.2975525719620142,0.5,1.0
211126,Bot,3,0.2,-0.19999999999999998,-0.19999999999999998,0.03825288635415218,0.023643023643023644,0.2656826568265683,1.0,0.2
211126,Bot,5,0.1111111111111111,-0.39999999999999997,-0.3888888888888889,0.03825288635415218,0.023643023643023644,0.2523674635540035,1.0,0.25
211126,Bot,10,0.1111111111111111,-0.4406604747162023,-0.33333333333333337,0.03825288635415218,0.023643023643023644,0.24203758720290527,0.5,0.8181818181818182
211126,Bot,20,0.14285714285714285,-0.49747899159663866,-0.361344537815126,0.03825288635415218,0.023643023643023644,0.23511728622640227,0.6,1.0
211143,DoS attacks-SlowHTTPTest,3,0.2,0.19999999999999998,0.19999999999999998,0.26078984306832403,0.1794871794871795,0.6346863468634687,1.0,0.2
211143,DoS attacks-SlowHTTPTest,5,0.1111111111111111,-0.25,-0.2222222222222222,0.26078984306832403,0.1794871794871795,0.4965617445239432,1.0,0.25
211143,DoS attacks-SlowHTTPTest,10,0.17647058823529413,-0.3921568627450981,-0.338235294117647,0.26078984306832403,0.1794871794871795,0.389863479253935,0.6666666666666666,0.8181818181818182
211143,DoS attacks-SlowHTTPTest,20,0.3333333333333333,-0.2671857619577308,-0.19999999999999998,0.26078984306832403,0.1794871794871795,0.39229404412854296,0.3,1.0
211580,DoS attacks-SlowHTTPTest,3,0.2,0.09999999999999999,0.0,0.1709303354872975,0.11355311355311355,0.6346863468634687,1.0,0.2
211580,DoS attacks-SlowHTTPTest,5,0.25,-0.11904761904761905,-0.14285714285714285,0.1709303354872975,0.11355311355311355,0.5286049180728187,0.5,0.25
211580,DoS attacks-SlowHTTPTest,10,0.17647058823529413,-0.24264705882352944,-0.14705882352941174,0.1709303354872975,0.11355311355311355,0.436776580503655,0.6666666666666666,0.6666666666666666
211580,DoS attacks-SlowHTTPTest,20,0.21212121212121213,-0.36196524064171126,-0.2878787878787879,0.1709303354872975,0.11355311355311355,0.40217778140732974,0.42857142857142855,1.0
211898,Brute Force -Web,3,0.2,0.09999999999999999,0.0,0.1529483175052795,0.10023310023310024,0.6346863468634687,1.0,0.2
211898,Brute Force -Web,5,0.1111111111111111,-0.19999999999999998,-0.16666666666666666,0.1529483175052795,0.10023310023310024,0.4965617445239432,1.0,0.42857142857142855
211898,Brute Force -Web,10,0.17647058823529413,-0.2720588235294118,-0.1764705882352941,0.1529483175052795,0.10023310023310024,0.43315268733733264,1.0,0.8181818181818182
211898,Brute Force -Web,20,0.21212121212121213,-0.27807486631016043,-0.21590909090909094,0.1529483175052795,0.10023310023310024,0.4078817069434952,0.8571428571428571,1.0
212280,Infilteration,3,0.0,-0.942857142857143,-0.8666666666666666,0.25160915034332754,0.17682317682317683,0.0,,0.2
212280,Infilteration,5,0.1111111111111111,-0.6833333333333333,-0.5,0.25160915034332754,0.17682317682317683,0.076547581255647,1.0,0.42857142857142855
212280,Infilteration,10,0.17647058823529413,-0.35294117647058826,-0.2352941176470588,0.25160915034332754,0.17682317682317683,0.1807305416010118,0.6666666666666666,1.0
212280,Infilteration,20,0.3333333333333333,-0.3837597330367074,-0.28735632183908044,0.25160915034332754,0.17682317682317683,0.23196093204086107,0.5,1.0
213106,FTP-BruteForce,3,0.2,0.0,-0.19999999999999998,0.27616687110357996,0.19080919080919082,0.6346863468634687,1.0,0.2
213106,FTP-BruteForce,5,0.1111111111111111,-0.33333333333333337,-0.3888888888888889,0.27616687110357996,0.19080919080919082,0.4965617445239432,1.0,0.1111111111111111
213106,FTP-BruteForce,10,0.1111111111111111,-0.43653250773993807,-0.281045751633987,0.27616687110357996,0.19080919080919082,0.3747359036497853,1.0,0.8181818181818182
213106,FTP-BruteForce,20,0.3333333333333333,-0.3819799777530589,-0.2413793103448276,0.27616687110357996,0.19080919080919082,0.3575767353233047,0.4,1.0
214305,DoS attacks-SlowHTTPTest,3,0.5,0.39999999999999997,0.3333333333333334,0.36321905942159105,0.24542124542124544,0.7343173431734318,1.0,0.5
214305,DoS attacks-SlowHTTPTest,5,0.25,0.19047619047619052,0.14285714285714285,0.36321905942159105,0.24542124542124544,0.6390417816414738,1.0,0.25
214305,DoS attacks-SlowHTTPTest,10,0.3333333333333333,-0.06785714285714285,-0.04761904761904762,0.36321905942159105,0.24542124542124544,0.5419750926495139,1.0,0.8181818181818182
214305,DoS attacks-SlowHTTPTest,20,0.3333333333333333,-0.07808676307007786,-0.06206896551724138,0.36321905942159105,0.24542124542124544,0.523240269887881,0.6,1.0
214884,Bot,3,0.0,-1.0,-0.9999999999999999,0.016780687666763616,-0.000333000333000333,0.0,,0.2
214884,Bot,5,0.0,-0.9272727272727272,-0.8222222222222221,0.016780687666763616,-0.000333000333000333,0.0,,0.42857142857142855
214884,Bot,10,0.0,-0.7458646616541353,-0.5263157894736842,0.016780687666763616,-0.000333000333000333,0.0,,0.6666666666666666
214884,Bot,20,0.21212121212121213,-0.7162433155080214,-0.5151515151515151,0.016780687666763616,-0.000333000333000333,0.03764057614180297,0.2857142857142857,1.0
214964,Brute Force -XSS,3,0.0,-0.942857142857143,-0.8666666666666666,0.11050974342113583,0.07825507825507826,0.0,,0.2
214964,Brute Force -XSS,5,0.1111111111111111,-0.75,-0.611111111111111,0.11050974342113583,0.07825507825507826,0.03204317354887549,0.0,0.1111111111111111
214964,Brute Force -XSS,10,0.05263157894736842,-0.7070175438596492,-0.5906432748538012,0.11050974342113583,0.07825507825507826,0.06938416015685508,0.0,0.8181818181818182
214964,Brute Force -XSS,20,0.25,-0.4211876832844574,-0.2943548387096775,0.11050974342113583,0.07825507825507826,0.12214595954211174,0.375,1.0
216718,Bot,3,0.2,-0.19999999999999998,-0.19999999999999998,0.005020296159536666,0.001665001665001665,0.2656826568265683,1.0,0.2
216718,Bot,5,0.1111111111111111,-0.2833333333333333,-0.2222222222222222,0.005020296159536666,0.001665001665001665,0.2523674635540035,1.0,0.6666666666666666
216718,Bot,10,0.1111111111111111,-0.3931888544891641,-0.25490196078431376,0.005020296159536666,0.001665001665001665,0.24203758720290527,0.5,1.0
216718,Bot,20,0.21212121212121213,-0.4127673796791444,-0.29924242424242425,0.005020296159536666,0.001665001665001665,0.24681167723354103,0.7142857142857143,1.0
217333,DDOS attack-HOIC,3,0.2,0.09999999999999999,0.0,0.05737300674009534,0.03363303363303363,0.6346863468634687,1.0,0.2
217333,DDOS attack-HOIC,5,0.1111111111111111,-0.21666666666666667,-0.2222222222222222,0.05737300674009534,0.03363303363303363,0.4965617445239432,1.0,0.6666666666666666
217333,DDOS attack-HOIC,10,0.05263157894736842,-0.4421052631578948,-0.2982456140350877,0.05737300674009534,0.03363303363303363,0.3614441988713819,1.0,0.8181818181818182
217333,DDOS attack-HOIC,20,0.14285714285714285,-0.5137254901960784,-0.3781512605042017,0.05737300674009534,0.03363303363303363,0.3093265114204799,0.6,1.0
218526,Benign,3,0.2,-0.49999999999999994,-0.39999999999999997,0.21005576701779233,0.1481851481851482,0.2656826568265683,1.0,0.5
218526,Benign,5,0.25,-0.09523809523809526,-0.07142857142857142,0.21005576701779233,0.1481851481851482,0.32891504480965056,0.5,0.42857142857142855
218526,Benign,10,0.17647058823529413,-0.04411764705882353,0.0,0.21005576701779233,0.1481851481851482,0.35451336558334434,0.6666666666666666,0.8181818181818182
218526,Benign,20,0.3333333333333333,-0.25428253615127916,-0.167816091954023,0.21005576701779233,0.1481851481851482,0.34441673313807597,0.3,1.0
218688,DoS attacks-GoldenEye,3,0.5,0.39999999999999997,0.3333333333333334,0.4129667800553876,0.2927072927072927,0.7343173431734318,1.0,0.5
218688,DoS attacks-GoldenEye,5,0.25,0.14285714285714288,0.07142857142857142,0.4129667800553876,0.2927072927072927,0.6390417816414738,1.0,0.42857142857142855
218688,DoS attacks-GoldenEye,10,0.5384615384615384,0.11538461538461539,0.05128205128205127,0.4129667800553876,0.2927072927072927,0.6404499517671457,0.7142857142857143,0.8181818181818182
218688,DoS attacks-GoldenEye,20,0.3793103448275862,0.22266009852216745,0.1625615763546798,0.4129667800553876,0.2927072927072927,0.6210590195776576,0.7272727272727273,1.0
219324,DoS attacks-GoldenEye,3,0.5,-1.0,-1.0,0.45823796456707844,0.31601731601731603,0.19926199261992625,1.0,0.5
219324,DoS attacks-GoldenEye,5,0.25,-0.04761904761904763,0.0,0.45823796456707844,0.31601731601731603,0.2849600742350614,1.0,0.25
219324,DoS attacks-GoldenEye,10,0.3333333333333333,-0.07857142857142857,-0.10476190476190476,0.45823796456707844,0.31601731601731603,0.3383506084014445,0.8,0.8181818181818182
219324,DoS attacks-GoldenEye,20,0.42857142857142855,0.039956212370005476,0.026455026455026457,0.45823796456707844,0.31601731601731603,0.3876049969127129,0.5833333333333334,1.0
219522,SSH-Bruteforce,3,0.2,-0.49999999999999994,-0.39999999999999997,0.21104212243452747,0.1455211455211455,0.2656826568265683,1.0,0.5
219522,SSH-Bruteforce,5,0.1111111111111111,-0.31666666666666665,-0.2222222222222222,0.21104212243452747,0.1455211455211455,0.2523674635540035,1.0,0.6666666666666666
219522,SSH-Bruteforce,10,0.17647058823529413,-0.37254901960784315,-0.2647058823529411,0.21104212243452747,0.1455211455211455,0.2479858086783234,0.6666666666666666,0.8181818181818182
219522,SSH-Bruteforce,20,0.2903225806451613,-0.2681451612903226,-0.21290322580645166,0.21104212243452747,0.1455211455211455,0.27752752739722514,0.7777777777777778,1.0
219640,DoS attacks-GoldenEye,3,0.2,0.0,-0.19999999999999998,0.3667345312914933,0.2554112554112554,0.6346863468634687,1.0,0.2
219640,DoS attacks-GoldenEye,5,0.1111111111111111,-0.35,-0.4444444444444444,0.3667345312914933,0.2554112554112554,0.4965617445239432,1.0,0.1111111111111111
219640,DoS attacks-GoldenEye,10,0.17647058823529413,-0.29901960784313725,-0.2647058823529411,0.3667345312914933,0.2554112554112554,0.423973333208601,1.0,0.8181818181818182
219640,DoS attacks-GoldenEye,20,0.2903225806451613,-0.2512096774193549,-0.178494623655914,0.3667345312914933,0.2554112554112554,0.3982825810293251,0.6666666666666666,1.0
219904,DDOS attack-HOIC,3,0.2,0.19999999999999998,0.19999999999999998,0.2637742004830612,0.18215118215118214,0.6346863468634687,1.0,0.2
219904,DDOS attack-HOIC,5,0.1111111111111111,-0.35,-0.3888888888888889,0.2637742004830612,0.18215118215118214,0.4965617445239432,1.0,0.42857142857142855
219904,DDOS attack-HOIC,10,0.1111111111111111,-0.391124871001032,-0.25490196078431376,0.2637742004830612,0.18215118215118214,0.3673924203468,0.5,1.0
219904,DDOS attack-HOIC,20,0.14285714285714285,-0.47927170868347335,-0.35126050420168065,0.2637742004830612,0.18215118215118214,0.32610965798296543,0.2,1.0
220024,FTP-BruteForce,3,0.2,0.09999999999999999,0.0,0.3468050936405367,0.24475524475524477,0.6346863468634687,1.0,0.2
220024,FTP-BruteForce,5,0.1111111111111111,-0.11666666666666665,-0.05555555555555555,0.3468050936405367,0.24475524475524477,0.4965617445239432,1.0,0.25
220024,FTP-BruteForce,10,0.1111111111111111,-0.40763673890608876,-0.30718954248366015,0.3468050936405367,0.24475524475524477,0.3747359036497853,1.0,0.8181818181818182
220024,FTP-BruteForce,20,0.2903225806451613,-0.2814516129032258,-0.19569892473118283,0.3468050936405367,0.24475524475524477,0.3786688029394094,0.3333333333333333,1.0
220146,Brute Force -XSS,3,0.0,-0.7714285714285715,-0.6,0.5259929943474246,0.4105894105894106,0.0,,0.2
220146,Brute Force -XSS,5,0.25,-0.6190476190476191,-0.42857142857142855,0.5259929943474246,0.4105894105894106,0.10859075480452249,0.0,0.42857142857142855
220146,Brute Force -XSS,10,0.17647058823529413,-0.3970588235294118,-0.2941176470588235,0.5259929943474246,0.4105894105894106,0.17269811206418287,0.0,0.6666666666666666
220146,Brute Force -XSS,20,0.25,-0.3610703812316715,-0.2903225806451613,0.5259929943474246,0.4105894105894106,0.21873336954231734,0.0,1.0
220347,DDOS attack-LOIC-UDP,3,0.0,-0.7142857142857143,-0.4666666666666666,0.7867196095044195,0.6696636696636696,0.0,,0.0
220347,DDOS attack-LOIC-UDP,5,0.1111111111111111,-0.6166666666666666,-0.4444444444444444,0.7867196095044195,0.6696636696636696,0.076547581255647,0.0,0.25
220347,DDOS attack-LOIC-UDP,10,0.1111111111111111,-0.5046439628482973,-0.39869281045751637,0.7867196095044195,0.6696636696636696,0.13149311204219602,0.0,0.8181818181818182
220347,DDOS attack-LOIC-UDP,20,0.2903225806451613,-0.4641129032258065,-0.30752688172043013,0.7867196095044195,0.6696636696636696,0.15065857724919732,0.0,1.0
220435,DDoS attacks-LOIC-HTTP,3,0.0,-0.7714285714285715,-0.6,0.36544468190037804,0.2400932400932401,0.0,,0.2
220435,DDoS attacks-LOIC-HTTP,5,0.0,-0.5757575757575757,-0.28888888888888886,0.36544468190037804,0.2400932400932401,0.0,,0.25
220435,DDoS attacks-LOIC-HTTP,10,0.17647058823529413,-0.6127450980392157,-0.39705882352941174,0.36544468190037804,0.2400932400932401,0.04602382456112258,0.6666666666666666,0.8181818181818182
220435,DDoS attacks-LOIC-HTTP,20,0.21212121212121213,-0.3823529411764706,-0.27272727272727276,0.36544468190037804,0.2400932400932401,0.12000789473000109,0.5714285714285714,1.0
220454,DoS attacks-Slowloris,3,0.2,-0.6,-0.39999999999999997,0.32765968209006185,0.2181152181152181,0.09963099630996312,1.0,0.5
220454,DoS attacks-Slowloris,5,0.1111111111111111,-0.38333333333333336,-0.2777777777777778,0.32765968209006185,0.2181152181152181,0.1424800371175307,1.0,0.25
220454,DoS attacks-Slowloris,10,0.1111111111111111,-0.39938080495356043,-0.22875816993464054,0.32765968209006185,0.2181152181152181,0.16129096752431069,1.0,0.8181818181818182
220454,DoS attacks-Slowloris,20,0.25,-0.2551319648093841,-0.15725806451612906,0.32765968209006185,0.2181152181152181,0.20409720735896741,0.75,1.0
220526,SSH-Bruteforce,3,0.2,-0.49999999999999994,-0.39999999999999997,0.3238154250812479,0.22743922743922743,0.2656826568265683,1.0,0.5
220526,SSH-Bruteforce,5,0.1111111111111111,-0.2833333333333333,-0.16666666666666666,0.3238154250812479,0.22743922743922743,0.2523674635540035,1.0,0.42857142857142855
220526,SSH-Bruteforce,10,0.1111111111111111,-0.32507739938080493,-0.21568627450980396,0.3238154250812479,0.22743922743922743,0.25714763515143474,1.0,0.8181818181818182
220526,SSH-Bruteforce,20,0.25,-0.26502932551319647,-0.2056451612903226,0.3238154250812479,0.22743922743922743,0.28565400800421337,0.625,1.0
222932,SSH-Bruteforce,3,0.2,-0.49999999999999994,-0.39999999999999997,0.17222018487841273,0.11621711621711622,0.2656826568265683,1.0,0.5
222932,SSH-Bruteforce,5,0.1111111111111111,-0.31666666666666665,-0.2222222222222222,0.17222018487841273,0.11621711621711622,0.2523674635540035,1.0,0.42857142857142855
222932,SSH-Bruteforce,10,0.05263157894736842,-0.5228070175438596,-0.40350877192982454,0.17222018487841273,0.11621711621711622,0.20791020559261889,1.0,0.8181818181818182
222932,SSH-Bruteforce,20,0.25,-0.38269794721407624,-0.2903225806451613,0.17222018487841273,0.11621711621711622,0.23381442641936082,0.75,1.0
223359,DDOS attack-LOIC-UDP,3,0.0,-0.7142857142857143,-0.4666666666666666,0.7913984749427786,0.6776556776556777,0.0,,0.2
223359,DDOS attack-LOIC-UDP,5,0.1111111111111111,-0.6166666666666666,-0.4444444444444444,0.7913984749427786,0.6776556776556777,0.076547581255647,0.0,0.25
223359,DDOS attack-LOIC-UDP,10,0.1111111111111111,-0.47368421052631576,-0.35947712418300654,0.7913984749427786,0.6776556776556777,0.13149311204219602,0.0,0.8181818181818182
223359,DDOS attack-LOIC-UDP,20,0.2903225806451613,-0.42701612903225805,-0.25591397849462366,0.7913984749427786,0.6776556776556777,0.15106875473713477,0.0,1.0
224113,Infilteration,3,0.0,-0.7714285714285715,-0.6,0.16989339774149897,0.11355311355311355,0.0,,0.2
224113,Infilteration,5,0.1111111111111111,-0.6833333333333333,-0.5,0.16989339774149897,0.11355311355311355,0.076547581255647,1.0,0.6666666666666666
224113,Infilteration,10,0.1111111111111111,-0.6367389060887513,-0.5032679738562092,0.16989339774149897,0.11355311355311355,0.10331395190732774,0.5,0.8181818181818182
224113,Infilteration,20,0.2903225806451613,-0.4758064516129033,-0.3419354838709678,0.16989339774149897,0.11355311355311355,0.15368862201904276,0.6666666666666666,1.0
224475,DDOS attack-HOIC,3,0.2,-0.3,-0.19999999999999998,0.19968638955980728,0.13619713619713622,0.2656826568265683,1.0,0.2
224475,DDOS attack-HOIC,5,0.1111111111111111,-0.31666666666666665,-0.2222222222222222,0.19968638955980728,0.13619713619713622,0.2523674635540035,1.0,0.42857142857142855
224475,DDOS attack-HOIC,10,0.05263157894736842,-0.47017543859649114,-0.3216374269005848,0.19968638955980728,0.13619713619713622,0.20791020559261889,1.0,0.8181818181818182
224475,DDOS attack-HOIC,20,0.21212121212121213,-0.5618315508021391,-0.38636363636363635,0.19968638955980728,0.13619713619713622,0.18596416036519703,0.2857142857142857,1.0
225548,Brute Force -XSS,3,0.0,-0.8285714285714287,-0.7333333333333333,0.18936759443088552,0.13086913086913088,0.0,,0.2
225548,Brute Force -XSS,5,0.0,-0.709090909090909,-0.5111111111111111,0.18936759443088552,0.13086913086913088,0.0,,0.1111111111111111
225548,Brute Force -XSS,10,0.1111111111111111,-0.6945304437564499,-0.4379084967320262,0.18936759443088552,0.13086913086913088,0.011896442950836214,0.0,0.8181818181818182
225548,Brute Force -XSS,20,0.2903225806451613,-0.5024193548387098,-0.33333333333333337,0.18936759443088552,0.13086913086913088,0.09224879056296913,0.5555555555555556,1.0
226389,Infilteration,3,0.0,-0.942857142857143,-0.8666666666666666,0.09920459287547893,0.06826506826506827,0.0,,0.5
226389,Infilteration,5,0.1111111111111111,-0.8499999999999999,-0.7222222222222222,0.09920459287547893,0.06826506826506827,0.03204317354887549,1.0,0.42857142857142855
226389,Infilteration,10,0.25,-0.5735294117647058,-0.41666666666666663,0.09920459287547893,0.06826506826506827,0.14520499927247774,0.5,0.8181818181818182
226389,Infilteration,20,0.21212121212121213,-0.1557486631016043,-0.09848484848484848,0.09920459287547893,0.06826506826506827,0.22303169268733694,0.42857142857142855,1.0
226506,DoS attacks-Hulk,3,0.2,0.0,-0.19999999999999998,0.10962455266252735,0.08424908424908426,0.6346863468634687,1.0,0.5
226506,DoS attacks-Hulk,5,0.1111111111111111,-0.33333333333333337,-0.3888888888888889,0.10962455266252735,0.08424908424908426,0.4965617445239432,1.0,0.42857142857142855
226506,DoS attacks-Hulk,10,0.05263157894736842,-0.46315789473684205,-0.34502923976608185,0.10962455266252735,0.08424908424908426,0.3614441988713819,1.0,0.8181818181818182
226506,DoS attacks-Hulk,20,0.1111111111111111,-0.5127413127413128,-0.3682539682539683,0.10962455266252735,0.08424908424908426,0.3273586908594394,0.75,1.0
227301,DoS attacks-Slowloris,3,0.0,-0.6571428571428573,-0.4666666666666666,0.4235890691586894,0.298035298035298,0.0,,0.2
227301,DoS attacks-Slowloris,5,0.1111111111111111,-0.5333333333333333,-0.3888888888888889,0.4235890691586894,0.298035298035298,0.076547581255647,1.0,0.42857142857142855
227301,DoS attacks-Slowloris,10,0.25,-0.3,-0.25,0.4235890691586894,0.298035298035298,0.19402224637941523,0.75,0.8181818181818182
227301,DoS attacks-Slowloris,20,0.2903225806451613,-0.15443548387096775,-0.0924731182795699,0.4235890691586894,0.298035298035298,0.24302235188126603,0.5555555555555556,1.0
227974,Benign,3,0.2,0.19999999999999998,0.19999999999999998,0.3623591598275142,0.25274725274725274,0.6346863468634687,1.0,0.5
227974,Benign,5,0.25,-0.023809523809523815,0.07142857142857142,0.3623591598275142,0.25274725274725274,0.5286049180728187,1.0,1.0
227974,Benign,10,0.3333333333333333,0.017857142857142853,0.009523809523809525,0.3623591598275142,0.25274725274725274,0.5274848749757426,0.6,0.8181818181818182
227974,Benign,20,0.25,0.002565982404692082,0.03225806451612904,0.3623591598275142,0.25274725274725274,0.5026548428140576,0.5,1.0
228216,DDOS attack-LOIC-UDP,3,0.0,-0.7142857142857143,-0.4666666666666666,0.7901844990452584,0.6776556776556777,0.0,,0.0
228216,DDOS attack-LOIC-UDP,5,0.1111111111111111,-0.6666666666666667,-0.5,0.7901844990452584,0.6776556776556777,0.076547581255647,0.0,0.25
228216,DDOS attack-LOIC-UDP,10,0.1111111111111111,-0.5170278637770898,-0.3725490196078432,0.7901844990452584,0.6776556776556777,0.11065743521031306,0.0,0.8181818181818182
228216,DDOS attack-LOIC-UDP,20,0.2903225806451613,-0.4318548387096775,-0.25591397849462366,0.7901844990452584,0.6776556776556777,0.1366745386596978,0.0,1.0
230078,SSH-Bruteforce,3,0.2,-0.7999999999999999,-0.6,0.45722631798581165,0.326007326007326,0.09963099630996312,1.0,0.2
230078,SSH-Bruteforce,5,0.25,-0.30952380952380953,-0.14285714285714285,0.45722631798581165,0.326007326007326,0.2190276183731777,1.0,0.42857142857142855
230078,SSH-Bruteforce,10,0.3333333333333333,0.021428571428571425,-0.009523809523809525,0.45722631798581165,0.326007326007326,0.3328421549965908,0.8,0.8181818181818182
230078,SSH-Bruteforce,20,0.2903225806451613,0.050403225806451624,0.027956989247311832,0.45722631798581165,0.326007326007326,0.38060971203941485,0.7777777777777778,1.0
231078,Benign,3,0.2,-0.49999999999999994,-0.39999999999999997,0.3252823126240847,0.23143523143523145,0.2656826568265683,1.0,0.2
231078,Benign,5,0.25,-0.07142857142857144,0.0,0.3252823126240847,0.23143523143523145,0.32891504480965056,1.0,0.6666666666666666
231078,Benign,10,0.3333333333333333,0.12142857142857141,0.14285714285714288,0.3252823126240847,0.23143523143523145,0.3810967751401512,1.0,0.8181818181818182
231078,Benign,20,0.3333333333333333,0.09944382647385984,0.06206896551724138,0.3252823126240847,0.23143523143523145,0.41411044823278753,0.6,1.0
231252,DoS attacks-GoldenEye,3,0.5,0.7999999999999999,0.6666666666666669,0.3362586780308299,0.2261072261072261,0.900369003690037,1.0,0.5
231252,DoS attacks-GoldenEye,5,0.25,0.19047619047619052,0.0,0.3362586780308299,0.2261072261072261,0.7489292080779467,1.0,0.42857142857142855
231252,DoS attacks-GoldenEye,10,0.25,-0.1176470588235294,-0.08333333333333334,0.3362586780308299,0.2261072261072261,0.5977736848465539,1.0,0.8181818181818182
231252,DoS attacks-GoldenEye,20,0.25,-0.0784457478005865,-0.04435483870967743,0.3362586780308299,0.2261072261072261,0.5534843327998401,0.875,1.0
231326,DoS attacks-GoldenEye,3,0.5,0.39999999999999997,0.3333333333333334,0.3735631457150444,0.26406926406926406,0.7343173431734318,1.0,0.5
231326,DoS attacks-GoldenEye,5,0.42857142857142855,0.25,0.23809523809523814,0.3735631457150444,0.26406926406926406,0.6710849551903494,1.0,0.6666666666666666
231326,DoS attacks-GoldenEye,10,0.3333333333333333,0.1464285714285714,0.10476190476190476,0.3735631457150444,0.26406926406926406,0.6248339186796465,1.0,0.6666666666666666
231326,DoS attacks-GoldenEye,20,0.42857142857142855,0.24521072796934865,0.19576719576719576,0.3735631457150444,0.26406926406926406,0.6053964044701167,0.5833333333333334,1.0
231364,DDOS attack-LOIC-UDP,3,0.0,-0.7142857142857143,-0.4666666666666666,0.7827488966729472,0.665001665001665,0.0,,0.0
231364,DDOS attack-LOIC-UDP,5,0.1111111111111111,-0.65,-0.5,0.7827488966729472,0.665001665001665,0.076547581255647,0.0,0.25
231364,DDOS attack-LOIC-UDP,10,0.05263157894736842,-0.5929824561403508,-0.4502923976608187,0.7827488966729472,0.665001665001665,0.09736573043190963,0.0,0.8181818181818182
231364,DDOS attack-LOIC-UDP,20,0.2903225806451613,-0.5173387096774195,-0.33763440860215055,0.7827488966729472,0.665001665001665,0.11945013368937048,0.0,1.0
231380,Infilteration,3,0.0,-0.8285714285714287,-0.7333333333333333,0.24118919055627916,0.17016317016317017,0.0,,0.5
231380,Infilteration,5,0.0,-0.8424242424242423,-0.6444444444444444,0.24118919055627916,0.17016317016317017,0.0,,0.6666666666666666
231380,Infilteration,10,0.3333333333333333,-0.6142857142857142,-0.3904761904761905,0.24118919055627916,0.17016317016317017,0.08178658824666106,0.2,0.8181818181818182
231380,Infilteration,20,0.25,-0.14589442815249265,-0.12500000000000003,0.24118919055627916,0.17016317016317017,0.18244610933252414,0.375,1.0
231677,Bot,3,0.0,-0.7714285714285715,-0.6,0.07555735403836669,0.04828504828504829,0.0,,0.2
231677,Bot,5,0.0,-0.7818181818181817,-0.6,0.07555735403836669,0.04828504828504829,0.0,,0.6666666666666666
231677,Bot,10,0.05263157894736842,-0.6403508771929824,-0.4269005847953216,0.07555735403836669,0.04828504828504829,0.03412738161028636,1.0,0.6666666666666666
231677,Bot,20,0.21212121212121213,-0.5310828877005348,-0.32954545454545453,0.07555735403836669,0.04828504828504829,0.07072361513912896,0.42857142857142855,1.0
232102,Brute Force -Web,3,0.2,0.09999999999999999,0.0,0.06814704283058713,0.04628704628704629,0.6346863468634687,1.0,0.5
232102,Brute Force -Web,5,0.1111111111111111,-0.2333333333333333,-0.2222222222222222,0.06814704283058713,0.04628704628704629,0.4965617445239432,1.0,0.6666666666666666
232102,Brute Force -Web,10,0.25,-0.17352941176470588,-0.13333333333333333,0.06814704283058713,0.04628704628704629,0.4556237462444677,0.75,0.6666666666666666
232102,Brute Force -Web,20,0.21212121212121213,-0.19986631016042783,-0.16666666666666666,0.06814704283058713,0.04628704628704629,0.4365318465605379,0.8571428571428571,1.0
233659,Bot,3,0.0,-1.0,-0.9999999999999999,0.10787946230984205,0.07825507825507826,0.0,,0.2
233659,Bot,5,0.0,-0.8666666666666665,-0.6888888888888888,0.10787946230984205,0.07825507825507826,0.0,,0.25
233659,Bot,10,0.05263157894736842,-0.7421052631578948,-0.49707602339181284,0.10787946230984205,0.07825507825507826,0.005948221475418107,1.0,0.6666666666666666
233659,Bot,20,0.14285714285714285,-0.5394957983193278,-0.34789915966386553,0.10787946230984205,0.07825507825507826,0.04928080960049882,0.6,1.0
233807,DoS attacks-GoldenEye,3,0.2,0.09999999999999999,0.0,0.18180553623591597,0.11754911754911755,0.6346863468634687,1.0,0.2
233807,DoS attacks-GoldenEye,5,0.1111111111111111,-0.21666666666666667,-0.16666666666666666,0.18180553623591597,0.11754911754911755,0.4965617445239432,1.0,0.42857142857142855
233807,DoS attacks-GoldenEye,10,0.1111111111111111,-0.4654282765737873,-0.3725490196078432,0.18180553623591597,0.11754911754911755,0.3747359036497853,1.0,0.8181818181818182
233807,DoS attacks-GoldenEye,20,0.21212121212121213,-0.4268048128342246,-0.3257575757575758,0.18180553623591597,0.11754911754911755,0.3423388774061223,0.5714285714285714,1.0
234611,DDOS attack-HOIC,3,0.2,-0.3,-0.19999999999999998,0.24943411019360384,0.16083916083916083,0.2656826568265683,1.0,0.2
234611,DDOS attack-HOIC,5,0.1111111111111111,-0.43333333333333335,-0.4444444444444444,0.24943411019360384,0.16083916083916083,0.2523674635540035,1.0,0.42857142857142855
234611,DDOS attack-HOIC,10,0.05263157894736842,-0.5052631578947369,-0.391812865497076,0.24943411019360384,0.16083916083916083,0.20791020559261889,1.0,0.8181818181818182
234611,DDOS attack-HOIC,20,0.17647058823529413,-0.5663865546218487,-0.41176470588235303,0.24943411019360384,0.16083916083916083,0.18895578815003386,0.3333333333333333,1.0
236167,Infilteration,3,0.2,-0.09999999999999999,0.0,0.32414421022015955,0.22011322011322013,0.2656826568265683,0.0,0.5
236167,Infilteration,5,0.25,-0.3571428571428572,-0.2857142857142857,0.32414421022015955,0.22011322011322013,0.28441063710287906,0.0,0.6666666666666666
236167,Infilteration,10,0.25,-0.22058823529411767,-0.15,0.32414421022015955,0.22011322011322013,0.3057136461320272,0.5,0.8181818181818182
236167,Infilteration,20,0.3333333333333333,-0.22135706340378197,-0.18160919540229886,0.32414421022015955,0.22011322011322013,0.33339595187376536,0.3,1.0
240251,DoS attacks-Hulk,3,0.2,0.09999999999999999,0.0,0.18494164063784316,0.1208791208791209,0.6346863468634687,1.0,0.5
240251,DoS attacks-Hulk,5,0.1111111111111111,-0.3,-0.2777777777777778,0.18494164063784316,0.1208791208791209,0.4965617445239432,1.0,0.42857142857142855
240251,DoS attacks-Hulk,10,0.05263157894736842,-0.46140350877192987,-0.2982456140350877,0.18494164063784316,0.1208791208791209,0.3614441988713819,1.0,0.8181818181818182
240251,DoS attacks-Hulk,20,0.21212121212121213,-0.34759358288770054,-0.23863636363636362,0.18494164063784316,0.1208791208791209,0.34575055101135005,0.7142857142857143,1.0
241153,Brute Force -XSS,3,0.0,-0.6571428571428573,-0.4666666666666666,0.2837542204630812,0.19746919746919744,0.0,,0.0
241153,Brute Force -XSS,5,0.0,-0.6848484848484848,-0.4666666666666666,0.2837542204630812,0.19746919746919744,0.0,,0.25
241153,Brute Force -XSS,10,0.05263157894736842,-0.7491228070175439,-0.5321637426900584,0.2837542204630812,0.19746919746919744,0.005948221475418107,0.0,0.8181818181818182
241153,Brute Force -XSS,20,0.3793103448275862,-0.4083743842364531,-0.28571428571428564,0.2837542204630812,0.19746919746919744,0.10349196870309621,0.36363636363636365,1.0
241432,DoS attacks-Slowloris,3,0.0,-0.6,-0.3333333333333333,0.38529824605773977,0.25807525807525805,0.0,,0.2
241432,DoS attacks-Slowloris,5,0.1111111111111111,-0.5333333333333333,-0.3888888888888889,0.38529824605773977,0.25807525807525805,0.076547581255647,1.0,0.42857142857142855
241432,DoS attacks-Slowloris,10,0.25,-0.3588235294117647,-0.2833333333333333,0.38529824605773977,0.25807525807525805,0.18236592367626392,0.75,0.8181818181818182
241432,DoS attacks-Slowloris,20,0.2903225806451613,-0.14475806451612905,-0.07096774193548387,0.38529824605773977,0.25807525807525805,0.22787067842852854,0.5555555555555556,1.0
242833,SSH-Bruteforce,3,0.2,-0.49999999999999994,-0.39999999999999997,0.32439712186547626,0.21345321345321347,0.2656826568265683,1.0,0.5
242833,SSH-Bruteforce,5,0.1111111111111111,-0.31666666666666665,-0.2222222222222222,0.32439712186547626,0.21345321345321347,0.2523674635540035,1.0,0.6666666666666666
242833,SSH-Bruteforce,10,0.1111111111111111,-0.35397316821465424,-0.25490196078431376,0.32439712186547626,0.21345321345321347,0.25714763515143474,1.0,0.8181818181818182
242833,SSH-Bruteforce,20,0.2903225806451613,-0.21733870967741936,-0.1698924731182796,0.32439712186547626,0.21345321345321347,0.2939865567561382,0.7777777777777778,1.0
243113,FTP-BruteForce,3,0.2,-0.3,-0.19999999999999998,0.3741701336638045,0.25607725607725607,0.2656826568265683,1.0,0.5
243113,FTP-BruteForce,5,0.25,-0.04761904761904763,0.0,0.3741701336638045,0.25607725607725607,0.32891504480965056,1.0,0.42857142857142855
243113,FTP-BruteForce,10,0.3333333333333333,-0.007142857142857141,0.04761904761904762,0.3741701336638045,0.25607725607725607,0.35864324388863644,0.8,0.8181818181818182
243113,FTP-BruteForce,20,0.25,-0.09897360703812315,-0.09274193548387098,0.3741701336638045,0.25607725607725607,0.3812977215392756,0.625,1.0
243512,Brute Force -Web,3,0.2,-0.6,-0.39999999999999997,0.34111458162091074,0.28471528471528473,0.09963099630996312,0.0,0.2
243512,Brute Force -Web,5,0.1111111111111111,-0.33333333333333337,-0.2222222222222222,0.34111458162091074,0.28471528471528473,0.1424800371175307,0.0,0.25
243512,Brute Force -Web,10,0.17647058823529413,-0.4093137254901961,-0.2941176470588235,0.34111458162091074,0.28471528471528473,0.16723918899972878,0.0,0.6666666666666666
243512,Brute Force -Web,20,0.2903225806451613,-0.33830645161290324,-0.2688172043010753,0.34111458162091074,0.28471528471528473,0.22462233034500975,0.0,1.0
243596,Bot,3,0.2,-0.19999999999999998,-0.19999999999999998,0.17902350813743215,0.12687312687312688,0.2656826568265683,1.0,0.2
243596,Bot,5,0.1111111111111111,-0.41666666666666663,-0.3888888888888889,0.17902350813743215,0.12687312687312688,0.2523674635540035,1.0,0.42857142857142855
243596,Bot,10,0.1111111111111111,-0.5356037151702786,-0.4248366013071896,0.17902350813743215,0.12687312687312688,0.24203758720290527,0.5,0.6666666666666666
243596,Bot,20,0.21212121212121213,-0.43081550802139046,-0.3106060606060606,0.17902350813743215,0.12687312687312688,0.24075324602786896,0.42857142857142855,1.0
244530,DoS attacks-Slowloris,3,0.0,-0.6571428571428573,-0.4666666666666666,0.3493089189291721,0.23942723942723942,0.0,,0.2
244530,DoS attacks-Slowloris,5,0.1111111111111111,-0.5333333333333333,-0.3888888888888889,0.3493089189291721,0.23942723942723942,0.076547581255647,1.0,0.42857142857142855
244530,DoS attacks-Slowloris,10,0.25,-0.3558823529411765,-0.3,0.3493089189291721,0.23942723942723942,0.18236592367626392,0.75,0.8181818181818182
244530,DoS attacks-Slowloris,20,0.2903225806451613,-0.1842741935483871,-0.12688172043010754,0.3493089189291721,0.23942723942723942,0.23264337706194102,0.5555555555555556,1.0
244749,Brute Force -Web,3,0.2,0.19999999999999998,0.19999999999999998,0.15524981347766156,0.10889110889110888,0.6346863468634687,1.0,0.2
244749,Brute Force -Web,5,0.1111111111111111,-0.18333333333333335,-0.1111111111111111,0.15524981347766156,0.10889110889110888,0.4965617445239432,1.0,0.42857142857142855
244749,Brute Force -Web,10,0.17647058823529413,-0.2720588235294118,-0.2352941176470588,0.15524981347766156,0.10889110889110888,0.43315268733733264,1.0,0.6666666666666666
244749,Brute Force -Web,20,0.2903225806451613,-0.2278225806451613,-0.20430107526881724,0.15524981347766156,0.10889110889110888,0.4158875901168518,0.6666666666666666,1.0
246629,Brute Force -Web,3,0.2,0.19999999999999998,0.19999999999999998,0.198168919687907,0.1441891441891442,0.6346863468634687,1.0,0.2
246629,Brute Force -Web,5,0.1111111111111111,-0.09999999999999999,0.0,0.198168919687907,0.1441891441891442,0.4965617445239432,1.0,0.25
246629,Brute Force -Web,10,0.17647058823529413,-0.24019607843137256,-0.19117647058823525,0.198168919687907,0.1441891441891442,0.43315268733733264,1.0,0.8181818181818182
246629,Brute Force -Web,20,0.17647058823529413,-0.29961802902979373,-0.22281639928698754,0.198168919687907,0.1441891441891442,0.40240577288040963,0.8333333333333334,1.0
247145,SSH-Bruteforce,3,0.2,-0.49999999999999994,-0.39999999999999997,0.280769863048344,0.19413919413919414,0.2656826568265683,1.0,0.5
247145,SSH-Bruteforce,5,0.1111111111111111,-0.3,-0.16666666666666666,0.280769863048344,0.19413919413919414,0.2523674635540035,1.0,0.42857142857142855
247145,SSH-Bruteforce,10,0.1111111111111111,-0.3828689370485036,-0.2679738562091504,0.280769863048344,0.19413919413919414,0.24203758720290527,1.0,1.0
247145,SSH-Bruteforce,20,0.17647058823529413,-0.27547746371275783,-0.20142602495543677,0.280769863048344,0.19413919413919414,0.26788675871285167,0.8333333333333334,1.0
247300,Infilteration,3,0.0,-0.7142857142857143,-0.4666666666666666,0.3078061179327002,0.20013320013320016,0.0,,0.2
247300,Infilteration,5,0.0,-0.8666666666666665,-0.6888888888888888,0.3078061179327002,0.20013320013320016,0.0,,0.42857142857142855
247300,Infilteration,10,0.1111111111111111,-0.7543859649122806,-0.5555555555555556,0.3078061179327002,0.20013320013320016,0.040075603085704466,1.0,0.8181818181818182
247300,Infilteration,20,0.3333333333333333,-0.3423804226918799,-0.22298850574712642,0.3078061179327002,0.20013320013320016,0.12659586566053735,0.6,1.0
247717,Brute Force -Web,3,0.2,-0.6,-0.39999999999999997,0.34111458162091074,0.28471528471528473,0.09963099630996312,0.0,0.2
247717,Brute Force -Web,5,0.1111111111111111,-0.33333333333333337,-0.2222222222222222,0.34111458162091074,0.28471528471528473,0.1424800371175307,0.0,0.25
247717,Brute Force -Web,10,0.17647058823529413,-0.4093137254901961,-0.2941176470588235,0.34111458162091074,0.28471528471528473,0.16723918899972878,0.0,0.6666666666666666
247717,Brute Force -Web,20,0.2903225806451613,-0.33830645161290324,-0.2688172043010753,0.34111458162091074,0.28471528471528473,0.22462233034500975,0.0,1.0
247766,DoS attacks-SlowHTTPTest,3,0.2,0.09999999999999999,0.0,0.2698187888061306,0.1754911754911755,0.6346863468634687,1.0,0.2
247766,DoS attacks-SlowHTTPTest,5,0.1111111111111111,-0.26666666666666666,-0.2777777777777778,0.2698187888061306,0.1754911754911755,0.4965617445239432,1.0,0.25
247766,DoS attacks-SlowHTTPTest,10,0.1111111111111111,-0.46955624355005166,-0.34640522875817,0.2698187888061306,0.1754911754911755,0.3673924203468,1.0,0.8181818181818182
247766,DoS attacks-SlowHTTPTest,20,0.3333333333333333,-0.46206896551724136,-0.32873563218390806,0.2698187888061306,0.1754911754911755,0.36070373078214285,0.3,1.0
247922,DoS attacks-GoldenEye,3,0.5,0.6000000000000001,0.3333333333333334,0.3838819408439661,0.26606726606726605,0.5313653136531366,1.0,0.2
247922,DoS attacks-GoldenEye,5,0.25,0.2380952380952381,0.07142857142857142,0.3838819408439661,0.26606726606726605,0.504734927108007,1.0,0.42857142857142855
247922,DoS attacks-GoldenEye,10,0.25,0.011764705882352941,0.0,0.3838819408439661,0.26606726606726605,0.4783495455224571,1.0,0.8181818181818182
247922,DoS attacks-GoldenEye,20,0.3333333333333333,-0.07274749721913237,-0.08505747126436781,0.3838819408439661,0.26606726606726605,0.47230351782644375,0.7,1.0
248218,Benign,3,0.2,-0.09999999999999999,0.0,0.27851894940502536,0.1968031968031968,0.2656826568265683,1.0,0.5
248218,Benign,5,0.42857142857142855,0.28571428571428575,0.23809523809523814,0.27851894940502536,0.1968031968031968,0.40546262606529754,0.6666666666666666,0.6666666666666666
248218,Benign,10,0.3333333333333333,0.20357142857142854,0.18095238095238098,0.27851894940502536,0.1968031968031968,0.4384044301419767,0.6,0.6666666666666666
248218,Benign,20,0.17647058823529413,-0.06890756302521009,-0.07308377896613191,0.27851894940502536,0.1968031968031968,0.4257471729786587,0.5,1.0
249823,SSH-Bruteforce,3,0.2,-0.6,-0.39999999999999997,0.1623313395465294,0.10889110889110888,0.09963099630996312,1.0,0.2
249823,SSH-Bruteforce,5,0.1111111111111111,-0.43333333333333335,-0.2222222222222222,0.1623313395465294,0.10889110889110888,0.1424800371175307,1.0,0.42857142857142855
249823,SSH-Bruteforce,10,0.25,-0.21764705882352942,-0.13333333333333333,0.1623313395465294,0.10889110889110888,0.23547642456468124,1.0,0.8181818181818182
249823,SSH-Bruteforce,20,0.21212121212121213,-0.1537433155080214,-0.15151515151515152,0.1623313395465294,0.10889110889110888,0.28996493830629266,0.7142857142857143,1.0
250642,Brute Force -Web,3,0.2,-0.39999999999999997,-0.39999999999999997,0.1592963998027289,0.10955710955710957,0.2656826568265683,1.0,0.5
250642,Brute Force -Web,5,0.1111111111111111,-0.35,-0.2222222222222222,0.1592963998027289,0.10955710955710957,0.2523674635540035,1.0,0.42857142857142855
250642,Brute Force -Web,10,0.17647058823529413,-0.3774509803921569,-0.2941176470588235,0.1592963998027289,0.10955710955710957,0.2796186940585698,1.0,1.0
250642,Brute Force -Web,20,0.17647058823529413,-0.27547746371275783,-0.21925133689839574,0.1592963998027289,0.10955710955710957,0.30233743400490454,0.8333333333333334,1.0
250894,Infilteration,3,0.0,-0.7714285714285715,-0.6,0.4560123420882914,0.3020313020313021,0.0,,0.5
250894,Infilteration,5,0.0,-0.6727272727272726,-0.4666666666666666,0.4560123420882914,0.3020313020313021,0.0,,0.42857142857142855
250894,Infilteration,10,0.3333333333333333,-0.27499999999999997,-0.18095238095238098,0.4560123420882914,0.3020313020313021,0.16836500441345648,0.6,0.8181818181818182
250894,Infilteration,20,0.3793103448275862,-0.02118226600985221,-0.07389162561576354,0.4560123420882914,0.3020313020313021,0.262560856684148,0.36363636363636365,1.0
252079,DDOS attack-LOIC-UDP,3,0.0,-0.7142857142857143,-0.4666666666666666,0.7880853323891297,0.6736596736596737,0.0,,0.0
252079,DDOS attack-LOIC-UDP,5,0.1111111111111111,-0.65,-0.5,0.7880853323891297,0.6736596736596737,0.076547581255647,0.0,0.25
252079,DDOS attack-LOIC-UDP,10,0.1111111111111111,-0.5954592363261093,-0.46405228758169936,0.7880853323891297,0.6736596736596737,0.10331395190732774,0.0,0.8181818181818182
252079,DDOS attack-LOIC-UDP,20,0.2903225806451613,-0.46491935483870966,-0.2817204301075269,0.7880853323891297,0.6736596736596737,0.13017484904618382,0.0,1.0
252600,Brute Force -XSS,3,0.0,-0.7714285714285715,-0.6,0.5166352634707064,0.4012654012654013,0.0,,0.2
252600,Brute Force -XSS,5,0.25,-0.6190476190476191,-0.42857142857142855,0.5166352634707064,0.4012654012654013,0.10859075480452249,0.0,0.42857142857142855
252600,Brute Force -XSS,10,0.17647058823529413,-0.3823529411764707,-0.2647058823529411,0.5166352634707064,0.4012654012654013,0.17269811206418287,0.0,0.6666666666666666
252600,Brute Force -XSS,20,0.25,-0.3577712609970674,-0.2862903225806452,0.5166352634707064,0.4012654012654013,0.2201982891420939,0.0,1.0
252615,DDOS attack-LOIC-UDP,3,0.0,-0.7142857142857143,-0.4666666666666666,0.7871495593014581,0.6736596736596737,0.0,,0.0
252615,DDOS attack-LOIC-UDP,5,0.1111111111111111,-0.65,-0.5,0.7871495593014581,0.6736596736596737,0.076547581255647,0.0,0.25
252615,DDOS attack-LOIC-UDP,10,0.05263157894736842,-0.6175438596491227,-0.48538011695906425,0.7871495593014581,0.6736596736596737,0.09736573043190963,0.0,0.8181818181818182
252615,DDOS attack-LOIC-UDP,20,0.2903225806451613,-0.47620967741935494,-0.2817204301075269,0.7871495593014581,0.6736596736596737,0.11693438973116974,0.0,1.0
252676,Brute Force -Web,3,0.2,0.0,-0.19999999999999998,0.10896698238470391,0.07692307692307691,0.6346863468634687,1.0,0.2
252676,Brute Force -Web,5,0.1111111111111111,-0.25,-0.2777777777777778,0.10896698238470391,0.07692307692307691,0.4965617445239432,1.0,0.42857142857142855
252676,Brute Force -Web,10,0.17647058823529413,-0.30147058823529416,-0.2205882352941176,0.10896698238470391,0.07692307692307691,0.43315268733733264,1.0,0.6666666666666666
252676,Brute Force -Web,20,0.14285714285714285,-0.315406162464986,-0.21008403361344538,0.10896698238470391,0.07692307692307691,0.3999540497108525,1.0,1.0
253046,Brute Force -Web,3,0.2,-0.6,-0.39999999999999997,0.34111458162091074,0.28471528471528473,0.09963099630996312,0.0,0.2
253046,Brute Force -Web,5,0.1111111111111111,-0.33333333333333337,-0.2222222222222222,0.34111458162091074,0.28471528471528473,0.1424800371175307,0.0,0.25
253046,Brute Force -Web,10,0.17647058823529413,-0.4093137254901961,-0.2941176470588235,0.34111458162091074,0.28471528471528473,0.16723918899972878,0.0,0.6666666666666666
253046,Brute Force -Web,20,0.2903225806451613,-0.33830645161290324,-0.2688172043010753,0.34111458162091074,0.28471528471528473,0.22462233034500975,0.0,1.0
253220,FTP-BruteForce,3,0.2,-0.3,-0.19999999999999998,0.3141542002301496,0.21878121878121878,0.2656826568265683,1.0,0.5
253220,FTP-BruteForce,5,0.25,-0.023809523809523815,0.07142857142857142,0.3141542002301496,0.21878121878121878,0.32891504480965056,1.0,0.25
253220,FTP-BruteForce,10,0.3333333333333333,-0.0857142857142857,-0.08571428571428572,0.3141542002301496,0.21878121878121878,0.35864324388863644,0.8,0.8181818181818182
253220,FTP-BruteForce,20,0.2903225806451613,-0.10806451612903227,-0.11827956989247314,0.3141542002301496,0.21878121878121878,0.3884626707625161,0.5555555555555556,1.0
253739,SSH-Bruteforce,3,0.2,-0.49999999999999994,-0.39999999999999997,0.20246841765829104,0.13886113886113888,0.2656826568265683,1.0,0.5
253739,SSH-Bruteforce,5,0.1111111111111111,-0.31666666666666665,-0.2222222222222222,0.20246841765829104,0.13886113886113888,0.2523674635540035,1.0,0.42857142857142855
253739,SSH-Bruteforce,10,0.17647058823529413,-0.34313725490196084,-0.2205882352941176,0.20246841765829104,0.13886113886113888,0.2479858086783234,0.6666666666666666,0.8181818181818182
253739,SSH-Bruteforce,20,0.25,-0.29032258064516125,-0.2298387096774194,0.20246841765829104,0.13886113886113888,0.278494821404837,0.875,1.0
254715,Brute Force -Web,3,0.0,-0.7714285714285715,-0.6,0.125633859811075,0.08624708624708624,0.0,,0.0
254715,Brute Force -Web,5,0.0,-0.6848484848484848,-0.4222222222222222,0.125633859811075,0.08624708624708624,0.0,,0.1111111111111111
254715,Brute Force -Web,10,0.0,-0.7714285714285714,-0.5368421052631579,0.125633859811075,0.08624708624708624,0.0,,1.0
254715,Brute Force -Web,20,0.1111111111111111,-0.6574002574002574,-0.4476190476190477,0.125633859811075,0.08624708624708624,0.04286062205185953,0.25,1.0
254773,Benign,3,0.0,-0.5428571428571429,-0.2,0.23284310626082777,0.1601731601731602,0.0,,0.2
254773,Benign,5,0.1111111111111111,-0.41666666666666663,-0.16666666666666666,0.23284310626082777,0.1601731601731602,0.076547581255647,1.0,0.25
254773,Benign,10,0.17647058823529413,-0.39460784313725494,-0.2941176470588235,0.23284310626082777,0.1601731601731602,0.15396417094933107,1.0,1.0
254773,Benign,20,0.25,-0.3310117302052786,-0.24193548387096778,0.23284310626082777,0.1601731601731602,0.20065894239384277,0.625,1.0
255062,DoS attacks-GoldenEye,3,0.2,0.19999999999999998,0.19999999999999998,0.3196676740980538,0.21545121545121546,0.6346863468634687,1.0,0.5
255062,DoS attacks-GoldenEye,5,0.1111111111111111,-0.2333333333333333,-0.2222222222222222,0.3196676740980538,0.21545121545121546,0.4965617445239432,1.0,0.42857142857142855
255062,DoS attacks-GoldenEye,10,0.25,-0.28529411764705886,-0.19999999999999998,0.3196676740980538,0.21545121545121546,0.4313343441672067,1.0,0.8181818181818182
255062,DoS attacks-GoldenEye,20,0.2903225806451613,-0.17661290322580647,-0.13548387096774195,0.3196676740980538,0.21545121545121546,0.4279606316202641,0.7777777777777778,1.0
255750,DoS attacks-Hulk,3,0.2,0.0,-0.19999999999999998,0.12411638993917475,0.07958707958707958,0.6346863468634687,1.0,0.2
255750,DoS attacks-Hulk,5,0.1111111111111111,-0.26666666666666666,-0.2777777777777778,0.12411638993917475,0.07958707958707958,0.4965617445239432,1.0,0.25
255750,DoS attacks-Hulk,10,0.05263157894736842,-0.4456140350877193,-0.3216374269005848,0.12411638993917475,0.07958707958707958,0.3614441988713819,1.0,0.8181818181818182
255750,DoS attacks-Hulk,20,0.21212121212121213,-0.41778074866310166,-0.2840909090909091,0.12411638993917475,0.07958707958707958,0.3272972302035406,0.7142857142857143,1.0
256591,Bot,3,0.2,-0.7,-0.6,0.05876402078933724,0.03896103896103897,0.2656826568265683,1.0,0.2
256591,Bot,5,0.1111111111111111,-0.6333333333333333,-0.611111111111111,0.05876402078933724,0.03896103896103897,0.2523674635540035,1.0,0.42857142857142855
256591,Bot,10,0.25,-0.488235294117647,-0.39999999999999997,0.05876402078933724,0.03896103896103897,0.28556691553398794,0.5,0.6666666666666666
256591,Bot,20,0.17647058823529413,-0.35492742551566075,-0.25846702317290554,0.05876402078933724,0.03896103896103897,0.29932882275504946,0.3333333333333333,1.0
256733,Benign,3,0.0,-0.6,-0.3333333333333333,0.28372892929854954,0.1868131868131868,0.0,,0.5
256733,Benign,5,0.1111111111111111,-0.38333333333333336,-0.1111111111111111,0.28372892929854954,0.1868131868131868,0.076547581255647,1.0,0.42857142857142855
256733,Benign,10,0.1111111111111111,-0.40144478844169246,-0.17647058823529413,0.28372892929854954,0.1868131868131868,0.10331395190732774,0.5,0.8181818181818182
256733,Benign,20,0.21212121212121213,-0.23362299465240643,-0.14772727272727273,0.28372892929854954,0.1868131868131868,0.1623005279971161,0.42857142857142855,1.0
258263,DoS attacks-SlowHTTPTest,3,0.5,0.39999999999999997,0.3333333333333334,0.2754587184966931,0.19080919080919082,0.7343173431734318,1.0,0.5
258263,DoS attacks-SlowHTTPTest,5,0.25,0.07142857142857144,0.0,0.2754587184966931,0.19080919080919082,0.6390417816414738,1.0,0.25
258263,DoS attacks-SlowHTTPTest,10,0.25,-0.16176470588235295,-0.18333333333333335,0.2754587184966931,0.19080919080919082,0.5286833878711106,1.0,0.8181818181818182
258263,DoS attacks-SlowHTTPTest,20,0.2903225806451613,-0.17298387096774195,-0.12688172043010754,0.2754587184966931,0.19080919080919082,0.4977802516622913,0.5555555555555556,1.0
258480,DoS attacks-Hulk,3,0.0,-0.7714285714285715,-0.6,0.10517330770495327,0.06693306693306693,0.0,,0.2
258480,DoS attacks-Hulk,5,0.1111111111111111,-0.65,-0.5555555555555556,0.10517330770495327,0.06693306693306693,0.076547581255647,1.0,0.25
258480,DoS attacks-Hulk,10,0.17647058823529413,-0.48774509803921573,-0.3823529411764705,0.10517330770495327,0.06693306693306693,0.15255138146614355,0.6666666666666666,0.8181818181818182
258480,DoS attacks-Hulk,20,0.21212121212121213,-0.2934491978609626,-0.1590909090909091,0.10517330770495327,0.06693306693306693,0.19135765251133352,0.5714285714285714,1.0
258714,DoS attacks-SlowHTTPTest,3,0.5,0.39999999999999997,0.3333333333333334,0.21544278506303824,0.1455211455211455,0.7343173431734318,1.0,0.5
258714,DoS attacks-SlowHTTPTest,5,0.25,0.2380952380952381,0.21428571428571427,0.21544278506303824,0.1455211455211455,0.6390417816414738,1.0,0.25
258714,DoS attacks-SlowHTTPTest,10,0.17647058823529413,-0.14460784313725492,-0.1176470588235294,0.21544278506303824,0.1455211455211455,0.5227351663956924,1.0,0.8181818181818182
258714,DoS attacks-SlowHTTPTest,20,0.25,-0.22507331378299117,-0.1733870967741936,0.21544278506303824,0.1455211455211455,0.48164667679633155,0.75,1.0
259033,DoS attacks-SlowHTTPTest,3,0.2,0.19999999999999998,0.19999999999999998,0.2994853248017805,0.20745920745920746,0.6346863468634687,1.0,0.2
259033,DoS attacks-SlowHTTPTest,5,0.1111111111111111,-0.11666666666666665,0.0,0.2994853248017805,0.20745920745920746,0.4965617445239432,1.0,0.25
259033,DoS attacks-SlowHTTPTest,10,0.1111111111111111,-0.4447884416924664,-0.30718954248366015,0.2994853248017805,0.20745920745920746,0.3673924203468,1.0,0.8181818181818182
259033,DoS attacks-SlowHTTPTest,20,0.25,-0.4604105571847507,-0.33870967741935487,0.2994853248017805,0.20745920745920746,0.3450348261738015,0.375,1.0
259395,Benign,3,0.5,0.19999999999999998,0.0,0.2663033169362283,0.18215118215118214,0.7343173431734318,1.0,0.5
259395,Benign,5,0.25,0.04761904761904763,0.0,0.2663033169362283,0.18215118215118214,0.6390417816414738,1.0,0.6666666666666666
259395,Benign,10,0.25,-0.01764705882352941,0.0,0.2663033169362283,0.18215118215118214,0.5568625480059788,0.75,0.8181818181818182
259395,Benign,20,0.25,-0.03115835777126099,-0.04435483870967743,0.2663033169362283,0.18215118215118214,0.5310905445937179,0.375,1.0
259577,DoS attacks-GoldenEye,3,0.2,0.09999999999999999,0.0,0.3696935975416988,0.25674325674325676,0.6346863468634687,1.0,0.5
259577,DoS attacks-GoldenEye,5,0.1111111111111111,-0.13333333333333333,-0.05555555555555555,0.3696935975416988,0.25674325674325676,0.4965617445239432,1.0,0.25
259577,DoS attacks-GoldenEye,10,0.1111111111111111,-0.31475748194014447,-0.18954248366013074,0.3696935975416988,0.25674325674325676,0.383915257778517,1.0,0.8181818181818182
259577,DoS attacks-GoldenEye,20,0.2903225806451613,-0.2955645161290323,-0.20860215053763445,0.3696935975416988,0.25674325674325676,0.36094905049459924,0.6666666666666666,1.0
259608,Benign,3,0.5,0.39999999999999997,0.3333333333333334,0.14566446212015832,0.09890109890109891,0.7343173431734318,1.0,0.5
259608,Benign,5,0.25,0.04761904761904763,-0.07142857142857142,0.14566446212015832,0.09890109890109891,0.6390417816414738,1.0,0.6666666666666666
259608,Benign,10,0.17647058823529413,-0.09558823529411767,-0.044117647058823525,0.14566446212015832,0.09890109890109891,0.5343914890988438,0.6666666666666666,0.8181818181818182
259608,Benign,20,0.21212121212121213,-0.1179812834224599,-0.11363636363636363,0.14566446212015832,0.09890109890109891,0.5050149307678349,0.5714285714285714,1.0
260861,DDOS attack-LOIC-UDP,3,0.0,-0.7142857142857143,-0.4666666666666666,0.7880853323891297,0.6736596736596737,0.0,,0.0
260861,DDOS attack-LOIC-UDP,5,0.1111111111111111,-0.65,-0.5,0.7880853323891297,0.6736596736596737,0.076547581255647,0.0,0.25
260861,DDOS attack-LOIC-UDP,10,0.1111111111111111,-0.5954592363261093,-0.46405228758169936,0.7880853323891297,0.6736596736596737,0.10331395190732774,0.0,0.8181818181818182
260861,DDOS attack-LOIC-UDP,20,0.2903225806451613,-0.46491935483870966,-0.2817204301075269,0.7880853323891297,0.6736596736596737,0.13017484904618382,0.0,1.0
261666,DDOS attack-LOIC-UDP,3,0.0,-0.7142857142857143,-0.4666666666666666,0.7854044689487727,0.6696636696636696,0.0,,0.0
261666,DDOS attack-LOIC-UDP,5,0.1111111111111111,-0.65,-0.5,0.7854044689487727,0.6696636696636696,0.076547581255647,0.0,0.25
261666,DDOS attack-LOIC-UDP,10,0.05263157894736842,-0.612280701754386,-0.48538011695906425,0.7854044689487727,0.6696636696636696,0.09736573043190963,0.0,0.8181818181818182
261666,DDOS attack-LOIC-UDP,20,0.2903225806451613,-0.5008064516129033,-0.30752688172043013,0.7854044689487727,0.6696636696636696,0.1139573156512753,0.0,1.0
262645,DDOS attack-HOIC,3,0.2,0.09999999999999999,0.0,0.2825655357300927,0.18015318015318016,0.6346863468634687,1.0,0.2
262645,DDOS attack-HOIC,5,0.1111111111111111,-0.3,-0.3333333333333333,0.2825655357300927,0.18015318015318016,0.4965617445239432,1.0,0.42857142857142855
262645,DDOS attack-HOIC,10,0.05263157894736842,-0.5298245614035089,-0.4269005847953216,0.2825655357300927,0.18015318015318016,0.3614441988713819,1.0,1.0
262645,DDOS attack-HOIC,20,0.14285714285714285,-0.5843137254901961,-0.4050420168067227,0.2825655357300927,0.18015318015318016,0.293117702196859,0.4,1.0
262879,DDOS attack-LOIC-UDP,3,0.0,-0.7142857142857143,-0.4666666666666666,0.7874024709467747,0.6703296703296704,0.0,,0.2
262879,DDOS attack-LOIC-UDP,5,0.25,-0.6666666666666669,-0.4999999999999999,0.7874024709467747,0.6703296703296704,0.10859075480452249,0.0,0.25
262879,DDOS attack-LOIC-UDP,10,0.1111111111111111,-0.4674922600619195,-0.39869281045751637,0.7874024709467747,0.6703296703296704,0.16674989058876474,0.0,0.8181818181818182
262879,DDOS attack-LOIC-UDP,20,0.2903225806451613,-0.46129032258064523,-0.30322580645161296,0.7874024709467747,0.6703296703296704,0.17450468532367655,0.0,1.0
262898,Brute Force -Web,3,0.2,-0.6,-0.39999999999999997,0.34111458162091074,0.28471528471528473,0.09963099630996312,0.0,0.2
262898,Brute Force -Web,5,0.1111111111111111,-0.33333333333333337,-0.2222222222222222,0.34111458162091074,0.28471528471528473,0.1424800371175307,0.0,0.25
262898,Brute Force -Web,10,0.17647058823529413,-0.4093137254901961,-0.2941176470588235,0.34111458162091074,0.28471528471528473,0.16723918899972878,0.0,0.6666666666666666
262898,Brute Force -Web,20,0.2903225806451613,-0.33830645161290324,-0.2688172043010753,0.34111458162091074,0.28471528471528473,0.22462233034500975,0.0,1.0
264156,DoS attacks-SlowHTTPTest,3,0.5,0.39999999999999997,0.3333333333333334,0.30626335689626827,0.21944721944721945,0.7343173431734318,1.0,0.5
264156,DoS attacks-SlowHTTPTest,5,0.25,0.19047619047619052,0.14285714285714285,0.30626335689626827,0.21944721944721945,0.6390417816414738,1.0,0.25
264156,DoS attacks-SlowHTTPTest,10,0.25,-0.07352941176470588,-0.03333333333333333,0.30626335689626827,0.21944721944721945,0.5286833878711106,1.0,0.8181818181818182
264156,DoS attacks-SlowHTTPTest,20,0.3333333333333333,-0.13548387096774192,-0.10344827586206898,0.30626335689626827,0.21944721944721945,0.5148237958458999,0.5,1.0
265066,DoS attacks-Hulk,3,0.2,0.09999999999999999,0.0,0.28428533491824626,0.19214119214119216,0.6346863468634687,1.0,0.5
265066,DoS attacks-Hulk,5,0.1111111111111111,-0.2333333333333333,-0.2222222222222222,0.28428533491824626,0.19214119214119216,0.4965617445239432,1.0,0.42857142857142855
265066,DoS attacks-Hulk,10,0.1111111111111111,-0.5273477812177503,-0.4509803921568628,0.28428533491824626,0.19214119214119216,0.3673924203468,1.0,1.0
265066,DoS attacks-Hulk,20,0.2903225806451613,-0.30120967741935484,-0.20860215053763445,0.28428533491824626,0.19214119214119216,0.37035577613375914,0.5555555555555556,1.0
265532,DoS attacks-GoldenEye,3,0.2,0.09999999999999999,0.0,0.3447565093134713,0.23543123543123542,0.6346863468634687,1.0,0.5
265532,DoS attacks-GoldenEye,5,0.1111111111111111,-0.25,-0.2777777777777778,0.3447565093134713,0.23543123543123542,0.4965617445239432,1.0,0.42857142857142855
265532,DoS attacks-GoldenEye,10,0.25,-0.32647058823529407,-0.2833333333333333,0.3447565093134713,0.23543123543123542,0.4299215546840191,0.5,0.6666666666666666
265532,DoS attacks-GoldenEye,20,0.21212121212121213,-0.134024064171123,-0.060606060606060615,0.3447565093134713,0.23543123543123542,0.42567655711849933,0.5714285714285714,1.0
265617,FTP-BruteForce,3,0.5,-0.39999999999999997,-0.3333333333333334,0.46544594645860465,0.32933732933732934,0.3653136531365314,1.0,0.5
265617,FTP-BruteForce,5,0.25,0.09523809523809526,0.07142857142857142,0.46544594645860465,0.32933732933732934,0.3948475006715343,1.0,0.25
265617,FTP-BruteForce,10,0.3333333333333333,-0.06071428571428571,-0.06666666666666668,0.46544594645860465,0.32933732933732934,0.3927539387709172,0.8,0.6666666666666666
265617,FTP-BruteForce,20,0.3793103448275862,0.0334975369458128,-0.009852216748768471,0.46544594645860465,0.32933732933732934,0.42539169969516827,0.5454545454545454,1.0
266296,Infilteration,3,0.2,-0.49999999999999994,-0.39999999999999997,0.5075051530747733,0.353979353979354,0.2656826568265683,0.0,0.5
266296,Infilteration,5,0.25,-0.09523809523809526,-0.07142857142857142,0.5075051530747733,0.353979353979354,0.32891504480965056,0.0,0.6666666666666666
266296,Infilteration,10,0.3333333333333333,0.09285714285714285,0.06666666666666668,0.5075051530747733,0.353979353979354,0.41111180610076586,0.2,1.0
266296,Infilteration,20,0.3793103448275862,0.13990147783251228,0.0689655172413793,0.5075051530747733,0.353979353979354,0.44443430372732673,0.18181818181818182,1.0
266960,DoS attacks-SlowHTTPTest,3,0.2,0.09999999999999999,0.0,0.07194071751033775,0.04495504495504496,0.6346863468634687,1.0,0.2
266960,DoS attacks-SlowHTTPTest,5,0.1111111111111111,-0.16666666666666669,-0.05555555555555555,0.07194071751033775,0.04495504495504496,0.4965617445239432,1.0,0.25
266960,DoS attacks-SlowHTTPTest,10,0.1111111111111111,-0.4613003095975232,-0.33333333333333337,0.07194071751033775,0.04495504495504496,0.3673924203468,1.0,0.8181818181818182
266960,DoS attacks-SlowHTTPTest,20,0.25,-0.4226539589442815,-0.30241935483870974,0.07194071751033775,0.04495504495504496,0.3480119002536959,0.5,1.0
267389,SSH-Bruteforce,3,0.2,-0.49999999999999994,-0.39999999999999997,0.26870597756673703,0.17282717282717283,0.2656826568265683,1.0,0.5
267389,SSH-Bruteforce,5,0.1111111111111111,-0.31666666666666665,-0.2222222222222222,0.26870597756673703,0.17282717282717283,0.2523674635540035,1.0,0.42857142857142855
267389,SSH-Bruteforce,10,0.1111111111111111,-0.36429308565531476,-0.22875816993464054,0.26870597756673703,0.17282717282717283,0.24203758720290527,1.0,0.8181818181818182
267389,SSH-Bruteforce,20,0.25,-0.2789589442815249,-0.20967741935483875,0.26870597756673703,0.17282717282717283,0.2713786212559519,0.75,1.0
267659,DoS attacks-SlowHTTPTest,3,0.5,0.39999999999999997,0.3333333333333334,0.27841778474689866,0.19014319014319014,0.7343173431734318,1.0,0.5
267659,DoS attacks-SlowHTTPTest,5,0.25,0.2380952380952381,0.21428571428571427,0.27841778474689866,0.19014319014319014,0.6390417816414738,1.0,0.42857142857142855
267659,DoS attacks-SlowHTTPTest,10,0.25,-0.10294117647058824,-0.06666666666666667,0.27841778474689866,0.19014319014319014,0.5286833878711106,1.0,0.8181818181818182
267659,DoS attacks-SlowHTTPTest,20,0.2903225806451613,-0.06895161290322582,-0.06666666666666668,0.27841778474689866,0.19014319014319014,0.5209701033339355,0.6666666666666666,1.0
268530,FTP-BruteForce,3,0.2,0.19999999999999998,0.19999999999999998,0.296829752525955,0.20679320679320679,0.6346863468634687,1.0,0.5
268530,FTP-BruteForce,5,0.1111111111111111,-0.2333333333333333,-0.2222222222222222,0.296829752525955,0.20679320679320679,0.4965617445239432,1.0,0.25
268530,FTP-BruteForce,10,0.17647058823529413,-0.3382352941176471,-0.19117647058823525,0.296829752525955,0.20679320679320679,0.39720696255692034,0.6666666666666666,0.8181818181818182
268530,FTP-BruteForce,20,0.2903225806451613,-0.2459677419354839,-0.15698924731182798,0.296829752525955,0.20679320679320679,0.3951357505344362,0.4444444444444444,1.0
268682,Infilteration,3,0.0,-0.7142857142857143,-0.4666666666666666,0.3412663286081007,0.23676323676323677,0.0,,0.5
268682,Infilteration,5,0.0,-0.7696969696969697,-0.5555555555555555,0.3412663286081007,0.23676323676323677,0.0,,0.42857142857142855
268682,Infilteration,10,0.25,-0.5705882352941177,-0.38333333333333336,0.3412663286081007,0.23676323676323677,0.09094841471977243,0.5,0.8181818181818182
268682,Infilteration,20,0.3793103448275862,-0.23546798029556643,-0.1625615763546798,0.3412663286081007,0.23676323676323677,0.18598291526593688,0.5454545454545454,1.0
270110,DoS attacks-Slowloris,3,0.0,-0.6,-0.3333333333333333,0.3655964288875681,0.24608724608724608,0.0,,0.2
270110,DoS attacks-Slowloris,5,0.1111111111111111,-0.5333333333333333,-0.3888888888888889,0.3655964288875681,0.24608724608724608,0.076547581255647,1.0,0.42857142857142855
270110,DoS attacks-Slowloris,10,0.25,-0.3058823529411765,-0.26666666666666666,0.3655964288875681,0.24608724608724608,0.19402224637941523,0.75,0.8181818181818182
270110,DoS attacks-Slowloris,20,0.2903225806451613,-0.14233870967741935,-0.07096774193548387,0.3655964288875681,0.24608724608724608,0.238580358201595,0.5555555555555556,1.0
270762,DoS attacks-Slowloris,3,0.0,-0.6571428571428573,-0.4666666666666666,0.37328494290519604,0.2547452547452548,0.0,,0.2
270762,DoS attacks-Slowloris,5,0.1111111111111111,-0.5499999999999999,-0.4444444444444444,0.37328494290519604,0.2547452547452548,0.076547581255647,1.0,0.42857142857142855
270762,DoS attacks-Slowloris,10,0.3333333333333333,-0.37499999999999994,-0.3142857142857143,0.37328494290519604,0.2547452547452548,0.18831414515168202,0.6,0.8181818181818182
270762,DoS attacks-Slowloris,20,0.3333333333333333,-0.19288097886540603,-0.14942528735632182,0.37328494290519604,0.2547452547452548,0.2441756599276643,0.5,1.0
271314,Benign,3,0.2,0.0,-0.19999999999999998,0.22550866854664323,0.15218115218115216,0.6346863468634687,1.0,0.5
271314,Benign,5,0.25,0.04761904761904763,0.0,0.22550866854664323,0.15218115218115216,0.5731093257795903,0.5,1.0
271314,Benign,10,0.3333333333333333,0.10714285714285714,0.028571428571428574,0.22550866854664323,0.15218115218115216,0.5646457993795287,0.4,0.8181818181818182
271314,Benign,20,0.2903225806451613,-0.1463709677419355,-0.15268817204301077,0.22550866854664323,0.15218115218115216,0.5187538506336807,0.4444444444444444,1.0
271918,DoS attacks-GoldenEye,3,0.5,0.7999999999999999,0.6666666666666669,0.1857509579028566,0.12287712287712288,0.900369003690037,1.0,0.2
271918,DoS attacks-GoldenEye,5,0.25,0.2142857142857143,0.07142857142857142,0.1857509579028566,0.12287712287712288,0.7489292080779467,1.0,0.42857142857142855
271918,DoS attacks-GoldenEye,10,0.17647058823529413,-0.12990196078431374,-0.07352941176470587,0.1857509579028566,0.12287712287712288,0.5753026259394187,1.0,0.6666666666666666
271918,DoS attacks-GoldenEye,20,0.21212121212121213,-0.18516042780748665,-0.08712121212121213,0.1857509579028566,0.12287712287712288,0.5038014110702494,0.7142857142857143,1.0
272154,DDOS attack-LOIC-UDP,3,0.0,-0.7142857142857143,-0.4666666666666666,0.7934723504343757,0.6843156843156843,0.0,,0.2
272154,DDOS attack-LOIC-UDP,5,0.25,-0.6666666666666669,-0.4999999999999999,0.7934723504343757,0.6843156843156843,0.10859075480452249,0.0,0.25
272154,DDOS attack-LOIC-UDP,10,0.1111111111111111,-0.43859649122807015,-0.33333333333333337,0.7934723504343757,0.6843156843156843,0.16674989058876474,0.0,0.8181818181818182
272154,DDOS attack-LOIC-UDP,20,0.2903225806451613,-0.3866935483870968,-0.21290322580645166,0.7934723504343757,0.6843156843156843,0.1782652201080441,0.0,1.0
272744,DoS attacks-Hulk,3,0.2,0.0,-0.19999999999999998,0.2778866702917336,0.18548118548118547,0.6346863468634687,1.0,0.5
272744,DoS attacks-Hulk,5,0.1111111111111111,-0.2833333333333333,-0.2777777777777778,0.2778866702917336,0.18548118548118547,0.4965617445239432,1.0,0.42857142857142855
272744,DoS attacks-Hulk,10,0.1111111111111111,-0.4654282765737873,-0.33333333333333337,0.2778866702917336,0.18548118548118547,0.3673924203468,0.5,0.8181818181818182
272744,DoS attacks-Hulk,20,0.21212121212121213,-0.3472593582887701,-0.24621212121212122,0.2778866702917336,0.18548118548118547,0.35967638697508253,0.5714285714285714,1.0
273296,DDoS attacks-LOIC-HTTP,3,0.0,-0.7142857142857143,-0.4666666666666666,0.3925315191137975,0.26673326673326675,0.0,,0.2
273296,DDoS attacks-LOIC-HTTP,5,0.0,-0.7454545454545454,-0.5111111111111111,0.3925315191137975,0.26673326673326675,0.0,,0.25
273296,DDoS attacks-LOIC-HTTP,10,0.1111111111111111,-0.5810113519091847,-0.33333333333333337,0.3925315191137975,0.26673326673326675,0.0357627636855385,1.0,0.8181818181818182
273296,DDoS attacks-LOIC-HTTP,20,0.1111111111111111,-0.49781209781209784,-0.3396825396825397,0.3925315191137975,0.26673326673326675,0.08305695650435381,0.75,1.0
274143,Infilteration,3,0.0,-0.6571428571428573,-0.4666666666666666,0.20082449196373242,0.13752913752913754,0.0,,0.2
274143,Infilteration,5,0.0,-0.7333333333333332,-0.5111111111111111,0.20082449196373242,0.13752913752913754,0.0,,0.6666666666666666
274143,Infilteration,10,0.17647058823529413,-0.7843137254901962,-0.5441176470588235,0.20082449196373242,0.13752913752913754,0.041710985160956594,0.6666666666666666,0.8181818181818182
274143,Infilteration,20,0.3333333333333333,-0.3668520578420467,-0.2367816091954023,0.20082449196373242,0.13752913752913754,0.146034870745446,0.7,1.0
274707,DDOS attack-LOIC-UDP,3,0.0,-0.7142857142857143,-0.4666666666666666,0.78990629623541,0.6789876789876791,0.0,,0.0
274707,DDOS attack-LOIC-UDP,5,0.1111111111111111,-0.6833333333333333,-0.5555555555555556,0.78990629623541,0.6789876789876791,0.076547581255647,0.0,0.25
274707,DDOS attack-LOIC-UDP,10,0.1111111111111111,-0.5459236326109391,-0.4248366013071896,0.78990629623541,0.6789876789876791,0.11065743521031306,0.0,0.8181818181818182
274707,DDOS attack-LOIC-UDP,20,0.2903225806451613,-0.42500000000000004,-0.24731182795698925,0.78990629623541,0.6789876789876791,0.1366745386596978,0.0,1.0
274973,DoS attacks-SlowHTTPTest,3,0.2,0.09999999999999999,0.0,0.18000986355416734,0.12154512154512155,0.6346863468634687,1.0,0.2
274973,DoS attacks-SlowHTTPTest,5,0.1111111111111111,-0.15,-0.1111111111111111,0.18000986355416734,0.12154512154512155,0.4965617445239432,1.0,0.25
274973,DoS attacks-SlowHTTPTest,10,0.1111111111111111,-0.3519091847265222,-0.17647058823529413,0.18000986355416734,0.12154512154512155,0.3673924203468,1.0,0.8181818181818182
274973,DoS attacks-SlowHTTPTest,20,0.21212121212121213,-0.36764705882352944,-0.2840909090909091,0.18000986355416734,0.12154512154512155,0.35351927199673344,0.42857142857142855,1.0
275823,SSH-Bruteforce,3,0.2,-0.7999999999999999,-0.6,0.3231578548034244,0.2181152181152181,0.09963099630996312,1.0,0.2
275823,SSH-Bruteforce,5,0.25,-0.30952380952380953,-0.14285714285714285,0.3231578548034244,0.2181152181152181,0.2190276183731777,1.0,0.42857142857142855
275823,SSH-Bruteforce,10,0.3333333333333333,0.010714285714285713,-0.04761904761904762,0.3231578548034244,0.2181152181152181,0.3479522029451203,0.8,0.6666666666666666
275823,SSH-Bruteforce,20,0.3793103448275862,-0.014285714285714282,-0.07389162561576354,0.3231578548034244,0.2181152181152181,0.38924902029601505,0.5454545454545454,1.0
276244,DoS attacks-GoldenEye,3,0.2,0.19999999999999998,0.19999999999999998,0.3374473627638184,0.23809523809523808,0.6346863468634687,1.0,0.2
276244,DoS attacks-GoldenEye,5,0.1111111111111111,-0.19999999999999998,-0.16666666666666666,0.3374473627638184,0.23809523809523808,0.4965617445239432,1.0,0.25
276244,DoS attacks-GoldenEye,10,0.17647058823529413,-0.32843137254901966,-0.24999999999999997,0.3374473627638184,0.23809523809523808,0.40886328526007165,1.0,0.6666666666666666
276244,DoS attacks-GoldenEye,20,0.3793103448275862,-0.23201970443349748,-0.17733990147783246,0.3374473627638184,0.23809523809523808,0.4047360008503663,0.7272727272727273,1.0
276433,DoS attacks-SlowHTTPTest,3,0.2,0.19999999999999998,0.19999999999999998,0.21518987341772153,0.1461871461871462,0.6346863468634687,1.0,0.2
276433,DoS attacks-SlowHTTPTest,5,0.1111111111111111,-0.16666666666666669,-0.1111111111111111,0.21518987341772153,0.1461871461871462,0.4965617445239432,1.0,0.25
276433,DoS attacks-SlowHTTPTest,10,0.17647058823529413,-0.5049019607843138,-0.39705882352941174,0.21518987341772153,0.1461871461871462,0.37334064182221804,0.6666666666666666,0.8181818181818182
276433,DoS attacks-SlowHTTPTest,20,0.2903225806451613,-0.29637096774193555,-0.21290322580645166,0.21518987341772153,0.1461871461871462,0.3827378974319895,0.3333333333333333,1.0
277077,FTP-BruteForce,3,0.2,0.19999999999999998,0.19999999999999998,0.35618811568178654,0.24741924741924742,0.6346863468634687,1.0,0.5
277077,FTP-BruteForce,5,0.1111111111111111,-0.19999999999999998,-0.16666666666666666,0.35618811568178654,0.24741924741924742,0.4965617445239432,1.0,0.25
277077,FTP-BruteForce,10,0.25,-0.21764705882352942,-0.09999999999999999,0.35618811568178654,0.24741924741924742,0.4299215546840191,1.0,1.0
277077,FTP-BruteForce,20,0.3793103448275862,-0.2669950738916256,-0.17733990147783246,0.35618811568178654,0.24741924741924742,0.43360266247077334,0.36363636363636365,1.0
278182,Brute Force -Web,3,0.0,-0.7714285714285715,-0.6,0.11397463296197473,0.07559107559107558,0.0,,0.2
278182,Brute Force -Web,5,0.0,-0.709090909090909,-0.5111111111111111,0.11397463296197473,0.07559107559107558,0.0,,0.25
278182,Brute Force -Web,10,0.0,-0.8105263157894737,-0.6210526315789474,0.11397463296197473,0.07559107559107558,0.0,,0.8181818181818182
278182,Brute Force -Web,20,0.1111111111111111,-0.602059202059202,-0.39682539682539686,0.11397463296197473,0.07559107559107558,0.03710964002313108,0.25,1.0
278554,DoS attacks-Slowloris,3,0.0,-0.6571428571428573,-0.4666666666666666,0.42379139847494274,0.29004329004329005,0.0,,0.2
278554,DoS attacks-Slowloris,5,0.1111111111111111,-0.6,-0.4444444444444444,0.42379139847494274,0.29004329004329005,0.076547581255647,1.0,0.42857142857142855
278554,DoS attacks-Slowloris,10,0.25,-0.34411764705882353,-0.2833333333333333,0.42379139847494274,0.29004329004329005,0.19402224637941523,0.75,0.8181818181818182
278554,DoS attacks-Slowloris,20,0.2903225806451613,-0.14435483870967744,-0.0881720430107527,0.42379139847494274,0.29004329004329005,0.2424141665300301,0.5555555555555556,1.0
278566,DoS attacks-SlowHTTPTest,3,0.5,0.39999999999999997,0.3333333333333334,0.40436778411461954,0.2893772893772894,0.7343173431734318,1.0,0.5
278566,DoS attacks-SlowHTTPTest,5,0.25,0.2380952380952381,0.21428571428571427,0.40436778411461954,0.2893772893772894,0.6390417816414738,1.0,0.42857142857142855
278566,DoS attacks-SlowHTTPTest,10,0.17647058823529413,-0.16911764705882354,-0.14705882352941174,0.40436778411461954,0.2893772893772894,0.5227351663956924,1.0,0.8181818181818182
278566,DoS attacks-SlowHTTPTest,20,0.42857142857142855,-0.2282430213464696,-0.1693121693121693,0.40436778411461954,0.2893772893772894,0.4851024389627973,0.5,1.0
278815,DDOS attack-HOIC,3,0.2,0.09999999999999999,0.0,0.14996396009054236,0.09890109890109891,0.6346863468634687,1.0,0.2
278815,DDOS attack-HOIC,5,0.1111111111111111,-0.26666666666666666,-0.2777777777777778,0.14996396009054236,0.09890109890109891,0.4965617445239432,1.0,0.25
278815,DDOS attack-HOIC,10,0.1111111111111111,-0.4943240454076367,-0.39869281045751637,0.14996396009054236,0.09890109890109891,0.383915257778517,1.0,0.8181818181818182
278815,DDOS attack-HOIC,20,0.21212121212121213,-0.5404411764705883,-0.375,0.14996396009054236,0.09890109890109891,0.33113437998259476,0.2857142857142857,1.0
280406,Infilteration,3,0.5,0.7999999999999999,0.6666666666666669,0.1546428255289015,0.09490509490509491,0.900369003690037,1.0,0.5
280406,Infilteration,5,0.25,0.3333333333333334,0.2857142857142857,0.1546428255289015,0.09490509490509491,0.7489292080779467,1.0,0.25
280406,Infilteration,10,0.25,-0.1323529411764706,-0.13333333333333333,0.1546428255289015,0.09490509490509491,0.5885943307178222,1.0,1.0
280406,Infilteration,20,0.2903225806451613,-0.14758064516129032,-0.09677419354838711,0.1546428255289015,0.09490509490509491,0.5283878110722889,0.5555555555555556,1.0
281266,SSH-Bruteforce,3,0.2,-0.49999999999999994,-0.39999999999999997,0.3308210776565207,0.22011322011322013,0.2656826568265683,1.0,0.5
281266,SSH-Bruteforce,5,0.25,-0.38095238095238104,-0.2857142857142857,0.3308210776565207,0.22011322011322013,0.28441063710287906,1.0,0.42857142857142855
281266,SSH-Bruteforce,10,0.1111111111111111,-0.3168214654282766,-0.21568627450980396,0.3308210776565207,0.22011322011322013,0.277294365749474,1.0,0.8181818181818182
281266,SSH-Bruteforce,20,0.17647058823529413,-0.36317799847211607,-0.2620320855614973,0.3308210776565207,0.22011322011322013,0.2810468994937432,0.8333333333333334,1.0
281657,Benign,3,0.2,-0.19999999999999998,-0.19999999999999998,0.24369301584491457,0.16083916083916083,0.2656826568265683,1.0,0.5
281657,Benign,5,0.1111111111111111,-0.4666666666666666,-0.4444444444444444,0.24369301584491457,0.16083916083916083,0.2523674635540035,1.0,0.42857142857142855
281657,Benign,10,0.05263157894736842,-0.4859649122807017,-0.34502923976608185,0.24369301584491457,0.16083916083916083,0.20791020559261889,1.0,1.0
281657,Benign,20,0.25,-0.31854838709677413,-0.17741935483870971,0.24369301584491457,0.16083916083916083,0.2178774002533207,0.625,1.0
282156,Infilteration,3,0.0,-0.7714285714285715,-0.6,0.3935937480241277,0.2773892773892774,0.0,,0.2
282156,Infilteration,5,0.1111111111111111,-0.6666666666666667,-0.4444444444444444,0.3935937480241277,0.2773892773892774,0.03204317354887549,1.0,0.25
282156,Infilteration,10,0.3333333333333333,-0.39999999999999997,-0.2761904761904762,0.3935937480241277,0.2773892773892774,0.15687884963124932,0.4,1.0
282156,Infilteration,20,0.3793103448275862,-0.06157635467980294,-0.039408866995073885,0.3935937480241277,0.2773892773892774,0.23930387547822735,0.5454545454545454,1.0
282433,Infilteration,3,0.2,0.19999999999999998,0.19999999999999998,0.3092224231464738,0.2087912087912088,0.6346863468634687,1.0,0.5
282433,Infilteration,5,0.25,-0.023809523809523815,0.07142857142857142,0.3092224231464738,0.2087912087912088,0.5286049180728187,1.0,0.25
282433,Infilteration,10,0.25,-0.2441176470588235,-0.18333333333333335,0.3092224231464738,0.2087912087912088,0.45006828528205844,0.75,1.0
282433,Infilteration,20,0.2903225806451613,-0.192741935483871,-0.14838709677419357,0.3092224231464738,0.2087912087912088,0.4343306550820455,0.5555555555555556,1.0
283848,Brute Force -Web,3,0.2,-0.3,-0.19999999999999998,0.14093501435273587,0.11022311022311024,0.2656826568265683,1.0,0.2
283848,Brute Force -Web,5,0.1111111111111111,-0.38333333333333336,-0.2777777777777778,0.14093501435273587,0.11022311022311024,0.2523674635540035,1.0,0.42857142857142855
283848,Brute Force -Web,10,0.17647058823529413,-0.49019607843137264,-0.3529411764705882,0.14093501435273587,0.11022311022311024,0.2436729692781574,0.6666666666666666,0.8181818181818182
283848,Brute Force -Web,20,0.21212121212121213,-0.41042780748663105,-0.2765151515151515,0.14093501435273587,0.11022311022311024,0.2547079807763213,0.5714285714285714,1.0
284807,DoS attacks-SlowHTTPTest,3,0.2,0.0,-0.19999999999999998,0.28246437107196604,0.1868131868131868,0.6346863468634687,1.0,0.2
284807,DoS attacks-SlowHTTPTest,5,0.25,-0.19047619047619052,-0.2857142857142857,0.28246437107196604,0.1868131868131868,0.5731093257795903,0.5,0.25
284807,DoS attacks-SlowHTTPTest,10,0.17647058823529413,-0.42156862745098045,-0.4411764705882352,0.28246437107196604,0.1868131868131868,0.4647581507787095,0.6666666666666666,0.8181818181818182
284807,DoS attacks-SlowHTTPTest,20,0.3793103448275862,-0.4029556650246304,-0.33004926108374383,0.28246437107196604,0.1868131868131868,0.4381443914598596,0.36363636363636365,1.0
285723,DoS attacks-Slowloris,3,0.2,0.0,-0.19999999999999998,0.17194198206856434,0.11888111888111888,0.6346863468634687,1.0,0.2
285723,DoS attacks-Slowloris,5,0.25,-0.19047619047619052,-0.2857142857142857,0.17194198206856434,0.11888111888111888,0.5286049180728187,1.0,0.42857142857142855
285723,DoS attacks-Slowloris,10,0.17647058823529413,-0.10784313725490197,-0.0588235294117647,0.17194198206856434,0.11888111888111888,0.48006578858705273,1.0,0.6666666666666666
285723,DoS attacks-Slowloris,20,0.21212121212121213,-0.25501336898395727,-0.18560606060606058,0.17194198206856434,0.11888111888111888,0.43927669063785885,0.5714285714285714,1.0
285727,DoS attacks-Hulk,3,0.2,0.0,-0.19999999999999998,0.1955892209056766,0.1302031302031302,0.6346863468634687,1.0,0.5
285727,DoS attacks-Hulk,5,0.1111111111111111,-0.16666666666666669,-0.1111111111111111,0.1955892209056766,0.1302031302031302,0.4965617445239432,1.0,0.6666666666666666
285727,DoS attacks-Hulk,10,0.1111111111111111,-0.4055727554179567,-0.25490196078431376,0.1955892209056766,0.1302031302031302,0.3673924203468,0.5,0.6666666666666666
285727,DoS attacks-Hulk,20,0.21212121212121213,-0.37065508021390375,-0.26136363636363635,0.1955892209056766,0.1302031302031302,0.35610535022147416,0.7142857142857143,1.0
286276,DoS attacks-GoldenEye,3,0.5,0.39999999999999997,0.3333333333333334,0.16744015478192695,0.12753912753912755,0.7343173431734318,1.0,0.5
286276,DoS attacks-GoldenEye,5,0.25,0.14285714285714288,0.14285714285714285,0.16744015478192695,0.12753912753912755,0.6390417816414738,1.0,0.42857142857142855
286276,DoS attacks-GoldenEye,10,0.25,0.0,-0.049999999999999996,0.16744015478192695,0.12753912753912755,0.5987389666061891,1.0,0.8181818181818182
286276,DoS attacks-GoldenEye,20,0.2903225806451613,-0.18467741935483872,-0.14838709677419357,0.16744015478192695,0.12753912753912755,0.5379363836685268,0.7777777777777778,1.0
286975,Brute Force -XSS,3,0.0,-0.7714285714285715,-0.6,0.15970105843523563,0.09756909756909757,0.0,,0.2
286975,Brute Force -XSS,5,0.0,-0.8545454545454544,-0.6888888888888888,0.15970105843523563,0.09756909756909757,0.0,,0.25
286975,Brute Force -XSS,10,0.0,-0.7187969924812029,-0.4842105263157895,0.15970105843523563,0.09756909756909757,0.0,,0.8181818181818182
286975,Brute Force -XSS,20,0.2903225806451613,-0.6911290322580645,-0.49247311827956997,0.15970105843523563,0.09756909756909757,0.04100876861460084,0.5555555555555556,1.0
287023,FTP-BruteForce,3,0.2,0.19999999999999998,0.19999999999999998,0.3384337181805536,0.22877122877122877,0.6346863468634687,1.0,0.2
287023,FTP-BruteForce,5,0.1111111111111111,-0.18333333333333335,-0.16666666666666666,0.3384337181805536,0.22877122877122877,0.4965617445239432,1.0,0.25
287023,FTP-BruteForce,10,0.1111111111111111,-0.46955624355005166,-0.3725490196078432,0.3384337181805536,0.22877122877122877,0.3747359036497853,1.0,1.0
287023,FTP-BruteForce,20,0.2903225806451613,-0.3790322580645161,-0.2989247311827957,0.3384337181805536,0.22877122877122877,0.3708372958828493,0.4444444444444444,1.0
287097,Infilteration,3,0.0,-0.8285714285714287,-0.7333333333333333,0.206160927679915,0.1441891441891442,0.0,,0.5
287097,Infilteration,5,0.25,-0.6428571428571429,-0.4999999999999999,0.206160927679915,0.1441891441891442,0.10859075480452249,1.0,0.42857142857142855
287097,Infilteration,10,0.17647058823529413,-0.3651960784313726,-0.3235294117647059,0.206160927679915,0.1441891441891442,0.20087727219905108,0.6666666666666666,1.0
287097,Infilteration,20,0.21212121212121213,-0.26437165775401067,-0.19318181818181818,0.206160927679915,0.1441891441891442,0.23414514218005425,0.5714285714285714,1.0
287602,Benign,3,0.5,-0.7999999999999999,-0.6666666666666669,0.2294287990490522,0.15484515484515488,0.19926199261992625,1.0,0.5
287602,Benign,5,0.25,-0.19047619047619052,-0.21428571428571427,0.2294287990490522,0.15484515484515488,0.2849600742350614,1.0,0.42857142857142855
287602,Benign,10,0.17647058823529413,-0.14950980392156862,-0.13235294117647056,0.2294287990490522,0.15484515484515488,0.326877246793167,1.0,1.0
287602,Benign,20,0.25,-0.16202346041055718,-0.1088709677419355,0.2294287990490522,0.15484515484515488,0.3343649463864631,0.5,1.0
287792,DDOS attack-LOIC-UDP,3,0.0,-0.7142857142857143,-0.4666666666666666,0.7927641978274889,0.6836496836496836,0.0,,0.0
287792,DDOS attack-LOIC-UDP,5,0.1111111111111111,-0.6666666666666667,-0.5,0.7927641978274889,0.6836496836496836,0.076547581255647,0.0,0.25
287792,DDOS attack-LOIC-UDP,10,0.1111111111111111,-0.5067079463364293,-0.3725490196078432,0.7927641978274889,0.6836496836496836,0.11983678933904471,0.0,0.8181818181818182
287792,DDOS attack-LOIC-UDP,20,0.2903225806451613,-0.4088709677419355,-0.21720430107526886,0.7927641978274889,0.6836496836496836,0.14242598092495234,0.0,1.0
288753,Brute Force -XSS,3,0.0,-0.7142857142857143,-0.4666666666666666,0.304821760517963,0.20346320346320346,0.0,,0.0
288753,Brute Force -XSS,5,0.0,-0.7818181818181817,-0.6,0.304821760517963,0.20346320346320346,0.0,,0.1111111111111111
288753,Brute Force -XSS,10,0.1111111111111111,-0.762641898864809,-0.542483660130719,0.304821760517963,0.20346320346320346,0.011896442950836214,1.0,0.8181818181818182
288753,Brute Force -XSS,20,0.3333333333333333,-0.4967741935483871,-0.3471264367816092,0.304821760517963,0.20346320346320346,0.10660126640178606,0.6,1.0
289173,DoS attacks-Hulk,3,0.2,0.0,-0.19999999999999998,0.19381883938845965,0.12354312354312354,0.6346863468634687,1.0,0.5
289173,DoS attacks-Hulk,5,0.1111111111111111,-0.33333333333333337,-0.3888888888888889,0.19381883938845965,0.12354312354312354,0.4965617445239432,1.0,0.42857142857142855
289173,DoS attacks-Hulk,10,0.05263157894736842,-0.4280701754385965,-0.3099415204678362,0.19381883938845965,0.12354312354312354,0.3614441988713819,1.0,0.8181818181818182
289173,DoS attacks-Hulk,20,0.17647058823529413,-0.39251336898395717,-0.28698752228163993,0.19381883938845965,0.12354312354312354,0.3434411890589182,0.6666666666666666,1.0
289705,DDOS attack-HOIC,3,0.2,0.19999999999999998,0.19999999999999998,0.17325712262421122,0.1108891108891109,0.6346863468634687,1.0,0.2
289705,DDOS attack-HOIC,5,0.1111111111111111,-0.3666666666666667,-0.4444444444444444,0.17325712262421122,0.1108891108891109,0.4965617445239432,1.0,0.42857142857142855
289705,DDOS attack-HOIC,10,0.1111111111111111,-0.5294117647058824,-0.4379084967320262,0.17325712262421122,0.1108891108891109,0.3673924203468,0.5,0.6666666666666666
289705,DDOS attack-HOIC,20,0.21212121212121213,-0.5177139037433156,-0.3939393939393939,0.17325712262421122,0.1108891108891109,0.3235430893203935,0.14285714285714285,1.0
290027,FTP-BruteForce,3,0.2,0.19999999999999998,0.19999999999999998,0.23572629901743822,0.1561771561771562,0.6346863468634687,1.0,0.2
290027,FTP-BruteForce,5,0.1111111111111111,-0.08333333333333334,0.05555555555555555,0.23572629901743822,0.1561771561771562,0.4965617445239432,1.0,0.25
290027,FTP-BruteForce,10,0.1111111111111111,-0.42002063983488136,-0.281045751633987,0.23572629901743822,0.1561771561771562,0.3747359036497853,1.0,0.8181818181818182
290027,FTP-BruteForce,20,0.21212121212121213,-0.46724598930481287,-0.3560606060606061,0.23572629901743822,0.1561771561771562,0.34290464696429845,0.5714285714285714,1.0
291049,SSH-Bruteforce,3,0.2,-0.6,-0.39999999999999997,0.2646593912416697,0.19547119547119546,0.09963099630996312,1.0,0.2
291049,SSH-Bruteforce,5,0.25,-0.4285714285714286,-0.2857142857142857,0.2646593912416697,0.19547119547119546,0.1745232106664062,1.0,0.6666666666666666
291049,SSH-Bruteforce,10,0.3333333333333333,-0.028571428571428564,-0.009523809523809525,0.2646593912416697,0.19547119547119546,0.293204262018385,0.8,0.8181818181818182
291049,SSH-Bruteforce,20,0.25,-0.04142228739002932,-0.07258064516129033,0.2646593912416697,0.19547119547119546,0.3474503019590488,0.75,1.0
291380,Bot,3,0.2,-0.19999999999999998,-0.19999999999999998,0.20724844775477685,0.1461871461871462,0.2656826568265683,1.0,0.2
291380,Bot,5,0.1111111111111111,-0.5,-0.5555555555555556,0.20724844775477685,0.1461871461871462,0.2523674635540035,1.0,0.6666666666666666
291380,Bot,10,0.17647058823529413,-0.43627450980392163,-0.338235294117647,0.20724844775477685,0.1461871461871462,0.2553292919813087,0.6666666666666666,0.6666666666666666
291380,Bot,20,0.17647058823529413,-0.42796027501909845,-0.3297682709447416,0.20724844775477685,0.1461871461871462,0.26404676718874953,0.5,1.0
291382,FTP-BruteForce,3,0.2,0.19999999999999998,0.19999999999999998,0.2371426042312118,0.16616716616716617,0.6346863468634687,1.0,0.5
291382,FTP-BruteForce,5,0.25,-0.07142857142857144,0.0,0.2371426042312118,0.16616716616716617,0.5286049180728187,1.0,0.25
291382,FTP-BruteForce,10,0.25,-0.21470588235294116,-0.15,0.2371426042312118,0.16616716616716617,0.4665911227137754,1.0,0.8181818181818182
291382,FTP-BruteForce,20,0.3333333333333333,-0.12169076751946609,-0.07586206896551725,0.2371426042312118,0.16616716616716617,0.45772461685510346,0.5,1.0
291515,DoS attacks-GoldenEye,3,0.2,0.19999999999999998,0.19999999999999998,0.17424347804094636,0.12554112554112556,0.6346863468634687,1.0,0.2
291515,DoS attacks-GoldenEye,5,0.1111111111111111,-0.25,-0.2222222222222222,0.17424347804094636,0.12554112554112556,0.4965617445239432,1.0,0.25
291515,DoS attacks-GoldenEye,10,0.17647058823529413,-0.3921568627450981,-0.3235294117647059,0.17424347804094636,0.12554112554112556,0.39720696255692034,0.6666666666666666,0.6666666666666666
291515,DoS attacks-GoldenEye,20,0.21212121212121213,-0.29745989304812837,-0.22727272727272727,0.17424347804094636,0.12554112554112556,0.3810407603017906,0.7142857142857143,1.0
292378,SSH-Bruteforce,3,0.2,-0.49999999999999994,-0.39999999999999997,0.15719723314660022,0.1028971028971029,0.2656826568265683,1.0,0.5
292378,SSH-Bruteforce,5,0.1111111111111111,-0.31666666666666665,-0.2222222222222222,0.15719723314660022,0.1028971028971029,0.2523674635540035,1.0,0.42857142857142855
292378,SSH-Bruteforce,10,0.1111111111111111,-0.3952528379772961,-0.2679738562091504,0.15719723314660022,0.1028971028971029,0.24203758720290527,1.0,0.8181818181818182
292378,SSH-Bruteforce,20,0.17647058823529413,-0.3518716577540107,-0.251336898395722,0.15719723314660022,0.1028971028971029,0.2524319554267776,1.0,1.0
292477,DDOS attack-HOIC,3,0.2,-0.09999999999999999,0.0,0.12082853855005753,0.07292707292707293,0.2656826568265683,1.0,0.5
292477,DDOS attack-HOIC,5,0.1111111111111111,-0.3666666666666667,-0.2777777777777778,0.12082853855005753,0.07292707292707293,0.2523674635540035,1.0,0.42857142857142855
292477,DDOS attack-HOIC,10,0.05263157894736842,-0.512280701754386,-0.3684210526315789,0.12082853855005753,0.07292707292707293,0.20791020559261889,1.0,0.8181818181818182
292477,DDOS attack-HOIC,20,0.1111111111111111,-0.607979407979408,-0.4285714285714286,0.12082853855005753,0.07292707292707293,0.1776091627735758,0.5,1.0
292866,DoS attacks-Slowloris,3,0.0,-0.6,-0.3333333333333333,0.40378608733039106,0.26473526473526476,0.0,,0.2
292866,DoS attacks-Slowloris,5,0.1111111111111111,-0.5,-0.3333333333333333,0.40378608733039106,0.26473526473526476,0.076547581255647,1.0,0.42857142857142855
292866,DoS attacks-Slowloris,10,0.25,-0.34411764705882353,-0.26666666666666666,0.40378608733039106,0.26473526473526476,0.1731865695475323,0.75,1.0
292866,DoS attacks-Slowloris,20,0.3333333333333333,-0.18665183537263624,-0.12643678160919541,0.40378608733039106,0.26473526473526476,0.23295906807421402,0.5,1.0
293431,Bot,3,0.2,-0.19999999999999998,-0.19999999999999998,0.1520125444176077,0.10556110556110557,0.2656826568265683,1.0,0.2
293431,Bot,5,0.1111111111111111,-0.38333333333333336,-0.3333333333333333,0.1520125444176077,0.10556110556110557,0.2523674635540035,1.0,0.25
293431,Bot,10,0.17647058823529413,-0.5073529411764706,-0.41176470588235287,0.1520125444176077,0.10556110556110557,0.2479858086783234,0.3333333333333333,0.8181818181818182
293431,Bot,20,0.14285714285714285,-0.4557422969187675,-0.31764705882352945,0.1520125444176077,0.10556110556110557,0.24419095102252628,0.4,1.0
294020,FTP-BruteForce,3,0.2,0.19999999999999998,0.19999999999999998,0.1718661085749693,0.11954711954711954,0.6346863468634687,1.0,0.2
294020,FTP-BruteForce,5,0.1111111111111111,-0.19999999999999998,-0.16666666666666666,0.1718661085749693,0.11954711954711954,0.4965617445239432,1.0,0.25
294020,FTP-BruteForce,10,0.17647058823529413,-0.36764705882352944,-0.24999999999999997,0.1718661085749693,0.11954711954711954,0.38802760842818873,1.0,0.8181818181818182
294020,FTP-BruteForce,20,0.25,-0.3676686217008797,-0.26209677419354843,0.1718661085749693,0.11954711954711954,0.37639191830068963,0.5,1.0
294209,DDOS attack-HOIC,3,0.2,0.09999999999999999,0.0,0.13964516496162063,0.08957708957708958,0.6346863468634687,1.0,0.2
294209,DDOS attack-HOIC,5,0.1111111111111111,-0.31666666666666665,-0.3333333333333333,0.13964516496162063,0.08957708957708958,0.4965617445239432,1.0,0.42857142857142855
294209,DDOS attack-HOIC,10,0.05263157894736842,-0.48947368421052634,-0.3567251461988304,0.13964516496162063,0.08957708957708958,0.3614441988713819,1.0,0.8181818181818182
294209,DDOS attack-HOIC,20,0.17647058823529413,-0.5404125286478227,-0.36898395721925137,0.13964516496162063,0.08957708957708958,0.30027645242997103,0.3333333333333333,1.0
294216,Infilteration,3,0.2,-0.7999999999999999,-0.6,0.3506746418138823,0.23876123876123875,0.09963099630996312,1.0,0.5
294216,Infilteration,5,0.1111111111111111,-0.6166666666666666,-0.4444444444444444,0.3506746418138823,0.23876123876123875,0.1424800371175307,1.0,0.25
294216,Infilteration,10,0.17647058823529413,-0.4730392156862746,-0.3823529411764705,0.3506746418138823,0.23876123876123875,0.1862389950058654,0.3333333333333333,1.0
294216,Infilteration,20,0.2903225806451613,-0.3298387096774194,-0.24731182795698925,0.3506746418138823,0.23876123876123875,0.22645250633878597,0.5555555555555556,1.0
294377,SSH-Bruteforce,3,0.2,-0.49999999999999994,-0.39999999999999997,0.17308008447248951,0.12021312021312022,0.2656826568265683,1.0,0.5
294377,SSH-Bruteforce,5,0.1111111111111111,-0.31666666666666665,-0.2222222222222222,0.17308008447248951,0.12021312021312022,0.2523674635540035,1.0,0.42857142857142855
294377,SSH-Bruteforce,10,0.1111111111111111,-0.347781217750258,-0.24183006535947715,0.17308008447248951,0.12021312021312022,0.25714763515143474,1.0,0.8181818181818182
294377,SSH-Bruteforce,20,0.25,-0.35630498533724336,-0.2862903225806452,0.17308008447248951,0.12021312021312022,0.2680267200845361,0.875,1.0
294434,SQL Injection,3,0.2,-0.09999999999999999,0.0,0.28914123850832707,0.19347319347319347,0.2656826568265683,1.0,0.5
294434,SQL Injection,5,0.1111111111111111,-0.38333333333333336,-0.3333333333333333,0.28914123850832707,0.19347319347319347,0.2523674635540035,1.0,0.42857142857142855
294434,SQL Injection,10,0.1111111111111111,-0.43653250773993807,-0.2941176470588236,0.28914123850832707,0.19347319347319347,0.22120191037102233,1.0,0.6666666666666666
294434,SQL Injection,20,0.2903225806451613,-0.2516129032258065,-0.13118279569892474,0.28914123850832707,0.19347319347319347,0.24623730126132248,0.7777777777777778,1.0
294469,DoS attacks-Slowloris,3,0.0,-0.7714285714285715,-0.6,0.3134207564587311,0.20546120546120547,0.0,,0.2
294469,DoS attacks-Slowloris,5,0.1111111111111111,-0.5666666666666667,-0.3888888888888889,0.3134207564587311,0.20546120546120547,0.076547581255647,1.0,0.6666666666666666
294469,DoS attacks-Slowloris,10,0.25,-0.3529411764705882,-0.25,0.3134207564587311,0.20546120546120547,0.1866787630764299,1.0,0.8181818181818182
294469,DoS attacks-Slowloris,20,0.3793103448275862,-0.05320197044334973,-0.019704433497536943,0.3134207564587311,0.20546120546120547,0.2507730881800369,0.8181818181818182,1.0
295007,DoS attacks-GoldenEye,3,0.5,0.7999999999999999,0.6666666666666669,0.2979172726008169,0.20346320346320346,0.900369003690037,1.0,0.2
295007,DoS attacks-GoldenEye,5,0.25,0.2142857142857143,0.07142857142857142,0.2979172726008169,0.20346320346320346,0.7489292080779467,1.0,0.42857142857142855
295007,DoS attacks-GoldenEye,10,0.25,-0.023529411764705882,-0.03333333333333333,0.2979172726008169,0.20346320346320346,0.6051171681495392,1.0,0.6666666666666666
295007,DoS attacks-GoldenEye,20,0.25,-0.08027859237536657,-0.06451612903225808,0.2979172726008169,0.20346320346320346,0.5548124545165409,0.75,1.0
295122,DDOS attack-LOIC-UDP,3,0.0,-0.7142857142857143,-0.4666666666666666,0.7910191074748038,0.6803196803196804,0.0,,0.0
295122,DDOS attack-LOIC-UDP,5,0.1111111111111111,-0.6666666666666667,-0.5,0.7910191074748038,0.6803196803196804,0.076547581255647,0.0,0.25
295122,DDOS attack-LOIC-UDP,10,0.1111111111111111,-0.5067079463364293,-0.34640522875817,0.7910191074748038,0.6803196803196804,0.11065743521031306,0.0,0.8181818181818182
295122,DDOS attack-LOIC-UDP,20,0.2903225806451613,-0.4254032258064516,-0.23870967741935484,0.7910191074748038,0.6803196803196804,0.1356197965478587,0.0,1.0
296407,Infilteration,3,0.0,-0.942857142857143,-0.8666666666666666,0.27024873860316895,0.1874791874791875,0.0,,0.2
296407,Infilteration,5,0.25,-0.6190476190476191,-0.4999999999999999,0.27024873860316895,0.1874791874791875,0.10859075480452249,1.0,0.42857142857142855
296407,Infilteration,10,0.3333333333333333,-0.049999999999999996,-0.06666666666666668,0.27024873860316895,0.1874791874791875,0.26340640653627034,0.6,1.0
296407,Infilteration,20,0.3333333333333333,-0.06384872080088987,-0.07586206896551725,0.27024873860316895,0.1874791874791875,0.31203110475510903,0.4,1.0
296944,Infilteration,3,0.2,0.0,-0.19999999999999998,0.31559579660845477,0.20612720612720611,0.6346863468634687,1.0,0.5
296944,Infilteration,5,0.1111111111111111,-0.3666666666666667,-0.4444444444444444,0.31559579660845477,0.20612720612720611,0.4965617445239432,1.0,0.42857142857142855
296944,Infilteration,10,0.1111111111111111,-0.4943240454076367,-0.411764705882353,0.31559579660845477,0.20612720612720611,0.3747359036497853,0.5,0.8181818181818182
296944,Infilteration,20,0.2903225806451613,-0.2862903225806452,-0.18279569892473121,0.31559579660845477,0.20612720612720611,0.3593445252055374,0.4444444444444444,1.0
297866,Brute Force -Web,3,0.2,-0.39999999999999997,-0.39999999999999997,0.12912404051644558,0.08158508158508158,0.2656826568265683,1.0,0.2
297866,Brute Force -Web,5,0.1111111111111111,-0.33333333333333337,-0.2222222222222222,0.12912404051644558,0.08158508158508158,0.2523674635540035,1.0,0.42857142857142855
297866,Brute Force -Web,10,0.25,-0.2529411764705882,-0.16666666666666669,0.12912404051644558,0.08158508158508158,0.28556691553398794,1.0,0.8181818181818182
297866,Brute Force -Web,20,0.25,-0.13416422287390029,-0.1370967741935484,0.12912404051644558,0.08158508158508158,0.32602521226417697,0.75,1.0
299658,FTP-BruteForce,3,0.2,0.09999999999999999,0.0,0.2947811681988897,0.1914751914751915,0.6346863468634687,1.0,0.5
299658,FTP-BruteForce,5,0.1111111111111111,-0.3,-0.3888888888888889,0.2947811681988897,0.1914751914751915,0.4965617445239432,1.0,0.25
299658,FTP-BruteForce,10,0.17647058823529413,-0.482843137254902,-0.4411764705882352,0.2947811681988897,0.1914751914751915,0.389863479253935,0.6666666666666666,0.8181818181818182
299658,FTP-BruteForce,20,0.21212121212121213,-0.41911764705882354,-0.3068181818181818,0.2947811681988897,0.1914751914751915,0.37709710559342274,0.42857142857142855,1.0
300675,DoS attacks-GoldenEye,3,0.0,-0.6571428571428573,-0.4666666666666666,0.19283248397172445,0.14751914751914752,0.0,,0.2
300675,DoS attacks-GoldenEye,5,0.0,-0.7212121212121211,-0.5111111111111111,0.19283248397172445,0.14751914751914752,0.0,,0.25
300675,DoS attacks-GoldenEye,10,0.1111111111111111,-0.7502579979360166,-0.5686274509803922,0.19283248397172445,0.14751914751914752,0.019239926253821527,1.0,0.8181818181818182
300675,DoS attacks-GoldenEye,20,0.2903225806451613,-0.3983870967741936,-0.2774193548387097,0.19283248397172445,0.14751914751914752,0.12150366749497897,0.7777777777777778,1.0
300727,DDOS attack-LOIC-UDP,3,0.0,-0.7142857142857143,-0.4666666666666666,0.7910191074748038,0.6769896769896769,0.0,,0.2
300727,DDOS attack-LOIC-UDP,5,0.1111111111111111,-0.6166666666666666,-0.4444444444444444,0.7910191074748038,0.6769896769896769,0.076547581255647,0.0,0.25
300727,DDOS attack-LOIC-UDP,10,0.1111111111111111,-0.48194014447884415,-0.3725490196078432,0.7910191074748038,0.6769896769896769,0.13149311204219602,0.0,0.8181818181818182
300727,DDOS attack-LOIC-UDP,20,0.2903225806451613,-0.4294354838709678,-0.2602150537634409,0.7910191074748038,0.6769896769896769,0.15106875473713477,0.0,1.0
302253,Bot,3,0.0,-0.942857142857143,-0.8666666666666666,0.10041856877299915,0.0636030636030636,0.0,,0.5
302253,Bot,5,0.0,-0.7333333333333332,-0.5111111111111111,0.10041856877299915,0.0636030636030636,0.0,,0.25
302253,Bot,10,0.05263157894736842,-0.6175438596491227,-0.38011695906432746,0.10041856877299915,0.0636030636030636,0.022471058907135067,1.0,0.6666666666666666
302253,Bot,20,0.17647058823529413,-0.6632543926661574,-0.4688057040998218,0.10041856877299915,0.0636030636030636,0.04803988880908746,0.5,1.0
302291,Brute Force -Web,3,0.2,0.19999999999999998,0.19999999999999998,0.11597263495997673,0.07492507492507493,0.6346863468634687,1.0,0.2
302291,Brute Force -Web,5,0.1111111111111111,-0.2333333333333333,-0.2222222222222222,0.11597263495997673,0.07492507492507493,0.4965617445239432,1.0,0.25
302291,Brute Force -Web,10,0.17647058823529413,-0.29411764705882354,-0.24999999999999997,0.11597263495997673,0.07492507492507493,0.43315268733733264,1.0,0.8181818181818182
302291,Brute Force -Web,20,0.21212121212121213,-0.28241978609625673,-0.2121212121212121,0.11597263495997673,0.07492507492507493,0.4123151752855578,0.8571428571428571,1.0
302715,DDOS attack-LOIC-UDP,3,0.0,-0.7142857142857143,-0.4666666666666666,0.7912973102846519,0.6783216783216783,0.0,,0.2
302715,DDOS attack-LOIC-UDP,5,0.25,-0.5952380952380953,-0.42857142857142855,0.7912973102846519,0.6783216783216783,0.153095162511294,0.0,0.25
302715,DDOS attack-LOIC-UDP,10,0.1111111111111111,-0.45510835913312697,-0.3856209150326798,0.7912973102846519,0.6783216783216783,0.19473146086381926,0.0,0.8181818181818182
302715,DDOS attack-LOIC-UDP,20,0.2903225806451613,-0.4104838709677419,-0.2516129032258065,0.7912973102846519,0.6783216783216783,0.19795787740816548,0.0,1.0
302973,DDOS attack-HOIC,3,0.2,0.09999999999999999,0.0,0.15975164076429896,0.11022311022311024,0.6346863468634687,1.0,0.2
302973,DDOS attack-HOIC,5,0.1111111111111111,-0.15,-0.1111111111111111,0.15975164076429896,0.11022311022311024,0.4965617445239432,1.0,0.6666666666666666
302973,DDOS attack-HOIC,10,0.05263157894736842,-0.49473684210526314,-0.391812865497076,0.15975164076429896,0.11022311022311024,0.3614441988713819,1.0,0.8181818181818182
302973,DDOS attack-HOIC,20,0.14285714285714285,-0.6067226890756303,-0.4588235294117647,0.15975164076429896,0.11022311022311024,0.3000731585980172,0.2,1.0
303174,Benign,3,0.2,-0.7,-0.6,0.19412233336283966,0.13153513153513155,0.09963099630996312,1.0,0.5
303174,Benign,5,0.25,-0.1666666666666667,-0.07142857142857142,0.19412233336283966,0.13153513153513155,0.2190276183731777,1.0,0.6666666666666666
303174,Benign,10,0.1111111111111111,-0.1847265221878225,-0.05882352941176472,0.19412233336283966,0.13153513153513155,0.23618563904908527,1.0,0.8181818181818182
303174,Benign,20,0.25,-0.2067448680351906,-0.12500000000000003,0.19412233336283966,0.13153513153513155,0.26365284123403165,0.5,1.0
303763,DDOS attack-HOIC,3,0.2,0.19999999999999998,0.19999999999999998,0.21885709227481376,0.14352314352314352,0.6346863468634687,1.0,0.2
303763,DDOS attack-HOIC,5,0.1111111111111111,-0.26666666666666666,-0.2777777777777778,0.21885709227481376,0.14352314352314352,0.4965617445239432,1.0,0.42857142857142855
303763,DDOS attack-HOIC,10,0.05263157894736842,-0.5403508771929825,-0.4502923976608187,0.21885709227481376,0.14352314352314352,0.3614441988713819,1.0,0.8181818181818182
303763,DDOS attack-HOIC,20,0.21212121212121213,-0.5578208556149733,-0.3939393939393939,0.21885709227481376,0.14352314352314352,0.3010453594295018,0.42857142857142855,1.0
303913,FTP-BruteForce,3,0.2,0.19999999999999998,0.19999999999999998,0.2701728651095739,0.18548118548118547,0.6346863468634687,1.0,0.5
303913,FTP-BruteForce,5,0.1111111111111111,-0.25,-0.2222222222222222,0.2701728651095739,0.18548118548118547,0.4965617445239432,1.0,0.25
303913,FTP-BruteForce,10,0.17647058823529413,-0.3872549019607844,-0.2941176470588235,0.2701728651095739,0.18548118548118547,0.39720696255692034,1.0,0.8181818181818182
303913,FTP-BruteForce,20,0.3333333333333333,-0.2996662958843159,-0.20919540229885059,0.2701728651095739,0.18548118548118547,0.39515291340547726,0.4,1.0
303943,DDOS attack-HOIC,3,0.2,0.09999999999999999,0.0,0.31632924037987326,0.19613719613719613,0.6346863468634687,1.0,0.2
303943,DDOS attack-HOIC,5,0.1111111111111111,-0.25,-0.2777777777777778,0.31632924037987326,0.19613719613719613,0.4965617445239432,1.0,0.6666666666666666
303943,DDOS attack-HOIC,10,0.05263157894736842,-0.543859649122807,-0.47368421052631576,0.31632924037987326,0.19613719613719613,0.3614441988713819,1.0,1.0
303943,DDOS attack-HOIC,20,0.21212121212121213,-0.615975935828877,-0.4848484848484849,0.31632924037987326,0.19613719613719613,0.31322860048487133,0.2857142857142857,1.0
304628,DoS attacks-Hulk,3,0.2,0.0,-0.19999999999999998,0.16642850820066007,0.10622710622710622,0.6346863468634687,1.0,0.5
304628,DoS attacks-Hulk,5,0.1111111111111111,-0.18333333333333335,-0.16666666666666666,0.16642850820066007,0.10622710622710622,0.4965617445239432,1.0,0.42857142857142855
304628,DoS attacks-Hulk,10,0.1111111111111111,-0.40350877192982454,-0.2679738562091504,0.16642850820066007,0.10622710622710622,0.383915257778517,1.0,0.8181818181818182
304628,DoS attacks-Hulk,20,0.14285714285714285,-0.40504201680672275,-0.28403361344537814,0.16642850820066007,0.10622710622710622,0.35035170096606233,0.8,1.0
304762,Benign,3,0.2,-0.6,-0.39999999999999997,0.39756446085560004,0.27672327672327673,0.09963099630996312,1.0,0.5
304762,Benign,5,0.25,-0.3333333333333334,-0.14285714285714285,0.39756446085560004,0.27672327672327673,0.1745232106664062,1.0,1.0
304762,Benign,10,0.17647058823529413,-0.34068627450980393,-0.24999999999999997,0.39756446085560004,0.27672327672327673,0.21415229024944885,1.0,1.0
304762,Benign,20,0.25,-0.21847507331378296,-0.14112903225806453,0.39756446085560004,0.27672327672327673,0.24419141833877644,0.75,1.0
306105,Benign,3,0.0,-0.5428571428571429,-0.2,0.314963517495163,0.21678321678321677,0.0,,0.2
306105,Benign,5,0.0,-0.8424242424242423,-0.6444444444444444,0.314963517495163,0.21678321678321677,0.0,,0.42857142857142855
306105,Benign,10,0.17647058823529413,-0.5833333333333334,-0.3676470588235294,0.314963517495163,0.21678321678321677,0.06847735581263734,0.6666666666666666,0.8181818181818182
306105,Benign,20,0.25,-0.29618768328445744,-0.1653225806451613,0.314963517495163,0.21678321678321677,0.1297459064668984,0.625,1.0
307260,Benign,3,0.0,-0.7714285714285715,-0.6,0.16038391987759076,0.10489510489510491,0.0,,0.5
307260,Benign,5,0.0,-0.8303030303030302,-0.6444444444444444,0.16038391987759076,0.10489510489510491,0.0,,0.6666666666666666
307260,Benign,10,0.1111111111111111,-0.5995872033023736,-0.411764705882353,0.16038391987759076,0.10489510489510491,0.07170848846595089,0.5,1.0
307260,Benign,20,0.25,-0.3376099706744868,-0.217741935483871,0.16038391987759076,0.10489510489510491,0.13930199858389944,0.5,1.0
307519,Bot,3,0.0,-0.8285714285714287,-0.7333333333333333,0.041768358224054426,0.030969030969030968,0.0,,0.2
307519,Bot,5,0.1111111111111111,-0.9,-0.7777777777777778,0.041768358224054426,0.030969030969030968,0.03204317354887549,1.0,0.42857142857142855
307519,Bot,10,0.1111111111111111,-0.5975232198142414,-0.411764705882353,0.041768358224054426,0.030969030969030968,0.1186215897156709,1.0,0.6666666666666666
307519,Bot,20,0.17647058823529413,-0.5779984721161191,-0.44385026737967925,0.041768358224054426,0.030969030969030968,0.138927108928077,0.3333333333333333,1.0
307846,DoS attacks-Hulk,3,0.2,0.0,-0.19999999999999998,0.10805650046156373,0.06227106227106227,0.6346863468634687,1.0,0.5
307846,DoS attacks-Hulk,5,0.1111111111111111,-0.25,-0.2777777777777778,0.10805650046156373,0.06227106227106227,0.4965617445239432,1.0,0.6666666666666666
307846,DoS attacks-Hulk,10,0.1111111111111111,-0.48606811145510836,-0.3856209150326798,0.10805650046156373,0.06227106227106227,0.3747359036497853,1.0,0.8181818181818182
307846,DoS attacks-Hulk,20,0.21212121212121213,-0.4007352941176471,-0.27272727272727276,0.10805650046156373,0.06227106227106227,0.3428280063503845,0.5714285714285714,1.0
307982,Brute Force -Web,3,0.2,0.0,-0.19999999999999998,0.2718673731331959,0.19813519813519814,0.6346863468634687,1.0,0.2
307982,Brute Force -Web,5,0.1111111111111111,-0.21666666666666667,-0.2222222222222222,0.2718673731331959,0.19813519813519814,0.4965617445239432,1.0,0.42857142857142855
307982,Brute Force -Web,10,0.17647058823529413,-0.2843137254901961,-0.2205882352941176,0.2718673731331959,0.19813519813519814,0.43315268733733264,1.0,0.8181818181818182
307982,Brute Force -Web,20,0.25,-0.15652492668621698,-0.1370967741935484,0.2718673731331959,0.19813519813519814,0.42432946375612474,0.625,1.0
308045,DoS attacks-Hulk,3,0.2,0.0,-0.19999999999999998,0.21964111837529557,0.14085914085914086,0.6346863468634687,1.0,0.2
308045,DoS attacks-Hulk,5,0.1111111111111111,-0.25,-0.2777777777777778,0.21964111837529557,0.14085914085914086,0.4965617445239432,1.0,0.6666666666666666
308045,DoS attacks-Hulk,10,0.1111111111111111,-0.4262125902992776,-0.33333333333333337,0.21964111837529557,0.14085914085914086,0.383915257778517,0.5,0.8181818181818182
308045,DoS attacks-Hulk,20,0.25,-0.3324780058651026,-0.23790322580645165,0.21964111837529557,0.14085914085914086,0.3702084807177496,0.625,1.0
308926,Infilteration,3,0.2,-0.6,-0.39999999999999997,0.324877653991578,0.2127872127872128,0.09963099630996312,1.0,0.2
308926,Infilteration,5,0.1111111111111111,-0.33333333333333337,-0.2222222222222222,0.324877653991578,0.2127872127872128,0.1424800371175307,1.0,0.25
308926,Infilteration,10,0.17647058823529413,-0.28186274509803927,-0.13235294117647056,0.324877653991578,0.2127872127872128,0.19400555965140953,0.6666666666666666,0.8181818181818182
308926,Infilteration,20,0.25,-0.2881231671554252,-0.15725806451612906,0.324877653991578,0.2127872127872128,0.22218492791080766,0.375,1.0
309132,Bot,3,0.2,-0.19999999999999998,-0.19999999999999998,0.027984673554293807,0.019647019647019648,0.2656826568265683,1.0,0.2
309132,Bot,5,0.1111111111111111,-0.35,-0.3333333333333333,0.027984673554293807,0.019647019647019648,0.2523674635540035,1.0,0.6666666666666666
309132,Bot,10,0.1111111111111111,-0.4406604747162023,-0.32026143790849676,0.027984673554293807,0.019647019647019648,0.23038126449975396,0.5,1.0
309132,Bot,20,0.17647058823529413,-0.37876241405653166,-0.25490196078431376,0.027984673554293807,0.019647019647019648,0.2384155763740729,0.6666666666666666,1.0
309397,DDoS attacks-LOIC-HTTP,3,0.0,-0.6571428571428573,-0.4666666666666666,0.2267226444441634,0.1461871461871462,0.0,,0.2
309397,DDoS attacks-LOIC-HTTP,5,0.1111111111111111,-0.7833333333333333,-0.5555555555555556,0.2267226444441634,0.1461871461871462,0.03204317354887549,1.0,0.1111111111111111
309397,DDoS attacks-LOIC-HTTP,10,0.17647058823529413,-0.5441176470588236,-0.30882352941176466,0.2267226444441634,0.1461871461871462,0.08128060310769128,1.0,0.8181818181818182
309397,DDoS attacks-LOIC-HTTP,20,0.1111111111111111,-0.46151866151866155,-0.34285714285714286,0.2267226444441634,0.1461871461871462,0.12684377611057776,0.75,1.0
310305,DoS attacks-GoldenEye,3,0.5,0.6000000000000001,0.3333333333333334,0.32917715196196207,0.2281052281052281,0.5313653136531366,1.0,0.2
310305,DoS attacks-GoldenEye,5,0.25,0.2380952380952381,0.07142857142857142,0.32917715196196207,0.2281052281052281,0.504734927108007,1.0,0.42857142857142855
310305,DoS attacks-GoldenEye,10,0.17647058823529413,-0.15686274509803924,-0.13235294117647056,0.32917715196196207,0.2281052281052281,0.42176863266065584,1.0,0.6666666666666666
310305,DoS attacks-GoldenEye,20,0.25,-0.2628299120234604,-0.17741935483870971,0.32917715196196207,0.2281052281052281,0.38741987669538896,0.875,1.0
310345,Infilteration,3,0.2,-0.7999999999999999,-0.6,0.35636515383350825,0.25008325008325005,0.09963099630996312,1.0,0.2
310345,Infilteration,5,0.25,-0.7380952380952381,-0.5714285714285714,0.35636515383350825,0.25008325008325005,0.1745232106664062,1.0,0.25
310345,Infilteration,10,0.25,-0.2764705882352941,-0.18333333333333335,0.35636515383350825,0.25008325008325005,0.2648025092914521,0.5,1.0
310345,Infilteration,20,0.42857142857142855,0.034482758620689655,0.010582010582010581,0.35636515383350825,0.25008325008325005,0.342159188969911,0.5,1.0
310445,Benign,3,0.2,0.0,-0.19999999999999998,0.20196259436765762,0.12887112887112886,0.6346863468634687,1.0,0.5
310445,Benign,5,0.1111111111111111,-0.19999999999999998,-0.16666666666666666,0.20196259436765762,0.12887112887112886,0.4965617445239432,1.0,0.42857142857142855
310445,Benign,10,0.1111111111111111,-0.4592363261093911,-0.3725490196078432,0.20196259436765762,0.12887112887112886,0.3747359036497853,1.0,0.8181818181818182
310445,Benign,20,0.3333333333333333,-0.09899888765294772,-0.06666666666666667,0.20196259436765762,0.12887112887112886,0.3900005527606751,0.4,1.0
310753,SSH-Bruteforce,3,0.2,-0.3,-0.19999999999999998,0.10261890008725451,0.0735930735930736,0.2656826568265683,1.0,0.5
310753,SSH-Bruteforce,5,0.1111111111111111,-0.2333333333333333,-0.1111111111111111,0.10261890008725451,0.0735930735930736,0.2523674635540035,1.0,0.42857142857142855
310753,SSH-Bruteforce,10,0.1111111111111111,-0.35397316821465424,-0.2679738562091504,0.10261890008725451,0.0735930735930736,0.25714763515143474,1.0,0.8181818181818182
310753,SSH-Bruteforce,20,0.21212121212121213,-0.33890374331550804,-0.2537878787878788,0.10261890008725451,0.0735930735930736,0.27007260053345294,0.8571428571428571,1.0
310995,Infilteration,3,0.0,-0.7714285714285715,-0.6,0.4162040491154415,0.2787212787212787,0.0,,0.0
310995,Infilteration,5,0.0,-0.7454545454545454,-0.5555555555555555,0.4162040491154415,0.2787212787212787,0.0,,0.42857142857142855
310995,Infilteration,10,0.17647058823529413,-0.4926470588235295,-0.3823529411764705,0.4162040491154415,0.2787212787212787,0.11749219277938852,0.6666666666666666,0.8181818181818182
310995,Infilteration,20,0.3333333333333333,-0.1096774193548387,-0.06206896551724138,0.4162040491154415,0.2787212787212787,0.20884194950343452,0.5,1.0
312028,DoS attacks-GoldenEye,3,0.5,-0.39999999999999997,-0.3333333333333334,0.46972015326445704,0.3413253413253413,0.3653136531365314,1.0,0.5
312028,DoS attacks-GoldenEye,5,0.25,0.04761904761904763,0.07142857142857142,0.46972015326445704,0.3413253413253413,0.3948475006715343,1.0,0.6666666666666666
312028,DoS attacks-GoldenEye,10,0.3333333333333333,0.010714285714285713,-0.04761904761904762,0.46972015326445704,0.3413253413253413,0.4317303074541488,0.8,0.8181818181818182
312028,DoS attacks-GoldenEye,20,0.48148148148148145,0.24358974358974358,0.1623931623931624,0.46972015326445704,0.3413253413253413,0.48216387362842167,0.6923076923076923,1.0
312043,Benign,3,0.0,-0.6571428571428573,-0.4666666666666666,0.49660466116162316,0.35064935064935066,0.0,,0.2
312043,Benign,5,0.0,-0.7212121212121211,-0.5555555555555555,0.49660466116162316,0.35064935064935066,0.0,,0.42857142857142855
312043,Benign,10,0.1111111111111111,-0.717234262125903,-0.5163398692810458,0.49660466116162316,0.35064935064935066,0.02658340955680685,1.0,0.8181818181818182
312043,Benign,20,0.3793103448275862,-0.3344827586206896,-0.2216748768472906,0.49660466116162316,0.35064935064935066,0.11855118948563038,0.6363636363636364,1.0
312250,Bot,3,0.2,-0.39999999999999997,-0.39999999999999997,0.1689576246538272,0.10489510489510491,0.2656826568265683,1.0,0.2
312250,Bot,5,0.1111111111111111,-0.4666666666666666,-0.4444444444444444,0.1689576246538272,0.10489510489510491,0.2523674635540035,1.0,0.42857142857142855
312250,Bot,10,0.1111111111111111,-0.4633642930856553,-0.34640522875817,0.1689576246538272,0.10489510489510491,0.25714763515143474,0.5,0.6666666666666666
312250,Bot,20,0.14285714285714285,-0.565266106442577,-0.45210084033613446,0.1689576246538272,0.10489510489510491,0.251735883357118,0.8,1.0
312371,Infilteration,3,0.0,-0.8857142857142858,-0.7333333333333333,0.22512930107866813,0.15218115218115216,0.0,,0.2
312371,Infilteration,5,0.25,-0.9523809523809524,-0.8571428571428571,0.22512930107866813,0.15218115218115216,0.06408634709775098,1.0,0.42857142857142855
312371,Infilteration,10,0.3333333333333333,-0.13214285714285715,-0.14285714285714288,0.22512930107866813,0.15218115218115216,0.2203147883126863,0.6,0.8181818181818182
312371,Infilteration,20,0.25,0.018328445747800584,-0.012096774193548388,0.22512930107866813,0.15218115218115216,0.290428167612552,0.375,1.0
312669,SSH-Bruteforce,3,0.2,-0.49999999999999994,-0.39999999999999997,0.04133840842701602,0.023643023643023644,0.2656826568265683,1.0,0.5
312669,SSH-Bruteforce,5,0.1111111111111111,-0.2833333333333333,-0.16666666666666666,0.04133840842701602,0.023643023643023644,0.2523674635540035,1.0,0.6666666666666666
312669,SSH-Bruteforce,10,0.1111111111111111,-0.3126934984520124,-0.15032679738562094,0.04133840842701602,0.023643023643023644,0.24203758720290527,1.0,0.8181818181818182
312669,SSH-Bruteforce,20,0.17647058823529413,-0.31764705882352934,-0.25490196078431376,0.04133840842701602,0.023643023643023644,0.2613012184583827,0.8333333333333334,1.0
312699,Bot,3,0.2,-0.19999999999999998,-0.19999999999999998,0.27007170045144724,0.19746919746919744,0.2656826568265683,1.0,0.2
312699,Bot,5,0.1111111111111111,-0.45,-0.4444444444444444,0.27007170045144724,0.19746919746919744,0.2523674635540035,1.0,0.42857142857142855
312699,Bot,10,0.1111111111111111,-0.5314757481940144,-0.4509803921568628,0.27007170045144724,0.19746919746919744,0.24203758720290527,0.5,0.6666666666666666
312699,Bot,20,0.21212121212121213,-0.43549465240641716,-0.3106060606060606,0.27007170045144724,0.19746919746919744,0.25034355182755524,0.5714285714285714,1.0
312850,SSH-Bruteforce,3,0.2,-0.49999999999999994,-0.39999999999999997,0.1911379759481025,0.13286713286713286,0.2656826568265683,1.0,0.5
312850,SSH-Bruteforce,5,0.25,-0.3571428571428572,-0.21428571428571427,0.1911379759481025,0.13286713286713286,0.28441063710287906,1.0,0.42857142857142855
312850,SSH-Bruteforce,10,0.1111111111111111,-0.283797729618163,-0.16339869281045755,0.1911379759481025,0.13286713286713286,0.277294365749474,1.0,0.6666666666666666
312850,SSH-Bruteforce,20,0.21212121212121213,-0.20153743315508021,-0.15151515151515152,0.1911379759481025,0.13286713286713286,0.3003888417488711,0.7142857142857143,1.0
313225,DDoS attacks-LOIC-HTTP,3,0.2,-0.3,-0.19999999999999998,0.08645784595151684,0.04761904761904762,0.2656826568265683,1.0,0.2
313225,DDoS attacks-LOIC-HTTP,5,0.1111111111111111,-0.5666666666666667,-0.5,0.08645784595151684,0.04761904761904762,0.2523674635540035,1.0,0.42857142857142855
313225,DDoS attacks-LOIC-HTTP,10,0.05263157894736842,-0.5701754385964912,-0.4269005847953216,0.08645784595151684,0.04761904761904762,0.20791020559261889,1.0,0.8181818181818182
313225,DDoS attacks-LOIC-HTTP,20,0.14285714285714285,-0.5526610644257703,-0.4151260504201681,0.08645784595151684,0.04761904761904762,0.2070685198771869,0.4,1.0
313432,Infilteration,3,0.2,-0.8999999999999998,-0.7999999999999999,0.3760163886746165,0.25341325341325344,0.09963099630996312,0.0,0.5
313432,Infilteration,5,0.25,-0.4523809523809524,-0.3571428571428571,0.3760163886746165,0.25341325341325344,0.1745232106664062,0.5,0.6666666666666666
313432,Infilteration,10,0.3333333333333333,-0.20357142857142854,-0.10476190476190476,0.3760163886746165,0.25341325341325344,0.27809421406985557,0.8,0.8181818181818182
313432,Infilteration,20,0.3333333333333333,0.02246941045606229,0.029885057471264367,0.3760163886746165,0.25341325341325344,0.3372886528219464,0.5,1.0
313529,Brute Force -XSS,3,0.0,-0.8285714285714287,-0.7333333333333333,0.26415356795103623,0.1914751914751915,0.0,,0.2
313529,Brute Force -XSS,5,0.0,-0.8303030303030302,-0.6888888888888888,0.26415356795103623,0.1914751914751915,0.0,,0.25
313529,Brute Force -XSS,10,0.17647058823529413,-0.6887254901960785,-0.49999999999999994,0.26415356795103623,0.1914751914751915,0.041710985160956594,1.0,0.8181818181818182
313529,Brute Force -XSS,20,0.3333333333333333,-0.2765294771968854,-0.18620689655172415,0.26415356795103623,0.1914751914751915,0.16468619941655382,0.6,1.0
313667,DDOS attack-LOIC-UDP,3,0.0,-0.7142857142857143,-0.4666666666666666,0.7835329227734291,0.6643356643356643,0.0,,0.2
313667,DDOS attack-LOIC-UDP,5,0.25,-0.6666666666666669,-0.4999999999999999,0.7835329227734291,0.6643356643356643,0.10859075480452249,0.0,0.25
313667,DDOS attack-LOIC-UDP,10,0.1111111111111111,-0.48194014447884415,-0.411764705882353,0.7835329227734291,0.6643356643356643,0.16674989058876474,0.0,0.8181818181818182
313667,DDOS attack-LOIC-UDP,20,0.2903225806451613,-0.48951612903225816,-0.3419354838709678,0.7835329227734291,0.6643356643356643,0.17596960492345307,0.0,1.0
313806,Bot,3,0.5,-0.19999999999999998,0.0,0.2102580963340457,0.1421911421911422,0.3653136531365314,1.0,0.5
313806,Bot,5,0.25,-0.11904761904761905,-0.14285714285714285,0.2102580963340457,0.1421911421911422,0.3948475006715343,1.0,0.6666666666666666
313806,Bot,10,0.25,-0.26176470588235295,-0.2333333333333333,0.2102580963340457,0.1421911421911422,0.36597004046361614,1.0,0.8181818181818182
313806,Bot,20,0.25,-0.2001466275659824,-0.16129032258064518,0.2102580963340457,0.1421911421911422,0.37973736153420923,0.5,1.0
314183,Brute Force -XSS,3,0.0,-0.7714285714285715,-0.6,0.5167617192933648,0.40259740259740256,0.0,,0.0
314183,Brute Force -XSS,5,0.1111111111111111,-0.6333333333333333,-0.4444444444444444,0.5167617192933648,0.40259740259740256,0.076547581255647,0.0,0.42857142857142855
314183,Brute Force -XSS,10,0.17647058823529413,-0.411764705882353,-0.2794117647058823,0.5167617192933648,0.40259740259740256,0.15255138146614355,0.0,0.6666666666666666
314183,Brute Force -XSS,20,0.2903225806451613,-0.38024193548387103,-0.29462365591397854,0.5167617192933648,0.40259740259740256,0.20602906856501305,0.0,1.0
314606,DDoS attacks-LOIC-HTTP,3,0.0,-0.7142857142857143,-0.4666666666666666,0.252418467608341,0.17415917415917415,0.0,,0.5
314606,DDoS attacks-LOIC-HTTP,5,0.1111111111111111,-0.6166666666666666,-0.4444444444444444,0.252418467608341,0.17415917415917415,0.076547581255647,1.0,0.6666666666666666
314606,DDoS attacks-LOIC-HTTP,10,0.1111111111111111,-0.4840041279669762,-0.34640522875817,0.252418467608341,0.17415917415917415,0.13149311204219602,0.5,0.8181818181818182
314606,DDoS attacks-LOIC-HTTP,20,0.17647058823529413,-0.4710466004583651,-0.35115864527629237,0.252418467608341,0.17415917415917415,0.1629497688975394,0.3333333333333333,1.0
315063,Brute Force -Web,3,0.2,-0.6,-0.39999999999999997,0.3418986077213925,0.2827172827172827,0.09963099630996312,0.0,0.2
315063,Brute Force -Web,5,0.1111111111111111,-0.33333333333333337,-0.2222222222222222,0.3418986077213925,0.2827172827172827,0.1424800371175307,0.0,0.25
315063,Brute Force -Web,10,0.17647058823529413,-0.4093137254901961,-0.2941176470588235,0.3418986077213925,0.2827172827172827,0.16723918899972878,0.0,0.6666666666666666
315063,Brute Force -Web,20,0.2903225806451613,-0.3459677419354839,-0.2817204301075269,0.3418986077213925,0.2827172827172827,0.22462233034500975,0.0,1.0
315332,Benign,3,0.5,0.0,0.0,0.19508339761504317,0.13353313353313354,0.3653136531365314,1.0,0.5
315332,Benign,5,0.25,0.0,-0.14285714285714285,0.19508339761504317,0.13353313353313354,0.3948475006715343,1.0,0.25
315332,Benign,10,0.17647058823529413,-0.16176470588235298,-0.14705882352941174,0.19508339761504317,0.13353313353313354,0.3692011731169296,1.0,0.8181818181818182
315332,Benign,20,0.21212121212121213,-0.16377005347593585,-0.11363636363636363,0.19508339761504317,0.13353313353313354,0.3704280624429262,0.5714285714285714,1.0
315394,Benign,3,0.0,-0.6571428571428573,-0.4666666666666666,0.010103820230402509,0.010323010323010322,0.0,,0.0
315394,Benign,5,0.1111111111111111,-0.45,-0.2777777777777778,0.010103820230402509,0.010323010323010322,0.076547581255647,1.0,0.42857142857142855
315394,Benign,10,0.1111111111111111,-0.3973168214654283,-0.21568627450980396,0.010103820230402509,0.010323010323010322,0.11065743521031306,1.0,0.8181818181818182
315394,Benign,20,0.14285714285714285,-0.4781512605042017,-0.29411764705882354,0.010103820230402509,0.010323010323010322,0.12698502090096891,0.4,1.0
315426,DDOS attack-LOIC-UDP,3,0.0,-0.7142857142857143,-0.4666666666666666,0.7855056336068994,0.6709956709956709,0.0,,0.0
315426,DDOS attack-LOIC-UDP,5,0.1111111111111111,-0.65,-0.5,0.7855056336068994,0.6709956709956709,0.076547581255647,0.0,0.25
315426,DDOS attack-LOIC-UDP,10,0.05263157894736842,-0.6087719298245614,-0.47368421052631576,0.7855056336068994,0.6709956709956709,0.09736573043190963,0.0,0.8181818181818182
315426,DDOS attack-LOIC-UDP,20,0.2903225806451613,-0.4919354838709678,-0.2989247311827957,0.7855056336068994,0.6709956709956709,0.11776042261930188,0.0,1.0
317120,Brute Force -XSS,3,0.0,-0.6571428571428573,-0.4666666666666666,0.19586742371552493,0.1262071262071262,0.0,,0.0
317120,Brute Force -XSS,5,0.0,-0.6484848484848483,-0.4222222222222222,0.19586742371552493,0.1262071262071262,0.0,,0.1111111111111111
317120,Brute Force -XSS,10,0.17647058823529413,-0.6740196078431374,-0.49999999999999994,0.19586742371552493,0.1262071262071262,0.06989014529582485,1.0,0.8181818181818182
317120,Brute Force -XSS,20,0.2903225806451613,-0.30000000000000004,-0.19139784946236563,0.19586742371552493,0.1262071262071262,0.15886961451029596,0.5555555555555556,1.0
317474,DDoS attacks-LOIC-HTTP,3,0.2,-0.19999999999999998,-0.19999999999999998,0.1034029261877363,0.06626706626706627,0.2656826568265683,1.0,0.5
317474,DDoS attacks-LOIC-HTTP,5,0.1111111111111111,-0.3666666666666667,-0.3333333333333333,0.1034029261877363,0.06626706626706627,0.2523674635540035,1.0,0.6666666666666666
317474,DDoS attacks-LOIC-HTTP,10,0.1111111111111111,-0.48194014447884415,-0.411764705882353,0.1034029261877363,0.06626706626706627,0.24203758720290527,0.5,0.8181818181818182
317474,DDoS attacks-LOIC-HTTP,20,0.21212121212121213,-0.4598930481283423,-0.3598484848484849,0.1034029261877363,0.06626706626706627,0.24917312037858885,0.42857142857142855,1.0
317767,Bot,3,0.2,-0.19999999999999998,-0.19999999999999998,0.23453761428444972,0.14485514485514486,0.2656826568265683,1.0,0.2
317767,Bot,5,0.1111111111111111,-0.38333333333333336,-0.3333333333333333,0.23453761428444972,0.14485514485514486,0.2523674635540035,1.0,0.42857142857142855
317767,Bot,10,0.1111111111111111,-0.5995872033023736,-0.5294117647058824,0.23453761428444972,0.14485514485514486,0.24203758720290527,0.5,0.6666666666666666
317767,Bot,20,0.14285714285714285,-0.4781512605042017,-0.39831932773109247,0.23453761428444972,0.14485514485514486,0.2561816827208318,0.4,1.0
318492,Brute Force -Web,3,0.2,-0.6,-0.39999999999999997,0.33238912985748426,0.2787212787212787,0.09963099630996312,0.0,0.2
318492,Brute Force -Web,5,0.1111111111111111,-0.33333333333333337,-0.2222222222222222,0.33238912985748426,0.2787212787212787,0.1424800371175307,0.0,0.25
318492,Brute Force -Web,10,0.17647058823529413,-0.40196078431372556,-0.2794117647058823,0.33238912985748426,0.2787212787212787,0.16723918899972878,0.0,0.6666666666666666
318492,Brute Force -Web,20,0.2903225806451613,-0.35725806451612907,-0.29462365591397854,0.33238912985748426,0.2787212787212787,0.2228861293378672,0.0,1.0
318493,DoS attacks-SlowHTTPTest,3,0.5,0.39999999999999997,0.3333333333333334,0.2776590498109485,0.18881118881118883,0.7343173431734318,1.0,0.5
318493,DoS attacks-SlowHTTPTest,5,0.25,0.09523809523809526,0.0,0.2776590498109485,0.18881118881118883,0.6390417816414738,1.0,0.25
318493,DoS attacks-SlowHTTPTest,10,0.3333333333333333,-0.09999999999999999,-0.10476190476190476,0.2776590498109485,0.18881118881118883,0.5419750926495139,1.0,0.6666666666666666
318493,DoS attacks-SlowHTTPTest,20,0.3333333333333333,-0.047830923248053395,-0.029885057471264367,0.2776590498109485,0.18881118881118883,0.5292925511367783,0.6,1.0
318844,DoS attacks-Hulk,3,0.2,0.09999999999999999,0.0,0.1716131969296526,0.11288711288711288,0.6346863468634687,1.0,0.5
318844,DoS attacks-Hulk,5,0.1111111111111111,-0.31666666666666665,-0.3333333333333333,0.1716131969296526,0.11288711288711288,0.4965617445239432,1.0,0.42857142857142855
318844,DoS attacks-Hulk,10,0.1111111111111111,-0.4447884416924664,-0.411764705882353,0.1716131969296526,0.11288711288711288,0.4106816284301976,0.5,0.8181818181818182
318844,DoS attacks-Hulk,20,0.14285714285714285,-0.3820728291316527,-0.2638655462184874,0.1716131969296526,0.11288711288711288,0.3701980704607033,0.8,1.0
318858,FTP-BruteForce,3,0.5,-0.39999999999999997,-0.3333333333333334,0.3998912479925138,0.28737928737928736,0.3653136531365314,1.0,0.5
318858,FTP-BruteForce,5,0.25,0.09523809523809526,0.07142857142857142,0.3998912479925138,0.28737928737928736,0.3948475006715343,1.0,0.25
318858,FTP-BruteForce,10,0.3333333333333333,-0.017857142857142853,-0.028571428571428574,0.3998912479925138,0.28737928737928736,0.40009742207390253,0.8,0.8181818181818182
318858,FTP-BruteForce,20,0.3333333333333333,0.009121245828698554,-0.043678160919540236,0.3998912479925138,0.28737928737928736,0.4414453015711903,0.6,1.0
319005,Bot,3,0.0,-0.7714285714285715,-0.6,0.20777956220994193,0.12820512820512822,0.0,,0.5
319005,Bot,5,0.0,-0.8545454545454544,-0.6888888888888888,0.20777956220994193,0.12820512820512822,0.0,,0.42857142857142855
319005,Bot,10,0.0,-0.7157894736842104,-0.4631578947368421,0.20777956220994193,0.12820512820512822,0.0,,0.6666666666666666
319005,Bot,20,0.14285714285714285,-0.6588235294117647,-0.44873949579831934,0.20777956220994193,0.12820512820512822,0.023026462678654484,0.4,1.0
319697,DDoS attacks-LOIC-HTTP,3,0.0,-0.6571428571428573,-0.4666666666666666,0.3597794610452838,0.25074925074925075,0.0,,0.2
319697,DDoS attacks-LOIC-HTTP,5,0.1111111111111111,-0.5666666666666667,-0.3888888888888889,0.3597794610452838,0.25074925074925075,0.076547581255647,1.0,0.25
319697,DDoS attacks-LOIC-HTTP,10,0.17647058823529413,-0.3823529411764707,-0.2794117647058823,0.3597794610452838,0.25074925074925075,0.1690742188978605,1.0,0.8181818181818182
319697,DDoS attacks-LOIC-HTTP,20,0.25,-0.2877565982404692,-0.1653225806451613,0.3597794610452838,0.25074925074925075,0.21585178208437597,0.75,1.0
320533,DDoS attacks-LOIC-HTTP,3,0.0,-0.8285714285714287,-0.7333333333333333,0.11521390002402658,0.07825507825507826,0.0,,0.5
320533,DDoS attacks-LOIC-HTTP,5,0.1111111111111111,-0.6666666666666667,-0.5555555555555556,0.11521390002402658,0.07825507825507826,0.076547581255647,1.0,0.42857142857142855
320533,DDoS attacks-LOIC-HTTP,10,0.05263157894736842,-0.6403508771929824,-0.52046783625731,0.11521390002402658,0.07825507825507826,0.09736573043190963,1.0,0.8181818181818182
320533,DDoS attacks-LOIC-HTTP,20,0.17647058823529413,-0.573109243697479,-0.39750445632798576,0.11521390002402658,0.07825507825507826,0.11429005771453989,0.5,1.0
320545,SSH-Bruteforce,3,0.2,-0.49999999999999994,-0.39999999999999997,0.25393593748024124,0.17016317016317017,0.2656826568265683,1.0,0.2
320545,SSH-Bruteforce,5,0.1111111111111111,-0.31666666666666665,-0.2222222222222222,0.25393593748024124,0.17016317016317017,0.2523674635540035,1.0,0.42857142857142855
320545,SSH-Bruteforce,10,0.17647058823529413,-0.38970588235294124,-0.2941176470588235,0.25393593748024124,0.17016317016317017,0.2436729692781574,0.6666666666666666,0.8181818181818182
320545,SSH-Bruteforce,20,0.21212121212121213,-0.22493315508021391,-0.13636363636363638,0.25393593748024124,0.17016317016317017,0.268132045871089,0.8571428571428571,1.0
320952,Brute Force -XSS,3,0.0,-0.7714285714285715,-0.6,0.5141314381820711,0.39926739926739924,0.0,,0.0
320952,Brute Force -XSS,5,0.1111111111111111,-0.6333333333333333,-0.4444444444444444,0.5141314381820711,0.39926739926739924,0.076547581255647,0.0,0.42857142857142855
320952,Brute Force -XSS,10,0.17647058823529413,-0.4558823529411765,-0.3235294117647059,0.5141314381820711,0.39926739926739924,0.15255138146614355,0.0,0.6666666666666666
320952,Brute Force -XSS,20,0.25,-0.3684017595307918,-0.2903225806451613,0.5141314381820711,0.39926739926739924,0.20526016156548232,0.0,1.0
321860,FTP-BruteForce,3,0.2,0.09999999999999999,0.0,0.17239722303013444,0.1148851148851149,0.6346863468634687,1.0,0.2
321860,FTP-BruteForce,5,0.1111111111111111,-0.11666666666666665,-0.05555555555555555,0.17239722303013444,0.1148851148851149,0.4965617445239432,1.0,0.1111111111111111
321860,FTP-BruteForce,10,0.1111111111111111,-0.5190918472652218,-0.46405228758169936,0.17239722303013444,0.1148851148851149,0.3747359036497853,1.0,0.6666666666666666
321860,FTP-BruteForce,20,0.2903225806451613,-0.39274193548387104,-0.28602150537634413,0.17239722303013444,0.1148851148851149,0.3569593462499985,0.4444444444444444,1.0
322022,DoS attacks-Hulk,3,0.2,0.0,-0.19999999999999998,0.2167832167832168,0.14485514485514486,0.6346863468634687,1.0,0.5
322022,DoS attacks-Hulk,5,0.25,-0.19047619047619052,-0.2857142857142857,0.2167832167832168,0.14485514485514486,0.5286049180728187,0.5,0.6666666666666666
322022,DoS attacks-Hulk,10,0.17647058823529413,-0.1936274509803922,-0.14705882352941174,0.2167832167832168,0.14485514485514486,0.4649557406385233,0.3333333333333333,0.8181818181818182
322022,DoS attacks-Hulk,20,0.25,-0.16825513196480937,-0.08870967741935486,0.2167832167832168,0.14485514485514486,0.4433917308513338,0.625,1.0
322118,FTP-BruteForce,3,0.2,0.09999999999999999,0.0,0.3454646619203581,0.23543123543123542,0.6346863468634687,1.0,0.5
322118,FTP-BruteForce,5,0.1111111111111111,-0.13333333333333333,-0.05555555555555555,0.3454646619203581,0.23543123543123542,0.4965617445239432,1.0,0.25
322118,FTP-BruteForce,10,0.1111111111111111,-0.38080495356037153,-0.281045751633987,0.3454646619203581,0.23543123543123542,0.383915257778517,1.0,0.8181818181818182
322118,FTP-BruteForce,20,0.25,-0.26392961876832843,-0.16129032258064518,0.3454646619203581,0.23543123543123542,0.37480766729952825,0.5,1.0
322507,DoS attacks-SlowHTTPTest,3,0.2,0.09999999999999999,0.0,0.15841120904412043,0.10023310023310024,0.6346863468634687,1.0,0.2
322507,DoS attacks-SlowHTTPTest,5,0.1111111111111111,-0.15,-0.1111111111111111,0.15841120904412043,0.10023310023310024,0.4965617445239432,1.0,0.25
322507,DoS attacks-SlowHTTPTest,10,0.1111111111111111,-0.37048503611971106,-0.21568627450980396,0.15841120904412043,0.10023310023310024,0.3673924203468,1.0,0.8181818181818182
322507,DoS attacks-SlowHTTPTest,20,0.21212121212121213,-0.4187834224598931,-0.2878787878787879,0.15841120904412043,0.10023310023310024,0.3417462574626551,0.42857142857142855,1.0
323354,DoS attacks-GoldenEye,3,0.2,-0.09999999999999999,0.0,0.26526637919042984,0.17482517482517482,0.2656826568265683,1.0,0.2
323354,DoS attacks-GoldenEye,5,0.25,-0.07142857142857144,-0.07142857142857142,0.26526637919042984,0.17482517482517482,0.32891504480965056,1.0,0.25
323354,DoS attacks-GoldenEye,10,0.17647058823529413,-0.25490196078431376,-0.2205882352941176,0.26526637919042984,0.17482517482517482,0.3112241574999467,1.0,0.8181818181818182
323354,DoS attacks-GoldenEye,20,0.2903225806451613,-0.18911290322580646,-0.13978494623655915,0.26526637919042984,0.17482517482517482,0.3169823123501866,0.8888888888888888,1.0
323475,Bot,3,0.0,-0.7714285714285715,-0.6,0.10851174142313381,0.07892107892107893,0.0,,0.5
323475,Bot,5,0.0,-0.8424242424242423,-0.6888888888888888,0.10851174142313381,0.07892107892107893,0.0,,0.42857142857142855
323475,Bot,10,0.05263157894736842,-0.6649122807017543,-0.4619883040935673,0.10851174142313381,0.07892107892107893,0.03412738161028636,1.0,0.6666666666666666
323475,Bot,20,0.14285714285714285,-0.6238095238095238,-0.4588235294117647,0.10851174142313381,0.07892107892107893,0.07821436249223822,0.6,1.0
324075,DDOS attack-HOIC,3,0.2,-0.09999999999999999,0.0,0.22573628902742826,0.1341991341991342,0.2656826568265683,1.0,0.2
324075,DDOS attack-HOIC,5,0.1111111111111111,-0.45,-0.4444444444444444,0.22573628902742826,0.1341991341991342,0.2523674635540035,1.0,0.42857142857142855
324075,DDOS attack-HOIC,10,0.1111111111111111,-0.47368421052631576,-0.34640522875817,0.22573628902742826,0.1341991341991342,0.23038126449975396,0.5,0.8181818181818182
324075,DDOS attack-HOIC,20,0.21212121212121213,-0.5752005347593584,-0.45454545454545453,0.22573628902742826,0.1341991341991342,0.21729405399104199,0.2857142857142857,1.0
324210,Benign,3,0.0,-0.8857142857142858,-0.7333333333333333,0.4510805650046156,0.3233433233433234,0.0,,0.2
324210,Benign,5,0.25,-0.6666666666666669,-0.42857142857142855,0.4510805650046156,0.3233433233433234,0.06408634709775098,0.5,0.6666666666666666
324210,Benign,10,0.1111111111111111,-0.391124871001032,-0.22875816993464054,0.4510805650046156,0.3233433233433234,0.13876832031371017,0.5,0.8181818181818182
324210,Benign,20,0.3333333333333333,-0.27608453837597335,-0.18620689655172415,0.4510805650046156,0.3233433233433234,0.19037289016671216,0.7,1.0
325549,Infilteration,3,0.2,-0.49999999999999994,-0.19999999999999998,0.39205098698769586,0.2840492840492841,0.09963099630996312,1.0,0.5
325549,Infilteration,5,0.42857142857142855,-0.25,0.04761904761904762,0.39205098698769586,0.2840492840492841,0.2510707919220532,1.0,0.42857142857142855
325549,Infilteration,10,0.3333333333333333,0.014285714285714282,0.10476190476190476,0.39205098698769586,0.2840492840492841,0.33398907958849355,0.6,1.0
325549,Infilteration,20,0.3333333333333333,-0.01268075639599555,-0.016091954022988506,0.39205098698769586,0.2840492840492841,0.3754255884769809,0.5,1.0
326200,FTP-BruteForce,3,0.5,0.39999999999999997,0.3333333333333334,0.38433718180553617,0.27272727272727276,0.7343173431734318,1.0,0.5
326200,FTP-BruteForce,5,0.25,0.1666666666666667,0.07142857142857142,0.38433718180553617,0.27272727272727276,0.6390417816414738,1.0,0.25
326200,FTP-BruteForce,10,0.25,-0.0058823529411764705,0.0,0.38433718180553617,0.27272727272727276,0.5476831938772472,1.0,1.0
326200,FTP-BruteForce,20,0.3793103448275862,-0.09556650246305416,-0.06403940886699505,0.38433718180553617,0.27272727272727276,0.5237995985769202,0.45454545454545453,1.0
326495,Infilteration,3,0.0,-0.6571428571428573,-0.4666666666666666,0.38178277418783746,0.2554112554112554,0.0,,0.2
326495,Infilteration,5,0.1111111111111111,-0.6,-0.3888888888888889,0.38178277418783746,0.2554112554112554,0.03204317354887549,1.0,0.25
326495,Infilteration,10,0.25,-0.19999999999999998,-0.06666666666666667,0.38178277418783746,0.2554112554112554,0.16604067610436068,0.5,1.0
326495,Infilteration,20,0.25,-0.12683284457478003,-0.060483870967741944,0.38178277418783746,0.2554112554112554,0.21882404809335856,0.25,1.0
326555,Bot,3,0.2,-0.19999999999999998,-0.19999999999999998,0.02550613943019006,0.021645021645021644,0.2656826568265683,1.0,0.2
326555,Bot,5,0.1111111111111111,-0.38333333333333336,-0.3333333333333333,0.02550613943019006,0.021645021645021644,0.2523674635540035,1.0,0.6666666666666666
326555,Bot,10,0.1111111111111111,-0.48813209494324045,-0.3856209150326798,0.02550613943019006,0.021645021645021644,0.24203758720290527,0.5,0.6666666666666666
326555,Bot,20,0.17647058823529413,-0.4346829640947288,-0.304812834224599,0.02550613943019006,0.021645021645021644,0.23880988246871138,0.6666666666666666,1.0
326858,Benign,3,0.5,0.0,0.0,0.2760151241163899,0.18548118548118547,0.3653136531365314,1.0,0.5
326858,Benign,5,0.25,0.19047619047619052,0.14285714285714285,0.2760151241163899,0.18548118548118547,0.3948475006715343,1.0,0.6666666666666666
326858,Benign,10,0.25,-0.01764705882352941,0.016666666666666666,0.2760151241163899,0.18548118548118547,0.4019157652440285,0.75,0.8181818181818182
326858,Benign,20,0.25,-0.16862170087976538,-0.12096774193548389,0.2760151241163899,0.18548118548118547,0.38803472768724295,0.375,1.0
327099,DDOS attack-HOIC,3,0.2,0.09999999999999999,0.0,0.15307477332793787,0.10223110223110222,0.6346863468634687,1.0,0.2
327099,DDOS attack-HOIC,5,0.1111111111111111,-0.2333333333333333,-0.2222222222222222,0.15307477332793787,0.10223110223110222,0.4965617445239432,1.0,0.6666666666666666
327099,DDOS attack-HOIC,10,0.05263157894736842,-0.45789473684210524,-0.2982456140350877,0.15307477332793787,0.10223110223110222,0.3614441988713819,1.0,0.8181818181818182
327099,DDOS attack-HOIC,20,0.21212121212121213,-0.5718582887700535,-0.4166666666666667,0.15307477332793787,0.10223110223110222,0.3149585534685317,0.2857142857142857,1.0
327975,DDOS attack-LOIC-UDP,3,0.0,-0.7142857142857143,-0.4666666666666666,0.7908926516521453,0.6803196803196804,0.0,,0.0
327975,DDOS attack-LOIC-UDP,5,0.1111111111111111,-0.6833333333333333,-0.5555555555555556,0.7908926516521453,0.6803196803196804,0.076547581255647,0.0,0.25
327975,DDOS attack-LOIC-UDP,10,0.1111111111111111,-0.5087719298245614,-0.3856209150326798,0.7908926516521453,0.6803196803196804,0.11983678933904471,0.0,0.8181818181818182
327975,DDOS attack-LOIC-UDP,20,0.2903225806451613,-0.4205645161290323,-0.23870967741935484,0.7908926516521453,0.6803196803196804,0.14242598092495234,0.0,1.0
328840,Benign,3,0.0,-0.7142857142857143,-0.4666666666666666,0.4404076935722505,0.2893772893772894,0.0,,0.0
328840,Benign,5,0.1111111111111111,-0.75,-0.5555555555555556,0.4404076935722505,0.2893772893772894,0.076547581255647,1.0,0.42857142857142855
328840,Benign,10,0.3333333333333333,-0.532142857142857,-0.37142857142857144,0.4404076935722505,0.2893772893772894,0.16586061390016726,0.4,0.8181818181818182
328840,Benign,20,0.2903225806451613,-0.1810483870967742,-0.12688172043010754,0.4404076935722505,0.2893772893772894,0.23912474984000034,0.5555555555555556,1.0
330518,FTP-BruteForce,3,0.2,0.0,-0.19999999999999998,0.2971838288293984,0.20745920745920746,0.6346863468634687,1.0,0.2
330518,FTP-BruteForce,5,0.1111111111111111,-0.2833333333333333,-0.2777777777777778,0.2971838288293984,0.20745920745920746,0.4965617445239432,1.0,0.25
330518,FTP-BruteForce,10,0.1111111111111111,-0.40144478844169246,-0.2941176470588236,0.2971838288293984,0.20745920745920746,0.3747359036497853,1.0,0.8181818181818182
330518,FTP-BruteForce,20,0.21212121212121213,-0.37867647058823534,-0.2765151515151515,0.2971838288293984,0.20745920745920746,0.34835880449301443,0.42857142857142855,1.0
330643,SSH-Bruteforce,3,0.2,-0.49999999999999994,-0.39999999999999997,0.2097775642079439,0.13886113886113888,0.2656826568265683,1.0,0.5
330643,SSH-Bruteforce,5,0.1111111111111111,-0.31666666666666665,-0.2222222222222222,0.2097775642079439,0.13886113886113888,0.2523674635540035,1.0,0.42857142857142855
330643,SSH-Bruteforce,10,0.17647058823529413,-0.3186274509803922,-0.1764705882352941,0.2097775642079439,0.13886113886113888,0.2479858086783234,0.6666666666666666,0.6666666666666666
330643,SSH-Bruteforce,20,0.2903225806451613,-0.360483870967742,-0.30322580645161296,0.2097775642079439,0.13886113886113888,0.2708835943170248,0.7777777777777778,1.0
330832,DoS attacks-Hulk,3,0.2,0.09999999999999999,0.0,0.12611439193717675,0.08491508491508491,0.6346863468634687,1.0,0.5
330832,DoS attacks-Hulk,5,0.1111111111111111,-0.33333333333333337,-0.3888888888888889,0.12611439193717675,0.08491508491508491,0.4965617445239432,1.0,0.25
330832,DoS attacks-Hulk,10,0.1111111111111111,-0.4406604747162023,-0.34640522875817,0.12611439193717675,0.08491508491508491,0.39557158048166824,1.0,0.6666666666666666
330832,DoS attacks-Hulk,20,0.17647058823529413,-0.43865546218487395,-0.2976827094474154,0.12611439193717675,0.08491508491508491,0.35431313592333924,0.8333333333333334,1.0
330903,Bot,3,0.2,-0.19999999999999998,-0.19999999999999998,0.1351433376749832,0.09090909090909091,0.2656826568265683,1.0,0.2
330903,Bot,5,0.1111111111111111,-0.43333333333333335,-0.4444444444444444,0.1351433376749832,0.09090909090909091,0.2523674635540035,1.0,0.42857142857142855
330903,Bot,10,0.17647058823529413,-0.3088235294117647,-0.20588235294117643,0.1351433376749832,0.09090909090909091,0.27616496881319164,0.6666666666666666,0.8181818181818182
330903,Bot,20,0.25,-0.4336510263929618,-0.33870967741935487,0.1351433376749832,0.09090909090909091,0.27856031856919156,0.75,1.0
331276,FTP-BruteForce,3,0.5,-0.39999999999999997,-0.3333333333333334,0.27444707191542633,0.1894771894771895,0.3653136531365314,1.0,0.5
331276,FTP-BruteForce,5,0.25,0.04761904761904763,0.0,0.27444707191542633,0.1894771894771895,0.3948475006715343,1.0,0.25
331276,FTP-BruteForce,10,0.25,-0.14705882352941177,-0.21666666666666667,0.27444707191542633,0.1894771894771895,0.38680571729549906,0.75,0.8181818181818182
331276,FTP-BruteForce,20,0.3333333333333333,-0.14660734149054505,-0.14022988505747128,0.27444707191542633,0.1894771894771895,0.4007127830988179,0.6,1.0
332442,FTP-BruteForce,3,0.2,-0.3,-0.19999999999999998,0.4531038581671493,0.32400932400932403,0.2656826568265683,1.0,0.5
332442,FTP-BruteForce,5,0.25,-0.04761904761904763,0.0,0.4531038581671493,0.32400932400932403,0.32891504480965056,1.0,0.25
332442,FTP-BruteForce,10,0.3333333333333333,0.0035714285714285704,0.06666666666666668,0.4531038581671493,0.32400932400932403,0.35864324388863644,0.8,0.8181818181818182
332442,FTP-BruteForce,20,0.3333333333333333,-0.10211345939933258,-0.10804597701149425,0.4531038581671493,0.32400932400932403,0.3892315777620468,0.5,1.0
333222,Benign,3,0.0,-0.7714285714285715,-0.6,0.033396982764071374,0.02097902097902098,0.0,,0.2
333222,Benign,5,0.1111111111111111,-0.43333333333333335,-0.2222222222222222,0.033396982764071374,0.02097902097902098,0.076547581255647,1.0,0.42857142857142855
333222,Benign,10,0.17647058823529413,-0.303921568627451,-0.13235294117647056,0.033396982764071374,0.02097902097902098,0.13744133351761412,0.6666666666666666,0.8181818181818182
333222,Benign,20,0.14285714285714285,-0.40168067226890763,-0.2672268907563025,0.033396982764071374,0.02097902097902098,0.1647138614442405,0.8,1.0
333345,DoS attacks-SlowHTTPTest,3,0.2,0.09999999999999999,0.0,0.19713198194210851,0.13086913086913088,0.6346863468634687,1.0,0.2
333345,DoS attacks-SlowHTTPTest,5,0.1111111111111111,-0.08333333333333334,0.05555555555555555,0.19713198194210851,0.13086913086913088,0.4965617445239432,1.0,0.25
333345,DoS attacks-SlowHTTPTest,10,0.05263157894736842,-0.4912280701754386,-0.3567251461988304,0.19713198194210851,0.13086913086913088,0.3614441988713819,1.0,0.8181818181818182
333345,DoS attacks-SlowHTTPTest,20,0.21212121212121213,-0.4475267379679144,-0.3068181818181818,0.19713198194210851,0.13086913086913088,0.327264925074889,0.42857142857142855,1.0
334283,DoS attacks-GoldenEye,3,0.5,0.7999999999999999,0.6666666666666669,0.4334273321615093,0.314019314019314,0.900369003690037,1.0,0.5
334283,DoS attacks-GoldenEye,5,0.25,0.261904761904762,0.14285714285714285,0.4334273321615093,0.314019314019314,0.7489292080779467,1.0,0.6666666666666666
334283,DoS attacks-GoldenEye,10,0.25,0.06764705882352941,0.049999999999999996,0.4334273321615093,0.314019314019314,0.6376091676845734,1.0,0.8181818181818182
334283,DoS attacks-GoldenEye,20,0.3793103448275862,-0.044827586206896544,-0.044334975369458116,0.4334273321615093,0.314019314019314,0.58406426249283,0.7272727272727273,1.0
334913,DoS attacks-SlowHTTPTest,3,0.2,0.09999999999999999,0.0,0.3731584870825376,0.2600732600732601,0.6346863468634687,1.0,0.2
334913,DoS attacks-SlowHTTPTest,5,0.1111111111111111,-0.18333333333333335,-0.16666666666666666,0.3731584870825376,0.2600732600732601,0.4965617445239432,1.0,0.42857142857142855
334913,DoS attacks-SlowHTTPTest,10,0.17647058823529413,-0.38970588235294124,-0.2647058823529411,0.3731584870825376,0.2600732600732601,0.37334064182221804,0.6666666666666666,0.8181818181818182
334913,DoS attacks-SlowHTTPTest,20,0.3793103448275862,-0.17881773399014775,-0.11330049261083742,0.3731584870825376,0.2600732600732601,0.3890875722240575,0.36363636363636365,1.0
336026,DoS attacks-Slowloris,3,0.0,-0.6571428571428573,-0.4666666666666666,0.34984003338433717,0.23476523476523478,0.0,,0.2
336026,DoS attacks-Slowloris,5,0.1111111111111111,-0.5333333333333333,-0.3888888888888889,0.34984003338433717,0.23476523476523478,0.076547581255647,1.0,0.42857142857142855
336026,DoS attacks-Slowloris,10,0.25,-0.3323529411764706,-0.2833333333333333,0.34984003338433717,0.23476523476523478,0.19402224637941523,0.75,0.8181818181818182
336026,DoS attacks-Slowloris,20,0.2903225806451613,-0.18790322580645163,-0.13978494623655915,0.34984003338433717,0.23476523476523478,0.24297586194419202,0.5555555555555556,1.0
336997,Bot,3,0.2,-0.19999999999999998,-0.19999999999999998,0.1630142009888845,0.11022311022311024,0.2656826568265683,1.0,0.2
336997,Bot,5,0.1111111111111111,-0.43333333333333335,-0.3888888888888889,0.1630142009888845,0.11022311022311024,0.2523674635540035,1.0,0.42857142857142855
336997,Bot,10,0.17647058823529413,-0.5661764705882354,-0.4705882352941176,0.1630142009888845,0.11022311022311024,0.2436729692781574,0.6666666666666666,0.6666666666666666
336997,Bot,20,0.25,-0.347140762463343,-0.25000000000000006,0.1630142009888845,0.11022311022311024,0.2766501370312585,0.625,1.0
337311,DoS attacks-GoldenEye,3,0.2,0.09999999999999999,0.0,0.32199446123496756,0.22544122544122544,0.6346863468634687,1.0,0.2
337311,DoS attacks-GoldenEye,5,0.25,-0.1666666666666667,-0.21428571428571427,0.32199446123496756,0.22544122544122544,0.5286049180728187,0.5,1.0
337311,DoS attacks-GoldenEye,10,0.3333333333333333,-0.17857142857142855,-0.14285714285714288,0.32199446123496756,0.22544122544122544,0.4725393441891935,0.6,0.8181818181818182
337311,DoS attacks-GoldenEye,20,0.2903225806451613,-0.021370967741935486,-0.023655913978494626,0.32199446123496756,0.22544122544122544,0.47728154366552955,0.4444444444444444,1.0
337434,Infilteration,3,0.0,-0.6,-0.3333333333333333,0.33362839691953616,0.23076923076923078,0.0,,0.5
337434,Infilteration,5,0.25,-0.5000000000000001,-0.21428571428571427,0.33362839691953616,0.23076923076923078,0.10859075480452249,0.0,0.42857142857142855
337434,Infilteration,10,0.3333333333333333,-0.14285714285714282,-0.04761904761904762,0.33362839691953616,0.23076923076923078,0.2201171984528726,0.2,0.8181818181818182
337434,Infilteration,20,0.3333333333333333,-0.008231368186874304,-0.016091954022988506,0.33362839691953616,0.23076923076923078,0.28418321807697544,0.2,1.0
338422,DDOS attack-LOIC-UDP,3,0.0,-0.7142857142857143,-0.4666666666666666,0.7818384147498071,0.6623376623376623,0.0,,0.0
338422,DDOS attack-LOIC-UDP,5,0.1111111111111111,-0.6166666666666666,-0.4444444444444444,0.7818384147498071,0.6623376623376623,0.076547581255647,0.0,0.25
338422,DDOS attack-LOIC-UDP,10,0.1111111111111111,-0.5190918472652218,-0.4248366013071896,0.7818384147498071,0.6623376623376623,0.13149311204219602,0.0,0.8181818181818182
338422,DDOS attack-LOIC-UDP,20,0.2903225806451613,-0.5092741935483871,-0.3548387096774194,0.7818384147498071,0.6623376623376623,0.15106875473713477,0.0,1.0
338824,Brute Force -XSS,3,0.0,-0.7714285714285715,-0.6,0.12204251444757773,0.08691308691308691,0.0,,0.0
338824,Brute Force -XSS,5,0.0,-0.7212121212121211,-0.5111111111111111,0.12204251444757773,0.08691308691308691,0.0,,0.1111111111111111
338824,Brute Force -XSS,10,0.1111111111111111,-0.7234262125902993,-0.46405228758169936,0.12204251444757773,0.08691308691308691,0.019239926253821527,1.0,0.8181818181818182
338824,Brute Force -XSS,20,0.21212121212121213,-0.5782085561497327,-0.39772727272727276,0.12204251444757773,0.08691308691308691,0.0864299267854368,0.8571428571428571,1.0
339605,DoS attacks-Hulk,3,0.2,0.0,-0.19999999999999998,0.05623490433617015,0.03896103896103897,0.6346863468634687,1.0,0.5
339605,DoS attacks-Hulk,5,0.1111111111111111,-0.26666666666666666,-0.2777777777777778,0.05623490433617015,0.03896103896103897,0.4965617445239432,1.0,0.42857142857142855
339605,DoS attacks-Hulk,10,0.1111111111111111,-0.5046439628482973,-0.411764705882353,0.05623490433617015,0.03896103896103897,0.3673924203468,0.5,1.0
339605,DoS attacks-Hulk,20,0.21212121212121213,-0.3823529411764706,-0.2878787878787879,0.05623490433617015,0.03896103896103897,0.35821141834195225,0.7142857142857143,1.0
339667,Brute Force -Web,3,0.0,-0.6571428571428573,-0.4666666666666666,0.16981752424790397,0.10489510489510491,0.0,,0.0
339667,Brute Force -Web,5,0.0,-0.8181818181818182,-0.6444444444444444,0.16981752424790397,0.10489510489510491,0.0,,0.1111111111111111
339667,Brute Force -Web,10,0.0,-0.7022556390977444,-0.4421052631578947,0.16981752424790397,0.10489510489510491,0.0,,0.8181818181818182
339667,Brute Force -Web,20,0.08108108108108109,-0.7057847321005216,-0.5105105105105104,0.16981752424790397,0.10489510489510491,0.021097652824439227,0.3333333333333333,1.0
340208,Bot,3,0.0,-0.942857142857143,-0.8666666666666666,0.0012772038088493783,0.010323010323010322,0.0,,0.2
340208,Bot,5,0.0,-0.9151515151515152,-0.7777777777777777,0.0012772038088493783,0.010323010323010322,0.0,,0.42857142857142855
340208,Bot,10,0.0,-0.7593984962406014,-0.5368421052631579,0.0012772038088493783,0.010323010323010322,0.0,,0.6666666666666666
340208,Bot,20,0.14285714285714285,-0.5955182072829133,-0.34789915966386553,0.0012772038088493783,0.010323010323010322,0.02185195708567386,0.4,1.0
340791,DoS attacks-SlowHTTPTest,3,0.2,0.09999999999999999,0.0,0.2207539296146891,0.1455211455211455,0.6346863468634687,1.0,0.2
340791,DoS attacks-SlowHTTPTest,5,0.1111111111111111,-0.13333333333333333,-0.05555555555555555,0.2207539296146891,0.1455211455211455,0.4965617445239432,1.0,0.42857142857142855
340791,DoS attacks-SlowHTTPTest,10,0.1111111111111111,-0.40144478844169246,-0.24183006535947715,0.2207539296146891,0.1455211455211455,0.3673924203468,1.0,0.8181818181818182
340791,DoS attacks-SlowHTTPTest,20,0.2903225806451613,-0.39435483870967747,-0.2645161290322581,0.2207539296146891,0.1455211455211455,0.34753373519034625,0.3333333333333333,1.0
340909,DoS attacks-GoldenEye,3,0.2,0.09999999999999999,0.0,0.3722227139948659,0.25341325341325344,0.6346863468634687,1.0,0.5
340909,DoS attacks-GoldenEye,5,0.1111111111111111,-0.15,-0.1111111111111111,0.3722227139948659,0.25341325341325344,0.4965617445239432,1.0,0.6666666666666666
340909,DoS attacks-GoldenEye,10,0.3333333333333333,-0.021428571428571425,-0.009523809523809525,0.3722227139948659,0.25341325341325344,0.47915898424283504,0.8,0.6666666666666666
340909,DoS attacks-GoldenEye,20,0.48148148148148145,0.2851037851037851,0.14529914529914534,0.3722227139948659,0.25341325341325344,0.5260948766131149,0.6923076923076923,1.0
341796,DDOS attack-HOIC,3,0.2,0.09999999999999999,0.0,0.179883407731509,0.11888111888111888,0.6346863468634687,1.0,0.2
341796,DDOS attack-HOIC,5,0.1111111111111111,-0.18333333333333335,-0.1111111111111111,0.179883407731509,0.11888111888111888,0.4965617445239432,1.0,0.42857142857142855
341796,DDOS attack-HOIC,10,0.05263157894736842,-0.4842105263157894,-0.3567251461988304,0.179883407731509,0.11888111888111888,0.3614441988713819,1.0,1.0
341796,DDOS attack-HOIC,20,0.08108108108108109,-0.5329540066382171,-0.3333333333333333,0.179883407731509,0.11888111888111888,0.29297619695018895,0.3333333333333333,1.0
342884,DoS attacks-SlowHTTPTest,3,0.2,0.0,-0.19999999999999998,0.214304682659113,0.1421911421911422,0.6346863468634687,1.0,0.2
342884,DoS attacks-SlowHTTPTest,5,0.1111111111111111,-0.15,-0.1111111111111111,0.214304682659113,0.1421911421911422,0.4965617445239432,1.0,0.25
342884,DoS attacks-SlowHTTPTest,10,0.05263157894736842,-0.38596491228070173,-0.22807017543859648,0.214304682659113,0.1421911421911422,0.3614441988713819,1.0,0.8181818181818182
342884,DoS attacks-SlowHTTPTest,20,0.25,-0.44098240469208205,-0.32258064516129037,0.214304682659113,0.1421911421911422,0.33566384130658544,0.375,1.0
343094,Bot,3,0.2,-0.19999999999999998,-0.19999999999999998,0.020447906523855888,0.008991008991008992,0.2656826568265683,1.0,0.2
343094,Bot,5,0.1111111111111111,-0.45,-0.4444444444444444,0.020447906523855888,0.008991008991008992,0.2523674635540035,1.0,0.6666666666666666
343094,Bot,10,0.17647058823529413,-0.44117647058823534,-0.3823529411764705,0.020447906523855888,0.008991008991008992,0.27616496881319164,0.6666666666666666,0.8181818181818182
343094,Bot,20,0.14285714285714285,-0.4686274509803922,-0.37478991596638656,0.020447906523855888,0.008991008991008992,0.26903152245875755,0.8,1.0
343134,FTP-BruteForce,3,0.2,0.09999999999999999,0.0,0.26321779486336444,0.17882117882117884,0.6346863468634687,1.0,0.2
343134,FTP-BruteForce,5,0.1111111111111111,-0.2833333333333333,-0.3333333333333333,0.26321779486336444,0.17882117882117884,0.4965617445239432,1.0,0.1111111111111111
343134,FTP-BruteForce,10,0.1111111111111111,-0.4840041279669762,-0.3856209150326798,0.26321779486336444,0.17882117882117884,0.3673924203468,1.0,0.8181818181818182
343134,FTP-BruteForce,20,0.21212121212121213,-0.40741978609625673,-0.29924242424242425,0.26321779486336444,0.17882117882117884,0.3448679055353782,0.5714285714285714,1.0
343470,DoS attacks-GoldenEye,3,0.5,0.7999999999999999,0.6666666666666669,0.38962303519265545,0.27206127206127206,0.900369003690037,1.0,0.5
343470,DoS attacks-GoldenEye,5,0.25,0.261904761904762,0.14285714285714285,0.38962303519265545,0.27206127206127206,0.7489292080779467,1.0,0.42857142857142855
343470,DoS attacks-GoldenEye,10,0.25,-0.03823529411764706,-0.049999999999999996,0.38962303519265545,0.27206127206127206,0.6167734908526906,1.0,0.6666666666666666
343470,DoS attacks-GoldenEye,20,0.3333333333333333,-0.023359288097886538,-0.016091954022988506,0.38962303519265545,0.27206127206127206,0.5688585611530682,0.8,1.0
343492,DoS attacks-SlowHTTPTest,3,0.5,0.39999999999999997,0.3333333333333334,0.3932143805561527,0.27272727272727276,0.7343173431734318,1.0,0.5
343492,DoS attacks-SlowHTTPTest,5,0.25,0.2380952380952381,0.21428571428571427,0.3932143805561527,0.27272727272727276,0.6390417816414738,1.0,0.42857142857142855
343492,DoS attacks-SlowHTTPTest,10,0.25,-0.09705882352941177,-0.06666666666666667,0.3932143805561527,0.27272727272727276,0.5360268711740959,1.0,1.0
343492,DoS attacks-SlowHTTPTest,20,0.25,-0.13819648093841638,-0.09677419354838711,0.3932143805561527,0.27272727272727276,0.49785886280512504,0.625,1.0
344132,Bot,3,0.0,-1.0,-0.9999999999999999,0.013290506961393037,0.014319014319014318,0.0,,0.2
344132,Bot,5,0.0,-0.8787878787878788,-0.7333333333333333,0.013290506961393037,0.014319014319014318,0.0,,0.1111111111111111
344132,Bot,10,0.05263157894736842,-0.6385964912280702,-0.4269005847953216,0.013290506961393037,0.014319014319014318,0.03412738161028636,1.0,0.6666666666666666
344132,Bot,20,0.14285714285714285,-0.5277310924369749,-0.35126050420168065,0.013290506961393037,0.014319014319014318,0.07821436249223822,0.6,1.0
345045,Bot,3,0.0,-0.7714285714285715,-0.6,0.11698428154124356,0.08025308025308026,0.0,,0.5
345045,Bot,5,0.0,-0.8666666666666665,-0.6888888888888888,0.11698428154124356,0.08025308025308026,0.0,,0.42857142857142855
345045,Bot,10,0.0,-0.7849624060150376,-0.5578947368421052,0.11698428154124356,0.08025308025308026,0.0,,0.6666666666666666
345045,Bot,20,0.21212121212121213,-0.5681818181818181,-0.375,0.11698428154124356,0.08025308025308026,0.04290860270960609,0.5714285714285714,1.0
345049,Bot,3,0.2,-0.49999999999999994,-0.39999999999999997,-0.00011381024039251886,0.006993006993006993,0.2656826568265683,1.0,0.2
345049,Bot,5,0.1111111111111111,-0.5,-0.4444444444444444,-0.00011381024039251886,0.006993006993006993,0.2523674635540035,1.0,0.42857142857142855
345049,Bot,10,0.25,-0.5205882352941177,-0.39999999999999997,-0.00011381024039251886,0.006993006993006993,0.2612775134567268,0.5,0.6666666666666666
345049,Bot,20,0.17647058823529413,-0.4499618029029794,-0.35115864527629237,-0.00011381024039251886,0.006993006993006993,0.27398797280773607,0.3333333333333333,1.0
345958,DoS attacks-GoldenEye,3,0.5,0.7999999999999999,0.6666666666666669,0.2800364192769256,0.18881118881118883,0.900369003690037,1.0,0.2
345958,DoS attacks-GoldenEye,5,0.25,0.2380952380952381,0.07142857142857142,0.2800364192769256,0.18881118881118883,0.7489292080779467,1.0,0.42857142857142855
345958,DoS attacks-GoldenEye,10,0.17647058823529413,-0.2034313725490196,-0.2205882352941176,0.2800364192769256,0.18881118881118883,0.5918254633711357,1.0,0.8181818181818182
345958,DoS attacks-GoldenEye,20,0.2903225806451613,-0.17500000000000002,-0.11827956989247314,0.2800364192769256,0.18881118881118883,0.5266859928541892,0.7777777777777778,1.0
346512,Brute Force -XSS,3,0.0,-0.6,-0.3333333333333333,0.19343947192048455,0.13553113553113552,0.0,,0.2
346512,Brute Force -XSS,5,0.0,-0.6727272727272726,-0.4222222222222222,0.19343947192048455,0.13553113553113552,0.0,,0.1111111111111111
346512,Brute Force -XSS,10,0.05263157894736842,-0.7473684210526316,-0.5087719298245613,0.19343947192048455,0.13553113553113552,0.005948221475418107,0.0,0.8181818181818182
346512,Brute Force -XSS,20,0.21212121212121213,-0.4986631016042781,-0.32196969696969696,0.19343947192048455,0.13553113553113552,0.07529117558434799,0.5714285714285714,1.0
347692,DoS attacks-GoldenEye,3,0.2,0.09999999999999999,0.0,0.262332604104756,0.1874791874791875,0.6346863468634687,1.0,0.2
347692,DoS attacks-GoldenEye,5,0.1111111111111111,-0.19999999999999998,-0.16666666666666666,0.262332604104756,0.1874791874791875,0.4965617445239432,1.0,0.42857142857142855
347692,DoS attacks-GoldenEye,10,0.17647058823529413,-0.42156862745098045,-0.3235294117647059,0.262332604104756,0.1874791874791875,0.38802760842818873,0.6666666666666666,0.8181818181818182
347692,DoS attacks-GoldenEye,20,0.25,-0.32661290322580644,-0.21370967741935484,0.262332604104756,0.1874791874791875,0.37683440091727854,0.625,1.0
348721,Benign,3,0.0,-0.7142857142857143,-0.4666666666666666,0.48833445035976675,0.3266733266733267,0.0,,0.2
348721,Benign,5,0.0,-0.7575757575757575,-0.5111111111111111,0.48833445035976675,0.3266733266733267,0.0,,0.42857142857142855
348721,Benign,10,0.17647058823529413,-0.6151960784313726,-0.41176470588235287,0.48833445035976675,0.3266733266733267,0.058233822592673554,1.0,0.8181818181818182
348721,Benign,20,0.3793103448275862,-0.21379310344827585,-0.14285714285714282,0.48833445035976675,0.3266733266733267,0.15371870324121384,0.8181818181818182,1.0
349133,DDOS attack-HOIC,3,0.2,-0.3,-0.19999999999999998,0.15191137975948102,0.09756909756909757,0.2656826568265683,1.0,0.2
349133,DDOS attack-HOIC,5,0.1111111111111111,-0.41666666666666663,-0.3888888888888889,0.15191137975948102,0.09756909756909757,0.2523674635540035,1.0,0.6666666666666666
349133,DDOS attack-HOIC,10,0.05263157894736842,-0.5982456140350877,-0.5087719298245613,0.15191137975948102,0.09756909756909757,0.20791020559261889,1.0,0.8181818181818182
349133,DDOS attack-HOIC,20,0.17647058823529413,-0.5636363636363636,-0.4224598930481284,0.15191137975948102,0.09756909756909757,0.19399976819081238,0.5,1.0
349327,DDOS attack-HOIC,3,0.2,0.09999999999999999,0.0,0.07838996446591383,0.04162504162504163,0.6346863468634687,1.0,0.2
349327,DDOS attack-HOIC,5,0.1111111111111111,-0.2833333333333333,-0.3333333333333333,0.07838996446591383,0.04162504162504163,0.4965617445239432,1.0,0.6666666666666666
349327,DDOS attack-HOIC,10,0.05263157894736842,-0.5526315789473685,-0.4502923976608187,0.07838996446591383,0.04162504162504163,0.3614441988713819,1.0,0.8181818181818182
349327,DDOS attack-HOIC,20,0.17647058823529413,-0.6663101604278074,-0.5222816399286988,0.07838996446591383,0.04162504162504163,0.3025782666046905,0.5,1.0
349529,DoS attacks-SlowHTTPTest,3,0.5,0.39999999999999997,0.3333333333333334,0.3721215493367392,0.2554112554112554,0.7343173431734318,1.0,0.5
349529,DoS attacks-SlowHTTPTest,5,0.25,0.2142857142857143,0.21428571428571427,0.3721215493367392,0.2554112554112554,0.6390417816414738,1.0,0.25
349529,DoS attacks-SlowHTTPTest,10,0.3333333333333333,-0.05357142857142857,-0.009523809523809525,0.3721215493367392,0.2554112554112554,0.5419750926495139,1.0,0.8181818181818182
349529,DoS attacks-SlowHTTPTest,20,0.2903225806451613,-0.16895161290322583,-0.15268817204301077,0.3721215493367392,0.2554112554112554,0.5207153222076101,0.6666666666666666,1.0
349906,Brute Force -Web,3,0.2,-0.6,-0.39999999999999997,0.34111458162091074,0.28471528471528473,0.09963099630996312,0.0,0.2
349906,Brute Force -Web,5,0.1111111111111111,-0.33333333333333337,-0.2222222222222222,0.34111458162091074,0.28471528471528473,0.1424800371175307,0.0,0.25
349906,Brute Force -Web,10,0.17647058823529413,-0.4093137254901961,-0.2941176470588235,0.34111458162091074,0.28471528471528473,0.16723918899972878,0.0,0.6666666666666666
349906,Brute Force -Web,20,0.2903225806451613,-0.33830645161290324,-0.2688172043010753,0.34111458162091074,0.28471528471528473,0.22462233034500975,0.0,1.0
349978,SSH-Bruteforce,3,0.2,-0.49999999999999994,-0.39999999999999997,0.21868005412309208,0.14485514485514486,0.2656826568265683,1.0,0.5
349978,SSH-Bruteforce,5,0.25,-0.1666666666666667,-0.07142857142857142,0.21868005412309208,0.14485514485514486,0.32891504480965056,1.0,0.6666666666666666
349978,SSH-Bruteforce,10,0.17647058823529413,-0.2622549019607843,-0.1764705882352941,0.21868005412309208,0.14485514485514486,0.3112241574999467,0.6666666666666666,0.8181818181818182
349978,SSH-Bruteforce,20,0.21212121212121213,-0.2737299465240642,-0.22348484848484848,0.21868005412309208,0.14485514485514486,0.3182189948526272,0.8571428571428571,1.0
350224,DDOS attack-HOIC,3,0.2,-0.3,-0.19999999999999998,0.18183082740044765,0.12287712287712288,0.2656826568265683,1.0,0.2
350224,DDOS attack-HOIC,5,0.1111111111111111,-0.39999999999999997,-0.3333333333333333,0.18183082740044765,0.12287712287712288,0.2523674635540035,1.0,0.6666666666666666
350224,DDOS attack-HOIC,10,0.05263157894736842,-0.5385964912280702,-0.40350877192982454,0.18183082740044765,0.12287712287712288,0.20791020559261889,1.0,0.8181818181818182
350224,DDOS attack-HOIC,20,0.21212121212121213,-0.5501336898395722,-0.37878787878787884,0.18183082740044765,0.12287712287712288,0.18950684761266834,0.14285714285714285,1.0
350502,Benign,3,0.5,0.6000000000000001,0.3333333333333334,0.13569974329468001,0.09024309024309024,0.5313653136531366,1.0,0.5
350502,Benign,5,0.25,0.28571428571428575,0.14285714285714285,0.13569974329468001,0.09024309024309024,0.504734927108007,1.0,0.42857142857142855
350502,Benign,10,0.17647058823529413,-0.09803921568627452,-0.13235294117647056,0.13569974329468001,0.09024309024309024,0.46505784074405365,0.6666666666666666,0.8181818181818182
350502,Benign,20,0.17647058823529413,-0.280061115355233,-0.20855614973262035,0.13569974329468001,0.09024309024309024,0.42321196238727726,0.6666666666666666,1.0
351416,DoS attacks-GoldenEye,3,0.2,0.19999999999999998,0.19999999999999998,0.2735365899922862,0.18814518814518816,0.6346863468634687,1.0,0.5
351416,DoS attacks-GoldenEye,5,0.1111111111111111,-0.2333333333333333,-0.2222222222222222,0.2735365899922862,0.18814518814518816,0.4965617445239432,1.0,0.42857142857142855
351416,DoS attacks-GoldenEye,10,0.17647058823529413,-0.41666666666666674,-0.2794117647058823,0.2735365899922862,0.18814518814518816,0.3806841251252034,0.6666666666666666,0.8181818181818182
351416,DoS attacks-GoldenEye,20,0.17647058823529413,-0.2238349885408709,-0.11942959001782533,0.2735365899922862,0.18814518814518816,0.36357872774382033,0.6666666666666666,1.0
351520,DoS attacks-Hulk,3,0.2,0.0,-0.19999999999999998,0.09490509490509491,0.0636030636030636,0.6346863468634687,1.0,0.2
351520,DoS attacks-Hulk,5,0.1111111111111111,-0.2833333333333333,-0.2777777777777778,0.09490509490509491,0.0636030636030636,0.4965617445239432,1.0,0.42857142857142855
351520,DoS attacks-Hulk,10,0.1111111111111111,-0.33952528379772956,-0.21568627450980396,0.09490509490509491,0.0636030636030636,0.39557158048166824,1.0,0.8181818181818182
351520,DoS attacks-Hulk,20,0.21212121212121213,-0.28409090909090906,-0.18939393939393942,0.09490509490509491,0.0636030636030636,0.38271383924083135,0.5714285714285714,1.0
351567,DoS attacks-GoldenEye,3,0.2,-0.7,-0.6,0.3092730054755371,0.21478521478521478,0.2656826568265683,1.0,0.2
351567,DoS attacks-GoldenEye,5,0.25,-0.30952380952380953,-0.21428571428571427,0.3092730054755371,0.21478521478521478,0.28441063710287906,1.0,0.6666666666666666
351567,DoS attacks-GoldenEye,10,0.42857142857142855,-0.02857142857142857,0.01098901098901099,0.3092730054755371,0.21478521478521478,0.36824278046924647,0.8333333333333334,0.8181818181818182
351567,DoS attacks-GoldenEye,20,0.3793103448275862,0.05270935960591132,0.0,0.3092730054755371,0.21478521478521478,0.40260409449190027,0.6363636363636364,1.0
352016,DDoS attacks-LOIC-HTTP,3,0.2,-0.7,-0.6,0.17978224307338228,0.11155511155511155,0.2656826568265683,1.0,0.2
352016,DDoS attacks-LOIC-HTTP,5,0.1111111111111111,-0.5333333333333333,-0.5,0.17978224307338228,0.11155511155511155,0.2523674635540035,1.0,0.42857142857142855
352016,DDoS attacks-LOIC-HTTP,10,0.1111111111111111,-0.5087719298245614,-0.35947712418300654,0.17978224307338228,0.11155511155511155,0.21385842706803698,0.5,0.8181818181818182
352016,DDoS attacks-LOIC-HTTP,20,0.14285714285714285,-0.4366946778711485,-0.2773109243697479,0.17978224307338228,0.11155511155511155,0.22159243052774702,0.6,1.0
352456,DoS attacks-Hulk,3,0.2,0.19999999999999998,0.19999999999999998,0.03860696265759557,0.032301032301032304,0.6346863468634687,1.0,0.5
352456,DoS attacks-Hulk,5,0.1111111111111111,-0.19999999999999998,-0.16666666666666666,0.03860696265759557,0.032301032301032304,0.4965617445239432,1.0,0.6666666666666666
352456,DoS attacks-Hulk,10,0.1111111111111111,-0.43653250773993807,-0.2941176470588236,0.03860696265759557,0.032301032301032304,0.39557158048166824,1.0,0.8181818181818182
352456,DoS attacks-Hulk,20,0.17647058823529413,-0.4722689075630252,-0.31907308377896615,0.03860696265759557,0.032301032301032304,0.3526502084602642,0.8333333333333334,1.0
353452,SSH-Bruteforce,3,0.2,-0.49999999999999994,-0.39999999999999997,0.19801717270071698,0.1401931401931402,0.2656826568265683,1.0,0.5
353452,SSH-Bruteforce,5,0.1111111111111111,-0.31666666666666665,-0.2222222222222222,0.19801717270071698,0.1401931401931402,0.2523674635540035,1.0,0.42857142857142855
353452,SSH-Bruteforce,10,0.1111111111111111,-0.32301341589267285,-0.20261437908496735,0.19801717270071698,0.1401931401931402,0.25714763515143474,1.0,0.8181818181818182
353452,SSH-Bruteforce,20,0.2903225806451613,-0.27983870967741936,-0.20430107526881724,0.19801717270071698,0.1401931401931402,0.27857608895532643,0.7777777777777778,1.0
354101,DDOS attack-HOIC,3,0.2,0.0,-0.19999999999999998,0.2829954855271311,0.19880119880119881,0.6346863468634687,1.0,0.2
354101,DDOS attack-HOIC,5,0.1111111111111111,-0.25,-0.2777777777777778,0.2829954855271311,0.19880119880119881,0.4965617445239432,1.0,0.42857142857142855
354101,DDOS attack-HOIC,10,0.05263157894736842,-0.47719298245614034,-0.3684210526315789,0.2829954855271311,0.19880119880119881,0.3614441988713819,1.0,0.8181818181818182
354101,DDOS attack-HOIC,20,0.14285714285714285,-0.5764705882352942,-0.4151260504201681,0.2829954855271311,0.19880119880119881,0.2981191100539785,0.4,1.0
355308,DoS attacks-SlowHTTPTest,3,0.2,0.09999999999999999,0.0,0.22057689146296736,0.15417915417915418,0.6346863468634687,1.0,0.2
355308,DoS attacks-SlowHTTPTest,5,0.1111111111111111,-0.11666666666666665,0.0,0.22057689146296736,0.15417915417915418,0.4965617445239432,1.0,0.25
355308,DoS attacks-SlowHTTPTest,10,0.1111111111111111,-0.3787409700722394,-0.22875816993464054,0.22057689146296736,0.15417915417915418,0.3673924203468,1.0,0.8181818181818182
355308,DoS attacks-SlowHTTPTest,20,0.2903225806451613,-0.3697580645161291,-0.2645161290322581,0.22057689146296736,0.15417915417915418,0.3464057195344397,0.3333333333333333,1.0
355618,DDOS attack-HOIC,3,0.2,0.19999999999999998,0.19999999999999998,0.20004046586325067,0.12820512820512822,0.6346863468634687,1.0,0.2
355618,DDOS attack-HOIC,5,0.1111111111111111,-0.25,-0.2222222222222222,0.20004046586325067,0.12820512820512822,0.4965617445239432,1.0,0.6666666666666666
355618,DDOS attack-HOIC,10,0.17647058823529413,-0.4387254901960785,-0.3676470588235294,0.20004046586325067,0.12820512820512822,0.3806841251252034,0.6666666666666666,0.8181818181818182
355618,DDOS attack-HOIC,20,0.17647058823529413,-0.43284950343773865,-0.3475935828877006,0.20004046586325067,0.12820512820512822,0.34549140532928535,0.3333333333333333,1.0
355723,DoS attacks-GoldenEye,3,0.2,0.0,-0.19999999999999998,0.3890666295729587,0.2673992673992674,0.6346863468634687,1.0,0.5
355723,DoS attacks-GoldenEye,5,0.1111111111111111,-0.25,-0.2777777777777778,0.3890666295729587,0.2673992673992674,0.4965617445239432,1.0,0.25
355723,DoS attacks-GoldenEye,10,0.17647058823529413,-0.3921568627450981,-0.30882352941176466,0.3890666295729587,0.2673992673992674,0.40886328526007165,1.0,0.8181818181818182
355723,DoS attacks-GoldenEye,20,0.3333333333333333,-0.14972191323692993,-0.11724137931034484,0.3890666295729587,0.2673992673992674,0.41710003786463956,0.9,1.0
356751,Brute Force -Web,3,0.2,0.09999999999999999,0.0,0.22280251394175443,0.15484515484515488,0.6346863468634687,1.0,0.2
356751,Brute Force -Web,5,0.1111111111111111,-0.2333333333333333,-0.2222222222222222,0.22280251394175443,0.15484515484515488,0.4965617445239432,1.0,0.42857142857142855
356751,Brute Force -Web,10,0.25,-0.3,-0.25,0.22280251394175443,0.15484515484515488,0.4464443921157361,0.75,0.6666666666666666
356751,Brute Force -Web,20,0.2903225806451613,-0.09233870967741936,-0.11827956989247314,0.22280251394175443,0.15484515484515488,0.4521746988063529,0.7777777777777778,1.0
357297,DoS attacks-Hulk,3,0.2,0.0,-0.19999999999999998,0.09106083789628093,0.0656010656010656,0.6346863468634687,1.0,0.5
357297,DoS attacks-Hulk,5,0.1111111111111111,-0.31666666666666665,-0.3333333333333333,0.09106083789628093,0.0656010656010656,0.4965617445239432,1.0,0.6666666666666666
357297,DoS attacks-Hulk,10,0.1111111111111111,-0.32507739938080493,-0.22875816993464054,0.09106083789628093,0.0656010656010656,0.4106816284301976,0.5,0.8181818181818182
357297,DoS attacks-Hulk,20,0.21212121212121213,-0.2613636363636364,-0.17045454545454547,0.09106083789628093,0.0656010656010656,0.38290462531688685,0.5714285714285714,1.0
357531,DoS attacks-SlowHTTPTest,3,0.5,0.0,0.0,0.27156387915881586,0.19014319014319014,0.3653136531365314,1.0,0.5
357531,DoS attacks-SlowHTTPTest,5,0.25,0.09523809523809526,0.0,0.27156387915881586,0.19014319014319014,0.3948475006715343,1.0,0.25
357531,DoS attacks-SlowHTTPTest,10,0.3333333333333333,-0.06071428571428571,-0.028571428571428574,0.27156387915881586,0.19014319014319014,0.38844109937075116,1.0,0.8181818181818182
357531,DoS attacks-SlowHTTPTest,20,0.3333333333333333,-0.018020022246941044,0.006896551724137931,0.27156387915881586,0.19014319014319014,0.40793502429655165,0.6,1.0
358097,SQL Injection,3,0.2,-0.09999999999999999,0.0,0.16599855840362168,0.1108891108891109,0.2656826568265683,1.0,0.5
358097,SQL Injection,5,0.1111111111111111,-0.18333333333333335,-0.05555555555555555,0.16599855840362168,0.1108891108891109,0.2523674635540035,1.0,0.42857142857142855
358097,SQL Injection,10,0.25,-0.22647058823529412,-0.11666666666666665,0.16599855840362168,0.1108891108891109,0.2704568675854584,1.0,0.6666666666666666
358097,SQL Injection,20,0.25,-0.22507331378299117,-0.1653225806451613,0.16599855840362168,0.1108891108891109,0.2938809391909449,0.75,1.0
358890,Infilteration,3,0.0,-0.7714285714285715,-0.6,0.3236889692585895,0.21145521145521146,0.0,,0.5
358890,Infilteration,5,0.25,-0.5476190476190477,-0.3571428571428571,0.3236889692585895,0.21145521145521146,0.10859075480452249,1.0,0.42857142857142855
358890,Infilteration,10,0.3333333333333333,-0.1857142857142857,-0.1619047619047619,0.3236889692585895,0.21145521145521146,0.22746068175585793,0.4,0.8181818181818182
358890,Infilteration,20,0.3333333333333333,-0.10700778642936595,-0.10804597701149425,0.3236889692585895,0.21145521145521146,0.2851498416596674,0.5,1.0
359048,DDoS attacks-LOIC-HTTP,3,0.0,-0.7714285714285715,-0.6,0.3167844813414434,0.20945720945720947,0.0,,0.5
359048,DDoS attacks-LOIC-HTTP,5,0.1111111111111111,-0.7166666666666667,-0.611111111111111,0.3167844813414434,0.20945720945720947,0.076547581255647,1.0,0.42857142857142855
359048,DDoS attacks-LOIC-HTTP,10,0.1111111111111111,-0.6718266253869969,-0.5686274509803922,0.3167844813414434,0.20945720945720947,0.10331395190732774,0.5,0.8181818181818182
359048,DDoS attacks-LOIC-HTTP,20,0.25,-0.6074046920821115,-0.4919354838709678,0.3167844813414434,0.20945720945720947,0.14012421446889234,0.375,1.0
359537,Benign,3,0.2,-0.19999999999999998,-0.19999999999999998,0.022673529002642925,0.01232101232101232,0.2656826568265683,1.0,0.5
359537,Benign,5,0.1111111111111111,-0.3,-0.2222222222222222,0.022673529002642925,0.01232101232101232,0.2523674635540035,1.0,0.42857142857142855
359537,Benign,10,0.17647058823529413,-0.41421568627450983,-0.2941176470588235,0.022673529002642925,0.01232101232101232,0.2479858086783234,1.0,0.6666666666666666
359537,Benign,20,0.14285714285714285,-0.4977591036414566,-0.3815126050420168,0.022673529002642925,0.01232101232101232,0.24347777555123942,0.8,1.0
359554,FTP-BruteForce,3,0.2,-0.3,-0.19999999999999998,0.3851464990705497,0.2707292707292707,0.2656826568265683,1.0,0.5
359554,FTP-BruteForce,5,0.25,-0.09523809523809526,-0.07142857142857142,0.3851464990705497,0.2707292707292707,0.32891504480965056,1.0,0.25
359554,FTP-BruteForce,10,0.3333333333333333,-0.13214285714285715,-0.1619047619047619,0.3851464990705497,0.2707292707292707,0.35129976058565116,0.8,0.8181818181818182
359554,FTP-BruteForce,20,0.42857142857142855,-0.05199781061850027,-0.052910052910052914,0.3851464990705497,0.2707292707292707,0.3920511914368846,0.5,1.0
359579,DoS attacks-Slowloris,3,0.0,-0.6,-0.3333333333333333,0.38251621795925594,0.2480852480852481,0.0,,0.2
359579,DoS attacks-Slowloris,5,0.1111111111111111,-0.5166666666666667,-0.3333333333333333,0.38251621795925594,0.2480852480852481,0.076547581255647,1.0,0.42857142857142855
359579,DoS attacks-Slowloris,10,0.25,-0.3735294117647059,-0.31666666666666665,0.38251621795925594,0.2480852480852481,0.18236592367626392,0.75,1.0
359579,DoS attacks-Slowloris,20,0.25,-0.14956011730205276,-0.10080645161290325,0.38251621795925594,0.2480852480852481,0.2427017372605688,0.625,1.0
360387,DoS attacks-Slowloris,3,0.0,-0.6,-0.3333333333333333,0.4797354544189987,0.328005328005328,0.0,,0.2
360387,DoS attacks-Slowloris,5,0.1111111111111111,-0.5,-0.3333333333333333,0.4797354544189987,0.328005328005328,0.076547581255647,1.0,0.42857142857142855
360387,DoS attacks-Slowloris,10,0.25,-0.3294117647058824,-0.2333333333333333,0.4797354544189987,0.328005328005328,0.1731865695475323,0.75,0.8181818181818182
360387,DoS attacks-Slowloris,20,0.2903225806451613,-0.17500000000000002,-0.10967741935483873,0.4797354544189987,0.328005328005328,0.22377028672396337,0.5555555555555556,1.0
360939,DoS attacks-Slowloris,3,0.2,0.0,-0.19999999999999998,0.12922520517457226,0.08891108891108891,0.6346863468634687,1.0,0.2
360939,DoS attacks-Slowloris,5,0.25,-0.1666666666666667,-0.21428571428571427,0.12922520517457226,0.08891108891108891,0.5731093257795903,1.0,0.6666666666666666
360939,DoS attacks-Slowloris,10,0.17647058823529413,-0.303921568627451,-0.2647058823529411,0.12922520517457226,0.08891108891108891,0.4647581507787095,1.0,0.6666666666666666
360939,DoS attacks-Slowloris,20,0.17647058823529413,-0.28403361344537814,-0.22638146167557938,0.12922520517457226,0.08891108891108891,0.430358802283798,0.6666666666666666,1.0
361519,DDOS attack-LOIC-UDP,3,0.0,-0.7142857142857143,-0.4666666666666666,0.7830523906473273,0.6643356643356643,0.0,,0.0
361519,DDOS attack-LOIC-UDP,5,0.1111111111111111,-0.6,-0.4444444444444444,0.7830523906473273,0.6643356643356643,0.076547581255647,0.0,0.25
361519,DDOS attack-LOIC-UDP,10,0.1111111111111111,-0.5830753353973168,-0.47712418300653603,0.7830523906473273,0.6643356643356643,0.11065743521031306,0.0,0.8181818181818182
361519,DDOS attack-LOIC-UDP,20,0.2903225806451613,-0.5060483870967742,-0.3419354838709678,0.7830523906473273,0.6643356643356643,0.1356197965478587,0.0,1.0
361790,SSH-Bruteforce,3,0.2,-0.49999999999999994,-0.39999999999999997,0.19862416064947708,0.1208791208791209,0.2656826568265683,1.0,0.5
361790,SSH-Bruteforce,5,0.1111111111111111,-0.2833333333333333,-0.16666666666666666,0.19862416064947708,0.1208791208791209,0.2523674635540035,1.0,0.42857142857142855
361790,SSH-Bruteforce,10,0.17647058823529413,-0.2916666666666667,-0.20588235294117643,0.19862416064947708,0.1208791208791209,0.27043933992983815,0.6666666666666666,0.8181818181818182
361790,SSH-Bruteforce,20,0.25,-0.2796920821114369,-0.217741935483871,0.19862416064947708,0.1208791208791209,0.28510650202868104,0.625,1.0
361814,DoS attacks-Slowloris,3,0.0,-0.6571428571428573,-0.4666666666666666,0.43228922975758416,0.28737928737928736,0.0,,0.5
361814,DoS attacks-Slowloris,5,0.1111111111111111,-0.45,-0.2777777777777778,0.43228922975758416,0.28737928737928736,0.076547581255647,1.0,0.6666666666666666
361814,DoS attacks-Slowloris,10,0.25,-0.4088235294117647,-0.2833333333333333,0.43228922975758416,0.28737928737928736,0.15991239242474917,0.75,0.8181818181818182
361814,DoS attacks-Slowloris,20,0.2903225806451613,-0.049193548387096775,0.0021505376344086026,0.43228922975758416,0.28737928737928736,0.2292265690215339,0.7777777777777778,1.0
362368,DoS attacks-GoldenEye,3,0.2,0.09999999999999999,0.0,0.16716195197207853,0.11022311022311024,0.6346863468634687,1.0,0.2
362368,DoS attacks-GoldenEye,5,0.1111111111111111,-0.16666666666666669,-0.16666666666666666,0.16716195197207853,0.11022311022311024,0.4965617445239432,1.0,0.42857142857142855
362368,DoS attacks-GoldenEye,10,0.1111111111111111,-0.4489164086687306,-0.3856209150326798,0.16716195197207853,0.11022311022311024,0.3747359036497853,1.0,0.8181818181818182
362368,DoS attacks-GoldenEye,20,0.17647058823529413,-0.4047364400305577,-0.28698752228163993,0.16716195197207853,0.11022311022311024,0.32946620188541803,0.5,1.0
363023,Infilteration,3,0.0,-0.942857142857143,-0.8666666666666666,0.27356188115681784,0.1848151848151848,0.0,,0.2
363023,Infilteration,5,0.25,-0.5952380952380953,-0.42857142857142855,0.27356188115681784,0.1848151848151848,0.10859075480452249,1.0,0.42857142857142855
363023,Infilteration,10,0.3333333333333333,-0.18214285714285713,-0.14285714285714288,0.27356188115681784,0.1848151848151848,0.2201171984528726,0.6,0.6666666666666666
363023,Infilteration,20,0.21212121212121213,-0.21691176470588236,-0.20454545454545456,0.27356188115681784,0.1848151848151848,0.26803591854260667,0.5714285714285714,1.0
363090,Bot,3,0.2,-0.49999999999999994,-0.39999999999999997,0.12791006461892537,0.08757908757908757,0.2656826568265683,1.0,0.2
363090,Bot,5,0.1111111111111111,-0.43333333333333335,-0.3333333333333333,0.12791006461892537,0.08757908757908757,0.2523674635540035,1.0,0.42857142857142855
363090,Bot,10,0.17647058823529413,-0.47794117647058826,-0.3823529411764705,0.12791006461892537,0.08757908757908757,0.2645086461100403,0.6666666666666666,0.8181818181818182
363090,Bot,20,0.25,-0.4523460410557184,-0.33467741935483875,0.12791006461892537,0.08757908757908757,0.2655488246214057,0.5,1.0
363223,DDOS attack-LOIC-UDP,3,0.0,-0.7142857142857143,-0.4666666666666666,0.7891981436285234,0.6789876789876791,0.0,,0.0
363223,DDOS attack-LOIC-UDP,5,0.1111111111111111,-0.6166666666666666,-0.4444444444444444,0.7891981436285234,0.6789876789876791,0.076547581255647,0.0,0.25
363223,DDOS attack-LOIC-UDP,10,0.1111111111111111,-0.500515995872033,-0.3725490196078432,0.7891981436285234,0.6789876789876791,0.13149311204219602,0.0,0.8181818181818182
363223,DDOS attack-LOIC-UDP,20,0.2903225806451613,-0.4254032258064516,-0.24731182795698925,0.7891981436285234,0.6789876789876791,0.1521234968489739,0.0,1.0
363736,DoS attacks-Slowloris,3,0.0,-0.6571428571428573,-0.4666666666666666,0.3263951238634783,0.22877122877122877,0.0,,0.2
363736,DoS attacks-Slowloris,5,0.25,-0.4761904761904762,-0.3571428571428571,0.3263951238634783,0.22877122877122877,0.10859075480452249,1.0,0.42857142857142855
363736,DoS attacks-Slowloris,10,0.3333333333333333,-0.3571428571428571,-0.29523809523809524,0.3263951238634783,0.22877122877122877,0.20846087574972136,0.6,0.6666666666666666
363736,DoS attacks-Slowloris,20,0.2903225806451613,-0.1532258064516129,-0.07956989247311828,0.3263951238634783,0.22877122877122877,0.257290138392906,0.5555555555555556,1.0
363745,DoS attacks-SlowHTTPTest,3,0.5,0.39999999999999997,0.3333333333333334,0.43228922975758416,0.3053613053613054,0.7343173431734318,1.0,0.5
363745,DoS attacks-SlowHTTPTest,5,0.25,0.14285714285714288,0.0,0.43228922975758416,0.3053613053613054,0.6390417816414738,1.0,0.25
363745,DoS attacks-SlowHTTPTest,10,0.25,-0.09999999999999999,-0.09999999999999999,0.43228922975758416,0.3053613053613054,0.5286833878711106,1.0,0.8181818181818182
363745,DoS attacks-SlowHTTPTest,20,0.3333333333333333,-0.12658509454949946,-0.08045977011494253,0.43228922975758416,0.3053613053613054,0.49523518063805766,0.5,1.0
364149,DDOS attack-LOIC-UDP,3,0.0,-0.7142857142857143,-0.4666666666666666,0.7908926516521453,0.6789876789876791,0.0,,0.2
364149,DDOS attack-LOIC-UDP,5,0.25,-0.523809523809524,-0.3571428571428571,0.7908926516521453,0.6789876789876791,0.153095162511294,0.0,0.25
364149,DDOS attack-LOIC-UDP,10,0.1111111111111111,-0.45717234262125905,-0.3725490196078432,0.7908926516521453,0.6789876789876791,0.19473146086381926,0.0,0.8181818181818182
364149,DDOS attack-LOIC-UDP,20,0.2903225806451613,-0.40967741935483876,-0.24731182795698925,0.7908926516521453,0.6789876789876791,0.19795787740816548,0.0,1.0
364474,DoS attacks-Slowloris,3,0.0,-0.6571428571428573,-0.4666666666666666,0.40661869775793824,0.2780552780552781,0.0,,0.2
364474,DoS attacks-Slowloris,5,0.1111111111111111,-0.5333333333333333,-0.3888888888888889,0.40661869775793824,0.2780552780552781,0.076547581255647,1.0,0.42857142857142855
364474,DoS attacks-Slowloris,10,0.25,-0.37941176470588234,-0.3,0.40661869775793824,0.2780552780552781,0.19402224637941523,0.5,0.8181818181818182
364474,DoS attacks-Slowloris,20,0.2903225806451613,-0.1524193548387097,-0.07096774193548387,0.40661869775793824,0.2780552780552781,0.24568507071992052,0.5555555555555556,1.0
364494,DDOS attack-HOIC,3,0.2,0.09999999999999999,0.0,0.1695140302735239,0.11155511155511155,0.6346863468634687,1.0,0.2
364494,DDOS attack-HOIC,5,0.1111111111111111,-0.19999999999999998,-0.16666666666666666,0.1695140302735239,0.11155511155511155,0.4965617445239432,1.0,0.42857142857142855
364494,DDOS attack-HOIC,10,0.1111111111111111,-0.4674922600619195,-0.33333333333333337,0.1695140302735239,0.11155511155511155,0.3673924203468,1.0,0.8181818181818182
364494,DDOS attack-HOIC,20,0.21212121212121213,-0.44819518716577544,-0.3181818181818182,0.1695140302735239,0.11155511155511155,0.33475049068689505,0.42857142857142855,1.0
364710,DoS attacks-Hulk,3,0.2,0.0,-0.19999999999999998,0.19149205225154592,0.13353313353313354,0.6346863468634687,1.0,0.5
364710,DoS attacks-Hulk,5,0.1111111111111111,-0.18333333333333335,-0.16666666666666666,0.19149205225154592,0.13353313353313354,0.4965617445239432,1.0,0.6666666666666666
364710,DoS attacks-Hulk,10,0.17647058823529413,-0.29901960784313725,-0.2352941176470588,0.19149205225154592,0.13353313353313354,0.42969896209195463,0.6666666666666666,0.8181818181818182
364710,DoS attacks-Hulk,20,0.21212121212121213,-0.1768048128342246,-0.11363636363636363,0.19149205225154592,0.13353313353313354,0.41429448018406095,0.7142857142857143,1.0
364833,DDoS attacks-LOIC-HTTP,3,0.2,-0.6,-0.39999999999999997,0.20863946180401877,0.15284715284715283,0.09963099630996312,1.0,0.5
364833,DDoS attacks-LOIC-HTTP,5,0.1111111111111111,-0.5833333333333334,-0.4444444444444444,0.20863946180401877,0.15284715284715283,0.1424800371175307,1.0,0.42857142857142855
364833,DDoS attacks-LOIC-HTTP,10,0.1111111111111111,-0.5046439628482973,-0.33333333333333337,0.20863946180401877,0.15284715284715283,0.14476813009259373,0.5,0.8181818181818182
364833,DDoS attacks-LOIC-HTTP,20,0.21212121212121213,-0.455548128342246,-0.3333333333333333,0.20863946180401877,0.15284715284715283,0.1764916538139908,0.42857142857142855,1.0
365136,Infilteration,3,0.0,-0.942857142857143,-0.8666666666666666,0.2329948532480178,0.15151515151515152,0.0,,0.2
365136,Infilteration,5,0.1111111111111111,-0.75,-0.5555555555555556,0.2329948532480178,0.15151515151515152,0.03204317354887549,1.0,0.42857142857142855
365136,Infilteration,10,0.25,-0.5,-0.39999999999999997,0.2329948532480178,0.15151515151515152,0.16604067610436068,0.75,0.8181818181818182
365136,Infilteration,20,0.25,-0.3489736070381231,-0.2741935483870968,0.2329948532480178,0.15151515151515152,0.21584702304681785,0.5,1.0
365607,FTP-BruteForce,3,0.2,0.19999999999999998,0.19999999999999998,0.3021408970776059,0.21611721611721613,0.6346863468634687,1.0,0.5
365607,FTP-BruteForce,5,0.1111111111111111,-0.13333333333333333,-0.05555555555555555,0.3021408970776059,0.21611721611721613,0.4965617445239432,1.0,0.42857142857142855
365607,FTP-BruteForce,10,0.25,-0.31764705882352945,-0.19999999999999998,0.3021408970776059,0.21611721611721613,0.4148115067354898,1.0,0.8181818181818182
365607,FTP-BruteForce,20,0.25,-0.31781524926686217,-0.23790322580645165,0.3021408970776059,0.21611721611721613,0.3953519775341226,0.625,1.0
365833,Brute Force -Web,3,0.0,-0.8857142857142858,-0.7333333333333333,0.08961924151797569,0.06027306027306028,0.0,,0.0
365833,Brute Force -Web,5,0.0,-0.6969696969696969,-0.4666666666666666,0.08961924151797569,0.06027306027306028,0.0,,0.1111111111111111
365833,Brute Force -Web,10,0.0,-0.77593984962406,-0.5578947368421052,0.08961924151797569,0.06027306027306028,0.0,,0.8181818181818182
365833,Brute Force -Web,20,0.1111111111111111,-0.7093951093951095,-0.47936507936507944,0.08961924151797569,0.06027306027306028,0.011829697263680404,0.75,1.0
366290,Brute Force -Web,3,0.0,-0.7714285714285715,-0.6,0.07924986405999064,0.055611055611055615,0.0,,0.0
366290,Brute Force -Web,5,0.0,-0.6484848484848483,-0.4222222222222222,0.07924986405999064,0.055611055611055615,0.0,,0.0
366290,Brute Force -Web,10,0.05263157894736842,-0.736842105263158,-0.49707602339181284,0.07924986405999064,0.055611055611055615,0.013291704778403425,0.0,0.8181818181818182
366290,Brute Force -Web,20,0.1111111111111111,-0.6118404118404119,-0.41587301587301595,0.07924986405999064,0.055611055611055615,0.05372814087893603,0.5,1.0
367369,FTP-BruteForce,3,0.2,0.19999999999999998,0.19999999999999998,0.2606380960811341,0.18215118215118214,0.6346863468634687,1.0,0.2
367369,FTP-BruteForce,5,0.1111111111111111,-0.25,-0.2222222222222222,0.2606380960811341,0.18215118215118214,0.4965617445239432,1.0,0.25
367369,FTP-BruteForce,10,0.1111111111111111,-0.38906088751289986,-0.25490196078431376,0.2606380960811341,0.18215118215118214,0.3747359036497853,1.0,0.8181818181818182
367369,FTP-BruteForce,20,0.3333333333333333,-0.332146829810901,-0.20919540229885059,0.2606380960811341,0.18215118215118214,0.3631098443083454,0.3,1.0
368802,Benign,3,0.2,-0.09999999999999999,0.0,0.23653561628245173,0.15484515484515488,0.2656826568265683,1.0,0.2
368802,Benign,5,0.1111111111111111,-0.2833333333333333,-0.16666666666666666,0.23653561628245173,0.15484515484515488,0.2523674635540035,1.0,0.25
368802,Benign,10,0.1111111111111111,-0.3519091847265222,-0.25490196078431376,0.23653561628245173,0.15484515484515488,0.25714763515143474,1.0,0.8181818181818182
368802,Benign,20,0.21212121212121213,-0.34893048128342247,-0.23863636363636362,0.23653561628245173,0.15484515484515488,0.2609849014122834,0.8571428571428571,1.0
371681,DDOS attack-HOIC,3,0.2,0.0,-0.19999999999999998,0.16566977326471,0.1068931068931069,0.6346863468634687,1.0,0.2
371681,DDOS attack-HOIC,5,0.1111111111111111,-0.16666666666666669,-0.16666666666666666,0.16566977326471,0.1068931068931069,0.4965617445239432,1.0,0.6666666666666666
371681,DDOS attack-HOIC,10,0.05263157894736842,-0.46491228070175433,-0.3567251461988304,0.16566977326471,0.1068931068931069,0.3614441988713819,1.0,0.8181818181818182
371681,DDOS attack-HOIC,20,0.14285714285714285,-0.5434173669467788,-0.39831932773109247,0.16566977326471,0.1068931068931069,0.312445897684146,0.6,1.0
372582,Infilteration,3,0.0,-0.8285714285714287,-0.7333333333333333,0.3476902843991451,0.24475524475524477,0.0,,0.2
372582,Infilteration,5,0.1111111111111111,-0.5333333333333333,-0.3888888888888889,0.3476902843991451,0.24475524475524477,0.076547581255647,1.0,0.42857142857142855
372582,Infilteration,10,0.25,-0.25588235294117645,-0.16666666666666669,0.3476902843991451,0.24475524475524477,0.1866787630764299,0.5,0.8181818181818182
372582,Infilteration,20,0.2903225806451613,-0.11572580645161293,-0.062365591397849474,0.3476902843991451,0.24475524475524477,0.2509521966503565,0.4444444444444444,1.0
374398,Brute Force -XSS,3,0.0,-0.7714285714285715,-0.6,0.22646973279884672,0.15817515817515818,0.0,,0.0
374398,Brute Force -XSS,5,0.0,-0.6606060606060605,-0.4222222222222222,0.22646973279884672,0.15817515817515818,0.0,,0.1111111111111111
374398,Brute Force -XSS,10,0.0,-0.813533834586466,-0.631578947368421,0.22646973279884672,0.15817515817515818,0.0,,0.8181818181818182
374398,Brute Force -XSS,20,0.2903225806451613,-0.46451612903225814,-0.31612903225806455,0.22646973279884672,0.15817515817515818,0.0845683637396278,0.5555555555555556,1.0
375921,DoS attacks-Hulk,3,0.2,0.0,-0.19999999999999998,0.18666143982599678,0.11621711621711622,0.6346863468634687,1.0,0.5
375921,DoS attacks-Hulk,5,0.1111111111111111,-0.19999999999999998,-0.16666666666666666,0.18666143982599678,0.11621711621711622,0.4965617445239432,1.0,0.6666666666666666
375921,DoS attacks-Hulk,10,0.17647058823529413,-0.3602941176470589,-0.2794117647058823,0.18666143982599678,0.11621711621711622,0.40151980195708625,0.6666666666666666,0.8181818181818182
375921,DoS attacks-Hulk,20,0.25,-0.3049853372434017,-0.217741935483871,0.18666143982599678,0.11621711621711622,0.38766449352636545,0.625,1.0
376460,DoS attacks-GoldenEye,3,0.5,0.6000000000000001,0.3333333333333334,0.3895471616990604,0.2733932733932734,0.5313653136531366,1.0,0.5
376460,DoS attacks-GoldenEye,5,0.25,0.261904761904762,0.14285714285714285,0.3895471616990604,0.2733932733932734,0.504734927108007,1.0,0.6666666666666666
376460,DoS attacks-GoldenEye,10,0.3333333333333333,0.017857142857142853,0.009523809523809525,0.3895471616990604,0.2733932733932734,0.49347712112660685,1.0,0.8181818181818182
376460,DoS attacks-GoldenEye,20,0.42857142857142855,-0.015873015873015872,-0.010582010582010581,0.3895471616990604,0.2733932733932734,0.4932604521429941,0.6666666666666666,1.0
377181,Bot,3,0.0,-0.8857142857142858,-0.7333333333333333,0.03248650084093122,0.019647019647019648,0.0,,0.5
377181,Bot,5,0.0,-0.7696969696969697,-0.6,0.03248650084093122,0.019647019647019648,0.0,,0.42857142857142855
377181,Bot,10,0.1111111111111111,-0.6408668730650156,-0.4509803921568628,0.03248650084093122,0.019647019647019648,0.0357627636855385,1.0,0.6666666666666666
377181,Bot,20,0.17647058823529413,-0.5434682964094729,-0.4010695187165776,0.03248650084093122,0.019647019647019648,0.08778969212020592,0.6666666666666666,1.0
377200,DDoS attacks-LOIC-HTTP,3,0.2,-0.49999999999999994,-0.39999999999999997,0.03923924177088734,0.024975024975024976,0.2656826568265683,1.0,0.5
377200,DDoS attacks-LOIC-HTTP,5,0.1111111111111111,-0.5166666666666667,-0.4444444444444444,0.03923924177088734,0.024975024975024976,0.2523674635540035,1.0,0.42857142857142855
377200,DDoS attacks-LOIC-HTTP,10,0.1111111111111111,-0.4757481940144479,-0.35947712418300654,0.03923924177088734,0.024975024975024976,0.24203758720290527,0.5,0.6666666666666666
377200,DDoS attacks-LOIC-HTTP,20,0.17647058823529413,-0.4300993124522536,-0.29055258467023176,0.03923924177088734,0.024975024975024976,0.24449611629098064,0.3333333333333333,1.0
377720,FTP-BruteForce,3,0.5,-0.39999999999999997,-0.3333333333333334,0.20464345780801477,0.1421911421911422,0.3653136531365314,1.0,0.5
377720,FTP-BruteForce,5,0.25,0.09523809523809526,0.07142857142857142,0.20464345780801477,0.1421911421911422,0.3948475006715343,1.0,0.25
377720,FTP-BruteForce,10,0.25,-0.11176470588235293,-0.13333333333333333,0.20464345780801477,0.1421911421911422,0.38680571729549906,0.75,0.8181818181818182
377720,FTP-BruteForce,20,0.2903225806451613,-0.1899193548387097,-0.1741935483870968,0.20464345780801477,0.1421911421911422,0.39773166964375045,0.5555555555555556,1.0
378460,DoS attacks-SlowHTTPTest,3,0.2,0.19999999999999998,0.19999999999999998,0.3236130957649945,0.20945720945720947,0.6346863468634687,1.0,0.2
378460,DoS attacks-SlowHTTPTest,5,0.1111111111111111,-0.13333333333333333,-0.05555555555555555,0.3236130957649945,0.20945720945720947,0.4965617445239432,1.0,0.25
378460,DoS attacks-SlowHTTPTest,10,0.05263157894736842,-0.5,-0.3684210526315789,0.3236130957649945,0.20945720945720947,0.3614441988713819,1.0,0.8181818181818182
378460,DoS attacks-SlowHTTPTest,20,0.2903225806451613,-0.46129032258064523,-0.33763440860215055,0.3236130957649945,0.20945720945720947,0.34304663806672203,0.3333333333333333,1.0
378630,Infilteration,3,0.2,-0.39999999999999997,-0.39999999999999997,0.31294022433262936,0.2087912087912088,0.2656826568265683,0.0,0.2
378630,Infilteration,5,0.25,-0.261904761904762,-0.21428571428571427,0.31294022433262936,0.2087912087912088,0.28441063710287906,0.0,0.25
378630,Infilteration,10,0.3333333333333333,-0.09999999999999999,-0.06666666666666668,0.31294022433262936,0.2087912087912088,0.3666073983939943,0.2,1.0
378630,Infilteration,20,0.3333333333333333,0.034037819799777526,-0.006896551724137931,0.31294022433262936,0.2087912087912088,0.3991151145430848,0.2,1.0
378868,DDOS attack-LOIC-UDP,3,0.0,-0.7142857142857143,-0.4666666666666666,0.789678675754625,0.6756576756576756,0.0,,0.2
378868,DDOS attack-LOIC-UDP,5,0.25,-0.5952380952380953,-0.42857142857142855,0.789678675754625,0.6756576756576756,0.153095162511294,0.0,0.25
378868,DDOS attack-LOIC-UDP,10,0.1111111111111111,-0.4613003095975232,-0.3856209150326798,0.789678675754625,0.6756576756576756,0.19473146086381926,0.0,0.8181818181818182
378868,DDOS attack-LOIC-UDP,20,0.2903225806451613,-0.42500000000000004,-0.2688172043010753,0.789678675754625,0.6756576756576756,0.1990126195200046,0.0,1.0
378904,DoS attacks-SlowHTTPTest,3,0.2,0.09999999999999999,0.0,0.2611945017008308,0.2007992007992008,0.6346863468634687,1.0,0.2
378904,DoS attacks-SlowHTTPTest,5,0.25,-0.11904761904761905,-0.14285714285714285,0.2611945017008308,0.2007992007992008,0.5731093257795903,0.5,0.25
378904,DoS attacks-SlowHTTPTest,10,0.17647058823529413,-0.24509803921568632,-0.14705882352941174,0.2611945017008308,0.2007992007992008,0.4647581507787095,0.6666666666666666,0.6666666666666666
378904,DoS attacks-SlowHTTPTest,20,0.3333333333333333,-0.24716351501668518,-0.167816091954023,0.2611945017008308,0.2007992007992008,0.449972319106836,0.4,1.0
379042,DoS attacks-Slowloris,3,0.0,-0.6571428571428573,-0.4666666666666666,0.2983725135623869,0.20412920412920413,0.0,,0.5
379042,DoS attacks-Slowloris,5,0.1111111111111111,-0.45,-0.2777777777777778,0.2983725135623869,0.20412920412920413,0.076547581255647,1.0,0.6666666666666666
379042,DoS attacks-Slowloris,10,0.17647058823529413,-0.3308823529411765,-0.2352941176470588,0.2983725135623869,0.20412920412920413,0.16562049365248235,0.6666666666666666,0.8181818181818182
379042,DoS attacks-Slowloris,20,0.2903225806451613,-0.07620967741935485,-0.027956989247311832,0.2983725135623869,0.20412920412920413,0.23048191031081888,0.7777777777777778,1.0
379049,Bot,3,0.2,-0.19999999999999998,-0.19999999999999998,0.10780358881624703,0.07692307692307691,0.2656826568265683,1.0,0.2
379049,Bot,5,0.1111111111111111,-0.48333333333333334,-0.5,0.10780358881624703,0.07692307692307691,0.2523674635540035,1.0,0.25
379049,Bot,10,0.1111111111111111,-0.5397316821465429,-0.46405228758169936,0.10780358881624703,0.07692307692307691,0.24203758720290527,0.5,0.8181818181818182
379049,Bot,20,0.21212121212121213,-0.4565508021390375,-0.3257575757575758,0.10780358881624703,0.07692307692307691,0.23691943769943388,0.42857142857142855,1.0
379113,DoS attacks-Slowloris,3,0.0,-0.6,-0.3333333333333333,0.36648161964617654,0.23676323676323677,0.0,,0.2
379113,DoS attacks-Slowloris,5,0.1111111111111111,-0.5,-0.3333333333333333,0.36648161964617654,0.23676323676323677,0.076547581255647,1.0,0.42857142857142855
379113,DoS attacks-Slowloris,10,0.25,-0.3,-0.2333333333333333,0.36648161964617654,0.23676323676323677,0.18236592367626392,0.75,0.8181818181818182
379113,DoS attacks-Slowloris,20,0.2903225806451613,-0.1548387096774194,-0.0924731182795699,0.36648161964617654,0.23676323676323677,0.2380936229163772,0.5555555555555556,1.0
379409,Bot,3,0.0,-0.7714285714285715,-0.6,0.0818801451712844,0.058941058941058944,0.0,,0.5
379409,Bot,5,0.0,-0.8787878787878788,-0.7333333333333333,0.0818801451712844,0.058941058941058944,0.0,,0.42857142857142855
379409,Bot,10,0.1111111111111111,-0.6594427244582043,-0.4901960784313726,0.0818801451712844,0.058941058941058944,0.0357627636855385,1.0,0.6666666666666666
379409,Bot,20,0.17647058823529413,-0.5553857906799083,-0.39750445632798576,0.0818801451712844,0.058941058941058944,0.07873093105784157,0.5,1.0
379791,SQL Injection,3,0.0,-0.7714285714285715,-0.6,0.19791600804259032,0.12021312021312022,0.0,,0.0
379791,SQL Injection,5,0.0,-0.8303030303030302,-0.6888888888888888,0.19791600804259032,0.12021312021312022,0.0,,0.25
379791,SQL Injection,10,0.05263157894736842,-0.7701754385964912,-0.5672514619883041,0.19791600804259032,0.12021312021312022,0.005948221475418107,0.0,0.6666666666666666
379791,SQL Injection,20,0.1111111111111111,-0.5979407979407979,-0.4,0.19791600804259032,0.12021312021312022,0.04448008640923453,0.5,1.0
380316,DDoS attacks-LOIC-HTTP,3,0.0,-0.7714285714285715,-0.6,0.22894826692295042,0.1601731601731602,0.0,,0.2
380316,DDoS attacks-LOIC-HTTP,5,0.1111111111111111,-0.65,-0.4444444444444444,0.22894826692295042,0.1601731601731602,0.076547581255647,1.0,0.1111111111111111
380316,DDoS attacks-LOIC-HTTP,10,0.17647058823529413,-0.3357843137254902,-0.16176470588235295,0.22894826692295042,0.1601731601731602,0.14230784824617976,1.0,0.6666666666666666
380316,DDoS attacks-LOIC-HTTP,20,0.14285714285714285,-0.37450980392156863,-0.23361344537815124,0.22894826692295042,0.1601731601731602,0.17298206072739386,0.8,1.0
380676,DoS attacks-Slowloris,3,0.5,0.0,0.0,-0.0396186092388624,-0.036297036297036296,0.3653136531365314,1.0,0.5
380676,DoS attacks-Slowloris,5,0.25,0.19047619047619052,0.14285714285714285,-0.0396186092388624,-0.036297036297036296,0.3948475006715343,1.0,0.42857142857142855
380676,DoS attacks-Slowloris,10,0.1111111111111111,-0.27966976264189886,-0.2679738562091504,-0.0396186092388624,-0.036297036297036296,0.34673011420979455,1.0,0.6666666666666666
380676,DoS attacks-Slowloris,20,0.17647058823529413,-0.34484339190221536,-0.28342245989304815,-0.0396186092388624,-0.036297036297036296,0.33870313358675436,0.5,1.0
382053,Benign,3,0.0,-0.8285714285714287,-0.7333333333333333,0.5171663779258715,0.34998334998335,0.0,,0.5
382053,Benign,5,0.25,-0.6428571428571429,-0.5714285714285714,0.5171663779258715,0.34998334998335,0.10859075480452249,1.0,0.6666666666666666
382053,Benign,10,0.3333333333333333,-0.27499999999999997,-0.21904761904761905,0.5171663779258715,0.34998334998335,0.23522724640140208,0.6,0.8181818181818182
382053,Benign,20,0.3333333333333333,-0.15061179087875418,-0.11264367816091954,0.5171663779258715,0.34998334998335,0.28332267814439194,0.6,1.0
382878,Benign,3,0.5,-0.39999999999999997,-0.3333333333333334,0.1902780763540257,0.1302031302031302,0.3653136531365314,1.0,0.5
382878,Benign,5,0.25,-0.07142857142857144,-0.07142857142857142,0.1902780763540257,0.1302031302031302,0.3948475006715343,1.0,0.42857142857142855
382878,Benign,10,0.1111111111111111,-0.2053663570691434,-0.15032679738562094,0.1902780763540257,0.1302031302031302,0.34673011420979455,1.0,0.6666666666666666
382878,Benign,20,0.17647058823529413,-0.44293353705118405,-0.31194295900178254,0.1902780763540257,0.1302031302031302,0.30704979421120193,0.5,1.0
383181,FTP-BruteForce,3,0.2,0.09999999999999999,0.0,0.3250041098142364,0.2301032301032301,0.6346863468634687,1.0,0.2
383181,FTP-BruteForce,5,0.1111111111111111,-0.19999999999999998,-0.16666666666666666,0.3250041098142364,0.2301032301032301,0.4965617445239432,1.0,0.25
383181,FTP-BruteForce,10,0.17647058823529413,-0.3382352941176471,-0.24999999999999997,0.3250041098142364,0.2301032301032301,0.39720696255692034,0.6666666666666666,0.8181818181818182
383181,FTP-BruteForce,20,0.2903225806451613,-0.19435483870967743,-0.13548387096774195,0.3250041098142364,0.2301032301032301,0.4034897969246993,0.3333333333333333,1.0
383315,DoS attacks-Slowloris,3,0.2,0.0,-0.19999999999999998,0.12113203252443758,0.08091908091908091,0.6346863468634687,1.0,0.2
383315,DoS attacks-Slowloris,5,0.25,-0.14285714285714288,-0.21428571428571427,0.12113203252443758,0.08091908091908091,0.5731093257795903,1.0,0.42857142857142855
383315,DoS attacks-Slowloris,10,0.17647058823529413,-0.22303921568627455,-0.1764705882352941,0.12113203252443758,0.08091908091908091,0.49293731091357784,1.0,0.8181818181818182
383315,DoS attacks-Slowloris,20,0.21212121212121213,-0.31183155080213903,-0.2196969696969697,0.12113203252443758,0.08091908091908091,0.4390400324961011,0.5714285714285714,1.0
383354,DDoS attacks-LOIC-HTTP,3,0.2,-0.49999999999999994,-0.39999999999999997,0.1328418417026012,0.08558108558108558,0.2656826568265683,1.0,0.2
383354,DDoS attacks-LOIC-HTTP,5,0.1111111111111111,-0.6,-0.5555555555555556,0.1328418417026012,0.08558108558108558,0.2523674635540035,1.0,0.25
383354,DDoS attacks-LOIC-HTTP,10,0.05263157894736842,-0.5421052631578946,-0.40350877192982454,0.1328418417026012,0.08558108558108558,0.20791020559261889,1.0,0.8181818181818182
383354,DDoS attacks-LOIC-HTTP,20,0.17647058823529413,-0.601527883880825,-0.4581105169340464,0.1328418417026012,0.08558108558108558,0.19384368054949394,0.5,1.0
383426,DoS attacks-GoldenEye,3,0.5,0.39999999999999997,0.3333333333333334,0.38916779423108533,0.26873126873126874,0.7343173431734318,1.0,0.2
383426,DoS attacks-GoldenEye,5,0.25,0.11904761904761905,0.0,0.38916779423108533,0.26873126873126874,0.6390417816414738,1.0,0.42857142857142855
383426,DoS attacks-GoldenEye,10,0.17647058823529413,-0.18382352941176472,-0.1176470588235294,0.38916779423108533,0.26873126873126874,0.5062123289639755,1.0,0.6666666666666666
383426,DoS attacks-GoldenEye,20,0.2903225806451613,-0.058467741935483875,-0.010752688172043012,0.38916779423108533,0.26873126873126874,0.48603897324428846,0.7777777777777778,1.0
383599,Brute Force -Web,3,0.2,-0.6,-0.39999999999999997,0.3378520213963252,0.28205128205128205,0.09963099630996312,0.0,0.2
383599,Brute Force -Web,5,0.1111111111111111,-0.33333333333333337,-0.2222222222222222,0.3378520213963252,0.28205128205128205,0.1424800371175307,0.0,0.25
383599,Brute Force -Web,10,0.17647058823529413,-0.4093137254901961,-0.2941176470588235,0.3378520213963252,0.28205128205128205,0.16723918899972878,0.0,0.6666666666666666
383599,Brute Force -Web,20,0.2903225806451613,-0.33911290322580645,-0.2731182795698925,0.3378520213963252,0.28205128205128205,0.22462233034500975,0.0,1.0
383954,DoS attacks-GoldenEye,3,0.2,0.19999999999999998,0.19999999999999998,0.29758848746190514,0.20013320013320016,0.6346863468634687,1.0,0.2
383954,DoS attacks-GoldenEye,5,0.1111111111111111,-0.16666666666666669,-0.1111111111111111,0.29758848746190514,0.20013320013320016,0.4965617445239432,1.0,0.25
383954,DoS attacks-GoldenEye,10,0.25,-0.4176470588235294,-0.33333333333333337,0.29758848746190514,0.20013320013320016,0.41049866733532386,1.0,0.6666666666666666
383954,DoS attacks-GoldenEye,20,0.2903225806451613,-0.1467741935483871,-0.08387096774193549,0.29758848746190514,0.20013320013320016,0.4113763790309553,0.6666666666666666,1.0
384456,DoS attacks-Hulk,3,0.2,0.09999999999999999,0.0,0.1976883875618053,0.1401931401931402,0.6346863468634687,1.0,0.2
384456,DoS attacks-Hulk,5,0.1111111111111111,-0.31666666666666665,-0.3333333333333333,0.1976883875618053,0.1401931401931402,0.4965617445239432,1.0,0.42857142857142855
384456,DoS attacks-Hulk,10,0.05263157894736842,-0.5421052631578946,-0.4269005847953216,0.1976883875618053,0.1401931401931402,0.3614441988713819,1.0,0.8181818181818182
384456,DoS attacks-Hulk,20,0.21212121212121213,-0.3880347593582888,-0.2765151515151515,0.1976883875618053,0.1401931401931402,0.3389148090579796,0.7142857142857143,1.0
385336,Brute Force -Web,3,0.2,-0.6,-0.39999999999999997,0.3418986077213925,0.2827172827172827,0.09963099630996312,0.0,0.2
385336,Brute Force -Web,5,0.1111111111111111,-0.33333333333333337,-0.2222222222222222,0.3418986077213925,0.2827172827172827,0.1424800371175307,0.0,0.25
385336,Brute Force -Web,10,0.17647058823529413,-0.4093137254901961,-0.2941176470588235,0.3418986077213925,0.2827172827172827,0.16723918899972878,0.0,0.6666666666666666
385336,Brute Force -Web,20,0.2903225806451613,-0.3459677419354839,-0.2817204301075269,0.3418986077213925,0.2827172827172827,0.22462233034500975,0.0,1.0
386217,DDOS attack-LOIC-UDP,3,0.0,-0.7142857142857143,-0.4666666666666666,0.7860114568975328,0.6709956709956709,0.0,,0.0
386217,DDOS attack-LOIC-UDP,5,0.1111111111111111,-0.6833333333333333,-0.5555555555555556,0.7860114568975328,0.6709956709956709,0.076547581255647,0.0,0.25
386217,DDOS attack-LOIC-UDP,10,0.1111111111111111,-0.541795665634675,-0.3856209150326798,0.7860114568975328,0.6709956709956709,0.10331395190732774,0.0,0.8181818181818182
386217,DDOS attack-LOIC-UDP,20,0.2903225806451613,-0.4830645161290323,-0.2989247311827957,0.7860114568975328,0.6709956709956709,0.1312295911580229,0.0,1.0
386430,DoS attacks-Hulk,3,0.2,0.09999999999999999,0.0,0.022901149483427963,0.008325008325008326,0.6346863468634687,1.0,0.5
386430,DoS attacks-Hulk,5,0.1111111111111111,-0.33333333333333337,-0.3888888888888889,0.022901149483427963,0.008325008325008326,0.4965617445239432,1.0,0.42857142857142855
386430,DoS attacks-Hulk,10,0.1111111111111111,-0.3973168214654283,-0.2679738562091504,0.022901149483427963,0.008325008325008326,0.383915257778517,1.0,0.8181818181818182
386430,DoS attacks-Hulk,20,0.17647058823529413,-0.43284950343773865,-0.3297682709447416,0.022901149483427963,0.008325008325008326,0.3520199143977927,0.8333333333333334,1.0
386696,Infilteration,3,0.0,-0.8857142857142858,-0.7333333333333333,0.1970561084485135,0.12687312687312688,0.0,,0.2
386696,Infilteration,5,0.25,-0.523809523809524,-0.3571428571428571,0.1970561084485135,0.12687312687312688,0.10859075480452249,1.0,0.42857142857142855
386696,Infilteration,10,0.3333333333333333,-0.024999999999999998,0.009523809523809525,0.1970561084485135,0.12687312687312688,0.26340640653627034,0.6,1.0
386696,Infilteration,20,0.25,-0.10483870967741933,-0.08870967741935486,0.1970561084485135,0.12687312687312688,0.3085426092818551,0.5,1.0
386793,SSH-Bruteforce,3,0.2,-0.49999999999999994,-0.39999999999999997,0.23092097775642076,0.1535131535131535,0.2656826568265683,1.0,0.5
386793,SSH-Bruteforce,5,0.25,-0.19047619047619052,-0.14285714285714285,0.23092097775642076,0.1535131535131535,0.32891504480965056,1.0,0.6666666666666666
386793,SSH-Bruteforce,10,0.17647058823529413,-0.24264705882352944,-0.13235294117647056,0.23092097775642076,0.1535131535131535,0.3112241574999467,0.6666666666666666,0.8181818181818182
386793,SSH-Bruteforce,20,0.21212121212121213,-0.3108288770053476,-0.27272727272727276,0.23092097775642076,0.1535131535131535,0.3182189948526272,0.7142857142857143,1.0
387556,Brute Force -Web,3,0.0,-0.7714285714285715,-0.6,0.029906802058700787,0.016983016983016984,0.0,,0.0
387556,Brute Force -Web,5,0.0,-0.7696969696969697,-0.6,0.029906802058700787,0.016983016983016984,0.0,,0.1111111111111111
387556,Brute Force -Web,10,0.0,-0.6451127819548872,-0.37894736842105264,0.029906802058700787,0.016983016983016984,0.0,,0.8181818181818182
387556,Brute Force -Web,20,0.1111111111111111,-0.6455598455598457,-0.41587301587301595,0.029906802058700787,0.016983016983016984,0.027021728974927838,0.75,1.0
388408,Benign,3,0.5,0.19999999999999998,0.0,0.23643445162432503,0.16283716283716282,0.7343173431734318,0.5,0.5
388408,Benign,5,0.42857142857142855,0.1785714285714286,0.14285714285714288,0.23643445162432503,0.16283716283716282,0.7155893628971209,0.3333333333333333,0.6666666666666666
388408,Benign,10,0.25,0.15588235294117647,0.13333333333333333,0.23643445162432503,0.16283716283716282,0.6317572195307536,0.5,0.8181818181818182
388408,Benign,20,0.25,-0.05755131964809384,-0.03225806451612904,0.23643445162432503,0.16283716283716282,0.5651920952225808,0.5,1.0
388482,DDOS attack-HOIC,3,0.2,0.19999999999999998,0.19999999999999998,0.17044980336119578,0.1068931068931069,0.6346863468634687,1.0,0.2
388482,DDOS attack-HOIC,5,0.1111111111111111,-0.19999999999999998,-0.16666666666666666,0.17044980336119578,0.1068931068931069,0.4965617445239432,1.0,0.42857142857142855
388482,DDOS attack-HOIC,10,0.05263157894736842,-0.5719298245614035,-0.49707602339181284,0.17044980336119578,0.1068931068931069,0.3614441988713819,1.0,0.6666666666666666
388482,DDOS attack-HOIC,20,0.14285714285714285,-0.6434173669467788,-0.4857142857142857,0.17044980336119578,0.1068931068931069,0.2973673659254888,0.2,1.0
390292,Brute Force -XSS,3,0.0,-0.7714285714285715,-0.6,0.5140302735239445,0.39926739926739924,0.0,,0.2
390292,Brute Force -XSS,5,0.25,-0.6190476190476191,-0.42857142857142855,0.5140302735239445,0.39926739926739924,0.10859075480452249,0.0,0.42857142857142855
390292,Brute Force -XSS,10,0.17647058823529413,-0.3823529411764707,-0.2647058823529411,0.5140302735239445,0.39926739926739924,0.17269811206418287,0.0,0.6666666666666666
390292,Brute Force -XSS,20,0.25,-0.3647360703812316,-0.2943548387096775,0.5140302735239445,0.39926739926739924,0.21873336954231734,0.0,1.0
390395,DoS attacks-Slowloris,3,0.0,-0.6571428571428573,-0.4666666666666666,0.37806497300168185,0.2574092574092574,0.0,,0.2
390395,DoS attacks-Slowloris,5,0.1111111111111111,-0.5333333333333333,-0.3888888888888889,0.37806497300168185,0.2574092574092574,0.076547581255647,1.0,0.42857142857142855
390395,DoS attacks-Slowloris,10,0.25,-0.3558823529411765,-0.3,0.37806497300168185,0.2574092574092574,0.18236592367626392,0.75,0.8181818181818182
390395,DoS attacks-Slowloris,20,0.2903225806451613,-0.14193548387096774,-0.06666666666666668,0.37806497300168185,0.2574092574092574,0.23899634545177695,0.5555555555555556,1.0
392548,Brute Force -Web,3,0.0,-0.6571428571428573,-0.4666666666666666,0.04078200280731926,0.021645021645021644,0.0,,0.2
392548,Brute Force -Web,5,0.0,-0.7818181818181817,-0.6,0.04078200280731926,0.021645021645021644,0.0,,0.42857142857142855
392548,Brute Force -Web,10,0.05263157894736842,-0.687719298245614,-0.4619883040935673,0.04078200280731926,0.021645021645021644,0.013291704778403425,0.0,0.8181818181818182
392548,Brute Force -Web,20,0.17647058823529413,-0.5067990832696715,-0.38324420677361865,0.04078200280731926,0.021645021645021644,0.07696068723967146,0.16666666666666666,1.0
393620,DDOS attack-LOIC-UDP,3,0.0,-0.7142857142857143,-0.4666666666666666,0.7895775110964983,0.6769896769896769,0.0,,0.0
393620,DDOS attack-LOIC-UDP,5,0.1111111111111111,-0.6833333333333333,-0.5555555555555556,0.7895775110964983,0.6769896769896769,0.076547581255647,0.0,0.25
393620,DDOS attack-LOIC-UDP,10,0.1111111111111111,-0.5128998968008256,-0.3856209150326798,0.7895775110964983,0.6769896769896769,0.11983678933904471,0.0,0.8181818181818182
393620,DDOS attack-LOIC-UDP,20,0.2903225806451613,-0.44193548387096776,-0.2602150537634409,0.7895775110964983,0.6769896769896769,0.14242598092495234,0.0,1.0
395416,Benign,3,0.2,-0.7999999999999999,-0.6,0.3733355252342594,0.26473526473526476,0.09963099630996312,0.0,0.5
395416,Benign,5,0.25,-0.4285714285714286,-0.21428571428571427,0.3733355252342594,0.26473526473526476,0.1745232106664062,0.5,1.0
395416,Benign,10,0.17647058823529413,-0.29411764705882354,-0.19117647058823525,0.3733355252342594,0.26473526473526476,0.22149577355243416,0.3333333333333333,0.8181818181818182
395416,Benign,20,0.25,-0.25,-0.1532258064516129,0.3733355252342594,0.26473526473526476,0.25137251781424014,0.25,1.0
396344,DDOS attack-LOIC-UDP,3,0.0,-0.7142857142857143,-0.4666666666666666,0.7847468986709494,0.668997668997669,0.0,,0.0
396344,DDOS attack-LOIC-UDP,5,0.1111111111111111,-0.6,-0.4444444444444444,0.7847468986709494,0.668997668997669,0.076547581255647,0.0,0.25
396344,DDOS attack-LOIC-UDP,10,0.05263157894736842,-0.5877192982456141,-0.4502923976608187,0.7847468986709494,0.668997668997669,0.09736573043190963,0.0,0.8181818181818182
396344,DDOS attack-LOIC-UDP,20,0.2903225806451613,-0.5008064516129033,-0.31182795698924737,0.7847468986709494,0.668997668997669,0.11670568050746276,0.0,1.0
396893,DDOS attack-HOIC,3,0.2,-0.09999999999999999,0.0,0.19103681128997582,0.12753912753912755,0.2656826568265683,1.0,0.2
396893,DDOS attack-HOIC,5,0.1111111111111111,-0.45,-0.4444444444444444,0.19103681128997582,0.12753912753912755,0.2523674635540035,1.0,0.6666666666666666
396893,DDOS attack-HOIC,10,0.1111111111111111,-0.43859649122807015,-0.33333333333333337,0.19103681128997582,0.12753912753912755,0.24203758720290527,1.0,0.8181818181818182
396893,DDOS attack-HOIC,20,0.14285714285714285,-0.5316526610644258,-0.3915966386554622,0.19103681128997582,0.12753912753912755,0.2224449652601242,0.4,1.0
397329,Infilteration,3,0.5,0.0,0.0,0.3363851338534882,0.2360972360972361,0.3653136531365314,0.5,0.5
397329,Infilteration,5,0.25,0.09523809523809526,0.07142857142857142,0.3363851338534882,0.2360972360972361,0.3948475006715343,0.5,0.6666666666666666
397329,Infilteration,10,0.3333333333333333,0.21071428571428572,0.20000000000000004,0.3363851338534882,0.2360972360972361,0.44090966158288053,0.2,1.0
397329,Infilteration,20,0.25,0.06341642228739001,0.020161290322580648,0.3363851338534882,0.2360972360972361,0.45151867460758477,0.125,1.0
397403,DoS attacks-Slowloris,3,0.0,-0.6571428571428573,-0.4666666666666666,0.31506468215328975,0.20945720945720947,0.0,,0.5
397403,DoS attacks-Slowloris,5,0.1111111111111111,-0.45,-0.2777777777777778,0.31506468215328975,0.20945720945720947,0.076547581255647,1.0,0.6666666666666666
397403,DoS attacks-Slowloris,10,0.17647058823529413,-0.46323529411764713,-0.3529411764705882,0.31506468215328975,0.20945720945720947,0.13744133351761412,1.0,0.8181818181818182
397403,DoS attacks-Slowloris,20,0.3793103448275862,-0.15221674876847288,-0.09852216748768472,0.31506468215328975,0.20945720945720947,0.2121068593943822,0.7272727272727273,1.0
397478,SSH-Bruteforce,3,0.2,-0.49999999999999994,-0.39999999999999997,0.2881548830915919,0.19547119547119546,0.2656826568265683,1.0,0.5
397478,SSH-Bruteforce,5,0.1111111111111111,-0.31666666666666665,-0.16666666666666666,0.2881548830915919,0.19547119547119546,0.2523674635540035,1.0,0.25
397478,SSH-Bruteforce,10,0.1111111111111111,-0.3415892672858617,-0.20261437908496735,0.2881548830915919,0.19547119547119546,0.24203758720290527,1.0,0.8181818181818182
397478,SSH-Bruteforce,20,0.21212121212121213,-0.3532754010695187,-0.2537878787878788,0.2881548830915919,0.19547119547119546,0.2570771939050487,0.8571428571428571,1.0
397490,Bot,3,0.0,-0.8285714285714287,-0.7333333333333333,-0.03764589840539207,-0.012987012987012986,0.0,,0.2
397490,Bot,5,0.0,-0.9030303030303028,-0.7333333333333333,-0.03764589840539207,-0.012987012987012986,0.0,,0.25
397490,Bot,10,0.0,-0.6902255639097743,-0.4421052631578947,-0.03764589840539207,-0.012987012987012986,0.0,,0.6666666666666666
397490,Bot,20,0.08108108108108109,-0.7043622569938359,-0.45045045045045046,-0.03764589840539207,-0.012987012987012986,0.006400949047582474,0.0,1.0
398799,DDOS attack-LOIC-UDP,3,0.0,-0.7714285714285715,-0.6,0.7884646998571049,0.6776556776556777,0.0,,0.0
398799,DDOS attack-LOIC-UDP,5,0.1111111111111111,-0.6333333333333333,-0.4444444444444444,0.7884646998571049,0.6776556776556777,0.076547581255647,0.0,0.25
398799,DDOS attack-LOIC-UDP,10,0.1111111111111111,-0.49226006191950467,-0.3856209150326798,0.7884646998571049,0.6776556776556777,0.14660315999072546,0.0,0.8181818181818182
398799,DDOS attack-LOIC-UDP,20,0.2903225806451613,-0.42217741935483877,-0.25591397849462366,0.7884646998571049,0.6776556776556777,0.16332709253143252,0.0,1.0
400457,DDOS attack-LOIC-UDP,3,0.0,-0.7142857142857143,-0.4666666666666666,0.7841652018867209,0.6683316683316683,0.0,,0.0
400457,DDOS attack-LOIC-UDP,5,0.1111111111111111,-0.6,-0.4444444444444444,0.7841652018867209,0.6683316683316683,0.076547581255647,0.0,0.25
400457,DDOS attack-LOIC-UDP,10,0.05263157894736842,-0.5877192982456141,-0.4502923976608187,0.7841652018867209,0.6683316683316683,0.09736573043190963,0.0,0.8181818181818182
400457,DDOS attack-LOIC-UDP,20,0.2903225806451613,-0.5100806451612904,-0.31612903225806455,0.7841652018867209,0.6683316683316683,0.11463877454657875,0.0,1.0
401886,DoS attacks-Slowloris,3,0.2,0.09999999999999999,0.0,0.07006917133499412,0.04695304695304696,0.6346863468634687,1.0,0.2
401886,DoS attacks-Slowloris,5,0.42857142857142855,0.0,-0.04761904761904762,0.07006917133499412,0.04695304695304696,0.6051524993284658,1.0,0.42857142857142855
401886,DoS attacks-Slowloris,10,0.17647058823529413,-0.12254901960784316,-0.1764705882352941,0.07006917133499412,0.04695304695304696,0.5281940894601466,1.0,0.8181818181818182
401886,DoS attacks-Slowloris,20,0.1111111111111111,-0.44736164736164746,-0.38095238095238104,0.07006917133499412,0.04695304695304696,0.4472790245475228,0.75,1.0
402004,SSH-Bruteforce,3,0.2,-0.7999999999999999,-0.6,0.18979754422792397,0.13952713952713952,0.09963099630996312,1.0,0.2
402004,SSH-Bruteforce,5,0.42857142857142855,-0.39285714285714296,-0.23809523809523814,0.18979754422792397,0.13952713952713952,0.2510707919220532,0.6666666666666666,0.42857142857142855
402004,SSH-Bruteforce,10,0.3333333333333333,0.11428571428571425,0.06666666666666668,0.18979754422792397,0.13952713952713952,0.36809893354315965,0.8,0.6666666666666666
402004,SSH-Bruteforce,20,0.25,0.028225806451612902,-0.00403225806451613,0.18979754422792397,0.13952713952713952,0.4013226870823871,0.625,1.0
402197,Bot,3,0.2,-0.39999999999999997,-0.39999999999999997,0.09247714311005449,0.055611055611055615,0.2656826568265683,1.0,0.2
402197,Bot,5,0.1111111111111111,-0.4666666666666666,-0.4444444444444444,0.09247714311005449,0.055611055611055615,0.2523674635540035,1.0,0.42857142857142855
402197,Bot,10,0.1111111111111111,-0.5562435500515995,-0.46405228758169936,0.09247714311005449,0.055611055611055615,0.24203758720290527,0.5,0.6666666666666666
402197,Bot,20,0.14285714285714285,-0.5089635854341736,-0.3781512605042017,0.09247714311005449,0.055611055611055615,0.23421797979420259,0.6,1.0
402380,DDOS attack-LOIC-UDP,3,0.0,-0.7142857142857143,-0.4666666666666666,0.789678675754625,0.6789876789876791,0.0,,0.0
402380,DDOS attack-LOIC-UDP,5,0.1111111111111111,-0.6833333333333333,-0.5555555555555556,0.789678675754625,0.6789876789876791,0.076547581255647,0.0,0.25
402380,DDOS attack-LOIC-UDP,10,0.1111111111111111,-0.5128998968008256,-0.3856209150326798,0.789678675754625,0.6789876789876791,0.11983678933904471,0.0,0.8181818181818182
402380,DDOS attack-LOIC-UDP,20,0.2903225806451613,-0.42137096774193555,-0.24731182795698925,0.789678675754625,0.6789876789876791,0.14348072303679144,0.0,1.0
402677,DDOS attack-LOIC-UDP,3,0.0,-0.7142857142857143,-0.4666666666666666,0.7907914869940186,0.6803196803196804,0.0,,0.0
402677,DDOS attack-LOIC-UDP,5,0.1111111111111111,-0.6833333333333333,-0.5555555555555556,0.7907914869940186,0.6803196803196804,0.076547581255647,0.0,0.25
402677,DDOS attack-LOIC-UDP,10,0.1111111111111111,-0.4716202270381837,-0.3725490196078432,0.7907914869940186,0.6803196803196804,0.14660315999072546,0.0,0.8181818181818182
402677,DDOS attack-LOIC-UDP,20,0.2903225806451613,-0.4145161290322581,-0.23870967741935484,0.7907914869940186,0.6803196803196804,0.1622723504195934,0.0,1.0
404377,Bot,3,0.2,-0.39999999999999997,-0.39999999999999997,-0.020296159536665866,-0.017649017649017648,0.2656826568265683,1.0,0.2
404377,Bot,5,0.1111111111111111,-0.3666666666666667,-0.3333333333333333,-0.020296159536665866,-0.017649017649017648,0.2523674635540035,1.0,0.42857142857142855
404377,Bot,10,0.1111111111111111,-0.5810113519091847,-0.5032679738562092,-0.020296159536665866,-0.017649017649017648,0.24203758720290527,0.5,0.6666666666666666
404377,Bot,20,0.14285714285714285,-0.5277310924369749,-0.3915966386554622,-0.020296159536665866,-0.017649017649017648,0.23147352661229492,0.8,1.0
405784,Infilteration,3,0.0,-0.7714285714285715,-0.6,0.4716675729333957,0.337995337995338,0.0,,0.5
405784,Infilteration,5,0.25,-0.6190476190476191,-0.4999999999999999,0.4716675729333957,0.337995337995338,0.153095162511294,1.0,0.6666666666666666
405784,Infilteration,10,0.5384615384615384,0.04395604395604395,0.025641025641025637,0.4716675729333957,0.337995337995338,0.35391711114854413,0.5714285714285714,0.8181818181818182
405784,Infilteration,20,0.3333333333333333,0.1768631813125695,0.07586206896551725,0.4716675729333957,0.337995337995338,0.41667649869426243,0.5,1.0
406035,Bot,3,0.0,-1.0,-0.9999999999999999,0.08385285600475473,0.056943056943056944,0.0,,0.2
406035,Bot,5,0.0,-0.7575757575757575,-0.5555555555555555,0.08385285600475473,0.056943056943056944,0.0,,0.25
406035,Bot,10,0.0,-0.7157894736842104,-0.4842105263157895,0.08385285600475473,0.056943056943056944,0.0,,0.6666666666666666
406035,Bot,20,0.14285714285714285,-0.611764705882353,-0.4151260504201681,0.08385285600475473,0.056943056943056944,0.034901521976121036,0.6,1.0
406095,DDOS attack-HOIC,3,0.2,0.19999999999999998,0.19999999999999998,0.09541091819572832,0.05827505827505828,0.6346863468634687,1.0,0.2
406095,DDOS attack-HOIC,5,0.1111111111111111,-0.33333333333333337,-0.3888888888888889,0.09541091819572832,0.05827505827505828,0.4965617445239432,1.0,0.25
406095,DDOS attack-HOIC,10,0.05263157894736842,-0.4964912280701754,-0.391812865497076,0.09541091819572832,0.05827505827505828,0.3614441988713819,1.0,0.8181818181818182
406095,DDOS attack-HOIC,20,0.14285714285714285,-0.580952380952381,-0.4050420168067227,0.09541091819572832,0.05827505827505828,0.3000731585980172,0.2,1.0
406393,DDOS attack-LOIC-UDP,3,0.0,-0.7142857142857143,-0.4666666666666666,0.7886417380088265,0.6776556776556777,0.0,,0.0
406393,DDOS attack-LOIC-UDP,5,0.1111111111111111,-0.6833333333333333,-0.5555555555555556,0.7886417380088265,0.6776556776556777,0.076547581255647,0.0,0.25
406393,DDOS attack-LOIC-UDP,10,0.1111111111111111,-0.5046439628482973,-0.3725490196078432,0.7886417380088265,0.6776556776556777,0.11983678933904471,0.0,0.8181818181818182
406393,DDOS attack-LOIC-UDP,20,0.2903225806451613,-0.4338709677419355,-0.25591397849462366,0.7886417380088265,0.6776556776556777,0.14242598092495234,0.0,1.0
407392,SSH-Bruteforce,3,0.2,-0.49999999999999994,-0.39999999999999997,0.22482580710428812,0.1455211455211455,0.2656826568265683,1.0,0.5
407392,SSH-Bruteforce,5,0.1111111111111111,-0.31666666666666665,-0.2222222222222222,0.22482580710428812,0.1455211455211455,0.2523674635540035,1.0,0.42857142857142855
407392,SSH-Bruteforce,10,0.1111111111111111,-0.3931888544891641,-0.281045751633987,0.22482580710428812,0.1455211455211455,0.24203758720290527,1.0,0.8181818181818182
407392,SSH-Bruteforce,20,0.25,-0.439882697947214,-0.3467741935483872,0.22482580710428812,0.1455211455211455,0.2496010492902356,1.0,1.0
407681,FTP-BruteForce,3,0.2,0.09999999999999999,0.0,0.26589865830372156,0.17815517815517817,0.6346863468634687,1.0,0.5
407681,FTP-BruteForce,5,0.1111111111111111,-0.15,-0.1111111111111111,0.26589865830372156,0.17815517815517817,0.4965617445239432,1.0,0.42857142857142855
407681,FTP-BruteForce,10,0.25,-0.4382352941176471,-0.35,0.26589865830372156,0.17815517815517817,0.40315518403233847,0.75,0.8181818181818182
407681,FTP-BruteForce,20,0.25,-0.21847507331378296,-0.16129032258064518,0.26589865830372156,0.17815517815517817,0.4086729066485695,0.5,1.0
408152,FTP-BruteForce,3,0.5,0.39999999999999997,0.3333333333333334,0.32667332667332666,0.23543123543123542,0.7343173431734318,1.0,0.5
408152,FTP-BruteForce,5,0.25,0.14285714285714288,0.0,0.32667332667332666,0.23543123543123542,0.6390417816414738,1.0,0.25
408152,FTP-BruteForce,10,0.3333333333333333,-0.03214285714285714,-0.06666666666666668,0.32667332667332666,0.23543123543123542,0.5536314153526652,0.8,0.8181818181818182
408152,FTP-BruteForce,20,0.2903225806451613,-0.16048387096774194,-0.1698924731182796,0.32667332667332666,0.23543123543123542,0.5266438425480785,0.5555555555555556,1.0
408593,Bot,3,0.0,-0.8857142857142858,-0.7333333333333333,0.07717598856839362,0.05228105228105229,0.0,,0.5
408593,Bot,5,0.0,-0.7212121212121211,-0.5111111111111111,0.07717598856839362,0.05228105228105229,0.0,,0.42857142857142855
408593,Bot,10,0.0,-0.7127819548872181,-0.4842105263157895,0.07717598856839362,0.05228105228105229,0.0,,0.6666666666666666
408593,Bot,20,0.14285714285714285,-0.7011204481792718,-0.4689075630252101,0.07717598856839362,0.05228105228105229,0.021290261671511913,0.4,1.0
409353,DoS attacks-SlowHTTPTest,3,0.2,0.09999999999999999,0.0,0.2959698529318782,0.1968031968031968,0.6346863468634687,1.0,0.2
409353,DoS attacks-SlowHTTPTest,5,0.1111111111111111,-0.16666666666666669,-0.1111111111111111,0.2959698529318782,0.1968031968031968,0.4965617445239432,1.0,0.25
409353,DoS attacks-SlowHTTPTest,10,0.1111111111111111,-0.40763673890608876,-0.25490196078431376,0.2959698529318782,0.1968031968031968,0.3673924203468,1.0,1.0
409353,DoS attacks-SlowHTTPTest,20,0.25,-0.36290322580645157,-0.22580645161290325,0.2959698529318782,0.1968031968031968,0.3494706208633441,0.625,1.0
409474,DDOS attack-LOIC-UDP,3,0.0,-0.7142857142857143,-0.4666666666666666,0.7846204428482909,0.6709956709956709,0.0,,0.0
409474,DDOS attack-LOIC-UDP,5,0.1111111111111111,-0.6666666666666667,-0.5,0.7846204428482909,0.6709956709956709,0.076547581255647,0.0,0.25
409474,DDOS attack-LOIC-UDP,10,0.05263157894736842,-0.5824561403508772,-0.43859649122807015,0.7846204428482909,0.6709956709956709,0.09736573043190963,0.0,0.8181818181818182
409474,DDOS attack-LOIC-UDP,20,0.2903225806451613,-0.5020161290322581,-0.2989247311827957,0.7846204428482909,0.6709956709956709,0.11569351665841787,0.0,1.0
410021,DoS attacks-SlowHTTPTest,3,0.2,0.0,-0.19999999999999998,0.22399119867474293,0.15750915750915753,0.6346863468634687,1.0,0.2
410021,DoS attacks-SlowHTTPTest,5,0.1111111111111111,-0.3,-0.3333333333333333,0.22399119867474293,0.15750915750915753,0.4965617445239432,1.0,0.1111111111111111
410021,DoS attacks-SlowHTTPTest,10,0.05263157894736842,-0.5614035087719299,-0.48538011695906425,0.22399119867474293,0.15750915750915753,0.3614441988713819,1.0,0.8181818181818182
410021,DoS attacks-SlowHTTPTest,20,0.25,-0.4758064516129032,-0.36693548387096775,0.22399119867474293,0.15750915750915753,0.339982164915954,0.375,1.0
410112,DoS attacks-SlowHTTPTest,3,0.5,0.0,0.0,0.25681913023685177,0.17415917415917415,0.3653136531365314,1.0,0.5
410112,DoS attacks-SlowHTTPTest,5,0.25,0.0,-0.14285714285714285,0.25681913023685177,0.17415917415917415,0.3948475006715343,1.0,0.42857142857142855
410112,DoS attacks-SlowHTTPTest,10,0.25,-0.1323529411764706,-0.08333333333333334,0.25681913023685177,0.17415917415917415,0.36597004046361614,1.0,0.8181818181818182
410112,DoS attacks-SlowHTTPTest,20,0.3333333333333333,-0.0843159065628476,-0.04827586206896552,0.25681913023685177,0.17415917415917415,0.3894011707406408,0.5,1.0
410254,DDOS attack-LOIC-UDP,3,0.0,-0.7142857142857143,-0.4666666666666666,0.7882876617053832,0.672993672993673,0.0,,0.0
410254,DDOS attack-LOIC-UDP,5,0.1111111111111111,-0.6166666666666666,-0.4444444444444444,0.7882876617053832,0.672993672993673,0.076547581255647,0.0,0.25
410254,DDOS attack-LOIC-UDP,10,0.1111111111111111,-0.48606811145510836,-0.39869281045751637,0.7882876617053832,0.672993672993673,0.14660315999072546,0.0,0.8181818181818182
410254,DDOS attack-LOIC-UDP,20,0.2903225806451613,-0.4540322580645162,-0.28602150537634413,0.7882876617053832,0.672993672993673,0.16332709253143252,0.0,1.0
410740,SSH-Bruteforce,3,0.2,-0.49999999999999994,-0.39999999999999997,0.19295893979438283,0.13086913086913088,0.2656826568265683,1.0,0.5
410740,SSH-Bruteforce,5,0.1111111111111111,-0.2833333333333333,-0.16666666666666666,0.19295893979438283,0.13086913086913088,0.2523674635540035,1.0,0.42857142857142855
410740,SSH-Bruteforce,10,0.17647058823529413,-0.34558823529411764,-0.19117647058823525,0.19295893979438283,0.13086913086913088,0.2479858086783234,0.6666666666666666,0.6666666666666666
410740,SSH-Bruteforce,20,0.21212121212121213,-0.31417112299465244,-0.24621212121212122,0.19295893979438283,0.13086913086913088,0.27306607318873904,0.8571428571428571,1.0
410845,Bot,3,0.2,-0.3,-0.19999999999999998,0.15251836770824112,0.10622710622710622,0.2656826568265683,1.0,0.2
410845,Bot,5,0.1111111111111111,-0.5,-0.3888888888888889,0.15251836770824112,0.10622710622710622,0.2523674635540035,1.0,0.6666666666666666
410845,Bot,10,0.17647058823529413,-0.37990196078431376,-0.24999999999999997,0.15251836770824112,0.10622710622710622,0.26309585662685286,0.6666666666666666,0.8181818181818182
410845,Bot,20,0.1111111111111111,-0.49935649935649934,-0.3777777777777779,0.15251836770824112,0.10622710622710622,0.2526715911614155,0.75,1.0
412248,DoS attacks-SlowHTTPTest,3,0.2,0.09999999999999999,0.0,0.32963239292353214,0.23143523143523145,0.6346863468634687,1.0,0.2
412248,DoS attacks-SlowHTTPTest,5,0.1111111111111111,-0.18333333333333335,-0.16666666666666666,0.32963239292353214,0.23143523143523145,0.4965617445239432,1.0,0.25
412248,DoS attacks-SlowHTTPTest,10,0.1111111111111111,-0.4633642930856553,-0.34640522875817,0.32963239292353214,0.23143523143523145,0.3673924203468,1.0,1.0
412248,DoS attacks-SlowHTTPTest,20,0.2903225806451613,-0.3217741935483871,-0.20860215053763445,0.32963239292353214,0.23143523143523145,0.3552749825660449,0.4444444444444444,1.0
414454,DoS attacks-GoldenEye,3,0.2,0.19999999999999998,0.19999999999999998,0.1705003856902591,0.11754911754911755,0.6346863468634687,1.0,0.2
414454,DoS attacks-GoldenEye,5,0.1111111111111111,-0.3,-0.2777777777777778,0.1705003856902591,0.11754911754911755,0.4965617445239432,1.0,0.42857142857142855
414454,DoS attacks-GoldenEye,10,0.25,-0.25,-0.16666666666666669,0.1705003856902591,0.11754911754911755,0.45810071481888737,1.0,0.8181818181818182
414454,DoS attacks-GoldenEye,20,0.2903225806451613,-0.04435483870967742,0.0021505376344086026,0.1705003856902591,0.11754911754911755,0.45111370039454335,0.8888888888888888,1.0
414918,DDOS attack-LOIC-UDP,3,0.0,-0.7142857142857143,-0.4666666666666666,0.7863908243655079,0.668997668997669,0.0,,0.0
414918,DDOS attack-LOIC-UDP,5,0.1111111111111111,-0.6833333333333333,-0.5555555555555556,0.7863908243655079,0.668997668997669,0.076547581255647,0.0,0.42857142857142855
414918,DDOS attack-LOIC-UDP,10,0.1111111111111111,-0.4654282765737873,-0.34640522875817,0.7863908243655079,0.668997668997669,0.13149311204219602,0.0,0.8181818181818182
414918,DDOS attack-LOIC-UDP,20,0.2903225806451613,-0.4838709677419355,-0.31182795698924737,0.7863908243655079,0.668997668997669,0.15106875473713477,0.0,1.0
415165,DDOS attack-LOIC-UDP,3,0.0,-0.7142857142857143,-0.4666666666666666,0.7860114568975328,0.6683316683316683,0.0,,0.0
415165,DDOS attack-LOIC-UDP,5,0.1111111111111111,-0.65,-0.5,0.7860114568975328,0.6683316683316683,0.076547581255647,0.0,0.25
415165,DDOS attack-LOIC-UDP,10,0.1111111111111111,-0.6016511867905057,-0.47712418300653603,0.7860114568975328,0.6683316683316683,0.10331395190732774,0.0,0.8181818181818182
415165,DDOS attack-LOIC-UDP,20,0.2903225806451613,-0.49153225806451617,-0.31612903225806455,0.7860114568975328,0.6683316683316683,0.13017484904618382,0.0,1.0
415297,SQL Injection,3,0.2,-0.3,-0.19999999999999998,0.24139151987253252,0.1601731601731602,0.2656826568265683,1.0,0.2
415297,SQL Injection,5,0.1111111111111111,-0.35,-0.2222222222222222,0.24139151987253252,0.1601731601731602,0.2523674635540035,1.0,0.42857142857142855
415297,SQL Injection,10,0.1111111111111111,-0.4592363261093911,-0.281045751633987,0.24139151987253252,0.1601731601731602,0.21385842706803698,1.0,0.6666666666666666
415297,SQL Injection,20,0.25,-0.3192815249266862,-0.1653225806451613,0.24139151987253252,0.1601731601731602,0.22972958058247211,0.75,1.0
415964,DDOS attack-LOIC-UDP,3,0.0,-0.7142857142857143,-0.4666666666666666,0.7920054628915388,0.6803196803196804,0.0,,0.2
415964,DDOS attack-LOIC-UDP,5,0.25,-0.6666666666666669,-0.4999999999999999,0.7920054628915388,0.6803196803196804,0.10859075480452249,0.0,0.25
415964,DDOS attack-LOIC-UDP,10,0.1111111111111111,-0.4716202270381837,-0.3856209150326798,0.7920054628915388,0.6803196803196804,0.16674989058876474,0.0,0.8181818181818182
415964,DDOS attack-LOIC-UDP,20,0.2903225806451613,-0.41008064516129034,-0.23870967741935484,0.7920054628915388,0.6803196803196804,0.17721047799620498,0.0,1.0
416934,DDOS attack-HOIC,3,0.2,0.19999999999999998,0.19999999999999998,0.1624072130401244,0.10622710622710622,0.6346863468634687,1.0,0.2
416934,DDOS attack-HOIC,5,0.1111111111111111,-0.21666666666666667,-0.16666666666666666,0.1624072130401244,0.10622710622710622,0.4965617445239432,1.0,0.6666666666666666
416934,DDOS attack-HOIC,10,0.1111111111111111,-0.3746130030959752,-0.22875816993464054,0.1624072130401244,0.10622710622710622,0.383915257778517,1.0,0.8181818181818182
416934,DDOS attack-HOIC,20,0.17647058823529413,-0.46768525592055005,-0.3262032085561498,0.1624072130401244,0.10622710622710622,0.3330712656555926,0.3333333333333333,1.0
416984,Infilteration,3,0.0,-0.8857142857142858,-0.7333333333333333,0.44743863731205497,0.312021312021312,0.0,,0.0
416984,Infilteration,5,0.1111111111111111,-0.7166666666666667,-0.5555555555555556,0.44743863731205497,0.312021312021312,0.03204317354887549,0.0,0.42857142857142855
416984,Infilteration,10,0.17647058823529413,-0.4730392156862746,-0.3235294117647059,0.44743863731205497,0.312021312021312,0.12456981119108901,0.6666666666666666,0.6666666666666666
416984,Infilteration,20,0.3793103448275862,-0.13743842364532016,-0.09852216748768472,0.44743863731205497,0.312021312021312,0.21759740832887442,0.5454545454545454,1.0
417478,DDOS attack-HOIC,3,0.2,0.09999999999999999,0.0,0.24725907004388015,0.1714951714951715,0.6346863468634687,1.0,0.2
417478,DDOS attack-HOIC,5,0.1111111111111111,-0.25,-0.2777777777777778,0.24725907004388015,0.1714951714951715,0.4965617445239432,1.0,0.42857142857142855
417478,DDOS attack-HOIC,10,0.1111111111111111,-0.40350877192982454,-0.30718954248366015,0.24725907004388015,0.1714951714951715,0.4106816284301976,1.0,0.8181818181818182
417478,DDOS attack-HOIC,20,0.25,-0.4369501466275659,-0.32258064516129037,0.24725907004388015,0.1714951714951715,0.36660864688507006,0.375,1.0
417634,Brute Force -Web,3,0.0,-0.6571428571428573,-0.4666666666666666,0.2277848733544936,0.15084915084915085,0.0,,0.0
417634,Brute Force -Web,5,0.0,-0.7212121212121211,-0.5111111111111111,0.2277848733544936,0.15084915084915085,0.0,,0.1111111111111111
417634,Brute Force -Web,10,0.05263157894736842,-0.6719298245614035,-0.4152046783625731,0.2277848733544936,0.15084915084915085,0.013291704778403425,0.0,0.8181818181818182
417634,Brute Force -Web,20,0.14285714285714285,-0.6787114845938376,-0.46554621848739497,0.2277848733544936,0.15084915084915085,0.045011123191370954,0.4,1.0
417696,Infilteration,3,0.0,-0.7714285714285715,-0.6,0.15074798619102417,0.09956709956709958,0.0,,0.5
417696,Infilteration,5,0.25,-0.6428571428571429,-0.42857142857142855,0.15074798619102417,0.09956709956709958,0.10859075480452249,0.5,0.42857142857142855
417696,Infilteration,10,0.25,-0.33529411764705885,-0.25,0.15074798619102417,0.09956709956709958,0.22334833110618613,0.5,0.8181818181818182
417696,Infilteration,20,0.25,-0.22470674486803516,-0.18145161290322584,0.15074798619102417,0.09956709956709958,0.266660475674095,0.625,1.0
418003,DoS attacks-Slowloris,3,0.0,-0.6,-0.3333333333333333,0.2657974936455949,0.1814851814851815,0.0,,0.2
418003,DoS attacks-Slowloris,5,0.1111111111111111,-0.5333333333333333,-0.3888888888888889,0.2657974936455949,0.1814851814851815,0.076547581255647,1.0,0.42857142857142855
418003,DoS attacks-Slowloris,10,0.25,-0.36470588235294116,-0.3,0.2657974936455949,0.1814851814851815,0.18236592367626392,0.75,0.8181818181818182
418003,DoS attacks-Slowloris,20,0.25,-0.2027126099706745,-0.1370967741935484,0.2657974936455949,0.1814851814851815,0.2242484164527594,0.625,1.0
420193,DoS attacks-Slowloris,3,0.0,-0.6571428571428573,-0.4666666666666666,0.3963504849580799,0.2753912753912754,0.0,,0.2
420193,DoS attacks-Slowloris,5,0.1111111111111111,-0.5333333333333333,-0.3888888888888889,0.3963504849580799,0.2753912753912754,0.076547581255647,1.0,0.42857142857142855
420193,DoS attacks-Slowloris,10,0.25,-0.29411764705882354,-0.2333333333333333,0.3963504849580799,0.2753912753912754,0.19402224637941523,0.75,0.8181818181818182
420193,DoS attacks-Slowloris,20,0.2903225806451613,-0.24193548387096775,-0.178494623655914,0.3963504849580799,0.2753912753912754,0.23282320268952963,0.4444444444444444,1.0
421149,DoS attacks-Slowloris,3,0.0,-0.6571428571428573,-0.4666666666666666,0.3294300636072788,0.2207792207792208,0.0,,0.5
421149,DoS attacks-Slowloris,5,0.1111111111111111,-0.45,-0.2777777777777778,0.3294300636072788,0.2207792207792208,0.076547581255647,1.0,0.6666666666666666
421149,DoS attacks-Slowloris,10,0.25,-0.28529411764705886,-0.18333333333333335,0.3294300636072788,0.2207792207792208,0.17643522985646615,0.75,0.8181818181818182
421149,DoS attacks-Slowloris,20,0.3793103448275862,-0.07832512315270934,-0.044334975369458116,0.3294300636072788,0.2207792207792208,0.24199253839686197,0.7272727272727273,1.0
421817,Brute Force -Web,3,0.2,0.09999999999999999,0.0,0.10282122940350788,0.07092907092907093,0.6346863468634687,1.0,0.5
421817,Brute Force -Web,5,0.1111111111111111,-0.11666666666666665,0.0,0.10282122940350788,0.07092907092907093,0.4965617445239432,1.0,0.6666666666666666
421817,Brute Force -Web,10,0.17647058823529413,-0.26715686274509803,-0.19117647058823525,0.10282122940350788,0.07092907092907093,0.43315268733733264,1.0,0.8181818181818182
421817,Brute Force -Web,20,0.17647058823529413,-0.2922841864018334,-0.18716577540106952,0.10282122940350788,0.07092907092907093,0.39113889893417897,0.6666666666666666,1.0
422128,DDOS attack-HOIC,3,0.2,0.0,-0.19999999999999998,0.24657620860152504,0.15551115551115552,0.6346863468634687,1.0,0.2
422128,DDOS attack-HOIC,5,0.1111111111111111,-0.33333333333333337,-0.3888888888888889,0.24657620860152504,0.15551115551115552,0.4965617445239432,1.0,0.25
422128,DDOS attack-HOIC,10,0.05263157894736842,-0.519298245614035,-0.40350877192982454,0.24657620860152504,0.15551115551115552,0.3614441988713819,1.0,0.8181818181818182
422128,DDOS attack-HOIC,20,0.14285714285714285,-0.5882352941176472,-0.4218487394957983,0.24657620860152504,0.15551115551115552,0.2973673659254888,0.2,1.0
422518,SSH-Bruteforce,3,0.2,-0.49999999999999994,-0.39999999999999997,0.2421755459730143,0.15551115551115552,0.2656826568265683,1.0,0.5
422518,SSH-Bruteforce,5,0.1111111111111111,-0.3,-0.16666666666666666,0.2421755459730143,0.15551115551115552,0.2523674635540035,1.0,0.42857142857142855
422518,SSH-Bruteforce,10,0.1111111111111111,-0.3003095975232198,-0.15032679738562094,0.2421755459730143,0.15551115551115552,0.25714763515143474,1.0,0.8181818181818182
422518,SSH-Bruteforce,20,0.17647058823529413,-0.38792971734148196,-0.33333333333333337,0.2421755459730143,0.15551115551115552,0.2690857969636724,0.8333333333333334,1.0
423486,Brute Force -XSS,3,0.0,-0.7714285714285715,-0.6,0.11931106867815727,0.07692307692307691,0.0,,0.0
423486,Brute Force -XSS,5,0.0,-0.7575757575757575,-0.5555555555555555,0.11931106867815727,0.07692307692307691,0.0,,0.0
423486,Brute Force -XSS,10,0.05263157894736842,-0.7824561403508771,-0.5789473684210525,0.11931106867815727,0.07692307692307691,0.005948221475418107,0.0,0.8181818181818182
423486,Brute Force -XSS,20,0.21212121212121213,-0.4779411764705883,-0.3106060606060606,0.11931106867815727,0.07692307692307691,0.07116348811256318,0.7142857142857143,1.0
423710,FTP-BruteForce,3,0.2,-0.3,-0.19999999999999998,0.37920307540560705,0.25274725274725274,0.2656826568265683,1.0,0.5
423710,FTP-BruteForce,5,0.25,-0.09523809523809526,-0.07142857142857142,0.37920307540560705,0.25274725274725274,0.32891504480965056,1.0,0.25
423710,FTP-BruteForce,10,0.3333333333333333,-0.03214285714285714,-0.028571428571428574,0.37920307540560705,0.25274725274725274,0.35864324388863644,0.8,0.8181818181818182
423710,FTP-BruteForce,20,0.2903225806451613,-0.08870967741935484,-0.0881720430107527,0.37920307540560705,0.25274725274725274,0.38778121186721265,0.5555555555555556,1.0
423824,DDoS attacks-LOIC-HTTP,3,0.0,-0.7714285714285715,-0.6,0.2662780257716966,0.1914751914751915,0.0,,0.2
423824,DDoS attacks-LOIC-HTTP,5,0.1111111111111111,-0.7666666666666667,-0.611111111111111,0.2662780257716966,0.1914751914751915,0.076547581255647,1.0,0.25
423824,DDoS attacks-LOIC-HTTP,10,0.17647058823529413,-0.39460784313725494,-0.24999999999999997,0.2662780257716966,0.1914751914751915,0.13312849411744812,1.0,0.8181818181818182
423824,DDoS attacks-LOIC-HTTP,20,0.14285714285714285,-0.3126050420168067,-0.17983193277310924,0.2662780257716966,0.1914751914751915,0.17354100858918103,0.6,1.0
424076,DDOS attack-HOIC,3,0.2,0.09999999999999999,0.0,0.2350687287396148,0.15484515484515488,0.6346863468634687,1.0,0.2
424076,DDOS attack-HOIC,5,0.1111111111111111,-0.25,-0.2222222222222222,0.2350687287396148,0.15484515484515488,0.4965617445239432,1.0,0.42857142857142855
424076,DDOS attack-HOIC,10,0.05263157894736842,-0.4859649122807017,-0.3567251461988304,0.2350687287396148,0.15484515484515488,0.3614441988713819,1.0,0.8181818181818182
424076,DDOS attack-HOIC,20,0.21212121212121213,-0.474264705882353,-0.32196969696969696,0.2350687287396148,0.15484515484515488,0.30849614376505063,0.2857142857142857,1.0
424233,DDOS attack-LOIC-UDP,3,0.0,-0.7142857142857143,-0.4666666666666666,0.7896533845900934,0.6796536796536796,0.0,,0.0
424233,DDOS attack-LOIC-UDP,5,0.1111111111111111,-0.6666666666666667,-0.5,0.7896533845900934,0.6796536796536796,0.076547581255647,0.0,0.25
424233,DDOS attack-LOIC-UDP,10,0.1111111111111111,-0.5046439628482973,-0.3725490196078432,0.7896533845900934,0.6796536796536796,0.11983678933904471,0.0,0.8181818181818182
424233,DDOS attack-LOIC-UDP,20,0.2903225806451613,-0.4254032258064516,-0.24301075268817204,0.7896533845900934,0.6796536796536796,0.14242598092495234,0.0,1.0
424607,Bot,3,0.2,-0.39999999999999997,-0.39999999999999997,0.18233665069108107,0.1208791208791209,0.2656826568265683,1.0,0.2
424607,Bot,5,0.1111111111111111,-0.4666666666666666,-0.4444444444444444,0.18233665069108107,0.1208791208791209,0.2523674635540035,1.0,0.42857142857142855
424607,Bot,10,0.1111111111111111,-0.43653250773993807,-0.3725490196078432,0.18233665069108107,0.1208791208791209,0.25714763515143474,0.5,0.8181818181818182
424607,Bot,20,0.25,-0.3940615835777126,-0.2903225806451613,0.18233665069108107,0.1208791208791209,0.2707002076284129,0.625,1.0
425306,DoS attacks-Slowloris,3,0.0,-0.6571428571428573,-0.4666666666666666,0.27687502371046674,0.18814518814518816,0.0,,0.2
425306,DoS attacks-Slowloris,5,0.25,-0.6428571428571429,-0.42857142857142855,0.27687502371046674,0.18814518814518816,0.06408634709775098,1.0,0.6666666666666666
425306,DoS attacks-Slowloris,10,0.25,-0.33529411764705885,-0.26666666666666666,0.27687502371046674,0.18814518814518816,0.18618740670239997,0.75,0.8181818181818182
425306,DoS attacks-Slowloris,20,0.2903225806451613,-0.15201612903225808,-0.0881720430107527,0.27687502371046674,0.18814518814518816,0.24453564010113887,0.6666666666666666,1.0
426361,DoS attacks-GoldenEye,3,0.2,0.0,-0.19999999999999998,0.3231578548034244,0.22477522477522477,0.6346863468634687,1.0,0.2
426361,DoS attacks-GoldenEye,5,0.1111111111111111,-0.2333333333333333,-0.2222222222222222,0.3231578548034244,0.22477522477522477,0.4965617445239432,1.0,0.42857142857142855
426361,DoS attacks-GoldenEye,10,0.25,-0.3029411764705882,-0.18333333333333335,0.3231578548034244,0.22477522477522477,0.40315518403233847,0.75,0.8181818181818182
426361,DoS attacks-GoldenEye,20,0.25,-0.1279325513196481,-0.05645161290322581,0.3231578548034244,0.22477522477522477,0.4055761181208871,0.625,1.0
426496,FTP-BruteForce,3,0.2,0.19999999999999998,0.19999999999999998,0.270324612096764,0.19080919080919082,0.6346863468634687,1.0,0.5
426496,FTP-BruteForce,5,0.1111111111111111,-0.26666666666666666,-0.2777777777777778,0.270324612096764,0.19080919080919082,0.4965617445239432,1.0,0.25
426496,FTP-BruteForce,10,0.17647058823529413,-0.37990196078431376,-0.2941176470588235,0.270324612096764,0.19080919080919082,0.39720696255692034,0.6666666666666666,1.0
426496,FTP-BruteForce,20,0.25,-0.37719941348973607,-0.2903225806451613,0.270324612096764,0.19080919080919082,0.38124405413374446,0.5,1.0
427567,Infilteration,3,0.0,-0.7142857142857143,-0.4666666666666666,0.3573768004147751,0.2221112221112221,0.0,,0.2
427567,Infilteration,5,0.0,-0.7454545454545454,-0.5111111111111111,0.3573768004147751,0.2221112221112221,0.0,,0.6666666666666666
427567,Infilteration,10,0.17647058823529413,-0.3995098039215687,-0.2647058823529411,0.3573768004147751,0.2221112221112221,0.10583587007623722,0.6666666666666666,0.8181818181818182
427567,Infilteration,20,0.42857142857142855,-0.3886152162014231,-0.2698412698412698,0.3573768004147751,0.2221112221112221,0.16353106715062266,0.75,1.0
428076,DDoS attacks-LOIC-HTTP,3,0.0,-0.8857142857142858,-0.7333333333333333,0.36031057550044887,0.24342324342324342,0.0,,0.2
428076,DDoS attacks-LOIC-HTTP,5,0.1111111111111111,-0.8833333333333333,-0.7222222222222222,0.36031057550044887,0.24342324342324342,0.03204317354887549,1.0,0.25
428076,DDoS attacks-LOIC-HTTP,10,0.1111111111111111,-0.48194014447884415,-0.32026143790849676,0.36031057550044887,0.24342324342324342,0.09185521906399015,1.0,0.8181818181818182
428076,DDoS attacks-LOIC-HTTP,20,0.17647058823529413,-0.415431627196333,-0.29055258467023176,0.36031057550044887,0.24342324342324342,0.13683115790410114,0.6666666666666666,1.0
428942,DoS attacks-SlowHTTPTest,3,0.2,0.19999999999999998,0.19999999999999998,0.23873594759670708,0.16416916416916416,0.6346863468634687,1.0,0.2
428942,DoS attacks-SlowHTTPTest,5,0.1111111111111111,-0.16666666666666669,-0.1111111111111111,0.23873594759670708,0.16416916416916416,0.4965617445239432,1.0,0.25
428942,DoS attacks-SlowHTTPTest,10,0.05263157894736842,-0.487719298245614,-0.3684210526315789,0.23873594759670708,0.16416916416916416,0.3614441988713819,1.0,0.8181818181818182
428942,DoS attacks-SlowHTTPTest,20,0.3333333333333333,-0.33392658509454953,-0.22758620689655176,0.23873594759670708,0.16416916416916416,0.3552470419931326,0.3,1.0
430855,Brute Force -Web,3,0.0,-0.7142857142857143,-0.4666666666666666,0.006183689727993526,-0.001665001665001665,0.0,,0.0
430855,Brute Force -Web,5,0.0,-0.6848484848484848,-0.4222222222222222,0.006183689727993526,-0.001665001665001665,0.0,,0.25
430855,Brute Force -Web,10,0.0,-0.7684210526315788,-0.5368421052631579,0.006183689727993526,-0.001665001665001665,0.0,,0.8181818181818182
430855,Brute Force -Web,20,0.1111111111111111,-0.7680823680823681,-0.5492063492063493,0.006183689727993526,-0.001665001665001665,0.012325025198071079,0.5,1.0
430879,FTP-BruteForce,3,0.2,0.09999999999999999,0.0,0.2805928248966223,0.18881118881118883,0.6346863468634687,1.0,0.2
430879,FTP-BruteForce,5,0.1111111111111111,-0.2833333333333333,-0.2777777777777778,0.2805928248966223,0.18881118881118883,0.4965617445239432,1.0,0.25
430879,FTP-BruteForce,10,0.1111111111111111,-0.4716202270381837,-0.34640522875817,0.2805928248966223,0.18881118881118883,0.3747359036497853,1.0,0.6666666666666666
430879,FTP-BruteForce,20,0.25,-0.4571114369501466,-0.3629032258064517,0.2805928248966223,0.18881118881118883,0.360973999570691,0.5,1.0
431138,DoS attacks-Hulk,3,0.2,0.0,-0.19999999999999998,0.12897229352925554,0.08957708957708958,0.6346863468634687,1.0,0.5
431138,DoS attacks-Hulk,5,0.1111111111111111,-0.2333333333333333,-0.2222222222222222,0.12897229352925554,0.08957708957708958,0.4965617445239432,1.0,0.6666666666666666
431138,DoS attacks-Hulk,10,0.1111111111111111,-0.3684210526315789,-0.281045751633987,0.12897229352925554,0.08957708957708958,0.4106816284301976,0.5,0.8181818181818182
431138,DoS attacks-Hulk,20,0.21212121212121213,-0.3372326203208556,-0.23484848484848486,0.12897229352925554,0.08957708957708958,0.3785359051812834,0.5714285714285714,1.0
433136,DoS attacks-Hulk,3,0.2,0.09999999999999999,0.0,0.03633075784974519,0.020313020313020312,0.6346863468634687,1.0,0.2
433136,DoS attacks-Hulk,5,0.1111111111111111,-0.33333333333333337,-0.3888888888888889,0.03633075784974519,0.020313020313020312,0.4965617445239432,1.0,0.42857142857142855
433136,DoS attacks-Hulk,10,0.1111111111111111,-0.43859649122807015,-0.33333333333333337,0.03633075784974519,0.020313020313020312,0.3673924203468,1.0,0.8181818181818182
433136,DoS attacks-Hulk,20,0.21212121212121213,-0.4408422459893049,-0.3333333333333333,0.03633075784974519,0.020313020313020312,0.3437326111353455,0.7142857142857143,1.0
433298,DoS attacks-Hulk,3,0.2,-0.3,-0.19999999999999998,0.1754574539384666,0.11555111555111557,0.2656826568265683,1.0,0.2
433298,DoS attacks-Hulk,5,0.25,-0.19047619047619052,-0.14285714285714285,0.1754574539384666,0.11555111555111557,0.32891504480965056,1.0,0.42857142857142855
433298,DoS attacks-Hulk,10,0.1111111111111111,-0.3560371517027864,-0.30718954248366015,0.1754574539384666,0.11555111555111557,0.30527593602452857,1.0,0.8181818181818182
433298,DoS attacks-Hulk,20,0.17647058823529413,-0.2974789915966386,-0.18716577540106952,0.1754574539384666,0.11555111555111557,0.2935338792661486,0.6666666666666666,1.0
434271,Brute Force -XSS,3,0.0,-0.7142857142857143,-0.4666666666666666,0.2114467810670342,0.14751914751914752,0.0,,0.0
434271,Brute Force -XSS,5,0.0,-0.7939393939393938,-0.5555555555555555,0.2114467810670342,0.14751914751914752,0.0,,0.1111111111111111
434271,Brute Force -XSS,10,0.05263157894736842,-0.7736842105263159,-0.543859649122807,0.2114467810670342,0.14751914751914752,0.005948221475418107,0.0,0.6666666666666666
434271,Brute Force -XSS,20,0.25,-0.4824046920821114,-0.32258064516129037,0.2114467810670342,0.14751914751914752,0.08565099739102545,0.5,1.0
435047,Brute Force -Web,3,0.2,-0.6,-0.39999999999999997,0.34096283463372073,0.2840492840492841,0.09963099630996312,0.0,0.2
435047,Brute Force -Web,5,0.1111111111111111,-0.33333333333333337,-0.2222222222222222,0.34096283463372073,0.2840492840492841,0.1424800371175307,0.0,0.25
435047,Brute Force -Web,10,0.17647058823529413,-0.4093137254901961,-0.2941176470588235,0.34096283463372073,0.2840492840492841,0.16723918899972878,0.0,0.6666666666666666
435047,Brute Force -Web,20,0.2903225806451613,-0.33911290322580645,-0.2731182795698925,0.34096283463372073,0.2840492840492841,0.22462233034500975,0.0,1.0
435082,Brute Force -Web,3,0.0,-0.7142857142857143,-0.4666666666666666,0.08807648048154378,0.06693306693306693,0.0,,0.2
435082,Brute Force -Web,5,0.0,-0.7939393939393938,-0.6,0.08807648048154378,0.06693306693306693,0.0,,0.1111111111111111
435082,Brute Force -Web,10,0.05263157894736842,-0.7210526315789473,-0.5087719298245613,0.08807648048154378,0.06693306693306693,0.022471058907135067,0.0,0.8181818181818182
435082,Brute Force -Web,20,0.14285714285714285,-0.6134453781512605,-0.4319327731092437,0.08807648048154378,0.06693306693306693,0.05814860158571523,0.4,1.0
435265,SSH-Bruteforce,3,0.2,-0.49999999999999994,-0.39999999999999997,0.32771026441912515,0.2261072261072261,0.2656826568265683,1.0,0.5
435265,SSH-Bruteforce,5,0.25,-0.3571428571428572,-0.21428571428571427,0.32771026441912515,0.2261072261072261,0.28441063710287906,1.0,0.6666666666666666
435265,SSH-Bruteforce,10,0.17647058823529413,-0.21568627450980393,-0.13235294117647056,0.32771026441912515,0.2261072261072261,0.31142174735976036,1.0,0.8181818181818182
435265,SSH-Bruteforce,20,0.25,-0.25476539589442815,-0.19354838709677422,0.32771026441912515,0.2261072261072261,0.31766948853137184,0.75,1.0
435398,Bot,3,0.0,-0.942857142857143,-0.8666666666666666,0.06968980386701905,0.04628704628704629,0.0,,0.2
435398,Bot,5,0.0,-0.9030303030303028,-0.7777777777777777,0.06968980386701905,0.04628704628704629,0.0,,0.42857142857142855
435398,Bot,10,0.05263157894736842,-0.7017543859649124,-0.52046783625731,0.06968980386701905,0.04628704628704629,0.03412738161028636,1.0,0.6666666666666666
435398,Bot,20,0.14285714285714285,-0.5296918767507003,-0.31764705882352945,0.06968980386701905,0.04628704628704629,0.06152334883009451,0.4,1.0
435516,DDoS attacks-LOIC-HTTP,3,0.0,-0.7714285714285715,-0.6,0.24073394959470906,0.16083916083916083,0.0,,0.2
435516,DDoS attacks-LOIC-HTTP,5,0.1111111111111111,-0.7333333333333334,-0.5555555555555556,0.24073394959470906,0.16083916083916083,0.076547581255647,1.0,0.25
435516,DDoS attacks-LOIC-HTTP,10,0.25,-0.3558823529411765,-0.16666666666666669,0.24073394959470906,0.16083916083916083,0.1750224403732786,0.75,0.8181818181818182
435516,DDoS attacks-LOIC-HTTP,20,0.25,-0.156891495601173,-0.048387096774193554,0.24073394959470906,0.16083916083916083,0.2240652965287592,0.75,1.0
435999,DDOS attack-LOIC-UDP,3,0.0,-0.7142857142857143,-0.4666666666666666,0.7916008042590321,0.6789876789876791,0.0,,0.2
435999,DDOS attack-LOIC-UDP,5,0.25,-0.6666666666666669,-0.4999999999999999,0.7916008042590321,0.6789876789876791,0.10859075480452249,0.0,0.25
435999,DDOS attack-LOIC-UDP,10,0.1111111111111111,-0.4716202270381837,-0.3856209150326798,0.7916008042590321,0.6789876789876791,0.16674989058876474,0.0,0.8181818181818182
435999,DDOS attack-LOIC-UDP,20,0.2903225806451613,-0.41290322580645167,-0.24731182795698925,0.7916008042590321,0.6789876789876791,0.17721047799620498,0.0,1.0
436016,Infilteration,3,0.0,-0.8285714285714287,-0.7333333333333333,0.2134700742295679,0.15551115551115552,0.0,,0.2
436016,Infilteration,5,0.1111111111111111,-0.45,-0.2777777777777778,0.2134700742295679,0.15551115551115552,0.076547581255647,1.0,0.42857142857142855
436016,Infilteration,10,0.25,-0.28529411764705886,-0.18333333333333335,0.2134700742295679,0.15551115551115552,0.19402224637941523,0.5,0.8181818181818182
436016,Infilteration,20,0.25,-0.28372434017595305,-0.2298387096774194,0.2134700742295679,0.15551115551115552,0.24317996271324727,0.5,1.0
436253,Bot,3,0.0,-0.8857142857142858,-0.7333333333333333,0.14685314685314685,0.10889110889110888,0.0,,0.2
436253,Bot,5,0.0,-0.7818181818181817,-0.6,0.14685314685314685,0.10889110889110888,0.0,,0.25
436253,Bot,10,0.05263157894736842,-0.787719298245614,-0.6140350877192983,0.14685314685314685,0.10889110889110888,0.022471058907135067,1.0,0.6666666666666666
436253,Bot,20,0.14285714285714285,-0.5605042016806723,-0.3848739495798319,0.14685314685314685,0.10889110889110888,0.06720736264807958,0.6,1.0
437217,FTP-BruteForce,3,0.2,-0.3,-0.19999999999999998,0.28248966223649763,0.1848151848151848,0.2656826568265683,1.0,0.5
437217,FTP-BruteForce,5,0.25,-0.023809523809523815,0.07142857142857142,0.28248966223649763,0.1848151848151848,0.32891504480965056,1.0,0.25
437217,FTP-BruteForce,10,0.3333333333333333,-0.12142857142857141,-0.12380952380952381,0.28248966223649763,0.1848151848151848,0.35864324388863644,0.8,0.8181818181818182
437217,FTP-BruteForce,20,0.2903225806451613,-0.1463709677419355,-0.14408602150537636,0.28248966223649763,0.1848151848151848,0.38172506189825406,0.5555555555555556,1.0
437515,DoS attacks-Slowloris,3,0.0,-0.6571428571428573,-0.4666666666666666,0.28519581684138645,0.19413919413919414,0.0,,0.2
437515,DoS attacks-Slowloris,5,0.25,-0.4761904761904762,-0.3571428571428571,0.28519581684138645,0.19413919413919414,0.10859075480452249,1.0,0.42857142857142855
437515,DoS attacks-Slowloris,10,0.25,-0.38235294117647056,-0.31666666666666665,0.28519581684138645,0.19413919413919414,0.19333330014557157,0.75,0.8181818181818182
437515,DoS attacks-Slowloris,20,0.2903225806451613,-0.13911290322580647,-0.0881720430107527,0.28519581684138645,0.19413919413919414,0.24251152126860154,0.5555555555555556,1.0
437810,Infilteration,3,0.2,-0.7999999999999999,-0.6,0.25573161016198986,0.17882117882117884,0.09963099630996312,1.0,0.5
437810,Infilteration,5,0.25,-0.4761904761904762,-0.2857142857142857,0.25573161016198986,0.17882117882117884,0.1745232106664062,1.0,0.6666666666666666
437810,Infilteration,10,0.3333333333333333,-0.07142857142857141,-0.009523809523809525,0.25573161016198986,0.17882117882117884,0.27668142458666806,0.4,0.8181818181818182
437810,Infilteration,20,0.21212121212121213,-0.10461229946524064,-0.060606060606060615,0.25573161016198986,0.17882117882117884,0.3066038750026896,0.2857142857142857,1.0
438174,Brute Force -Web,3,0.2,-0.6,-0.39999999999999997,0.34111458162091074,0.28471528471528473,0.09963099630996312,0.0,0.2
438174,Brute Force -Web,5,0.1111111111111111,-0.33333333333333337,-0.2222222222222222,0.34111458162091074,0.28471528471528473,0.1424800371175307,0.0,0.25
438174,Brute Force -Web,10,0.17647058823529413,-0.4093137254901961,-0.2941176470588235,0.34111458162091074,0.28471528471528473,0.16723918899972878,0.0,0.6666666666666666
438174,Brute Force -Web,20,0.2903225806451613,-0.33830645161290324,-0.2688172043010753,0.34111458162091074,0.28471528471528473,0.22462233034500975,0.0,1.0
439451,DDOS attack-LOIC-UDP,3,0.0,-0.7142857142857143,-0.4666666666666666,0.7903615371969803,0.6803196803196804,0.0,,0.0
439451,DDOS attack-LOIC-UDP,5,0.1111111111111111,-0.6833333333333333,-0.5555555555555556,0.7903615371969803,0.6803196803196804,0.076547581255647,0.0,0.25
439451,DDOS attack-LOIC-UDP,10,0.1111111111111111,-0.5149638802889577,-0.411764705882353,0.7903615371969803,0.6803196803196804,0.13149311204219602,0.0,0.8181818181818182
439451,DDOS attack-LOIC-UDP,20,0.2903225806451613,-0.4173387096774194,-0.23870967741935484,0.7903615371969803,0.6803196803196804,0.15106875473713477,0.0,1.0
440734,DDoS attacks-LOIC-HTTP,3,0.2,-0.7,-0.6,0.20310069677158285,0.13353313353313354,0.09963099630996312,1.0,0.5
440734,DDoS attacks-LOIC-HTTP,5,0.1111111111111111,-0.5833333333333334,-0.4444444444444444,0.20310069677158285,0.13353313353313354,0.1424800371175307,1.0,0.42857142857142855
440734,DDoS attacks-LOIC-HTTP,10,0.1111111111111111,-0.5046439628482973,-0.34640522875817,0.20310069677158285,0.13353313353313354,0.14476813009259373,0.5,0.8181818181818182
440734,DDoS attacks-LOIC-HTTP,20,0.21212121212121213,-0.5137032085561497,-0.4053030303030303,0.20310069677158285,0.13353313353313354,0.17931030390336447,0.2857142857142857,1.0
440950,DoS attacks-Hulk,3,0.2,0.09999999999999999,0.0,0.1252797835076316,0.07559107559107558,0.6346863468634687,1.0,0.2
440950,DoS attacks-Hulk,5,0.1111111111111111,-0.25,-0.2222222222222222,0.1252797835076316,0.07559107559107558,0.4965617445239432,1.0,0.42857142857142855
440950,DoS attacks-Hulk,10,0.05263157894736842,-0.5263157894736842,-0.40350877192982454,0.1252797835076316,0.07559107559107558,0.3614441988713819,1.0,0.8181818181818182
440950,DoS attacks-Hulk,20,0.17647058823529413,-0.45271199388846445,-0.31550802139037437,0.1252797835076316,0.07559107559107558,0.32629961398030305,0.6666666666666666,1.0
440968,Benign,3,0.2,-0.6,-0.39999999999999997,0.18448639967627312,0.11954711954711954,0.09963099630996312,1.0,1.0
440968,Benign,5,0.1111111111111111,-0.48333333333333334,-0.3888888888888889,0.18448639967627312,0.11954711954711954,0.1424800371175307,1.0,0.6666666666666666
440968,Benign,10,0.25,-0.10294117647058824,-0.09999999999999999,0.18448639967627312,0.11954711954711954,0.2714221493450936,0.5,0.8181818181818182
440968,Benign,20,0.25,-0.1689882697947214,-0.14919354838709678,0.18448639967627312,0.11954711954711954,0.2926386591962436,0.375,1.0
442254,Benign,3,0.2,0.0,-0.19999999999999998,0.47101000265557225,0.3266733266733267,0.6346863468634687,1.0,0.2
442254,Benign,5,0.25,-0.14285714285714288,-0.21428571428571427,0.47101000265557225,0.3266733266733267,0.5731093257795903,1.0,0.6666666666666666
442254,Benign,10,0.42857142857142855,-0.02417582417582418,-0.03296703296703297,0.47101000265557225,0.3266733266733267,0.5497583440230639,0.3333333333333333,0.8181818181818182
442254,Benign,20,0.42857142857142855,0.17515051997810618,0.07936507936507936,0.47101000265557225,0.3266733266733267,0.5673610293486999,0.4166666666666667,1.0
443482,DDOS attack-HOIC,3,0.2,-0.3,-0.19999999999999998,0.22593861834368162,0.1561771561771562,0.2656826568265683,1.0,0.2
443482,DDOS attack-HOIC,5,0.1111111111111111,-0.33333333333333337,-0.2222222222222222,0.22593861834368162,0.1561771561771562,0.2523674635540035,1.0,0.6666666666666666
443482,DDOS attack-HOIC,10,0.1111111111111111,-0.4262125902992776,-0.2941176470588236,0.22593861834368162,0.1561771561771562,0.22120191037102233,0.5,0.8181818181818182
443482,DDOS attack-HOIC,20,0.17647058823529413,-0.5202444614209321,-0.39393939393939403,0.22593861834368162,0.1561771561771562,0.21167301115845646,0.3333333333333333,1.0
443627,DoS attacks-Hulk,3,0.2,0.0,-0.19999999999999998,0.031854221727639444,0.010323010323010322,0.6346863468634687,1.0,0.5
443627,DoS attacks-Hulk,5,0.1111111111111111,-0.3,-0.3333333333333333,0.031854221727639444,0.010323010323010322,0.4965617445239432,1.0,0.42857142857142855
443627,DoS attacks-Hulk,10,0.1111111111111111,-0.3973168214654283,-0.25490196078431376,0.031854221727639444,0.010323010323010322,0.3747359036497853,0.5,0.6666666666666666
443627,DoS attacks-Hulk,20,0.17647058823529413,-0.35003819709702055,-0.23707664884135474,0.031854221727639444,0.010323010323010322,0.34875641726817036,0.6666666666666666,1.0
443890,DDOS attack-HOIC,3,0.2,-0.49999999999999994,-0.19999999999999998,0.2575272828437385,0.17815517815517817,0.09963099630996312,1.0,0.2
443890,DDOS attack-HOIC,5,0.1111111111111111,-0.6,-0.5,0.2575272828437385,0.17815517815517817,0.1424800371175307,1.0,0.6666666666666666
443890,DDOS attack-HOIC,10,0.05263157894736842,-0.543859649122807,-0.40350877192982454,0.2575272828437385,0.17815517815517817,0.13881990861717564,1.0,0.8181818181818182
443890,DDOS attack-HOIC,20,0.17647058823529413,-0.5688311688311688,-0.39393939393939403,0.2575272828437385,0.17815517815517817,0.1459262521644588,0.5,1.0
444547,DoS attacks-Slowloris,3,0.0,-0.6571428571428573,-0.4666666666666666,0.4105135370958155,0.28005328005328006,0.0,,0.5
444547,DoS attacks-Slowloris,5,0.25,-0.5476190476190477,-0.3571428571428571,0.4105135370958155,0.28005328005328006,0.10859075480452249,0.5,0.6666666666666666
444547,DoS attacks-Slowloris,10,0.25,-0.2735294117647059,-0.19999999999999998,0.4105135370958155,0.28005328005328006,0.22334833110618613,0.75,1.0
444547,DoS attacks-Slowloris,20,0.3333333333333333,-0.060734149054505006,-0.02528735632183908,0.4105135370958155,0.28005328005328006,0.27270887477255634,0.7,1.0
444581,SSH-Bruteforce,3,0.2,-0.6,-0.39999999999999997,0.2534806965186712,0.16550116550116553,0.09963099630996312,1.0,0.2
444581,SSH-Bruteforce,5,0.42857142857142855,-0.5,-0.33333333333333337,0.2534806965186712,0.16550116550116553,0.2510707919220532,0.6666666666666666,0.42857142857142855
444581,SSH-Bruteforce,10,0.25,0.011764705882352941,-0.06666666666666667,0.2534806965186712,0.16550116550116553,0.3548072287647562,0.75,0.8181818181818182
444581,SSH-Bruteforce,20,0.25,0.06378299120234603,0.060483870967741944,0.2534806965186712,0.16550116550116553,0.38240857104199105,0.625,1.0
445619,Brute Force -Web,3,0.2,0.0,-0.19999999999999998,0.33891425030665534,0.23543123543123542,0.6346863468634687,1.0,0.2
445619,Brute Force -Web,5,0.1111111111111111,-0.18333333333333335,-0.1111111111111111,0.33891425030665534,0.23543123543123542,0.4965617445239432,1.0,0.42857142857142855
445619,Brute Force -Web,10,0.17647058823529413,-0.2720588235294118,-0.2205882352941176,0.33891425030665534,0.23543123543123542,0.43315268733733264,1.0,0.8181818181818182
445619,Brute Force -Web,20,0.2903225806451613,-0.016532258064516133,-0.01935483870967742,0.33891425030665534,0.23543123543123542,0.45160220045106403,0.6666666666666666,1.0
445828,Benign,3,0.2,-0.49999999999999994,-0.39999999999999997,0.2549728752260398,0.16883116883116883,0.2656826568265683,1.0,0.2
445828,Benign,5,0.1111111111111111,-0.3666666666666667,-0.2777777777777778,0.2549728752260398,0.16883116883116883,0.2523674635540035,1.0,0.25
445828,Benign,10,0.17647058823529413,-0.38480392156862747,-0.2352941176470588,0.2549728752260398,0.16883116883116883,0.2363294859751721,0.6666666666666666,0.8181818181818182
445828,Benign,20,0.3333333333333333,-0.18487208008898778,-0.10344827586206898,0.2549728752260398,0.16883116883116883,0.28334226857726436,0.5,1.0
446683,DoS attacks-GoldenEye,3,0.2,0.09999999999999999,0.0,0.2103339698276407,0.15817515817515818,0.6346863468634687,1.0,0.5
446683,DoS attacks-GoldenEye,5,0.1111111111111111,-0.19999999999999998,-0.16666666666666666,0.2103339698276407,0.15817515817515818,0.4965617445239432,1.0,0.6666666666666666
446683,DoS attacks-GoldenEye,10,0.3333333333333333,-0.38214285714285706,-0.29523809523809524,0.2103339698276407,0.15817515817515818,0.4091034055077566,0.8,0.8181818181818182
446683,DoS attacks-GoldenEye,20,0.25,-0.1972140762463343,-0.1653225806451613,0.2103339698276407,0.15817515817515818,0.41461801730767406,0.5,1.0
448174,Infilteration,3,0.2,-0.6,-0.39999999999999997,0.31992058574337057,0.22477522477522477,0.09963099630996312,1.0,0.5
448174,Infilteration,5,0.1111111111111111,-0.48333333333333334,-0.3333333333333333,0.31992058574337057,0.22477522477522477,0.1424800371175307,1.0,0.25
448174,Infilteration,10,0.3333333333333333,-0.2321428571428571,-0.10476190476190476,0.31992058574337057,0.22477522477522477,0.22242484003396273,0.6,0.8181818181818182
448174,Infilteration,20,0.25,-0.05095307917888562,-0.028225806451612906,0.31992058574337057,0.22477522477522477,0.2801101955797347,0.5,1.0
450197,DoS attacks-Slowloris,3,0.0,-0.6,-0.3333333333333333,0.34212622820217753,0.21944721944721945,0.0,,0.2
450197,DoS attacks-Slowloris,5,0.1111111111111111,-0.5,-0.3333333333333333,0.34212622820217753,0.21944721944721945,0.076547581255647,1.0,0.42857142857142855
450197,DoS attacks-Slowloris,10,0.25,-0.37941176470588234,-0.2833333333333333,0.34212622820217753,0.21944721944721945,0.1731865695475323,0.75,0.8181818181818182
450197,DoS attacks-Slowloris,20,0.3333333333333333,-0.19688542825361513,-0.12183908045977011,0.34212622820217753,0.21944721944721945,0.22077865893912652,0.5,1.0
450421,FTP-BruteForce,3,0.2,0.19999999999999998,0.19999999999999998,0.20686908028680182,0.13886113886113888,0.6346863468634687,1.0,0.2
450421,FTP-BruteForce,5,0.1111111111111111,-0.15,-0.1111111111111111,0.20686908028680182,0.13886113886113888,0.4965617445239432,1.0,0.25
450421,FTP-BruteForce,10,0.05263157894736842,-0.5228070175438596,-0.43859649122807015,0.20686908028680182,0.13886113886113888,0.3614441988713819,1.0,0.8181818181818182
450421,FTP-BruteForce,20,0.21212121212121213,-0.37433155080213903,-0.2689393939393939,0.20686908028680182,0.13886113886113888,0.3396012654606957,0.42857142857142855,1.0
450725,Benign,3,0.2,-0.49999999999999994,-0.19999999999999998,0.3103858167149306,0.2141192141192141,0.09963099630996312,1.0,0.2
450725,Benign,5,0.25,-0.09523809523809526,0.0,0.3103858167149306,0.2141192141192141,0.2190276183731777,1.0,0.6666666666666666
450725,Benign,10,0.17647058823529413,-0.22549019607843138,-0.20588235294117643,0.3103858167149306,0.2141192141192141,0.2586566979562203,1.0,1.0
450725,Benign,20,0.25,-0.20527859237536655,-0.1653225806451613,0.3103858167149306,0.2141192141192141,0.28926370033787613,0.5,1.0
450779,Bot,3,0.0,-0.942857142857143,-0.8666666666666666,0.047964693534313776,0.022977022977022976,0.0,,0.2
450779,Bot,5,0.0,-0.9393939393939393,-0.8222222222222221,0.047964693534313776,0.022977022977022976,0.0,,0.42857142857142855
450779,Bot,10,0.05263157894736842,-0.7,-0.49707602339181284,0.047964693534313776,0.022977022977022976,0.03412738161028636,1.0,0.6666666666666666
450779,Bot,20,0.17647058823529413,-0.6440030557677616,-0.46167557932263825,0.047964693534313776,0.022977022977022976,0.06195068918907299,0.3333333333333333,1.0
451779,DoS attacks-Slowloris,3,0.0,-0.6571428571428573,-0.4666666666666666,0.3744736276381846,0.25607725607725607,0.0,,0.5
451779,DoS attacks-Slowloris,5,0.1111111111111111,-0.5,-0.3333333333333333,0.3744736276381846,0.25607725607725607,0.076547581255647,1.0,0.6666666666666666
451779,DoS attacks-Slowloris,10,0.25,-0.33529411764705885,-0.25,0.3744736276381846,0.25607725607725607,0.1866787630764299,0.75,0.6666666666666666
451779,DoS attacks-Slowloris,20,0.3333333333333333,-0.10389321468298107,-0.05287356321839081,0.3744736276381846,0.25607725607725607,0.24735394941342714,0.7,1.0
452015,DoS attacks-Slowloris,3,0.0,-0.6571428571428573,-0.4666666666666666,0.3139518709138962,0.22410922410922413,0.0,,0.5
452015,DoS attacks-Slowloris,5,0.1111111111111111,-0.5499999999999999,-0.3888888888888889,0.3139518709138962,0.22410922410922413,0.076547581255647,1.0,0.6666666666666666
452015,DoS attacks-Slowloris,10,0.3333333333333333,-0.39642857142857135,-0.2761904761904762,0.3139518709138962,0.22410922410922413,0.16586061390016726,0.8,0.8181818181818182
452015,DoS attacks-Slowloris,20,0.3333333333333333,-0.06162402669632924,-0.043678160919540236,0.3139518709138962,0.22410922410922413,0.24064990614469178,0.8,1.0
452263,DoS attacks-Hulk,3,0.2,0.09999999999999999,0.0,0.2527978350763161,0.1874791874791875,0.6346863468634687,1.0,0.5
452263,DoS attacks-Hulk,5,0.1111111111111111,-0.2833333333333333,-0.2777777777777778,0.2527978350763161,0.1874791874791875,0.4965617445239432,1.0,0.6666666666666666
452263,DoS attacks-Hulk,10,0.25,-0.37058823529411766,-0.3,0.2527978350763161,0.1874791874791875,0.4239908608642214,0.5,0.8181818181818182
452263,DoS attacks-Hulk,20,0.2903225806451613,-0.22943548387096774,-0.1655913978494624,0.2527978350763161,0.1874791874791875,0.4275051505349002,0.5555555555555556,1.0
452893,DoS attacks-Hulk,3,0.2,0.0,-0.19999999999999998,0.08850643027858215,0.055611055611055615,0.6346863468634687,1.0,0.5
452893,DoS attacks-Hulk,5,0.1111111111111111,-0.15,-0.1111111111111111,0.08850643027858215,0.055611055611055615,0.4965617445239432,1.0,0.6666666666666666
452893,DoS attacks-Hulk,10,0.1111111111111111,-0.42414860681114547,-0.34640522875817,0.08850643027858215,0.055611055611055615,0.4106816284301976,0.5,0.8181818181818182
452893,DoS attacks-Hulk,20,0.21212121212121213,-0.36330213903743314,-0.2803030303030303,0.08850643027858215,0.055611055611055615,0.3966657997794774,0.7142857142857143,1.0
453106,DoS attacks-Hulk,3,0.2,0.0,-0.19999999999999998,0.19098622896091252,0.11821511821511821,0.6346863468634687,1.0,0.5
453106,DoS attacks-Hulk,5,0.1111111111111111,-0.25,-0.2222222222222222,0.19098622896091252,0.11821511821511821,0.4965617445239432,1.0,0.6666666666666666
453106,DoS attacks-Hulk,10,0.1111111111111111,-0.41589267285861714,-0.30718954248366015,0.19098622896091252,0.11821511821511821,0.383915257778517,0.5,0.8181818181818182
453106,DoS attacks-Hulk,20,0.14285714285714285,-0.3708683473389356,-0.24369747899159663,0.19098622896091252,0.11821511821511821,0.3549831926764925,0.6,1.0
454267,DDoS attacks-LOIC-HTTP,3,0.0,-0.7714285714285715,-0.6,0.16137027529432593,0.10489510489510491,0.0,,0.2
454267,DDoS attacks-LOIC-HTTP,5,0.0,-0.8909090909090909,-0.7333333333333333,0.16137027529432593,0.10489510489510491,0.0,,0.1111111111111111
454267,DDoS attacks-LOIC-HTTP,10,0.0,-0.7894736842105263,-0.5894736842105264,0.16137027529432593,0.10489510489510491,0.0,,0.8181818181818182
454267,DDoS attacks-LOIC-HTTP,20,0.14285714285714285,-0.6574229691876752,-0.4689075630252101,0.16137027529432593,0.10489510489510491,0.04487040212414214,0.8,1.0
454565,Infilteration,3,0.0,-0.7714285714285715,-0.6,0.2788983168730004,0.18414918414918416,0.0,,0.2
454565,Infilteration,5,0.25,-0.7857142857142858,-0.6428571428571428,0.2788983168730004,0.18414918414918416,0.10859075480452249,1.0,0.42857142857142855
454565,Infilteration,10,0.3333333333333333,-0.13214285714285715,-0.06666666666666668,0.2788983168730004,0.18414918414918416,0.23664003588458957,0.6,0.8181818181818182
454565,Infilteration,20,0.25,-0.08651026392961875,-0.0685483870967742,0.2788983168730004,0.18414918414918416,0.28335157260549704,0.625,1.0
455558,DoS attacks-Hulk,3,0.2,0.0,-0.19999999999999998,0.03359931208032473,0.022977022977022976,0.6346863468634687,1.0,0.5
455558,DoS attacks-Hulk,5,0.1111111111111111,-0.33333333333333337,-0.3888888888888889,0.03359931208032473,0.022977022977022976,0.4965617445239432,1.0,0.6666666666666666
455558,DoS attacks-Hulk,10,0.05263157894736842,-0.4421052631578948,-0.3099415204678362,0.03359931208032473,0.022977022977022976,0.3614441988713819,1.0,0.6666666666666666
455558,DoS attacks-Hulk,20,0.21212121212121213,-0.44117647058823534,-0.30303030303030304,0.03359931208032473,0.022977022977022976,0.34129097653076435,0.5714285714285714,1.0
456521,Infilteration,3,0.0,-0.8857142857142858,-0.7333333333333333,0.23059219261750905,0.1694971694971695,0.0,,0.5
456521,Infilteration,5,0.25,-0.7142857142857144,-0.5714285714285714,0.23059219261750905,0.1694971694971695,0.10859075480452249,0.5,0.42857142857142855
456521,Infilteration,10,0.25,-0.36470588235294116,-0.2833333333333333,0.23059219261750905,0.1694971694971695,0.2068254936744692,0.5,0.8181818181818182
456521,Infilteration,20,0.21212121212121213,-0.20621657754010697,-0.18181818181818182,0.23059219261750905,0.1694971694971695,0.26367729935608525,0.5714285714285714,1.0
457110,Infilteration,3,0.0,-0.7714285714285715,-0.6,0.4369680951959432,0.3053613053613054,0.0,,0.5
457110,Infilteration,5,0.25,-0.5000000000000001,-0.2857142857142857,0.4369680951959432,0.3053613053613054,0.10859075480452249,1.0,0.25
457110,Infilteration,10,0.3333333333333333,-0.175,-0.08571428571428572,0.4369680951959432,0.3053613053613054,0.2201171984528726,0.4,1.0
457110,Infilteration,20,0.3333333333333333,0.03136818687430478,0.011494252873563218,0.4369680951959432,0.3053613053613054,0.29614236357196666,0.5,1.0
457772,DDOS attack-LOIC-UDP,3,0.0,-0.7142857142857143,-0.4666666666666666,0.7916008042590321,0.6789876789876791,0.0,,0.2
457772,DDOS attack-LOIC-UDP,5,0.25,-0.6666666666666669,-0.4999999999999999,0.7916008042590321,0.6789876789876791,0.10859075480452249,0.0,0.25
457772,DDOS attack-LOIC-UDP,10,0.1111111111111111,-0.4716202270381837,-0.3856209150326798,0.7916008042590321,0.6789876789876791,0.16674989058876474,0.0,0.8181818181818182
457772,DDOS attack-LOIC-UDP,20,0.2903225806451613,-0.41290322580645167,-0.24731182795698925,0.7916008042590321,0.6789876789876791,0.17721047799620498,0.0,1.0
458156,Benign,3,0.5,-0.39999999999999997,-0.3333333333333334,0.2914427344807091,0.2087912087912088,0.3653136531365314,1.0,0.5
458156,Benign,5,0.42857142857142855,0.21428571428571433,0.14285714285714288,0.2914427344807091,0.2087912087912088,0.47139508192718127,1.0,0.6666666666666666
458156,Benign,10,0.25,0.1323529411764706,0.13333333333333333,0.2914427344807091,0.2087912087912088,0.4782232262519906,0.75,0.8181818181818182
458156,Benign,20,0.25,-0.05828445747800586,-0.03225806451612904,0.2914427344807091,0.2087912087912088,0.45496023540560243,0.5,1.0
458210,Bot,3,0.0,-0.7714285714285715,-0.6,0.12712603851844356,0.08291708291708293,0.0,,0.2
458210,Bot,5,0.0,-0.8666666666666665,-0.6888888888888888,0.12712603851844356,0.08291708291708293,0.0,,0.25
458210,Bot,10,0.05263157894736842,-0.6754385964912282,-0.4619883040935673,0.12712603851844356,0.08291708291708293,0.03412738161028636,1.0,0.6666666666666666
458210,Bot,20,0.21212121212121213,-0.572192513368984,-0.37121212121212116,0.12712603851844356,0.08291708291708293,0.07012780226135838,0.42857142857142855,1.0
458435,DoS attacks-Hulk,3,0.2,0.09999999999999999,0.0,0.20047041566028906,0.1441891441891442,0.6346863468634687,1.0,0.5
458435,DoS attacks-Hulk,5,0.1111111111111111,-0.31666666666666665,-0.3333333333333333,0.20047041566028906,0.1441891441891442,0.4965617445239432,1.0,0.6666666666666666
458435,DoS attacks-Hulk,10,0.05263157894736842,-0.5035087719298245,-0.3684210526315789,0.20047041566028906,0.1441891441891442,0.3614441988713819,1.0,0.8181818181818182
458435,DoS attacks-Hulk,20,0.2903225806451613,-0.403225806451613,-0.28602150537634413,0.20047041566028906,0.1441891441891442,0.35037770795448314,0.5555555555555556,1.0
458576,DDoS attacks-LOIC-HTTP,3,0.0,-0.6571428571428573,-0.4666666666666666,0.37831788464699856,0.2707292707292707,0.0,,0.2
458576,DDoS attacks-LOIC-HTTP,5,0.1111111111111111,-0.7333333333333334,-0.5555555555555556,0.37831788464699856,0.2707292707292707,0.076547581255647,1.0,0.25
458576,DDoS attacks-LOIC-HTTP,10,0.25,-0.5852941176470587,-0.38333333333333336,0.37831788464699856,0.2707292707292707,0.13173323228988093,1.0,0.6666666666666666
458576,DDoS attacks-LOIC-HTTP,20,0.17647058823529413,-0.31703590527119935,-0.22281639928698754,0.37831788464699856,0.2707292707292707,0.18516815357861346,0.8333333333333334,1.0
459088,DoS attacks-GoldenEye,3,0.5,0.19999999999999998,0.0,0.3288989491521137,0.22544122544122544,0.7343173431734318,1.0,0.2
459088,DoS attacks-GoldenEye,5,0.42857142857142855,0.21428571428571433,0.14285714285714288,0.3288989491521137,0.22544122544122544,0.6710849551903494,1.0,0.42857142857142855
459088,DoS attacks-GoldenEye,10,0.17647058823529413,-0.056372549019607844,-0.08823529411764705,0.3288989491521137,0.22544122544122544,0.5696482676454125,1.0,0.6666666666666666
459088,DoS attacks-GoldenEye,20,0.3333333333333333,-0.1239154616240267,-0.11264367816091954,0.3288989491521137,0.22544122544122544,0.524699151147297,0.7,1.0
459692,SSH-Bruteforce,3,0.2,-0.49999999999999994,-0.39999999999999997,0.28031462208677393,0.19347319347319347,0.2656826568265683,1.0,0.5
459692,SSH-Bruteforce,5,0.1111111111111111,-0.26666666666666666,-0.1111111111111111,0.28031462208677393,0.19347319347319347,0.2523674635540035,1.0,0.42857142857142855
459692,SSH-Bruteforce,10,0.1111111111111111,-0.3663570691434469,-0.25490196078431376,0.28031462208677393,0.19347319347319347,0.24203758720290527,1.0,0.8181818181818182
459692,SSH-Bruteforce,20,0.25,-0.33284457478005863,-0.2580645161290323,0.28031462208677393,0.19347319347319347,0.2625059421211466,0.75,1.0
459739,Bot,3,0.2,-0.49999999999999994,-0.39999999999999997,0.1862314900289584,0.12420912420912421,0.2656826568265683,1.0,0.2
459739,Bot,5,0.1111111111111111,-0.6,-0.5555555555555556,0.1862314900289584,0.12420912420912421,0.2523674635540035,1.0,0.42857142857142855
459739,Bot,10,0.25,-0.5117647058823529,-0.41666666666666663,0.1862314900289584,0.12420912420912421,0.2869797050171754,0.5,0.6666666666666666
459739,Bot,20,0.14285714285714285,-0.3568627450980392,-0.253781512605042,0.1862314900289584,0.12420912420912421,0.2976534034077899,0.4,1.0
460189,FTP-BruteForce,3,0.5,-0.39999999999999997,-0.3333333333333334,0.28423475258918296,0.20013320013320016,0.3653136531365314,1.0,0.5
460189,FTP-BruteForce,5,0.25,0.11904761904761905,0.14285714285714285,0.28423475258918296,0.20013320013320016,0.3948475006715343,1.0,0.25
460189,FTP-BruteForce,10,0.25,-0.08823529411764705,-0.08333333333333334,0.28423475258918296,0.20013320013320016,0.38680571729549906,0.75,0.8181818181818182
460189,FTP-BruteForce,20,0.3333333333333333,-0.15906562847608455,-0.15402298850574714,0.28423475258918296,0.20013320013320016,0.40822993491413806,0.5,1.0
460214,DoS attacks-SlowHTTPTest,3,0.5,0.0,0.0,0.29053225255756904,0.20346320346320346,0.3653136531365314,1.0,0.5
460214,DoS attacks-SlowHTTPTest,5,0.25,0.1666666666666667,0.14285714285714285,0.29053225255756904,0.20346320346320346,0.3948475006715343,1.0,0.42857142857142855
460214,DoS attacks-SlowHTTPTest,10,0.3333333333333333,0.028571428571428564,0.04761904761904762,0.29053225255756904,0.20346320346320346,0.40496393680246817,1.0,0.6666666666666666
460214,DoS attacks-SlowHTTPTest,20,0.3333333333333333,-0.05272525027808676,-0.06206896551724138,0.29053225255756904,0.20346320346320346,0.41767269345383307,0.7,1.0
460217,SSH-Bruteforce,3,0.2,-0.3,-0.19999999999999998,0.16379822708936634,0.1148851148851149,0.2656826568265683,1.0,0.5
460217,SSH-Bruteforce,5,0.1111111111111111,-0.25,-0.16666666666666666,0.16379822708936634,0.1148851148851149,0.2523674635540035,1.0,0.6666666666666666
460217,SSH-Bruteforce,10,0.17647058823529413,-0.32843137254901966,-0.19117647058823525,0.16379822708936634,0.1148851148851149,0.2479858086783234,0.6666666666666666,0.8181818181818182
460217,SSH-Bruteforce,20,0.3333333333333333,-0.26585094549499444,-0.19999999999999998,0.16379822708936634,0.1148851148851149,0.27773082122917897,0.6,1.0
460443,Brute Force -XSS,3,0.0,-0.7714285714285715,-0.6,0.5152189582569329,0.39993339993339994,0.0,,0.0
460443,Brute Force -XSS,5,0.1111111111111111,-0.6333333333333333,-0.4444444444444444,0.5152189582569329,0.39993339993339994,0.076547581255647,0.0,0.42857142857142855
460443,Brute Force -XSS,10,0.17647058823529413,-0.4558823529411765,-0.3235294117647059,0.5152189582569329,0.39993339993339994,0.15255138146614355,0.0,0.6666666666666666
460443,Brute Force -XSS,20,0.25,-0.3684017595307918,-0.2903225806451613,0.5152189582569329,0.39993339993339994,0.20526016156548232,0.0,1.0
461083,Infilteration,3,0.0,-0.942857142857143,-0.8666666666666666,0.3528243907990743,0.2400932400932401,0.0,,0.2
461083,Infilteration,5,0.25,-0.8333333333333335,-0.7142857142857142,0.3528243907990743,0.2400932400932401,0.10859075480452249,1.0,0.42857142857142855
461083,Infilteration,10,0.25,-0.31764705882352945,-0.2333333333333333,0.3528243907990743,0.2400932400932401,0.2068254936744692,0.5,0.8181818181818182
461083,Infilteration,20,0.25,-0.11950146627565982,-0.08064516129032259,0.3528243907990743,0.2400932400932401,0.2638039035407715,0.5,1.0
462813,Brute Force -Web,3,0.0,-0.8285714285714287,-0.7333333333333333,0.11007979362409742,0.0695970695970696,0.0,,0.0
462813,Brute Force -Web,5,0.0,-0.7818181818181817,-0.6,0.11007979362409742,0.0695970695970696,0.0,,0.1111111111111111
462813,Brute Force -Web,10,0.05263157894736842,-0.7456140350877193,-0.543859649122807,0.11007979362409742,0.0695970695970696,0.022471058907135067,0.0,0.8181818181818182
462813,Brute Force -Web,20,0.14285714285714285,-0.5896358543417367,-0.4050420168067227,0.11007979362409742,0.0695970695970696,0.06325728079959916,0.4,1.0
463354,DoS attacks-GoldenEye,3,0.2,-0.3,-0.19999999999999998,0.31385070625576955,0.21744921744921744,0.2656826568265683,1.0,0.5
463354,DoS attacks-GoldenEye,5,0.25,-0.1666666666666667,-0.21428571428571427,0.31385070625576955,0.21744921744921744,0.32891504480965056,1.0,0.42857142857142855
463354,DoS attacks-GoldenEye,10,0.25,-0.14705882352941177,-0.13333333333333333,0.31385070625576955,0.21744921744921744,0.36046158705876247,1.0,0.8181818181818182
463354,DoS attacks-GoldenEye,20,0.2903225806451613,-0.1641129032258065,-0.13978494623655915,0.31385070625576955,0.21744921744921744,0.3623935465826778,0.8888888888888888,1.0
463389,DDOS attack-LOIC-UDP,3,0.0,-0.7142857142857143,-0.4666666666666666,0.7850503926453293,0.668997668997669,0.0,,0.0
463389,DDOS attack-LOIC-UDP,5,0.1111111111111111,-0.65,-0.5,0.7850503926453293,0.668997668997669,0.076547581255647,0.0,0.25
463389,DDOS attack-LOIC-UDP,10,0.05263157894736842,-0.6105263157894737,-0.48538011695906425,0.7850503926453293,0.668997668997669,0.09736573043190963,0.0,0.8181818181818182
463389,DDOS attack-LOIC-UDP,20,0.2903225806451613,-0.4991935483870968,-0.31182795698924737,0.7850503926453293,0.668997668997669,0.11569351665841787,0.0,1.0
464264,DDOS attack-HOIC,3,0.2,0.09999999999999999,0.0,0.16958990376711894,0.10422910422910424,0.6346863468634687,1.0,0.2
464264,DDOS attack-HOIC,5,0.1111111111111111,-0.2333333333333333,-0.2222222222222222,0.16958990376711894,0.10422910422910424,0.4965617445239432,1.0,0.42857142857142855
464264,DDOS attack-HOIC,10,0.1111111111111111,-0.4406604747162023,-0.30718954248366015,0.16958990376711894,0.10422910422910424,0.3673924203468,1.0,0.8181818181818182
464264,DDOS attack-HOIC,20,0.14285714285714285,-0.5663865546218487,-0.4218487394957983,0.16958990376711894,0.10422910422910424,0.3162906919929257,0.4,1.0
464916,DDOS attack-HOIC,3,0.2,0.09999999999999999,0.0,0.21835126898418034,0.1481851481851482,0.6346863468634687,1.0,0.2
464916,DDOS attack-HOIC,5,0.1111111111111111,-0.2333333333333333,-0.2222222222222222,0.21835126898418034,0.1481851481851482,0.4965617445239432,1.0,0.42857142857142855
464916,DDOS attack-HOIC,10,0.05263157894736842,-0.5508771929824561,-0.47368421052631576,0.21835126898418034,0.1481851481851482,0.3614441988713819,1.0,0.8181818181818182
464916,DDOS attack-HOIC,20,0.17647058823529413,-0.493659281894576,-0.33333333333333337,0.21835126898418034,0.1481851481851482,0.31370393362793886,0.3333333333333333,1.0
465013,DDoS attacks-LOIC-HTTP,3,0.2,0.0,-0.19999999999999998,0.21865476295856043,0.15218115218115216,0.6346863468634687,1.0,0.5
465013,DDoS attacks-LOIC-HTTP,5,0.1111111111111111,-0.26666666666666666,-0.2777777777777778,0.21865476295856043,0.15218115218115216,0.4965617445239432,1.0,0.6666666666666666
465013,DDoS attacks-LOIC-HTTP,10,0.17647058823529413,-0.40441176470588236,-0.30882352941176466,0.21865476295856043,0.15218115218115216,0.389863479253935,0.3333333333333333,1.0
465013,DDoS attacks-LOIC-HTTP,20,0.25,-0.4523460410557184,-0.35080645161290325,0.21865476295856043,0.15218115218115216,0.35917670381731104,0.5,1.0
465025,DDoS attacks-LOIC-HTTP,3,0.2,-0.49999999999999994,-0.39999999999999997,0.19644912049975338,0.1262071262071262,0.2656826568265683,1.0,0.5
465025,DDoS attacks-LOIC-HTTP,5,0.1111111111111111,-0.5166666666666667,-0.4444444444444444,0.19644912049975338,0.1262071262071262,0.2523674635540035,1.0,0.42857142857142855
465025,DDoS attacks-LOIC-HTTP,10,0.1111111111111111,-0.5479876160990712,-0.46405228758169936,0.19644912049975338,0.1262071262071262,0.22120191037102233,0.5,0.8181818181818182
465025,DDoS attacks-LOIC-HTTP,20,0.21212121212121213,-0.44217914438502676,-0.36363636363636365,0.19644912049975338,0.1262071262071262,0.249896592140268,0.2857142857142857,1.0
465061,Brute Force -Web,3,0.0,-0.7714285714285715,-0.6,0.09844585793952881,0.05827505827505828,0.0,,0.0
465061,Brute Force -Web,5,0.0,-0.6484848484848483,-0.4222222222222222,0.09844585793952881,0.05827505827505828,0.0,,0.1111111111111111
465061,Brute Force -Web,10,0.0,-0.7233082706766917,-0.4842105263157895,0.09844585793952881,0.05827505827505828,0.0,,0.8181818181818182
465061,Brute Force -Web,20,0.1111111111111111,-0.6157014157014158,-0.39047619047619053,0.09844585793952881,0.05827505827505828,0.03453892982360172,0.5,1.0
465189,DoS attacks-Slowloris,3,0.0,-0.6,-0.3333333333333333,0.385652322361183,0.26073926073926074,0.0,,0.2
465189,DoS attacks-Slowloris,5,0.1111111111111111,-0.5333333333333333,-0.3888888888888889,0.385652322361183,0.26073926073926074,0.076547581255647,1.0,0.42857142857142855
465189,DoS attacks-Slowloris,10,0.3333333333333333,-0.35,-0.29523809523809524,0.385652322361183,0.26073926073926074,0.19997046785483336,0.6,1.0
465189,DoS attacks-Slowloris,20,0.2903225806451613,-0.11532258064516131,-0.06666666666666668,0.385652322361183,0.26073926073926074,0.2523910933808682,0.5555555555555556,1.0
465399,FTP-BruteForce,3,0.2,0.19999999999999998,0.19999999999999998,0.2950593710087381,0.20612720612720611,0.6346863468634687,1.0,0.5
465399,FTP-BruteForce,5,0.1111111111111111,-0.21666666666666667,-0.16666666666666666,0.2950593710087381,0.20612720612720611,0.4965617445239432,1.0,0.25
465399,FTP-BruteForce,10,0.17647058823529413,-0.32352941176470595,-0.2205882352941176,0.2950593710087381,0.20612720612720611,0.39720696255692034,1.0,1.0
465399,FTP-BruteForce,20,0.3793103448275862,-0.2177339901477832,-0.1625615763546798,0.2950593710087381,0.20612720612720611,0.40671336637131483,0.36363636363636365,1.0
465523,Infilteration,3,0.5,0.6000000000000001,0.3333333333333334,0.2912909874935191,0.20013320013320016,0.5313653136531366,1.0,0.5
465523,Infilteration,5,0.42857142857142855,0.5714285714285715,0.4285714285714286,0.2912909874935191,0.20013320013320016,0.5812825083636541,0.6666666666666666,0.42857142857142855
465523,Infilteration,10,0.25,0.0411764705882353,-0.016666666666666666,0.2912909874935191,0.20013320013320016,0.5191343630925656,0.5,0.8181818181818182
465523,Infilteration,20,0.25,-0.2063782991202346,-0.15725806451612906,0.2912909874935191,0.20013320013320016,0.4749484013720139,0.5,1.0
466524,Bot,3,0.0,-0.942857142857143,-0.8666666666666666,0.05972508504154073,0.040293040293040296,0.0,,0.5
466524,Bot,5,0.0,-0.8666666666666665,-0.6888888888888888,0.05972508504154073,0.040293040293040296,0.0,,0.25
466524,Bot,10,0.0,-0.7458646616541353,-0.5368421052631579,0.05972508504154073,0.040293040293040296,0.0,,0.6666666666666666
466524,Bot,20,0.17647058823529413,-0.5618029029793735,-0.39750445632798576,0.05972508504154073,0.040293040293040296,0.05112523226172589,0.6666666666666666,1.0
466908,SSH-Bruteforce,3,0.2,-0.49999999999999994,-0.39999999999999997,0.34263205149281095,0.24741924741924742,0.2656826568265683,1.0,0.5
466908,SSH-Bruteforce,5,0.1111111111111111,-0.35,-0.2222222222222222,0.34263205149281095,0.24741924741924742,0.2523674635540035,1.0,0.42857142857142855
466908,SSH-Bruteforce,10,0.17647058823529413,-0.28921568627450983,-0.1764705882352941,0.34263205149281095,0.24741924741924742,0.2645086461100403,1.0,0.8181818181818182
466908,SSH-Bruteforce,20,0.25,-0.2730938416422287,-0.17741935483870971,0.34263205149281095,0.24741924741924742,0.28131107708442343,0.625,1.0
467947,DDoS attacks-LOIC-HTTP,3,0.2,-0.49999999999999994,-0.19999999999999998,0.05517267542583998,0.04162504162504163,0.09963099630996312,1.0,0.2
467947,DDoS attacks-LOIC-HTTP,5,0.1111111111111111,-0.5166666666666667,-0.3888888888888889,0.05517267542583998,0.04162504162504163,0.1424800371175307,1.0,0.42857142857142855
467947,DDoS attacks-LOIC-HTTP,10,0.05263157894736842,-0.5842105263157895,-0.4619883040935673,0.05517267542583998,0.04162504162504163,0.13881990861717564,1.0,1.0
467947,DDoS attacks-LOIC-HTTP,20,0.21212121212121213,-0.5772058823529412,-0.44318181818181823,0.05517267542583998,0.04162504162504163,0.15752574948375958,0.42857142857142855,1.0
468844,Benign,3,0.2,-0.7,-0.6,0.17899821697290053,0.11821511821511821,0.09963099630996312,1.0,0.2
468844,Benign,5,0.1111111111111111,-0.33333333333333337,-0.16666666666666666,0.17899821697290053,0.11821511821511821,0.1424800371175307,1.0,0.25
468844,Benign,10,0.1111111111111111,-0.47368421052631576,-0.35947712418300654,0.17899821697290053,0.11821511821511821,0.18805733817599143,0.5,0.8181818181818182
468844,Benign,20,0.21212121212121213,-0.3198529411764706,-0.2121212121212121,0.17899821697290053,0.11821511821511821,0.2140433127161163,0.5714285714285714,1.0
468943,DDOS attack-LOIC-UDP,3,0.0,-0.7142857142857143,-0.4666666666666666,0.7889705231477382,0.672993672993673,0.0,,0.2
468943,DDOS attack-LOIC-UDP,5,0.25,-0.523809523809524,-0.3571428571428571,0.7889705231477382,0.672993672993673,0.153095162511294,0.0,0.25
468943,DDOS attack-LOIC-UDP,10,0.1111111111111111,-0.49638802889576883,-0.46405228758169936,0.7889705231477382,0.672993672993673,0.19473146086381926,0.0,0.8181818181818182
468943,DDOS attack-LOIC-UDP,20,0.2903225806451613,-0.4326612903225807,-0.28602150537634413,0.7889705231477382,0.672993672993673,0.19795787740816548,0.0,1.0
469503,DoS attacks-GoldenEye,3,0.2,0.09999999999999999,0.0,0.28155388914882584,0.19080919080919082,0.6346863468634687,1.0,0.5
469503,DoS attacks-GoldenEye,5,0.1111111111111111,-0.13333333333333333,-0.05555555555555555,0.28155388914882584,0.19080919080919082,0.4965617445239432,1.0,0.42857142857142855
469503,DoS attacks-GoldenEye,10,0.3333333333333333,-0.2785714285714285,-0.18095238095238098,0.28155388914882584,0.19080919080919082,0.42810321151389313,0.8,0.8181818181818182
469503,DoS attacks-GoldenEye,20,0.2903225806451613,-0.1342741935483871,-0.12688172043010754,0.28155388914882584,0.19080919080919082,0.42827064739205556,0.6666666666666666,1.0
470208,Infilteration,3,0.0,-0.7714285714285715,-0.6,0.3315545214279391,0.23476523476523478,0.0,,0.5
470208,Infilteration,5,0.25,-0.7619047619047621,-0.5714285714285714,0.3315545214279391,0.23476523476523478,0.06408634709775098,1.0,1.0
470208,Infilteration,10,0.3333333333333333,-0.3142857142857143,-0.21904761904761905,0.3315545214279391,0.23476523476523478,0.2072456761263475,0.4,0.8181818181818182
470208,Infilteration,20,0.3333333333333333,-0.026918798665183537,-0.03448275862068966,0.3315545214279391,0.23476523476523478,0.29845217569809057,0.3,1.0
470293,Bot,3,0.2,-0.3,-0.19999999999999998,0.08175368934862605,0.04828504828504829,0.2656826568265683,1.0,0.2
470293,Bot,5,0.1111111111111111,-0.5833333333333334,-0.5555555555555556,0.08175368934862605,0.04828504828504829,0.2523674635540035,1.0,0.42857142857142855
470293,Bot,10,0.17647058823529413,-0.6053921568627452,-0.5441176470588235,0.08175368934862605,0.04828504828504829,0.26309585662685286,0.3333333333333333,0.6666666666666666
470293,Bot,20,0.14285714285714285,-0.5140056022408964,-0.39495798319327735,0.08175368934862605,0.04828504828504829,0.2633219250415963,0.6,1.0
470325,Brute Force -Web,3,0.2,0.09999999999999999,0.0,0.21855359830043375,0.15218115218115216,0.6346863468634687,1.0,0.2
470325,Brute Force -Web,5,0.1111111111111111,-0.26666666666666666,-0.2777777777777778,0.21855359830043375,0.15218115218115216,0.4965617445239432,1.0,0.42857142857142855
470325,Brute Force -Web,10,0.25,-0.26176470588235295,-0.2333333333333333,0.21855359830043375,0.15218115218115216,0.4556237462444677,1.0,0.6666666666666666
470325,Brute Force -Web,20,0.2903225806451613,-0.2395161290322581,-0.20860215053763445,0.21855359830043375,0.15218115218115216,0.43450317801601573,0.7777777777777778,1.0
470562,DoS attacks-Hulk,3,0.2,0.0,-0.19999999999999998,0.02067552700464093,0.006327006327006327,0.6346863468634687,1.0,0.2
470562,DoS attacks-Hulk,5,0.1111111111111111,-0.21666666666666667,-0.2222222222222222,0.02067552700464093,0.006327006327006327,0.4965617445239432,1.0,0.42857142857142855
470562,DoS attacks-Hulk,10,0.1111111111111111,-0.48194014447884415,-0.35947712418300654,0.02067552700464093,0.006327006327006327,0.3747359036497853,1.0,0.8181818181818182
470562,DoS attacks-Hulk,20,0.14285714285714285,-0.4605042016806723,-0.3277310924369748,0.02067552700464093,0.006327006327006327,0.33385022066923137,0.8,1.0
471104,Infilteration,3,0.0,-0.7714285714285715,-0.6,0.30912125848834704,0.21678321678321677,0.0,,0.5
471104,Infilteration,5,0.25,-0.7619047619047621,-0.5714285714285714,0.30912125848834704,0.21678321678321677,0.06408634709775098,0.5,0.42857142857142855
471104,Infilteration,10,0.25,-0.4323529411764706,-0.3666666666666667,0.30912125848834704,0.21678321678321677,0.20129745465092938,0.5,0.8181818181818182
471104,Infilteration,20,0.2903225806451613,-0.1528225806451613,-0.11397849462365593,0.30912125848834704,0.21678321678321677,0.26694663715009903,0.5555555555555556,1.0
471531,DoS attacks-Slowloris,3,0.2,0.09999999999999999,0.0,-0.058334070992298835,-0.036297036297036296,0.6346863468634687,1.0,0.2
471531,DoS attacks-Slowloris,5,0.1111111111111111,-0.3666666666666667,-0.4444444444444444,-0.058334070992298835,-0.036297036297036296,0.4965617445239432,1.0,0.6666666666666666
471531,DoS attacks-Slowloris,10,0.05263157894736842,-0.4350877192982456,-0.28654970760233917,-0.058334070992298835,-0.036297036297036296,0.3614441988713819,1.0,0.8181818181818182
471531,DoS attacks-Slowloris,20,0.21212121212121213,-0.46891711229946526,-0.3181818181818182,-0.058334070992298835,-0.036297036297036296,0.31823337541183716,0.42857142857142855,1.0
472333,DoS attacks-SlowHTTPTest,3,0.2,0.09999999999999999,0.0,0.2829196120335361,0.19547119547119546,0.6346863468634687,1.0,0.2
472333,DoS attacks-SlowHTTPTest,5,0.1111111111111111,-0.26666666666666666,-0.2777777777777778,0.2829196120335361,0.19547119547119546,0.4965617445239432,1.0,0.42857142857142855
472333,DoS attacks-SlowHTTPTest,10,0.25,-0.37058823529411766,-0.26666666666666666,0.2829196120335361,0.19547119547119546,0.40315518403233847,0.5,0.8181818181818182
472333,DoS attacks-SlowHTTPTest,20,0.3333333333333333,-0.30055617352614017,-0.23218390804597702,0.2829196120335361,0.19547119547119546,0.40666803340015956,0.3,1.0
472733,Infilteration,3,0.0,-0.7714285714285715,-0.6,0.2415685580242542,0.16683316683316685,0.0,,0.2
472733,Infilteration,5,0.1111111111111111,-0.65,-0.5,0.2415685580242542,0.16683316683316685,0.076547581255647,1.0,0.25
472733,Infilteration,10,0.25,-0.29411764705882354,-0.2333333333333333,0.2415685580242542,0.16683316683316685,0.20320160050814687,0.75,0.6666666666666666
472733,Infilteration,20,0.25,-0.1950146627565982,-0.1370967741935484,0.2415685580242542,0.16683316683316685,0.24198212813981568,0.625,1.0
473231,DoS attacks-SlowHTTPTest,3,0.5,0.39999999999999997,0.3333333333333334,0.3474626639183601,0.23942723942723942,0.7343173431734318,1.0,0.5
473231,DoS attacks-SlowHTTPTest,5,0.25,0.14285714285714288,0.07142857142857142,0.3474626639183601,0.23942723942723942,0.6390417816414738,1.0,0.25
473231,DoS attacks-SlowHTTPTest,10,0.3333333333333333,-0.075,-0.04761904761904762,0.3474626639183601,0.23942723942723942,0.5419750926495139,1.0,0.6666666666666666
473231,DoS attacks-SlowHTTPTest,20,0.3333333333333333,-0.017130144605116793,0.0022988505747126436,0.3474626639183601,0.23942723942723942,0.5236244087120924,0.6,1.0
473975,SSH-Bruteforce,3,0.2,-0.49999999999999994,-0.39999999999999997,0.2064391304897634,0.14951714951714953,0.2656826568265683,1.0,0.5
473975,SSH-Bruteforce,5,0.1111111111111111,-0.2833333333333333,-0.16666666666666666,0.2064391304897634,0.14951714951714953,0.2523674635540035,1.0,0.42857142857142855
473975,SSH-Bruteforce,10,0.1111111111111111,-0.3622291021671827,-0.24183006535947715,0.2064391304897634,0.14951714951714953,0.24203758720290527,1.0,0.8181818181818182
473975,SSH-Bruteforce,20,0.25,-0.37903225806451607,-0.2943548387096775,0.2064391304897634,0.14951714951714953,0.2547562184411934,0.875,1.0
474070,DoS attacks-Slowloris,3,0.0,-0.6571428571428573,-0.4666666666666666,0.36347197106690776,0.2547452547452548,0.0,,0.2
474070,DoS attacks-Slowloris,5,0.25,-0.4761904761904762,-0.3571428571428571,0.36347197106690776,0.2547452547452548,0.10859075480452249,1.0,0.42857142857142855
474070,DoS attacks-Slowloris,10,0.25,-0.2735294117647059,-0.25,0.36347197106690776,0.2547452547452548,0.21416897697745446,0.75,0.6666666666666666
474070,DoS attacks-Slowloris,20,0.2903225806451613,-0.14233870967741935,-0.08387096774193549,0.36347197106690776,0.2547452547452548,0.26250060622665694,0.5555555555555556,1.0
474577,Benign,3,0.2,-0.19999999999999998,-0.19999999999999998,0.3186813186813187,0.22144522144522147,0.2656826568265683,1.0,0.5
474577,Benign,5,0.25,-0.1666666666666667,-0.07142857142857142,0.3186813186813187,0.22144522144522147,0.28441063710287906,1.0,0.6666666666666666
474577,Benign,10,0.17647058823529413,-0.20098039215686278,-0.1764705882352941,0.3186813186813187,0.22144522144522147,0.3265317953082898,0.6666666666666666,0.8181818181818182
474577,Benign,20,0.17647058823529413,-0.3234530175706646,-0.24064171122994657,0.3186813186813187,0.22144522144522147,0.3071457483998172,0.6666666666666666,1.0
474715,DDOS attack-HOIC,3,0.2,0.09999999999999999,0.0,0.1380518215961254,0.08358308358308358,0.6346863468634687,1.0,0.2
474715,DDOS attack-HOIC,5,0.1111111111111111,-0.26666666666666666,-0.2777777777777778,0.1380518215961254,0.08358308358308358,0.4965617445239432,1.0,0.25
474715,DDOS attack-HOIC,10,0.1111111111111111,-0.41589267285861714,-0.30718954248366015,0.1380518215961254,0.08358308358308358,0.383915257778517,1.0,0.8181818181818182
474715,DDOS attack-HOIC,20,0.14285714285714285,-0.5669467787114847,-0.4218487394957983,0.1380518215961254,0.08358308358308358,0.32835569291078154,0.4,1.0
475209,DDoS attacks-LOIC-HTTP,3,0.2,-0.6,-0.39999999999999997,0.13944283564536727,0.09890109890109891,0.09963099630996312,1.0,0.5
475209,DDoS attacks-LOIC-HTTP,5,0.1111111111111111,-0.5833333333333334,-0.4444444444444444,0.13944283564536727,0.09890109890109891,0.1424800371175307,1.0,0.42857142857142855
475209,DDoS attacks-LOIC-HTTP,10,0.1111111111111111,-0.6099071207430341,-0.46405228758169936,0.13944283564536727,0.09890109890109891,0.15211161339557905,0.5,0.8181818181818182
475209,DDoS attacks-LOIC-HTTP,20,0.14285714285714285,-0.5168067226890757,-0.3815126050420168,0.13944283564536727,0.09890109890109891,0.18400784204384685,0.6,1.0
476206,Brute Force -XSS,3,0.0,-0.7714285714285715,-0.6,0.5129174622845508,0.39726939726939725,0.0,,0.2
476206,Brute Force -XSS,5,0.25,-0.6190476190476191,-0.42857142857142855,0.5129174622845508,0.39726939726939725,0.10859075480452249,0.0,0.42857142857142855
476206,Brute Force -XSS,10,0.17647058823529413,-0.3823529411764707,-0.2647058823529411,0.5129174622845508,0.39726939726939725,0.17269811206418287,0.0,0.6666666666666666
476206,Brute Force -XSS,20,0.25,-0.3782991202346041,-0.310483870967742,0.5129174622845508,0.39726939726939725,0.21643775435772636,0.0,1.0
476336,Brute Force -XSS,3,0.0,-0.7714285714285715,-0.6,0.511147080767334,0.3986013986013986,0.0,,0.2
476336,Brute Force -XSS,5,0.25,-0.6190476190476191,-0.42857142857142855,0.511147080767334,0.3986013986013986,0.10859075480452249,0.0,0.42857142857142855
476336,Brute Force -XSS,10,0.17647058823529413,-0.3823529411764707,-0.2647058823529411,0.511147080767334,0.3986013986013986,0.17269811206418287,0.0,0.6666666666666666
476336,Brute Force -XSS,20,0.25,-0.3647360703812316,-0.2903225806451613,0.511147080767334,0.3986013986013986,0.2201982891420939,0.0,1.0
476676,DoS attacks-SlowHTTPTest,3,0.5,0.39999999999999997,0.3333333333333334,0.4056829246702664,0.2893772893772894,0.7343173431734318,1.0,0.5
476676,DoS attacks-SlowHTTPTest,5,0.25,0.19047619047619052,0.14285714285714285,0.4056829246702664,0.2893772893772894,0.6390417816414738,1.0,0.25
476676,DoS attacks-SlowHTTPTest,10,0.25,-0.12058823529411765,-0.06666666666666667,0.4056829246702664,0.2893772893772894,0.5286833878711106,1.0,0.8181818181818182
476676,DoS attacks-SlowHTTPTest,20,0.3333333333333333,-0.10478309232480533,-0.06206896551724138,0.4056829246702664,0.2893772893772894,0.49932940868704795,0.5,1.0
476835,DDOS attack-LOIC-UDP,3,0.0,-0.7142857142857143,-0.4666666666666666,0.7890211054768016,0.672993672993673,0.0,,0.2
476835,DDOS attack-LOIC-UDP,5,0.25,-0.523809523809524,-0.3571428571428571,0.7890211054768016,0.672993672993673,0.153095162511294,0.0,0.25
476835,DDOS attack-LOIC-UDP,10,0.1111111111111111,-0.4633642930856553,-0.411764705882353,0.7890211054768016,0.672993672993673,0.19473146086381926,0.0,0.8181818181818182
476835,DDOS attack-LOIC-UDP,20,0.2903225806451613,-0.4391129032258065,-0.28602150537634413,0.7890211054768016,0.672993672993673,0.19525208473563704,0.0,1.0
477610,DoS attacks-GoldenEye,3,0.2,0.19999999999999998,0.19999999999999998,0.30833723238786526,0.2141192141192141,0.6346863468634687,1.0,0.2
477610,DoS attacks-GoldenEye,5,0.1111111111111111,-0.11666666666666665,0.0,0.30833723238786526,0.2141192141192141,0.4965617445239432,1.0,0.25
477610,DoS attacks-GoldenEye,10,0.1111111111111111,-0.44685242518059853,-0.30718954248366015,0.30833723238786526,0.2141192141192141,0.3673924203468,1.0,0.8181818181818182
477610,DoS attacks-GoldenEye,20,0.17647058823529413,-0.2595874713521772,-0.11942959001782533,0.30833723238786526,0.2141192141192141,0.3450414227501558,1.0,1.0
477734,DDoS attacks-LOIC-HTTP,3,0.0,-0.6,-0.3333333333333333,0.31825136888428024,0.21744921744921744,0.0,,0.2
477734,DDoS attacks-LOIC-HTTP,5,0.1111111111111111,-0.6166666666666666,-0.4444444444444444,0.31825136888428024,0.21744921744921744,0.076547581255647,1.0,0.25
477734,DDoS attacks-LOIC-HTTP,10,0.17647058823529413,-0.38480392156862747,-0.2352941176470588,0.31825136888428024,0.21744921744921744,0.13312849411744812,1.0,0.6666666666666666
477734,DDoS attacks-LOIC-HTTP,20,0.17647058823529413,-0.3674560733384262,-0.24777183600713015,0.31825136888428024,0.21744921744921744,0.1654798637500544,0.6666666666666666,1.0
477804,Benign,3,0.0,-0.7714285714285715,-0.6,0.4341860670974595,0.2893772893772894,0.0,,0.2
477804,Benign,5,0.0,-0.7696969696969697,-0.6,0.4341860670974595,0.2893772893772894,0.0,,0.42857142857142855
477804,Benign,10,0.3333333333333333,-0.8035714285714284,-0.6190476190476191,0.4341860670974595,0.2893772893772894,0.060950911414778125,0.8,0.8181818181818182
477804,Benign,20,0.42857142857142855,0.04433497536945813,0.021164021164021163,0.4341860670974595,0.2893772893772894,0.20772150536443584,0.75,1.0
478158,Benign,3,0.2,-0.7999999999999999,-0.6,0.4075291796810784,0.2927072927072927,0.09963099630996312,0.0,0.2
478158,Benign,5,0.1111111111111111,-0.5499999999999999,-0.3888888888888889,0.4075291796810784,0.2927072927072927,0.1424800371175307,0.0,0.6666666666666666
478158,Benign,10,0.3333333333333333,-0.23928571428571427,-0.18095238095238098,0.4075291796810784,0.2927072927072927,0.26712683760054795,0.4,0.8181818181818182
478158,Benign,20,0.3333333333333333,-0.10522803114571745,-0.0896551724137931,0.4075291796810784,0.2927072927072927,0.31197489263022166,0.5,1.0
478730,DDOS attack-LOIC-UDP,3,0.0,-0.7142857142857143,-0.4666666666666666,0.7881612058827248,0.6743256743256744,0.0,,0.0
478730,DDOS attack-LOIC-UDP,5,0.1111111111111111,-0.6666666666666667,-0.5,0.7881612058827248,0.6743256743256744,0.076547581255647,0.0,0.25
478730,DDOS attack-LOIC-UDP,10,0.1111111111111111,-0.5252837977296182,-0.3856209150326798,0.7881612058827248,0.6743256743256744,0.11065743521031306,0.0,0.8181818181818182
478730,DDOS attack-LOIC-UDP,20,0.2903225806451613,-0.4633064516129032,-0.2774193548387097,0.7881612058827248,0.6743256743256744,0.1356197965478587,0.0,1.0
480588,Benign,3,0.0,-0.5428571428571429,-0.2,0.39372020384678613,0.2733932733932734,0.0,,0.0
480588,Benign,5,0.42857142857142855,-0.28571428571428575,-0.04761904761904762,0.39372020384678613,0.2733932733932734,0.1851383360601695,1.0,0.6666666666666666
480588,Benign,10,0.3333333333333333,0.06428571428571428,0.04761904761904762,0.39372020384678613,0.2733932733932734,0.3358241094866252,0.8,0.8181818181818182
480588,Benign,20,0.3333333333333333,0.01846496106785317,-0.0022988505747126436,0.39372020384678613,0.2733932733932734,0.3858806401786524,0.4,1.0
481014,SSH-Bruteforce,3,0.2,-0.49999999999999994,-0.39999999999999997,0.0981170728006171,0.0675990675990676,0.2656826568265683,1.0,0.5
481014,SSH-Bruteforce,5,0.1111111111111111,-0.31666666666666665,-0.16666666666666666,0.0981170728006171,0.0675990675990676,0.2523674635540035,1.0,0.25
481014,SSH-Bruteforce,10,0.1111111111111111,-0.3353973168214654,-0.18954248366013074,0.0981170728006171,0.0675990675990676,0.24203758720290527,1.0,0.6666666666666666
481014,SSH-Bruteforce,20,0.21212121212121213,-0.31885026737967914,-0.20454545454545456,0.0981170728006171,0.0675990675990676,0.24361055662662187,0.7142857142857143,1.0
481737,SSH-Bruteforce,3,0.2,-0.49999999999999994,-0.39999999999999997,0.18888706230478383,0.12753912753912755,0.2656826568265683,1.0,0.5
481737,SSH-Bruteforce,5,0.1111111111111111,-0.3,-0.16666666666666666,0.18888706230478383,0.12753912753912755,0.2523674635540035,1.0,0.42857142857142855
481737,SSH-Bruteforce,10,0.1111111111111111,-0.3869969040247678,-0.281045751633987,0.18888706230478383,0.12753912753912755,0.25714763515143474,1.0,0.6666666666666666
481737,SSH-Bruteforce,20,0.25,-0.3192815249266862,-0.25000000000000006,0.18888706230478383,0.12753912753912755,0.2800625061934412,0.75,1.0
482959,SSH-Bruteforce,3,0.2,-0.49999999999999994,-0.39999999999999997,0.21309070676159284,0.14352314352314352,0.2656826568265683,1.0,0.5
482959,SSH-Bruteforce,5,0.1111111111111111,-0.25,-0.05555555555555555,0.21309070676159284,0.14352314352314352,0.2523674635540035,1.0,0.42857142857142855
482959,SSH-Bruteforce,10,0.1111111111111111,-0.347781217750258,-0.20261437908496735,0.21309070676159284,0.14352314352314352,0.24203758720290527,1.0,0.8181818181818182
482959,SSH-Bruteforce,20,0.25,-0.2994868035190616,-0.21370967741935484,0.21309070676159284,0.14352314352314352,0.26404135237806237,0.75,1.0
483707,Brute Force -Web,3,0.2,0.19999999999999998,0.19999999999999998,0.10858761491672883,0.0675990675990676,0.6346863468634687,1.0,0.2
483707,Brute Force -Web,5,0.1111111111111111,-0.21666666666666667,-0.16666666666666666,0.10858761491672883,0.0675990675990676,0.4965617445239432,1.0,0.42857142857142855
483707,Brute Force -Web,10,0.17647058823529413,-0.2622549019607843,-0.2205882352941176,0.10858761491672883,0.0675990675990676,0.43315268733733264,1.0,0.6666666666666666
483707,Brute Force -Web,20,0.25,-0.14296187683284456,-0.11693548387096775,0.10858761491672883,0.0675990675990676,0.4187560873507007,0.75,1.0
484737,Bot,3,0.2,-0.19999999999999998,-0.19999999999999998,0.03969448273245741,0.03163503163503164,0.2656826568265683,1.0,0.2
484737,Bot,5,0.1111111111111111,-0.33333333333333337,-0.2777777777777778,0.03969448273245741,0.03163503163503164,0.2523674635540035,1.0,0.6666666666666666
484737,Bot,10,0.25,-0.5588235294117647,-0.4666666666666666,0.03969448273245741,0.03163503163503164,0.24962119075357547,0.5,0.6666666666666666
484737,Bot,20,0.21212121212121213,-0.3582887700534759,-0.2689393939393939,0.03969448273245741,0.03163503163503164,0.2825470107790836,0.42857142857142855,1.0
485929,DoS attacks-Slowloris,3,0.0,-0.6571428571428573,-0.4666666666666666,0.3141794913946812,0.20546120546120547,0.0,,0.5
485929,DoS attacks-Slowloris,5,0.1111111111111111,-0.5499999999999999,-0.3888888888888889,0.3141794913946812,0.20546120546120547,0.076547581255647,1.0,0.6666666666666666
485929,DoS attacks-Slowloris,10,0.25,-0.32647058823529407,-0.19999999999999998,0.3141794913946812,0.20546120546120547,0.16725587572773448,0.75,0.8181818181818182
485929,DoS attacks-Slowloris,20,0.3333333333333333,-0.053170189098998885,-0.016091954022988506,0.3141794913946812,0.20546120546120547,0.24100298727470654,0.8,1.0
486892,DDOS attack-HOIC,3,0.2,0.09999999999999999,0.0,0.06903223358919561,0.044289044289044295,0.6346863468634687,1.0,0.2
486892,DDOS attack-HOIC,5,0.1111111111111111,-0.19999999999999998,-0.16666666666666666,0.06903223358919561,0.044289044289044295,0.4965617445239432,1.0,0.42857142857142855
486892,DDOS attack-HOIC,10,0.05263157894736842,-0.4333333333333333,-0.28654970760233917,0.06903223358919561,0.044289044289044295,0.3614441988713819,1.0,0.8181818181818182
486892,DDOS attack-HOIC,20,0.14285714285714285,-0.5291316526610644,-0.334453781512605,0.06903223358919561,0.044289044289044295,0.2963126238136497,0.4,1.0
486934,DDoS attacks-LOIC-HTTP,3,0.0,-0.8857142857142858,-0.7333333333333333,0.3630167301053377,0.24608724608724608,0.0,,0.0
486934,DDoS attacks-LOIC-HTTP,5,0.1111111111111111,-0.9166666666666666,-0.7777777777777778,0.3630167301053377,0.24608724608724608,0.03204317354887549,1.0,0.25
486934,DDoS attacks-LOIC-HTTP,10,0.1111111111111111,-0.632610939112487,-0.46405228758169936,0.3630167301053377,0.24608724608724608,0.0826758649352585,1.0,0.8181818181818182
486934,DDoS attacks-LOIC-HTTP,20,0.21212121212121213,-0.46256684491978617,-0.32954545454545453,0.3630167301053377,0.24608724608724608,0.14067525837383454,0.42857142857142855,1.0
487209,DoS attacks-GoldenEye,3,0.2,0.0,-0.19999999999999998,0.2626108069146043,0.19014319014319014,0.6346863468634687,1.0,0.5
487209,DoS attacks-GoldenEye,5,0.25,-0.04761904761904763,-0.07142857142857142,0.2626108069146043,0.19014319014319014,0.5731093257795903,1.0,0.25
487209,DoS attacks-GoldenEye,10,0.25,-0.30882352941176466,-0.26666666666666666,0.2626108069146043,0.19014319014319014,0.478049855557113,1.0,0.6666666666666666
487209,DoS attacks-GoldenEye,20,0.3793103448275862,-0.15172413793103445,-0.10344827586206895,0.2626108069146043,0.19014319014319014,0.46987318968365893,0.7272727272727273,1.0
487263,DDOS attack-LOIC-UDP,3,0.0,-0.7142857142857143,-0.4666666666666666,0.7896533845900934,0.6796536796536796,0.0,,0.0
487263,DDOS attack-LOIC-UDP,5,0.1111111111111111,-0.6666666666666667,-0.5,0.7896533845900934,0.6796536796536796,0.076547581255647,0.0,0.25
487263,DDOS attack-LOIC-UDP,10,0.1111111111111111,-0.5046439628482973,-0.3725490196078432,0.7896533845900934,0.6796536796536796,0.11983678933904471,0.0,0.8181818181818182
487263,DDOS attack-LOIC-UDP,20,0.2903225806451613,-0.4254032258064516,-0.24301075268817204,0.7896533845900934,0.6796536796536796,0.14242598092495234,0.0,1.0
487387,DDoS attacks-LOIC-HTTP,3,0.0,-0.6,-0.3333333333333333,0.20431467266910303,0.13220113220113222,0.0,,0.0
487387,DDoS attacks-LOIC-HTTP,5,0.0,-0.6484848484848483,-0.3333333333333333,0.20431467266910303,0.13220113220113222,0.0,,0.25
487387,DDoS attacks-LOIC-HTTP,10,0.0,-0.6992481203007518,-0.45263157894736844,0.20431467266910303,0.13220113220113222,0.0,,0.8181818181818182
487387,DDoS attacks-LOIC-HTTP,20,0.14285714285714285,-0.7103641456582634,-0.4789915966386554,0.20431467266910303,0.13220113220113222,0.02073084749406347,0.6,1.0
488135,Benign,3,0.0,-0.942857142857143,-0.8666666666666666,0.31840311587147024,0.2107892107892108,0.0,,0.2
488135,Benign,5,0.1111111111111111,-0.6833333333333333,-0.5555555555555556,0.31840311587147024,0.2107892107892108,0.076547581255647,1.0,0.6666666666666666
488135,Benign,10,0.17647058823529413,-0.41666666666666674,-0.30882352941176466,0.31840311587147024,0.2107892107892108,0.1807305416010118,0.6666666666666666,0.8181818181818182
488135,Benign,20,0.25,-0.1972140762463343,-0.1733870967741936,0.31840311587147024,0.2107892107892108,0.24995210427931341,0.625,1.0
488231,Bot,3,0.0,-0.8857142857142858,-0.7333333333333333,0.10894169122017221,0.06893106893106893,0.0,,0.2
488231,Bot,5,0.0,-0.8303030303030302,-0.6444444444444444,0.10894169122017221,0.06893106893106893,0.0,,0.25
488231,Bot,10,0.05263157894736842,-0.7070175438596492,-0.4619883040935673,0.10894169122017221,0.06893106893106893,0.013291704778403425,1.0,0.6666666666666666
488231,Bot,20,0.17647058823529413,-0.573414820473644,-0.358288770053476,0.10894169122017221,0.06893106893106893,0.04909466625548014,0.6666666666666666,1.0
488992,DoS attacks-GoldenEye,3,0.2,0.0,-0.19999999999999998,0.26433060610275794,0.18015318015318016,0.6346863468634687,1.0,0.2
488992,DoS attacks-GoldenEye,5,0.1111111111111111,-0.19999999999999998,-0.16666666666666666,0.26433060610275794,0.18015318015318016,0.4965617445239432,1.0,0.25
488992,DoS attacks-GoldenEye,10,0.17647058823529413,-0.3995098039215687,-0.338235294117647,0.26433060610275794,0.18015318015318016,0.39720696255692034,0.6666666666666666,0.6666666666666666
488992,DoS attacks-GoldenEye,20,0.21212121212121213,-0.29211229946524064,-0.20833333333333334,0.26433060610275794,0.18015318015318016,0.3792665791901134,0.7142857142857143,1.0
489470,DoS attacks-GoldenEye,3,0.5,0.6000000000000001,0.3333333333333334,0.395566458857598,0.27206127206127206,0.5313653136531366,1.0,0.5
489470,DoS attacks-GoldenEye,5,0.25,0.30952380952380953,0.21428571428571427,0.395566458857598,0.27206127206127206,0.504734927108007,1.0,0.42857142857142855
489470,DoS attacks-GoldenEye,10,0.25,0.10882352941176471,0.03333333333333333,0.395566458857598,0.27206127206127206,0.5142952703028695,1.0,0.6666666666666666
489470,DoS attacks-GoldenEye,20,0.3793103448275862,-0.028571428571428564,-0.039408866995073885,0.395566458857598,0.27206127206127206,0.49386113925213554,0.8181818181818182,1.0
489800,SSH-Bruteforce,3,0.2,-0.3,-0.19999999999999998,0.1927313193135978,0.12953712953712954,0.2656826568265683,1.0,0.2
489800,SSH-Bruteforce,5,0.1111111111111111,-0.19999999999999998,-0.05555555555555555,0.1927313193135978,0.12953712953712954,0.2523674635540035,1.0,0.42857142857142855
489800,SSH-Bruteforce,10,0.1111111111111111,-0.44272445820433437,-0.33333333333333337,0.1927313193135978,0.12953712953712954,0.23038126449975396,1.0,0.8181818181818182
489800,SSH-Bruteforce,20,0.17647058823529413,-0.37203972498090143,-0.2762923351158646,0.1927313193135978,0.12953712953712954,0.24844902283116235,1.0,1.0
490284,Benign,3,0.2,-0.19999999999999998,-0.19999999999999998,0.2556557366683949,0.17482517482517482,0.2656826568265683,1.0,0.5
490284,Benign,5,0.42857142857142855,0.14285714285714288,0.04761904761904762,0.2556557366683949,0.17482517482517482,0.40546262606529754,1.0,0.42857142857142855
490284,Benign,10,0.25,-0.09411764705882353,-0.16666666666666669,0.2556557366683949,0.17482517482517482,0.40858988793185635,1.0,0.8181818181818182
490284,Benign,20,0.3333333333333333,-0.06384872080088987,-0.04827586206896552,0.2556557366683949,0.17482517482517482,0.40598104259524315,0.7,1.0
490420,Benign,3,0.5,0.0,0.0,0.19660086748694344,0.13086913086913088,0.3653136531365314,1.0,0.5
490420,Benign,5,0.42857142857142855,0.25,0.14285714285714288,0.19660086748694344,0.13086913086913088,0.47139508192718127,0.6666666666666666,0.6666666666666666
490420,Benign,10,0.25,0.055882352941176466,-0.016666666666666666,0.19660086748694344,0.13086913086913088,0.4665669035488393,0.75,0.8181818181818182
490420,Benign,20,0.21212121212121213,-0.19351604278074866,-0.1590909090909091,0.19660086748694344,0.13086913086913088,0.4318299523149578,0.5714285714285714,1.0
491715,DoS attacks-SlowHTTPTest,3,0.5,0.39999999999999997,0.3333333333333334,0.3550247221133297,0.2547452547452548,0.7343173431734318,1.0,0.5
491715,DoS attacks-SlowHTTPTest,5,0.25,0.14285714285714288,0.07142857142857142,0.3550247221133297,0.2547452547452548,0.6390417816414738,1.0,0.42857142857142855
491715,DoS attacks-SlowHTTPTest,10,0.3333333333333333,-0.05357142857142857,-0.009523809523809525,0.3550247221133297,0.2547452547452548,0.5419750926495139,1.0,0.6666666666666666
491715,DoS attacks-SlowHTTPTest,20,0.3333333333333333,-0.13014460511679646,-0.10344827586206898,0.3550247221133297,0.2547452547452548,0.5187001921524553,0.6,1.0
491728,DDOS attack-LOIC-UDP,3,0.0,-0.7142857142857143,-0.4666666666666666,0.7850503926453293,0.6676656676656677,0.0,,0.0
491728,DDOS attack-LOIC-UDP,5,0.1111111111111111,-0.65,-0.5,0.7850503926453293,0.6676656676656677,0.076547581255647,0.0,0.25
491728,DDOS attack-LOIC-UDP,10,0.1111111111111111,-0.5294117647058824,-0.39869281045751637,0.7850503926453293,0.6676656676656677,0.11065743521031306,0.0,0.8181818181818182
491728,DDOS attack-LOIC-UDP,20,0.2903225806451613,-0.48870967741935495,-0.3204301075268818,0.7850503926453293,0.6676656676656677,0.1356197965478587,0.0,1.0
492002,DoS attacks-SlowHTTPTest,3,0.5,0.39999999999999997,0.3333333333333334,0.38340140871786443,0.24875124875124874,0.7343173431734318,1.0,0.5
492002,DoS attacks-SlowHTTPTest,5,0.25,0.19047619047619052,0.14285714285714285,0.38340140871786443,0.24875124875124874,0.6390417816414738,1.0,0.25
492002,DoS attacks-SlowHTTPTest,10,0.25,-0.10588235294117648,-0.08333333333333334,0.38340140871786443,0.24875124875124874,0.5286833878711106,1.0,0.8181818181818182
492002,DoS attacks-SlowHTTPTest,20,0.2903225806451613,-0.23870967741935487,-0.21720430107526886,0.38340140871786443,0.24875124875124874,0.4921644594638075,0.6666666666666666,1.0
492969,DDOS attack-LOIC-UDP,3,0.0,-0.7142857142857143,-0.4666666666666666,0.7887429026669532,0.6749916749916751,0.0,,0.0
492969,DDOS attack-LOIC-UDP,5,0.1111111111111111,-0.6666666666666667,-0.5,0.7887429026669532,0.6749916749916751,0.076547581255647,0.0,0.25
492969,DDOS attack-LOIC-UDP,10,0.1111111111111111,-0.5583075335397317,-0.39869281045751637,0.7887429026669532,0.6749916749916751,0.10331395190732774,0.0,0.8181818181818182
492969,DDOS attack-LOIC-UDP,20,0.2903225806451613,-0.4584677419354839,-0.2731182795698925,0.7887429026669532,0.6749916749916751,0.1312295911580229,0.0,1.0
493521,DDOS attack-LOIC-UDP,3,0.0,-0.7142857142857143,-0.4666666666666666,0.7898810050708784,0.6769896769896769,0.0,,0.0
493521,DDOS attack-LOIC-UDP,5,0.1111111111111111,-0.6666666666666667,-0.5,0.7898810050708784,0.6769896769896769,0.076547581255647,0.0,0.25
493521,DDOS attack-LOIC-UDP,10,0.1111111111111111,-0.587203302373581,-0.46405228758169936,0.7898810050708784,0.6769896769896769,0.11065743521031306,0.0,0.8181818181818182
493521,DDOS attack-LOIC-UDP,20,0.2903225806451613,-0.43306451612903224,-0.2602150537634409,0.7898810050708784,0.6769896769896769,0.1366745386596978,0.0,1.0
494286,DoS attacks-GoldenEye,3,0.0,-0.6571428571428573,-0.4666666666666666,0.4069727740613816,0.2787212787212787,0.0,,0.2
494286,DoS attacks-GoldenEye,5,0.0,-0.6606060606060605,-0.4222222222222222,0.4069727740613816,0.2787212787212787,0.0,,0.42857142857142855
494286,DoS attacks-GoldenEye,10,0.25,-0.5764705882352941,-0.39999999999999997,0.4069727740613816,0.2787212787212787,0.10260473742292373,0.75,0.6666666666666666
494286,DoS attacks-GoldenEye,20,0.3793103448275862,-0.19950738916256153,-0.11330049261083742,0.4069727740613816,0.2787212787212787,0.1911260756645218,0.9090909090909091,1.0
494413,Infilteration,3,0.0,-0.7714285714285715,-0.6,0.10646315709606849,0.0775890775890776,0.0,,0.2
494413,Infilteration,5,0.1111111111111111,-0.6,-0.3333333333333333,0.10646315709606849,0.0775890775890776,0.03204317354887549,1.0,0.25
494413,Infilteration,10,0.3333333333333333,-0.2928571428571428,-0.1619047619047619,0.10646315709606849,0.0775890775890776,0.14522252692809803,0.4,0.6666666666666666
494413,Infilteration,20,0.21212121212121213,-0.13569518716577542,-0.09848484848484848,0.10646315709606849,0.0775890775890776,0.21172443007498182,0.42857142857142855,1.0
495591,DDoS attacks-LOIC-HTTP,3,0.2,0.09999999999999999,0.0,0.11877995422299219,0.07425907425907426,0.6346863468634687,1.0,0.5
495591,DDoS attacks-LOIC-HTTP,5,0.1111111111111111,-0.26666666666666666,-0.2777777777777778,0.11877995422299219,0.07425907425907426,0.4965617445239432,1.0,0.42857142857142855
495591,DDoS attacks-LOIC-HTTP,10,0.05263157894736842,-0.5175438596491229,-0.4269005847953216,0.11877995422299219,0.07425907425907426,0.3614441988713819,1.0,0.8181818181818182
495591,DDoS attacks-LOIC-HTTP,20,0.14285714285714285,-0.5170868347338936,-0.4050420168067227,0.11877995422299219,0.07425907425907426,0.33245781387579354,0.6,1.0
496053,DoS attacks-Hulk,3,0.2,0.0,-0.19999999999999998,0.16837592786959873,0.12287712287712288,0.6346863468634687,1.0,0.2
496053,DoS attacks-Hulk,5,0.1111111111111111,-0.21666666666666667,-0.16666666666666666,0.16837592786959873,0.12287712287712288,0.4965617445239432,1.0,0.25
496053,DoS attacks-Hulk,10,0.1111111111111111,-0.41589267285861714,-0.25490196078431376,0.16837592786959873,0.12287712287712288,0.3673924203468,0.5,0.8181818181818182
496053,DoS attacks-Hulk,20,0.25,-0.30425219941348974,-0.19354838709677422,0.16837592786959873,0.12287712287712288,0.36432504155655376,0.625,1.0
496791,Bot,3,0.2,-0.19999999999999998,-0.19999999999999998,0.2748264393834014,0.19080919080919082,0.2656826568265683,1.0,0.2
496791,Bot,5,0.1111111111111111,-0.33333333333333337,-0.2777777777777778,0.2748264393834014,0.19080919080919082,0.2523674635540035,1.0,0.6666666666666666
496791,Bot,10,0.17647058823529413,-0.3602941176470589,-0.2647058823529411,0.2748264393834014,0.19080919080919082,0.2479858086783234,0.6666666666666666,0.8181818181818182
496791,Bot,20,0.2903225806451613,-0.41008064516129034,-0.3419354838709678,0.2748264393834014,0.19080919080919082,0.2733245099962686,0.6666666666666666,1.0
496970,DoS attacks-Hulk,3,0.2,0.09999999999999999,0.0,0.14189607860493936,0.09090909090909091,0.6346863468634687,1.0,0.5
496970,DoS attacks-Hulk,5,0.1111111111111111,-0.31666666666666665,-0.3333333333333333,0.14189607860493936,0.09090909090909091,0.4965617445239432,1.0,0.6666666666666666
496970,DoS attacks-Hulk,10,0.17647058823529413,-0.3602941176470589,-0.24999999999999997,0.14189607860493936,0.09090909090909091,0.39720696255692034,0.6666666666666666,0.8181818181818182
496970,DoS attacks-Hulk,20,0.17647058823529413,-0.34576012223071045,-0.24777183600713015,0.14189607860493936,0.09090909090909091,0.3697016827030451,0.5,1.0
497795,DDOS attack-LOIC-UDP,3,0.0,-0.7142857142857143,-0.4666666666666666,0.7857585452522162,0.668997668997669,0.0,,0.0
497795,DDOS attack-LOIC-UDP,5,0.1111111111111111,-0.6166666666666666,-0.4444444444444444,0.7857585452522162,0.668997668997669,0.076547581255647,0.0,0.25
497795,DDOS attack-LOIC-UDP,10,0.05263157894736842,-0.5649122807017544,-0.4152046783625731,0.7857585452522162,0.668997668997669,0.09736573043190963,0.0,0.8181818181818182
497795,DDOS attack-LOIC-UDP,20,0.2903225806451613,-0.4919354838709678,-0.31182795698924737,0.7857585452522162,0.668997668997669,0.12576444156982713,0.0,1.0
498379,Brute Force -Web,3,0.2,-0.6,-0.39999999999999997,0.3380037683835152,0.2827172827172827,0.09963099630996312,0.0,0.2
498379,Brute Force -Web,5,0.1111111111111111,-0.33333333333333337,-0.2222222222222222,0.3380037683835152,0.2827172827172827,0.1424800371175307,0.0,0.25
498379,Brute Force -Web,10,0.17647058823529413,-0.4093137254901961,-0.2941176470588235,0.3380037683835152,0.2827172827172827,0.16723918899972878,0.0,0.6666666666666666
498379,Brute Force -Web,20,0.2903225806451613,-0.33830645161290324,-0.2688172043010753,0.3380037683835152,0.2827172827172827,0.22462233034500975,0.0,1.0
498583,Infilteration,3,0.0,-0.7142857142857143,-0.4666666666666666,0.2691612185283071,0.15684315684315686,0.0,,0.2
498583,Infilteration,5,0.1111111111111111,-0.7,-0.4444444444444444,0.2691612185283071,0.15684315684315686,0.03204317354887549,1.0,0.25
498583,Infilteration,10,0.25,-0.27941176470588236,-0.16666666666666669,0.2691612185283071,0.15684315684315686,0.15869719280137537,0.5,0.8181818181818182
498583,Infilteration,20,0.21212121212121213,-0.23897058823529416,-0.16666666666666666,0.2691612185283071,0.15684315684315686,0.21641330056017952,0.42857142857142855,1.0
498647,Brute Force -Web,3,0.2,-0.09999999999999999,0.0,0.17538158044487157,0.12021312021312022,0.2656826568265683,1.0,0.5
498647,Brute Force -Web,5,0.1111111111111111,-0.33333333333333337,-0.2777777777777778,0.17538158044487157,0.12021312021312022,0.2523674635540035,1.0,0.42857142857142855
498647,Brute Force -Web,10,0.25,-0.25,-0.21666666666666667,0.17538158044487157,0.12021312021312022,0.29291039883697323,0.75,0.8181818181818182
498647,Brute Force -Web,20,0.25,-0.24596774193548382,-0.2298387096774194,0.17538158044487157,0.12021312021312022,0.3148942468881674,0.625,1.0
498915,DoS attacks-Slowloris,3,0.0,-0.6,-0.3333333333333333,0.3645847823063012,0.24741924741924742,0.0,,0.2
498915,DoS attacks-Slowloris,5,0.1111111111111111,-0.5333333333333333,-0.3888888888888889,0.3645847823063012,0.24741924741924742,0.076547581255647,1.0,0.42857142857142855
498915,DoS attacks-Slowloris,10,0.25,-0.3411764705882353,-0.2833333333333333,0.3645847823063012,0.24741924741924742,0.19402224637941523,0.75,0.8181818181818182
498915,DoS attacks-Slowloris,20,0.25,-0.11473607038123164,-0.05645161290322581,0.3645847823063012,0.24741924741924742,0.2450681832968292,0.625,1.0
499022,Bot,3,0.2,-0.19999999999999998,-0.19999999999999998,0.1139240506329114,0.07692307692307691,0.2656826568265683,1.0,0.2
499022,Bot,5,0.1111111111111111,-0.39999999999999997,-0.3888888888888889,0.1139240506329114,0.07692307692307691,0.2523674635540035,1.0,0.42857142857142855
499022,Bot,10,0.17647058823529413,-0.47794117647058826,-0.3823529411764705,0.1139240506329114,0.07692307692307691,0.2796186940585698,0.6666666666666666,0.6666666666666666
499022,Bot,20,0.21212121212121213,-0.39973262032085566,-0.29545454545454547,0.1139240506329114,0.07692307692307691,0.2812515398721368,0.7142857142857143,1.0
499151,SSH-Bruteforce,3,0.2,-0.49999999999999994,-0.39999999999999997,0.24098686124002577,0.16616716616716617,0.2656826568265683,1.0,0.5
499151,SSH-Bruteforce,5,0.1111111111111111,-0.2833333333333333,-0.16666666666666666,0.24098686124002577,0.16616716616716617,0.2523674635540035,1.0,0.42857142857142855
499151,SSH-Bruteforce,10,0.1111111111111111,-0.32507739938080493,-0.20261437908496735,0.24098686124002577,0.16616716616716617,0.25714763515143474,1.0,0.8181818181818182
499151,SSH-Bruteforce,20,0.21212121212121213,-0.33389037433155083,-0.27272727272727276,0.24098686124002577,0.16616716616716617,0.26789669979664976,0.8571428571428571,1.0
499280,DoS attacks-GoldenEye,3,0.5,0.7999999999999999,0.6666666666666669,0.2858028047901466,0.19080919080919082,0.900369003690037,1.0,0.2
499280,DoS attacks-GoldenEye,5,0.25,0.30952380952380953,0.21428571428571427,0.2858028047901466,0.19080919080919082,0.7489292080779467,1.0,0.42857142857142855
499280,DoS attacks-GoldenEye,10,0.1111111111111111,-0.20949432404540763,-0.17647058823529413,0.2858028047901466,0.19080919080919082,0.5693544044640008,1.0,0.6666666666666666
499280,DoS attacks-GoldenEye,20,0.2903225806451613,-0.2338709677419355,-0.15698924731182798,0.2858028047901466,0.19080919080919082,0.5061906451706288,0.8888888888888888,1.0
499490,DoS attacks-Slowloris,3,0.0,-0.6571428571428573,-0.4666666666666666,0.33691624830865335,0.22277722277722278,0.0,,0.5
499490,DoS attacks-Slowloris,5,0.1111111111111111,-0.45,-0.2777777777777778,0.33691624830865335,0.22277722277722278,0.076547581255647,1.0,0.6666666666666666
499490,DoS attacks-Slowloris,10,0.25,-0.4558823529411765,-0.33333333333333337,0.33691624830865335,0.22277722277722278,0.16725587572773448,0.75,0.8181818181818182
499490,DoS attacks-Slowloris,20,0.3333333333333333,-0.06651835372636263,-0.016091954022988506,0.33691624830865335,0.22277722277722278,0.23509890591554108,0.7,1.0
500197,Bot,3,0.2,-0.19999999999999998,-0.19999999999999998,0.06248182197549285,0.04895104895104895,0.2656826568265683,1.0,0.2
500197,Bot,5,0.1111111111111111,-0.45,-0.5,0.06248182197549285,0.04895104895104895,0.2523674635540035,1.0,0.42857142857142855
500197,Bot,10,0.17647058823529413,-0.36764705882352944,-0.30882352941176466,0.06248182197549285,0.04895104895104895,0.2645086461100403,0.6666666666666666,0.8181818181818182
500197,Bot,20,0.21212121212121213,-0.40842245989304815,-0.3106060606060606,0.06248182197549285,0.04895104895104895,0.272343559374269,0.42857142857142855,1.0
500247,DoS attacks-Slowloris,3,0.0,-0.6571428571428573,-0.4666666666666666,0.34098812579825233,0.22943722943722944,0.0,,0.2
500247,DoS attacks-Slowloris,5,0.1111111111111111,-0.5499999999999999,-0.4444444444444444,0.34098812579825233,0.22943722943722944,0.076547581255647,1.0,0.42857142857142855
500247,DoS attacks-Slowloris,10,0.25,-0.36176470588235293,-0.3,0.34098812579825233,0.22943722943722944,0.18236592367626392,0.75,0.8181818181818182
500247,DoS attacks-Slowloris,20,0.25,-0.15615835777126097,-0.10080645161290325,0.34098812579825233,0.22943722943722944,0.23371961681211836,0.625,1.0
500277,DoS attacks-GoldenEye,3,0.2,0.09999999999999999,0.0,0.29316253366886275,0.19880119880119881,0.6346863468634687,1.0,0.2
500277,DoS attacks-GoldenEye,5,0.1111111111111111,-0.31666666666666665,-0.3333333333333333,0.29316253366886275,0.19880119880119881,0.4965617445239432,1.0,0.6666666666666666
500277,DoS attacks-GoldenEye,10,0.25,-0.36176470588235293,-0.2833333333333333,0.29316253366886275,0.19880119880119881,0.40315518403233847,0.75,0.8181818181818182
500277,DoS attacks-GoldenEye,20,0.25,-0.19538123167155422,-0.11693548387096775,0.29316253366886275,0.19880119880119881,0.39321810336249535,0.625,1.0
500639,DoS attacks-GoldenEye,3,0.5,0.19999999999999998,0.0,0.389344832382807,0.28005328005328006,0.7343173431734318,1.0,0.5
500639,DoS attacks-GoldenEye,5,0.25,0.19047619047619052,0.21428571428571427,0.389344832382807,0.28005328005328006,0.6390417816414738,1.0,0.42857142857142855
500639,DoS attacks-GoldenEye,10,0.3333333333333333,0.10357142857142855,0.028571428571428574,0.389344832382807,0.28005328005328006,0.5895771401330777,1.0,0.8181818181818182
500639,DoS attacks-GoldenEye,20,0.3333333333333333,0.0771968854282536,0.029885057471264367,0.389344832382807,0.28005328005328006,0.5686150323157468,0.8,1.0
501343,DoS attacks-SlowHTTPTest,3,0.2,0.09999999999999999,0.0,0.27277785505633606,0.19080919080919082,0.6346863468634687,1.0,0.2
501343,DoS attacks-SlowHTTPTest,5,0.1111111111111111,-0.11666666666666665,-0.05555555555555555,0.27277785505633606,0.19080919080919082,0.4965617445239432,1.0,0.25
501343,DoS attacks-SlowHTTPTest,10,0.1111111111111111,-0.40763673890608876,-0.25490196078431376,0.27277785505633606,0.19080919080919082,0.3673924203468,1.0,0.8181818181818182
501343,DoS attacks-SlowHTTPTest,20,0.2903225806451613,-0.2649193548387097,-0.13978494623655915,0.27277785505633606,0.19080919080919082,0.36392742878139783,0.3333333333333333,1.0
501715,DoS attacks-Hulk,3,0.2,0.0,-0.19999999999999998,0.09530975353760163,0.06426906426906427,0.6346863468634687,1.0,0.2
501715,DoS attacks-Hulk,5,0.1111111111111111,-0.19999999999999998,-0.2222222222222222,0.09530975353760163,0.06426906426906427,0.4965617445239432,1.0,0.42857142857142855
501715,DoS attacks-Hulk,10,0.05263157894736842,-0.4526315789473684,-0.3216374269005848,0.09530975353760163,0.06426906426906427,0.3614441988713819,1.0,0.8181818181818182
501715,DoS attacks-Hulk,20,0.14285714285714285,-0.5070028011204483,-0.3546218487394958,0.09530975353760163,0.06426906426906427,0.31308704620484756,0.8,1.0
501916,DDOS attack-HOIC,3,0.2,0.09999999999999999,0.0,0.14821886973785706,0.08957708957708958,0.6346863468634687,1.0,0.2
501916,DDOS attack-HOIC,5,0.1111111111111111,-0.18333333333333335,-0.16666666666666666,0.14821886973785706,0.08957708957708958,0.4965617445239432,1.0,0.42857142857142855
501916,DDOS attack-HOIC,10,0.1111111111111111,-0.5294117647058824,-0.4509803921568628,0.14821886973785706,0.08957708957708958,0.3747359036497853,1.0,0.8181818181818182
501916,DDOS attack-HOIC,20,0.14285714285714285,-0.5728291316526611,-0.45210084033613446,0.14821886973785706,0.08957708957708958,0.32279038160643975,0.4,1.0
502356,Benign,3,0.5,-0.6000000000000001,-0.3333333333333334,0.25315191137975945,0.16550116550116553,0.19926199261992625,1.0,0.5
502356,Benign,5,0.25,-0.07142857142857144,-0.07142857142857142,0.25315191137975945,0.16550116550116553,0.2849600742350614,1.0,0.6666666666666666
502356,Benign,10,0.17647058823529413,-0.1936274509803922,-0.19117647058823525,0.25315191137975945,0.16550116550116553,0.31176719884463766,1.0,0.8181818181818182
502356,Benign,20,0.21212121212121213,-0.25902406417112306,-0.22348484848484848,0.25315191137975945,0.16550116550116553,0.3181791592485097,0.7142857142857143,1.0
502711,Infilteration,3,0.0,-0.7142857142857143,-0.4666666666666666,0.388965464914832,0.27139527139527136,0.0,,0.2
502711,Infilteration,5,0.0,-0.6363636363636362,-0.37777777777777777,0.388965464914832,0.27139527139527136,0.0,,0.25
502711,Infilteration,10,0.1111111111111111,-0.6140350877192982,-0.411764705882353,0.388965464914832,0.27139527139527136,0.056598440517421425,1.0,1.0
502711,Infilteration,20,0.3333333333333333,-0.32591768631813123,-0.20919540229885059,0.388965464914832,0.27139527139527136,0.13263772881225397,0.7,1.0
503052,Brute Force -XSS,3,0.0,-0.7714285714285715,-0.6,0.5167870104578965,0.40326340326340326,0.0,,0.2
503052,Brute Force -XSS,5,0.25,-0.6190476190476191,-0.42857142857142855,0.5167870104578965,0.40326340326340326,0.10859075480452249,0.0,0.42857142857142855
503052,Brute Force -XSS,10,0.17647058823529413,-0.3970588235294118,-0.2941176470588235,0.5167870104578965,0.40326340326340326,0.17269811206418287,0.0,0.6666666666666666
503052,Brute Force -XSS,20,0.2903225806451613,-0.3580645161290323,-0.28602150537634413,0.5167870104578965,0.40326340326340326,0.22096719614162463,0.0,1.0
504769,DoS attacks-SlowHTTPTest,3,0.2,0.19999999999999998,0.19999999999999998,0.33309728246437104,0.22477522477522477,0.6346863468634687,1.0,0.2
504769,DoS attacks-SlowHTTPTest,5,0.1111111111111111,-0.2833333333333333,-0.2777777777777778,0.33309728246437104,0.22477522477522477,0.4965617445239432,1.0,0.25
504769,DoS attacks-SlowHTTPTest,10,0.17647058823529413,-0.286764705882353,-0.14705882352941174,0.33309728246437104,0.22477522477522477,0.40151980195708625,1.0,0.8181818181818182
504769,DoS attacks-SlowHTTPTest,20,0.2903225806451613,-0.28508064516129034,-0.15268817204301077,0.33309728246437104,0.22477522477522477,0.38362214874035006,0.5555555555555556,1.0
507562,DDOS attack-HOIC,3,0.2,-0.09999999999999999,0.0,0.1689576246538272,0.11621711621711622,0.2656826568265683,1.0,0.2
507562,DDOS attack-HOIC,5,0.1111111111111111,-0.38333333333333336,-0.3333333333333333,0.1689576246538272,0.11621711621711622,0.2523674635540035,1.0,0.6666666666666666
507562,DDOS attack-HOIC,10,0.05263157894736842,-0.5368421052631579,-0.4269005847953216,0.1689576246538272,0.11621711621711622,0.20791020559261889,1.0,0.8181818181818182
507562,DDOS attack-HOIC,20,0.21212121212121213,-0.5230614973262033,-0.40151515151515155,0.1689576246538272,0.11621711621711622,0.2061150216707697,0.42857142857142855,1.0
507576,FTP-BruteForce,3,0.2,-0.3,-0.19999999999999998,0.3905082259512639,0.27139527139527136,0.2656826568265683,1.0,0.5
507576,FTP-BruteForce,5,0.25,-0.09523809523809526,-0.07142857142857142,0.3905082259512639,0.27139527139527136,0.32891504480965056,1.0,0.42857142857142855
507576,FTP-BruteForce,10,0.3333333333333333,-0.0857142857142857,-0.08571428571428572,0.3905082259512639,0.27139527139527136,0.35864324388863644,0.8,0.8181818181818182
507576,FTP-BruteForce,20,0.3793103448275862,-0.08669950738916254,-0.10837438423645318,0.3905082259512639,0.27139527139527136,0.38841184605814494,0.45454545454545453,1.0
509162,Infilteration,3,0.2,-0.49999999999999994,-0.39999999999999997,0.3982220311334235,0.2693972693972694,0.2656826568265683,0.0,0.5
509162,Infilteration,5,0.42857142857142855,-0.21428571428571433,-0.14285714285714288,0.3982220311334235,0.2693972693972694,0.360958218358526,0.0,0.6666666666666666
509162,Infilteration,10,0.3333333333333333,0.1357142857142857,0.10476190476190476,0.3982220311334235,0.2693972693972694,0.4147356992670882,0.2,0.8181818181818182
509162,Infilteration,20,0.3793103448275862,0.1571428571428571,0.10344827586206895,0.3982220311334235,0.2693972693972694,0.4341732397787962,0.18181818181818182,1.0
509759,DoS attacks-GoldenEye,3,0.5,0.6000000000000001,0.3333333333333334,0.25087570657190905,0.17815517815517817,0.5313653136531366,1.0,0.2
509759,DoS attacks-GoldenEye,5,0.42857142857142855,0.3571428571428572,0.14285714285714288,0.25087570657190905,0.17815517815517817,0.5367781006568826,1.0,0.25
509759,DoS attacks-GoldenEye,10,0.3333333333333333,0.0035714285714285704,-0.028571428571428574,0.25087570657190905,0.17815517815517817,0.5044444975959146,0.8,0.6666666666666666
509759,DoS attacks-GoldenEye,20,0.2903225806451613,-0.0778225806451613,-0.05806451612903227,0.25087570657190905,0.17815517815517817,0.4798737523766784,0.7777777777777778,1.0
509950,DoS attacks-Hulk,3,0.2,0.0,-0.19999999999999998,0.2031259879361145,0.13486513486513485,0.6346863468634687,1.0,0.5
509950,DoS attacks-Hulk,5,0.1111111111111111,-0.16666666666666669,-0.1111111111111111,0.2031259879361145,0.13486513486513485,0.4965617445239432,1.0,0.42857142857142855
509950,DoS attacks-Hulk,10,0.1111111111111111,-0.38906088751289986,-0.24183006535947715,0.2031259879361145,0.13486513486513485,0.3747359036497853,0.5,0.8181818181818182
509950,DoS attacks-Hulk,20,0.21212121212121213,-0.3760026737967915,-0.2537878787878788,0.2031259879361145,0.13486513486513485,0.3506424782367969,0.7142857142857143,1.0
510614,Bot,3,0.0,-1.0,-0.9999999999999999,0.028085838212420486,0.01232101232101232,0.0,,0.2
510614,Bot,5,0.0,-0.9151515151515152,-0.8222222222222221,0.028085838212420486,0.01232101232101232,0.0,,0.42857142857142855
510614,Bot,10,0.0,-0.6541353383458646,-0.4210526315789474,0.028085838212420486,0.01232101232101232,0.0,,0.6666666666666666
510614,Bot,20,0.17647058823529413,-0.5880825057295646,-0.36898395721925137,0.028085838212420486,0.01232101232101232,0.030180550215084194,0.5,1.0
510672,FTP-BruteForce,3,0.2,0.19999999999999998,0.19999999999999998,0.2616497426624009,0.1714951714951715,0.6346863468634687,1.0,0.2
510672,FTP-BruteForce,5,0.1111111111111111,-0.21666666666666667,-0.2222222222222222,0.2616497426624009,0.1714951714951715,0.4965617445239432,1.0,0.25
510672,FTP-BruteForce,10,0.1111111111111111,-0.5232198142414861,-0.46405228758169936,0.2616497426624009,0.1714951714951715,0.3747359036497853,1.0,0.8181818181818182
510672,FTP-BruteForce,20,0.25,-0.4354838709677419,-0.3306451612903226,0.2616497426624009,0.1714951714951715,0.353674695292267,0.375,1.0
511057,DoS attacks-Hulk,3,0.2,0.0,-0.19999999999999998,0.15519923114859824,0.10556110556110557,0.6346863468634687,1.0,0.2
511057,DoS attacks-Hulk,5,0.1111111111111111,-0.2833333333333333,-0.3333333333333333,0.15519923114859824,0.10556110556110557,0.4965617445239432,1.0,0.6666666666666666
511057,DoS attacks-Hulk,10,0.1111111111111111,-0.4097007223942208,-0.30718954248366015,0.15519923114859824,0.10556110556110557,0.39557158048166824,0.5,1.0
511057,DoS attacks-Hulk,20,0.25,-0.3500733137829911,-0.2338709677419355,0.15519923114859824,0.10556110556110557,0.37157356947928694,0.5,1.0
511838,SSH-Bruteforce,3,0.2,-0.49999999999999994,-0.39999999999999997,0.27411828677651456,0.17482517482517482,0.2656826568265683,1.0,0.5
511838,SSH-Bruteforce,5,0.1111111111111111,-0.3,-0.16666666666666666,0.27411828677651456,0.17482517482517482,0.2523674635540035,1.0,0.42857142857142855
511838,SSH-Bruteforce,10,0.1111111111111111,-0.3766769865841073,-0.25490196078431376,0.27411828677651456,0.17482517482517482,0.24203758720290527,1.0,0.8181818181818182
511838,SSH-Bruteforce,20,0.21212121212121213,-0.4425133689839572,-0.3446969696969697,0.27411828677651456,0.17482517482517482,0.2504167763382691,0.7142857142857143,1.0
512234,DDoS attacks-LOIC-HTTP,3,0.0,-0.7142857142857143,-0.4666666666666666,0.2655698731648099,0.20213120213120214,0.0,,0.2
512234,DDoS attacks-LOIC-HTTP,5,0.1111111111111111,-0.5666666666666667,-0.3333333333333333,0.2655698731648099,0.20213120213120214,0.076547581255647,1.0,0.1111111111111111
512234,DDoS attacks-LOIC-HTTP,10,0.1111111111111111,-0.3560371517027864,-0.16339869281045755,0.2655698731648099,0.20213120213120214,0.11983678933904471,1.0,0.6666666666666666
512234,DDoS attacks-LOIC-HTTP,20,0.17647058823529413,-0.3964858670741024,-0.269162210338681,0.2655698731648099,0.20213120213120214,0.1516744269235424,0.5,1.0
512406,Infilteration,3,0.0,-0.942857142857143,-0.8666666666666666,0.3165062785315949,0.22677322677322678,0.0,,0.2
512406,Infilteration,5,0.1111111111111111,-0.8499999999999999,-0.7222222222222222,0.3165062785315949,0.22677322677322678,0.076547581255647,0.0,0.6666666666666666
512406,Infilteration,10,0.1111111111111111,-0.6346749226006192,-0.47712418300653603,0.3165062785315949,0.22677322677322678,0.11983678933904471,0.0,0.6666666666666666
512406,Infilteration,20,0.25,-0.41568914956011727,-0.28225806451612906,0.3165062785315949,0.22677322677322678,0.15892682425101015,0.5,1.0
513915,DDoS attacks-LOIC-HTTP,3,0.0,-0.8285714285714287,-0.7333333333333333,0.3045688488726463,0.20745920745920746,0.0,,0.2
513915,DDoS attacks-LOIC-HTTP,5,0.1111111111111111,-0.7833333333333333,-0.6666666666666666,0.3045688488726463,0.20745920745920746,0.076547581255647,1.0,0.25
513915,DDoS attacks-LOIC-HTTP,10,0.17647058823529413,-0.3774509803921569,-0.2205882352941176,0.3045688488726463,0.20745920745920746,0.14230784824617976,1.0,0.8181818181818182
513915,DDoS attacks-LOIC-HTTP,20,0.21212121212121213,-0.26036096256684493,-0.14772727272727273,0.3045688488726463,0.20745920745920746,0.18933237519768495,0.5714285714285714,1.0
513948,FTP-BruteForce,3,0.5,-0.39999999999999997,-0.3333333333333334,0.24430000379367467,0.16483516483516483,0.3653136531365314,1.0,0.5
513948,FTP-BruteForce,5,0.25,0.09523809523809526,0.07142857142857142,0.24430000379367467,0.16483516483516483,0.3948475006715343,1.0,0.42857142857142855
513948,FTP-BruteForce,10,0.25,-0.06470588235294117,-0.049999999999999996,0.24430000379367467,0.16483516483516483,0.38680571729549906,0.75,0.6666666666666666
513948,FTP-BruteForce,20,0.2903225806451613,-0.09838709677419355,-0.05376344086021506,0.24430000379367467,0.16483516483516483,0.39764993530049725,0.4444444444444444,1.0
514169,FTP-BruteForce,3,0.2,-0.3,-0.19999999999999998,0.43628523375358813,0.31002331002331,0.2656826568265683,1.0,0.5
514169,FTP-BruteForce,5,0.25,-0.04761904761904763,0.0,0.43628523375358813,0.31002331002331,0.32891504480965056,1.0,0.42857142857142855
514169,FTP-BruteForce,10,0.3333333333333333,-0.017857142857142853,0.009523809523809525,0.43628523375358813,0.31002331002331,0.35864324388863644,0.8,1.0
514169,FTP-BruteForce,20,0.3793103448275862,-0.041871921182266,-0.06403940886699505,0.43628523375358813,0.31002331002331,0.39390858184965505,0.45454545454545453,1.0
514378,Brute Force -Web,3,0.0,-0.6,-0.3333333333333333,0.0827400447653612,0.051615051615051616,0.0,,0.0
514378,Brute Force -Web,5,0.0,-0.7454545454545454,-0.5555555555555555,0.0827400447653612,0.051615051615051616,0.0,,0.25
514378,Brute Force -Web,10,0.05263157894736842,-0.7526315789473684,-0.543859649122807,0.0827400447653612,0.051615051615051616,0.013291704778403425,0.0,1.0
514378,Brute Force -Web,20,0.21212121212121213,-0.6310160427807487,-0.4507575757575758,0.0827400447653612,0.051615051615051616,0.06028452560615795,0.42857142857142855,1.0
514487,Infilteration,3,0.5,-0.7999999999999999,-0.6666666666666669,0.2050481164405215,0.14152514152514153,0.19926199261992625,1.0,0.5
514487,Infilteration,5,0.25,-0.14285714285714288,-0.14285714285714285,0.2050481164405215,0.14152514152514153,0.2849600742350614,1.0,0.42857142857142855
514487,Infilteration,10,0.25,-0.29411764705882354,-0.3,0.2050481164405215,0.14152514152514153,0.29687974348817275,0.75,0.8181818181818182
514487,Infilteration,20,0.21212121212121213,-0.2807486631016043,-0.22348484848484848,0.2050481164405215,0.14152514152514153,0.3146577603509105,0.5714285714285714,1.0
515246,Benign,3,0.2,-0.09999999999999999,0.0,0.21544278506303824,0.1461871461871462,0.2656826568265683,1.0,0.5
515246,Benign,5,0.25,0.023809523809523815,0.14285714285714285,0.21544278506303824,0.1461871461871462,0.32891504480965056,0.5,0.6666666666666666
515246,Benign,10,0.25,-0.14705882352941177,-0.03333333333333333,0.21544278506303824,0.1461871461871462,0.3245158622783501,0.75,1.0
515246,Benign,20,0.25,-0.2008797653958944,-0.11290322580645162,0.21544278506303824,0.1461871461871462,0.32520585259680995,0.75,1.0
515335,Infilteration,3,0.2,-0.7,-0.6,0.15130439181072092,0.10822510822510822,0.09963099630996312,1.0,0.2
515335,Infilteration,5,0.25,-0.523809523809524,-0.4999999999999999,0.15130439181072092,0.10822510822510822,0.1745232106664062,0.5,0.25
515335,Infilteration,10,0.17647058823529413,-0.3872549019607844,-0.2794117647058823,0.15130439181072092,0.10822510822510822,0.21415229024944885,0.3333333333333333,1.0
515335,Infilteration,20,0.17647058823529413,-0.42276546982429325,-0.304812834224599,0.15130439181072092,0.10822510822510822,0.2366819683605998,0.5,1.0
515574,DoS attacks-Hulk,3,0.2,0.0,-0.19999999999999998,0.11840058675501713,0.08491508491508491,0.6346863468634687,1.0,0.5
515574,DoS attacks-Hulk,5,0.1111111111111111,-0.25,-0.2777777777777778,0.11840058675501713,0.08491508491508491,0.4965617445239432,1.0,0.42857142857142855
515574,DoS attacks-Hulk,10,0.05263157894736842,-0.5280701754385965,-0.4269005847953216,0.11840058675501713,0.08491508491508491,0.3614441988713819,1.0,0.8181818181818182
515574,DoS attacks-Hulk,20,0.21212121212121213,-0.43215240641711233,-0.3068181818181818,0.11840058675501713,0.08491508491508491,0.3299791785466031,0.5714285714285714,1.0
515837,DoS attacks-Hulk,3,0.2,0.09999999999999999,0.0,0.13420756458731142,0.08824508824508825,0.6346863468634687,1.0,0.5
515837,DoS attacks-Hulk,5,0.25,-0.14285714285714288,-0.14285714285714285,0.13420756458731142,0.08824508824508825,0.5286049180728187,0.5,0.6666666666666666
515837,DoS attacks-Hulk,10,0.1111111111111111,-0.3353973168214654,-0.24183006535947715,0.13420756458731142,0.08824508824508825,0.4308283590282369,0.5,1.0
515837,DoS attacks-Hulk,20,0.14285714285714285,-0.3126050420168067,-0.20336134453781513,0.13420756458731142,0.08824508824508825,0.3916450976778699,0.6,1.0
516812,DoS attacks-Slowloris,3,0.2,0.0,-0.19999999999999998,0.08607847848354176,0.06027306027306028,0.6346863468634687,1.0,0.2
516812,DoS attacks-Slowloris,5,0.1111111111111111,-0.25,-0.2777777777777778,0.08607847848354176,0.06027306027306028,0.4965617445239432,1.0,0.25
516812,DoS attacks-Slowloris,10,0.1111111111111111,-0.3973168214654283,-0.2679738562091504,0.08607847848354176,0.06027306027306028,0.3673924203468,1.0,0.8181818181818182
516812,DoS attacks-Slowloris,20,0.14285714285714285,-0.46190476190476193,-0.3277310924369748,0.08607847848354176,0.06027306027306028,0.32088812135223627,0.6,1.0
517291,Brute Force -Web,3,0.0,-0.6571428571428573,-0.4666666666666666,0.09159195235144602,0.06160506160506161,0.0,,0.0
517291,Brute Force -Web,5,0.0,-0.7212121212121211,-0.5555555555555555,0.09159195235144602,0.06160506160506161,0.0,,0.1111111111111111
517291,Brute Force -Web,10,0.05263157894736842,-0.7614035087719299,-0.5555555555555555,0.09159195235144602,0.06160506160506161,0.022471058907135067,0.0,0.8181818181818182
517291,Brute Force -Web,20,0.1111111111111111,-0.676962676962677,-0.5079365079365079,0.09159195235144602,0.06160506160506161,0.05436699225602689,0.25,1.0
517324,DoS attacks-Slowloris,3,0.2,0.09999999999999999,0.0,0.07710011507479861,0.06027306027306028,0.6346863468634687,1.0,0.5
517324,DoS attacks-Slowloris,5,0.25,0.0,0.0,0.07710011507479861,0.06027306027306028,0.5731093257795903,1.0,0.6666666666666666
517324,DoS attacks-Slowloris,10,0.17647058823529413,-0.26715686274509803,-0.20588235294117643,0.07710011507479861,0.06027306027306028,0.4647581507787095,0.6666666666666666,0.8181818181818182
517324,DoS attacks-Slowloris,20,0.14285714285714285,-0.3837535014005603,-0.30084033613445377,0.07710011507479861,0.06027306027306028,0.42048806038802916,0.4,1.0
517438,DoS attacks-SlowHTTPTest,3,0.5,0.39999999999999997,0.3333333333333334,0.3992336777146903,0.26673326673326675,0.7343173431734318,1.0,0.5
517438,DoS attacks-SlowHTTPTest,5,0.25,0.11904761904761905,0.07142857142857142,0.3992336777146903,0.26673326673326675,0.6390417816414738,1.0,0.42857142857142855
517438,DoS attacks-SlowHTTPTest,10,0.3333333333333333,-0.075,-0.04761904761904762,0.3992336777146903,0.26673326673326675,0.5419750926495139,1.0,0.8181818181818182
517438,DoS attacks-SlowHTTPTest,20,0.3793103448275862,-0.06600985221674875,-0.039408866995073885,0.3992336777146903,0.26673326673326675,0.5229544347755726,0.5454545454545454,1.0
517938,DDOS attack-HOIC,3,0.2,0.09999999999999999,0.0,0.11283653055804954,0.06893106893106893,0.6346863468634687,1.0,0.2
517938,DDOS attack-HOIC,5,0.1111111111111111,-0.15,-0.1111111111111111,0.11283653055804954,0.06893106893106893,0.4965617445239432,1.0,0.42857142857142855
517938,DDOS attack-HOIC,10,0.05263157894736842,-0.36315789473684207,-0.1695906432748538,0.11283653055804954,0.06893106893106893,0.3614441988713819,1.0,0.6666666666666666
517938,DDOS attack-HOIC,20,0.1111111111111111,-0.5806949806949808,-0.4031746031746032,0.11283653055804954,0.06893106893106893,0.2978455309888385,0.5,1.0
518001,Infilteration,3,0.2,-0.3,-0.19999999999999998,0.393416709872406,0.27405927405927405,0.2656826568265683,1.0,0.5
518001,Infilteration,5,0.1111111111111111,-0.19999999999999998,-0.05555555555555555,0.393416709872406,0.27405927405927405,0.2523674635540035,1.0,0.6666666666666666
518001,Infilteration,10,0.42857142857142855,-0.015384615384615385,0.03296703296703297,0.393416709872406,0.27405927405927405,0.3421653560514093,0.5,0.8181818181818182
518001,Infilteration,20,0.42857142857142855,0.1981390257252326,0.11111111111111109,0.393416709872406,0.27405927405927405,0.4064902944803459,0.5833333333333334,1.0
518108,DDOS attack-HOIC,3,0.2,-0.3,-0.19999999999999998,0.13011039593318072,0.08291708291708293,0.2656826568265683,1.0,0.2
518108,DDOS attack-HOIC,5,0.1111111111111111,-0.2833333333333333,-0.16666666666666666,0.13011039593318072,0.08291708291708293,0.2523674635540035,1.0,0.42857142857142855
518108,DDOS attack-HOIC,10,0.05263157894736842,-0.543859649122807,-0.4152046783625731,0.13011039593318072,0.08291708291708293,0.20791020559261889,1.0,0.8181818181818182
518108,DDOS attack-HOIC,20,0.14285714285714285,-0.5887955182072829,-0.4386554621848739,0.13011039593318072,0.08291708291708293,0.18796903361360692,0.2,1.0
518911,Infilteration,3,0.0,-0.7714285714285715,-0.6,0.3662287080008599,0.2554112554112554,0.0,,0.5
518911,Infilteration,5,0.25,-0.8333333333333335,-0.6428571428571428,0.3662287080008599,0.2554112554112554,0.06408634709775098,1.0,0.42857142857142855
518911,Infilteration,10,0.3333333333333333,-0.2785714285714285,-0.1619047619047619,0.3662287080008599,0.2554112554112554,0.22376851355806446,0.6,1.0
518911,Infilteration,20,0.3333333333333333,-0.04827586206896552,-0.0574712643678161,0.3662287080008599,0.2554112554112554,0.3007282539455012,0.5,1.0
519101,DoS attacks-SlowHTTPTest,3,0.2,0.09999999999999999,0.0,0.26541812617761984,0.1774891774891775,0.6346863468634687,1.0,0.2
519101,DoS attacks-SlowHTTPTest,5,0.1111111111111111,-0.3,-0.3333333333333333,0.26541812617761984,0.1774891774891775,0.4965617445239432,1.0,0.25
519101,DoS attacks-SlowHTTPTest,10,0.1111111111111111,-0.40144478844169246,-0.25490196078431376,0.26541812617761984,0.1774891774891775,0.3673924203468,1.0,0.8181818181818182
519101,DoS attacks-SlowHTTPTest,20,0.21212121212121213,-0.4171122994652407,-0.29545454545454547,0.26541812617761984,0.1774891774891775,0.3503646413268883,0.42857142857142855,1.0
519731,DDoS attacks-LOIC-HTTP,3,0.2,-0.49999999999999994,-0.19999999999999998,0.2354228050430582,0.15551115551115552,0.09963099630996312,1.0,0.5
519731,DDoS attacks-LOIC-HTTP,5,0.1111111111111111,-0.5333333333333333,-0.3888888888888889,0.2354228050430582,0.15551115551115552,0.1424800371175307,1.0,0.6666666666666666
519731,DDoS attacks-LOIC-HTTP,10,0.1111111111111111,-0.4633642930856553,-0.34640522875817,0.2354228050430582,0.15551115551115552,0.18805733817599143,0.5,0.8181818181818182
519731,DDoS attacks-LOIC-HTTP,20,0.25,-0.531158357771261,-0.39919354838709686,0.2354228050430582,0.15551115551115552,0.19773706722929207,0.25,1.0
519793,Infilteration,3,0.0,-0.7142857142857143,-0.4666666666666666,0.2802134574286473,0.18814518814518816,0.0,,0.0
519793,Infilteration,5,0.0,-0.6363636363636362,-0.37777777777777777,0.2802134574286473,0.18814518814518816,0.0,,0.1111111111111111
519793,Infilteration,10,0.17647058823529413,-0.4436274509803922,-0.24999999999999997,0.2802134574286473,0.18814518814518816,0.06989014529582485,1.0,0.6666666666666666
519793,Infilteration,20,0.2903225806451613,-0.14354838709677423,-0.07526881720430108,0.2802134574286473,0.18814518814518816,0.16101321011844766,0.7777777777777778,1.0
519990,Brute Force -Web,3,0.2,-0.6,-0.39999999999999997,0.34111458162091074,0.28471528471528473,0.09963099630996312,0.0,0.2
519990,Brute Force -Web,5,0.1111111111111111,-0.33333333333333337,-0.2222222222222222,0.34111458162091074,0.28471528471528473,0.1424800371175307,0.0,0.25
519990,Brute Force -Web,10,0.17647058823529413,-0.4093137254901961,-0.2941176470588235,0.34111458162091074,0.28471528471528473,0.16723918899972878,0.0,0.6666666666666666
519990,Brute Force -Web,20,0.2903225806451613,-0.33830645161290324,-0.2688172043010753,0.34111458162091074,0.28471528471528473,0.22462233034500975,0.0,1.0
520651,Benign,3,0.5,0.39999999999999997,0.3333333333333334,0.3583884469960419,0.24275724275724278,0.7343173431734318,0.5,0.5
520651,Benign,5,0.25,0.07142857142857144,-0.07142857142857142,0.3583884469960419,0.24275724275724278,0.6390417816414738,0.5,0.42857142857142855
520651,Benign,10,0.25,-0.12058823529411765,-0.11666666666666665,0.3583884469960419,0.24275724275724278,0.5403397105742619,0.5,0.8181818181818182
520651,Benign,20,0.3333333333333333,-0.023804226918798663,-0.04827586206896552,0.3583884469960419,0.24275724275724278,0.524014091428076,0.5,1.0
520811,Brute Force -Web,3,0.2,-0.6,-0.39999999999999997,0.33830726235789527,0.2833832833832834,0.09963099630996312,0.0,0.2
520811,Brute Force -Web,5,0.1111111111111111,-0.33333333333333337,-0.2222222222222222,0.33830726235789527,0.2833832833832834,0.1424800371175307,0.0,0.25
520811,Brute Force -Web,10,0.17647058823529413,-0.4093137254901961,-0.2941176470588235,0.33830726235789527,0.2833832833832834,0.16723918899972878,0.0,0.6666666666666666
520811,Brute Force -Web,20,0.2903225806451613,-0.33830645161290324,-0.2688172043010753,0.33830726235789527,0.2833832833832834,0.22462233034500975,0.0,1.0
521292,DoS attacks-Slowloris,3,0.0,-0.6,-0.3333333333333333,0.39129225205174567,0.2753912753912754,0.0,,0.2
521292,DoS attacks-Slowloris,5,0.1111111111111111,-0.4666666666666666,-0.2777777777777778,0.39129225205174567,0.2753912753912754,0.076547581255647,1.0,0.42857142857142855
521292,DoS attacks-Slowloris,10,0.25,-0.31176470588235294,-0.25,0.39129225205174567,0.2753912753912754,0.19402224637941523,0.75,0.8181818181818182
521292,DoS attacks-Slowloris,20,0.2903225806451613,-0.13991935483870968,-0.08387096774193549,0.39129225205174567,0.2753912753912754,0.24403060405603116,0.5555555555555556,1.0
521385,DoS attacks-GoldenEye,3,0.2,0.09999999999999999,0.0,0.3110939693218174,0.19413919413919414,0.6346863468634687,1.0,0.2
521385,DoS attacks-GoldenEye,5,0.1111111111111111,-0.13333333333333333,-0.05555555555555555,0.3110939693218174,0.19413919413919414,0.4965617445239432,1.0,0.25
521385,DoS attacks-GoldenEye,10,0.25,-0.19999999999999998,-0.13333333333333333,0.3110939693218174,0.19413919413919414,0.4464443921157361,1.0,0.6666666666666666
521385,DoS attacks-GoldenEye,20,0.25,-0.2690615835777126,-0.22580645161290325,0.3110939693218174,0.19413919413919414,0.41857799587164285,0.625,1.0
521409,Infilteration,3,0.0,-0.7142857142857143,-0.4666666666666666,0.381201077403609,0.26473526473526476,0.0,,0.5
521409,Infilteration,5,0.1111111111111111,-0.6666666666666667,-0.4444444444444444,0.381201077403609,0.26473526473526476,0.03204317354887549,1.0,0.42857142857142855
521409,Infilteration,10,0.3333333333333333,-0.35357142857142854,-0.2571428571428572,0.381201077403609,0.26473526473526476,0.1719888975797788,0.6,0.8181818181818182
521409,Infilteration,20,0.25,-0.188049853372434,-0.1532258064516129,0.381201077403609,0.26473526473526476,0.23109263450627326,0.625,1.0
521524,DoS attacks-Slowloris,3,0.0,-0.6571428571428573,-0.4666666666666666,0.3354746519303481,0.23143523143523145,0.0,,0.5
521524,DoS attacks-Slowloris,5,0.1111111111111111,-0.5499999999999999,-0.3888888888888889,0.3354746519303481,0.23143523143523145,0.076547581255647,1.0,0.6666666666666666
521524,DoS attacks-Slowloris,10,0.17647058823529413,-0.3774509803921569,-0.2647058823529411,0.3354746519303481,0.23143523143523145,0.15396417094933107,1.0,0.6666666666666666
521524,DoS attacks-Slowloris,20,0.3333333333333333,-0.10834260289210233,-0.06666666666666667,0.3354746519303481,0.23143523143523145,0.22629829304934862,0.7,1.0
521606,Benign,3,0.5,-1.0,-1.0,0.21094095777640082,0.1461871461871462,0.19926199261992625,1.0,0.5
521606,Benign,5,0.42857142857142855,-0.03571428571428572,-0.14285714285714288,0.21094095777640082,0.1461871461871462,0.3615076554907084,1.0,0.42857142857142855
521606,Benign,10,0.17647058823529413,-0.09803921568627452,-0.16176470588235295,0.21094095777640082,0.1461871461871462,0.3750055476662609,1.0,0.8181818181818182
521606,Benign,20,0.17647058823529413,-0.3570664629488159,-0.2976827094474154,0.21094095777640082,0.1461871461871462,0.3389853146969505,0.5,1.0
521700,Brute Force -XSS,3,0.0,-0.8857142857142858,-0.7333333333333333,0.270931600045524,0.1874791874791875,0.0,,0.0
521700,Brute Force -XSS,5,0.0,-0.7333333333333332,-0.5111111111111111,0.270931600045524,0.1874791874791875,0.0,,0.25
521700,Brute Force -XSS,10,0.0,-0.813533834586466,-0.5894736842105264,0.270931600045524,0.1874791874791875,0.0,,0.8181818181818182
521700,Brute Force -XSS,20,0.25,-0.7089442815249266,-0.5161290322580646,0.270931600045524,0.1874791874791875,0.03986359008765314,0.625,1.0
521833,DoS attacks-Slowloris,3,0.2,0.09999999999999999,0.0,0.11243187192554281,0.07625707625707626,0.6346863468634687,1.0,0.2
521833,DoS attacks-Slowloris,5,0.42857142857142855,0.0,-0.04761904761904762,0.11243187192554281,0.07625707625707626,0.6051524993284658,1.0,0.42857142857142855
521833,DoS attacks-Slowloris,10,0.17647058823529413,-0.06617647058823531,0.0,0.11243187192554281,0.07625707625707626,0.5281940894601466,1.0,0.8181818181818182
521833,DoS attacks-Slowloris,20,0.14285714285714285,-0.3341736694677871,-0.2672268907563025,0.11243187192554281,0.07625707625707626,0.46364394175611,0.6,1.0
522204,Brute Force -XSS,3,0.0,-0.7714285714285715,-0.6,0.13564916096561666,0.09024309024309024,0.0,,0.0
522204,Brute Force -XSS,5,0.0,-0.7575757575757575,-0.5555555555555555,0.13564916096561666,0.09024309024309024,0.0,,0.25
522204,Brute Force -XSS,10,0.0,-0.7503759398496239,-0.5263157894736842,0.13564916096561666,0.09024309024309024,0.0,,0.8181818181818182
522204,Brute Force -XSS,20,0.21212121212121213,-0.6420454545454546,-0.39772727272727276,0.13564916096561666,0.09024309024309024,0.024211848350352883,0.5714285714285714,1.0
522450,DoS attacks-Hulk,3,0.2,0.0,-0.19999999999999998,0.1653662792903299,0.10755910755910755,0.6346863468634687,1.0,0.2
522450,DoS attacks-Hulk,5,0.1111111111111111,-0.33333333333333337,-0.3888888888888889,0.1653662792903299,0.10755910755910755,0.4965617445239432,1.0,0.25
522450,DoS attacks-Hulk,10,0.05263157894736842,-0.4982456140350877,-0.38011695906432746,0.1653662792903299,0.10755910755910755,0.3614441988713819,1.0,0.8181818181818182
522450,DoS attacks-Hulk,20,0.21212121212121213,-0.4207887700534759,-0.26136363636363635,0.1653662792903299,0.10755910755910755,0.3270685209798338,0.5714285714285714,1.0
522606,Infilteration,3,0.0,-0.6,-0.3333333333333333,0.22763312636730357,0.15884115884115885,0.0,,0.5
522606,Infilteration,5,0.1111111111111111,-0.7666666666666667,-0.5,0.22763312636730357,0.15884115884115885,0.03204317354887549,1.0,0.6666666666666666
522606,Infilteration,10,0.25,-0.3382352941176471,-0.19999999999999998,0.22763312636730357,0.15884115884115885,0.17522003023309232,0.5,0.6666666666666666
522606,Infilteration,20,0.3333333333333333,-0.13014460511679646,-0.07126436781609195,0.22763312636730357,0.15884115884115885,0.25292013203643254,0.4,1.0
522632,DDoS attacks-LOIC-HTTP,3,0.0,-0.7142857142857143,-0.4666666666666666,0.19880119880119881,0.1208791208791209,0.0,,0.2
522632,DDoS attacks-LOIC-HTTP,5,0.1111111111111111,-0.75,-0.5555555555555556,0.19880119880119881,0.1208791208791209,0.03204317354887549,1.0,0.25
522632,DDoS attacks-LOIC-HTTP,10,0.1111111111111111,-0.564499484004128,-0.3856209150326798,0.19880119880119881,0.1208791208791209,0.0826758649352585,1.0,0.8181818181818182
522632,DDoS attacks-LOIC-HTTP,20,0.14285714285714285,-0.47422969187675074,-0.3277310924369748,0.19880119880119881,0.1208791208791209,0.1152197419374589,0.8,1.0
524341,Brute Force -Web,3,0.0,-0.7714285714285715,-0.6,0.007878197751615473,0.007659007659007659,0.0,,0.0
524341,Brute Force -Web,5,0.0,-0.6848484848484848,-0.4222222222222222,0.007878197751615473,0.007659007659007659,0.0,,0.42857142857142855
524341,Brute Force -Web,10,0.05263157894736842,-0.7508771929824561,-0.52046783625731,0.007878197751615473,0.007659007659007659,0.005948221475418107,0.0,0.8181818181818182
524341,Brute Force -Web,20,0.17647058823529413,-0.5944996180290297,-0.4188948306595366,0.007878197751615473,0.007659007659007659,0.059249684585376175,0.3333333333333333,1.0
524431,DoS attacks-SlowHTTPTest,3,0.5,0.0,0.0,0.39609757331276313,0.2807192807192807,0.3653136531365314,1.0,0.5
524431,DoS attacks-SlowHTTPTest,5,0.25,0.07142857142857144,0.0,0.39609757331276313,0.2807192807192807,0.3948475006715343,1.0,0.25
524431,DoS attacks-SlowHTTPTest,10,0.3333333333333333,-0.08214285714285713,-0.06666666666666668,0.39609757331276313,0.2807192807192807,0.38844109937075116,1.0,0.6666666666666666
524431,DoS attacks-SlowHTTPTest,20,0.2903225806451613,-0.13306451612903228,-0.10537634408602152,0.39609757331276313,0.2807192807192807,0.4025062760804538,0.6666666666666666,1.0
524740,Bot,3,0.0,-0.8857142857142858,-0.7333333333333333,0.20441583732722973,0.14485514485514486,0.0,,0.2
524740,Bot,5,0.0,-0.8909090909090909,-0.7333333333333333,0.20441583732722973,0.14485514485514486,0.0,,0.42857142857142855
524740,Bot,10,0.05263157894736842,-0.5859649122807017,-0.3684210526315789,0.20441583732722973,0.14485514485514486,0.03412738161028636,1.0,0.6666666666666666
524740,Bot,20,0.2903225806451613,-0.45241935483870976,-0.29462365591397854,0.20441583732722973,0.14485514485514486,0.08214903558131255,0.7777777777777778,1.0
524824,FTP-BruteForce,3,0.2,-0.3,-0.19999999999999998,0.30699680066768675,0.2281052281052281,0.2656826568265683,1.0,0.5
524824,FTP-BruteForce,5,0.25,-0.09523809523809526,-0.07142857142857142,0.30699680066768675,0.2281052281052281,0.32891504480965056,1.0,0.25
524824,FTP-BruteForce,10,0.3333333333333333,-0.06071428571428571,-0.06666666666666668,0.30699680066768675,0.2281052281052281,0.35864324388863644,0.8,0.8181818181818182
524824,FTP-BruteForce,20,0.3793103448275862,-0.10935960591133002,-0.1379310344827586,0.30699680066768675,0.2281052281052281,0.38965891812102527,0.45454545454545453,1.0
525152,DoS attacks-Slowloris,3,0.0,-0.6571428571428573,-0.4666666666666666,0.5203783558213938,0.367965367965368,0.0,,0.5
525152,DoS attacks-Slowloris,5,0.1111111111111111,-0.5499999999999999,-0.3888888888888889,0.5203783558213938,0.367965367965368,0.076547581255647,1.0,0.6666666666666666
525152,DoS attacks-Slowloris,10,0.25,-0.22941176470588234,-0.13333333333333333,0.5203783558213938,0.367965367965368,0.18809155255961738,0.75,0.8181818181818182
525152,DoS attacks-Slowloris,20,0.3793103448275862,-0.07881773399014776,-0.05418719211822659,0.5203783558213938,0.367965367965368,0.25503081595164134,0.7272727272727273,1.0
525166,DoS attacks-GoldenEye,3,0.0,-0.7142857142857143,-0.4666666666666666,0.29566635895749815,0.21944721944721945,0.0,,0.2
525166,DoS attacks-GoldenEye,5,0.0,-0.6484848484848483,-0.3333333333333333,0.29566635895749815,0.21944721944721945,0.0,,0.42857142857142855
525166,DoS attacks-GoldenEye,10,0.17647058823529413,-0.6936274509803922,-0.41176470588235287,0.29566635895749815,0.21944721944721945,0.041710985160956594,1.0,0.8181818181818182
525166,DoS attacks-GoldenEye,20,0.3793103448275862,-0.3472906403940886,-0.22660098522167485,0.29566635895749815,0.21944721944721945,0.1436905904714392,0.8181818181818182,1.0
525261,Bot,3,0.0,-0.8857142857142858,-0.7333333333333333,0.0909849644026859,0.06227106227106227,0.0,,0.5
525261,Bot,5,0.0,-0.8060606060606059,-0.6,0.0909849644026859,0.06227106227106227,0.0,,0.42857142857142855
525261,Bot,10,0.05263157894736842,-0.7385964912280703,-0.49707602339181284,0.0909849644026859,0.06227106227106227,0.005948221475418107,1.0,0.6666666666666666
525261,Bot,20,0.17647058823529413,-0.626585179526356,-0.41532976827094475,0.0909849644026859,0.06227106227106227,0.03809057110503835,0.5,1.0
525466,DDOS attack-HOIC,3,0.2,0.09999999999999999,0.0,0.306516268541585,0.20546120546120547,0.6346863468634687,1.0,0.2
525466,DDOS attack-HOIC,5,0.1111111111111111,-0.2833333333333333,-0.3333333333333333,0.306516268541585,0.20546120546120547,0.4965617445239432,1.0,0.6666666666666666
525466,DDOS attack-HOIC,10,0.1111111111111111,-0.3519091847265222,-0.25490196078431376,0.306516268541585,0.20546120546120547,0.4106816284301976,1.0,0.8181818181818182
525466,DDOS attack-HOIC,20,0.21212121212121213,-0.4953208556149733,-0.3598484848484849,0.306516268541585,0.20546120546120547,0.35188005590943544,0.2857142857142857,1.0
527604,Brute Force -Web,3,0.0,-0.7142857142857143,-0.4666666666666666,0.05623490433617015,0.03696303696303697,0.0,,0.0
527604,Brute Force -Web,5,0.0,-0.6606060606060605,-0.4222222222222222,0.05623490433617015,0.03696303696303697,0.0,,0.25
527604,Brute Force -Web,10,0.05263157894736842,-0.6947368421052632,-0.4502923976608187,0.05623490433617015,0.03696303696303697,0.005948221475418107,0.0,0.8181818181818182
527604,Brute Force -Web,20,0.1111111111111111,-0.6368082368082368,-0.4476190476190477,0.05623490433617015,0.03696303696303697,0.043061656746531944,0.25,1.0
527622,DoS attacks-SlowHTTPTest,3,0.5,0.39999999999999997,0.3333333333333334,0.35183803538233915,0.23809523809523808,0.7343173431734318,1.0,0.5
527622,DoS attacks-SlowHTTPTest,5,0.25,0.2142857142857143,0.21428571428571427,0.35183803538233915,0.23809523809523808,0.6390417816414738,1.0,0.42857142857142855
527622,DoS attacks-SlowHTTPTest,10,0.25,-0.14705882352941177,-0.13333333333333333,0.35183803538233915,0.23809523809523808,0.5286833878711106,1.0,0.8181818181818182
527622,DoS attacks-SlowHTTPTest,20,0.2903225806451613,-0.16088709677419355,-0.14838709677419357,0.35183803538233915,0.23809523809523808,0.5019834254538471,0.6666666666666666,1.0
528023,DDOS attack-LOIC-UDP,3,0.0,-0.7142857142857143,-0.4666666666666666,0.7891981436285234,0.6789876789876791,0.0,,0.0
528023,DDOS attack-LOIC-UDP,5,0.1111111111111111,-0.6166666666666666,-0.4444444444444444,0.7891981436285234,0.6789876789876791,0.076547581255647,0.0,0.25
528023,DDOS attack-LOIC-UDP,10,0.1111111111111111,-0.500515995872033,-0.3725490196078432,0.7891981436285234,0.6789876789876791,0.13149311204219602,0.0,0.8181818181818182
528023,DDOS attack-LOIC-UDP,20,0.2903225806451613,-0.4254032258064516,-0.24731182795698925,0.7891981436285234,0.6789876789876791,0.1521234968489739,0.0,1.0
528258,Bot,3,0.0,-0.7714285714285715,-0.6,0.029375687603535705,0.014985014985014984,0.0,,0.5
528258,Bot,5,0.0,-0.7575757575757575,-0.5555555555555555,0.029375687603535705,0.014985014985014984,0.0,,0.42857142857142855
528258,Bot,10,0.0,-0.78796992481203,-0.5684210526315789,0.029375687603535705,0.014985014985014984,0.0,,0.6666666666666666
528258,Bot,20,0.1111111111111111,-0.640926640926641,-0.4126984126984128,0.029375687603535705,0.014985014985014984,0.017928419416297997,0.5,1.0
528901,DDOS attack-HOIC,3,0.2,0.09999999999999999,0.0,0.24695557606950008,0.15950715950715952,0.6346863468634687,1.0,0.2
528901,DDOS attack-HOIC,5,0.1111111111111111,-0.35,-0.3888888888888889,0.24695557606950008,0.15950715950715952,0.4965617445239432,1.0,0.6666666666666666
528901,DDOS attack-HOIC,10,0.1111111111111111,-0.3353973168214654,-0.20261437908496735,0.24695557606950008,0.15950715950715952,0.39557158048166824,1.0,0.8181818181818182
528901,DDOS attack-HOIC,20,0.21212121212121213,-0.4491978609625669,-0.3333333333333333,0.24695557606950008,0.15950715950715952,0.34913940841157065,0.42857142857142855,1.0
529044,DDOS attack-LOIC-UDP,3,0.0,-0.7142857142857143,-0.4666666666666666,0.7916008042590321,0.6769896769896769,0.0,,0.0
529044,DDOS attack-LOIC-UDP,5,0.1111111111111111,-0.6166666666666666,-0.4444444444444444,0.7916008042590321,0.6769896769896769,0.076547581255647,0.0,0.25
529044,DDOS attack-LOIC-UDP,10,0.1111111111111111,-0.479876160990712,-0.3725490196078432,0.7916008042590321,0.6769896769896769,0.13149311204219602,0.0,0.8181818181818182
529044,DDOS attack-LOIC-UDP,20,0.2903225806451613,-0.41975806451612907,-0.2602150537634409,0.7916008042590321,0.6769896769896769,0.1542636763539254,0.0,1.0
529520,FTP-BruteForce,3,0.2,-0.3,-0.19999999999999998,0.3542912783419112,0.24342324342324342,0.2656826568265683,1.0,0.5
529520,FTP-BruteForce,5,0.25,-0.09523809523809526,-0.07142857142857142,0.3542912783419112,0.24342324342324342,0.32891504480965056,1.0,0.25
529520,FTP-BruteForce,10,0.3333333333333333,-0.05357142857142857,-0.028571428571428574,0.3542912783419112,0.24342324342324342,0.35864324388863644,0.8,0.8181818181818182
529520,FTP-BruteForce,20,0.42857142857142855,-0.034482758620689655,-0.047619047619047616,0.3542912783419112,0.24342324342324342,0.40057820313850495,0.4166666666666667,1.0
529556,DoS attacks-Hulk,3,0.5,0.7999999999999999,0.6666666666666669,0.2253063392303898,0.14885114885114886,0.900369003690037,1.0,0.5
529556,DoS attacks-Hulk,5,0.25,0.261904761904762,0.14285714285714285,0.2253063392303898,0.14885114885114886,0.7489292080779467,1.0,0.25
529556,DoS attacks-Hulk,10,0.1111111111111111,-0.2053663570691434,-0.18954248366013074,0.2253063392303898,0.14885114885114886,0.5693544044640008,1.0,0.8181818181818182
529556,DoS attacks-Hulk,20,0.17647058823529413,-0.27975553857906793,-0.18360071301247774,0.2253063392303898,0.14885114885114886,0.4868813871889353,0.8333333333333334,1.0
530909,Benign,3,0.2,-0.49999999999999994,-0.39999999999999997,0.12593735378545506,0.08424908424908426,0.2656826568265683,1.0,0.5
530909,Benign,5,0.1111111111111111,-0.3,-0.1111111111111111,0.12593735378545506,0.08424908424908426,0.2523674635540035,1.0,0.42857142857142855
530909,Benign,10,0.1111111111111111,-0.4179566563467492,-0.2941176470588236,0.12593735378545506,0.08424908424908426,0.23038126449975396,1.0,0.8181818181818182
530909,Benign,20,0.17647058823529413,-0.5679144385026738,-0.4509803921568628,0.12593735378545506,0.08424908424908426,0.22299147444840728,0.6666666666666666,1.0
531225,Brute Force -Web,3,0.0,-0.8285714285714287,-0.7333333333333333,0.1510514801654042,0.1008991008991009,0.0,,0.0
531225,Brute Force -Web,5,0.0,-0.8666666666666665,-0.7333333333333333,0.1510514801654042,0.1008991008991009,0.0,,0.0
531225,Brute Force -Web,10,0.05263157894736842,-0.6789473684210526,-0.4619883040935673,0.1510514801654042,0.1008991008991009,0.022471058907135067,0.0,0.8181818181818182
531225,Brute Force -Web,20,0.1111111111111111,-0.6002574002574004,-0.4190476190476191,0.1510514801654042,0.1008991008991009,0.06158906736786878,0.5,1.0
531607,FTP-BruteForce,3,0.2,-0.3,-0.19999999999999998,0.4488296513612969,0.30602730602730605,0.2656826568265683,1.0,0.5
531607,FTP-BruteForce,5,0.25,-0.04761904761904763,0.0,0.4488296513612969,0.30602730602730605,0.32891504480965056,1.0,0.25
531607,FTP-BruteForce,10,0.3333333333333333,-0.0035714285714285704,0.04761904761904762,0.4488296513612969,0.30602730602730605,0.35864324388863644,0.8,1.0
531607,FTP-BruteForce,20,0.3333333333333333,-0.029143492769744164,-0.03448275862068966,0.4488296513612969,0.30602730602730605,0.39118562630608555,0.5,1.0
531733,DoS attacks-Hulk,3,0.2,0.09999999999999999,0.0,0.16405113873468302,0.1068931068931069,0.6346863468634687,1.0,0.5
531733,DoS attacks-Hulk,5,0.1111111111111111,-0.31666666666666665,-0.3333333333333333,0.16405113873468302,0.1068931068931069,0.4965617445239432,1.0,0.42857142857142855
531733,DoS attacks-Hulk,10,0.05263157894736842,-0.4719298245614035,-0.3333333333333333,0.16405113873468302,0.1068931068931069,0.3614441988713819,1.0,0.8181818181818182
531733,DoS attacks-Hulk,20,0.17647058823529413,-0.38915202444614205,-0.2762923351158646,0.16405113873468302,0.1068931068931069,0.33633647654059257,0.8333333333333334,1.0
532195,Benign,3,0.2,-0.09999999999999999,0.0,0.45970485210991535,0.314019314019314,0.2656826568265683,1.0,0.5
532195,Benign,5,0.25,-0.04761904761904763,0.0,0.45970485210991535,0.314019314019314,0.32891504480965056,1.0,0.42857142857142855
532195,Benign,10,0.17647058823529413,-0.07843137254901962,-0.044117647058823525,0.45970485210991535,0.314019314019314,0.3394033176348149,1.0,0.8181818181818182
532195,Benign,20,0.48148148148148145,-0.014041514041514042,-0.00854700854700855,0.45970485210991535,0.314019314019314,0.37170601693176925,0.6923076923076923,1.0
532287,DoS attacks-GoldenEye,3,0.5,0.6000000000000001,0.3333333333333334,0.4790525929766436,0.335997335997336,0.5313653136531366,1.0,0.5
532287,DoS attacks-GoldenEye,5,0.25,0.2380952380952381,0.07142857142857142,0.4790525929766436,0.335997335997336,0.504734927108007,1.0,0.6666666666666666
532287,DoS attacks-GoldenEye,10,0.25,-0.09411764705882353,-0.09999999999999999,0.4790525929766436,0.335997335997336,0.4558960142709423,0.75,0.8181818181818182
532287,DoS attacks-GoldenEye,20,0.3793103448275862,0.010837438423645318,-0.019704433497536943,0.4790525929766436,0.335997335997336,0.4719574799936407,0.7272727272727273,1.0
532375,DoS attacks-GoldenEye,3,0.2,0.09999999999999999,0.0,0.23046573679485072,0.15884115884115885,0.6346863468634687,1.0,0.2
532375,DoS attacks-GoldenEye,5,0.25,-0.14285714285714288,-0.14285714285714285,0.23046573679485072,0.15884115884115885,0.5286049180728187,1.0,0.42857142857142855
532375,DoS attacks-GoldenEye,10,0.17647058823529413,-0.27696078431372556,-0.2352941176470588,0.23046573679485072,0.15884115884115885,0.436776580503655,1.0,0.6666666666666666
532375,DoS attacks-GoldenEye,20,0.3333333333333333,-0.1421579532814238,-0.0942528735632184,0.23046573679485072,0.15884115884115885,0.4256481700962845,0.7,1.0
533025,Benign,3,0.5,0.6000000000000001,0.3333333333333334,0.37515648908053967,0.2620712620712621,0.5313653136531366,1.0,0.5
533025,Benign,5,0.25,0.261904761904762,0.14285714285714285,0.37515648908053967,0.2620712620712621,0.504734927108007,1.0,0.42857142857142855
533025,Benign,10,0.25,0.05294117647058824,0.03333333333333333,0.37515648908053967,0.2620712620712621,0.4724188517026593,1.0,0.6666666666666666
533025,Benign,20,0.25,-0.06964809384164222,-0.0685483870967742,0.37515648908053967,0.2620712620712621,0.45524658112128347,0.625,1.0
533710,DDOS attack-LOIC-UDP,3,0.0,-0.7142857142857143,-0.4666666666666666,0.7888693584896117,0.6783216783216783,0.0,,0.0
533710,DDOS attack-LOIC-UDP,5,0.1111111111111111,-0.6666666666666667,-0.5,0.7888693584896117,0.6783216783216783,0.076547581255647,0.0,0.25
533710,DDOS attack-LOIC-UDP,10,0.1111111111111111,-0.4901960784313726,-0.35947712418300654,0.7888693584896117,0.6783216783216783,0.13149311204219602,0.0,0.8181818181818182
533710,DDOS attack-LOIC-UDP,20,0.2903225806451613,-0.43064516129032265,-0.2516129032258065,0.7888693584896117,0.6783216783216783,0.15106875473713477,0.0,1.0
534876,DoS attacks-Slowloris,3,0.0,-0.6571428571428573,-0.4666666666666666,0.43929488233285696,0.31002331002331,0.0,,0.2
534876,DoS attacks-Slowloris,5,0.1111111111111111,-0.5499999999999999,-0.4444444444444444,0.43929488233285696,0.31002331002331,0.076547581255647,1.0,0.42857142857142855
534876,DoS attacks-Slowloris,10,0.25,-0.34705882352941175,-0.3,0.43929488233285696,0.31002331002331,0.19402224637941523,0.75,0.8181818181818182
534876,DoS attacks-Slowloris,20,0.2903225806451613,-0.1459677419354839,-0.08387096774193549,0.43929488233285696,0.31002331002331,0.2475624786500454,0.5555555555555556,1.0
535830,DDOS attack-LOIC-UDP,3,0.0,-0.7142857142857143,-0.4666666666666666,0.7891475612994598,0.6776556776556777,0.0,,0.0
535830,DDOS attack-LOIC-UDP,5,0.1111111111111111,-0.6833333333333333,-0.5555555555555556,0.7891475612994598,0.6776556776556777,0.076547581255647,0.0,0.25
535830,DDOS attack-LOIC-UDP,10,0.1111111111111111,-0.5108359133126935,-0.3856209150326798,0.7891475612994598,0.6776556776556777,0.11983678933904471,0.0,0.8181818181818182
535830,DDOS attack-LOIC-UDP,20,0.2903225806451613,-0.43306451612903224,-0.25591397849462366,0.7891475612994598,0.6776556776556777,0.14242598092495234,0.0,1.0
535970,DDOS attack-LOIC-UDP,3,0.0,-0.7714285714285715,-0.6,0.7905638665132335,0.6736596736596737,0.0,,0.0
535970,DDOS attack-LOIC-UDP,5,0.1111111111111111,-0.5666666666666667,-0.3888888888888889,0.7905638665132335,0.6736596736596737,0.076547581255647,0.0,0.25
535970,DDOS attack-LOIC-UDP,10,0.1111111111111111,-0.5046439628482973,-0.411764705882353,0.7905638665132335,0.6736596736596737,0.13149311204219602,0.0,0.8181818181818182
535970,DDOS attack-LOIC-UDP,20,0.2903225806451613,-0.44193548387096776,-0.2817204301075269,0.7905638665132335,0.6736596736596737,0.1521234968489739,0.0,1.0
537128,DDOS attack-HOIC,3,0.2,-0.39999999999999997,-0.39999999999999997,0.11809709278063707,0.0775890775890776,0.2656826568265683,1.0,0.2
537128,DDOS attack-HOIC,5,0.1111111111111111,-0.39999999999999997,-0.3888888888888889,0.11809709278063707,0.0775890775890776,0.2523674635540035,1.0,0.42857142857142855
537128,DDOS attack-HOIC,10,0.05263157894736842,-0.519298245614035,-0.3684210526315789,0.11809709278063707,0.0775890775890776,0.20791020559261889,1.0,0.6666666666666666
537128,DDOS attack-HOIC,20,0.14285714285714285,-0.6288515406162466,-0.4621848739495798,0.11809709278063707,0.0775890775890776,0.18051824927805807,0.4,1.0
537276,DDOS attack-HOIC,3,0.2,-0.3,-0.19999999999999998,0.20360652006221625,0.13752913752913754,0.2656826568265683,1.0,0.2
537276,DDOS attack-HOIC,5,0.1111111111111111,-0.43333333333333335,-0.4444444444444444,0.20360652006221625,0.13752913752913754,0.2523674635540035,1.0,0.42857142857142855
537276,DDOS attack-HOIC,10,0.1111111111111111,-0.38906088751289986,-0.2941176470588236,0.20360652006221625,0.13752913752913754,0.25714763515143474,1.0,0.8181818181818182
537276,DDOS attack-HOIC,20,0.17647058823529413,-0.494881588999236,-0.36541889483065954,0.20360652006221625,0.13752913752913754,0.23956643810294306,0.5,1.0
537705,Benign,3,0.2,-0.6,-0.39999999999999997,0.2736630458149445,0.2027972027972028,0.09963099630996312,1.0,0.2
537705,Benign,5,0.1111111111111111,-0.5166666666666667,-0.3888888888888889,0.2736630458149445,0.2027972027972028,0.1424800371175307,1.0,0.6666666666666666
537705,Benign,10,0.05263157894736842,-0.48947368421052634,-0.2982456140350877,0.2736630458149445,0.2027972027972028,0.13881990861717564,1.0,0.6666666666666666
537705,Benign,20,0.25,-0.30938416422287385,-0.1653225806451613,0.2736630458149445,0.2027972027972028,0.18299645721109953,0.625,1.0
537964,SSH-Bruteforce,3,0.2,-0.49999999999999994,-0.39999999999999997,0.1783153555305454,0.12420912420912421,0.2656826568265683,1.0,0.5
537964,SSH-Bruteforce,5,0.1111111111111111,-0.31666666666666665,-0.2222222222222222,0.1783153555305454,0.12420912420912421,0.2523674635540035,1.0,0.25
537964,SSH-Bruteforce,10,0.17647058823529413,-0.3186274509803922,-0.2205882352941176,0.1783153555305454,0.12420912420912421,0.2796186940585698,1.0,0.8181818181818182
537964,SSH-Bruteforce,20,0.25,-0.30975073313782986,-0.2580645161290323,0.1783153555305454,0.12420912420912421,0.29627520755124975,0.875,1.0
537993,Infilteration,3,0.0,-0.8285714285714287,-0.7333333333333333,0.3262686680408199,0.21012321012321014,0.0,,0.0
537993,Infilteration,5,0.1111111111111111,-0.6333333333333333,-0.4444444444444444,0.3262686680408199,0.21012321012321014,0.03204317354887549,1.0,0.42857142857142855
537993,Infilteration,10,0.17647058823529413,-0.4436274509803922,-0.3235294117647059,0.3262686680408199,0.21012321012321014,0.12456981119108901,0.6666666666666666,0.8181818181818182
537993,Infilteration,20,0.25,-0.22580645161290322,-0.15725806451612906,0.3262686680408199,0.21012321012321014,0.18902058379364967,0.25,1.0
538093,Bot,3,0.0,-0.942857142857143,-0.8666666666666666,0.10896698238470391,0.06693306693306693,0.0,,0.5
538093,Bot,5,0.0,-0.8666666666666665,-0.7333333333333333,0.10896698238470391,0.06693306693306693,0.0,,0.25
538093,Bot,10,0.05263157894736842,-0.787719298245614,-0.6257309941520467,0.10896698238470391,0.06693306693306693,0.03412738161028636,1.0,0.6666666666666666
538093,Bot,20,0.14285714285714285,-0.5871148459383754,-0.4016806722689075,0.10896698238470391,0.06693306693306693,0.06152334883009451,0.4,1.0
538599,DDoS attacks-LOIC-HTTP,3,0.2,-0.49999999999999994,-0.19999999999999998,0.15813300623427204,0.1008991008991009,0.09963099630996312,1.0,0.5
538599,DDoS attacks-LOIC-HTTP,5,0.1111111111111111,-0.5499999999999999,-0.4444444444444444,0.15813300623427204,0.1008991008991009,0.1424800371175307,1.0,0.42857142857142855
538599,DDoS attacks-LOIC-HTTP,10,0.05263157894736842,-0.6070175438596491,-0.48538011695906425,0.15813300623427204,0.1008991008991009,0.13881990861717564,1.0,0.8181818181818182
538599,DDoS attacks-LOIC-HTTP,20,0.14285714285714285,-0.5221288515406163,-0.3848739495798319,0.15813300623427204,0.1008991008991009,0.1638103297803937,0.4,1.0
539630,DoS attacks-Hulk,3,0.2,0.09999999999999999,0.0,0.19437524500815637,0.13486513486513485,0.6346863468634687,1.0,0.5
539630,DoS attacks-Hulk,5,0.1111111111111111,-0.26666666666666666,-0.2777777777777778,0.19437524500815637,0.13486513486513485,0.4965617445239432,1.0,0.6666666666666666
539630,DoS attacks-Hulk,10,0.1111111111111111,-0.33746130030959753,-0.22875816993464054,0.19437524500815637,0.13486513486513485,0.39557158048166824,1.0,0.6666666666666666
539630,DoS attacks-Hulk,20,0.25,-0.2525659824046921,-0.18145161290322584,0.19437524500815637,0.13486513486513485,0.3826543614979585,0.625,1.0
540528,FTP-BruteForce,3,0.2,-0.3,-0.19999999999999998,0.3676197220501018,0.2547452547452548,0.2656826568265683,1.0,0.5
540528,FTP-BruteForce,5,0.25,-0.09523809523809526,-0.07142857142857142,0.3676197220501018,0.2547452547452548,0.32891504480965056,1.0,0.25
540528,FTP-BruteForce,10,0.3333333333333333,-0.08214285714285713,-0.12380952380952381,0.3676197220501018,0.2547452547452548,0.35864324388863644,0.8,0.8181818181818182
540528,FTP-BruteForce,20,0.2903225806451613,-0.06733870967741935,-0.0881720430107527,0.3676197220501018,0.2547452547452548,0.38616705557792513,0.5555555555555556,1.0
541526,DDoS attacks-LOIC-HTTP,3,0.0,-0.7142857142857143,-0.4666666666666666,0.3274826439383401,0.22277722277722278,0.0,,0.2
541526,DDoS attacks-LOIC-HTTP,5,0.1111111111111111,-0.6666666666666667,-0.5,0.3274826439383401,0.22277722277722278,0.076547581255647,1.0,0.1111111111111111
541526,DDoS attacks-LOIC-HTTP,10,0.17647058823529413,-0.4264705882352942,-0.2794117647058823,0.3274826439383401,0.22277722277722278,0.13312849411744812,1.0,0.8181818181818182
541526,DDoS attacks-LOIC-HTTP,20,0.14285714285714285,-0.38907563025210085,-0.2571428571428571,0.3274826439383401,0.22277722277722278,0.1661758763503002,0.8,1.0
541726,DoS attacks-Hulk,3,0.2,0.0,-0.19999999999999998,0.14323651032511792,0.09557109557109557,0.6346863468634687,1.0,0.5
541726,DoS attacks-Hulk,5,0.1111111111111111,-0.19999999999999998,-0.16666666666666666,0.14323651032511792,0.09557109557109557,0.4965617445239432,1.0,0.6666666666666666
541726,DoS attacks-Hulk,10,0.17647058823529413,-0.41421568627450983,-0.3529411764705882,0.14323651032511792,0.09557109557109557,0.41662984990561563,0.3333333333333333,0.8181818181818182
541726,DoS attacks-Hulk,20,0.17647058823529413,-0.30572956455309397,-0.24420677361853835,0.14323651032511792,0.09557109557109557,0.4084667548864681,0.6666666666666666,1.0
541907,Benign,3,0.0,-0.7142857142857143,-0.4666666666666666,0.3866133866133866,0.25874125874125875,0.0,,0.2
541907,Benign,5,0.1111111111111111,-0.5,-0.2777777777777778,0.3866133866133866,0.25874125874125875,0.076547581255647,1.0,0.42857142857142855
541907,Benign,10,0.25,-0.2764705882352941,-0.19999999999999998,0.3866133866133866,0.25874125874125875,0.18236592367626392,1.0,0.8181818181818182
541907,Benign,20,0.2903225806451613,-0.24717741935483872,-0.178494623655914,0.3866133866133866,0.25874125874125875,0.22237394263701843,0.7777777777777778,1.0
542057,DDoS attacks-LOIC-HTTP,3,0.0,-0.7714285714285715,-0.6,0.22469935128162974,0.15551115551115552,0.0,,0.2
542057,DDoS attacks-LOIC-HTTP,5,0.1111111111111111,-0.7,-0.5,0.22469935128162974,0.15551115551115552,0.076547581255647,1.0,0.25
542057,DDoS attacks-LOIC-HTTP,10,0.17647058823529413,-0.4338235294117647,-0.2794117647058823,0.22469935128162974,0.15551115551115552,0.14230784824617976,1.0,0.8181818181818182
542057,DDoS attacks-LOIC-HTTP,20,0.14285714285714285,-0.34257703081232493,-0.23697478991596638,0.22469935128162974,0.15551115551115552,0.17925838850331585,0.8,1.0
542466,Infilteration,3,0.2,-0.7999999999999999,-0.6,0.2988024633594254,0.21545121545121546,0.09963099630996312,1.0,0.5
542466,Infilteration,5,0.25,-0.7142857142857144,-0.4999999999999999,0.2988024633594254,0.21545121545121546,0.1745232106664062,1.0,0.42857142857142855
542466,Infilteration,10,0.25,-0.38235294117647056,-0.2833333333333333,0.2988024633594254,0.21545121545121546,0.25562315516272044,0.5,0.8181818181818182
542466,Infilteration,20,0.3333333333333333,-0.1096774193548387,-0.06206896551724138,0.2988024633594254,0.21545121545121546,0.30501301186018154,0.6,1.0
542478,SSH-Bruteforce,3,0.2,-0.7999999999999999,-0.6,0.3167844813414434,0.20679320679320679,0.09963099630996312,1.0,0.2
542478,SSH-Bruteforce,5,0.25,-0.261904761904762,-0.14285714285714285,0.3167844813414434,0.20679320679320679,0.2190276183731777,1.0,0.6666666666666666
542478,SSH-Bruteforce,10,0.3333333333333333,-0.1928571428571428,-0.18095238095238098,0.3167844813414434,0.20679320679320679,0.30466299486172255,0.8,0.8181818181818182
542478,SSH-Bruteforce,20,0.3333333333333333,0.021579532814238044,-0.006896551724137931,0.3167844813414434,0.20679320679320679,0.36936125512372586,0.6,1.0
542508,Bot,3,0.0,-0.7714285714285715,-0.6,0.16559389977111494,0.12554112554112556,0.0,,0.2
542508,Bot,5,0.0,-0.8909090909090909,-0.6888888888888888,0.16559389977111494,0.12554112554112556,0.0,,0.6666666666666666
542508,Bot,10,0.1111111111111111,-0.6718266253869969,-0.46405228758169936,0.16559389977111494,0.12554112554112556,0.05518565103423391,1.0,0.6666666666666666
542508,Bot,20,0.21212121212121213,-0.4227941176470589,-0.30303030303030304,0.16559389977111494,0.12554112554112556,0.12177413806547228,0.7142857142857143,1.0
542957,DoS attacks-GoldenEye,3,0.2,0.09999999999999999,0.0,0.1529483175052795,0.10223110223110222,0.6346863468634687,1.0,0.2
542957,DoS attacks-GoldenEye,5,0.1111111111111111,-0.19999999999999998,-0.16666666666666666,0.1529483175052795,0.10223110223110222,0.4965617445239432,1.0,0.42857142857142855
542957,DoS attacks-GoldenEye,10,0.1111111111111111,-0.36016511867905054,-0.22875816993464054,0.1529483175052795,0.10223110223110222,0.3747359036497853,1.0,0.6666666666666666
542957,DoS attacks-GoldenEye,20,0.14285714285714285,-0.3352941176470588,-0.22016806722689075,0.1529483175052795,0.10223110223110222,0.34817700829939885,0.6,1.0
544187,DDoS attacks-LOIC-HTTP,3,0.0,-0.6571428571428573,-0.4666666666666666,0.40120638854816065,0.2840492840492841,0.0,,0.2
544187,DDoS attacks-LOIC-HTTP,5,0.1111111111111111,-0.5833333333333334,-0.3888888888888889,0.40120638854816065,0.2840492840492841,0.076547581255647,1.0,0.1111111111111111
544187,DDoS attacks-LOIC-HTTP,10,0.17647058823529413,-0.42892156862745107,-0.2941176470588235,0.40120638854816065,0.2840492840492841,0.14230784824617976,1.0,0.8181818181818182
544187,DDoS attacks-LOIC-HTTP,20,0.21212121212121213,-0.3175133689839572,-0.2121212121212121,0.40120638854816065,0.2840492840492841,0.18117633667072033,0.7142857142857143,1.0
544602,DDOS attack-HOIC,3,0.2,0.09999999999999999,0.0,0.08668546643230188,0.057609057609057615,0.6346863468634687,1.0,0.2
544602,DDOS attack-HOIC,5,0.1111111111111111,-0.25,-0.2777777777777778,0.08668546643230188,0.057609057609057615,0.4965617445239432,1.0,0.42857142857142855
544602,DDOS attack-HOIC,10,0.05263157894736842,-0.47017543859649114,-0.3333333333333333,0.08668546643230188,0.057609057609057615,0.3614441988713819,1.0,0.8181818181818182
544602,DDOS attack-HOIC,20,0.25,-0.5674486803519061,-0.4193548387096775,0.08668546643230188,0.057609057609057615,0.32456143006013466,0.25,1.0
544810,Bot,3,0.0,-0.942857142857143,-0.8666666666666666,0.06857699262762552,0.055611055611055615,0.0,,0.2
544810,Bot,5,0.0,-0.8909090909090909,-0.7777777777777777,0.06857699262762552,0.055611055611055615,0.0,,0.25
544810,Bot,10,0.05263157894736842,-0.7157894736842104,-0.5087719298245613,0.06857699262762552,0.055611055611055615,0.022471058907135067,1.0,0.6666666666666666
544810,Bot,20,0.1111111111111111,-0.6383526383526384,-0.43492063492063493,0.06857699262762552,0.055611055611055615,0.05128097243356693,0.5,1.0
544974,DoS attacks-Hulk,3,0.2,0.0,-0.19999999999999998,0.10284652056803956,0.06826506826506827,0.6346863468634687,1.0,0.5
544974,DoS attacks-Hulk,5,0.1111111111111111,-0.2333333333333333,-0.2222222222222222,0.10284652056803956,0.06826506826506827,0.4965617445239432,1.0,0.42857142857142855
544974,DoS attacks-Hulk,10,0.25,-0.39999999999999997,-0.3,0.10284652056803956,0.06826506826506827,0.40315518403233847,0.5,0.8181818181818182
544974,DoS attacks-Hulk,20,0.25,-0.2719941348973607,-0.18145161290322584,0.10284652056803956,0.06826506826506827,0.4031761708570593,0.625,1.0
545075,Benign,3,0.0,-0.7714285714285715,-0.6,0.3904323524576689,0.2614052614052614,0.0,,0.0
545075,Benign,5,0.0,-0.8666666666666665,-0.6888888888888888,0.3904323524576689,0.2614052614052614,0.0,,0.42857142857142855
545075,Benign,10,0.25,-0.6647058823529411,-0.4666666666666666,0.3904323524576689,0.2614052614052614,0.09667404360312591,0.75,0.8181818181818182
545075,Benign,20,0.3333333333333333,-0.27208008898776415,-0.17241379310344826,0.3904323524576689,0.2614052614052614,0.17287720987205693,0.8,1.0
545791,Bot,3,0.0,-0.942857142857143,-0.8666666666666666,0.11617496427623009,0.08158508158508158,0.0,,0.5
545791,Bot,5,0.0,-0.7818181818181817,-0.5555555555555555,0.11617496427623009,0.08158508158508158,0.0,,0.42857142857142855
545791,Bot,10,0.05263157894736842,-0.7666666666666666,-0.52046783625731,0.11617496427623009,0.08158508158508158,0.005948221475418107,1.0,0.6666666666666666
545791,Bot,20,0.1111111111111111,-0.6702702702702703,-0.4634920634920635,0.11617496427623009,0.08158508158508158,0.03666561452282216,0.5,1.0
546990,DoS attacks-Slowloris,3,0.0,-0.7714285714285715,-0.6,0.24073394959470906,0.16883116883116883,0.0,,0.2
546990,DoS attacks-Slowloris,5,0.1111111111111111,-0.6166666666666666,-0.4444444444444444,0.24073394959470906,0.16883116883116883,0.076547581255647,1.0,0.42857142857142855
546990,DoS attacks-Slowloris,10,0.3333333333333333,-0.33928571428571425,-0.2571428571428572,0.24073394959470906,0.16883116883116883,0.2164933052865503,0.6,0.8181818181818182
546990,DoS attacks-Slowloris,20,0.2903225806451613,-0.1548387096774194,-0.10107526881720431,0.24073394959470906,0.16883116883116883,0.26234661007504567,0.4444444444444444,1.0
547278,Benign,3,0.2,-0.09999999999999999,0.0,0.39136812554534073,0.2654012654012654,0.2656826568265683,1.0,0.2
547278,Benign,5,0.42857142857142855,0.10714285714285716,0.14285714285714288,0.39136812554534073,0.2654012654012654,0.360958218358526,1.0,0.6666666666666666
547278,Benign,10,0.25,0.02941176470588235,-0.016666666666666666,0.39136812554534073,0.2654012654012654,0.3879518009597871,1.0,0.8181818181818182
547278,Benign,20,0.25,-0.13929618768328444,-0.12500000000000003,0.39136812554534073,0.2654012654012654,0.3781421958361502,0.75,1.0
547723,DoS attacks-GoldenEye,3,0.2,-0.09999999999999999,0.0,0.37854550512778357,0.26673326673326675,0.2656826568265683,1.0,0.5
547723,DoS attacks-GoldenEye,5,0.25,-0.11904761904761905,-0.14285714285714285,0.37854550512778357,0.26673326673326675,0.32891504480965056,1.0,0.42857142857142855
547723,DoS attacks-GoldenEye,10,0.3333333333333333,0.05357142857142857,0.04761904761904762,0.37854550512778357,0.26673326673326675,0.4019324519720342,1.0,0.8181818181818182
547723,DoS attacks-GoldenEye,20,0.2903225806451613,-0.017338709677419357,-0.04086021505376344,0.37854550512778357,0.26673326673326675,0.42958873348809645,0.8888888888888888,1.0
547988,DDOS attack-LOIC-UDP,3,0.0,-0.7142857142857143,-0.4666666666666666,0.7814337561173003,0.661005661005661,0.0,,0.0
547988,DDOS attack-LOIC-UDP,5,0.1111111111111111,-0.6166666666666666,-0.4444444444444444,0.7814337561173003,0.661005661005661,0.076547581255647,0.0,0.25
547988,DDOS attack-LOIC-UDP,10,0.1111111111111111,-0.5190918472652218,-0.4248366013071896,0.7814337561173003,0.661005661005661,0.13149311204219602,0.0,0.8181818181818182
547988,DDOS attack-LOIC-UDP,20,0.2903225806451613,-0.515725806451613,-0.3634408602150538,0.7814337561173003,0.661005661005661,0.15106875473713477,0.0,1.0
549022,Brute Force -Web,3,0.0,-0.7714285714285715,-0.6,0.043184663437827994,0.022311022311022312,0.0,,0.0
549022,Brute Force -Web,5,0.0,-0.6848484848484848,-0.4222222222222222,0.043184663437827994,0.022311022311022312,0.0,,0.0
549022,Brute Force -Web,10,0.05263157894736842,-0.7140350877192982,-0.4502923976608187,0.043184663437827994,0.022311022311022312,0.013291704778403425,0.0,0.8181818181818182
549022,Brute Force -Web,20,0.05263157894736842,-0.7074078126709705,-0.5163584637268849,0.043184663437827994,0.022311022311022312,0.04282807226308114,0.0,1.0
550193,Bot,3,0.2,-0.19999999999999998,-0.19999999999999998,0.17497692181236485,0.1148851148851149,0.2656826568265683,1.0,0.2
550193,Bot,5,0.1111111111111111,-0.39999999999999997,-0.3888888888888889,0.17497692181236485,0.1148851148851149,0.2523674635540035,1.0,0.42857142857142855
550193,Bot,10,0.1111111111111111,-0.5149638802889577,-0.4248366013071896,0.17497692181236485,0.1148851148851149,0.24203758720290527,0.5,0.8181818181818182
550193,Bot,20,0.1111111111111111,-0.5992277992277991,-0.48888888888888893,0.17497692181236485,0.1148851148851149,0.22593192097935175,0.5,1.0
550265,DDOS attack-HOIC,3,0.2,0.09999999999999999,0.0,0.16465812668344312,0.10755910755910755,0.6346863468634687,1.0,0.2
550265,DDOS attack-HOIC,5,0.1111111111111111,-0.16666666666666669,-0.1111111111111111,0.16465812668344312,0.10755910755910755,0.4965617445239432,1.0,0.42857142857142855
550265,DDOS attack-HOIC,10,0.05263157894736842,-0.46491228070175433,-0.3333333333333333,0.16465812668344312,0.10755910755910755,0.3614441988713819,1.0,0.8181818181818182
550265,DDOS attack-HOIC,20,0.17647058823529413,-0.6116119174942705,-0.47237076648841364,0.16465812668344312,0.10755910755910755,0.3046451725655745,0.16666666666666666,1.0
550396,Benign,3,0.2,-0.49999999999999994,-0.39999999999999997,0.2502434274586173,0.16083916083916083,0.2656826568265683,1.0,0.5
550396,Benign,5,0.1111111111111111,-0.5333333333333333,-0.4444444444444444,0.2502434274586173,0.16083916083916083,0.2523674635540035,1.0,0.42857142857142855
550396,Benign,10,0.1111111111111111,-0.49226006191950467,-0.34640522875817,0.2502434274586173,0.16083916083916083,0.22120191037102233,0.5,0.8181818181818182
550396,Benign,20,0.17647058823529413,-0.494576012223071,-0.3618538324420678,0.2502434274586173,0.16083916083916083,0.23314758514082337,0.3333333333333333,1.0
552215,DoS attacks-Slowloris,3,0.2,0.09999999999999999,0.0,0.008535768029438914,0.004329004329004329,0.6346863468634687,1.0,0.2
552215,DoS attacks-Slowloris,5,0.1111111111111111,-0.35,-0.4444444444444444,0.008535768029438914,0.004329004329004329,0.4965617445239432,1.0,0.42857142857142855
552215,DoS attacks-Slowloris,10,0.17647058823529413,-0.32352941176470595,-0.2205882352941176,0.008535768029438914,0.004329004329004329,0.40151980195708625,1.0,0.6666666666666666
552215,DoS attacks-Slowloris,20,0.17647058823529413,-0.38792971734148196,-0.2620320855614973,0.008535768029438914,0.004329004329004329,0.3589863149745226,0.5,1.0
554166,DoS attacks-Hulk,3,0.2,0.0,-0.19999999999999998,0.19437524500815637,0.13286713286713286,0.6346863468634687,1.0,0.5
554166,DoS attacks-Hulk,5,0.1111111111111111,-0.35,-0.4444444444444444,0.19437524500815637,0.13286713286713286,0.4965617445239432,1.0,0.42857142857142855
554166,DoS attacks-Hulk,10,0.1111111111111111,-0.3415892672858617,-0.25490196078431376,0.19437524500815637,0.13286713286713286,0.4106816284301976,0.5,0.6666666666666666
554166,DoS attacks-Hulk,20,0.21212121212121213,-0.25300802139037437,-0.14393939393939395,0.19437524500815637,0.13286713286713286,0.3810981390765581,0.7142857142857143,1.0
555257,SSH-Bruteforce,3,0.2,-0.49999999999999994,-0.39999999999999997,0.12530507467216326,0.08824508824508825,0.2656826568265683,1.0,0.5
555257,SSH-Bruteforce,5,0.1111111111111111,-0.35,-0.2222222222222222,0.12530507467216326,0.08824508824508825,0.2523674635540035,1.0,0.42857142857142855
555257,SSH-Bruteforce,10,0.1111111111111111,-0.3457172342621259,-0.20261437908496735,0.12530507467216326,0.08824508824508825,0.25714763515143474,1.0,0.8181818181818182
555257,SSH-Bruteforce,20,0.17647058823529413,-0.4090145148968678,-0.29411764705882354,0.12530507467216326,0.08824508824508825,0.2560719093568421,1.0,1.0
555404,SSH-Bruteforce,3,0.2,-0.49999999999999994,-0.39999999999999997,0.0981929462942121,0.05827505827505828,0.2656826568265683,1.0,0.5
555404,SSH-Bruteforce,5,0.1111111111111111,-0.2833333333333333,-0.16666666666666666,0.0981929462942121,0.05827505827505828,0.2523674635540035,1.0,0.42857142857142855
555404,SSH-Bruteforce,10,0.17647058823529413,-0.3823529411764707,-0.2647058823529411,0.0981929462942121,0.05827505827505828,0.2479858086783234,1.0,0.8181818181818182
555404,SSH-Bruteforce,20,0.21212121212121213,-0.27907754010695185,-0.22348484848484848,0.0981929462942121,0.05827505827505828,0.27306607318873904,0.8571428571428571,1.0
556016,DoS attacks-Slowloris,3,0.0,-0.6571428571428573,-0.4666666666666666,0.3545694811517596,0.23876123876123875,0.0,,0.2
556016,DoS attacks-Slowloris,5,0.1111111111111111,-0.5333333333333333,-0.3888888888888889,0.3545694811517596,0.23876123876123875,0.076547581255647,1.0,0.42857142857142855
556016,DoS attacks-Slowloris,10,0.25,-0.3411764705882353,-0.3,0.3545694811517596,0.23876123876123875,0.19402224637941523,0.75,0.8181818181818182
556016,DoS attacks-Slowloris,20,0.2903225806451613,-0.17782258064516132,-0.12258064516129034,0.3545694811517596,0.23876123876123875,0.24297586194419202,0.5555555555555556,1.0
556032,Brute Force -XSS,3,0.0,-0.7714285714285715,-0.6,0.5128921711200192,0.39793539793539795,0.0,,0.2
556032,Brute Force -XSS,5,0.25,-0.6190476190476191,-0.42857142857142855,0.5128921711200192,0.39793539793539795,0.10859075480452249,0.0,0.42857142857142855
556032,Brute Force -XSS,10,0.17647058823529413,-0.3823529411764707,-0.2647058823529411,0.5128921711200192,0.39793539793539795,0.17269811206418287,0.0,0.6666666666666666
556032,Brute Force -XSS,20,0.25,-0.3669354838709677,-0.29838709677419356,0.5128921711200192,0.39793539793539795,0.21749249646956548,0.0,1.0
557077,SQL Injection,3,0.2,-0.3,-0.19999999999999998,0.2091452850946522,0.14085914085914086,0.2656826568265683,1.0,0.2
557077,SQL Injection,5,0.1111111111111111,-0.25,-0.1111111111111111,0.2091452850946522,0.14085914085914086,0.2523674635540035,1.0,0.42857142857142855
557077,SQL Injection,10,0.1111111111111111,-0.500515995872033,-0.34640522875817,0.2091452850946522,0.14085914085914086,0.21385842706803698,1.0,0.6666666666666666
557077,SQL Injection,20,0.21212121212121213,-0.26370320855614976,-0.13257575757575757,0.2091452850946522,0.14085914085914086,0.23640118478434763,0.8571428571428571,1.0
557127,Benign,3,0.2,-0.09999999999999999,0.0,0.26670797556873505,0.1814851814851815,0.2656826568265683,1.0,0.5
557127,Benign,5,0.25,-0.14285714285714288,0.0,0.26670797556873505,0.1814851814851815,0.28441063710287906,1.0,0.42857142857142855
557127,Benign,10,0.17647058823529413,-0.16911764705882354,-0.14705882352941174,0.26670797556873505,0.1814851814851815,0.31142174735976036,1.0,0.8181818181818182
557127,Benign,20,0.25,-0.23057184750733137,-0.17741935483870971,0.26670797556873505,0.1814851814851815,0.30952030703534983,0.625,1.0
557149,DoS attacks-GoldenEye,3,0.2,0.19999999999999998,0.19999999999999998,0.2752310980159081,0.19214119214119216,0.6346863468634687,1.0,0.2
557149,DoS attacks-GoldenEye,5,0.1111111111111111,-0.19999999999999998,-0.1111111111111111,0.2752310980159081,0.19214119214119216,0.4965617445239432,1.0,0.42857142857142855
557149,DoS attacks-GoldenEye,10,0.17647058823529413,-0.502450980392157,-0.4264705882352941,0.2752310980159081,0.19214119214119216,0.3806841251252034,0.6666666666666666,0.8181818181818182
557149,DoS attacks-GoldenEye,20,0.25,-0.3170821114369501,-0.2580645161290323,0.2752310980159081,0.19214119214119216,0.3811733313900633,0.625,1.0
557389,SSH-Bruteforce,3,0.2,-0.6,-0.39999999999999997,0.2991818308274004,0.19613719613719613,0.09963099630996312,1.0,0.2
557389,SSH-Bruteforce,5,0.25,-0.4285714285714286,-0.2857142857142857,0.2991818308274004,0.19613719613719613,0.1745232106664062,1.0,0.25
557389,SSH-Bruteforce,10,0.3333333333333333,-0.17857142857142855,-0.12380952380952381,0.2991818308274004,0.19613719613719613,0.2693379412836827,0.8,0.8181818181818182
557389,SSH-Bruteforce,20,0.21212121212121213,-0.016377005347593582,-0.034090909090909095,0.2991818308274004,0.19613719613719613,0.32413088260240897,0.7142857142857143,1.0
557903,DoS attacks-Slowloris,3,0.0,-0.6,-0.3333333333333333,0.37667395895244,0.25008325008325005,0.0,,0.2
557903,DoS attacks-Slowloris,5,0.1111111111111111,-0.5333333333333333,-0.3888888888888889,0.37667395895244,0.25008325008325005,0.076547581255647,1.0,0.42857142857142855
557903,DoS attacks-Slowloris,10,0.3333333333333333,-0.32499999999999996,-0.2761904761904762,0.37667395895244,0.25008325008325005,0.19565762845466736,0.6,0.8181818181818182
557903,DoS attacks-Slowloris,20,0.2903225806451613,-0.15000000000000002,-0.09677419354838711,0.37667395895244,0.25008325008325005,0.24689765188576976,0.5555555555555556,1.0
558168,DDoS attacks-LOIC-HTTP,3,0.2,-0.6,-0.39999999999999997,0.15479457251609147,0.09490509490509491,0.09963099630996312,1.0,0.5
558168,DDoS attacks-LOIC-HTTP,5,0.1111111111111111,-0.6166666666666666,-0.5,0.15479457251609147,0.09490509490509491,0.1424800371175307,1.0,0.42857142857142855
558168,DDoS attacks-LOIC-HTTP,10,0.1111111111111111,-0.45510835913312697,-0.32026143790849676,0.15479457251609147,0.09490509490509491,0.172947290227462,0.5,0.8181818181818182
558168,DDoS attacks-LOIC-HTTP,20,0.14285714285714285,-0.5263305322128852,-0.38823529411764707,0.15479457251609147,0.09490509490509491,0.18591352234078223,0.6,1.0
558395,DDoS attacks-LOIC-HTTP,3,0.2,-0.7,-0.6,0.13949341797443063,0.08891108891108891,0.09963099630996312,1.0,0.5
558395,DDoS attacks-LOIC-HTTP,5,0.1111111111111111,-0.5833333333333334,-0.4444444444444444,0.13949341797443063,0.08891108891108891,0.1424800371175307,1.0,0.42857142857142855
558395,DDoS attacks-LOIC-HTTP,10,0.1111111111111111,-0.5232198142414861,-0.3856209150326798,0.13949341797443063,0.08891108891108891,0.14476813009259373,0.5,0.8181818181818182
558395,DDoS attacks-LOIC-HTTP,20,0.1111111111111111,-0.5804375804375805,-0.4634920634920635,0.13949341797443063,0.08891108891108891,0.1527551264803629,0.5,1.0
559195,DDOS attack-HOIC,3,0.2,-0.3,-0.19999999999999998,0.10069677158284752,0.056943056943056944,0.2656826568265683,1.0,0.2
559195,DDOS attack-HOIC,5,0.1111111111111111,-0.43333333333333335,-0.3888888888888889,0.10069677158284752,0.056943056943056944,0.2523674635540035,1.0,0.42857142857142855
559195,DDOS attack-HOIC,10,0.1111111111111111,-0.42414860681114547,-0.281045751633987,0.10069677158284752,0.056943056943056944,0.22120191037102233,1.0,0.8181818181818182
559195,DDOS attack-HOIC,20,0.1111111111111111,-0.5703989703989704,-0.42539682539682544,0.10069677158284752,0.056943056943056944,0.2053277936391178,0.5,1.0
559359,SSH-Bruteforce,3,0.2,-0.49999999999999994,-0.39999999999999997,0.21792131918714194,0.14885114885114886,0.2656826568265683,1.0,0.5
559359,SSH-Bruteforce,5,0.1111111111111111,-0.2833333333333333,-0.16666666666666666,0.21792131918714194,0.14885114885114886,0.2523674635540035,1.0,0.42857142857142855
559359,SSH-Bruteforce,10,0.1111111111111111,-0.35810113519091846,-0.21568627450980396,0.21792131918714194,0.14885114885114886,0.23038126449975396,1.0,0.8181818181818182
559359,SSH-Bruteforce,20,0.2903225806451613,-0.3475806451612904,-0.24731182795698925,0.21792131918714194,0.14885114885114886,0.2504187908525309,0.6666666666666666,1.0
559418,Brute Force -XSS,3,0.0,-0.7714285714285715,-0.6,0.5129174622845508,0.39726939726939725,0.0,,0.2
559418,Brute Force -XSS,5,0.25,-0.6190476190476191,-0.42857142857142855,0.5129174622845508,0.39726939726939725,0.10859075480452249,0.0,0.42857142857142855
559418,Brute Force -XSS,10,0.17647058823529413,-0.3823529411764707,-0.2647058823529411,0.5129174622845508,0.39726939726939725,0.17269811206418287,0.0,0.6666666666666666
559418,Brute Force -XSS,20,0.25,-0.3782991202346041,-0.310483870967742,0.5129174622845508,0.39726939726939725,0.21643775435772636,0.0,1.0
559553,DoS attacks-Hulk,3,0.2,0.09999999999999999,0.0,0.2378254656735669,0.16217116217116218,0.6346863468634687,1.0,0.5
559553,DoS attacks-Hulk,5,0.1111111111111111,-0.26666666666666666,-0.2777777777777778,0.2378254656735669,0.16217116217116218,0.4965617445239432,1.0,0.42857142857142855
559553,DoS attacks-Hulk,10,0.1111111111111111,-0.35397316821465424,-0.18954248366013074,0.2378254656735669,0.16217116217116218,0.3673924203468,0.5,0.8181818181818182
559553,DoS attacks-Hulk,20,0.21212121212121213,-0.35795454545454547,-0.23863636363636362,0.2378254656735669,0.16217116217116218,0.34478735324718457,0.7142857142857143,1.0
559606,DoS attacks-Hulk,3,0.2,0.09999999999999999,0.0,0.17479988366064314,0.12953712953712954,0.6346863468634687,1.0,0.5
559606,DoS attacks-Hulk,5,0.1111111111111111,-0.31666666666666665,-0.3333333333333333,0.17479988366064314,0.12953712953712954,0.4965617445239432,1.0,0.42857142857142855
559606,DoS attacks-Hulk,10,0.1111111111111111,-0.46955624355005166,-0.3856209150326798,0.17479988366064314,0.12953712953712954,0.39557158048166824,1.0,0.6666666666666666
559606,DoS attacks-Hulk,20,0.21212121212121213,-0.376336898395722,-0.24621212121212122,0.17479988366064314,0.12953712953712954,0.36899523696189984,0.7142857142857143,1.0
559993,DoS attacks-Hulk,3,0.2,0.0,-0.19999999999999998,0.22603978300180833,0.14685314685314688,0.6346863468634687,1.0,0.2
559993,DoS attacks-Hulk,5,0.25,-0.19047619047619052,-0.21428571428571427,0.22603978300180833,0.14685314685314688,0.5286049180728187,0.5,0.6666666666666666
559993,DoS attacks-Hulk,10,0.17647058823529413,-0.28921568627450983,-0.19117647058823525,0.22603978300180833,0.14685314685314688,0.4649557406385233,0.6666666666666666,0.8181818181818182
559993,DoS attacks-Hulk,20,0.17647058823529413,-0.26569900687547743,-0.20499108734402854,0.22603978300180833,0.14685314685314688,0.43143692012363977,0.6666666666666666,1.0
560536,Bot,3,0.0,-0.8857142857142858,-0.7333333333333333,0.20393530520112793,0.14285714285714288,0.0,,0.2
560536,Bot,5,0.1111111111111111,-0.8666666666666667,-0.7222222222222222,0.20393530520112793,0.14285714285714288,0.03204317354887549,1.0,0.42857142857142855
560536,Bot,10,0.1111111111111111,-0.5789473684210527,-0.3856209150326798,0.20393530520112793,0.14285714285714288,0.09185521906399015,1.0,0.6666666666666666
560536,Bot,20,0.17647058823529413,-0.4557677616501145,-0.2976827094474154,0.20393530520112793,0.14285714285714288,0.12374058065000317,0.5,1.0
561213,Bot,3,0.0,-0.942857142857143,-0.8666666666666666,-0.010963719824479317,-0.015651015651015652,0.0,,0.2
561213,Bot,5,0.0,-0.8545454545454544,-0.6888888888888888,-0.010963719824479317,-0.015651015651015652,0.0,,0.6666666666666666
561213,Bot,10,0.1111111111111111,-0.5376676986584108,-0.34640522875817,-0.010963719824479317,-0.015651015651015652,0.08336481116910217,0.5,0.6666666666666666
561213,Bot,20,0.21212121212121213,-0.44719251336898397,-0.32954545454545453,-0.010963719824479317,-0.015651015651015652,0.12664145381943537,0.5714285714285714,1.0
561935,DoS attacks-GoldenEye,3,0.2,0.09999999999999999,0.0,0.1760644418872267,0.12021312021312022,0.6346863468634687,1.0,0.2
561935,DoS attacks-GoldenEye,5,0.1111111111111111,-0.16666666666666669,-0.1111111111111111,0.1760644418872267,0.12021312021312022,0.4965617445239432,1.0,0.42857142857142855
561935,DoS attacks-GoldenEye,10,0.1111111111111111,-0.4674922600619195,-0.3856209150326798,0.1760644418872267,0.12021312021312022,0.3747359036497853,1.0,0.8181818181818182
561935,DoS attacks-GoldenEye,20,0.21212121212121213,-0.39237967914438504,-0.2803030303030303,0.1760644418872267,0.12021312021312022,0.34644391810856967,0.7142857142857143,1.0
562873,DoS attacks-Slowloris,3,0.0,-0.6,-0.3333333333333333,0.34255617799921595,0.23476523476523478,0.0,,0.2
562873,DoS attacks-Slowloris,5,0.1111111111111111,-0.5166666666666667,-0.3333333333333333,0.34255617799921595,0.23476523476523478,0.076547581255647,1.0,0.42857142857142855
562873,DoS attacks-Slowloris,10,0.25,-0.3382352941176471,-0.2833333333333333,0.34255617799921595,0.23476523476523478,0.19402224637941523,0.75,0.8181818181818182
562873,DoS attacks-Slowloris,20,0.25,-0.16862170087976538,-0.1088709677419355,0.34255617799921595,0.23476523476523478,0.2358574026580255,0.625,1.0
563135,DDoS attacks-LOIC-HTTP,3,0.0,-0.7714285714285715,-0.6,0.29680446136142336,0.19480519480519481,0.0,,0.2
563135,DDoS attacks-LOIC-HTTP,5,0.0,-0.7333333333333332,-0.5111111111111111,0.29680446136142336,0.19480519480519481,0.0,,0.1111111111111111
563135,DDoS attacks-LOIC-HTTP,10,0.05263157894736842,-0.7403508771929824,-0.5087719298245613,0.29680446136142336,0.19480519480519481,0.005948221475418107,1.0,0.6666666666666666
563135,DDoS attacks-LOIC-HTTP,20,0.1111111111111111,-0.5747747747747748,-0.3555555555555556,0.29680446136142336,0.19480519480519481,0.03655275710597692,1.0,1.0
563562,Benign,3,0.0,-0.7714285714285715,-0.6,0.16422817688640473,0.11222111222111222,0.0,,0.0
563562,Benign,5,0.1111111111111111,-0.5333333333333333,-0.3333333333333333,0.16422817688640473,0.11222111222111222,0.076547581255647,1.0,0.42857142857142855
563562,Benign,10,0.17647058823529413,-0.3651960784313726,-0.20588235294117643,0.16422817688640473,0.11222111222111222,0.13312849411744812,1.0,1.0
563562,Benign,20,0.21212121212121213,-0.3552807486631016,-0.2537878787878788,0.16422817688640473,0.11222111222111222,0.1682028192936239,0.7142857142857143,1.0
563636,DDOS attack-HOIC,3,0.2,-0.6,-0.39999999999999997,0.11359526549399968,0.07092907092907093,0.09963099630996312,1.0,0.2
563636,DDOS attack-HOIC,5,0.1111111111111111,-0.5666666666666667,-0.5,0.11359526549399968,0.07092907092907093,0.1424800371175307,1.0,0.42857142857142855
563636,DDOS attack-HOIC,10,0.05263157894736842,-0.5719298245614035,-0.4619883040935673,0.11359526549399968,0.07092907092907093,0.13881990861717564,1.0,0.8181818181818182
563636,DDOS attack-HOIC,20,0.1111111111111111,-0.6128700128700129,-0.4634920634920635,0.11359526549399968,0.07092907092907093,0.1354828509736153,0.75,1.0
564150,DoS attacks-Hulk,3,0.2,0.0,-0.19999999999999998,0.0759873038354051,0.05294705294705295,0.6346863468634687,1.0,0.5
564150,DoS attacks-Hulk,5,0.1111111111111111,-0.16666666666666669,-0.16666666666666666,0.0759873038354051,0.05294705294705295,0.4965617445239432,1.0,0.42857142857142855
564150,DoS attacks-Hulk,10,0.1111111111111111,-0.4055727554179567,-0.33333333333333337,0.0759873038354051,0.05294705294705295,0.4106816284301976,0.5,0.8181818181818182
564150,DoS attacks-Hulk,20,0.17647058823529413,-0.32528647822765466,-0.22281639928698754,0.0759873038354051,0.05294705294705295,0.37736301968394376,0.5,1.0
564226,DDOS attack-HOIC,3,0.2,0.09999999999999999,0.0,0.19786542571352694,0.13220113220113222,0.6346863468634687,1.0,0.2
564226,DDOS attack-HOIC,5,0.1111111111111111,-0.2333333333333333,-0.2222222222222222,0.19786542571352694,0.13220113220113222,0.4965617445239432,1.0,0.42857142857142855
564226,DDOS attack-HOIC,10,0.05263157894736842,-0.5421052631578946,-0.43859649122807015,0.19786542571352694,0.13220113220113222,0.3614441988713819,1.0,0.8181818181818182
564226,DDOS attack-HOIC,20,0.1111111111111111,-0.5536679536679537,-0.38095238095238104,0.19786542571352694,0.13220113220113222,0.29735020305444776,0.25,1.0
564802,DDOS attack-LOIC-UDP,3,0.0,-0.7142857142857143,-0.4666666666666666,0.781610794269022,0.6623376623376623,0.0,,0.0
564802,DDOS attack-LOIC-UDP,5,0.1111111111111111,-0.6166666666666666,-0.4444444444444444,0.781610794269022,0.6623376623376623,0.076547581255647,0.0,0.25
564802,DDOS attack-LOIC-UDP,10,0.1111111111111111,-0.5025799793601652,-0.3856209150326798,0.781610794269022,0.6623376623376623,0.13149311204219602,0.0,0.8181818181818182
564802,DDOS attack-LOIC-UDP,20,0.2903225806451613,-0.5129032258064516,-0.3548387096774194,0.781610794269022,0.6623376623376623,0.15106875473713477,0.0,1.0
565427,DoS attacks-SlowHTTPTest,3,0.2,0.0,-0.19999999999999998,0.23623212230807167,0.15884115884115885,0.6346863468634687,1.0,0.2
565427,DoS attacks-SlowHTTPTest,5,0.1111111111111111,-0.19999999999999998,-0.16666666666666666,0.23623212230807167,0.15884115884115885,0.4965617445239432,1.0,0.25
565427,DoS attacks-SlowHTTPTest,10,0.1111111111111111,-0.37254901960784315,-0.20261437908496735,0.23623212230807167,0.15884115884115885,0.3673924203468,1.0,0.8181818181818182
565427,DoS attacks-SlowHTTPTest,20,0.21212121212121213,-0.45287433155080214,-0.32196969696969696,0.23623212230807167,0.15884115884115885,0.3428009995744941,0.42857142857142855,1.0
566199,FTP-BruteForce,3,0.2,-0.3,-0.19999999999999998,0.3674173927338484,0.2494172494172494,0.2656826568265683,1.0,0.5
566199,FTP-BruteForce,5,0.25,-0.023809523809523815,0.07142857142857142,0.3674173927338484,0.2494172494172494,0.32891504480965056,1.0,0.25
566199,FTP-BruteForce,10,0.3333333333333333,-0.04285714285714285,-0.028571428571428574,0.3674173927338484,0.2494172494172494,0.35864324388863644,0.8,0.8181818181818182
566199,FTP-BruteForce,20,0.3333333333333333,-0.07497219132369298,-0.0896551724137931,0.3674173927338484,0.2494172494172494,0.3901308841942464,0.5,1.0
566348,DoS attacks-Slowloris,3,0.0,-0.6571428571428573,-0.4666666666666666,0.39736213153934674,0.26873126873126874,0.0,,0.5
566348,DoS attacks-Slowloris,5,0.1111111111111111,-0.5499999999999999,-0.3888888888888889,0.39736213153934674,0.26873126873126874,0.076547581255647,1.0,0.6666666666666666
566348,DoS attacks-Slowloris,10,0.3333333333333333,-0.4035714285714285,-0.2761904761904762,0.39736213153934674,0.26873126873126874,0.16586061390016726,0.8,0.8181818181818182
566348,DoS attacks-Slowloris,20,0.3333333333333333,-0.014460511679644046,-0.0022988505747126436,0.39736213153934674,0.26873126873126874,0.24294552132928277,0.8,1.0
567518,DDoS attacks-LOIC-HTTP,3,0.0,-0.7714285714285715,-0.6,0.25388535515117794,0.19080919080919082,0.0,,0.2
567518,DDoS attacks-LOIC-HTTP,5,0.1111111111111111,-0.6666666666666667,-0.5,0.25388535515117794,0.19080919080919082,0.076547581255647,1.0,0.25
567518,DDoS attacks-LOIC-HTTP,10,0.17647058823529413,-0.34558823529411764,-0.20588235294117643,0.25388535515117794,0.19080919080919082,0.15396417094933107,1.0,0.6666666666666666
567518,DDoS attacks-LOIC-HTTP,20,0.21212121212121213,-0.41811497326203206,-0.2840909090909091,0.25388535515117794,0.19080919080919082,0.18455108391509964,0.5714285714285714,1.0
567714,Brute Force -Web,3,0.2,-0.6,-0.39999999999999997,0.34111458162091074,0.28471528471528473,0.09963099630996312,0.0,0.2
567714,Brute Force -Web,5,0.1111111111111111,-0.33333333333333337,-0.2222222222222222,0.34111458162091074,0.28471528471528473,0.1424800371175307,0.0,0.25
567714,Brute Force -Web,10,0.17647058823529413,-0.4093137254901961,-0.2941176470588235,0.34111458162091074,0.28471528471528473,0.16723918899972878,0.0,0.6666666666666666
567714,Brute Force -Web,20,0.2903225806451613,-0.33830645161290324,-0.2688172043010753,0.34111458162091074,0.28471528471528473,0.22462233034500975,0.0,1.0
567877,DoS attacks-SlowHTTPTest,3,0.5,0.39999999999999997,0.3333333333333334,0.35972887871622045,0.24142524142524144,0.7343173431734318,1.0,0.5
567877,DoS attacks-SlowHTTPTest,5,0.25,0.1666666666666667,0.14285714285714285,0.35972887871622045,0.24142524142524144,0.6390417816414738,1.0,0.42857142857142855
567877,DoS attacks-SlowHTTPTest,10,0.25,-0.14411764705882352,-0.15,0.35972887871622045,0.24142524142524144,0.5360268711740959,1.0,1.0
567877,DoS attacks-SlowHTTPTest,20,0.3793103448275862,0.05714285714285713,0.04926108374384236,0.35972887871622045,0.24142524142524144,0.5352482134905813,0.5454545454545454,1.0
568399,DoS attacks-GoldenEye,3,0.2,0.09999999999999999,0.0,0.20507340760505316,0.14085914085914086,0.6346863468634687,1.0,0.2
568399,DoS attacks-GoldenEye,5,0.1111111111111111,-0.21666666666666667,-0.2222222222222222,0.20507340760505316,0.14085914085914086,0.4965617445239432,1.0,0.25
568399,DoS attacks-GoldenEye,10,0.25,-0.28823529411764703,-0.21666666666666667,0.20507340760505316,0.14085914085914086,0.4313343441672067,1.0,0.8181818181818182
568399,DoS attacks-GoldenEye,20,0.3333333333333333,-0.1897664071190211,-0.13563218390804596,0.20507340760505316,0.14085914085914086,0.4177752782297224,0.9,1.0
568838,SSH-Bruteforce,3,0.0,-0.7714285714285715,-0.6,0.26736554584655847,0.1834831834831835,0.0,,0.2
568838,SSH-Bruteforce,5,0.42857142857142855,-0.5714285714285715,-0.4285714285714286,0.26736554584655847,0.1834831834831835,0.1851383360601695,0.6666666666666666,0.6666666666666666
568838,SSH-Bruteforce,10,0.3333333333333333,0.03214285714285714,-0.04761904761904762,0.26736554584655847,0.1834831834831835,0.31930127205490827,0.8,0.8181818181818182
568838,SSH-Bruteforce,20,0.25,0.00659824046920821,-0.036290322580645164,0.26736554584655847,0.1834831834831835,0.363899978490241,0.5,1.0
570118,DoS attacks-GoldenEye,3,0.0,-0.7714285714285715,-0.6,0.3330719912998394,0.2301032301032301,0.0,,0.5
570118,DoS attacks-GoldenEye,5,0.0,-0.8060606060606059,-0.6888888888888888,0.3330719912998394,0.2301032301032301,0.0,,0.42857142857142855
570118,DoS attacks-GoldenEye,10,0.25,-0.5117647058823529,-0.35,0.3330719912998394,0.2301032301032301,0.10260473742292373,0.75,0.8181818181818182
570118,DoS attacks-GoldenEye,20,0.3333333333333333,-0.18309232480533927,-0.14022988505747128,0.3330719912998394,0.2301032301032301,0.19021596174200886,0.9,1.0
571598,DDoS attacks-LOIC-HTTP,3,0.0,-0.8857142857142858,-0.7333333333333333,0.24025341746860732,0.16483516483516483,0.0,,0.0
571598,DDoS attacks-LOIC-HTTP,5,0.0,-0.8909090909090909,-0.7333333333333333,0.24025341746860732,0.16483516483516483,0.0,,0.1111111111111111
571598,DDoS attacks-LOIC-HTTP,10,0.05263157894736842,-0.7210526315789473,-0.49707602339181284,0.24025341746860732,0.16483516483516483,0.013291704778403425,1.0,0.8181818181818182
571598,DDoS attacks-LOIC-HTTP,20,0.1111111111111111,-0.5462033462033462,-0.3396825396825397,0.24025341746860732,0.16483516483516483,0.05097982505610226,1.0,1.0
571642,DDoS attacks-LOIC-HTTP,3,0.0,-0.7714285714285715,-0.6,0.26660681091060834,0.16749916749916752,0.0,,0.5
571642,DDoS attacks-LOIC-HTTP,5,0.1111111111111111,-0.7833333333333333,-0.611111111111111,0.26660681091060834,0.16749916749916752,0.03204317354887549,0.0,0.42857142857142855
571642,DDoS attacks-LOIC-HTTP,10,0.1111111111111111,-0.541795665634675,-0.3856209150326798,0.26660681091060834,0.16749916749916752,0.1186215897156709,0.5,0.8181818181818182
571642,DDoS attacks-LOIC-HTTP,20,0.14285714285714285,-0.5521008403361345,-0.4050420168067227,0.26660681091060834,0.16749916749916752,0.13815820192854628,0.6,1.0
572379,Brute Force -XSS,3,0.0,-0.7714285714285715,-0.6,0.18097092780637083,0.12953712953712954,0.0,,0.0
572379,Brute Force -XSS,5,0.0,-0.9151515151515152,-0.7777777777777777,0.18097092780637083,0.12953712953712954,0.0,,0.1111111111111111
572379,Brute Force -XSS,10,0.1111111111111111,-0.739938080495356,-0.5294117647058824,0.18097092780637083,0.12953712953712954,0.019239926253821527,0.5,0.8181818181818182
572379,Brute Force -XSS,20,0.25,-0.5256598240469208,-0.37096774193548393,0.18097092780637083,0.12953712953712954,0.0835007659703456,0.625,1.0
573111,DoS attacks-Hulk,3,0.2,0.0,-0.19999999999999998,0.2391406062292138,0.16483516483516483,0.6346863468634687,1.0,0.5
573111,DoS attacks-Hulk,5,0.25,-0.2142857142857143,-0.2857142857142857,0.2391406062292138,0.16483516483516483,0.5731093257795903,0.5,0.6666666666666666
573111,DoS attacks-Hulk,10,0.17647058823529413,-0.3186274509803922,-0.24999999999999997,0.2391406062292138,0.16483516483516483,0.4647581507787095,0.6666666666666666,0.6666666666666666
573111,DoS attacks-Hulk,20,0.25,-0.20527859237536655,-0.12500000000000003,0.2391406062292138,0.16483516483516483,0.43297579014742066,0.625,1.0
573424,Brute Force -XSS,3,0.0,-0.6571428571428573,-0.4666666666666666,0.2741941602701096,0.18081918081918083,0.0,,0.2
573424,Brute Force -XSS,5,0.0,-0.709090909090909,-0.4666666666666666,0.2741941602701096,0.18081918081918083,0.0,,0.1111111111111111
573424,Brute Force -XSS,10,0.25,-0.8088235294117646,-0.6,0.2741941602701096,0.18081918081918083,0.038479852507643054,0.5,0.6666666666666666
573424,Brute Force -XSS,20,0.3333333333333333,-0.41713014460511677,-0.3195402298850575,0.2741941602701096,0.18081918081918083,0.13543656538067045,0.5,1.0
573771,DoS attacks-GoldenEye,3,0.5,0.7999999999999999,0.6666666666666669,0.34111458162091074,0.23742923742923744,0.900369003690037,1.0,0.2
573771,DoS attacks-GoldenEye,5,0.25,0.261904761904762,0.14285714285714285,0.34111458162091074,0.23742923742923744,0.7489292080779467,1.0,0.6666666666666666
573771,DoS attacks-GoldenEye,10,0.25,0.0,-0.016666666666666666,0.34111458162091074,0.23742923742923744,0.6410628929299517,1.0,0.8181818181818182
573771,DoS attacks-GoldenEye,20,0.3793103448275862,-0.020197044334975364,-0.029556650246305414,0.34111458162091074,0.23742923742923744,0.6022908781551342,0.8181818181818182,1.0
573880,DDOS attack-LOIC-UDP,3,0.0,-0.7142857142857143,-0.4666666666666666,0.7910191074748038,0.6769896769896769,0.0,,0.2
573880,DDOS attack-LOIC-UDP,5,0.1111111111111111,-0.6166666666666666,-0.4444444444444444,0.7910191074748038,0.6769896769896769,0.076547581255647,0.0,0.25
573880,DDOS attack-LOIC-UDP,10,0.1111111111111111,-0.48194014447884415,-0.3725490196078432,0.7910191074748038,0.6769896769896769,0.13149311204219602,0.0,0.8181818181818182
573880,DDOS attack-LOIC-UDP,20,0.2903225806451613,-0.4294354838709678,-0.2602150537634409,0.7910191074748038,0.6769896769896769,0.15106875473713477,0.0,1.0
574170,DoS attacks-Hulk,3,0.2,0.0,-0.19999999999999998,0.22024810632405567,0.15218115218115216,0.6346863468634687,1.0,0.5
574170,DoS attacks-Hulk,5,0.1111111111111111,-0.2333333333333333,-0.2222222222222222,0.22024810632405567,0.15218115218115216,0.4965617445239432,1.0,0.42857142857142855
574170,DoS attacks-Hulk,10,0.17647058823529413,-0.29901960784313725,-0.19117647058823525,0.22024810632405567,0.15218115218115216,0.41662984990561563,0.3333333333333333,0.8181818181818182
574170,DoS attacks-Hulk,20,0.14285714285714285,-0.32605042016806723,-0.226890756302521,0.22024810632405567,0.15218115218115216,0.3937846538479075,0.6,1.0
576116,Benign,3,0.5,0.39999999999999997,0.3333333333333334,0.3082866500588019,0.21611721611721613,0.7343173431734318,1.0,0.5
576116,Benign,5,0.25,0.07142857142857144,0.0,0.3082866500588019,0.21611721611721613,0.6390417816414738,1.0,0.6666666666666666
576116,Benign,10,0.17647058823529413,-0.10294117647058824,-0.07352941176470587,0.3082866500588019,0.21611721611721613,0.5495015370473733,1.0,0.8181818181818182
576116,Benign,20,0.2903225806451613,-0.13709677419354843,-0.09677419354838711,0.3082866500588019,0.21611721611721613,0.5148990298506023,0.6666666666666666,1.0
576152,DoS attacks-GoldenEye,3,0.2,0.09999999999999999,0.0,0.41112052504457564,0.29004329004329005,0.6346863468634687,1.0,0.5
576152,DoS attacks-GoldenEye,5,0.1111111111111111,-0.16666666666666669,-0.1111111111111111,0.41112052504457564,0.29004329004329005,0.4965617445239432,1.0,0.6666666666666666
576152,DoS attacks-GoldenEye,10,0.17647058823529413,-0.38970588235294124,-0.2647058823529411,0.41112052504457564,0.29004329004329005,0.3806841251252034,1.0,0.8181818181818182
576152,DoS attacks-GoldenEye,20,0.2903225806451613,-0.1931451612903226,-0.10107526881720431,0.41112052504457564,0.29004329004329005,0.3739348033358687,0.5555555555555556,1.0
577200,Brute Force -Web,3,0.0,-0.6,-0.3333333333333333,0.019638589258842418,0.002997002997002997,0.0,,0.2
577200,Brute Force -Web,5,0.0,-0.7696969696969697,-0.5555555555555555,0.019638589258842418,0.002997002997002997,0.0,,0.25
577200,Brute Force -Web,10,0.0,-0.7548872180451127,-0.5157894736842106,0.019638589258842418,0.002997002997002997,0.0,,0.8181818181818182
577200,Brute Force -Web,20,0.08108108108108109,-0.6899004267425319,-0.4894894894894895,0.019638589258842418,0.002997002997002997,0.024298773431358344,0.3333333333333333,1.0
577695,SSH-Bruteforce,3,0.2,-0.49999999999999994,-0.39999999999999997,0.17452168085079475,0.12354312354312354,0.2656826568265683,1.0,0.5
577695,SSH-Bruteforce,5,0.1111111111111111,-0.3,-0.16666666666666666,0.17452168085079475,0.12354312354312354,0.2523674635540035,1.0,0.42857142857142855
577695,SSH-Bruteforce,10,0.1111111111111111,-0.40144478844169246,-0.2941176470588236,0.17452168085079475,0.12354312354312354,0.24203758720290527,1.0,0.8181818181818182
577695,SSH-Bruteforce,20,0.2903225806451613,-0.2346774193548387,-0.178494623655914,0.17452168085079475,0.12354312354312354,0.28202895513613274,0.8888888888888888,1.0
578079,DoS attacks-GoldenEye,3,0.5,0.7999999999999999,0.6666666666666669,0.28883774453394706,0.20546120546120547,0.900369003690037,1.0,0.2
578079,DoS attacks-GoldenEye,5,0.25,0.2380952380952381,0.07142857142857142,0.28883774453394706,0.20546120546120547,0.7489292080779467,1.0,0.42857142857142855
578079,DoS attacks-GoldenEye,10,0.3333333333333333,-0.05357142857142857,-0.06666666666666668,0.28883774453394706,0.20546120546120547,0.6227217123281086,1.0,0.8181818181818182
578079,DoS attacks-GoldenEye,20,0.42857142857142855,-0.019157088122605366,-0.026455026455026457,0.28883774453394706,0.20546120546120547,0.5890801854215376,0.8333333333333334,1.0
578698,DDOS attack-HOIC,3,0.2,0.09999999999999999,0.0,0.22110800591813248,0.13886113886113888,0.6346863468634687,1.0,0.2
578698,DDOS attack-HOIC,5,0.1111111111111111,-0.2333333333333333,-0.2222222222222222,0.22110800591813248,0.13886113886113888,0.4965617445239432,1.0,0.42857142857142855
578698,DDOS attack-HOIC,10,0.1111111111111111,-0.42002063983488136,-0.30718954248366015,0.22110800591813248,0.13886113886113888,0.3747359036497853,1.0,0.8181818181818182
578698,DDOS attack-HOIC,20,0.1111111111111111,-0.4949806949806951,-0.34920634920634924,0.22110800591813248,0.13886113886113888,0.3200674260628703,0.5,1.0
579553,Benign,3,0.5,0.39999999999999997,0.3333333333333334,0.37910191074748034,0.2554112554112554,0.7343173431734318,0.5,0.5
579553,Benign,5,0.25,0.1666666666666667,0.07142857142857142,0.37910191074748034,0.2554112554112554,0.6390417816414738,0.5,0.6666666666666666
579553,Benign,10,0.25,0.07058823529411765,0.016666666666666666,0.37910191074748034,0.2554112554112554,0.5836289186576596,0.5,0.8181818181818182
579553,Benign,20,0.2903225806451613,-0.0435483870967742,-0.04086021505376344,0.37910191074748034,0.2554112554112554,0.5369234273452652,0.4444444444444444,1.0
579853,DoS attacks-GoldenEye,3,0.5,0.7999999999999999,0.6666666666666669,0.3410387081273157,0.23143523143523145,0.900369003690037,1.0,0.5
579853,DoS attacks-GoldenEye,5,0.25,0.3333333333333334,0.2857142857142857,0.3410387081273157,0.23143523143523145,0.7489292080779467,1.0,0.25
579853,DoS attacks-GoldenEye,10,0.25,-0.14411764705882352,-0.13333333333333333,0.3410387081273157,0.23143523143523145,0.6051171681495392,1.0,0.6666666666666666
579853,DoS attacks-GoldenEye,20,0.21212121212121213,-0.20788770053475936,-0.14393939393939395,0.3410387081273157,0.23143523143523145,0.549210607015539,0.8571428571428571,1.0
579978,Infilteration,3,0.5,0.0,0.0,0.4458958762756231,0.32534132534132537,0.3653136531365314,0.5,0.5
579978,Infilteration,5,0.42857142857142855,0.39285714285714296,0.23809523809523814,0.4458958762756231,0.32534132534132537,0.47139508192718127,0.3333333333333333,0.42857142857142855
579978,Infilteration,10,0.3333333333333333,0.17857142857142855,0.08571428571428572,0.4458958762756231,0.32534132534132537,0.4992814956759382,0.2,0.8181818181818182
579978,Infilteration,20,0.25,0.001099706744868035,0.020161290322580648,0.4458958762756231,0.32534132534132537,0.4789907458452915,0.25,1.0
581136,DoS attacks-Slowloris,3,0.2,0.0,-0.19999999999999998,0.03511678195222499,0.022977022977022976,0.6346863468634687,1.0,0.2
581136,DoS attacks-Slowloris,5,0.1111111111111111,-0.33333333333333337,-0.3888888888888889,0.03511678195222499,0.022977022977022976,0.4965617445239432,1.0,0.42857142857142855
581136,DoS attacks-Slowloris,10,0.17647058823529413,-0.35294117647058826,-0.2794117647058823,0.03511678195222499,0.022977022977022976,0.40886328526007165,1.0,0.8181818181818182
581136,DoS attacks-Slowloris,20,0.17647058823529413,-0.37876241405653166,-0.25490196078431376,0.03511678195222499,0.022977022977022976,0.3644312624761975,0.6666666666666666,1.0
581490,DDOS attack-HOIC,3,0.2,-0.09999999999999999,0.0,0.244350586122738,0.16683316683316685,0.2656826568265683,1.0,0.2
581490,DDOS attack-HOIC,5,0.1111111111111111,-0.48333333333333334,-0.5,0.244350586122738,0.16683316683316685,0.2523674635540035,1.0,0.42857142857142855
581490,DDOS attack-HOIC,10,0.17647058823529413,-0.4852941176470589,-0.3529411764705882,0.244350586122738,0.16683316683316685,0.22715013184644045,0.6666666666666666,0.8181818181818182
581490,DDOS attack-HOIC,20,0.25,-0.4728739002932551,-0.37500000000000006,0.244350586122738,0.16683316683316685,0.25071060258375205,0.25,1.0
582425,Infilteration,3,0.0,-0.942857142857143,-0.8666666666666666,0.361372804410779,0.24075924075924077,0.0,,0.2
582425,Infilteration,5,0.25,-0.9523809523809524,-0.8571428571428571,0.361372804410779,0.24075924075924077,0.10859075480452249,1.0,0.42857142857142855
582425,Infilteration,10,0.3333333333333333,-0.2321428571428571,-0.1619047619047619,0.361372804410779,0.24075924075924077,0.22746068175585793,0.6,0.8181818181818182
582425,Infilteration,20,0.25,-0.049853372434017586,-0.028225806451612906,0.361372804410779,0.24075924075924077,0.28189005541012047,0.375,1.0
582433,FTP-BruteForce,3,0.2,0.09999999999999999,0.0,0.25679383907232006,0.17282717282717283,0.6346863468634687,1.0,0.2
582433,FTP-BruteForce,5,0.1111111111111111,-0.2833333333333333,-0.3333333333333333,0.25679383907232006,0.17282717282717283,0.4965617445239432,1.0,0.25
582433,FTP-BruteForce,10,0.05263157894736842,-0.4912280701754386,-0.40350877192982454,0.25679383907232006,0.17282717282717283,0.3614441988713819,1.0,0.8181818181818182
582433,FTP-BruteForce,20,0.3333333333333333,-0.40155728587319245,-0.30574712643678165,0.25679383907232006,0.17282717282717283,0.35268480809785796,0.4,1.0
582648,DoS attacks-Slowloris,3,0.0,-0.6571428571428573,-0.4666666666666666,0.3558087482138115,0.2480852480852481,0.0,,0.5
582648,DoS attacks-Slowloris,5,0.1111111111111111,-0.5499999999999999,-0.3888888888888889,0.3558087482138115,0.2480852480852481,0.076547581255647,1.0,0.6666666666666666
582648,DoS attacks-Slowloris,10,0.25,-0.3294117647058824,-0.19999999999999998,0.3558087482138115,0.2480852480852481,0.16725587572773448,0.75,0.8181818181818182
582648,DoS attacks-Slowloris,20,0.3793103448275862,-0.11477832512315268,-0.07389162561576354,0.3558087482138115,0.2480852480852481,0.23816342809966276,0.7272727272727273,1.0
582796,Benign,3,0.2,-0.19999999999999998,-0.19999999999999998,0.2541635579610263,0.1615051615051615,0.2656826568265683,1.0,0.2
582796,Benign,5,0.25,-0.19047619047619052,-0.14285714285714285,0.2541635579610263,0.1615051615051615,0.28441063710287906,1.0,0.42857142857142855
582796,Benign,10,0.1111111111111111,-0.2693498452012384,-0.17647058823529413,0.2541635579610263,0.1615051615051615,0.277294365749474,1.0,0.8181818181818182
582796,Benign,20,0.14285714285714285,-0.3666666666666667,-0.24705882352941178,0.2541635579610263,0.1615051615051615,0.26098777711146026,0.6,1.0
583069,Benign,3,0.2,-0.6,-0.39999999999999997,0.31268731268731265,0.22011322011322013,0.09963099630996312,1.0,0.2
583069,Benign,5,0.1111111111111111,-0.4666666666666666,-0.3333333333333333,0.31268731268731265,0.22011322011322013,0.1424800371175307,1.0,0.25
583069,Benign,10,0.1111111111111111,-0.4654282765737873,-0.30718954248366015,0.31268731268731265,0.22011322011322013,0.16129096752431069,0.5,0.8181818181818182
583069,Benign,20,0.17647058823529413,-0.2864782276546982,-0.16221033868092694,0.31268731268731265,0.22011322011322013,0.20549612745950124,0.5,1.0
583318,DDoS attacks-LOIC-HTTP,3,0.0,-0.6,-0.3333333333333333,0.4054553041894814,0.2760572760572761,0.0,,0.2
583318,DDoS attacks-LOIC-HTTP,5,0.1111111111111111,-0.6,-0.4444444444444444,0.4054553041894814,0.2760572760572761,0.076547581255647,1.0,0.25
583318,DDoS attacks-LOIC-HTTP,10,0.1111111111111111,-0.5067079463364293,-0.3725490196078432,0.4054553041894814,0.2760572760572761,0.11065743521031306,1.0,0.8181818181818182
583318,DDoS attacks-LOIC-HTTP,20,0.17647058823529413,-0.27547746371275783,-0.18003565062388593,0.4054553041894814,0.2760572760572761,0.16502251995522152,0.6666666666666666,1.0
583369,SSH-Bruteforce,3,0.2,-0.49999999999999994,-0.39999999999999997,0.2693382566800288,0.1848151848151848,0.2656826568265683,1.0,0.5
583369,SSH-Bruteforce,5,0.1111111111111111,-0.26666666666666666,-0.1111111111111111,0.2693382566800288,0.1848151848151848,0.2523674635540035,1.0,0.42857142857142855
583369,SSH-Bruteforce,10,0.1111111111111111,-0.32301341589267285,-0.17647058823529413,0.2693382566800288,0.1848151848151848,0.24203758720290527,1.0,0.8181818181818182
583369,SSH-Bruteforce,20,0.21212121212121213,-0.2667112299465241,-0.19318181818181818,0.2693382566800288,0.1848151848151848,0.2669194647052398,0.7142857142857143,1.0
584457,DDoS attacks-LOIC-HTTP,3,0.2,-0.09999999999999999,0.0,0.13807711276065704,0.08424908424908426,0.2656826568265683,1.0,0.5
584457,DDoS attacks-LOIC-HTTP,5,0.1111111111111111,-0.38333333333333336,-0.3333333333333333,0.13807711276065704,0.08424908424908426,0.2523674635540035,1.0,0.42857142857142855
584457,DDoS attacks-LOIC-HTTP,10,0.05263157894736842,-0.46842105263157896,-0.2982456140350877,0.13807711276065704,0.08424908424908426,0.20791020559261889,1.0,0.8181818181818182
584457,DDoS attacks-LOIC-HTTP,20,0.17647058823529413,-0.5550802139037433,-0.38324420677361865,0.13807711276065704,0.08424908424908426,0.20403431990869103,0.5,1.0
584834,SSH-Bruteforce,3,0.2,-0.49999999999999994,-0.39999999999999997,0.21291366860987113,0.13752913752913754,0.2656826568265683,1.0,0.5
584834,SSH-Bruteforce,5,0.25,-0.261904761904762,-0.14285714285714285,0.21291366860987113,0.13752913752913754,0.28441063710287906,1.0,0.42857142857142855
584834,SSH-Bruteforce,10,0.1111111111111111,-0.28792569659442724,-0.16339869281045755,0.21291366860987113,0.13752913752913754,0.277294365749474,1.0,0.8181818181818182
584834,SSH-Bruteforce,20,0.25,-0.3251466275659824,-0.23790322580645165,0.21291366860987113,0.13752913752913754,0.2814573558777121,0.875,1.0
585332,SSH-Bruteforce,3,0.2,-0.3,-0.19999999999999998,0.07570910102555671,0.05028305028305029,0.2656826568265683,1.0,0.5
585332,SSH-Bruteforce,5,0.1111111111111111,-0.25,-0.16666666666666666,0.07570910102555671,0.05028305028305029,0.2523674635540035,1.0,0.42857142857142855
585332,SSH-Bruteforce,10,0.1111111111111111,-0.3415892672858617,-0.20261437908496735,0.07570910102555671,0.05028305028305029,0.24203758720290527,1.0,0.8181818181818182
585332,SSH-Bruteforce,20,0.25,-0.28409090909090906,-0.20967741935483875,0.07570910102555671,0.05028305028305029,0.28108244251329756,0.625,1.0
585380,FTP-BruteForce,3,0.2,0.09999999999999999,0.0,0.14146612880790096,0.08891108891108891,0.6346863468634687,1.0,0.2
585380,FTP-BruteForce,5,0.1111111111111111,-0.18333333333333335,-0.1111111111111111,0.14146612880790096,0.08891108891108891,0.4965617445239432,1.0,0.1111111111111111
585380,FTP-BruteForce,10,0.1111111111111111,-0.45098039215686275,-0.30718954248366015,0.14146612880790096,0.08891108891108891,0.3673924203468,1.0,0.8181818181818182
585380,FTP-BruteForce,20,0.3333333333333333,-0.35172413793103446,-0.2413793103448276,0.14146612880790096,0.08891108891108891,0.3573936153993045,0.3,1.0
586218,DoS attacks-GoldenEye,3,0.5,0.6000000000000001,0.3333333333333334,0.3550500132778614,0.2400932400932401,0.5313653136531366,1.0,0.5
586218,DoS attacks-GoldenEye,5,0.25,0.1666666666666667,-0.07142857142857142,0.3550500132778614,0.2400932400932401,0.504734927108007,1.0,0.42857142857142855
586218,DoS attacks-GoldenEye,10,0.17647058823529413,-0.2132352941176471,-0.2205882352941176,0.3550500132778614,0.2400932400932401,0.42176863266065584,1.0,0.8181818181818182
586218,DoS attacks-GoldenEye,20,0.3333333333333333,-0.11724137931034483,-0.0896551724137931,0.3550500132778614,0.2400932400932401,0.42163346705319044,0.7,1.0
588010,DoS attacks-GoldenEye,3,0.2,-0.7,-0.6,0.30211560591307424,0.22544122544122544,0.09963099630996312,1.0,0.5
588010,DoS attacks-GoldenEye,5,0.25,-0.2380952380952381,-0.21428571428571427,0.30211560591307424,0.22544122544122544,0.2190276183731777,1.0,0.6666666666666666
588010,DoS attacks-GoldenEye,10,0.3333333333333333,-0.11785714285714284,-0.12380952380952381,0.30211560591307424,0.22544122544122544,0.33036518642217116,0.8,0.8181818181818182
588010,DoS attacks-GoldenEye,20,0.3333333333333333,0.01579532814238042,0.043678160919540236,0.30211560591307424,0.22544122544122544,0.37458711168381115,0.8,1.0
588054,Benign,3,0.2,-0.19999999999999998,-0.19999999999999998,0.2685795217440787,0.1868131868131868,0.2656826568265683,1.0,0.2
588054,Benign,5,0.1111111111111111,-0.21666666666666667,-0.1111111111111111,0.2685795217440787,0.1868131868131868,0.2523674635540035,1.0,0.25
588054,Benign,10,0.3333333333333333,-0.11071428571428568,-0.06666666666666668,0.2685795217440787,0.1868131868131868,0.3105149430155426,0.8,0.8181818181818182
588054,Benign,20,0.21212121212121213,-0.0965909090909091,-0.11363636363636363,0.2685795217440787,0.1868131868131868,0.3516852284946717,0.7142857142857143,1.0
588844,DDOS attack-HOIC,3,0.2,0.09999999999999999,0.0,0.2983978047269186,0.18614718614718614,0.6346863468634687,1.0,0.2
588844,DDOS attack-HOIC,5,0.1111111111111111,-0.15,-0.1111111111111111,0.2983978047269186,0.18614718614718614,0.4965617445239432,1.0,0.42857142857142855
588844,DDOS attack-HOIC,10,0.1111111111111111,-0.29205366357069146,-0.17647058823529413,0.2983978047269186,0.18614718614718614,0.4106816284301976,1.0,0.8181818181818182
588844,DDOS attack-HOIC,20,0.14285714285714285,-0.5518207282913166,-0.4319327731092437,0.2983978047269186,0.18614718614718614,0.3494429354781744,0.4,1.0
589312,DoS attacks-Slowloris,3,0.0,-0.6571428571428573,-0.4666666666666666,0.3484743104996269,0.23742923742923744,0.0,,0.5
589312,DoS attacks-Slowloris,5,0.1111111111111111,-0.6,-0.4444444444444444,0.3484743104996269,0.23742923742923744,0.076547581255647,1.0,0.6666666666666666
589312,DoS attacks-Slowloris,10,0.17647058823529413,-0.30147058823529416,-0.16176470588235295,0.3484743104996269,0.23742923742923744,0.15396417094933107,0.6666666666666666,0.8181818181818182
589312,DoS attacks-Slowloris,20,0.3793103448275862,-0.11970443349753691,-0.09359605911330048,0.3484743104996269,0.23742923742923744,0.22702923544941372,0.7272727272727273,1.0
589510,Benign,3,0.2,-0.6,-0.39999999999999997,0.23302014441254945,0.1774891774891775,0.09963099630996312,1.0,0.2
589510,Benign,5,0.1111111111111111,-0.5166666666666667,-0.3888888888888889,0.23302014441254945,0.1774891774891775,0.1424800371175307,1.0,0.42857142857142855
589510,Benign,10,0.25,-0.38823529411764707,-0.25,0.23302014441254945,0.1774891774891775,0.2164766185585446,1.0,0.8181818181818182
589510,Benign,20,0.2903225806451613,-0.09516129032258065,-0.03655913978494624,0.23302014441254945,0.1774891774891775,0.27245049797812276,0.6666666666666666,1.0
589863,DDoS attacks-LOIC-HTTP,3,0.0,-0.5428571428571429,-0.2,0.3596277140580938,0.25274725274725274,0.0,,0.2
589863,DDoS attacks-LOIC-HTTP,5,0.1111111111111111,-0.7,-0.4444444444444444,0.3596277140580938,0.25274725274725274,0.076547581255647,1.0,0.25
589863,DDoS attacks-LOIC-HTTP,10,0.17647058823529413,-0.47058823529411764,-0.2794117647058823,0.3596277140580938,0.25274725274725274,0.1257850108144628,1.0,0.8181818181818182
589863,DDoS attacks-LOIC-HTTP,20,0.21212121212121213,-0.36296791443850274,-0.2196969696969697,0.3596277140580938,0.25274725274725274,0.166971156247913,0.5714285714285714,1.0
590538,Bot,3,0.2,-0.19999999999999998,-0.19999999999999998,0.029552725755257397,0.024975024975024976,0.2656826568265683,1.0,0.5
590538,Bot,5,0.1111111111111111,-0.45,-0.4444444444444444,0.029552725755257397,0.024975024975024976,0.2523674635540035,1.0,0.6666666666666666
590538,Bot,10,0.17647058823529413,-0.4068627450980392,-0.30882352941176466,0.029552725755257397,0.024975024975024976,0.2479858086783234,0.6666666666666666,0.6666666666666666
590538,Bot,20,0.1111111111111111,-0.4411840411840412,-0.3238095238095239,0.029552725755257397,0.024975024975024976,0.24270886855170873,0.75,1.0
590726,DDOS attack-LOIC-UDP,3,0.0,-0.7142857142857143,-0.4666666666666666,0.792308956865919,0.680985680985681,0.0,,0.2
590726,DDOS attack-LOIC-UDP,5,0.1111111111111111,-0.6666666666666667,-0.5,0.792308956865919,0.680985680985681,0.076547581255647,0.0,0.25
590726,DDOS attack-LOIC-UDP,10,0.1111111111111111,-0.4840041279669762,-0.3725490196078432,0.792308956865919,0.680985680985681,0.14660315999072546,0.0,0.8181818181818182
590726,DDOS attack-LOIC-UDP,20,0.2903225806451613,-0.4125000000000001,-0.23440860215053763,0.792308956865919,0.680985680985681,0.1622723504195934,0.0,1.0
591248,FTP-BruteForce,3,0.2,0.09999999999999999,0.0,0.14111205250445755,0.10622710622710622,0.6346863468634687,1.0,0.2
591248,FTP-BruteForce,5,0.1111111111111111,-0.09999999999999999,0.0,0.14111205250445755,0.10622710622710622,0.4965617445239432,1.0,0.1111111111111111
591248,FTP-BruteForce,10,0.1111111111111111,-0.38493292053663575,-0.2679738562091504,0.14111205250445755,0.10622710622710622,0.3747359036497853,1.0,0.8181818181818182
591248,FTP-BruteForce,20,0.3333333333333333,-0.33125695216907675,-0.22758620689655176,0.14111205250445755,0.10622710622710622,0.37013786717940333,0.3,1.0
592051,DDoS attacks-LOIC-HTTP,3,0.2,-0.3,-0.19999999999999998,0.11379759481025302,0.07226107226107226,0.2656826568265683,1.0,0.5
592051,DDoS attacks-LOIC-HTTP,5,0.1111111111111111,-0.3666666666666667,-0.2777777777777778,0.11379759481025302,0.07226107226107226,0.2523674635540035,1.0,0.42857142857142855
592051,DDoS attacks-LOIC-HTTP,10,0.05263157894736842,-0.5368421052631579,-0.40350877192982454,0.11379759481025302,0.07226107226107226,0.20791020559261889,1.0,1.0
592051,DDoS attacks-LOIC-HTTP,20,0.17647058823529413,-0.5498854087089381,-0.40463458110516937,0.11379759481025302,0.07226107226107226,0.2054732008447414,0.5,1.0
592647,FTP-BruteForce,3,0.2,0.09999999999999999,0.0,0.24356656002225624,0.1714951714951715,0.6346863468634687,1.0,0.5
592647,FTP-BruteForce,5,0.1111111111111111,-0.2833333333333333,-0.3333333333333333,0.24356656002225624,0.1714951714951715,0.4965617445239432,1.0,0.42857142857142855
592647,FTP-BruteForce,10,0.17647058823529413,-0.5465686274509804,-0.48529411764705876,0.24356656002225624,0.1714951714951715,0.39720696255692034,0.6666666666666666,0.8181818181818182
592647,FTP-BruteForce,20,0.2903225806451613,-0.24475806451612908,-0.18279569892473121,0.24356656002225624,0.1714951714951715,0.4098393492113351,0.4444444444444444,1.0
593418,DDOS attack-HOIC,3,0.2,-0.3,-0.19999999999999998,0.20021750401497235,0.13553113553113552,0.2656826568265683,1.0,0.2
593418,DDOS attack-HOIC,5,0.1111111111111111,-0.35,-0.2777777777777778,0.20021750401497235,0.13553113553113552,0.2523674635540035,1.0,0.42857142857142855
593418,DDOS attack-HOIC,10,0.05263157894736842,-0.49473684210526314,-0.3684210526315789,0.20021750401497235,0.13553113553113552,0.20791020559261889,1.0,0.8181818181818182
593418,DDOS attack-HOIC,20,0.21212121212121213,-0.48963903743315507,-0.3560606060606061,0.20021750401497235,0.13553113553113552,0.22135534448979405,0.2857142857142857,1.0
593460,DDoS attacks-LOIC-HTTP,3,0.2,-0.7,-0.6,0.14761188178909698,0.1068931068931069,0.09963099630996312,1.0,0.2
593460,DDoS attacks-LOIC-HTTP,5,0.1111111111111111,-0.5833333333333334,-0.4444444444444444,0.14761188178909698,0.1068931068931069,0.1424800371175307,1.0,0.42857142857142855
593460,DDoS attacks-LOIC-HTTP,10,0.05263157894736842,-0.5508771929824561,-0.3684210526315789,0.14761188178909698,0.1068931068931069,0.13881990861717564,1.0,0.8181818181818182
593460,DDoS attacks-LOIC-HTTP,20,0.14285714285714285,-0.5680672268907563,-0.4050420168067227,0.14761188178909698,0.1068931068931069,0.1531345805084597,0.4,1.0
593561,FTP-BruteForce,3,0.2,0.0,-0.19999999999999998,0.33716915995397007,0.23809523809523808,0.6346863468634687,1.0,0.5
593561,FTP-BruteForce,5,0.1111111111111111,-0.16666666666666669,-0.1111111111111111,0.33716915995397007,0.23809523809523808,0.4965617445239432,1.0,0.25
593561,FTP-BruteForce,10,0.17647058823529413,-0.22794117647058826,-0.08823529411764705,0.33716915995397007,0.23809523809523808,0.39720696255692034,0.6666666666666666,0.8181818181818182
593561,FTP-BruteForce,20,0.3333333333333333,-0.3067853170189099,-0.21839080459770116,0.33716915995397007,0.23809523809523808,0.38939575789341196,0.3,1.0
593630,DoS attacks-GoldenEye,3,0.5,0.7999999999999999,0.6666666666666669,0.2795053048217605,0.20013320013320016,0.900369003690037,1.0,0.5
593630,DoS attacks-GoldenEye,5,0.25,0.28571428571428575,0.21428571428571427,0.2795053048217605,0.20013320013320016,0.7489292080779467,1.0,0.25
593630,DoS attacks-GoldenEye,10,0.17647058823529413,-0.16911764705882354,-0.14705882352941174,0.2795053048217605,0.20013320013320016,0.5826461092424041,1.0,0.6666666666666666
593630,DoS attacks-GoldenEye,20,0.2903225806451613,-0.11935483870967743,-0.07526881720430108,0.2795053048217605,0.20013320013320016,0.5327807835545918,0.8888888888888888,1.0
593714,Bot,3,0.0,-0.8285714285714287,-0.7333333333333333,0.04100962328810429,0.028305028305028304,0.0,,0.2
593714,Bot,5,0.0,-0.8060606060606059,-0.6444444444444444,0.04100962328810429,0.028305028305028304,0.0,,0.42857142857142855
593714,Bot,10,0.0,-0.7669172932330827,-0.5473684210526316,0.04100962328810429,0.028305028305028304,0.0,,0.6666666666666666
593714,Bot,20,0.14285714285714285,-0.7145658263305322,-0.4756302521008403,0.04100962328810429,0.028305028305028304,0.016401711231237702,0.4,1.0
594014,Infilteration,3,0.2,-0.09999999999999999,0.0,0.2002680863440357,0.13619713619713622,0.2656826568265683,1.0,0.5
594014,Infilteration,5,0.1111111111111111,-0.18333333333333335,-0.05555555555555555,0.2002680863440357,0.13619713619713622,0.2523674635540035,1.0,0.6666666666666666
594014,Infilteration,10,0.1111111111111111,-0.3869969040247678,-0.20261437908496735,0.2002680863440357,0.13619713619713622,0.21385842706803698,1.0,0.8181818181818182
594014,Infilteration,20,0.2903225806451613,-0.22419354838709676,-0.12688172043010754,0.2002680863440357,0.13619713619713622,0.24444730987129595,0.4444444444444444,1.0
595185,DDoS attacks-LOIC-HTTP,3,0.0,-0.8285714285714287,-0.7333333333333333,0.3477408667282085,0.24275724275724278,0.0,,0.2
595185,DDoS attacks-LOIC-HTTP,5,0.25,-0.7142857142857144,-0.5714285714285714,0.3477408667282085,0.24275724275724278,0.10859075480452249,1.0,0.25
595185,DDoS attacks-LOIC-HTTP,10,0.17647058823529413,-0.4093137254901961,-0.2647058823529411,0.3477408667282085,0.24275724275724278,0.17269811206418287,1.0,0.8181818181818182
595185,DDoS attacks-LOIC-HTTP,20,0.17647058823529413,-0.2834224598930481,-0.17290552584670232,0.3477408667282085,0.24275724275724278,0.20873260735866214,0.8333333333333334,1.0
598293,Brute Force -XSS,3,0.0,-0.7714285714285715,-0.6,0.5131197916008043,0.39793539793539795,0.0,,0.2
598293,Brute Force -XSS,5,0.25,-0.6190476190476191,-0.42857142857142855,0.5131197916008043,0.39793539793539795,0.10859075480452249,0.0,0.42857142857142855
598293,Brute Force -XSS,10,0.17647058823529413,-0.3823529411764707,-0.2647058823529411,0.5131197916008043,0.39793539793539795,0.17269811206418287,0.0,0.6666666666666666
598293,Brute Force -XSS,20,0.25,-0.3684017595307918,-0.30241935483870974,0.5131197916008043,0.39793539793539795,0.21643775435772636,0.0,1.0
599120,DoS attacks-Hulk,3,0.2,0.09999999999999999,0.0,0.14300888984433288,0.09423909423909424,0.6346863468634687,1.0,0.2
599120,DoS attacks-Hulk,5,0.1111111111111111,-0.21666666666666667,-0.2222222222222222,0.14300888984433288,0.09423909423909424,0.4965617445239432,1.0,0.42857142857142855
599120,DoS attacks-Hulk,10,0.1111111111111111,-0.4303405572755417,-0.30718954248366015,0.14300888984433288,0.09423909423909424,0.3673924203468,0.5,0.8181818181818182
599120,DoS attacks-Hulk,20,0.14285714285714285,-0.461624649859944,-0.3310924369747899,0.14300888984433288,0.09423909423909424,0.335356115905386,0.6,1.0
599229,DoS attacks-SlowHTTPTest,3,0.2,0.09999999999999999,0.0,0.2252810480658582,0.15750915750915753,0.6346863468634687,1.0,0.2
599229,DoS attacks-SlowHTTPTest,5,0.1111111111111111,-0.26666666666666666,-0.2777777777777778,0.2252810480658582,0.15750915750915753,0.4965617445239432,1.0,0.25
599229,DoS attacks-SlowHTTPTest,10,0.05263157894736842,-0.4,-0.22807017543859648,0.2252810480658582,0.15750915750915753,0.3614441988713819,1.0,0.8181818181818182
599229,DoS attacks-SlowHTTPTest,20,0.2903225806451613,-0.3560483870967742,-0.23440860215053763,0.2252810480658582,0.15750915750915753,0.35023308492830074,0.3333333333333333,1.0
599616,DoS attacks-Hulk,3,0.2,0.0,-0.19999999999999998,0.14260423121182614,0.1008991008991009,0.6346863468634687,1.0,0.5
599616,DoS attacks-Hulk,5,0.1111111111111111,-0.2833333333333333,-0.3333333333333333,0.14260423121182614,0.1008991008991009,0.4965617445239432,1.0,0.42857142857142855
599616,DoS attacks-Hulk,10,0.1111111111111111,-0.4447884416924664,-0.2941176470588236,0.14260423121182614,0.1008991008991009,0.3673924203468,0.5,0.8181818181818182
599616,DoS attacks-Hulk,20,0.21212121212121213,-0.3673128342245989,-0.23863636363636362,0.14260423121182614,0.1008991008991009,0.3522063719733963,0.7142857142857143,1.0
599680,FTP-BruteForce,3,0.2,-0.3,-0.19999999999999998,0.4232855751843093,0.30069930069930073,0.2656826568265683,1.0,0.5
599680,FTP-BruteForce,5,0.25,-0.04761904761904763,0.0,0.4232855751843093,0.30069930069930073,0.32891504480965056,1.0,0.25
599680,FTP-BruteForce,10,0.3333333333333333,-0.05714285714285713,-0.04761904761904762,0.4232855751843093,0.30069930069930073,0.35864324388863644,0.8,0.8181818181818182
599680,FTP-BruteForce,20,0.3333333333333333,-0.08120133481646273,-0.0896551724137931,0.4232855751843093,0.30069930069930073,0.38693596257745577,0.5,1.0
599997,SSH-Bruteforce,3,0.2,-0.49999999999999994,-0.39999999999999997,0.25325307603788616,0.1734931734931735,0.2656826568265683,1.0,0.5
599997,SSH-Bruteforce,5,0.1111111111111111,-0.31666666666666665,-0.2222222222222222,0.25325307603788616,0.1734931734931735,0.2523674635540035,1.0,0.42857142857142855
599997,SSH-Bruteforce,10,0.17647058823529413,-0.31617647058823534,-0.19117647058823525,0.25325307603788616,0.1734931734931735,0.2553292919813087,0.6666666666666666,0.8181818181818182
599997,SSH-Bruteforce,20,0.25,-0.26063049853372433,-0.16129032258064518,0.25325307603788616,0.1734931734931735,0.27483793401027373,0.75,1.0
601076,Benign,3,0.0,-0.8285714285714287,-0.7333333333333333,0.25846305593141033,0.1694971694971695,0.0,,0.2
601076,Benign,5,0.1111111111111111,-0.7166666666666667,-0.5555555555555556,0.25846305593141033,0.1694971694971695,0.03204317354887549,1.0,0.6666666666666666
601076,Benign,10,0.1111111111111111,-0.5294117647058824,-0.3856209150326798,0.25846305593141033,0.1694971694971695,0.0826758649352585,1.0,0.8181818181818182
601076,Benign,20,0.2903225806451613,-0.1991935483870968,-0.13118279569892474,0.25846305593141033,0.1694971694971695,0.1566857296227281,0.6666666666666666,1.0
601248,Benign,3,0.2,-0.49999999999999994,-0.39999999999999997,0.31736617812567175,0.21611721611721613,0.2656826568265683,1.0,0.5
601248,Benign,5,0.1111111111111111,-0.4666666666666666,-0.3333333333333333,0.31736617812567175,0.21611721611721613,0.2523674635540035,1.0,0.25
601248,Benign,10,0.17647058823529413,-0.24264705882352944,-0.10294117647058822,0.31736617812567175,0.21611721611721613,0.2553292919813087,0.6666666666666666,0.8181818181818182
601248,Benign,20,0.2903225806451613,-0.23991935483870971,-0.15698924731182798,0.31736617812567175,0.21611721611721613,0.28272458404240947,0.5555555555555556,1.0
601870,DDoS attacks-LOIC-HTTP,3,0.0,-0.7714285714285715,-0.6,0.26986937113519394,0.18281718281718282,0.0,,0.2
601870,DDoS attacks-LOIC-HTTP,5,0.25,-0.6190476190476191,-0.42857142857142855,0.26986937113519394,0.18281718281718282,0.10859075480452249,1.0,0.1111111111111111
601870,DDoS attacks-LOIC-HTTP,10,0.17647058823529413,-0.32598039215686275,-0.20588235294117643,0.26986937113519394,0.18281718281718282,0.1892209494958998,1.0,0.8181818181818182
601870,DDoS attacks-LOIC-HTTP,20,0.17647058823529413,-0.3295645530939648,-0.19429590017825316,0.26986937113519394,0.18281718281718282,0.20477493001380967,0.6666666666666666,1.0
602139,FTP-BruteForce,3,0.5,-0.39999999999999997,-0.3333333333333334,0.3161269110636199,0.22410922410922413,0.3653136531365314,1.0,0.5
602139,FTP-BruteForce,5,0.25,0.09523809523809526,0.07142857142857142,0.3161269110636199,0.22410922410922413,0.3948475006715343,1.0,0.25
602139,FTP-BruteForce,10,0.3333333333333333,-0.11785714285714284,-0.1619047619047619,0.3161269110636199,0.22410922410922413,0.40009742207390253,0.8,0.8181818181818182
602139,FTP-BruteForce,20,0.2903225806451613,-0.12096774193548387,-0.12258064516129034,0.3161269110636199,0.22410922410922413,0.41746335777309285,0.5555555555555556,1.0
603609,DoS attacks-GoldenEye,3,0.2,0.09999999999999999,0.0,0.35358312573502443,0.24741924741924742,0.6346863468634687,1.0,0.2
603609,DoS attacks-GoldenEye,5,0.42857142857142855,-0.07142857142857144,-0.04761904761904762,0.35358312573502443,0.24741924741924742,0.5606480916216943,1.0,0.25
603609,DoS attacks-GoldenEye,10,0.25,-0.07941176470588236,-0.08333333333333334,0.35358312573502443,0.24741924741924742,0.5061607406605102,1.0,0.8181818181818182
603609,DoS attacks-GoldenEye,20,0.3333333333333333,-0.034037819799777526,-0.02528735632183908,0.35358312573502443,0.24741924741924742,0.49161168974371766,0.9,1.0
604009,FTP-BruteForce,3,0.2,0.19999999999999998,0.19999999999999998,0.3494606659163621,0.23276723276723277,0.6346863468634687,1.0,0.5
604009,FTP-BruteForce,5,0.1111111111111111,-0.08333333333333334,0.05555555555555555,0.3494606659163621,0.23276723276723277,0.4965617445239432,1.0,0.42857142857142855
604009,FTP-BruteForce,10,0.1111111111111111,-0.4613003095975232,-0.34640522875817,0.3494606659163621,0.23276723276723277,0.383915257778517,1.0,1.0
604009,FTP-BruteForce,20,0.25,-0.3724340175953079,-0.2580645161290323,0.3494606659163621,0.23276723276723277,0.3600281239186291,0.5,1.0
604303,DoS attacks-Hulk,3,0.2,0.0,-0.19999999999999998,0.163823518253898,0.11288711288711288,0.6346863468634687,1.0,0.2
604303,DoS attacks-Hulk,5,0.1111111111111111,-0.16666666666666669,-0.1111111111111111,0.163823518253898,0.11288711288711288,0.4965617445239432,1.0,0.25
604303,DoS attacks-Hulk,10,0.1111111111111111,-0.4055727554179567,-0.2679738562091504,0.163823518253898,0.11288711288711288,0.3747359036497853,1.0,0.8181818181818182
604303,DoS attacks-Hulk,20,0.17647058823529413,-0.4200152788388083,-0.29411764705882354,0.163823518253898,0.11288711288711288,0.34431442358849934,0.6666666666666666,1.0
604387,DoS attacks-Hulk,3,0.2,0.09999999999999999,0.0,0.10701956271576524,0.057609057609057615,0.6346863468634687,1.0,0.5
604387,DoS attacks-Hulk,5,0.1111111111111111,-0.33333333333333337,-0.3888888888888889,0.10701956271576524,0.057609057609057615,0.4965617445239432,1.0,0.6666666666666666
604387,DoS attacks-Hulk,10,0.05263157894736842,-0.5087719298245614,-0.40350877192982454,0.10701956271576524,0.057609057609057615,0.3614441988713819,1.0,0.6666666666666666
604387,DoS attacks-Hulk,20,0.1111111111111111,-0.5446589446589447,-0.3841269841269842,0.10701956271576524,0.057609057609057615,0.30419214399794664,0.75,1.0
604539,DoS attacks-SlowHTTPTest,3,0.2,0.19999999999999998,0.19999999999999998,0.3142806560528079,0.21878121878121878,0.6346863468634687,1.0,0.2
604539,DoS attacks-SlowHTTPTest,5,0.1111111111111111,-0.2333333333333333,-0.2222222222222222,0.3142806560528079,0.21878121878121878,0.4965617445239432,1.0,0.25
604539,DoS attacks-SlowHTTPTest,10,0.1111111111111111,-0.4117647058823529,-0.281045751633987,0.3142806560528079,0.21878121878121878,0.3673924203468,1.0,0.8181818181818182
604539,DoS attacks-SlowHTTPTest,20,0.3333333333333333,-0.30233592880978866,-0.21839080459770116,0.3142806560528079,0.21878121878121878,0.3780013444687225,0.4,1.0
605097,DDOS attack-HOIC,3,0.2,0.19999999999999998,0.19999999999999998,0.16367177126670795,0.10822510822510822,0.6346863468634687,1.0,0.2
605097,DDOS attack-HOIC,5,0.1111111111111111,-0.18333333333333335,-0.16666666666666666,0.16367177126670795,0.10822510822510822,0.4965617445239432,1.0,0.42857142857142855
605097,DDOS attack-HOIC,10,0.1111111111111111,-0.391124871001032,-0.25490196078431376,0.16367177126670795,0.10822510822510822,0.39557158048166824,1.0,0.8181818181818182
605097,DDOS attack-HOIC,20,0.14285714285714285,-0.538935574229692,-0.4218487394957983,0.16367177126670795,0.10822510822510822,0.33504441817892516,0.4,1.0
608011,DDOS attack-HOIC,3,0.2,0.09999999999999999,0.0,0.26213027478850265,0.17216117216117216,0.6346863468634687,1.0,0.2
608011,DDOS attack-HOIC,5,0.1111111111111111,-0.2333333333333333,-0.2222222222222222,0.26213027478850265,0.17216117216117216,0.4965617445239432,1.0,0.6666666666666666
608011,DDOS attack-HOIC,10,0.1111111111111111,-0.3085655314757482,-0.20261437908496735,0.26213027478850265,0.17216117216117216,0.4106816284301976,0.5,0.8181818181818182
608011,DDOS attack-HOIC,20,0.14285714285714285,-0.4787114845938376,-0.35798319327731093,0.26213027478850265,0.17216117216117216,0.34748888693413565,0.2,1.0
611192,DoS attacks-Hulk,3,0.2,0.09999999999999999,0.0,0.14900289583833887,0.09756909756909757,0.6346863468634687,1.0,0.2
611192,DoS attacks-Hulk,5,0.1111111111111111,-0.19999999999999998,-0.16666666666666666,0.14900289583833887,0.09756909756909757,0.4965617445239432,1.0,0.6666666666666666
611192,DoS attacks-Hulk,10,0.1111111111111111,-0.46955624355005166,-0.35947712418300654,0.14900289583833887,0.09756909756909757,0.3747359036497853,1.0,0.8181818181818182
611192,DoS attacks-Hulk,20,0.21212121212121213,-0.3893716577540107,-0.2803030303030303,0.14900289583833887,0.09756909756909757,0.35188335130954873,0.5714285714285714,1.0
611363,DoS attacks-Slowloris,3,0.0,-0.6571428571428573,-0.4666666666666666,0.38066996294844385,0.2547452547452548,0.0,,0.5
611363,DoS attacks-Slowloris,5,0.1111111111111111,-0.45,-0.2777777777777778,0.38066996294844385,0.2547452547452548,0.076547581255647,1.0,0.6666666666666666
611363,DoS attacks-Slowloris,10,0.25,-0.3235294117647059,-0.21666666666666667,0.38066996294844385,0.2547452547452548,0.16725587572773448,0.75,0.6666666666666666
611363,DoS attacks-Slowloris,20,0.42857142857142855,-0.13902572523262177,-0.08465608465608465,0.38066996294844385,0.2547452547452548,0.23983159249803945,0.6666666666666666,1.0
612695,Brute Force -Web,3,0.2,-0.6,-0.39999999999999997,0.3418986077213925,0.2827172827172827,0.09963099630996312,0.0,0.2
612695,Brute Force -Web,5,0.1111111111111111,-0.33333333333333337,-0.2222222222222222,0.3418986077213925,0.2827172827172827,0.1424800371175307,0.0,0.25
612695,Brute Force -Web,10,0.17647058823529413,-0.4093137254901961,-0.2941176470588235,0.3418986077213925,0.2827172827172827,0.16723918899972878,0.0,0.6666666666666666
612695,Brute Force -Web,20,0.2903225806451613,-0.3459677419354839,-0.2817204301075269,0.3418986077213925,0.2827172827172827,0.22462233034500975,0.0,1.0
613099,DoS attacks-Hulk,3,0.2,0.0,-0.19999999999999998,0.03071611932371426,0.009657009657009656,0.6346863468634687,1.0,0.2
613099,DoS attacks-Hulk,5,0.25,-0.2380952380952381,-0.2857142857142857,0.03071611932371426,0.009657009657009656,0.5286049180728187,0.5,0.42857142857142855
613099,DoS attacks-Hulk,10,0.1111111111111111,-0.36429308565531476,-0.30718954248366015,0.03071611932371426,0.009657009657009656,0.4308283590282369,0.5,0.8181818181818182
613099,DoS attacks-Hulk,20,0.25,-0.35593841642228735,-0.25000000000000006,0.03071611932371426,0.009657009657009656,0.39029627401214545,0.625,1.0
613326,DDoS attacks-LOIC-HTTP,3,0.0,-0.7142857142857143,-0.4666666666666666,0.1604092110421224,0.10223110223110222,0.0,,0.2
613326,DDoS attacks-LOIC-HTTP,5,0.0,-0.7818181818181817,-0.6,0.1604092110421224,0.10223110223110222,0.0,,0.25
613326,DDoS attacks-LOIC-HTTP,10,0.05263157894736842,-0.7649122807017543,-0.543859649122807,0.1604092110421224,0.10223110223110222,0.005948221475418107,1.0,0.8181818181818182
613326,DDoS attacks-LOIC-HTTP,20,0.14285714285714285,-0.5904761904761905,-0.37142857142857144,0.1604092110421224,0.10223110223110222,0.039468042600587644,0.6,1.0
613991,SSH-Bruteforce,3,0.2,-0.49999999999999994,-0.39999999999999997,0.18274130932358779,0.12887112887112886,0.2656826568265683,1.0,0.5
613991,SSH-Bruteforce,5,0.25,-0.28571428571428575,-0.21428571428571427,0.18274130932358779,0.12887112887112886,0.28441063710287906,1.0,0.25
613991,SSH-Bruteforce,10,0.1111111111111111,-0.32714138286893707,-0.22875816993464054,0.18274130932358779,0.12887112887112886,0.277294365749474,1.0,0.8181818181818182
613991,SSH-Bruteforce,20,0.21212121212121213,-0.36798128342245995,-0.24242424242424246,0.18274130932358779,0.12887112887112886,0.26509243866912496,0.8571428571428571,1.0
614266,Brute Force -Web,3,0.0,-0.7714285714285715,-0.6,0.171815526245906,0.11222111222111222,0.0,,0.2
614266,Brute Force -Web,5,0.1111111111111111,-0.5666666666666667,-0.3333333333333333,0.171815526245906,0.11222111222111222,0.076547581255647,1.0,0.42857142857142855
614266,Brute Force -Web,10,0.1111111111111111,-0.5624355005159958,-0.39869281045751637,0.171815526245906,0.11222111222111222,0.10331395190732774,0.5,0.8181818181818182
614266,Brute Force -Web,20,0.14285714285714285,-0.4383753501400561,-0.31764705882352945,0.171815526245906,0.11222111222111222,0.14860951626227953,0.6,1.0
614472,Brute Force -Web,3,0.2,-0.6,-0.39999999999999997,0.3324144210220159,0.2787212787212787,0.09963099630996312,0.0,0.2
614472,Brute Force -Web,5,0.1111111111111111,-0.3666666666666667,-0.2777777777777778,0.3324144210220159,0.2787212787212787,0.1424800371175307,0.0,0.25
614472,Brute Force -Web,10,0.17647058823529413,-0.3921568627450981,-0.2794117647058823,0.3324144210220159,0.2787212787212787,0.16723918899972878,0.0,0.6666666666666666
614472,Brute Force -Web,20,0.2903225806451613,-0.36895161290322587,-0.30322580645161296,0.3324144210220159,0.2787212787212787,0.2228861293378672,0.0,1.0
615058,DoS attacks-SlowHTTPTest,3,0.2,0.09999999999999999,0.0,0.31228265405480593,0.21878121878121878,0.6346863468634687,1.0,0.2
615058,DoS attacks-SlowHTTPTest,5,0.1111111111111111,-0.19999999999999998,-0.16666666666666666,0.31228265405480593,0.21878121878121878,0.4965617445239432,1.0,0.1111111111111111
615058,DoS attacks-SlowHTTPTest,10,0.05263157894736842,-0.47017543859649114,-0.3333333333333333,0.31228265405480593,0.21878121878121878,0.3614441988713819,1.0,0.8181818181818182
615058,DoS attacks-SlowHTTPTest,20,0.2903225806451613,-0.417741935483871,-0.2903225806451613,0.31228265405480593,0.21878121878121878,0.35315677417107916,0.3333333333333333,1.0
615305,Infilteration,3,0.0,-1.0,-0.9999999999999999,0.4066439889224699,0.2853812853812854,0.0,,0.2
615305,Infilteration,5,0.42857142857142855,-0.642857142857143,-0.6190476190476191,0.4066439889224699,0.2853812853812854,0.1851383360601695,1.0,0.42857142857142855
615305,Infilteration,10,0.3333333333333333,-0.0035714285714285704,0.04761904761904762,0.4066439889224699,0.2853812853812854,0.2925349014032276,0.6,0.8181818181818182
615305,Infilteration,20,0.3333333333333333,-0.022914349276974413,-0.029885057471264367,0.4066439889224699,0.2853812853812854,0.3376606775882036,0.4,1.0
617223,FTP-BruteForce,3,0.2,-0.3,-0.19999999999999998,0.3834519910469278,0.27139527139527136,0.2656826568265683,1.0,0.5
617223,FTP-BruteForce,5,0.25,-0.07142857142857144,0.0,0.3834519910469278,0.27139527139527136,0.32891504480965056,1.0,0.25
617223,FTP-BruteForce,10,0.3333333333333333,-0.028571428571428564,-0.009523809523809525,0.3834519910469278,0.27139527139527136,0.35864324388863644,0.8,0.8181818181818182
617223,FTP-BruteForce,20,0.3793103448275862,-0.10689655172413792,-0.10344827586206895,0.3834519910469278,0.27139527139527136,0.3928538397378159,0.45454545454545453,1.0
618278,DoS attacks-SlowHTTPTest,3,0.5,0.39999999999999997,0.3333333333333334,0.39404898898569785,0.28005328005328006,0.7343173431734318,1.0,0.5
618278,DoS attacks-SlowHTTPTest,5,0.25,0.2380952380952381,0.21428571428571427,0.39404898898569785,0.28005328005328006,0.6390417816414738,1.0,0.42857142857142855
618278,DoS attacks-SlowHTTPTest,10,0.42857142857142855,-0.015384615384615385,0.03296703296703297,0.39404898898569785,0.28005328005328006,0.5479233141249321,0.8333333333333334,1.0
618278,DoS attacks-SlowHTTPTest,20,0.42857142857142855,0.07772304324028462,0.026455026455026457,0.39404898898569785,0.28005328005328006,0.5554444302022171,0.5,1.0
618502,DoS attacks-GoldenEye,3,0.2,0.0,-0.19999999999999998,0.23878652992577043,0.15684315684315686,0.6346863468634687,1.0,0.2
618502,DoS attacks-GoldenEye,5,0.1111111111111111,-0.21666666666666667,-0.2222222222222222,0.23878652992577043,0.15684315684315686,0.4965617445239432,1.0,0.6666666666666666
618502,DoS attacks-GoldenEye,10,0.42857142857142855,-0.2703296703296703,-0.18681318681318684,0.23878652992577043,0.15684315684315686,0.4315744644148917,0.6666666666666666,0.8181818181818182
618502,DoS attacks-GoldenEye,20,0.3333333333333333,0.06340378197997774,0.020689655172413793,0.23878652992577043,0.15684315684315686,0.45541140945573444,0.6,1.0
618663,Brute Force -Web,3,0.2,-0.6,-0.39999999999999997,0.34111458162091074,0.28471528471528473,0.09963099630996312,0.0,0.2
618663,Brute Force -Web,5,0.1111111111111111,-0.33333333333333337,-0.2222222222222222,0.34111458162091074,0.28471528471528473,0.1424800371175307,0.0,0.25
618663,Brute Force -Web,10,0.17647058823529413,-0.4093137254901961,-0.2941176470588235,0.34111458162091074,0.28471528471528473,0.16723918899972878,0.0,0.6666666666666666
618663,Brute Force -Web,20,0.2903225806451613,-0.33830645161290324,-0.2688172043010753,0.34111458162091074,0.28471528471528473,0.22462233034500975,0.0,1.0
619868,SSH-Bruteforce,3,0.2,-0.49999999999999994,-0.39999999999999997,0.21314128909065616,0.1441891441891442,0.2656826568265683,1.0,0.5
619868,SSH-Bruteforce,5,0.1111111111111111,-0.2833333333333333,-0.16666666666666666,0.21314128909065616,0.1441891441891442,0.2523674635540035,1.0,0.6666666666666666
619868,SSH-Bruteforce,10,0.1111111111111111,-0.32920536635706915,-0.20261437908496735,0.21314128909065616,0.1441891441891442,0.25714763515143474,1.0,0.8181818181818182
619868,SSH-Bruteforce,20,0.21212121212121213,-0.3683155080213904,-0.2765151515151515,0.21314128909065616,0.1441891441891442,0.2591364315409638,0.7142857142857143,1.0
619955,Infilteration,3,0.0,-0.7714285714285715,-0.6,0.3151658468114164,0.21478521478521478,0.0,,0.5
619955,Infilteration,5,0.1111111111111111,-0.65,-0.4444444444444444,0.3151658468114164,0.21478521478521478,0.076547581255647,1.0,0.42857142857142855
619955,Infilteration,10,0.25,-0.3205882352941176,-0.16666666666666669,0.3151658468114164,0.21478521478521478,0.17156871512790045,0.5,0.8181818181818182
619955,Infilteration,20,0.2903225806451613,-0.15040322580645166,-0.10967741935483873,0.3151658468114164,0.21478521478521478,0.2325502616988643,0.4444444444444444,1.0
621179,DoS attacks-SlowHTTPTest,3,0.2,0.09999999999999999,0.0,0.3175685074419251,0.2207792207792208,0.6346863468634687,1.0,0.5
621179,DoS attacks-SlowHTTPTest,5,0.1111111111111111,-0.2333333333333333,-0.2222222222222222,0.3175685074419251,0.2207792207792208,0.4965617445239432,1.0,0.42857142857142855
621179,DoS attacks-SlowHTTPTest,10,0.1111111111111111,-0.43653250773993807,-0.32026143790849676,0.3175685074419251,0.2207792207792208,0.383915257778517,0.5,0.8181818181818182
621179,DoS attacks-SlowHTTPTest,20,0.3333333333333333,-0.38598442714126807,-0.2781609195402299,0.3175685074419251,0.2207792207792208,0.3689702323161654,0.4,1.0
621479,DDOS attack-LOIC-UDP,3,0.0,-0.7142857142857143,-0.4666666666666666,0.7848480633290761,0.6703296703296704,0.0,,0.2
621479,DDOS attack-LOIC-UDP,5,0.25,-0.5952380952380953,-0.42857142857142855,0.7848480633290761,0.6703296703296704,0.153095162511294,0.0,0.25
621479,DDOS attack-LOIC-UDP,10,0.1111111111111111,-0.4633642930856553,-0.3856209150326798,0.7848480633290761,0.6703296703296704,0.19473146086381926,0.0,0.8181818181818182
621479,DDOS attack-LOIC-UDP,20,0.2903225806451613,-0.45806451612903226,-0.30322580645161296,0.7848480633290761,0.6703296703296704,0.19795787740816548,0.0,1.0
621707,DDOS attack-LOIC-UDP,3,0.0,-0.7142857142857143,-0.4666666666666666,0.7859608745684694,0.6676656676656677,0.0,,0.2
621707,DDOS attack-LOIC-UDP,5,0.25,-0.6666666666666669,-0.4999999999999999,0.7859608745684694,0.6676656676656677,0.10859075480452249,0.0,0.25
621707,DDOS attack-LOIC-UDP,10,0.1111111111111111,-0.45304437564499483,-0.3725490196078432,0.7859608745684694,0.6676656676656677,0.16674989058876474,0.0,0.8181818181818182
621707,DDOS attack-LOIC-UDP,20,0.2903225806451613,-0.47338709677419355,-0.3204301075268818,0.7859608745684694,0.6676656676656677,0.17450468532367655,0.0,1.0
621721,Benign,3,0.0,-0.8857142857142858,-0.7333333333333333,0.24121448172081084,0.15950715950715952,0.0,,0.2
621721,Benign,5,0.1111111111111111,-0.6666666666666667,-0.5,0.24121448172081084,0.15950715950715952,0.076547581255647,1.0,0.6666666666666666
621721,Benign,10,0.1111111111111111,-0.41589267285861714,-0.20261437908496735,0.24121448172081084,0.15950715950715952,0.11983678933904471,1.0,0.8181818181818182
621721,Benign,20,0.25,-0.31634897360703806,-0.1733870967741936,0.24121448172081084,0.15950715950715952,0.16309366780325388,0.5,1.0
622745,FTP-BruteForce,3,0.2,0.09999999999999999,0.0,0.32285436082904434,0.2360972360972361,0.6346863468634687,1.0,0.5
622745,FTP-BruteForce,5,0.1111111111111111,-0.26666666666666666,-0.2777777777777778,0.32285436082904434,0.2360972360972361,0.4965617445239432,1.0,0.25
622745,FTP-BruteForce,10,0.17647058823529413,-0.34803921568627455,-0.2205882352941176,0.32285436082904434,0.2360972360972361,0.39720696255692034,1.0,0.6666666666666666
622745,FTP-BruteForce,20,0.3333333333333333,-0.26941045606229147,-0.1632183908045977,0.32285436082904434,0.2360972360972361,0.39864911071587467,0.5,1.0
623338,DDOS attack-LOIC-UDP,3,0.0,-0.7142857142857143,-0.4666666666666666,0.7896533845900934,0.6796536796536796,0.0,,0.0
623338,DDOS attack-LOIC-UDP,5,0.1111111111111111,-0.6666666666666667,-0.5,0.7896533845900934,0.6796536796536796,0.076547581255647,0.0,0.25
623338,DDOS attack-LOIC-UDP,10,0.1111111111111111,-0.5046439628482973,-0.3725490196078432,0.7896533845900934,0.6796536796536796,0.11983678933904471,0.0,0.8181818181818182
623338,DDOS attack-LOIC-UDP,20,0.2903225806451613,-0.4254032258064516,-0.24301075268817204,0.7896533845900934,0.6796536796536796,0.14242598092495234,0.0,1.0
623373,DoS attacks-SlowHTTPTest,3,0.2,0.19999999999999998,0.19999999999999998,0.26154857800427417,0.1734931734931735,0.6346863468634687,1.0,0.2
623373,DoS attacks-SlowHTTPTest,5,0.1111111111111111,-0.2333333333333333,-0.2222222222222222,0.26154857800427417,0.1734931734931735,0.4965617445239432,1.0,0.25
623373,DoS attacks-SlowHTTPTest,10,0.05263157894736842,-0.49473684210526314,-0.3567251461988304,0.26154857800427417,0.1734931734931735,0.3614441988713819,1.0,0.8181818181818182
623373,DoS attacks-SlowHTTPTest,20,0.21212121212121213,-0.39371657754010697,-0.24242424242424246,0.26154857800427417,0.1734931734931735,0.3283860346664997,0.42857142857142855,1.0
624337,DoS attacks-SlowHTTPTest,3,0.5,0.39999999999999997,0.3333333333333334,0.23944410020359386,0.15950715950715952,0.7343173431734318,1.0,0.5
624337,DoS attacks-SlowHTTPTest,5,0.25,0.09523809523809526,0.0,0.23944410020359386,0.15950715950715952,0.6390417816414738,1.0,0.42857142857142855
624337,DoS attacks-SlowHTTPTest,10,0.25,-0.2441176470588235,-0.26666666666666666,0.23944410020359386,0.15950715950715952,0.5286833878711106,1.0,0.8181818181818182
624337,DoS attacks-SlowHTTPTest,20,0.3793103448275862,-0.1694581280788177,-0.14778325123152708,0.23944410020359386,0.15950715950715952,0.5060052289660262,0.45454545454545453,1.0
625380,Benign,3,0.0,-0.6,-0.3333333333333333,0.2193376244009155,0.13952713952713952,0.0,,0.2
625380,Benign,5,0.1111111111111111,-0.48333333333333334,-0.2777777777777778,0.2193376244009155,0.13952713952713952,0.076547581255647,1.0,0.42857142857142855
625380,Benign,10,0.25,-0.4176470588235294,-0.35,0.2193376244009155,0.13952713952713952,0.15807652159900284,1.0,0.8181818181818182
625380,Benign,20,0.25,-0.18365102639296185,-0.15725806451612906,0.2193376244009155,0.13952713952713952,0.22830047240894472,0.75,1.0
625897,Brute Force -Web,3,0.2,0.19999999999999998,0.19999999999999998,0.08451042628257818,0.053613053613053616,0.6346863468634687,1.0,0.2
625897,Brute Force -Web,5,0.1111111111111111,-0.33333333333333337,-0.3888888888888889,0.08451042628257818,0.053613053613053616,0.4965617445239432,1.0,0.42857142857142855
625897,Brute Force -Web,10,0.3333333333333333,-0.2678571428571428,-0.23809523809523814,0.08451042628257818,0.053613053613053616,0.45239261359115424,0.8,0.8181818181818182
625897,Brute Force -Web,20,0.25,-0.1719208211143695,-0.1653225806451613,0.08451042628257818,0.053613053613053616,0.44114899930660206,0.75,1.0
626041,DDoS attacks-LOIC-HTTP,3,0.0,-0.6,-0.3333333333333333,0.2054780662375599,0.15018315018315018,0.0,,0.2
626041,DDoS attacks-LOIC-HTTP,5,0.1111111111111111,-0.7166666666666667,-0.5,0.2054780662375599,0.15018315018315018,0.076547581255647,1.0,0.1111111111111111
626041,DDoS attacks-LOIC-HTTP,10,0.17647058823529413,-0.49019607843137264,-0.3529411764705882,0.2054780662375599,0.15018315018315018,0.14230784824617976,1.0,0.6666666666666666
626041,DDoS attacks-LOIC-HTTP,20,0.14285714285714285,-0.315406162464986,-0.16302521008403362,0.2054780662375599,0.15018315018315018,0.16832221951082665,0.6,1.0
626359,DDOS attack-LOIC-UDP,3,0.0,-0.7142857142857143,-0.4666666666666666,0.783305302292644,0.6643356643356643,0.0,,0.2
626359,DDOS attack-LOIC-UDP,5,0.1111111111111111,-0.6666666666666667,-0.5,0.783305302292644,0.6643356643356643,0.076547581255647,0.0,0.25
626359,DDOS attack-LOIC-UDP,10,0.1111111111111111,-0.4406604747162023,-0.34640522875817,0.783305302292644,0.6643356643356643,0.14660315999072546,0.0,0.8181818181818182
626359,DDOS attack-LOIC-UDP,20,0.2903225806451613,-0.49677419354838714,-0.3419354838709678,0.783305302292644,0.6643356643356643,0.1622723504195934,0.0,1.0
626557,Bot,3,0.0,-0.942857142857143,-0.8666666666666666,0.14265481354088946,0.0929070929070929,0.0,,0.5
626557,Bot,5,0.0,-0.9151515151515152,-0.8222222222222221,0.14265481354088946,0.0929070929070929,0.0,,0.25
626557,Bot,10,0.0,-0.7218045112781954,-0.4842105263157895,0.14265481354088946,0.0929070929070929,0.0,,0.6666666666666666
626557,Bot,20,0.17647058823529413,-0.6443086325439266,-0.4331550802139038,0.14265481354088946,0.0929070929070929,0.03221182792570504,0.5,1.0
626936,Infilteration,3,0.2,-0.6,-0.39999999999999997,0.37614284449727486,0.2480852480852481,0.09963099630996312,0.0,0.2
626936,Infilteration,5,0.1111111111111111,-0.35,-0.16666666666666666,0.37614284449727486,0.2480852480852481,0.1424800371175307,0.0,0.25
626936,Infilteration,10,0.17647058823529413,-0.35784313725490197,-0.24999999999999997,0.37614284449727486,0.2480852480852481,0.19400555965140953,0.3333333333333333,0.8181818181818182
626936,Infilteration,20,0.3333333333333333,-0.058954393770856504,-0.020689655172413793,0.37614284449727486,0.2480852480852481,0.2589182290135784,0.2,1.0
627642,DoS attacks-GoldenEye,3,0.2,0.09999999999999999,0.0,0.1787958876566471,0.12487512487512487,0.6346863468634687,1.0,0.5
627642,DoS attacks-GoldenEye,5,0.1111111111111111,-0.26666666666666666,-0.2777777777777778,0.1787958876566471,0.12487512487512487,0.4965617445239432,1.0,0.6666666666666666
627642,DoS attacks-GoldenEye,10,0.17647058823529413,-0.35294117647058826,-0.2794117647058823,0.1787958876566471,0.12487512487512487,0.39720696255692034,0.6666666666666666,0.6666666666666666
627642,DoS attacks-GoldenEye,20,0.2903225806451613,-0.2616935483870968,-0.1741935483870968,0.1787958876566471,0.12487512487512487,0.38275844173321355,0.5555555555555556,1.0
628503,DoS attacks-SlowHTTPTest,3,0.2,0.0,-0.19999999999999998,0.3635225533959711,0.23676323676323677,0.6346863468634687,1.0,0.2
628503,DoS attacks-SlowHTTPTest,5,0.1111111111111111,-0.11666666666666665,-0.05555555555555555,0.3635225533959711,0.23676323676323677,0.4965617445239432,1.0,0.1111111111111111
628503,DoS attacks-SlowHTTPTest,10,0.1111111111111111,-0.34365325077399383,-0.18954248366013074,0.3635225533959711,0.23676323676323677,0.3673924203468,1.0,0.8181818181818182
628503,DoS attacks-SlowHTTPTest,20,0.25,-0.4244868035190615,-0.3064516129032258,0.3635225533959711,0.23676323676323677,0.35029665375147623,0.375,1.0
628867,Benign,3,0.5,-0.39999999999999997,-0.3333333333333334,0.18640852818068004,0.13153513153513155,0.3653136531365314,1.0,1.0
628867,Benign,5,0.6666666666666666,0.028571428571428574,0.06666666666666665,0.18640852818068004,0.13153513153513155,0.5034382554760567,1.0,0.6666666666666666
628867,Benign,10,0.3333333333333333,0.11428571428571425,0.04761904761904762,0.18640852818068004,0.13153513153513155,0.5194282262739774,1.0,0.8181818181818182
628867,Benign,20,0.25,-0.07184750733137829,-0.060483870967741944,0.18640852818068004,0.13153513153513155,0.49073395180511226,0.875,1.0
629734,Brute Force -Web,3,0.2,-0.6,-0.39999999999999997,0.34111458162091074,0.28471528471528473,0.09963099630996312,0.0,0.2
629734,Brute Force -Web,5,0.1111111111111111,-0.33333333333333337,-0.2222222222222222,0.34111458162091074,0.28471528471528473,0.1424800371175307,0.0,0.25
629734,Brute Force -Web,10,0.17647058823529413,-0.4093137254901961,-0.2941176470588235,0.34111458162091074,0.28471528471528473,0.16723918899972878,0.0,0.6666666666666666
629734,Brute Force -Web,20,0.2903225806451613,-0.33830645161290324,-0.2688172043010753,0.34111458162091074,0.28471528471528473,0.22462233034500975,0.0,1.0
629869,Bot,3,0.0,-0.942857142857143,-0.8666666666666666,0.15881586767662717,0.10556110556110557,0.0,,0.2
629869,Bot,5,0.0,-0.8666666666666665,-0.6888888888888888,0.15881586767662717,0.10556110556110557,0.0,,0.42857142857142855
629869,Bot,10,0.0,-0.732330827067669,-0.4842105263157895,0.15881586767662717,0.10556110556110557,0.0,,0.6666666666666666
629869,Bot,20,0.25,-0.5758797653958944,-0.342741935483871,0.15881586767662717,0.10556110556110557,0.03799469199006761,0.75,1.0
630081,Brute Force -XSS,3,0.0,-0.8857142857142858,-0.7333333333333333,0.16028275521946408,0.10955710955710957,0.0,,0.0
630081,Brute Force -XSS,5,0.0,-0.6969696969696969,-0.4666666666666666,0.16028275521946408,0.10955710955710957,0.0,,0.25
630081,Brute Force -XSS,10,0.1111111111111111,-0.8534571723426212,-0.6601307189542485,0.16028275521946408,0.10955710955710957,0.019239926253821527,1.0,0.8181818181818182
630081,Brute Force -XSS,20,0.2903225806451613,-0.35685483870967744,-0.23440860215053763,0.16028275521946408,0.10955710955710957,0.12743842863034868,0.6666666666666666,1.0
630267,Infilteration,3,0.2,-0.7999999999999999,-0.6,0.2949076240215481,0.21145521145521146,0.09963099630996312,1.0,0.5
630267,Infilteration,5,0.25,-0.523809523809524,-0.3571428571428571,0.2949076240215481,0.21145521145521146,0.1745232106664062,1.0,0.25
630267,Infilteration,10,0.25,-0.14411764705882352,-0.08333333333333334,0.2949076240215481,0.21145521145521146,0.25562315516272044,0.5,0.8181818181818182
630267,Infilteration,20,0.2903225806451613,-0.1653225806451613,-0.12688172043010754,0.2949076240215481,0.21145521145521146,0.28752058064590263,0.3333333333333333,1.0
630346,DoS attacks-Hulk,3,0.2,0.0,-0.19999999999999998,0.12100557670177922,0.07825507825507826,0.6346863468634687,1.0,0.5
630346,DoS attacks-Hulk,5,0.25,-0.1666666666666667,-0.21428571428571427,0.12100557670177922,0.07825507825507826,0.5286049180728187,0.5,0.42857142857142855
630346,DoS attacks-Hulk,10,0.1111111111111111,-0.3085655314757482,-0.21568627450980396,0.12100557670177922,0.07825507825507826,0.4308283590282369,0.5,0.8181818181818182
630346,DoS attacks-Hulk,20,0.21212121212121213,-0.23429144385026737,-0.14772727272727273,0.12100557670177922,0.07825507825507826,0.40400622325257524,0.7142857142857143,1.0
630869,DoS attacks-Slowloris,3,0.0,-0.6571428571428573,-0.4666666666666666,0.34951124824542545,0.23476523476523478,0.0,,0.2
630869,DoS attacks-Slowloris,5,0.25,-0.4761904761904762,-0.3571428571428571,0.34951124824542545,0.23476523476523478,0.10859075480452249,1.0,0.42857142857142855
630869,DoS attacks-Slowloris,10,0.25,-0.25,-0.19999999999999998,0.34951124824542545,0.23476523476523478,0.21416897697745446,0.75,0.8181818181818182
630869,DoS attacks-Slowloris,20,0.2903225806451613,-0.2149193548387097,-0.15268817204301077,0.34951124824542545,0.23476523476523478,0.24866063669834082,0.5555555555555556,1.0
632131,DoS attacks-Slowloris,3,0.0,-0.7714285714285715,-0.6,0.28833192124331364,0.18814518814518816,0.0,,0.2
632131,DoS attacks-Slowloris,5,0.1111111111111111,-0.6,-0.4444444444444444,0.28833192124331364,0.18814518814518816,0.076547581255647,1.0,0.6666666666666666
632131,DoS attacks-Slowloris,10,0.17647058823529413,-0.42892156862745107,-0.338235294117647,0.28833192124331364,0.18814518814518816,0.15255138146614355,1.0,0.8181818181818182
632131,DoS attacks-Slowloris,20,0.3333333333333333,-0.15728587319243603,-0.12643678160919541,0.28833192124331364,0.18814518814518816,0.21728824583724385,0.8,1.0
634085,Benign,3,0.2,-0.19999999999999998,-0.19999999999999998,0.33102340697277405,0.23676323676323677,0.2656826568265683,1.0,0.2
634085,Benign,5,0.25,-0.19047619047619052,-0.14285714285714285,0.33102340697277405,0.23676323676323677,0.28441063710287906,1.0,0.6666666666666666
634085,Benign,10,0.17647058823529413,-0.26715686274509803,-0.19117647058823525,0.33102340697277405,0.23676323676323677,0.28324258722489215,0.6666666666666666,1.0
634085,Benign,20,0.2903225806451613,-0.2185483870967742,-0.14838709677419357,0.33102340697277405,0.23676323676323677,0.30394053206366145,0.7777777777777778,1.0
634574,DoS attacks-Hulk,3,0.5,0.7999999999999999,0.6666666666666669,0.2913668609871141,0.19413919413919414,0.900369003690037,1.0,0.5
634574,DoS attacks-Hulk,5,0.25,0.28571428571428575,0.21428571428571427,0.2913668609871141,0.19413919413919414,0.7489292080779467,1.0,0.42857142857142855
634574,DoS attacks-Hulk,10,0.17647058823529413,-0.11274509803921569,-0.1176470588235294,0.2913668609871141,0.19413919413919414,0.5918254633711357,0.6666666666666666,0.8181818181818182
634574,DoS attacks-Hulk,20,0.21212121212121213,-0.3044786096256685,-0.23484848484848486,0.2913668609871141,0.19413919413919414,0.5117966802302598,0.5714285714285714,1.0
634683,DDoS attacks-LOIC-HTTP,3,0.0,-0.7714285714285715,-0.6,0.1673642812883319,0.11688311688311688,0.0,,0.5
634683,DDoS attacks-LOIC-HTTP,5,0.1111111111111111,-0.7166666666666667,-0.5555555555555556,0.1673642812883319,0.11688311688311688,0.03204317354887549,1.0,0.42857142857142855
634683,DDoS attacks-LOIC-HTTP,10,0.1111111111111111,-0.5665634674922602,-0.39869281045751637,0.1673642812883319,0.11688311688311688,0.0826758649352585,1.0,0.8181818181818182
634683,DDoS attacks-LOIC-HTTP,20,0.21212121212121213,-0.4565508021390375,-0.32954545454545453,0.1673642812883319,0.11688311688311688,0.132671288456663,0.5714285714285714,1.0
635547,DDoS attacks-LOIC-HTTP,3,0.2,-0.3,-0.19999999999999998,0.2493835278645405,0.15950715950715952,0.2656826568265683,1.0,0.5
635547,DDoS attacks-LOIC-HTTP,5,0.1111111111111111,-0.48333333333333334,-0.4444444444444444,0.2493835278645405,0.15950715950715952,0.2523674635540035,1.0,0.6666666666666666
635547,DDoS attacks-LOIC-HTTP,10,0.1111111111111111,-0.564499484004128,-0.47712418300653603,0.2493835278645405,0.15950715950715952,0.21385842706803698,0.5,0.8181818181818182
635547,DDoS attacks-LOIC-HTTP,20,0.17647058823529413,-0.5086325439266615,-0.38680926916221037,0.2493835278645405,0.15950715950715952,0.22421039595126557,0.3333333333333333,1.0
636981,DoS attacks-Slowloris,3,0.0,-0.6,-0.3333333333333333,0.2788983168730004,0.19014319014319014,0.0,,0.2
636981,DoS attacks-Slowloris,5,0.1111111111111111,-0.4666666666666666,-0.2777777777777778,0.2788983168730004,0.19014319014319014,0.076547581255647,1.0,0.42857142857142855
636981,DoS attacks-Slowloris,10,0.17647058823529413,-0.4068627450980392,-0.3235294117647059,0.2788983168730004,0.19014319014319014,0.15989486476912887,0.6666666666666666,0.8181818181818182
636981,DoS attacks-Slowloris,20,0.3333333333333333,-0.1635150166852058,-0.10804597701149425,0.2788983168730004,0.19014319014319014,0.22562000773795168,0.5,1.0
637590,SSH-Bruteforce,3,0.2,-0.6,-0.39999999999999997,0.3714639790589157,0.26673326673326675,0.09963099630996312,1.0,0.2
637590,SSH-Bruteforce,5,0.25,-0.4285714285714286,-0.2857142857142857,0.3714639790589157,0.26673326673326675,0.2190276183731777,1.0,0.42857142857142855
637590,SSH-Bruteforce,10,0.25,0.0411764705882353,0.0,0.3714639790589157,0.26673326673326675,0.3346604981667169,0.75,0.6666666666666666
637590,SSH-Bruteforce,20,0.3333333333333333,0.08075639599555061,0.03908045977011494,0.3714639790589157,0.26673326673326675,0.3780953680329423,0.6,1.0
638042,DDOS attack-LOIC-UDP,3,0.0,-0.7142857142857143,-0.4666666666666666,0.7862643685428495,0.6709956709956709,0.0,,0.0
638042,DDOS attack-LOIC-UDP,5,0.1111111111111111,-0.65,-0.5,0.7862643685428495,0.6709956709956709,0.076547581255647,0.0,0.25
638042,DDOS attack-LOIC-UDP,10,0.1111111111111111,-0.5975232198142414,-0.47712418300653603,0.7862643685428495,0.6709956709956709,0.10331395190732774,0.0,0.8181818181818182
638042,DDOS attack-LOIC-UDP,20,0.2903225806451613,-0.47983870967741943,-0.2989247311827957,0.7862643685428495,0.6709956709956709,0.13017484904618382,0.0,1.0
639924,DoS attacks-GoldenEye,3,0.5,0.7999999999999999,0.6666666666666669,0.39058409944485883,0.27672327672327673,0.900369003690037,1.0,0.5
639924,DoS attacks-GoldenEye,5,0.25,0.19047619047619052,0.0,0.39058409944485883,0.27672327672327673,0.7489292080779467,1.0,0.25
639924,DoS attacks-GoldenEye,10,0.25,-0.07058823529411765,-0.03333333333333333,0.39058409944485883,0.27672327672327673,0.5885943307178222,1.0,0.6666666666666666
639924,DoS attacks-GoldenEye,20,0.2903225806451613,-0.12903225806451615,-0.06666666666666668,0.39058409944485883,0.27672327672327673,0.5308246526075187,0.8888888888888888,1.0
640704,DDoS attacks-LOIC-HTTP,3,0.0,-0.7714285714285715,-0.6,0.005526119450170082,0.002331002331002331,0.0,,0.2
640704,DDoS attacks-LOIC-HTTP,5,0.1111111111111111,-0.6333333333333333,-0.4444444444444444,0.005526119450170082,0.002331002331002331,0.076547581255647,1.0,0.25
640704,DDoS attacks-LOIC-HTTP,10,0.05263157894736842,-0.6157894736842106,-0.4619883040935673,0.005526119450170082,0.002331002331002331,0.09736573043190963,1.0,0.6666666666666666
640704,DDoS attacks-LOIC-HTTP,20,0.08108108108108109,-0.6180654338549074,-0.45345345345345345,0.005526119450170082,0.002331002331002331,0.10688085649219227,0.6666666666666666,1.0
641203,DoS attacks-GoldenEye,3,0.2,0.09999999999999999,0.0,0.25004109814236397,0.16483516483516483,0.6346863468634687,1.0,0.2
641203,DoS attacks-GoldenEye,5,0.42857142857142855,0.0,0.04761904761904762,0.25004109814236397,0.16483516483516483,0.5606480916216943,1.0,0.42857142857142855
641203,DoS attacks-GoldenEye,10,0.25,-0.1176470588235294,-0.15,0.25004109814236397,0.16483516483516483,0.5061607406605102,1.0,0.6666666666666666
641203,DoS attacks-GoldenEye,20,0.2903225806451613,-0.08588709677419355,-0.06666666666666668,0.25004109814236397,0.16483516483516483,0.48095679123356194,0.6666666666666666,1.0
641423,Brute Force -Web,3,0.2,-0.6,-0.39999999999999997,0.3380037683835152,0.2827172827172827,0.09963099630996312,0.0,0.2
641423,Brute Force -Web,5,0.1111111111111111,-0.33333333333333337,-0.2222222222222222,0.3380037683835152,0.2827172827172827,0.1424800371175307,0.0,0.25
641423,Brute Force -Web,10,0.17647058823529413,-0.4093137254901961,-0.2941176470588235,0.3380037683835152,0.2827172827172827,0.16723918899972878,0.0,0.6666666666666666
641423,Brute Force -Web,20,0.2903225806451613,-0.33830645161290324,-0.2688172043010753,0.3380037683835152,0.2827172827172827,0.22462233034500975,0.0,1.0
643020,Bot,3,0.0,-0.7714285714285715,-0.6,0.14346413080590295,0.1028971028971029,0.0,,0.5
643020,Bot,5,0.0,-0.8303030303030302,-0.6444444444444444,0.14346413080590295,0.1028971028971029,0.0,,0.42857142857142855
643020,Bot,10,0.05263157894736842,-0.6701754385964912,-0.4619883040935673,0.14346413080590295,0.1028971028971029,0.022471058907135067,1.0,0.6666666666666666
643020,Bot,20,0.21212121212121213,-0.5294117647058824,-0.3560606060606061,0.14346413080590295,0.1028971028971029,0.07980106008741801,0.5714285714285714,1.0
644030,DoS attacks-Slowloris,3,0.2,-0.6,-0.39999999999999997,0.07871874960482554,0.06027306027306028,0.09963099630996312,1.0,0.2
644030,DoS attacks-Slowloris,5,0.1111111111111111,-0.38333333333333336,-0.2777777777777778,0.07871874960482554,0.06027306027306028,0.1424800371175307,1.0,0.25
644030,DoS attacks-Slowloris,10,0.05263157894736842,-0.4719298245614035,-0.27485380116959063,0.07871874960482554,0.06027306027306028,0.13881990861717564,1.0,0.6666666666666666
644030,DoS attacks-Slowloris,20,0.21212121212121213,-0.5170454545454546,-0.3446969696969697,0.07871874960482554,0.06027306027306028,0.147973996836207,1.0,1.0
644516,DDOS attack-LOIC-UDP,3,0.0,-0.7142857142857143,-0.4666666666666666,0.7862390773783178,0.6703296703296704,0.0,,0.0
644516,DDOS attack-LOIC-UDP,5,0.1111111111111111,-0.65,-0.5,0.7862390773783178,0.6703296703296704,0.076547581255647,0.0,0.25
644516,DDOS attack-LOIC-UDP,10,0.1111111111111111,-0.5975232198142414,-0.47712418300653603,0.7862390773783178,0.6703296703296704,0.10331395190732774,0.0,0.8181818181818182
644516,DDOS attack-LOIC-UDP,20,0.2903225806451613,-0.480241935483871,-0.30322580645161296,0.7862390773783178,0.6703296703296704,0.13017484904618382,0.0,1.0
645490,DoS attacks-Slowloris,3,0.2,-0.19999999999999998,-0.19999999999999998,0.21392531519113794,0.14751914751914752,0.2656826568265683,1.0,0.5
645490,DoS attacks-Slowloris,5,0.25,0.023809523809523815,0.0,0.21392531519113794,0.14751914751914752,0.32891504480965056,1.0,0.42857142857142855
645490,DoS attacks-Slowloris,10,0.1111111111111111,-0.36429308565531476,-0.34640522875817,0.21392531519113794,0.14751914751914752,0.30527593602452857,1.0,0.8181818181818182
645490,DoS attacks-Slowloris,20,0.21212121212121213,-0.40140374331550804,-0.29924242424242425,0.21392531519113794,0.14751914751914752,0.2875226542511119,0.5714285714285714,1.0
645824,Benign,3,0.2,0.09999999999999999,0.0,0.390963466912834,0.2773892773892774,0.6346863468634687,1.0,0.2
645824,Benign,5,0.1111111111111111,-0.2333333333333333,-0.2222222222222222,0.390963466912834,0.2773892773892774,0.4965617445239432,1.0,0.42857142857142855
645824,Benign,10,0.17647058823529413,-0.13235294117647062,-0.0588235294117647,0.390963466912834,0.2773892773892774,0.444809010040484,0.6666666666666666,0.8181818181818182
645824,Benign,20,0.2903225806451613,-0.03508064516129032,-0.049462365591397855,0.390963466912834,0.2773892773892774,0.45096211764050376,0.2222222222222222,1.0
645970,DDOS attack-LOIC-UDP,3,0.0,-0.7142857142857143,-0.4666666666666666,0.7889705231477382,0.672993672993673,0.0,,0.2
645970,DDOS attack-LOIC-UDP,5,0.25,-0.523809523809524,-0.3571428571428571,0.7889705231477382,0.672993672993673,0.153095162511294,0.0,0.25
645970,DDOS attack-LOIC-UDP,10,0.1111111111111111,-0.49638802889576883,-0.46405228758169936,0.7889705231477382,0.672993672993673,0.19473146086381926,0.0,0.8181818181818182
645970,DDOS attack-LOIC-UDP,20,0.2903225806451613,-0.4326612903225807,-0.28602150537634413,0.7889705231477382,0.672993672993673,0.19795787740816548,0.0,1.0
647108,DoS attacks-Hulk,3,0.2,0.0,-0.19999999999999998,0.13564916096561666,0.09090909090909091,0.6346863468634687,1.0,0.2
647108,DoS attacks-Hulk,5,0.1111111111111111,-0.3,-0.3333333333333333,0.13564916096561666,0.09090909090909091,0.4965617445239432,1.0,0.42857142857142855
647108,DoS attacks-Hulk,10,0.1111111111111111,-0.5128998968008256,-0.411764705882353,0.13564916096561666,0.09090909090909091,0.3673924203468,1.0,0.8181818181818182
647108,DoS attacks-Hulk,20,0.17647058823529413,-0.32009167303284947,-0.20499108734402854,0.13564916096561666,0.09090909090909091,0.3498056450793136,0.6666666666666666,1.0
647221,DDOS attack-HOIC,3,0.2,0.19999999999999998,0.19999999999999998,0.05193540636578611,0.028971028971028972,0.6346863468634687,1.0,0.2
647221,DDOS attack-HOIC,5,0.1111111111111111,-0.09999999999999999,0.0,0.05193540636578611,0.028971028971028972,0.4965617445239432,1.0,0.42857142857142855
647221,DDOS attack-HOIC,10,0.05263157894736842,-0.4982456140350877,-0.3684210526315789,0.05193540636578611,0.028971028971028972,0.3614441988713819,1.0,0.8181818181818182
647221,DDOS attack-HOIC,20,0.21212121212121213,-0.5568181818181819,-0.3901515151515152,0.05193540636578611,0.028971028971028972,0.30356502114111744,0.2857142857142857,1.0
648394,DDoS attacks-LOIC-HTTP,3,0.2,-0.6,-0.39999999999999997,0.1567672833495618,0.11155511155511155,0.09963099630996312,1.0,0.5
648394,DDoS attacks-LOIC-HTTP,5,0.1111111111111111,-0.6166666666666666,-0.5,0.1567672833495618,0.11155511155511155,0.1424800371175307,1.0,0.42857142857142855
648394,DDoS attacks-LOIC-HTTP,10,0.1111111111111111,-0.5397316821465429,-0.3856209150326798,0.1567672833495618,0.11155511155511155,0.14476813009259373,0.5,0.8181818181818182
648394,DDoS attacks-LOIC-HTTP,20,0.17647058823529413,-0.4857142857142857,-0.340463458110517,0.1567672833495618,0.11155511155511155,0.1689896442562811,0.5,1.0
648518,DDOS attack-HOIC,3,0.2,0.09999999999999999,0.0,0.2070461184385235,0.1302031302031302,0.6346863468634687,1.0,0.2
648518,DDOS attack-HOIC,5,0.1111111111111111,-0.2333333333333333,-0.2222222222222222,0.2070461184385235,0.1302031302031302,0.4965617445239432,1.0,0.42857142857142855
648518,DDOS attack-HOIC,10,0.05263157894736842,-0.48947368421052634,-0.3684210526315789,0.2070461184385235,0.1302031302031302,0.3614441988713819,1.0,0.8181818181818182
648518,DDOS attack-HOIC,20,0.1111111111111111,-0.6728442728442728,-0.526984126984127,0.2070461184385235,0.1302031302031302,0.2926903618378805,0.25,1.0
648720,DDOS attack-HOIC,3,0.2,-0.3,-0.19999999999999998,0.14864881953489548,0.09823509823509823,0.2656826568265683,1.0,0.2
648720,DDOS attack-HOIC,5,0.1111111111111111,-0.3666666666666667,-0.3333333333333333,0.14864881953489548,0.09823509823509823,0.2523674635540035,1.0,0.42857142857142855
648720,DDOS attack-HOIC,10,0.1111111111111111,-0.564499484004128,-0.46405228758169936,0.14864881953489548,0.09823509823509823,0.21385842706803698,1.0,0.8181818181818182
648720,DDOS attack-HOIC,20,0.21212121212121213,-0.47393048128342247,-0.32954545454545453,0.14864881953489548,0.09823509823509823,0.21350587029686724,0.5714285714285714,1.0
648799,Benign,3,0.0,-0.7714285714285715,-0.6,0.09207248447754775,0.05494505494505495,0.0,,0.2
648799,Benign,5,0.1111111111111111,-0.8333333333333333,-0.6666666666666666,0.09207248447754775,0.05494505494505495,0.03204317354887549,1.0,0.25
648799,Benign,10,0.05263157894736842,-0.6333333333333333,-0.43859649122807015,0.09207248447754775,0.05494505494505495,0.06938416015685508,1.0,0.6666666666666666
648799,Benign,20,0.21212121212121213,-0.4936497326203209,-0.32954545454545453,0.09207248447754775,0.05494505494505495,0.12086183590123895,0.42857142857142855,1.0
649611,FTP-BruteForce,3,0.2,0.19999999999999998,0.19999999999999998,0.2934660276432428,0.19880119880119881,0.6346863468634687,1.0,0.2
649611,FTP-BruteForce,5,0.1111111111111111,-0.16666666666666669,-0.1111111111111111,0.2934660276432428,0.19880119880119881,0.4965617445239432,1.0,0.25
649611,FTP-BruteForce,10,0.1111111111111111,-0.4282765737874097,-0.2941176470588236,0.2934660276432428,0.19880119880119881,0.3747359036497853,1.0,1.0
649611,FTP-BruteForce,20,0.3333333333333333,-0.22358175750834258,-0.15862068965517243,0.2934660276432428,0.19880119880119881,0.38664741257731655,0.3,1.0
650282,Infilteration,3,0.0,-0.7714285714285715,-0.6,0.20545277507302823,0.14085914085914086,0.0,,0.5
650282,Infilteration,5,0.1111111111111111,-0.7666666666666667,-0.611111111111111,0.20545277507302823,0.14085914085914086,0.03204317354887549,1.0,0.42857142857142855
650282,Infilteration,10,0.17647058823529413,-0.5980392156862745,-0.45588235294117646,0.20545277507302823,0.14085914085914086,0.10945976324255953,0.3333333333333333,0.6666666666666666
650282,Infilteration,20,0.21212121212121213,-0.3014705882352941,-0.19318181818181818,0.20545277507302823,0.14085914085914086,0.17889322786136835,0.7142857142857143,1.0
651601,SSH-Bruteforce,3,0.2,-0.49999999999999994,-0.39999999999999997,0.13071738388194085,0.08957708957708958,0.2656826568265683,1.0,0.5
651601,SSH-Bruteforce,5,0.1111111111111111,-0.31666666666666665,-0.2222222222222222,0.13071738388194085,0.08957708957708958,0.2523674635540035,1.0,0.42857142857142855
651601,SSH-Bruteforce,10,0.1111111111111111,-0.4117647058823529,-0.30718954248366015,0.13071738388194085,0.08957708957708958,0.24203758720290527,1.0,0.8181818181818182
651601,SSH-Bruteforce,20,0.21212121212121213,-0.3663101604278075,-0.26515151515151514,0.13071738388194085,0.08957708957708958,0.25762813177824245,1.0,1.0
651743,Brute Force -XSS,3,0.0,-0.7714285714285715,-0.6,0.5210106349346856,0.40659340659340665,0.0,,0.0
651743,Brute Force -XSS,5,0.1111111111111111,-0.6333333333333333,-0.4444444444444444,0.5210106349346856,0.40659340659340665,0.076547581255647,0.0,0.42857142857142855
651743,Brute Force -XSS,10,0.17647058823529413,-0.4730392156862746,-0.3529411764705882,0.5210106349346856,0.40659340659340665,0.15255138146614355,0.0,0.6666666666666666
651743,Brute Force -XSS,20,0.25,-0.37903225806451607,-0.2943548387096775,0.5210106349346856,0.40659340659340665,0.20526016156548232,0.0,1.0
652157,DoS attacks-Hulk,3,0.2,0.0,-0.19999999999999998,0.13575032562374334,0.08225108225108224,0.6346863468634687,1.0,0.2
652157,DoS attacks-Hulk,5,0.1111111111111111,-0.25,-0.2222222222222222,0.13575032562374334,0.08225108225108224,0.4965617445239432,1.0,0.6666666666666666
652157,DoS attacks-Hulk,10,0.05263157894736842,-0.4122807017543859,-0.25146198830409355,0.13575032562374334,0.08225108225108224,0.3614441988713819,1.0,0.8181818181818182
652157,DoS attacks-Hulk,20,0.08108108108108109,-0.5753911806543385,-0.3873873873873874,0.13575032562374334,0.08225108225108224,0.29948509659074396,1.0,1.0
652478,DoS attacks-SlowHTTPTest,3,0.5,0.39999999999999997,0.3333333333333334,0.3172903046320768,0.22544122544122544,0.7343173431734318,1.0,0.5
652478,DoS attacks-SlowHTTPTest,5,0.25,0.04761904761904763,-0.07142857142857142,0.3172903046320768,0.22544122544122544,0.6390417816414738,1.0,0.25
652478,DoS attacks-SlowHTTPTest,10,0.3333333333333333,-0.05714285714285713,-0.028571428571428574,0.3172903046320768,0.22544122544122544,0.5419750926495139,1.0,0.6666666666666666
652478,DoS attacks-SlowHTTPTest,20,0.2903225806451613,-0.10080645161290325,-0.05806451612903227,0.3172903046320768,0.22544122544122544,0.530825458311967,0.6666666666666666,1.0
652768,DDOS attack-HOIC,3,0.2,0.09999999999999999,0.0,0.2849934875251331,0.1754911754911755,0.6346863468634687,1.0,0.2
652768,DDOS attack-HOIC,5,0.1111111111111111,-0.3,-0.3333333333333333,0.2849934875251331,0.1754911754911755,0.4965617445239432,1.0,0.25
652768,DDOS attack-HOIC,10,0.05263157894736842,-0.5596491228070175,-0.49707602339181284,0.2849934875251331,0.1754911754911755,0.3614441988713819,1.0,0.8181818181818182
652768,DDOS attack-HOIC,20,0.17647058823529413,-0.5841100076394193,-0.42959001782531203,0.2849934875251331,0.1754911754911755,0.3071183933734699,0.16666666666666666,1.0
652891,Bot,3,0.2,-0.19999999999999998,-0.19999999999999998,0.07957864919890235,0.055611055611055615,0.2656826568265683,1.0,0.2
652891,Bot,5,0.1111111111111111,-0.35,-0.3333333333333333,0.07957864919890235,0.055611055611055615,0.2523674635540035,1.0,0.25
652891,Bot,10,0.1111111111111111,-0.4984520123839009,-0.39869281045751637,0.07957864919890235,0.055611055611055615,0.24203758720290527,0.5,0.8181818181818182
652891,Bot,20,0.14285714285714285,-0.5182072829131653,-0.3781512605042017,0.07957864919890235,0.055611055611055615,0.22474058044471523,0.6,1.0
653069,DDOS attack-HOIC,3,0.2,-0.3,-0.19999999999999998,0.16430405037999973,0.10822510822510822,0.2656826568265683,1.0,0.2
653069,DDOS attack-HOIC,5,0.1111111111111111,-0.3666666666666667,-0.2777777777777778,0.16430405037999973,0.10822510822510822,0.2523674635540035,1.0,0.42857142857142855
653069,DDOS attack-HOIC,10,0.05263157894736842,-0.4789473684210526,-0.3216374269005848,0.16430405037999973,0.10822510822510822,0.20791020559261889,1.0,0.8181818181818182
653069,DDOS attack-HOIC,20,0.21212121212121213,-0.44685828877005357,-0.29545454545454547,0.16430405037999973,0.10822510822510822,0.2080798828682656,0.42857142857142855,1.0
653140,DDOS attack-HOIC,3,0.2,-0.3,-0.19999999999999998,0.14654965287876678,0.09090909090909091,0.2656826568265683,1.0,0.2
653140,DDOS attack-HOIC,5,0.1111111111111111,-0.26666666666666666,-0.2222222222222222,0.14654965287876678,0.09090909090909091,0.2523674635540035,1.0,0.42857142857142855
653140,DDOS attack-HOIC,10,0.05263157894736842,-0.5228070175438596,-0.40350877192982454,0.14654965287876678,0.09090909090909091,0.20791020559261889,1.0,0.6666666666666666
653140,DDOS attack-HOIC,20,0.14285714285714285,-0.5672268907563025,-0.4050420168067227,0.14654965287876678,0.09090909090909091,0.18672816054085503,0.6,1.0
654204,DoS attacks-GoldenEye,3,0.0,-0.7714285714285715,-0.6,0.3105628548666523,0.2047952047952048,0.0,,0.2
654204,DoS attacks-GoldenEye,5,0.0,-0.7333333333333332,-0.5111111111111111,0.3105628548666523,0.2047952047952048,0.0,,0.42857142857142855
654204,DoS attacks-GoldenEye,10,0.17647058823529413,-0.5612745098039216,-0.41176470588235287,0.3105628548666523,0.2047952047952048,0.0850001932443543,1.0,0.8181818181818182
654204,DoS attacks-GoldenEye,20,0.2903225806451613,-0.2697580645161291,-0.19139784946236563,0.3105628548666523,0.2047952047952048,0.16104459980723027,0.8888888888888888,1.0
654211,FTP-BruteForce,3,0.2,0.09999999999999999,0.0,0.3338054350712578,0.21944721944721945,0.6346863468634687,1.0,0.2
654211,FTP-BruteForce,5,0.1111111111111111,-0.21666666666666667,-0.2222222222222222,0.3338054350712578,0.21944721944721945,0.4965617445239432,1.0,0.25
654211,FTP-BruteForce,10,0.1111111111111111,-0.47781217750258,-0.39869281045751637,0.3338054350712578,0.21944721944721945,0.3747359036497853,1.0,0.6666666666666666
654211,FTP-BruteForce,20,0.2903225806451613,-0.3915322580645162,-0.2817204301075269,0.3338054350712578,0.21944721944721945,0.3574098146848815,0.3333333333333333,1.0
654258,DDOS attack-LOIC-UDP,3,0.0,-0.7142857142857143,-0.4666666666666666,0.7847468986709494,0.668997668997669,0.0,,0.0
654258,DDOS attack-LOIC-UDP,5,0.1111111111111111,-0.6,-0.4444444444444444,0.7847468986709494,0.668997668997669,0.076547581255647,0.0,0.25
654258,DDOS attack-LOIC-UDP,10,0.05263157894736842,-0.5877192982456141,-0.4502923976608187,0.7847468986709494,0.668997668997669,0.09736573043190963,0.0,0.8181818181818182
654258,DDOS attack-LOIC-UDP,20,0.2903225806451613,-0.5008064516129033,-0.31182795698924737,0.7847468986709494,0.668997668997669,0.11670568050746276,0.0,1.0
654276,Brute Force -Web,3,0.2,0.0,-0.19999999999999998,0.20909470276558884,0.14485514485514486,0.6346863468634687,1.0,0.2
654276,Brute Force -Web,5,0.1111111111111111,-0.35,-0.4444444444444444,0.20909470276558884,0.14485514485514486,0.4965617445239432,1.0,0.42857142857142855
654276,Brute Force -Web,10,0.17647058823529413,-0.37990196078431376,-0.3529411764705882,0.20909470276558884,0.14485514485514486,0.444809010040484,1.0,1.0
654276,Brute Force -Web,20,0.21212121212121213,-0.3201871657754011,-0.24621212121212122,0.20909470276558884,0.14485514485514486,0.4067117137557664,0.7142857142857143,1.0
654496,FTP-BruteForce,3,0.5,0.39999999999999997,0.3333333333333334,0.32533289495314804,0.23210123210123212,0.7343173431734318,1.0,0.5
654496,FTP-BruteForce,5,0.25,0.14285714285714288,0.0,0.32533289495314804,0.23210123210123212,0.6390417816414738,1.0,0.25
654496,FTP-BruteForce,10,0.17647058823529413,-0.22058823529411767,-0.2205882352941176,0.32533289495314804,0.23210123210123212,0.5062123289639755,1.0,0.8181818181818182
654496,FTP-BruteForce,20,0.2903225806451613,-0.22620967741935488,-0.178494623655914,0.32533289495314804,0.23210123210123212,0.4691879163183118,0.5555555555555556,1.0
654659,DoS attacks-Slowloris,3,0.0,-0.6571428571428573,-0.4666666666666666,0.4103112077795622,0.27672327672327673,0.0,,0.2
654659,DoS attacks-Slowloris,5,0.1111111111111111,-0.5333333333333333,-0.3888888888888889,0.4103112077795622,0.27672327672327673,0.076547581255647,1.0,0.42857142857142855
654659,DoS attacks-Slowloris,10,0.42857142857142855,-0.45054945054945056,-0.3626373626373627,0.4103112077795622,0.27672327672327673,0.19426236662710014,0.6666666666666666,0.8181818181818182
654659,DoS attacks-Slowloris,20,0.3333333333333333,-0.10166852057842046,-0.0942528735632184,0.4103112077795622,0.27672327672327673,0.2661077766509792,0.5,1.0
654908,FTP-BruteForce,3,0.2,-0.3,-0.19999999999999998,0.37743269388839007,0.2574092574092574,0.2656826568265683,1.0,0.5
654908,FTP-BruteForce,5,0.25,-0.04761904761904763,0.0,0.37743269388839007,0.2574092574092574,0.32891504480965056,1.0,0.25
654908,FTP-BruteForce,10,0.3333333333333333,-0.0035714285714285704,0.028571428571428574,0.37743269388839007,0.2574092574092574,0.35864324388863644,0.8,0.8181818181818182
654908,FTP-BruteForce,20,0.3333333333333333,-0.04293659621802002,-0.03908045977011494,0.37743269388839007,0.2574092574092574,0.39118562630608555,0.5,1.0
655627,Infilteration,3,0.5,0.6000000000000001,0.3333333333333334,0.32012291505962387,0.2281052281052281,0.5313653136531366,0.5,1.0
655627,Infilteration,5,0.42857142857142855,0.42857142857142866,0.33333333333333337,0.32012291505962387,0.2281052281052281,0.5367781006568826,0.3333333333333333,0.42857142857142855
655627,Infilteration,10,0.17647058823529413,0.09068627450980393,0.14705882352941174,0.32012291505962387,0.2281052281052281,0.48520457134209294,0.3333333333333333,1.0
655627,Infilteration,20,0.2903225806451613,-0.0032258064516129037,0.010752688172043012,0.32012291505962387,0.2281052281052281,0.46537200195445694,0.1111111111111111,1.0
656860,SSH-Bruteforce,3,0.2,-0.49999999999999994,-0.39999999999999997,0.16830005437600373,0.11555111555111557,0.2656826568265683,1.0,0.5
656860,SSH-Bruteforce,5,0.25,-0.28571428571428575,-0.21428571428571427,0.16830005437600373,0.11555111555111557,0.28441063710287906,1.0,0.42857142857142855
656860,SSH-Bruteforce,10,0.1111111111111111,-0.32714138286893707,-0.24183006535947715,0.16830005437600373,0.11555111555111557,0.277294365749474,1.0,0.8181818181818182
656860,SSH-Bruteforce,20,0.21212121212121213,-0.25434491978609625,-0.18939393939393942,0.16830005437600373,0.11555111555111557,0.2960382130108508,0.8571428571428571,1.0
658282,Benign,3,0.2,0.19999999999999998,0.19999999999999998,0.3977414990073218,0.2673992673992674,0.6346863468634687,1.0,0.5
658282,Benign,5,0.1111111111111111,-0.08333333333333334,0.05555555555555555,0.3977414990073218,0.2673992673992674,0.4965617445239432,1.0,0.42857142857142855
658282,Benign,10,0.1111111111111111,-0.3457172342621259,-0.24183006535947715,0.3977414990073218,0.2673992673992674,0.39557158048166824,0.5,0.8181818181818182
658282,Benign,20,0.25,-0.20124633431085046,-0.10080645161290325,0.3977414990073218,0.2673992673992674,0.3745006748252654,0.625,1.0
658852,SSH-Bruteforce,3,0.2,-0.49999999999999994,-0.39999999999999997,0.1250268718623149,0.08957708957708958,0.2656826568265683,1.0,0.5
658852,SSH-Bruteforce,5,0.1111111111111111,-0.26666666666666666,-0.1111111111111111,0.1250268718623149,0.08957708957708958,0.2523674635540035,1.0,0.42857142857142855
658852,SSH-Bruteforce,10,0.1111111111111111,-0.38906088751289986,-0.281045751633987,0.1250268718623149,0.08957708957708958,0.24203758720290527,1.0,0.8181818181818182
658852,SSH-Bruteforce,20,0.3333333333333333,-0.3121245828698554,-0.21379310344827587,0.1250268718623149,0.08957708957708958,0.25921767264967943,0.8,1.0
661309,SSH-Bruteforce,3,0.2,-0.6,-0.39999999999999997,0.31875719217491366,0.22410922410922413,0.09963099630996312,1.0,0.2
661309,SSH-Bruteforce,5,0.25,-0.38095238095238104,-0.21428571428571427,0.31875719217491366,0.22410922410922413,0.2190276183731777,1.0,0.6666666666666666
661309,SSH-Bruteforce,10,0.3333333333333333,-0.125,-0.08571428571428572,0.31875719217491366,0.22410922410922413,0.30466299486172255,0.8,0.6666666666666666
661309,SSH-Bruteforce,20,0.2903225806451613,0.006451612903225807,-0.0021505376344086026,0.31875719217491366,0.22410922410922413,0.3525708519165464,0.5555555555555556,1.0
661657,DoS attacks-GoldenEye,3,0.5,0.7999999999999999,0.6666666666666669,0.16268541584997281,0.11621711621711622,0.900369003690037,1.0,0.2
661657,DoS attacks-GoldenEye,5,0.25,0.261904761904762,0.14285714285714285,0.16268541584997281,0.11621711621711622,0.7489292080779467,1.0,0.42857142857142855
661657,DoS attacks-GoldenEye,10,0.25,-0.02058823529411765,-0.049999999999999996,0.16268541584997281,0.11621711621711622,0.6167734908526906,1.0,0.6666666666666666
661657,DoS attacks-GoldenEye,20,0.21212121212121213,-0.16844919786096257,-0.11363636363636363,0.16268541584997281,0.11621711621711622,0.5456763387624805,0.7142857142857143,1.0
662079,Brute Force -Web,3,0.2,-0.49999999999999994,-0.19999999999999998,0.17196727323309602,0.10622710622710622,0.09963099630996312,1.0,0.2
662079,Brute Force -Web,5,0.1111111111111111,-0.48333333333333334,-0.3888888888888889,0.17196727323309602,0.10622710622710622,0.1424800371175307,1.0,0.42857142857142855
662079,Brute Force -Web,10,0.17647058823529413,-0.3995098039215687,-0.3235294117647059,0.17196727323309602,0.10622710622710622,0.21052839708312654,0.6666666666666666,0.8181818181818182
662079,Brute Force -Web,20,0.1111111111111111,-0.5649935649935651,-0.48571428571428577,0.17196727323309602,0.10622710622710622,0.21263983423214614,0.75,1.0
662125,DoS attacks-SlowHTTPTest,3,0.2,0.09999999999999999,0.0,0.3569721417822683,0.23876123876123875,0.6346863468634687,1.0,0.2
662125,DoS attacks-SlowHTTPTest,5,0.1111111111111111,-0.25,-0.2777777777777778,0.3569721417822683,0.23876123876123875,0.4965617445239432,1.0,0.25
662125,DoS attacks-SlowHTTPTest,10,0.05263157894736842,-0.5,-0.38011695906432746,0.3569721417822683,0.23876123876123875,0.3614441988713819,1.0,1.0
662125,DoS attacks-SlowHTTPTest,20,0.2903225806451613,-0.39395161290322583,-0.29462365591397854,0.3569721417822683,0.23876123876123875,0.3517382954750229,0.3333333333333333,1.0
662490,DDOS attack-LOIC-UDP,3,0.0,-0.7142857142857143,-0.4666666666666666,0.7934723504343757,0.6843156843156843,0.0,,0.2
662490,DDOS attack-LOIC-UDP,5,0.25,-0.6666666666666669,-0.4999999999999999,0.7934723504343757,0.6843156843156843,0.10859075480452249,0.0,0.25
662490,DDOS attack-LOIC-UDP,10,0.1111111111111111,-0.43859649122807015,-0.33333333333333337,0.7934723504343757,0.6843156843156843,0.16674989058876474,0.0,0.8181818181818182
662490,DDOS attack-LOIC-UDP,20,0.2903225806451613,-0.3866935483870968,-0.21290322580645166,0.7934723504343757,0.6843156843156843,0.1782652201080441,0.0,1.0
663020,Brute Force -Web,3,0.0,-0.7714285714285715,-0.6,0.12454633973621315,0.0735930735930736,0.0,,0.2
663020,Brute Force -Web,5,0.0,-0.7212121212121211,-0.4666666666666666,0.12454633973621315,0.0735930735930736,0.0,,0.42857142857142855
663020,Brute Force -Web,10,0.05263157894736842,-0.6315789473684211,-0.4502923976608187,0.12454633973621315,0.0735930735930736,0.0492374295588158,1.0,0.8181818181818182
663020,Brute Force -Web,20,0.14285714285714285,-0.5929971988795519,-0.4588235294117647,0.12454633973621315,0.0735930735930736,0.07840128592736768,0.4,1.0
663131,FTP-BruteForce,3,0.2,0.09999999999999999,0.0,0.4350459666915363,0.30069930069930073,0.6346863468634687,1.0,0.5
663131,FTP-BruteForce,5,0.1111111111111111,-0.16666666666666669,-0.1111111111111111,0.4350459666915363,0.30069930069930073,0.4965617445239432,1.0,0.25
663131,FTP-BruteForce,10,0.17647058823529413,-0.26470588235294124,-0.1176470588235294,0.4350459666915363,0.30069930069930073,0.39720696255692034,0.6666666666666666,0.8181818181818182
663131,FTP-BruteForce,20,0.2903225806451613,-0.2278225806451613,-0.13548387096774195,0.4350459666915363,0.30069930069930073,0.3951357505344362,0.3333333333333333,1.0
665093,Bot,3,0.0,-0.8857142857142858,-0.7333333333333333,0.24680382908231008,0.16217116217116218,0.0,,0.5
665093,Bot,5,0.1111111111111111,-0.75,-0.5555555555555556,0.24680382908231008,0.16217116217116218,0.076547581255647,1.0,0.42857142857142855
665093,Bot,10,0.05263157894736842,-0.5824561403508772,-0.40350877192982454,0.24680382908231008,0.16217116217116218,0.09736573043190963,1.0,0.6666666666666666
665093,Bot,20,0.17647058823529413,-0.5654698242933537,-0.40463458110516937,0.24680382908231008,0.16217116217116218,0.11782193230855417,0.5,1.0
665181,DoS attacks-GoldenEye,3,0.5,0.6000000000000001,0.3333333333333334,0.3242959572073496,0.2281052281052281,0.5313653136531366,1.0,0.2
665181,DoS attacks-GoldenEye,5,0.42857142857142855,0.5357142857142858,0.33333333333333337,0.3242959572073496,0.2281052281052281,0.5812825083636541,1.0,0.25
665181,DoS attacks-GoldenEye,10,0.3333333333333333,0.05357142857142857,-0.04761904761904762,0.3242959572073496,0.2281052281052281,0.5250825845679837,1.0,0.8181818181818182
665181,DoS attacks-GoldenEye,20,0.21212121212121213,-0.0501336898395722,-0.03787878787878788,0.3242959572073496,0.2281052281052281,0.5017212043041532,0.8571428571428571,1.0
665520,DoS attacks-SlowHTTPTest,3,0.2,0.0,-0.19999999999999998,0.2395705560262522,0.16483516483516483,0.6346863468634687,1.0,0.2
665520,DoS attacks-SlowHTTPTest,5,0.1111111111111111,-0.2333333333333333,-0.2222222222222222,0.2395705560262522,0.16483516483516483,0.4965617445239432,1.0,0.1111111111111111
665520,DoS attacks-SlowHTTPTest,10,0.1111111111111111,-0.4592363261093911,-0.33333333333333337,0.2395705560262522,0.16483516483516483,0.3673924203468,1.0,0.8181818181818182
665520,DoS attacks-SlowHTTPTest,20,0.21212121212121213,-0.4485294117647059,-0.3143939393939394,0.2395705560262522,0.16483516483516483,0.3428009995744941,0.42857142857142855,1.0
665609,DDOS attack-LOIC-UDP,3,0.0,-0.7142857142857143,-0.4666666666666666,0.7891981436285234,0.6763236763236764,0.0,,0.0
665609,DDOS attack-LOIC-UDP,5,0.1111111111111111,-0.6666666666666667,-0.5,0.7891981436285234,0.6763236763236764,0.076547581255647,0.0,0.25
665609,DDOS attack-LOIC-UDP,10,0.1111111111111111,-0.5913312693498451,-0.46405228758169936,0.7891981436285234,0.6763236763236764,0.10331395190732774,0.0,0.8181818181818182
665609,DDOS attack-LOIC-UDP,20,0.2903225806451613,-0.44395161290322593,-0.2645161290322581,0.7891981436285234,0.6763236763236764,0.13017484904618382,0.0,1.0
665639,Brute Force -Web,3,0.2,-0.6,-0.39999999999999997,0.33211092704763584,0.2780552780552781,0.09963099630996312,0.0,0.2
665639,Brute Force -Web,5,0.1111111111111111,-0.3666666666666667,-0.2777777777777778,0.33211092704763584,0.2780552780552781,0.1424800371175307,0.0,0.25
665639,Brute Force -Web,10,0.17647058823529413,-0.3921568627450981,-0.2794117647058823,0.33211092704763584,0.2780552780552781,0.16723918899972878,0.0,0.6666666666666666
665639,Brute Force -Web,20,0.2903225806451613,-0.36895161290322587,-0.30322580645161296,0.33211092704763584,0.2780552780552781,0.2228861293378672,0.0,1.0
667343,DoS attacks-Hulk,3,0.2,0.0,-0.19999999999999998,0.16506278531594987,0.10955710955710957,0.6346863468634687,1.0,0.5
667343,DoS attacks-Hulk,5,0.25,-0.261904761904762,-0.3571428571428571,0.16506278531594987,0.10955710955710957,0.5286049180728187,0.5,0.6666666666666666
667343,DoS attacks-Hulk,10,0.1111111111111111,-0.3519091847265222,-0.2679738562091504,0.16506278531594987,0.10955710955710957,0.4308283590282369,0.5,0.8181818181818182
667343,DoS attacks-Hulk,20,0.25,-0.33357771260997066,-0.2016129032258065,0.16506278531594987,0.10955710955710957,0.39153714708489734,0.625,1.0
667959,Bot,3,0.2,-0.19999999999999998,-0.19999999999999998,-0.007701159599893776,0.000999000999000999,0.2656826568265683,1.0,0.2
667959,Bot,5,0.1111111111111111,-0.48333333333333334,-0.5,-0.007701159599893776,0.000999000999000999,0.2523674635540035,1.0,0.42857142857142855
667959,Bot,10,0.17647058823529413,-0.37254901960784315,-0.30882352941176466,-0.007701159599893776,0.000999000999000999,0.27616496881319164,0.6666666666666666,0.8181818181818182
667959,Bot,20,0.17647058823529413,-0.42154316271963327,-0.33689839572192515,-0.007701159599893776,0.000999000999000999,0.27326196978576267,0.8333333333333334,1.0
668300,Bot,3,0.0,-0.6,-0.3333333333333333,0.1777842410753803,0.12354312354312354,0.0,,0.2
668300,Bot,5,0.0,-0.6969696969696969,-0.4666666666666666,0.1777842410753803,0.12354312354312354,0.0,,0.42857142857142855
668300,Bot,10,0.25,-0.3852941176470588,-0.25,0.1777842410753803,0.12354312354312354,0.11912757485464066,0.75,0.6666666666666666
668300,Bot,20,0.2903225806451613,-0.13225806451612906,-0.10107526881720431,0.1777842410753803,0.12354312354312354,0.20782690306010493,0.5555555555555556,1.0
668437,DDOS attack-HOIC,3,0.2,0.19999999999999998,0.19999999999999998,0.18157791575513094,0.11421911421911421,0.6346863468634687,1.0,0.2
668437,DDOS attack-HOIC,5,0.1111111111111111,-0.2333333333333333,-0.2222222222222222,0.18157791575513094,0.11421911421911421,0.4965617445239432,1.0,0.25
668437,DDOS attack-HOIC,10,0.05263157894736842,-0.5508771929824561,-0.4619883040935673,0.18157791575513094,0.11421911421911421,0.3614441988713819,1.0,0.8181818181818182
668437,DDOS attack-HOIC,20,0.14285714285714285,-0.6014005602240897,-0.45210084033613446,0.18157791575513094,0.11421911421911421,0.3082717693086408,0.2,1.0
668596,Infilteration,3,0.0,-0.7714285714285715,-0.6,0.2609162988909824,0.18215118215118214,0.0,,0.5
668596,Infilteration,5,0.25,-0.8333333333333335,-0.6428571428571428,0.2609162988909824,0.18215118215118214,0.06408634709775098,1.0,0.25
668596,Infilteration,10,0.25,-0.2029411764705882,-0.15,0.2609162988909824,0.18215118215118214,0.18618740670239997,0.5,0.6666666666666666
668596,Infilteration,20,0.3333333333333333,-0.1657397107897664,-0.1310344827586207,0.2609162988909824,0.18215118215118214,0.24781800982215682,0.6,1.0
668972,DoS attacks-Slowloris,3,0.2,0.0,-0.19999999999999998,0.019790336246032447,0.017649017649017648,0.6346863468634687,1.0,0.2
668972,DoS attacks-Slowloris,5,0.25,-0.09523809523809526,-0.14285714285714285,0.019790336246032447,0.017649017649017648,0.5731093257795903,1.0,0.42857142857142855
668972,DoS attacks-Slowloris,10,0.17647058823529413,-0.25490196078431376,-0.2205882352941176,0.019790336246032447,0.017649017649017648,0.4812809882104265,1.0,0.8181818181818182
668972,DoS attacks-Slowloris,20,0.14285714285714285,-0.4470588235294118,-0.361344537815126,0.019790336246032447,0.017649017649017648,0.4152174830198396,0.8,1.0
669816,Brute Force -XSS,3,0.0,-0.7714285714285715,-0.6,0.5186332654687084,0.40259740259740256,0.0,,0.2
669816,Brute Force -XSS,5,0.25,-0.6190476190476191,-0.42857142857142855,0.5186332654687084,0.40259740259740256,0.10859075480452249,0.0,0.42857142857142855
669816,Brute Force -XSS,10,0.17647058823529413,-0.3823529411764707,-0.2647058823529411,0.5186332654687084,0.40259740259740256,0.17269811206418287,0.0,0.6666666666666666
669816,Brute Force -XSS,20,0.25,-0.3577712609970674,-0.2862903225806452,0.5186332654687084,0.40259740259740256,0.2201982891420939,0.0,1.0
671747,DDOS attack-HOIC,3,0.2,0.09999999999999999,0.0,0.15906877932194388,0.11355311355311355,0.6346863468634687,1.0,0.2
671747,DDOS attack-HOIC,5,0.1111111111111111,-0.2333333333333333,-0.2222222222222222,0.15906877932194388,0.11355311355311355,0.4965617445239432,1.0,0.25
671747,DDOS attack-HOIC,10,0.05263157894736842,-0.47719298245614034,-0.34502923976608185,0.15906877932194388,0.11355311355311355,0.3614441988713819,1.0,0.8181818181818182
671747,DDOS attack-HOIC,20,0.14285714285714285,-0.5591036414565826,-0.37142857142857144,0.15906877932194388,0.11355311355311355,0.29541331738145,0.2,1.0
671863,DoS attacks-Hulk,3,0.2,0.0,-0.19999999999999998,0.1263925947470251,0.07892107892107893,0.6346863468634687,1.0,0.5
671863,DoS attacks-Hulk,5,0.1111111111111111,-0.2833333333333333,-0.2777777777777778,0.1263925947470251,0.07892107892107893,0.4965617445239432,1.0,0.6666666666666666
671863,DoS attacks-Hulk,10,0.1111111111111111,-0.48813209494324045,-0.4248366013071896,0.1263925947470251,0.07892107892107893,0.39557158048166824,1.0,0.8181818181818182
671863,DoS attacks-Hulk,20,0.21212121212121213,-0.35394385026737973,-0.26136363636363635,0.1263925947470251,0.07892107892107893,0.37332437322472556,0.5714285714285714,1.0
672527,DDoS attacks-LOIC-HTTP,3,0.2,-0.09999999999999999,0.0,0.13425814691637475,0.08424908424908426,0.2656826568265683,1.0,0.5
672527,DDoS attacks-LOIC-HTTP,5,0.1111111111111111,-0.3666666666666667,-0.2777777777777778,0.13425814691637475,0.08424908424908426,0.2523674635540035,1.0,0.25
672527,DDoS attacks-LOIC-HTTP,10,0.1111111111111111,-0.5149638802889577,-0.3725490196078432,0.13425814691637475,0.08424908424908426,0.22120191037102233,1.0,0.8181818181818182
672527,DDoS attacks-LOIC-HTTP,20,0.17647058823529413,-0.4875477463712758,-0.36541889483065954,0.13425814691637475,0.08424908424908426,0.23800543422068904,0.6666666666666666,1.0
672743,DoS attacks-Hulk,3,0.2,0.0,-0.19999999999999998,0.16314065681154288,0.11355311355311355,0.6346863468634687,1.0,0.5
672743,DoS attacks-Hulk,5,0.25,-0.1666666666666667,-0.21428571428571427,0.16314065681154288,0.11355311355311355,0.5731093257795903,0.5,0.42857142857142855
672743,DoS attacks-Hulk,10,0.25,-0.12941176470588234,-0.09999999999999999,0.16314065681154288,0.11355311355311355,0.5062290156919812,0.5,0.8181818181818182
672743,DoS attacks-Hulk,20,0.25,-0.22214076246334308,-0.1653225806451613,0.16314065681154288,0.11355311355311355,0.46730180041499436,0.625,1.0
673338,DoS attacks-Hulk,3,0.2,0.09999999999999999,0.0,0.061621922381416054,0.04095904095904096,0.6346863468634687,1.0,0.5
673338,DoS attacks-Hulk,5,0.1111111111111111,-0.18333333333333335,-0.16666666666666666,0.061621922381416054,0.04095904095904096,0.4965617445239432,1.0,0.42857142857142855
673338,DoS attacks-Hulk,10,0.17647058823529413,-0.27696078431372556,-0.19117647058823525,0.061621922381416054,0.04095904095904096,0.40886328526007165,0.3333333333333333,0.8181818181818182
673338,DoS attacks-Hulk,20,0.25,-0.1785190615835777,-0.12500000000000003,0.061621922381416054,0.04095904095904096,0.4045455025848952,0.625,1.0
674573,Bot,3,0.0,-0.7714285714285715,-0.6,0.18774895990085863,0.12221112221112222,0.0,,0.2
674573,Bot,5,0.0,-0.8787878787878788,-0.7333333333333333,0.18774895990085863,0.12221112221112222,0.0,,0.6666666666666666
674573,Bot,10,0.05263157894736842,-0.6666666666666666,-0.43859649122807015,0.18774895990085863,0.12221112221112222,0.013291704778403425,1.0,0.6666666666666666
674573,Bot,20,0.17647058823529413,-0.655003819709702,-0.4545454545454546,0.18774895990085863,0.12221112221112222,0.05094372467946795,0.5,1.0
675570,DDoS attacks-LOIC-HTTP,3,0.0,-0.6,-0.3333333333333333,0.38830789463700854,0.27139527139527136,0.0,,0.2
675570,DDoS attacks-LOIC-HTTP,5,0.1111111111111111,-0.5499999999999999,-0.3333333333333333,0.38830789463700854,0.27139527139527136,0.076547581255647,1.0,0.25
675570,DDoS attacks-LOIC-HTTP,10,0.17647058823529413,-0.38480392156862747,-0.2352941176470588,0.38830789463700854,0.27139527139527136,0.13312849411744812,1.0,0.8181818181818182
675570,DDoS attacks-LOIC-HTTP,20,0.25,-0.3288123167155425,-0.217741935483871,0.38830789463700854,0.27139527139527136,0.19193286874109186,0.625,1.0
675775,DDOS attack-HOIC,3,0.2,-0.3,-0.19999999999999998,0.20502282527598983,0.12887112887112886,0.2656826568265683,1.0,0.2
675775,DDOS attack-HOIC,5,0.1111111111111111,-0.33333333333333337,-0.2777777777777778,0.20502282527598983,0.12887112887112886,0.2523674635540035,1.0,0.6666666666666666
675775,DDOS attack-HOIC,10,0.05263157894736842,-0.5228070175438596,-0.391812865497076,0.20502282527598983,0.12887112887112886,0.20791020559261889,1.0,0.8181818181818182
675775,DDOS attack-HOIC,20,0.25,-0.49890029325513185,-0.3588709677419355,0.20502282527598983,0.12887112887112886,0.21531461567447743,0.375,1.0
675840,Infilteration,3,0.0,-0.7714285714285715,-0.6,0.22280251394175443,0.14285714285714288,0.0,,0.2
675840,Infilteration,5,0.1111111111111111,-0.6666666666666667,-0.4444444444444444,0.22280251394175443,0.14285714285714288,0.03204317354887549,1.0,0.42857142857142855
675840,Infilteration,10,0.3333333333333333,-0.36785714285714277,-0.2571428571428572,0.22280251394175443,0.14285714285714288,0.1719888975797788,0.6,0.6666666666666666
675840,Infilteration,20,0.17647058823529413,-0.24400305576776166,-0.22994652406417115,0.22280251394175443,0.14285714285714288,0.23726771837677332,0.5,1.0
675988,DoS attacks-Slowloris,3,0.2,-0.6,-0.39999999999999997,0.15395996408654636,0.10023310023310024,0.09963099630996312,1.0,0.2
675988,DoS attacks-Slowloris,5,0.1111111111111111,-0.3666666666666667,-0.2222222222222222,0.15395996408654636,0.10023310023310024,0.1424800371175307,1.0,0.25
675988,DoS attacks-Slowloris,10,0.05263157894736842,-0.4912280701754386,-0.3216374269005848,0.15395996408654636,0.10023310023310024,0.13881990861717564,1.0,0.8181818181818182
675988,DoS attacks-Slowloris,20,0.21212121212121213,-0.5631684491978609,-0.4090909090909091,0.15395996408654636,0.10023310023310024,0.15297540469332646,0.8571428571428571,1.0
676095,Brute Force -Web,3,0.2,-0.6,-0.39999999999999997,0.3418986077213925,0.2827172827172827,0.09963099630996312,0.0,0.2
676095,Brute Force -Web,5,0.1111111111111111,-0.33333333333333337,-0.2222222222222222,0.3418986077213925,0.2827172827172827,0.1424800371175307,0.0,0.25
676095,Brute Force -Web,10,0.17647058823529413,-0.4093137254901961,-0.2941176470588235,0.3418986077213925,0.2827172827172827,0.16723918899972878,0.0,0.6666666666666666
676095,Brute Force -Web,20,0.2903225806451613,-0.3459677419354839,-0.2817204301075269,0.3418986077213925,0.2827172827172827,0.22462233034500975,0.0,1.0
676164,FTP-BruteForce,3,0.2,-0.3,-0.19999999999999998,0.3557328747202165,0.24675324675324675,0.2656826568265683,1.0,0.5
676164,FTP-BruteForce,5,0.25,-0.04761904761904763,0.0,0.3557328747202165,0.24675324675324675,0.32891504480965056,1.0,0.25
676164,FTP-BruteForce,10,0.3333333333333333,-0.028571428571428564,-0.009523809523809525,0.3557328747202165,0.24675324675324675,0.35864324388863644,0.8,0.8181818181818182
676164,FTP-BruteForce,20,0.25,-0.0975073313782991,-0.08870967741935486,0.3557328747202165,0.24675324675324675,0.38449884214619473,0.625,1.0
676553,DDoS attacks-LOIC-HTTP,3,0.2,-0.6,-0.39999999999999997,0.11491040604964656,0.06626706626706627,0.09963099630996312,1.0,0.5
676553,DDoS attacks-LOIC-HTTP,5,0.1111111111111111,-0.5666666666666667,-0.5,0.11491040604964656,0.06626706626706627,0.1424800371175307,1.0,0.42857142857142855
676553,DDoS attacks-LOIC-HTTP,10,0.05263157894736842,-0.5228070175438596,-0.391812865497076,0.11491040604964656,0.06626706626706627,0.13881990861717564,1.0,0.8181818181818182
676553,DDoS attacks-LOIC-HTTP,20,0.17647058823529413,-0.5407181054239877,-0.41176470588235303,0.11491040604964656,0.06626706626706627,0.16289642060989798,0.5,1.0
677383,DDOS attack-LOIC-UDP,3,0.0,-0.7142857142857143,-0.4666666666666666,0.7882876617053832,0.6743256743256744,0.0,,0.0
677383,DDOS attack-LOIC-UDP,5,0.1111111111111111,-0.6166666666666666,-0.4444444444444444,0.7882876617053832,0.6743256743256744,0.076547581255647,0.0,0.25
677383,DDOS attack-LOIC-UDP,10,0.1111111111111111,-0.564499484004128,-0.4379084967320262,0.7882876617053832,0.6743256743256744,0.11065743521031306,0.0,0.8181818181818182
677383,DDOS attack-LOIC-UDP,20,0.2903225806451613,-0.4588709677419355,-0.2774193548387097,0.7882876617053832,0.6743256743256744,0.1356197965478587,0.0,1.0
677402,Infilteration,3,0.0,-0.5428571428571429,-0.2,0.4040642901402395,0.2753912753912754,0.0,,0.2
677402,Infilteration,5,0.1111111111111111,-0.41666666666666663,-0.16666666666666666,0.4040642901402395,0.2753912753912754,0.076547581255647,0.0,0.6666666666666666
677402,Infilteration,10,0.25,-0.2088235294117647,-0.13333333333333333,0.4040642901402395,0.2753912753912754,0.20320160050814687,0.5,0.8181818181818182
677402,Infilteration,20,0.3333333333333333,-0.01579532814238042,0.0022988505747126436,0.4040642901402395,0.2753912753912754,0.27941622616127276,0.5,1.0
677410,Benign,3,0.2,-0.8999999999999998,-0.7999999999999999,0.23969701184891057,0.15950715950715952,0.09963099630996312,1.0,0.2
677410,Benign,5,0.25,-0.5000000000000001,-0.42857142857142855,0.23969701184891057,0.15950715950715952,0.2190276183731777,1.0,0.42857142857142855
677410,Benign,10,0.17647058823529413,-0.3872549019607844,-0.30882352941176466,0.23969701184891057,0.15950715950715952,0.2586566979562203,0.6666666666666666,0.8181818181818182
677410,Benign,20,0.3333333333333333,-0.22847608453837595,-0.17241379310344826,0.23969701184891057,0.15950715950715952,0.28534785237930127,0.4,1.0
677440,DDOS attack-HOIC,3,0.2,0.19999999999999998,0.19999999999999998,0.1902022028604307,0.11888111888111888,0.6346863468634687,1.0,0.2
677440,DDOS attack-HOIC,5,0.1111111111111111,-0.26666666666666666,-0.2777777777777778,0.1902022028604307,0.11888111888111888,0.4965617445239432,1.0,0.42857142857142855
677440,DDOS attack-HOIC,10,0.05263157894736842,-0.524561403508772,-0.4152046783625731,0.1902022028604307,0.11888111888111888,0.3614441988713819,1.0,0.8181818181818182
677440,DDOS attack-HOIC,20,0.1111111111111111,-0.5994851994851995,-0.4285714285714286,0.1902022028604307,0.11888111888111888,0.29464441038191935,0.25,1.0
677546,FTP-BruteForce,3,0.2,0.09999999999999999,0.0,0.28400713210839795,0.19613719613719613,0.6346863468634687,1.0,0.5
677546,FTP-BruteForce,5,0.1111111111111111,-0.21666666666666667,-0.2222222222222222,0.28400713210839795,0.19613719613719613,0.4965617445239432,1.0,0.25
677546,FTP-BruteForce,10,0.25,-0.28823529411764703,-0.18333333333333335,0.28400713210839795,0.19613719613719613,0.4148115067354898,1.0,0.8181818181818182
677546,FTP-BruteForce,20,0.2903225806451613,-0.2967741935483871,-0.22150537634408607,0.28400713210839795,0.19613719613719613,0.3997259836383815,0.4444444444444444,1.0
677734,DoS attacks-Hulk,3,0.2,0.09999999999999999,0.0,0.1685023836922571,0.12287712287712288,0.6346863468634687,1.0,0.5
677734,DoS attacks-Hulk,5,0.1111111111111111,-0.18333333333333335,-0.16666666666666666,0.1685023836922571,0.12287712287712288,0.4965617445239432,1.0,0.6666666666666666
677734,DoS attacks-Hulk,10,0.1111111111111111,-0.3663570691434469,-0.2679738562091504,0.1685023836922571,0.12287712287712288,0.4106816284301976,0.5,0.8181818181818182
677734,DoS attacks-Hulk,20,0.21212121212121213,-0.45755347593582885,-0.3446969696969697,0.1685023836922571,0.12287712287712288,0.3763957256763319,0.7142857142857143,1.0
678287,DoS attacks-Hulk,3,0.2,0.09999999999999999,0.0,0.030134422539485832,0.014319014319014318,0.6346863468634687,1.0,0.5
678287,DoS attacks-Hulk,5,0.1111111111111111,-0.33333333333333337,-0.3888888888888889,0.030134422539485832,0.014319014319014318,0.4965617445239432,1.0,0.42857142857142855
678287,DoS attacks-Hulk,10,0.05263157894736842,-0.4964912280701754,-0.3684210526315789,0.030134422539485832,0.014319014319014318,0.3614441988713819,1.0,0.8181818181818182
678287,DoS attacks-Hulk,20,0.14285714285714285,-0.48123249299719895,-0.334453781512605,0.030134422539485832,0.014319014319014318,0.32357665843673356,0.6,1.0
678955,DoS attacks-Slowloris,3,0.2,0.19999999999999998,0.19999999999999998,0.08597731382541508,0.05627705627705628,0.6346863468634687,1.0,0.2
678955,DoS attacks-Slowloris,5,0.1111111111111111,-0.11666666666666665,0.0,0.08597731382541508,0.05627705627705628,0.4965617445239432,1.0,0.25
678955,DoS attacks-Slowloris,10,0.1111111111111111,-0.45304437564499483,-0.30718954248366015,0.08597731382541508,0.05627705627705628,0.3673924203468,1.0,0.8181818181818182
678955,DoS attacks-Slowloris,20,0.25,-0.3079178885630498,-0.19758064516129034,0.08597731382541508,0.05627705627705628,0.3505530544405061,0.75,1.0
679069,DDOS attack-HOIC,3,0.2,-0.09999999999999999,0.0,0.2575525740082702,0.16616716616716617,0.2656826568265683,1.0,0.2
679069,DDOS attack-HOIC,5,0.1111111111111111,-0.45,-0.3888888888888889,0.2575525740082702,0.16616716616716617,0.2523674635540035,1.0,0.42857142857142855
679069,DDOS attack-HOIC,10,0.1111111111111111,-0.40763673890608876,-0.281045751633987,0.2575525740082702,0.16616716616716617,0.25714763515143474,1.0,0.8181818181818182
679069,DDOS attack-HOIC,20,0.17647058823529413,-0.5951107715813597,-0.4581105169340464,0.2575525740082702,0.16616716616716617,0.2363715164861524,0.3333333333333333,1.0
679619,Benign,3,0.2,-0.39999999999999997,-0.39999999999999997,0.31921243313648373,0.2281052281052281,0.2656826568265683,1.0,0.2
679619,Benign,5,0.25,-0.1666666666666667,-0.14285714285714285,0.31921243313648373,0.2281052281052281,0.32891504480965056,1.0,0.42857142857142855
679619,Benign,10,0.25,-0.09999999999999999,-0.08333333333333334,0.31921243313648373,0.2281052281052281,0.36187437654195,0.75,0.8181818181818182
679619,Benign,20,0.2903225806451613,-0.07298387096774195,-0.03655913978494624,0.31921243313648373,0.2281052281052281,0.388075965343457,0.5555555555555556,1.0
680342,DDOS attack-HOIC,3,0.2,-0.3,-0.19999999999999998,0.19821950201697036,0.1302031302031302,0.2656826568265683,1.0,0.2
680342,DDOS attack-HOIC,5,0.1111111111111111,-0.25,-0.1111111111111111,0.19821950201697036,0.1302031302031302,0.2523674635540035,1.0,0.6666666666666666
680342,DDOS attack-HOIC,10,0.1111111111111111,-0.44272445820433437,-0.281045751633987,0.19821950201697036,0.1302031302031302,0.21385842706803698,1.0,0.8181818181818182
680342,DDOS attack-HOIC,20,0.21212121212121213,-0.520053475935829,-0.37878787878787884,0.19821950201697036,0.1302031302031302,0.21094363640159255,0.2857142857142857,1.0
681271,Infilteration,3,0.0,-0.8857142857142858,-0.7333333333333333,0.23473994360070308,0.16217116217116218,0.0,,0.2
681271,Infilteration,5,0.0,-0.7818181818181817,-0.6,0.23473994360070308,0.16217116217116218,0.0,,0.6666666666666666
681271,Infilteration,10,0.17647058823529413,-0.5637254901960785,-0.3529411764705882,0.23473994360070308,0.16217116217116218,0.06989014529582485,0.3333333333333333,0.8181818181818182
681271,Infilteration,20,0.3333333333333333,-0.18442714126807563,-0.14022988505747128,0.23473994360070308,0.16217116217116218,0.17482154173831996,0.4,1.0
681491,DoS attacks-Slowloris,3,0.0,-0.6571428571428573,-0.4666666666666666,0.3810746215809507,0.2594072594072594,0.0,,0.2
681491,DoS attacks-Slowloris,5,0.1111111111111111,-0.5333333333333333,-0.3888888888888889,0.3810746215809507,0.2594072594072594,0.076547581255647,1.0,0.42857142857142855
681491,DoS attacks-Slowloris,10,0.25,-0.2411764705882353,-0.19999999999999998,0.3810746215809507,0.2594072594072594,0.19402224637941523,0.75,1.0
681491,DoS attacks-Slowloris,20,0.2903225806451613,-0.12862903225806452,-0.07526881720430108,0.3810746215809507,0.2594072594072594,0.240875973386186,0.6666666666666666,1.0
681628,SSH-Bruteforce,3,0.2,-0.49999999999999994,-0.39999999999999997,0.27806370844345524,0.19413919413919414,0.2656826568265683,1.0,0.5
681628,SSH-Bruteforce,5,0.1111111111111111,-0.26666666666666666,-0.1111111111111111,0.27806370844345524,0.19413919413919414,0.2523674635540035,1.0,0.42857142857142855
681628,SSH-Bruteforce,10,0.1111111111111111,-0.3684210526315789,-0.25490196078431376,0.27806370844345524,0.19413919413919414,0.24203758720290527,1.0,0.8181818181818182
681628,SSH-Bruteforce,20,0.25,-0.31524926686217003,-0.24193548387096778,0.27806370844345524,0.19413919413919414,0.26685998696236696,0.875,1.0
681904,SSH-Bruteforce,3,0.2,-0.3,-0.19999999999999998,0.3203505355404089,0.22877122877122877,0.2656826568265683,1.0,0.5
681904,SSH-Bruteforce,5,0.1111111111111111,-0.19999999999999998,-0.05555555555555555,0.3203505355404089,0.22877122877122877,0.2523674635540035,1.0,0.42857142857142855
681904,SSH-Bruteforce,10,0.1111111111111111,-0.2961816305469556,-0.16339869281045755,0.3203505355404089,0.22877122877122877,0.25714763515143474,1.0,0.8181818181818182
681904,SSH-Bruteforce,20,0.21212121212121213,-0.3074866310160428,-0.19696969696969696,0.3203505355404089,0.22877122877122877,0.264404458108767,0.7142857142857143,1.0
683028,Benign,3,0.5,-0.39999999999999997,-0.3333333333333334,0.08494037607961659,0.06027306027306028,0.3653136531365314,1.0,0.5
683028,Benign,5,0.25,-0.023809523809523815,-0.07142857142857142,0.08494037607961659,0.06027306027306028,0.3948475006715343,1.0,0.42857142857142855
683028,Benign,10,0.1111111111111111,-0.2528379772961816,-0.15032679738562094,0.08494037607961659,0.06027306027306028,0.34673011420979455,1.0,0.8181818181818182
683028,Benign,20,0.14285714285714285,-0.3543417366946779,-0.2571428571428571,0.08494037607961659,0.06027306027306028,0.3253339325715309,0.6,1.0
683559,DoS attacks-Hulk,3,0.2,0.09999999999999999,0.0,0.12479925138152986,0.07559107559107558,0.6346863468634687,1.0,0.5
683559,DoS attacks-Hulk,5,0.25,-0.19047619047619052,-0.21428571428571427,0.12479925138152986,0.07559107559107558,0.5731093257795903,0.5,0.42857142857142855
683559,DoS attacks-Hulk,10,0.17647058823529413,-0.32843137254901966,-0.2941176470588235,0.12479925138152986,0.07559107559107558,0.47210163408169487,0.3333333333333333,0.8181818181818182
683559,DoS attacks-Hulk,20,0.21212121212121213,-0.3542780748663102,-0.2878787878787879,0.12479925138152986,0.07559107559107558,0.42178458806649627,0.42857142857142855,1.0
685076,DDoS attacks-LOIC-HTTP,3,0.0,-0.7714285714285715,-0.6,0.2721455759430443,0.1868131868131868,0.0,,0.2
685076,DDoS attacks-LOIC-HTTP,5,0.0,-0.8303030303030302,-0.6888888888888888,0.2721455759430443,0.1868131868131868,0.0,,0.1111111111111111
685076,DDoS attacks-LOIC-HTTP,10,0.17647058823529413,-0.4338235294117647,-0.2647058823529411,0.2721455759430443,0.1868131868131868,0.0850001932443543,1.0,0.8181818181818182
685076,DDoS attacks-LOIC-HTTP,20,0.21212121212121213,-0.28409090909090906,-0.15151515151515152,0.2721455759430443,0.1868131868131868,0.14323556472729113,0.5714285714285714,1.0
685101,DoS attacks-Hulk,3,0.2,-0.3,-0.19999999999999998,0.20193730320312595,0.1441891441891442,0.2656826568265683,1.0,0.5
685101,DoS attacks-Hulk,5,0.25,-0.19047619047619052,-0.14285714285714285,0.20193730320312595,0.1441891441891442,0.32891504480965056,1.0,0.42857142857142855
685101,DoS attacks-Hulk,10,0.17647058823529413,-0.232843137254902,-0.1764705882352941,0.20193730320312595,0.1441891441891442,0.3394033176348149,1.0,0.8181818181818182
685101,DoS attacks-Hulk,20,0.25,-0.3222140762463343,-0.24193548387096778,0.20193730320312595,0.1441891441891442,0.32932582175231645,0.625,1.0
685591,Brute Force -Web,3,0.2,-0.6,-0.39999999999999997,0.34111458162091074,0.28471528471528473,0.09963099630996312,0.0,0.2
685591,Brute Force -Web,5,0.1111111111111111,-0.33333333333333337,-0.2222222222222222,0.34111458162091074,0.28471528471528473,0.1424800371175307,0.0,0.25
685591,Brute Force -Web,10,0.17647058823529413,-0.4093137254901961,-0.2941176470588235,0.34111458162091074,0.28471528471528473,0.16723918899972878,0.0,0.6666666666666666
685591,Brute Force -Web,20,0.2903225806451613,-0.33830645161290324,-0.2688172043010753,0.34111458162091074,0.28471528471528473,0.22462233034500975,0.0,1.0
685888,DDoS attacks-LOIC-HTTP,3,0.2,-0.7,-0.6,0.2754081361676298,0.1794871794871795,0.09963099630996312,1.0,0.5
685888,DDoS attacks-LOIC-HTTP,5,0.1111111111111111,-0.6333333333333333,-0.5555555555555556,0.2754081361676298,0.1794871794871795,0.1424800371175307,1.0,0.25
685888,DDoS attacks-LOIC-HTTP,10,0.05263157894736842,-0.5368421052631579,-0.391812865497076,0.2754081361676298,0.1794871794871795,0.13881990861717564,1.0,0.6666666666666666
685888,DDoS attacks-LOIC-HTTP,20,0.21212121212121213,-0.5447860962566845,-0.39772727272727276,0.2754081361676298,0.1794871794871795,0.16297599533819576,0.42857142857142855,1.0
686965,DoS attacks-Hulk,3,0.2,0.0,-0.19999999999999998,0.14619557657532337,0.1008991008991009,0.6346863468634687,1.0,0.5
686965,DoS attacks-Hulk,5,0.1111111111111111,-0.26666666666666666,-0.2222222222222222,0.14619557657532337,0.1008991008991009,0.4965617445239432,1.0,0.42857142857142855
686965,DoS attacks-Hulk,10,0.1111111111111111,-0.31475748194014447,-0.18954248366013074,0.14619557657532337,0.1008991008991009,0.4106816284301976,0.5,0.8181818181818182
686965,DoS attacks-Hulk,20,0.21212121212121213,-0.2931149732620321,-0.17803030303030304,0.14619557657532337,0.1008991008991009,0.39020339007599636,0.7142857142857143,1.0
687272,DoS attacks-Hulk,3,0.2,0.09999999999999999,0.0,0.19015162053136736,0.11688311688311688,0.6346863468634687,1.0,0.2
687272,DoS attacks-Hulk,5,0.1111111111111111,-0.2333333333333333,-0.2222222222222222,0.19015162053136736,0.11688311688311688,0.4965617445239432,1.0,0.42857142857142855
687272,DoS attacks-Hulk,10,0.1111111111111111,-0.347781217750258,-0.21568627450980396,0.19015162053136736,0.11688311688311688,0.383915257778517,1.0,0.6666666666666666
687272,DoS attacks-Hulk,20,0.17647058823529413,-0.3970970206264324,-0.251336898395722,0.19015162053136736,0.11688311688311688,0.34108374540530345,0.8333333333333334,1.0
687709,DDOS attack-LOIC-UDP,3,0.0,-0.7142857142857143,-0.4666666666666666,0.7889705231477382,0.672993672993673,0.0,,0.2
687709,DDOS attack-LOIC-UDP,5,0.25,-0.523809523809524,-0.3571428571428571,0.7889705231477382,0.672993672993673,0.153095162511294,0.0,0.25
687709,DDOS attack-LOIC-UDP,10,0.1111111111111111,-0.49638802889576883,-0.46405228758169936,0.7889705231477382,0.672993672993673,0.19473146086381926,0.0,0.8181818181818182
687709,DDOS attack-LOIC-UDP,20,0.2903225806451613,-0.4326612903225807,-0.28602150537634413,0.7889705231477382,0.672993672993673,0.19795787740816548,0.0,1.0
688091,DoS attacks-SlowHTTPTest,3,0.2,0.09999999999999999,0.0,0.2901781762541256,0.18015318015318016,0.6346863468634687,1.0,0.2
688091,DoS attacks-SlowHTTPTest,5,0.1111111111111111,-0.18333333333333335,-0.1111111111111111,0.2901781762541256,0.18015318015318016,0.4965617445239432,1.0,0.42857142857142855
688091,DoS attacks-SlowHTTPTest,10,0.17647058823529413,-0.3137254901960785,-0.2205882352941176,0.2901781762541256,0.18015318015318016,0.40151980195708625,1.0,0.8181818181818182
688091,DoS attacks-SlowHTTPTest,20,0.3333333333333333,-0.35839822024471635,-0.2735632183908046,0.2901781762541256,0.18015318015318016,0.3855552881987187,0.4,1.0
688116,DoS attacks-GoldenEye,3,0.5,0.7999999999999999,0.6666666666666669,0.2501675539650223,0.1814851814851815,0.900369003690037,1.0,0.2
688116,DoS attacks-GoldenEye,5,0.25,0.2380952380952381,0.07142857142857142,0.2501675539650223,0.1814851814851815,0.7489292080779467,1.0,0.25
688116,DoS attacks-GoldenEye,10,0.25,-0.15294117647058825,-0.15,0.2501675539650223,0.1814851814851815,0.5812508474148369,1.0,0.8181818181818182
688116,DoS attacks-GoldenEye,20,0.3333333333333333,-0.17152391546162402,-0.12183908045977011,0.2501675539650223,0.1814851814851815,0.5328158867030965,0.8,1.0
688353,DoS attacks-GoldenEye,3,0.5,0.7999999999999999,0.6666666666666669,0.28180680079414255,0.19413919413919414,0.900369003690037,1.0,0.2
688353,DoS attacks-GoldenEye,5,0.42857142857142855,0.3571428571428572,0.23809523809523814,0.28180680079414255,0.19413919413919414,0.7809723816268223,1.0,0.25
688353,DoS attacks-GoldenEye,10,0.25,-0.05294117647058824,-0.08333333333333334,0.28180680079414255,0.19413919413919414,0.6446867860962741,1.0,0.6666666666666666
688353,DoS attacks-GoldenEye,20,0.21212121212121213,-0.11196524064171123,-0.053030303030303025,0.28180680079414255,0.19413919413919414,0.5775418553769981,0.8571428571428571,1.0
688491,DoS attacks-Hulk,3,0.2,0.0,-0.19999999999999998,0.2199699035142073,0.15484515484515488,0.6346863468634687,1.0,0.2
688491,DoS attacks-Hulk,5,0.1111111111111111,-0.2833333333333333,-0.3333333333333333,0.2199699035142073,0.15484515484515488,0.4965617445239432,1.0,0.25
688491,DoS attacks-Hulk,10,0.05263157894736842,-0.47719298245614034,-0.3567251461988304,0.2199699035142073,0.15484515484515488,0.3614441988713819,1.0,0.8181818181818182
688491,DoS attacks-Hulk,20,0.17647058823529413,-0.34606569900687545,-0.22994652406417115,0.2199699035142073,0.15484515484515488,0.3403597828997868,0.6666666666666666,1.0
690668,Bot,3,0.2,-0.19999999999999998,-0.19999999999999998,0.1103579964339458,0.07492507492507493,0.2656826568265683,1.0,0.5
690668,Bot,5,0.1111111111111111,-0.43333333333333335,-0.3888888888888889,0.1103579964339458,0.07492507492507493,0.2523674635540035,1.0,0.42857142857142855
690668,Bot,10,0.17647058823529413,-0.5343137254901961,-0.4264705882352941,0.1103579964339458,0.07492507492507493,0.2363294859751721,0.6666666666666666,0.6666666666666666
690668,Bot,20,0.21212121212121213,-0.38168449197860965,-0.26136363636363635,0.1103579964339458,0.07492507492507493,0.2626547932407625,0.42857142857142855,1.0
690954,DoS attacks-GoldenEye,3,0.5,0.39999999999999997,0.3333333333333334,0.2628890097244528,0.16616716616716617,0.7343173431734318,1.0,0.2
690954,DoS attacks-GoldenEye,5,0.25,0.19047619047619052,0.14285714285714285,0.2628890097244528,0.16616716616716617,0.6390417816414738,1.0,0.25
690954,DoS attacks-GoldenEye,10,0.25,-0.08529411764705883,-0.049999999999999996,0.2628890097244528,0.16616716616716617,0.5360268711740959,1.0,0.8181818181818182
690954,DoS attacks-GoldenEye,20,0.25,-0.09970674486803517,-0.08064516129032259,0.2628890097244528,0.16616716616716617,0.4989136049169642,0.875,1.0
691115,Infilteration,3,0.0,-0.8285714285714287,-0.7333333333333333,0.21642914047977338,0.1481851481851482,0.0,,0.5
691115,Infilteration,5,0.1111111111111111,-0.6,-0.3888888888888889,0.21642914047977338,0.1481851481851482,0.076547581255647,1.0,0.42857142857142855
691115,Infilteration,10,0.25,-0.38235294117647056,-0.2833333333333333,0.21642914047977338,0.1481851481851482,0.1750224403732786,0.5,0.8181818181818182
691115,Infilteration,20,0.25,-0.28958944281524923,-0.2338709677419355,0.21642914047977338,0.1481851481851482,0.23055947184157735,0.5,1.0
691430,Brute Force -Web,3,0.2,-0.09999999999999999,0.0,0.07103023558719761,0.043623043623043624,0.2656826568265683,1.0,0.5
691430,Brute Force -Web,5,0.1111111111111111,-0.25,-0.16666666666666666,0.07103023558719761,0.043623043623043624,0.2523674635540035,1.0,0.42857142857142855
691430,Brute Force -Web,10,0.25,-0.2529411764705882,-0.19999999999999998,0.07103023558719761,0.043623043623043624,0.28556691553398794,0.75,0.6666666666666666
691430,Brute Force -Web,20,0.17647058823529413,-0.2461420932009167,-0.18360071301247774,0.07103023558719761,0.043623043623043624,0.29429336805187933,0.8333333333333334,1.0
691842,DDOS attack-LOIC-UDP,3,0.0,-0.7142857142857143,-0.4666666666666666,0.7818889970788704,0.6663336663336664,0.0,,0.0
691842,DDOS attack-LOIC-UDP,5,0.1111111111111111,-0.65,-0.5,0.7818889970788704,0.6663336663336664,0.076547581255647,0.0,0.25
691842,DDOS attack-LOIC-UDP,10,0.05263157894736842,-0.6385964912280702,-0.52046783625731,0.7818889970788704,0.6663336663336664,0.09736573043190963,0.0,0.8181818181818182
691842,DDOS attack-LOIC-UDP,20,0.2903225806451613,-0.5310483870967743,-0.3290322580645162,0.7818889970788704,0.6663336663336664,0.11249239605149876,0.0,1.0
692199,SSH-Bruteforce,3,0.2,-0.6,-0.39999999999999997,0.3487525133094753,0.23809523809523808,0.09963099630996312,1.0,0.2
692199,SSH-Bruteforce,5,0.25,-0.4285714285714286,-0.2857142857142857,0.3487525133094753,0.23809523809523808,0.1745232106664062,1.0,0.42857142857142855
692199,SSH-Bruteforce,10,0.25,-0.14411764705882352,-0.06666666666666667,0.3487525133094753,0.23809523809523808,0.2633897198082646,1.0,0.8181818181818182
692199,SSH-Bruteforce,20,0.2903225806451613,-0.10645161290322583,-0.13118279569892474,0.3487525133094753,0.23809523809523808,0.3155720553028445,0.6666666666666666,1.0
692563,DoS attacks-SlowHTTPTest,3,0.2,0.09999999999999999,0.0,0.24070865843017739,0.15018315018315018,0.6346863468634687,1.0,0.2
692563,DoS attacks-SlowHTTPTest,5,0.1111111111111111,-0.18333333333333335,-0.16666666666666666,0.24070865843017739,0.15018315018315018,0.4965617445239432,1.0,0.25
692563,DoS attacks-SlowHTTPTest,10,0.1111111111111111,-0.4613003095975232,-0.3725490196078432,0.24070865843017739,0.15018315018315018,0.3673924203468,1.0,0.8181818181818182
692563,DoS attacks-SlowHTTPTest,20,0.2903225806451613,-0.45000000000000007,-0.3720430107526882,0.24070865843017739,0.15018315018315018,0.3551659877901257,0.3333333333333333,1.0
692621,DDOS attack-LOIC-UDP,3,0.0,-0.7142857142857143,-0.4666666666666666,0.7907914869940186,0.6803196803196804,0.0,,0.0
692621,DDOS attack-LOIC-UDP,5,0.25,-0.6666666666666669,-0.4999999999999999,0.7907914869940186,0.6803196803196804,0.10859075480452249,0.0,0.25
692621,DDOS attack-LOIC-UDP,10,0.1111111111111111,-0.44272445820433437,-0.33333333333333337,0.7907914869940186,0.6803196803196804,0.16674989058876474,0.0,0.8181818181818182
692621,DDOS attack-LOIC-UDP,20,0.2903225806451613,-0.4149193548387097,-0.23870967741935484,0.7907914869940186,0.6803196803196804,0.17721047799620498,0.0,1.0
692937,DoS attacks-Slowloris,3,0.0,-0.6,-0.3333333333333333,0.3783431758115302,0.2547452547452548,0.0,,0.2
692937,DoS attacks-Slowloris,5,0.1111111111111111,-0.5,-0.3333333333333333,0.3783431758115302,0.2547452547452548,0.076547581255647,1.0,0.42857142857142855
692937,DoS attacks-Slowloris,10,0.3333333333333333,-0.2321428571428571,-0.1619047619047619,0.3783431758115302,0.2547452547452548,0.19997046785483336,0.6,0.8181818181818182
692937,DoS attacks-Slowloris,20,0.2903225806451613,-0.14112903225806453,-0.07526881720430108,0.3783431758115302,0.2547452547452548,0.2500954781962772,0.5555555555555556,1.0
692939,Infilteration,3,0.0,-0.7714285714285715,-0.6,0.3341089290456379,0.22477522477522477,0.0,,0.5
692939,Infilteration,5,0.0,-0.8181818181818182,-0.6444444444444444,0.3341089290456379,0.22477522477522477,0.0,,0.42857142857142855
692939,Infilteration,10,0.25,-0.488235294117647,-0.3666666666666667,0.3341089290456379,0.22477522477522477,0.12344041425480663,0.75,0.8181818181818182
692939,Infilteration,20,0.3333333333333333,-0.047830923248053395,-0.006896551724137931,0.3341089290456379,0.22477522477522477,0.20840301773246486,0.5,1.0
693701,SSH-Bruteforce,3,0.2,-0.49999999999999994,-0.39999999999999997,0.3050999633278114,0.21145521145521146,0.2656826568265683,1.0,0.5
693701,SSH-Bruteforce,5,0.1111111111111111,-0.2833333333333333,-0.16666666666666666,0.3050999633278114,0.21145521145521146,0.2523674635540035,1.0,0.6666666666666666
693701,SSH-Bruteforce,10,0.1111111111111111,-0.3457172342621259,-0.21568627450980396,0.3050999633278114,0.21145521145521146,0.24203758720290527,1.0,0.6666666666666666
693701,SSH-Bruteforce,20,0.2903225806451613,-0.3455645161290323,-0.23440860215053763,0.3050999633278114,0.21145521145521146,0.252324004833805,0.7777777777777778,1.0
693916,DoS attacks-SlowHTTPTest,3,0.2,0.19999999999999998,0.19999999999999998,0.2809721923645974,0.19480519480519481,0.6346863468634687,1.0,0.2
693916,DoS attacks-SlowHTTPTest,5,0.1111111111111111,-0.13333333333333333,-0.05555555555555555,0.2809721923645974,0.19480519480519481,0.4965617445239432,1.0,0.25
693916,DoS attacks-SlowHTTPTest,10,0.05263157894736842,-0.3175438596491228,-0.07602339181286549,0.2809721923645974,0.19480519480519481,0.3614441988713819,1.0,0.8181818181818182
693916,DoS attacks-SlowHTTPTest,20,0.2903225806451613,-0.26370967741935486,-0.12688172043010754,0.2809721923645974,0.19480519480519481,0.36116925392079,0.3333333333333333,1.0
695058,Brute Force -XSS,3,0.0,-0.6,-0.3333333333333333,0.22254960229643772,0.15218115218115216,0.0,,0.0
695058,Brute Force -XSS,5,0.0,-0.7212121212121211,-0.4666666666666666,0.22254960229643772,0.15218115218115216,0.0,,0.1111111111111111
695058,Brute Force -XSS,10,0.05263157894736842,-0.7070175438596492,-0.47368421052631576,0.22254960229643772,0.15218115218115216,0.005948221475418107,0.0,0.8181818181818182
695058,Brute Force -XSS,20,0.21212121212121213,-0.44618983957219255,-0.29545454545454547,0.22254960229643772,0.15218115218115216,0.08673114881548256,0.7142857142857143,1.0
695638,SSH-Bruteforce,3,0.2,-0.3,-0.19999999999999998,0.31582341708923983,0.21678321678321677,0.2656826568265683,1.0,0.5
695638,SSH-Bruteforce,5,0.1111111111111111,-0.25,-0.16666666666666666,0.31582341708923983,0.21678321678321677,0.2523674635540035,1.0,0.42857142857142855
695638,SSH-Bruteforce,10,0.1111111111111111,-0.35810113519091846,-0.24183006535947715,0.31582341708923983,0.21678321678321677,0.24203758720290527,1.0,1.0
695638,SSH-Bruteforce,20,0.25,-0.3310117302052786,-0.2338709677419355,0.31582341708923983,0.21678321678321677,0.2585167532255609,0.75,1.0
695843,Brute Force -XSS,3,0.0,-0.942857142857143,-0.8666666666666666,0.2673908370110901,0.1914751914751915,0.0,,0.0
695843,Brute Force -XSS,5,0.0,-0.7696969696969697,-0.6,0.2673908370110901,0.1914751914751915,0.0,,0.25
695843,Brute Force -XSS,10,0.1111111111111111,-0.5768833849329206,-0.33333333333333337,0.2673908370110901,0.1914751914751915,0.040075603085704466,0.5,0.8181818181818182
695843,Brute Force -XSS,20,0.25,-0.3291788856304985,-0.21370967741935484,0.2673908370110901,0.1914751914751915,0.1269718582919229,0.625,1.0
696696,DDoS attacks-LOIC-HTTP,3,0.0,-0.7714285714285715,-0.6,0.3739425131830195,0.24875124875124874,0.0,,0.2
696696,DDoS attacks-LOIC-HTTP,5,0.1111111111111111,-0.7666666666666667,-0.611111111111111,0.3739425131830195,0.24875124875124874,0.03204317354887549,1.0,0.25
696696,DDoS attacks-LOIC-HTTP,10,0.17647058823529413,-0.3970588235294118,-0.2794117647058823,0.3739425131830195,0.24875124875124874,0.14109264862280596,1.0,0.8181818181818182
696696,DDoS attacks-LOIC-HTTP,20,0.2903225806451613,-0.26411290322580644,-0.16129032258064518,0.3739425131830195,0.24875124875124874,0.19282256328901906,0.4444444444444444,1.0
697064,DDOS attack-HOIC,3,0.2,-0.3,-0.19999999999999998,0.1181729662742321,0.07692307692307691,0.2656826568265683,1.0,0.2
697064,DDOS attack-HOIC,5,0.1111111111111111,-0.33333333333333337,-0.2777777777777778,0.1181729662742321,0.07692307692307691,0.2523674635540035,1.0,0.42857142857142855
697064,DDOS attack-HOIC,10,0.1111111111111111,-0.4716202270381837,-0.35947712418300654,0.1181729662742321,0.07692307692307691,0.23038126449975396,1.0,0.8181818181818182
697064,DDOS attack-HOIC,20,0.17647058823529413,-0.5789152024446141,-0.447415329768271,0.1181729662742321,0.07692307692307691,0.21742445342371097,0.3333333333333333,1.0
697275,SSH-Bruteforce,3,0.2,-0.7999999999999999,-0.6,0.26986937113519394,0.1848151848151848,0.09963099630996312,1.0,0.2
697275,SSH-Bruteforce,5,0.25,-0.261904761904762,-0.14285714285714285,0.26986937113519394,0.1848151848151848,0.2190276183731777,1.0,0.25
697275,SSH-Bruteforce,10,0.25,-0.15882352941176472,-0.09999999999999999,0.26986937113519394,0.1848151848151848,0.2987147733863045,1.0,0.6666666666666666
697275,SSH-Bruteforce,20,0.2903225806451613,-0.1403225806451613,-0.12688172043010754,0.26986937113519394,0.1848151848151848,0.3340231548407813,0.5555555555555556,1.0
697769,Brute Force -Web,3,0.2,-0.6,-0.39999999999999997,0.3418986077213925,0.2827172827172827,0.09963099630996312,0.0,0.2
697769,Brute Force -Web,5,0.1111111111111111,-0.33333333333333337,-0.2222222222222222,0.3418986077213925,0.2827172827172827,0.1424800371175307,0.0,0.25
697769,Brute Force -Web,10,0.17647058823529413,-0.4093137254901961,-0.2941176470588235,0.3418986077213925,0.2827172827172827,0.16723918899972878,0.0,0.6666666666666666
697769,Brute Force -Web,20,0.2903225806451613,-0.3459677419354839,-0.2817204301075269,0.3418986077213925,0.2827172827172827,0.22462233034500975,0.0,1.0
698426,DDoS attacks-LOIC-HTTP,3,0.2,-0.6,-0.39999999999999997,0.47566357692939965,0.3286713286713287,0.09963099630996312,1.0,0.2
698426,DDoS attacks-LOIC-HTTP,5,0.1111111111111111,-0.39999999999999997,-0.2222222222222222,0.47566357692939965,0.3286713286713287,0.1424800371175307,1.0,0.25
698426,DDoS attacks-LOIC-HTTP,10,0.25,-0.4647058823529412,-0.31666666666666665,0.47566357692939965,0.3286713286713287,0.1897102479068639,0.75,0.8181818181818182
698426,DDoS attacks-LOIC-HTTP,20,0.2903225806451613,-0.18387096774193548,-0.10107526881720431,0.47566357692939965,0.3286713286713287,0.2546648609610288,0.7777777777777778,1.0
698783,DoS attacks-GoldenEye,3,0.2,0.19999999999999998,0.19999999999999998,0.22550866854664323,0.15817515817515818,0.6346863468634687,1.0,0.2
698783,DoS attacks-GoldenEye,5,0.1111111111111111,-0.2333333333333333,-0.2222222222222222,0.22550866854664323,0.15817515817515818,0.4965617445239432,1.0,0.6666666666666666
698783,DoS attacks-GoldenEye,10,0.25,-0.3852941176470588,-0.31666666666666665,0.22550866854664323,0.15817515817515818,0.4196780214640555,0.5,0.8181818181818182
698783,DoS attacks-GoldenEye,20,0.25,-0.2162756598240469,-0.1370967741935484,0.22550866854664323,0.15817515817515818,0.4062062550420167,0.5,1.0
